,pert_iname,pubchem_cid_list,canonical_smiles_list,clinical_phase,moa,target,disease_area,indication
0,(+)-3-(1-propyl-piperidin-3-yl)-phenol,['55445'],['CCCN1CCCC(C1)c1cccc(O)c1'],,,,,
1,"(+/-)-7-hydroxy-2-(N,N-di-n-propylamino)tetralin",['1219'],['CCCN(CCC)C1CCc2ccc(O)cc2C1'],,,,,
2,"1,2,3,4,5,6-hexabromocyclohexane",['74603'],['BrC1C(Br)C(Br)C(Br)C(Br)C1Br'],Preclinical,JAK inhibitor,JAK2,,
3,"1,2,3,4-tetrahydroisoquinoline",['7046'],['C1Cc2ccccc2CN1'],,,,,
4,"1,2-dichlorobenzene",['7239'],['Clc1cccc(C=NC=Nc2cccc(Cl)c2)c1'],,,,,
5,"1,2-propylene-glycol",['1030'],['CC(O)CO'],,,,,
6,1-benzylimidazole,['77918'],['C(c1ccccc1)n2ccnc2'],,,,,
7,1-methylisoquinoline,['15592'],['Cc1nccc2ccccc12'],,,,,
8,1-monopalmitin,['14900'],['CCCCCCCCCCCCCCCC(=O)OCC(O)CO'],,,,,
9,1-phenylbiguanide,['4780'],['NC(=N)NC(=N)Nc1ccccc1'],Preclinical,serotonin receptor agonist,HTR3A|HTR3B,,
10,10-DEBC,['10521421'],['CCN(CC)CCCCN1c2ccccc2Oc2ccc(Cl)cc12'],Preclinical,AKT inhibitor,PIM1,,
11,10-hydroxycamptothecin,['97226'],['CC[C@@]1(O)C(=O)OCc2c1cc1-c3nc4ccc(O)cc4cc3Cn1c2=O'],Preclinical,topoisomerase inhibitor,TOP1,,
12,10H-phenothiazin-10-yl)(p-tolyl)methanone,['3473393'],['Cc1ccc(cc1)C(=O)N2c3ccccc3Sc4ccccc24'],,,,,
13,15-delta-prostaglandin-j2,"['12068863', '5311211', '6375741']","['CCCCC/C=C/C=C/1\\[C@@H](C/C=C\\CCCC(=O)O)C=CC1=O', 'CCCCC\\C=C\\C=C1/C(C\\C=C\\CCCC(O)=O)C=CC1=O', 'CCCCC\\C=C\\C=C1/[C@@H](C\\C=C\\CCCC(O)=O)C=CC1=O']",,,,,
14,"16,16-dimethylprostaglandin-e2",['5283066'],['CCCCC(C)(C)[C@H](O)\\C=C\\[C@H]1[C@H](O)CC(=O)[C@@H]1C\\C=C/CCCC(O)=O'],Phase 2,prostanoid receptor agonist,HPGD,,
15,17-beta-estradiol,['13791'],['CCCCC(=O)O[C@H]1CC[C@H]2[C@@H]3CCc4cc(O)ccc4[C@H]3CC[C@]12C'],,,,,
16,17-hydroxyprogesterone-caproate,['5702072'],['CCCCCC(=O)O[C@@]1(CCC2C3CCC4=CC(=O)CC[C@]4(C)C3CC[C@]12C)C(C)=O'],Launched,progesterone receptor agonist,AR|ESR1|ESR2|NR1H4|NR1I2|NR3C1|PGR,obstetrics/gynecology,spontaneous preterm birth
17,"2',5'-dideoxyadenosine",['3044'],['CC1OC(CC1O)n1cnc2c(N)ncnc12'],,,,,
18,2-(4-methoxybenzylthio)-6-methylpyrimidin-4-ol,['716696'],['COc1ccc(CSc2nc(C)cc(O)n2)cc1'],,,,,
19,2-(biphenyl-4-ylsulfonamido)pentanedioic-acid,['644601'],['OC(=O)CCC(NS(=O)(=O)c1ccc(cc1)c2ccccc2)C(=O)O'],,,,,
20,2-aminobenzenesulfonamide,['72894'],['Nc1ccccc1S(N)(=O)=O'],Preclinical,carbonic anhydrase inhibitor,CA12|CA14|CA2|CA6|CA9,,
21,2-aminopurine,['160416'],['Nc1ncc2nc[nH]c2n1'],,,,,
22,2-aminotetralin,['34677'],['NC1CCc2ccccc2C1'],,,,,
23,2-fluoropalmitic-acid,['1560'],['CCCCCCCCCCCCCCC(F)C(=O)O'],,,,,
24,"3,3'-diindolylmethane",['3071'],['C(c1c[nH]c2ccccc12)c1c[nH]c2ccccc12'],Phase 3,"CHK inhibitor|cytochrome P450 activator|indoleamine 2,3-dioxygenase inhibitor",AR|HIF1A|IFNG|PI3,,
25,"3,6-dimethoxyflavone",['676292'],['COc1ccc2oc(-c3ccccc3)c(OC)c(=O)c2c1'],,,,,
26,3-amino-benzamide,['1645'],['NC(=O)c1cccc(N)c1'],Phase 2,PARP inhibitor,PARP1,,
27,3-matida,['10398360'],['Cc1cc(sc1C(N)C(=O)O)C(=O)O'],,,,,
28,3-methyl-GABA,['3539719'],['CC(CN)CC(O)=O'],Preclinical,GABA aminotransferase activator,ABAT,,
29,"4,5,6,7-tetrabromobenzotriazole",['1694'],['Brc1c(Br)c(Br)c2[nH]nnc2c1Br'],Preclinical,casein kinase inhibitor,AKT1|CHEK1|CSNK2A1|GSK3B|LCK|MAP2K1|MAPK1|MAPK11|MAPK12|MAPK14|MAPK8|PRKCA|ROCK1|RPS6KB1|SGK1,,
30,4-(2-amino-ethyl)-benzenesulfonamide,['169682'],['NCCc1ccc(cc1)S(=O)(=O)N'],,,,,
31,4-carboxy-3-hydroxyphenylglycine-(RS),['1297'],['NC(C(O)=O)c1ccc(C(O)=O)c(O)c1'],Preclinical,glutamate receptor agonist|glutamate receptor antagonist,GRM1,,
32,4-hydroxy-2-nonenal,['5283344'],['CCCCCC(O)/C=C/C=O'],,,,,
33,4-hydroxyretinoic-acid,['6438629'],['CC(/C=C/C1=C(C)C(O)CCC1(C)C)=C\\C=C\\C(C)=C\\C(O)=O'],,,,,
34,4-iodo-6-phenylpyrimidine,['817368'],['Ic1cc(ncn1)-c1ccccc1'],Preclinical,macrophage migration inhibiting factor inhibitor,MIF,,
35,5'-guanidinonaltrindole,['9826034'],['NC(=N)Nc1ccc2[nH]c3C4Oc5c6c(CC7N(CC8CC8)CCC46C7(O)Cc3c2c1)ccc5O'],,,,,
36,5-FP,['101498'],['Oc1ncc(F)cn1'],Phase 1,thymidylate synthase inhibitor,TYMS,,
37,5-aminolevulinic-acid,['137'],['NCC(=O)CCC(O)=O'],Launched,oxidizing agent,ALAD,oncology|dermatology,glioma|actinic keratosis (AK)
38,5-hydroxytryptophan,['589768'],['NC(Cc1c[nH]c2cccc(O)c12)C(O)=O'],Launched,neurotransmitter,SLC36A1|SLC36A2,neurology/psychiatry,insomnia
39,5-iodotubercidin,['1830'],['Nc1ncnc2n(cc(I)c12)C3OC(CO)C(O)C3O'],,,,,
40,5-methoxy-alpha-methyltryptamine,['36906'],['COc1ccc2[nH]cc(CC(C)N)c2c1'],,,,,
41,5-methoxytryptamine,['1833'],['COc1ccc2[nH]cc(CCN)c2c1'],,,,,
42,5-methylhydantoin,['69216'],['CC1NC(=O)NC1=O'],,,,,
43,5-nonyloxytryptamine,['1797'],['CCCCCCCCCOc1ccc2[nH]cc(CCN)c2c1'],,,,,
44,6-aminochrysene,['17534'],['Nc1cc2c3ccccc3ccc2c4ccccc14'],Phase 2,transferase inhibitor,,,
45,6-benzylaminopurine,['62389'],['N(Cc1ccccc1)c1ncnc2nc[nH]c12'],Preclinical,purinergic receptor activator,,,
46,6-hydroxytropinone,['16211224'],['CN1C2C[C@@H](O)C1CC(=O)C2'],,,,,
47,6-nitrodopamine,['10932412'],['NCCc1cc(O)c(O)cc1[N+]([O-])=O'],,,,,
48,6-nitronorepinephrine,['44287635'],['NCC(O)c1cc(O)c(O)cc1[N+]([O-])=O'],,,,,
49,"7,4'-dihydroxyflavone",['5282073'],['Oc1ccc(cc1)-c1cc(=O)c2ccc(O)cc2o1'],,,,,
50,"7,8-dihydro-L-biopterin",['71684472'],['CC(O)[C@H](O)C1=Nc2c(NC1)nc(N)[nH]c2=O'],,,,,
51,7-hydroxy-PIPAT,['6305587'],['CCCN(C\\C=C\\I)C1CCc2ccc(O)cc2C1'],Preclinical,dopamine receptor ligand,DRD3,,
52,7-nitroindazole,['1893'],['[O-][N+](=O)c1cccc2cn[nH]c12'],Preclinical,nitric oxide synthase inhibitor,NOS1|NOS2|NOS3,,
53,7b-cis,['44589607'],['CCOC(=O)\\C=C/n1nnc(n1)-c1cccc(Cl)c1'],,,,,
54,"9-methyl-5H-6-thia-4,5-diaza-chrysene-6,6-dioxide",['16759925'],['Cc1ccc2c(c1)-c1ccc3cccnc3c1NS2(=O)=O'],,,,,
55,A-23187,['11957499'],['C[C@@H]1CC[C@]2([C@@H](C[C@H]([C@H](O2)[C@H](C)C(=O)C3=CC=CN3)C)C)O[C@@H]1CC4=NC5=C(O4)C=CC(=C5C(=O)O)NC'],,,,,
56,A-443644,['10172943'],['Cc1n[nH]c2ccc(cc12)-c1cncc(OC[C@@H](N)Cc2c[nH]c3ccccc23)c1'],,,,,
57,ABC-294640,['15604015'],['Clc1ccc(cc1)C12CC3CC(CC(C3)(C1)C(=O)NCc1ccncc1)C2'],Phase 2,sphingosine kinase inhibitor,SPHK2,,
58,ABT-737,['11228183'],['CN(C)CC[C@H](CSc1ccccc1)Nc1ccc(cc1[N+]([O-])=O)S(=O)(=O)NC(=O)c1ccc(cc1)N1CCN(Cc2ccccc2-c2ccc(Cl)cc2)CC1'],Phase 1/Phase 2,BCL inhibitor,BCL2|BCL2L1|BCL2L2,,
59,ABT-751,['3035714'],['COc1ccc(cc1)S(=O)(=O)Nc1cccnc1Nc1ccc(O)cc1'],Phase 2,tubulin polymerization inhibitor,TUBB,,
60,AC-55649,['1714884'],['CCCCCCCCc1ccc(cc1)-c1ccc(cc1)C(O)=O'],Preclinical,retinoid receptor agonist,RARA|RARB,,
61,ACDPP,['16759169'],['CN(C)c1nc(N)c(nc1Cl)C(=O)Nc1cccnc1'],Preclinical,glutamate receptor antagonist,GRM5,,
62,AF-DX-116,['107867'],['CCN(CC)CC1CCCCN1CC(=O)N1c2ccccc2C(=O)Nc2cccnc12'],,,,,
63,AG-14361,['9840076'],['CN(C)Cc1ccc(cc1)-c1nc2cccc3C(=O)NCCn1c23'],Preclinical,PARP inhibitor,PARP1,,
64,AG-370,['5328748'],['NC(=C(C#N)C#N)/C(=C/c1ccc2[nH]ccc2c1)/C#N'],,,,,
65,AG-490,['5328779'],['C1=CC=C(C=C1)CNC(=O)/C(=C/C2=CC(=C(C=C2)O)O)/C#N'],Preclinical,EGFR inhibitor|JAK inhibitor,EGFR|JAK2|JAK3,,
66,AG-494,['5328771'],['Oc1ccc(C=C(C#N)C(=O)Nc2ccccc2)cc1O'],,,,,
67,AG-592,['5467485'],['Oc1ccc(/C=C(\\C#N)/C(=O)NC2CCC(CC3CCC(CC3)NC(=O)\\C(=C\\c4ccc(O)c(O)c4)\\C#N)CC2)cc1O'],,,,,
68,AG-957,['2064'],['COC(=O)c1ccc(NCc2cc(O)ccc2O)cc1'],,,,,
69,AG-99,['5328768'],['NC(=O)C(=Cc1ccc(O)c(O)c1)C#N'],,,,,
70,AGK-2,['2130404'],['Clc1ccc(Cl)c(c1)c2ccc(/C=C(\\C#N)/C(=O)Nc3cccc4ncccc34)o2'],,,,,
71,AICA-ribonucleotide,['200'],['NC(=O)c1ncn(C2OC(COP(O)(O)=O)C(O)C2O)c1N'],,,,,
72,AKT-inhibitor-1-2,['10196499'],['O=c1[nH]c2ccccc2n1C3CCN(Cc4ccc(cc4)c5nc6cc7[nH]cnc7cc6nc5c8ccccc8)CC3'],,,,,
73,AKT-inhibitor-IV,['5719375'],['CC[n+]1c(/C=C/N(C)c2ccccc2)n(c3ccccc3)c4ccc(cc14)c5nc6ccccc6s5'],,,,,
74,ALW-II-38-3,['24880028'],['Cc1cn(cn1)-c1cc(cc(c1)C(F)(F)F)C(=O)Nc1ccc(C)c(NC(=O)c2ccno2)c1'],,,,,
75,ALW-II-49-7,['24875320'],['Cc1ccc(cc1Nc1cncc(c1)C(N)=O)C(=O)Nc1cccc(c1)C(F)(F)F'],,,,,
76,ALX-5407,"['16078946', '6604909']",['CN(CC[C@@H](Oc1ccc(cc1)-c1ccccc1)c1ccc(F)cc1)CC(O)=O'],Phase 1,glycine transporter inhibitor,SLC6A9,,
77,AM-251,['2125'],['Cc1c(nn(c1-c1ccc(I)cc1)-c1ccc(Cl)cc1Cl)C(=O)NN1CCCCC1'],Preclinical,cannabinoid receptor antagonist,CNR1|GPR18|GPR55,,
78,AM-281,['4302962'],['Cc1c(nn(c1-c1ccc(I)cc1)-c1ccc(Cl)cc1Cl)C(=O)NN1CCOCC1'],Preclinical,cannabinoid receptor antagonist,CNR1|CNR2|GPR55,,
79,AM-404,['6604822'],['CCCCC/C=C\\C/C=C\\C/C=C\\C/C=C\\CCCC(=O)NC1=CC=C(C=C1)O'],Preclinical,cyclooxygenase inhibitor|FAAH inhibitor|TRPV antagonist,CNR1|CNR2|FAAH|TRPV1,,
80,AM-580,['2126'],['CC1(C)CCC(C)(C)c2cc(ccc12)C(=O)Nc1ccc(cc1)C(O)=O'],Preclinical,retinoid receptor agonist,RARA,,
81,AM-630,['4302963'],['COc1ccc(cc1)C(=O)c1c(C)n(CCN2CCOCC2)c2cc(I)ccc12'],Preclinical,cannabinoid receptor antagonist,CNR1|CNR2,,
82,AM-92016,['133104'],['CN(CCc1ccc(Cl)c(Cl)c1)CC(O)COc1ccc(NS(C)(=O)=O)cc1'],Preclinical,potassium channel blocker,GRIN1,,
83,AMG-9810,['680502'],['CC(C)(C)c1ccc(C=CC(=O)Nc2ccc3OCCOc3c2)cc1'],Preclinical,TRPV antagonist,TRPV1,,
84,AMN-082,['1894361'],['C(CNC(c1ccccc1)c1ccccc1)NC(c1ccccc1)c1ccccc1'],Preclinical,glutamate receptor modulator,GRM7,,
85,APEC,['73707600'],['CCNC(=O)C1OC([C@@H](O)[C@H]1O)n1cnc2c(N)nc(NCCc3ccc(CCC(=O)NCCN)cc3)nc12'],,,,,
86,APHA-compound-8,['10379137'],['Cn1cc(cc1\\C=C\\C(=O)NO)C(=O)Cc1ccccc1'],,,,,
87,APO-866,['9543513'],['O=C(CCc1cccnc1)NCCCCC1CCN(CC1)C(=O)c1ccccc1'],,,,,
88,AQ-RA741,['129989'],['CCN(CC)CCCCC1CCN(CC(=O)N2c3ccccc3C(=O)Nc3cccnc23)CC1'],Preclinical,acetylcholine receptor antagonist,CHRM2,,
89,AR-A014418,['448014'],['COc1ccc(CNC(=O)Nc2ncc(s2)[N+]([O-])=O)cc1'],Preclinical,glycogen synthase kinase inhibitor,GSK3B,,
90,AR-C133057XX,['9797857'],['COc1ccnc(NC2CCN(CC2)C(=O)c2ccc(cc2)C#N)c1'],,,,,
91,ARC-239,['609483'],['COc1ccccc1N1CCN(CCN2C(=O)c3ccccc3C(C)(C)C2=O)CC1'],Preclinical,adrenergic receptor antagonist,ADRA2A|ADRA2B|ADRA2C,,
92,ARG-A1-2,['2785467'],['[O-][N+](=O)c1c(Cl)c2ccccc2[nH]c1=O'],,,,,
93,ARG-A1-22,['800654'],['[O-][N+](=O)c1c(Cl)c2ccccc2n(Cc2ccccc2)c1=O'],,,,,
94,ARG-CSC-18,['47099517'],['COc1ccc(\\C=C\\C(=O)NC2=NCCS2)c(OC)c1'],,,,,
95,ARG-CSC-22,['896331'],['Clc1ccc(/C=C/C(=O)NC2=NCCS2)cc1Cl'],,,,,
96,ARG-CSC-26,['49843106'],['O=C(NC1=NCCS1)\\C=C\\c1ccc(cc1)-c1ccccc1'],,,,,
97,ARG-CSC-81,['897475'],['Cc1ccc(/C=C/C(=O)NC2=NCCS2)cc1'],,,,,
98,ARG-CSC-91,['50910523'],['CCc1ccc(cc1)\\C=C\\C(=O)NC1=NCCS1'],,,,,
99,ARG-CSC2-23,['51003702'],['Cc1csc(NC(=O)c2ccc(COc3ccc(Cl)c(Cl)c3)o2)n1'],,,,,
100,ARG-CSC2-40,['50904129'],['Cc1csc(NC(=O)c2ccc(COc3ccccc3F)o2)n1'],,,,,
101,ARG-TC-41,['44629410'],['COc1ccc(cc1OC)C(=O)C2CCCN(CCc3ccccc3)C2'],,,,,
102,ARP-101,['11292680'],['CC(C)ON([C@H](C(C)C)C(=O)NO)S(=O)(=O)c1ccc(cc1)c2ccccc2'],,,,,
103,AS-601245,['10109823'],['N#CC(c1nc2ccccc2s1)c1ccnc(NCCc2cccnc2)n1'],,,,,
104,AS-604850,['5287855'],['FC1(F)Oc2ccc(cc2O1)\\C=C1/SC(=O)NC1=O'],Preclinical,PI3K inhibitor,PIK3CA|PIK3CG,,
105,AS-605240,['10377751'],['C1=CC2=NC=CN=C2C=C1/C=C/3\\C(=O)NC(=O)S3'],,,,,
106,AS-703026,['44187362'],['OC[C@@H](O)CNC(=O)c1ccncc1Nc1ccc(I)cc1F'],Phase 2,MEK inhibitor,MAP2K1|MAP2K2,,
107,ASN-05257430,['650361'],['COc1ccc(cc1)S(=O)(=O)N2CCN(CC2)S(=O)(=O)c3ccc4OCCOc4c3'],,,,,
108,AT-7519,['11338033'],['Clc1cccc(Cl)c1C(=O)Nc1c[nH]nc1C(=O)NC1CCNCC1'],Phase 2,CDK inhibitor,CDK1|CDK2|CDK4|CDK5|CDK6|CDK9,,
109,AT-9283,['11696609'],['O=C(NC1CC1)Nc1c[nH]nc1-c1nc2cc(CN3CCOCC3)ccc2[nH]1'],Phase 2,Aurora kinase inhibitor|JAK inhibitor,AURKA|AURKB|JAK2|JAK3|RPS6KA6|STK17A,,
110,AT-CSC-07,['6538121'],['Cc1cc(Cl)ccc1OCC(=O)NN=Cc1ccc[nH]1'],,,,,
111,AT-CSC-18,['49843203'],['Clc1cc(Cl)c(OCC(=O)NN=Cc2ccc[nH]2)c(Cl)c1'],,,,,
112,AT-SUMO-1,['24747642'],['Brc1ccc(cc1)C(=O)C(CN2CCOCC2)c3ccccc3'],,,,,
113,AT1-SHH-09,['70680404'],['CC(=O)N[C@@H]1C\\C=C\\CCC(=O)N[C@@H](COC1=O)c1ccccc1'],,,,,
114,AT1-SHH-29,['70680411'],['CN1C[C@H](NC(=O)CC\\C=C\\C[C@@H](CC(=O)NCc2ccc(Cl)cc2)C1=O)c1ccccc1'],,,,,
115,AT7867,['11175137'],['Clc1ccc(cc1)C1(CCNCC1)c1ccc(cc1)-c1cn[nH]c1'],Preclinical,AKT inhibitor,AKT2|GSK3B|PKIA|PRKACA,,
116,ATPA,['2253'],['CC(C)(C)c1onc(O)c1CC(N)C(O)=O'],Preclinical,glutamate receptor agonist,GRIK1,,
117,AVA,['11719255'],['CC1(C)Oc2ccc3C4=C[C@@]56NC(=O)[C@]7(CCCN7C5=O)C[C@H]6C(C)(C)C4=[N+]([O-])c3c2C=C1'],,,,,
118,AY-9944,['9704'],['Clc1ccccc1CNCC2CCC(CNCc3ccccc3Cl)CC2'],Preclinical,hedgehog pathway modulator,,,
119,AZ-10417808,['135665263'],['[O-][N+](=O)c1cc(C(=O)NCC=C)c2nc(Nc3ccc(Cl)c(Cl)c3)[nH]c(=O)c2c1'],Preclinical,caspase inhibitor,CASP3,,
120,AZ-628,['11676786'],['Cc1ccc(NC(=O)c2cccc(c2)C(C)(C)C#N)cc1Nc1ccc2ncn(C)c(=O)c2c1'],Preclinical,RAF inhibitor,BRAF|RAF1,,
121,AZD-1480,['46861588'],['CC(Nc1ncc(Cl)c(Nc2cc(C)[nH]n2)n1)c1ncc(F)cn1'],,,,,
122,AZD-5438,['16747683'],['CC(C)n1c(C)ncc1-c1ccnc(Nc2ccc(cc2)S(C)(=O)=O)n1'],,,,,
123,AZD-6482,['44137675'],['C[C@@H](Nc1ccccc1C(O)=O)c1cc(C)cn2c1nc(cc2=O)N1CCOCC1'],,,,,
124,AZD-7545,['16741245'],['CN(C)C(=O)c1ccc(cc1)S(=O)(=O)c1ccc(NC(=O)[C@@](C)(O)C(F)(F)F)c(Cl)c1'],,,,,
125,AZD-7762,['67077825'],['NC(=O)Nc1cc(sc1C(=O)N[C@@H]1CCCNC1)-c1cccc(F)c1'],,,,,
126,AZD-8055,['25262965'],['COc1ccc(cc1CO)-c1ccc2c(nc(nc2n1)N1CCOC[C@@H]1C)N1CCOC[C@@H]1C'],,,,,
127,AZD-8330,['16666708'],['Cc1cc(C(=O)NOCCO)c(Nc2ccc(I)cc2F)n(C)c1=O'],,,,,
128,Ac-Leu-Leu-Nle-CHO,['443118'],['CCCC[C@H](NC(=O)[C@H](CC(C)C)NC(=O)[C@H](CC(C)C)NC(=O)C)C=O'],,,,,
129,Ala-Ala-Phe-CMK,['6610326'],['C[C@H](N)C(=O)N[C@@H](C)C(=O)N[C@@H](Cc1ccccc1)C(=O)CCl'],,,,,
130,BADGE,['2286'],['CC(C)(c1ccc(OCC2CO2)cc1)c3ccc(OCC4CO4)cc3'],Preclinical,PPAR receptor antagonist,PPARG,,
131,BAPTA-AM,['2293'],['CC(=O)OCOC(=O)CN(CC(=O)OCOC(=O)C)c1ccccc1OCCOc2ccccc2N(CC(=O)OCOC(=O)C)CC(=O)OCOC(=O)C'],,,,,
132,BAS-00535043,['9592990'],['O=C(Oc1cccc(\\C=N\\Nc2nc(Nc3ccccc3)nc(n2)N2CCOCC2)c1)c1ccco1'],,,,,
133,BAS-00594560,['5408200'],['CN(C(C)=O)c1ccc(cc1)\\N=C\\c1c(O)ccc2ccccc12'],,,,,
134,BAS-02859604,['1140587'],['Cc1cccc(NC(=O)/C(=C/c2cn(CC(=O)NCc3ccco3)c4ccccc24)/C#N)c1'],,,,,
135,BAS-09104376,['6070589'],['Cc1ccc(/C=C(\\C#N)/c2nc3ccc(C)cc3[nH]2)o1'],,,,,
136,BAX-channel-blocker,['2729027'],['OC(CN1CCNCC1)Cn1c2ccc(Br)cc2c2cc(Br)ccc12'],Preclinical,cytochrome C release inhibitor,BAX,,
137,BAY-11-7082,['5353431'],['Cc1ccc(cc1)S(=O)(=O)\\C=C\\C#N'],Preclinical,NFkB pathway inhibitor,RELA,,
138,BAY-36-7620,['9903757'],['C=C1C[C@@H]2COC(=O)[C@]2(Cc3ccc4ccccc4c3)C1'],,,,,
139,BAY-59-3074,['10479060'],['FC(F)(F)CCCS(=O)(=O)Oc1cccc(Oc2cccc(c2C#N)C(F)(F)F)c1'],,,,,
140,BAY-K-8644-(S)-(-),['6603728'],['COC(=O)C1=C(C)NC(C)=C([C@H]1c1ccccc1C(F)(F)F)[N+]([O-])=O'],,,,,
141,BAY-K8644,['2303'],['COC(=O)C1=C(C)NC(C)=C(C1c1ccccc1C(F)(F)F)[N+]([O-])=O'],,,,,
142,BCI-hydrochloride,['5475586'],['O=C1c2ccccc2C(NC2CCCCC2)\\C1=C\\c1ccccc1'],,,,,
143,BCL2-inhibitor,['11822705'],['COc1ccc([N+][O-])c(CCc2cc(OC)ccc2[N+][O-])c1'],,,,,
144,BD-1008,['126388'],['CN(CCN1CCCC1)CCc1ccc(Cl)c(Cl)c1'],Preclinical,sigma receptor antagonist,,,
145,BD-1047,['188914'],['CN(C)CCN(C)CCc1ccc(Cl)c(Cl)c1'],Preclinical,adrenergic receptor antagonist,SIGMAR1,,
146,BD-1063,['574780'],['CN1CCN(CCc2ccc(Cl)c(Cl)c2)CC1'],Preclinical,sigma receptor antagonist,SIGMAR1,,
147,BE-2254,['34772'],['Oc1ccc(CCNCC2CCc3ccccc3C2=O)cc1'],Phase 2,adrenergic receptor antagonist,ADRA1A,,
148,BG-1001,['3682562'],['CC(=O)Nc1ccc(cc1)C(=O)Nc1ccccc1O'],,,,,
149,BG-1002,['73707548'],['CN(C(C)=O)c1ccc(cc1)C(=O)Nc1ccccc1N'],,,,,
150,BG-1003,['73707349'],['ONC(=O)CCCCCCC(=O)N/N=C/c1ccc(cc1)c2ccccc2'],,,,,
151,BG-1004,['44506448'],['ONC(=O)CCCCC(=O)N/N=C/c1ccc(cc1)c2ccccc2'],,,,,
152,BG-1005,['25118059'],['ONC(=O)CCCCCC(=O)N/N=C/c1ccc(cc1)c2ccccc2'],,,,,
153,BG-1006,['73707535'],['ONC(=O)CCCCCC(=O)N\\N=C\\c1ccc(cc1)-c1ccccn1'],,,,,
154,BG-1007,['73707536'],['Cc1ccccc1-c1ccc(\\C=N\\NC(=O)CCCCCC(=O)NO)cc1'],,,,,
155,BG-1008,['73707537'],['CN1c2ccccc2C(NCCCCCCC(=O)NO)c2ccc(Cl)cc2S1(=O)=O'],,,,,
156,BG-1009,['73707538'],['CC(=O)Nc1ccc(cc1)C(=O)Nc1cc(ccc1O)-c1cccs1'],,,,,
157,BG-1010,['73707549'],['CN1c2ccccc2C(NCCCCCCC(=O)Nc2ccccc2N)c2ccc(Cl)cc2S1(=O)=O'],,,,,
158,BG-1011,['73707539'],['ONC(=O)c1ccc(cc1)\\N=N\\c1ccccc1'],,,,,
159,BG-1012,['73707540'],['ONC(=O)c1ccc(cc1)\\N=N\\c1ccc(cc1)C(O)=O'],,,,,
160,BG-1013,['1133083'],['Nc1ccccc1NC(=O)c2cccnc2'],,,,,
161,BG-1014,['1133081'],['Nc1ccccc1NC(=O)c1ccncc1'],,,,,
162,BG-1015,['73707612'],['CC(=O)Nc1ccc(cc1)C(=O)NC1CCCCC1N'],,,,,
163,BG-1016,['16793302'],['Cc1ccc(cn1)C(=O)Nc1ccccc1N'],,,,,
164,BG-1017,['44507900'],['COc1cc(O)cc(OC)c1/C=N/NC(=O)CCCCCCC(=O)NO'],,,,,
165,BG-1018,['73707541'],['COC(=O)CCCCC(=O)N\\N=C\\c1c(OC)cc(O)cc1OC'],,,,,
166,BG-1019,['44506454'],['COc1cc(O)cc(OC)c1/C=N/NC(=O)CCCCC(=O)NO'],,,,,
167,BG-1020,['23749431'],['COC(=O)CCCCCCC(=O)N/N=C/c1c(OC)cc(O)cc1OC'],,,,,
168,BG-1021,['5153532'],['Oc1ccccc1NC(=O)c1cccnc1'],,,,,
169,BG-1022,['7791937'],['Oc1ccccc1NC(=O)c1ccncc1'],,,,,
170,BG-1023,['842059'],['Oc1ccccc1NC(=O)c1ccccn1'],,,,,
171,BG-1024,['73707542'],['Nc1ccccc1NC(=O)c1cnc(Nc2ccccc2)nc1'],,,,,
172,BG-1025,['73707543'],['ONC(=O)CCCCCC(=O)N\\N=C\\c1ccc(cc1)-c1ccncc1'],,,,,
173,BG-1026,['73707550'],['ONC(=O)CCCCCC(=O)N\\N=C\\c1ccc(cc1)-c1cccnc1'],,,,,
174,BG-1027,['73707544'],['ONC(=O)CCCCCC(=O)N\\N=C\\c1ccc(cc1)-c1cncnc1'],,,,,
175,BG-1028,['73707545'],['ONC(=O)CCCCCC(=O)N\\N=C\\c1ccc(cc1)-c1cccs1'],,,,,
176,BG-1029,['73707350'],['COc1ccc(Br)c(/C=N/NC(=O)CCCCCCC(=O)NO)c1'],,,,,
177,BG-1030,['42618298'],['COc1ccc(Br)c(/C=N/NC(=O)CCCCCC(=O)NO)c1'],,,,,
178,BG-1031,['73707343'],['COc1cc(O)cc(OC)c1/C=N/NC(=O)CCCCCC(=O)NO'],,,,,
179,BG-1032,['16773791'],['Nc1ccccc1NC(=O)c1cnccn1'],,,,,
180,BG-FA-0953,['6446335'],['Cc1cccc2nc([nH]c12)/C(=C/c3ccc(o3)[N+](=O)[O-])/C#N'],,,,,
181,BG-STK33-03,['53347979'],['O=C(Nc1ccccc1-c1nc2ccccc2[nH]c1=O)c1ccccn1'],,,,,
182,BG-STK33-55,['53377419'],['Fc1ccc(c(NC(=O)c2cccs2)c1)-c1nc2ccccc2[nH]c1=O'],,,,,
183,BG-STK33-59,['53377448'],['CC(C)c1ccc(NC(=O)c2cccs2)c(c1)-c1nc2ccccc2[nH]c1=O'],,,,,
184,BH3I-1,['6090108'],['CC(C)C(C(=O)O)N1C(=O)/C(=C\\C2=CC=C(C=C2)Br)/SC1=S'],,,,,
185,BI-2536,['11364421'],['CC[C@H]1N(C2CCCC2)c2nc(Nc3ccc(cc3OC)C(=O)NC3CCN(C)CC3)ncc2N(C)C1=O'],Phase 2,PLK inhibitor,BRD4|PLK1|PLK2|PLK3,,
186,BI-78D3,['2747117'],['Oc1nnc(Sc2ncc(s2)[N+]([O-])=O)n1-c1ccc2OCCOc2c1'],Preclinical,JNK inhibitor,MAPK8,,
187,BIBR-1532,['9927531'],['C\\C(=C/C(=O)Nc1ccccc1C(O)=O)c1ccc2ccccc2c1'],Preclinical,telomerase inhibitor,TERT,,
188,BIBU-1361,['17756796'],['CCN(CC)CC1CCN(CC1)c1ncc2ncnc(Nc3ccc(F)c(Cl)c3)c2n1'],Preclinical,EGFR inhibitor,EGFR,,
189,BIBX-1382,['6918508'],['CN1CCC(CC1)Nc1ncc2ncnc(Nc3ccc(F)c(Cl)c3)c2n1'],Phase 1,EGFR inhibitor,EGFR|ERBB2,,
190,BIIB-021,['16736529'],['COc1c(C)cnc(Cn2cnc3c(Cl)nc(N)nc23)c1C'],,,,,
191,BIX-01294,['25150857'],['COc1cc2nc(nc(NC3CCN(Cc4ccccc4)CC3)c2cc1OC)N1CCCN(C)CC1'],Preclinical,histone lysine methyltransferase inhibitor,EHMT1|EHMT2,,
192,BIX-01338,['56676725'],['COc1ccc(cc1)C(=O)Oc1ccc(CCn2c(NC(=O)c3ccc(cc3)C(F)(F)F)nc3cc(ccc23)C(O)=O)cc1'],,,,,
193,BIX-02188,['50904168'],['Clc1ccc(Cl)c(SCC(=O)N\\N=C\\c2ccc[nH]2)c1'],Preclinical,MEK inhibitor,MAP2K5,,
194,BIX-02189,['46931012'],['CN(C)Cc1cccc(N\\C(c2ccccc2)=C2/C(=O)Nc3cc(ccc23)C(=O)N(C)C)c1'],Preclinical,MEK inhibitor,MAP2K5|MAPK7,,
195,BJM-AF-64,['49835877'],['COC(=O)Cn1nc(-c2cccc(OC)c2)c2ccccc12'],,,,,
196,BJM-CSC-15,['24816775'],['CC(C)(C)c1ccc2OCC(Oc2c1)C(=O)N\\N=C\\c1ccc[nH]1'],,,,,
197,BJM-HSC2-10,['2208391'],['CCn1cc(NC(=S)Nc2cc(Cl)ccc2OC)c(n1)C(=O)N'],,,,,
198,BL-050,['151819'],['OC(=O)CCc1cc(I)c(O)c(I)c1'],,,,,
199,BL-077,['23902994'],['CC(=O)C1CC[C@H]2[C@@H]3CC[C@@H]4CC(=O)CC[C@]4(C)[C@H]3CC[C@]12C'],,,,,
200,BML-190,['2415'],['COc1ccc2n(C(=O)c3ccc(Cl)cc3)c(C)c(CC(=O)N3CCOCC3)c2c1'],Preclinical,cannabinoid receptor inverse agonist,CNR2,,
201,BML-210,['9543540'],['Nc1ccccc1NC(=O)CCCCCCC(=O)Nc2ccccc2'],,,,,
202,BML-257,['629852'],['OC(=O)c1ccc2nc(c3ccccc3)c(nc2c1)c4ccccc4'],,,,,
203,BML-259,['16760027'],['CC(C)c1cnc(NC(=O)Cc2ccccc2)s1'],,,,,
204,BML-266,['2817242'],['Oc1ccc(CCNc2ccc(NCCc3ccc(O)cc3)c3C(=O)c4ccccc4C(=O)c23)cc1'],,,,,
205,BML-278,['10620479'],['CCOC(=O)C1=CN(Cc2ccccc2)C=C(C1c1ccccc1)C(=O)OCC'],,,,,
206,BML-284,['11210285'],['COc1cccc(c1)c2cc(NCc3ccc4OCOc4c3)nc(N)n2'],Preclinical,WNT agonist,,,
207,BML-286,['5221450'],['OC(=O)c1ccccc1NC(=O)c1cccc(NC(=O)Cc2ccccc2)c1'],,,,,
208,BMS-182874,['122272'],['CN(C)c1cccc2c(cccc12)S(=O)(=O)Nc1onc(C)c1C'],Phase 2,endothelin receptor antagonist,EDNRA,,
209,BMS-191011,['10474339'],['Oc1ccc(Cl)cc1Cn1nc(oc1=O)-c1ccc(cc1)C(F)(F)F'],Preclinical,potassium channel activator,KCNMA1,,
210,BMS-299897,['11249248'],['C[C@@H](N(c1cc(F)ccc1F)S(=O)(=O)c1ccc(Cl)cc1)c1ccc(F)cc1CCCC(O)=O'],Phase 1,gamma secretase inhibitor,,,
211,BMS-345541,['9813758'],['Cc1cnc2c(NCCN)nc3ccc(C)cc3n12'],Preclinical,IKK inhibitor,CHUK|IKBKB,,
212,BMS-387032,['3025986'],['CC(C)(C)c1cnc(CSc2cnc(NC(=O)C3CCNCC3)s2)o1'],Phase 1,CDK inhibitor|cell cycle inhibitor|MCL1 inhibitor,CDK2|CDK7|CDK9,,
213,BMS-509744,['23646672'],['OC(=O)COc1c(Br)c(sc1C(O)=O)-c1ccc(NC(=O)c2cccnc2)cc1'],,,,,
214,BMS-536924,['11353973'],['Cc1cc(cc2[nH]c(nc12)-c1c(NC[C@@H](O)c2cccc(Cl)c2)cc[nH]c1=O)N1CCOCC1'],Preclinical,IGF-1 inhibitor,AKT1|CCNE1|CDK2|CYP3A4|ERBB2|IGF1R|KDR|LCK|MAPK1|MET|PDGFRA|PDGFRB,,
215,BMS-641988,['24768935'],['CCS(=O)(=O)N[C@@H]1C[C@@]2(C)O[C@]1(C)[C@H]1[C@@H]2C(=O)N(C1=O)c1ccc(C#N)c(c1)C(F)(F)F'],,,,,
216,BMS-754807,['24785538'],['C[C@]1(CCCN1c1nc(Nc2cc(n[nH]2)C2CC2)c2cccn2n1)C(=O)Nc1ccc(F)nc1'],Phase 2,IGF-1 inhibitor,AKT1|IGF1R,,
217,BMS-777607,['24794418'],['CCOc1ccn(-c2ccc(F)cc2)c(=O)c1C(=O)Nc1ccc(Oc2ccnc(N)c2Cl)c(F)c1'],Phase 1/Phase 2,AXL kinase inhibitor|c-Met inhibitor|FLT3 inhibitor|hepatocyte growth factor receptor inhibitor|macrophage migration inhibiting factor inhibitor|tyrosine kinase inhibitor,AXL|MERTK|MET|MST1R|TYRO3,,
218,BMY-14802,['108046'],['OC(CCCN1CCN(CC1)c1ncc(F)cn1)c1ccc(F)cc1'],Phase 2,sigma receptor antagonist,HTR1A,,
219,BMY-45778,['127861'],['OC(=O)COc1cccc(c1)-c1ocnc1-c1nc(c(o1)-c1ccccc1)-c1ccccc1'],Preclinical,IP1 prostacyclin receptor agonist,PTGIR,,
220,BMY-7378,['2419'],['COc1ccccc1N1CCN(CCN2C(=O)CC3(CCCC3)CC2=O)CC1'],Preclinical,adrenergic receptor antagonist|serotonin receptor antagonist,ADRA1A|ADRA1B|ADRA1D|HTR1A,,
221,BNTX,"['44369694', '5149021', '5310988', '6438353']",['Oc1ccc2CC3N(CC4CC4)CC[C@@]45[C@@H](Oc1c24)C(=O)\\C(C[C@@]35O)=C\\c1ccccc1'],Preclinical,opioid receptor antagonist,OPRD1|OPRK1|OPRM1,,
222,BO2-inhibits-RAD51,['5738263'],['O=c1n(Cc2ccccc2)c(/C=C/c3cccnc3)nc4ccccc14'],,,,,
223,BOX-5,['73438899'],['CSCC[C@H](NC(=O)OC(C)(C)C)C(=O)N[C@@H](CC(O)=O)C(=O)NCC(=O)N[C@@H](CS)C(=O)N[C@@H](CCC(O)=O)C(=O)N[C@@H](CC(C)C)C(O)=O'],,,,,
224,BP-554,['134117'],['C(COc1ccc2OCOc2c1)CN1CCN(CC1)c1ccccc1'],Preclinical,serotonin receptor agonist,HTR1A,,
225,BP-897,['3038495'],['COc1ccccc1N1CCN(CCCCNC(=O)c2ccc3ccccc3c2)CC1'],Phase 2,dopamine receptor agonist,ADRA1A|ADRA1D|ADRA2A|DRD1|DRD2|DRD3|DRD4|HTR1A|HTR2B,,
226,BRD-A00474148,['44825297'],['Oc1ccc(cc1)N1CCN(CC1)[S+]([O-])(=O)c1ccc2NC(=O)Cc2c1'],,,,,
227,BRD-A00626522,['16746329'],['COc1ccc(cc1)C(CC(=O)N2CCCC(C)C2)c3c(O)cc(OC)cc3OC'],,,,,
228,BRD-A00763758,['43209100'],['COc1cc(ccc1O)C(O)C(C)N'],,,,,
229,BRD-A01960364,['2826386'],['COc1ccc(cc1)C2C(C(=O)O)c3ccccc3C(=O)N2Cc4ccc(Cl)cc4'],,,,,
230,BRD-A01973626,['44460172'],['CCC(=O)NC(c1ccco1)c1cc(Br)c2cccnc2c1O'],,,,,
231,BRD-A01999384,['44142102'],['COc1ccc(cc1OC2CCOC2)C3=Nn4c(nnc4SC3)c5ccccc5C(F)(F)F'],,,,,
232,BRD-A02241946,['25243794'],['CC(O)c1cc2n(C)c3c(=O)n(Cc4ccccc4F)ncc3c2s1'],,,,,
233,BRD-A02726762,['54664935'],['COc1ccc(cc1)C#Cc1ccc2N(C)[C@@H](CO)[C@@H]3CCN([C@@H]3c2c1)S(=O)(=O)C1=NC(C)C=N1'],,,,,
234,BRD-A02747686,['46948706'],['CNC(C)C(=O)NC(C(C)C)C(=O)NC(C)C(=O)NNc1ccccc1'],,,,,
235,BRD-A02836799,['6729757'],['OCCOc1ccccc1C1N2C(C(C(=O)N3CCCCCCC3)C11C(=O)Nc3ccccc13)C(=O)OC(C2c1ccccc1)c1ccccc1'],,,,,
236,BRD-A03436432,['44142160'],['COc1cccc(c1)S(=O)(=O)NC2CCN(C2)C#N'],,,,,
237,BRD-A03772856,['3237298'],['COc1ccccc1C2N(C(=O)C3CCCN23)c4ccc(Cl)cc4'],,,,,
238,BRD-A03946276,['3921071'],['[O-][N+](=O)c1ccc2NC(=O)C3(NNc4ccccc4O3)c2c1'],,,,,
239,BRD-A04172077,['23757203'],['COc1ccc2ccc(=O)oc2c1CC(O)C(C)(C)OC'],,,,,
240,BRD-A04332542,['193691'],['CC(=O)NCC(O)c1ccc(O)cc1'],,,,,
241,BRD-A04392722,['44142123'],['CC(C)(C)OC(=O)NCC(=O)NNC(=O)C(C(=O)OCc1ccccc1)c2ccccc2'],,,,,
242,BRD-A05565054,['46937236'],['CCC1CCCCN1C(=O)n1cc(nn1)C(O)(c1ccccc1)c1ccccc1'],,,,,
243,BRD-A05680309,['44143239'],['CNC(C)C(=O)NC(C(C)C)C(=O)N1CCCC1C(=O)NC2CCCc3ccccc23'],,,,,
244,BRD-A05729358,['6278000'],['CCOC(=O)C12CC1\\C(=N/O)c1ccccc1O2'],,,,,
245,BRD-A05831822,['17757109'],['COc1ccc(cc1COc1ccc(NC(C)=O)cc1)C1NC(=O)c2ccccc2N1'],,,,,
246,BRD-A06131576,['5221400'],['CC(C)C1CCC(C)C(C(O)c2ccc(cc2)c3ccccc3)C1=O'],,,,,
247,BRD-A06276885,['4257102'],['Oc1ccc2CC3N(CC4CC4)CCC5(C6Oc1c25)C3(O)Cc7c6n(Cc8ccccc8)c9ccccc79'],,,,,
248,BRD-A06641369,['16187238'],['CC(C)Oc1cccc(c1)C(=O)C2CCCN(Cc3cnn(c3)C(C)C)C2'],,,,,
249,BRD-A06664848,['3409332'],['CC(Sc1nc2cc(Cl)ccc2s1)C(=O)Nc3cccc(c3)S(=O)(=O)N4CCOCC4'],,,,,
250,BRD-A06779035,['28894'],['COc1cc(cc(OC)c1OC)C(O)CN'],,,,,
251,BRD-A06909528,['4879301'],['O=C1N(Cc2ccccc2)c2ccccc2C11NNc2ccccc2O1'],,,,,
252,BRD-A07614565,['2977478'],['CCOc1ccc(cc1)C(Nc2cccnc2)c3cc(Cl)c4cccnc4c3O'],,,,,
253,BRD-A08610364,['25109909'],['CCOC(=O)CCCC(=O)Nc1ncnc2Oc3ccc4ccccc4c3C(c5ccccc5)c12'],,,,,
254,BRD-A08658758,['14459459'],['CC1CC(=O)NN=C1c1ccc(F)c(F)c1'],,,,,
255,BRD-A08662020,['53338798'],['CNC(C)C(=O)NC(C(C)C)C(=O)N1CCCC1C(=O)Nc1cccc2ncccc12'],,,,,
256,BRD-A09053961,['73707557'],['NC(Cc1cc(O)c(O)cc1Cl)C(O)=O'],,,,,
257,BRD-A09164687,['16193984'],['Cc1cc(C)c(OCC(O)CNC(C)(C)C)c(C)c1'],,,,,
258,BRD-A09719808,['44640137'],['CCC(OC(=O)c1ccc(c(c1)[N+]([O-])=O)S(C)(=O)=O)C(=O)NC1C2CC3CC(C2)CC1C3'],,,,,
259,BRD-A09984573,['2803185'],['CSC1=C(C#N)C(=O)NC(S1)c2ccc(Cl)cc2'],,,,,
260,BRD-A10330754,['2956728'],['Clc1ccc(Cn2cc(NC(=S)NCC3CCCO3)cn2)cc1'],,,,,
261,BRD-A11009626,['73707591'],['CN1CCc2cc(Br)c(O)cc2C(C1)c1ccc(cc1)N(CCCl)CCCl'],,,,,
262,BRD-A11087911,['17757094'],['CC(Nc1ncnc2ccc(cc12)c3c(C)noc3C)c4ccco4'],,,,,
263,BRD-A11095214,['25109911'],['O=C(N(C(=O)c1ccccc1)c2ncnc3Oc4ccc5ccccc5c4C(c6ccccc6)c23)c7ccccc7'],,,,,
264,BRD-A11512624,['25109912'],['CCOC(=O)CC(=O)Nc1ncnc2Oc3ccc4ccccc4c3C(c5ccccc5)c12'],,,,,
265,BRD-A11731846,['16745401'],['CC(OC1OC(CO)C(O)C(O)C1O)/C=C/C2(O)C(C)CC(O)CC2(C)C'],,,,,
266,BRD-A11929187,['3193014'],['CC1CCc2c(C1)sc3nc(C)nc(N4CCN(CC4)C(=O)c5ccco5)c23'],,,,,
267,BRD-A11968133,['44246498'],['COc1cccc(Cn2ncc3c4sc(cc4n(C)c3c2=O)S(C)=O)c1'],,,,,
268,BRD-A12083771,['16190867'],['CCCn1ncc(CN2CCCC(C2)C(=O)c3cccc(OC(C)C)c3)c1C'],,,,,
269,BRD-A12426960,['119214'],['OC1(CF)CCOC(=O)C1'],,,,,
270,BRD-A12633378,['3111211'],['Cc1cc(C)c(NC(=O)C2CC3CCC2C3)c(C)c1'],,,,,
271,BRD-A12643502,['2965120'],['Oc1cccnc1NC(=O)CCC2COc3ccccc3O2'],,,,,
272,BRD-A13020530,['1543530'],['COC(=O)CS(=O)c1ccc(cc1[N+](=O)[O-])C(F)(F)F'],,,,,
273,BRD-A13346522,['44629407'],['CCn1cc(CN2CCCC(C2)C(=O)c3cccc(c3)C(F)(F)F)cn1'],,,,,
274,BRD-A13367427,['23983744'],['CC1OC(OC2CCC3(C)C(CCC4(C)C3CC=C5C6CC(C)(C)CCC6(CCC54C)C(=O)OC7OC(CO)C(OC8OCC(OC9OC(CO)C(O)C(O)C9O)C(OC%10OCC(O)C(O)C%10O)C8O)C(O)C7O)C2(C)C)C(O)C(O)C1OC%11OCC(O)C(O)C%11O'],,,,,
275,BRD-A13461302,['23874505'],['CC1CC(=O)C2C(O)(C1)CC(O)C34OC4c5c(O)cccc5C(=O)C23O'],,,,,
276,BRD-A13914662,['23863790'],['COc1cc2CCN(Cc3ccc(o3)[N+](=O)[O-])C(c4cccs4)c2cc1O'],,,,,
277,BRD-A13964793,['10040286'],['OC12C3C4C5C3C(C3C5CC4C13)N2CCc1cccc(F)c1'],,,,,
278,BRD-A14014306,['3915969'],['CC1=NN(C(=O)C1Cc2ccccc2)c3nc4ccccc4[nH]3'],,,,,
279,BRD-A14178283,['23986040'],['C[C@H]1O[C@@H](O[C@H]2CC[C@@]3(C)C(CC[C@]4(C)C3C=C[C@@]56OC[C@@]7(CCC(C)(C)C[C@H]76)[C@@H](O)C[C@]54C)[C@]2(C)CO)[C@H](O[C@@H]8O[C@H](CO)[C@@H](O)[C@H](O)[C@H]8O)[C@@H](O[C@@H]9O[C@H](CO)[C@@H](O[C@@H]%10O[C@H](CO)[C@@H](O)[C@H](O)[C@H]%10O)[C@H](O)[C@H]9O)[C@H]1O'],,,,,
280,BRD-A14795281,['20348787'],['CC(N)C(O)c1ccccc1Cl'],,,,,
281,BRD-A15113563,['2806677'],['Clc1ccc(cc1Cl)C2Nc3ccccc3O2'],,,,,
282,BRD-A15501135,['3951'],['CC(=CCc1c(O)c(CC=C(C)C)c2OC(CC(=O)c2c1O)c3ccc(O)cc3)C'],,,,,
283,BRD-A16581344,['2930928'],['CN(Cc1ccccc1)C(=O)C2CCCN(Cc3ccccc3C(F)(F)F)C2'],,,,,
284,BRD-A16820783,['44142103'],['COc1ccc(OC)c(c1)c2nnc3SCC(=Nn23)c4ccc(OC)c(OC5CCOC5)c4'],,,,,
285,BRD-A17081056,['92214'],['CC1NCCc2ccccc12'],,,,,
286,BRD-A17664363,['4131581'],['CCOC(=O)C(C)Oc1cccc2c1ccn(CC(=O)Nc1ccc(OC)cc1)c2=O'],,,,,
287,BRD-A17718497,['46912148'],['CC1CN(CCN1C(=O)c1ccc(Cl)cc1)c1ccnc2cc(Cl)ccc12'],,,,,
288,BRD-A17757596,['16759579'],['COc1ccc(cc1COc1ccc(NC(C)=O)cc1)C1Nc2ccccc2C(=O)N1Cc1ccccc1'],,,,,
289,BRD-A18279961,['60138089'],['Cn1c2cc(sc2c2cnn(Cc3cccc(N)c3)c(=O)c12)S(C)=O'],,,,,
290,BRD-A18411371,['12004949'],['COc1ccc(cc1)C(N(C(=O)CCl)c2cccc(Cl)c2)C(=O)NC3CCCCC3'],,,,,
291,BRD-A18573497,['54664808'],['CC1C=NC(=N1)S(=O)(=O)N1CC[C@H]2[C@@H]1c1cc(ccc1N(C)[C@H]2CO)-c1ccccc1F'],,,,,
292,BRD-A18725729,['12004950'],['COc1ccc(cc1)C(N(C(=O)CCl)c2ccc(Cl)cc2)C(=O)NC3CCCCC3'],,,,,
293,BRD-A19928752,['2977752'],['CC(Sc1ccc(C)cc1)C(=O)Nc2nc[nH]n2'],,,,,
294,BRD-A20488704,['24177547'],['CC1(C)C(CCC2(C)C3CC(O[C@@H]4O[C@H](CO)[C@@H](O)[C@H](O)[C@H]4O)C(C)(C=C)C=C3CCC12)O[C@@H]5O[C@@H](CO)[C@H](O)[C@H]5O'],,,,,
295,BRD-A21406558,['50897786'],['COc1ccc(cc1COc1c(C)cccc1C)C1Nc2ccccc2C(=O)N1Cc1cccs1'],,,,,
296,BRD-A21481508,['24747278'],['COc1ccc(CC2NCCC3=CC(=O)CCC23)cc1O'],,,,,
297,BRD-A21812217,['44142077'],['ON1C(Nc2ccccc2C1=O)c3ccc(o3)c4ccc(C#N)cc4'],,,,,
298,BRD-A22272113,['24069148'],['CCCC1=C(/C=C/C(=O)O)C(=O)C(O1)C(C)(C)C2OC(=C(/C=C/C(=O)O)C2=O)CCC'],,,,,
299,BRD-A22514244,['650573'],['COc1ccc(cc1OC)c2nnn(CC(=O)N(C(C)C(=O)NC3CCCC3)C4CCCCC4)n2'],,,,,
300,BRD-A24021119,['44142351'],['CC(=O)NC(c1cccs1)c2cc(F)c3cccnc3c2O'],,,,,
301,BRD-A24054354,['3516032'],['CCN1CCN(CC1)C(c2cccnc2)c3cc(Cl)c4cccnc4c3O'],,,,,
302,BRD-A24225650,['24747211'],['CC(C)c1cn(C2OC(COC(=O)c3ccccc3)C(OC(=O)c4ccccc4)C2OC(=O)c5ccccc5)c(=O)[nH]c1=O'],,,,,
303,BRD-A24951056,['2878'],['NC(C1CC1)(C(O)=O)c1ccc(cc1)P(O)(O)=O'],,,,,
304,BRD-A25170757,['541830'],['CNCC(O)c1cc(OCc2ccccc2)c(OCc3ccccc3)cc1F'],,,,,
305,BRD-A25416824,['2825553'],['CC12CCC3C(CC=C4CC(O)CCC34CO)C2CCC1OC(=O)c5ccccc5'],,,,,
306,BRD-A25829966,['44537690'],['OC1N2CCCC2=Nc2c(Cl)cc(Cl)cc12'],,,,,
307,BRD-A26333730,['14951773'],['Oc1cc(O)c(CC2NC(=O)NC2=O)cc1O'],,,,,
308,BRD-A26347577,['3081980'],['OCC(O)c1ccc(O)cc1'],,,,,
309,BRD-A26595446,['4484064'],['Cc1cccc(C)c1NC(=O)C(Cl)C(=O)c2ccccc2'],,,,,
310,BRD-A26627799,['54664934'],['COc1ccc(cc1)C#Cc1ccc2N(C)[C@H](CO)[C@H]3CCN([C@H]3c2c1)S(=O)(=O)C1=NC(C)C=N1'],,,,,
311,BRD-A26962727,['2880726'],['CCOC(=O)C1=C(C)N=c2s\\c(=C\\c3cc(Cl)c(OCC(O)=O)c(OC)c3)c(=O)n2C1c1ccccc1Cl'],,,,,
312,BRD-A27640568,['2872362'],['COc1ccc(C(NC(=O)c2ccccc2)c3ccc4cccnc4c3O)c(OC)c1'],,,,,
313,BRD-A27924917,['1564'],['NCC(O)(CS(O)(=O)=O)c1ccc(Cl)cc1'],,,,,
314,BRD-A28412351,['25079076'],['COc1cccc2c1O[C@H]3C(=O)CC[C@H]4CN(C)CCC342'],,,,,
315,BRD-A28422330,['2950007'],['COc1ccc(cc1)C2CC(=NN2c3ccc(cc3)S(=O)(=O)N)c4ccccc4'],,,,,
316,BRD-A29119732,['3863978'],['COc1ccc(cc1OC)C(O)CN'],,,,,
317,BRD-A29342309,['73707559'],['NC(COO)c1cc(O)cc(O)c1'],,,,,
318,BRD-A29721261,['2852569'],['CC(C)c1ccc(NC(=O)C2CC3CCC2C3)cc1'],,,,,
319,BRD-A30083233,['23872142'],['C[C@@H]1O[C@@H](O[C@H]2[C@H](O[C@H]3CC[C@@]4(C)C(CC[C@]5(C)C4CC[C@@H]6C7[C@@](C)(O)[C@@H](CC=C(C)C)O[C@@]7(O)[C@H](O)[C@]65C)C3(C)C)O[C@H](CO)[C@H](O)[C@@H]2O[C@@H]8O[C@H](CO)[C@@H](O)[C@H](O)[C@H]8O)[C@H](O)[C@H](O)[C@H]1O'],,,,,
320,BRD-A30395175,['4014619'],['NC(C(=O)O)c1ccc(O)c(c1)C(=O)O'],,,,,
321,BRD-A30455275,['2976290'],['CCOc1ccc(NC(=O)C(C)Sc2ncnc3sc(cc23)c4ccccc4)cc1'],,,,,
322,BRD-A30612536,['50897809'],['COc1ccc(cc1COc1c(C)cc(NC(C)=O)cc1C)C1Nc2ccccc2C(=O)N1Cc1ccco1'],,,,,
323,BRD-A30856524,['6857784'],['CC1(C)CC2C1CC[C@]1(C)CCC3C(CC(=O)O[C@]23C1)C(O)=O'],,,,,
324,BRD-A31180007,['251462'],['NC(Cc1ccc(O)cc1O)C(O)=O'],,,,,
325,BRD-A31429689,['2998821'],['CC(OC(=O)c1cccc(NS(=O)(=O)C)c1)C(=O)Nc2ccc(cc2)N3CCOCC3'],,,,,
326,BRD-A31946439,['60138124'],['Cc1ccnc(NC(=S)N2CC3CN(CC3C2)c2cccc(c2)C(F)(F)F)c1'],,,,,
327,BRD-A32065788,['446872'],['CCCCCCCCCCCCCCCCCCCC(=O)O[C@H](COC(=O)CCCCCCCCCCCCCC)COP(O)(=O)OCCN'],,,,,
328,BRD-A32214171,['4124546'],['CCN1CCN(CC1)C(c2cccnc2)c3ccc4cccnc4c3O'],,,,,
329,BRD-A32241587,['2728652'],['S=C1CC(Sc2ccccc2N1)c3ccccc3'],,,,,
330,BRD-A32440707,['45934211'],['CC(=O)[C@H]1CCC2C3CCC4=CC(=O)CC[C@]4(C)C3[C@@H](C[C@]12C)OC(=O)CCC(O)=O'],,,,,
331,BRD-A32449311,['17757275'],['Oc1ccc(Cl)cc1Nc2nc(NCC3CCCO3)c4ccccc4n2'],,,,,
332,BRD-A32582647,['4658388'],['CCN1CCCC1c1cccnc1'],,,,,
333,BRD-A32917072,['16746402'],['COc1cc(O)c(C(CC(=O)N2CCCC(C)C2)c3ccc4OCOc4c3)c(OC)c1'],,,,,
334,BRD-A34421300,['50897785'],['COc1ccc(cc1COc1c(C)cccc1C)C1Nc2ccccc2C(=O)N1Cc1ccc(C)o1'],,,,,
335,BRD-A35072120,['5134354'],['NC(Cc1ccc(O)cc1N)C(O)=O'],,,,,
336,BRD-A35141262,['44537691'],['OC1N2CCCCC2=Nc2cccc(F)c12'],,,,,
337,BRD-A35153197,['11492836'],['OC(=O)[C@@H]1CSC(Cc2c[nH]c3ccc(O)cc23)N1'],,,,,
338,BRD-A35207501,['16307489'],['Clc1ccc(cc1)C(=O)NCCC(=O)NC2CCCc3ccccc23'],,,,,
339,BRD-A35430844,['54665034'],['CC1C=NC(=N1)S(=O)(=O)N1CC[C@H]2[C@@H]1c1cc(ccc1N(C)[C@@H]2CO)C1=CCCCC1'],,,,,
340,BRD-A35769934,['24871246'],['C\\C1=C/CC\\C(CO)=C\\[C@H]2OC(=O)C(=C)[C@@H]2[C@H](C1)OC(=O)C(=C)C(O)CO'],,,,,
341,BRD-A35825362,['13954252'],['CN(C)CC(O)CN1c2ccccc2Sc2ccccc12'],,,,,
342,BRD-A36059655,['2928239'],['COc1ccc2N3C(=NC(=O)C(Cc4ccccc4)C3=O)Sc2c1'],,,,,
343,BRD-A36165599,['2963476'],['COC(=O)c1c(C)c(C)sc1NC(=O)CC2Nc3cccc4cccc(NC2=O)c34'],,,,,
344,BRD-A36275421,['3689413'],['COc1ccc(cc1Cl)N(C(C(=O)NCCc2ccccc2)c3cccs3)C(=O)CCl'],,,,,
345,BRD-A36411721,['3150672'],['O=S(=O)(CC(CN1CCCCC1)N2CCCCC2)c3ccccc3'],,,,,
346,BRD-A36884011,['2868336'],['COc1ccc(cc1)C(=O)Nc2ccccc2C(=O)NC(C(C)C)C(=O)O'],,,,,
347,BRD-A37501891,['23986044'],['C[C@@H]1CC[C@@]2(CC[C@]3(C(=O)O)C(=CCC4[C@@]5(C)CC[C@H](O[C@@H]6O[C@@H](C)[C@H](O)[C@@H](O)[C@H]6O)C(C)(C)C5CC[C@]43C)[C@@H]2[C@H]1C)C(=O)O'],,,,,
348,BRD-A37656721,['44629413'],['COc1ccc(cc1OC)C(=O)C2CCCN(CC3CCCCC3)C2'],,,,,
349,BRD-A37735495,['4380267'],['Fc1ccc(cc1)N(C(C(=O)NC2CCCCC2)c3cccnc3)C(=O)CCl'],,,,,
350,BRD-A38425832,['50897769'],['COc1ccc(cc1COc1ccccc1C)C1Nc2ccccc2C(=O)N1Cc1ccco1'],,,,,
351,BRD-A38793261,['46943339'],['COc1cc(O)c([C@@H](CC(=O)N2CC(C)CC(C)C2)c2ccc3OCOc3c2)c(OC)c1'],,,,,
352,BRD-A38936397,['44142100'],['COc1ccc(cc1OC2CCOC2)C3=Nn4c(nnc4SC3)c5ccccc5Cl'],,,,,
353,BRD-A39121618,['2793096'],['COc1ccc(NC(=O)c2ccc(OC(C)C(=O)O)cc2)cc1Cl'],,,,,
354,BRD-A39599596,['46916306'],['Fc1ccc(c(F)c1)-n1ncc2C(CCCc12)NC(=O)Cc1ccccc1'],,,,,
355,BRD-A39986918,['73707576'],['C[C@]12NC(Cc3ccccc13)c1ccc(I)cc21'],,,,,
356,BRD-A40163033,['73707563'],['CCC(C)(N)CCS(C)(=N)=O'],,,,,
357,BRD-A40431293,['45934191'],['CC1(C)C2C=C[C@]3(C)C(CC[C@@]4(C)[C@@H](OC(=O)[C@H]5O[C@@]345)c3ccoc3)[C@@]2(C)C=CC1=O'],,,,,
358,BRD-A40560522,['44537693'],['OC1N2CCCCCC2=Nc2ccc(Br)cc12'],,,,,
359,BRD-A41114263,['24150636'],['OCCCCC/C=C\\C/C=C\\C(O)CC1CCC(CC(=O)O)O1'],,,,,
360,BRD-A41228941,['54665036'],['CC1C=NC(=N1)S(=O)(=O)N1CC[C@@H]2[C@H]1c1cc(ccc1N(C)[C@@H]2CO)C1=CCCCC1'],,,,,
361,BRD-A41630653,['64650'],['COc1ccc2CC3C4CCCC[C@@]4(CCN3C)c2c1'],,,,,
362,BRD-A41649729,['3136666'],['Cc1ccc(cc1)C2=NNC3(S2)C(=O)Nc4ccccc43'],,,,,
363,BRD-A41986761,['19102988'],['CNCCC(Oc1ccccc1I)c1ccccc1'],,,,,
364,BRD-A41997916,['23900084'],['COc1ccc(cc1)c2coc3c(OC)c(OC)cc(OC4OC(CO)C(O)C(O)C4OC5OCC(O)C(O)C5O)c3c2=O'],,,,,
365,BRD-A42187224,['11957479'],['NCC(O)c1cc(O)c(O)cc1F'],,,,,
366,BRD-A42610307,['22326275'],['NC(Cc1ccc(O)c(O)c1O)C(O)=O'],,,,,
367,BRD-A42737819,['25109893'],['COc1ccccc1C1c2c(Oc3ncn(-c4ccccc4)c(=N)c13)ccc1ccccc21'],,,,,
368,BRD-A42969626,['3193022'],['CC1CCc2c(C1)sc1nc(C)nc(N3CCN(CC3)C(=O)C3CC3)c21'],,,,,
369,BRD-A42994615,['73438897'],['Nc1ncnc2n([C@H]3O[C@H]4COP(O)(=O)O[C@@H]4[C@@H]3O)c(Sc3ccc(Cl)cc3)nc12'],,,,,
370,BRD-A43087975,['2851120'],['COCC(C)NCc1ccc(OC)c(OC)c1OC'],,,,,
371,BRD-A43126523,['44142346'],['CC(=O)NC(C1CC1)c2cc(Cl)c3cccnc3c2O'],,,,,
372,BRD-A43155244,['72947591'],['COc1cc(\\C=C\\C(=O)N2C(CC=CC2=O)c2cccs2)cc(OC)c1OC'],,,,,
373,BRD-A43188678,['23757164'],['CC(C)CCCC/C=C\\CCCCCCCC(=O)OCC(O)CO'],,,,,
374,BRD-A43640821,['44142101'],['COc1ccc(cc1OC2CCOC2)C3=Nn4c(nnc4SC3)c5ccccc5F'],,,,,
375,BRD-A43805296,['73707433'],['CCC(C)C(NC(=O)C(C)NC)C(=O)N1CCCC1C(=O)NC1CCCc2ccccc12'],,,,,
376,BRD-A43885598,['4076092'],['CCOC(=O)C(C)Oc1cccc2c1ccn(CC(=O)Nc1ccc3OCCOc3c1)c2=O'],,,,,
377,BRD-A44244100,['18574628'],['CNC(=O)C(=O)NCCC1CCCCN1S(=O)(=O)c2ccc(F)cc2C'],,,,,
378,BRD-A44862234,['46948704'],['CNC(C)C(=O)NC(C(C)C)C(=O)NC(C(C)C)C(=O)Nc1cccc2ccccc12'],,,,,
379,BRD-A45206415,['4460128'],['Cc1noc(C)c1C(c2ccccc2)S(=O)(=O)c3ccc(C)cc3'],,,,,
380,BRD-A45657137,['2885102'],['CCOC(=O)C1=C(N=c2sc(=Cc3cc(OC)c(OC)c(OC)c3)c(=O)n2C1c4cccs4)c5ccccc5'],,,,,
381,BRD-A46802340,['4190864'],['CC1CN(CC(C)O1)S(=O)(=O)c2ccc(cc2)C(=O)/N=c\\3/sc4cccc(Cl)c4n3C'],,,,,
382,BRD-A47714657,['13071436'],['COc1ccc2C(Cc3ccc(OC)c(O)c3)NCCc2c1'],,,,,
383,BRD-A47816767,['2876959'],['CC(C)C(=O)NC(c1ccco1)c2ccc3cccnc3c2O'],,,,,
384,BRD-A47832959,['3913264'],['CC(Sc1cc(C)c2ccccc2n1)C(=O)Nc3ncc(Cl)cc3Cl'],,,,,
385,BRD-A48052484,['2911646'],['Clc1ccc(cc1)S(=O)(=O)NC2CCCCC2N3CCOCC3'],,,,,
386,BRD-A49581300,['5308776'],['Cc1ccc(cc1)S(=O)(=O)N2C(C3CC2C=C3)C(=O)O'],,,,,
387,BRD-A49848186,['51003698'],['Fc1ccccc1C(=O)C(CN1CCOCC1)c1ccccc1'],,,,,
388,BRD-A50388635,['2896739'],['COc1ccc(cc1)C(=O)NC(c2ccc(OC)c(OC)c2)c3cc(Cl)c4cccnc4c3O'],,,,,
389,BRD-A51666293,['56643197'],['O=C1CC(CC2=C1C1(CCCC1)NC(Nc1nc3ccccc3o1)=N2)c1ccccc1'],,,,,
390,BRD-A51929314,['5812876'],['OC(=O)CCCC=CCC1COC(OC1c2ccccc2O)C(F)(F)F'],,,,,
391,BRD-A52530852,['170451'],['COc1ccc(cc1O)C(O)CO'],,,,,
392,BRD-A52647795,['55005'],['CC(C#CCN1CCCC1)N(C)C(C)=O'],,,,,
393,BRD-A52771319,['1913'],['Nc1ncnc2n(C3OC4COP(=O)(O)OC4C3O)c(Br)nc12'],,,,,
394,BRD-A52933579,['73707558'],['CN1C2CC[C@@H]1C[C@H](C2)OC(c1ccc(Br)cc1)c1ccc(Br)cc1'],,,,,
395,BRD-A53107311,['3266419'],['CC(C)OC(=O)C1=C(C)N=c2sc(=Cc3ccc(OCC(=O)O)cc3)c(=O)n2C1c4ccc(Cl)cc4'],,,,,
396,BRD-A53271750,['54665035'],['CC1C=NC(=N1)S(=O)(=O)N1CC[C@H]2[C@@H]1c1cc(ccc1N(C)[C@H]2CO)C1=CCCCC1'],,,,,
397,BRD-A54077041,['4003359'],['CC(OC(=O)C1=NNC(=O)CC1)C(=O)c2cc(C)n(c2C)c3ccc(OC(F)F)cc3'],,,,,
398,BRD-A54194844,['2921053'],['CC(=O)NC(c1ccco1)c1cc(Cl)c2cccnc2c1O'],,,,,
399,BRD-A54632525,['44460175'],['CC(=O)NC(c1cccs1)c1cc(Br)c2cccnc2c1O'],,,,,
400,BRD-A55317422,['23212022'],['CC(N(Cc1ccccc1)Cc1ccccc1)C(=O)c1ccc(OCc2ccccc2)cc1'],,,,,
401,BRD-A55554369,['4870494'],['Oc1nc2SC3C4CCC(C4)C3C(c2s1)c5cccnc5'],,,,,
402,BRD-A55565369,['2834096'],['CCCC(NS(=O)(=O)c1ccc(C)cc1)C(=O)O'],,,,,
403,BRD-A55609290,['551704'],['COc1ccc(C(O)CNC(C)C)c(F)c1OC'],,,,,
404,BRD-A56001686,['2952127'],['CCOc1ccccc1NC(=O)C(C)Oc2ccc(OC)cc2'],,,,,
405,BRD-A56800788,['2729755'],['CNS(=O)(=O)c1ccc(cc1S(=O)c2ccccc2C(=O)O)C(F)(F)F'],,,,,
406,BRD-A56831909,['44142078'],['ON1C(Nc2ccccc2C1=O)c3ccc(o3)c4ccccc4F'],,,,,
407,BRD-A57107094,['2864482'],['COC(=O)C1=C(C)NC2=C(C1c3ccccc3)C(=O)CC(C2)c4ccc(Cl)cc4'],,,,,
408,BRD-A57300602,['23900051'],['C/C=C(\\C)/C(=O)OC1CCC(=O)OC1\\C=C\\C(O)C(C)O'],,,,,
409,BRD-A58482795,['650228'],['OC(CCN1CCOCC1)(C2CCCCC2)c3ccc(Cl)cc3'],,,,,
410,BRD-A58924247,['4381126'],['COc1ccc(cc1)N(C(C(=O)NC2CCCCC2)c3cccnc3)C(=O)CCl'],,,,,
411,BRD-A59046243,['54664809'],['CC1C=NC(=N1)S(=O)(=O)N1CC[C@H]2[C@@H]1c1cc(ccc1N(C)[C@@H]2CO)-c1ccccc1F'],,,,,
412,BRD-A59145032,['51003718'],['FC(F)(F)c1ccc(cc1)C(=O)C(CN1CCOCC1)c1ccccc1'],,,,,
413,BRD-A59728941,['23757080'],['CC(=O)OC[C@@]12CCC(=CC2O[C@@H]3[C@H](O)[C@@H](O[C@H]4O[C@H](CO)[C@@H](O)[C@H](O)[C@H]4O)[C@@]1(C)C53CO5)C'],,,,,
414,BRD-A60386802,['4879425'],['CCN1C(=O)C2(NNc3ccccc3O2)c2ccccc12'],,,,,
415,BRD-A60784279,['25109910'],['O=C(Nc1ncnc2Oc3ccc4ccccc4c3C(c5ccccc5)c12)c6ccccc6'],,,,,
416,BRD-A61189834,['46948703'],['CNC(C)C(=O)NC(C(C)C)C(=O)N1CCCC1C(=O)Nc1ccc2[nH]ccc2c1'],,,,,
417,BRD-A61599461,['50897816'],['COc1ccc(cc1COc1c(C)cccc1C)C1Nc2ccccc2C(=O)N1Cc1cccnc1'],,,,,
418,BRD-A61825514,['44142081'],['ON1C(Nc2ccccc2C1=O)c3ccc(o3)c4ccc(cc4)C(F)(F)F'],,,,,
419,BRD-A62200266,['15560547'],['CCCCCCCCCCC1C(=O)OC(C(=O)O)C1(O)C(=O)O'],,,,,
420,BRD-A62496920,['44143092'],['O=C(CNC(=O)C1CCCCC1)OC(C(=O)c2ccccc2)c3ccccc3'],,,,,
421,BRD-A62647958,['2878586'],['CCOC(=O)C1=C(C)N=c2sc(=Cc3ccc(OCC(=O)O)cc3)c(=O)n2C1c4ccc(Cl)cc4'],,,,,
422,BRD-A63949900,['46916324'],['Oc1cccc(n1)C(=O)NC1CCCc2c1cnn2-c1ccc(F)cc1F'],,,,,
423,BRD-A64850503,['4302116'],['CCOC(=O)C1=C(C)N=c2sc(=Cc3ccc(OCC(=O)O)cc3)c(=O)n2C1c4ccc(SC)cc4'],,,,,
424,BRD-A65140285,['73554815'],['NC1Cc2ccc(O)cc2NC1=O'],,,,,
425,BRD-A65142661,['2850171'],['COC1CCCCC1Nc2cc(C)ccc2C'],,,,,
426,BRD-A65516924,['44825310'],['OC(=O)c1ccc(cc1)N1CCN(CC1)[S+]([O-])(=O)c1ccc2NC(=O)Cc2c1'],,,,,
427,BRD-A66604020,['46943400'],['COc1cc(O)c(C(CC(=O)N2CCC(C)CC2)c2ccc3OCOc3c2)c(OC)c1'],,,,,
428,BRD-A66846505,['46943351'],['COc1cc(O)c(C(CC(=O)N2CC(C)OC(C)C2)c2ccc3OCOc3c2)c(OC)c1'],,,,,
429,BRD-A66861218,['6708733'],['CCC(=O)OCC(=O)[C@@]1(OC(=O)CC)[C@@H](C)CC2C3CCC4=CC(=O)C=C[C@]4(C)C3(F)[C@@H](O)C[C@]12C'],,,,,
430,BRD-A67306036,['2887234'],['OC(=O)C1C(C2CCC1O2)C(=O)NCCc3ccccc3'],,,,,
431,BRD-A68061604,['21422218'],['Cc1ccc(cc1C)C(O)(C2CN3CCC2CC3)c4ccc(C)c(C)c4'],,,,,
432,BRD-A68065211,['4381127'],['ClCC(=O)N(C(C(=O)NC1CCCCC1)c2cccnc2)c3cccc(Cl)c3'],,,,,
433,BRD-A68202111,['6852401'],['C[C@@H]1O[C@@H](O[C@H]2C[C@@H](O)[C@]3(CO)[C@H]4[C@H](O)C[C@]5(C)[C@H](CC[C@]5(O)[C@@H]4CC[C@]3(O)C2)C6COC(=O)C6)[C@H](O)[C@H](O)[C@H]1O'],,,,,
434,BRD-A68274214,['23955883'],['CC1=CCC2[C@](C)(CCC[C@]2(C)[C@H]1CCc3ccoc3)C(=O)O'],,,,,
435,BRD-A68721828,['23777654'],['CN/1C(C=C(C\\C1=N\\P(=O)(Oc2ccccc2)Oc3ccccc3)c4ccc(CO)cc4)C5CC5'],,,,,
436,BRD-A68802837,['73707599'],['CS(=O)(=O)OC1C(O)[C@@H](CO)O[C@H]1n1cnc2c(N)nc(Cl)nc12'],,,,,
437,BRD-A68820570,['44142079'],['ON1C(Nc2ccccc2C1=O)c3ccc(o3)c4cccs4'],,,,,
438,BRD-A68890828,['605729'],['COc1ccc2N(C)C(=O)C(C)(CCN)c2c1'],,,,,
439,BRD-A69421747,['60138072'],['C(Nc1ncnc2ccc(cc12)-c1ccc2OCOc2c1)C1CCCOC1'],,,,,
440,BRD-A69429454,['44143241'],['CCC(NC(=O)C(C)NC)C(=O)N1CCCC1C(=O)NC2CCCc3ccccc23'],,,,,
441,BRD-A69454249,['73707579'],['COc1cc(CC(C)(N)C(O)=O)ccc1OS(O)(=O)=O'],,,,,
442,BRD-A69470004,['44143243'],['CC(C)C(NC(=O)C(C)N)C(=O)N1CCCC1C(=O)NC(c2ccccc2)c3ccccc3'],,,,,
443,BRD-A70311631,['24820091'],['Cc1cc(C)n(CC(=O)NC2CCCc3c2cnn3c4ccc(C)c(C)c4)n1'],,,,,
444,BRD-A70541707,['12321145'],['CN(C)CC(O)Cn1c2cc(Cl)ccc2sc2cc(=O)c(=O)cc12'],,,,,
445,BRD-A70591769,['24868886'],['COC(=O)C1=CN(Cc2cc3OCOc3cc2Br)C(C=C(CCCO)C=C1C(=O)OC)c4ccc(CN5CCCC5)cc4'],,,,,
446,BRD-A70633932,['23786305'],['CCCCCC1OC2=C(C(O)C1(C)O)C(=O)N(OC)C2CSCC(O)C(=O)O'],,,,,
447,BRD-A70879086,['6621039'],['CC1CN(CC(C)O1)c2nc3ccccc3nc2SCC(=O)Nc4ccccc4'],,,,,
448,BRD-A71339955,['4624993'],['CCc1sc(nc1c2ccccc2)N3C(=O)C4C5CCC(C4C3=O)C5=C(C)C'],,,,,
449,BRD-A71707563,['3136845'],['Cc1cc(C)c2C3C=CCC3C(Nc2c1)c4cc5OCOc5cc4Br'],,,,,
450,BRD-A72069525,['551940'],['COc1cc(cc(F)c1OC)C(O)CNC(C)C'],,,,,
451,BRD-A72498772,['16654605'],['CCOC(=O)C1=C(CN2CCc3ccccc23)NC(=O)NC1c1ccc(F)cc1'],,,,,
452,BRD-A72796238,['2978593'],['CCOC(=O)C1=C(CN2CCc3ccccc23)NC(=O)NC1c4cccc(c4)[N+](=O)[O-]'],,,,,
453,BRD-A72837804,['6621029'],['CC1CN(CC(C)O1)c2nc3ccccc3nc2SCC(=O)NCCc4ccccc4'],,,,,
454,BRD-A73513677,['5742565'],['CC(=N)C(C#N)C(=O)COC(=O)c1cc(C)n(c1C)c2ccc(F)cc2'],,,,,
455,BRD-A73558769,['20856774'],['CCOc1ccccc1C1N2CCCC2C(=O)N1c1ccc(Cl)cc1'],,,,,
456,BRD-A73594579,['6621824'],['CC(C)CC1C(=C(C)Nc2nc(SCc3cccc(C)c3)nn12)C(=O)Nc4ccccc4'],,,,,
457,BRD-A73747855,['3240990'],['CC1CCCN(C1)C(C(=O)Nc2ccc3OCCOc3c2)c4ccccc4'],,,,,
458,BRD-A73847809,['44510770'],['COc1cccc2cc(oc12)C(=O)C3C(N(C(=O)C3=O)c4nc(C)c(C)s4)c5ccco5'],,,,,
459,BRD-A73929928,['23581828'],['OC[C@H]1O[C@H]([C@@H](O)C1O)n1cnc2c(N[C@H]3CCC[C@@H]3O)ncnc12'],,,,,
460,BRD-A74134989,['3950572'],['CCC(C)(N(Cc1cccs1)C(=O)c2ccccn2)C(=O)NC3CCCC3'],,,,,
461,BRD-A74382794,['3593902'],['COc1cc(cc(OC)c1OC)C(=O)NCCC(=O)NC2CCCc3ccccc23'],,,,,
462,BRD-A74608937,['44143235'],['CNC(C)C(=O)NC(C(C)C)C(=O)N1CCCC1C(=O)Nc2ccc3ncccc3c2'],,,,,
463,BRD-A74699940,['2941514'],['COC(Cc1nc2ccccc2s1)C(=O)O'],,,,,
464,BRD-A74767450,['57241630'],['OC[C@H]1O[C@H](C(O)C1O)n1cnc2c(Nc3ccc(cc3)S(O)(=O)=O)ncnc12'],,,,,
465,BRD-A74983348,['24747150'],['CC(=O)OC1CCC2C3CCC4=CC(=O)CCC4(C)C3CCC2(C)[C@]1(C)O'],,,,,
466,BRD-A75106577,['44537694'],['OC1N2CCCCCC2=Nc2cccc(F)c12'],,,,,
467,BRD-A75301702,['25109904'],['N=c1c2C(c3ccccc3)c3c(Oc2ccn1Cc1ccccc1)ccc1ccccc31'],,,,,
468,BRD-A75471153,['23815265'],['C[C@@H]1CCC2C(C)(C)[C@H](O)CC[C@]2(C)[C@]31Cc4c(O3)c5CN([C@@H](CCC(=O)O)C(=O)O)C(=O)c5cc4O'],,,,,
469,BRD-A75558199,['60138104'],['Fc1ccc(c(F)c1)-n1ncc2C(CCCc12)NC(=O)c1ccccc1'],,,,,
470,BRD-A75769921,['73707590'],['COc1cc(N=[N+]=[N-])c(I)cc1C(=O)NC1CCN(Cc2ccccc2)C1C'],,,,,
471,BRD-A76641868,['663281'],['CCN1CCN(CC1)c1nc2ccccc2nc1C(C#N)C(=O)OC1CCCCC1'],,,,,
472,BRD-A76732176,['590894'],['COc1ccccc1CN2CC(CC2=O)C(=O)O'],,,,,
473,BRD-A77098556,['44348677'],['CNC(=O)[C@H]1O[C@H]([C@@H](O)C1O)n1cnc2c(NCc3cccc(I)c3)nc(Cl)nc12'],,,,,
474,BRD-A77577770,['363417'],['CCCCCCCCCCCCCCCC(=O)OC(CC(O)=O)C[N+](C)(C)C'],,,,,
475,BRD-A77704559,['23874489'],['COC1OC(=O)C(CCC2(C)C(C)CCC3(C)C2CC(O)C(O)C43CO4)C1O'],,,,,
476,BRD-A77864279,['37033'],['CN(C)C1CCc2c(C1)ccc(O)c2O'],,,,,
477,BRD-A78236793,['68735707'],['COc1cc2C(CN(C)CCc2cc1Br)c1ccc(N)cc1'],,,,,
478,BRD-A79058669,['913'],['CNCC(O)c1ccccc1'],,,,,
479,BRD-A80536908,['13564432'],['C[C@H](NC(=O)CCC1CCC(=O)N1)c2ccccc2'],,,,,
480,BRD-A81045722,['17757110'],['CCCCN1C(Nc2ccccc2C1=O)c1ccc(OC)c(COc2ccc(NC(C)=O)cc2)c1'],,,,,
481,BRD-A81282034,['23786279'],['C[C@H]1[C@H]2[C@@H](CC1=O)C(=C)C[C@@H](OC(=O)/C(=C/CO)/COC(=O)/C(=C/CO)/C)C3[C@@H]2OC(=O)C3=C'],,,,,
482,BRD-A81372523,['3843095'],['Cc1cccc(NC(=O)C2CC3CCC2C3)c1C'],,,,,
483,BRD-A81377415,['60138070'],['C(Nc1ncnc2ccc(cc12)-c1ccc2OCOc2c1)C1CCOC1'],,,,,
484,BRD-A81389811,['25243780'],['Fc1cccc(F)c1S(=O)(=O)NC2CCN(C2)S(=O)(=O)c3ccc4OCCOc4c3'],,,,,
485,BRD-A81416315,['17757294'],['COc1ccc(cc1COc1ccc(NC(C)=O)cc1)C1Nc2ccccc2C(=O)N1Cc1ccncc1'],,,,,
486,BRD-A81472640,['22326433'],['NC(Cc1ccc(O)c(O)c1Cl)C(O)=O'],,,,,
487,BRD-A81530502,['23947494'],['COc1ccc(cc1)/C(=N/N2C(Nc3ccccc3C2=O)c4ccccc4O)/C'],,,,,
488,BRD-A81936046,['73707403'],['CO[C@H]1C2OP(O)(=O)OC[C@H]2O[C@H]1n1c(Sc2ccc(Cl)cc2)nc2c(N)ncnc12'],,,,,
489,BRD-A82197375,['25109908'],['CCOC(=O)CCC(=O)Nc1ncnc2Oc3ccc4ccccc4c3C(c5ccccc5)c12'],,,,,
490,BRD-A82323890,['15115512'],['CCCN(CCc1ccc(N)cc1)C1CCc2c(O)cccc2C1'],,,,,
491,BRD-A82628254,['3151270'],['CC1CCN(CN2CC(COc3ccccc3C)OC2=O)CC1'],,,,,
492,BRD-A82913781,['4061190'],['CCOC(=O)C1=C(C)N=c2s\\c(=C/c3cc(Cl)c(OCC(O)=O)c(Cl)c3)c(=O)n2C1c1cccc(OC)c1'],,,,,
493,BRD-A82976242,['44825307'],['O=Cc1ccc(cc1)N1CCN(CC1)[S+]([O-])(=O)c1ccc2NC(=O)Cc2c1'],,,,,
494,BRD-A83255679,['3136844'],['Brc1cc2OCOc2cc1C3Nc4ccccc4C5C=CCC53'],,,,,
495,BRD-A83402799,['3500831'],['CN(Cc1ccccc1)C(=O)C2CCCN(Cc3cccc(Cl)c3)C2'],,,,,
496,BRD-A83706824,['60138081'],['C(Nc1ncnc2ccc(cc12)-c1ccc2OCOc2c1)C1CCCCO1'],,,,,
497,BRD-A83802330,['3964693'],['CCC(C)(N(Cc1ccco1)C(=O)c2ccccn2)C(=O)NC3CCCCC3'],,,,,
498,BRD-A83993876,['25243785'],['Fc1cccc(F)c1S(=O)(=O)N2CCC(C2)NS(=O)(=O)c3ccc4OCCOc4c3'],,,,,
499,BRD-A84066268,['5303'],['CC12CCC3C(CCC4(O)CC(O)CCC34C=O)C2(O)CCC1C5=CC(=O)OC5'],,,,,
500,BRD-A84098870,['2820091'],['CSc1sc(C(=O)NN)c2CCCC(O)c12'],,,,,
501,BRD-A84102390,['73707363'],['CS(=O)(=O)CCOC(=O)C1=CN(Cc2cccc(OC(F)(F)F)c2)C(C=C(CCCO)C=C1C(=O)OCCS(=O)(=O)C)c3ccc(CN4CCCC4)cc3'],,,,,
502,BRD-A84238007,['3122973'],['CC1CCc2c(C#N)c(NC(=O)c3cc4nc(cc(n4n3)C(F)(F)F)c5ccccc5)sc2C1'],,,,,
503,BRD-A84280790,['14896501'],['CN(CC#CCN1CCCC(CO)C1)C(=O)C'],,,,,
504,BRD-A84423900,['9994677'],['CSc1ccc(cc1)C2CN3CCCC3c4ccccc24'],,,,,
505,BRD-A84445767,['60138102'],['Fc1ccc(c(F)c1)-n1ncc2C(CCCc12)NC(=O)c1cccs1'],,,,,
506,BRD-A84524947,['541832'],['CNCC(O)c1cc(F)c(OCc2ccccc2)c(OCc3ccccc3)c1F'],,,,,
507,BRD-A84909344,['4879298'],['Brc1ccc2NC(=O)C3(NNc4ccccc4O3)c2c1'],,,,,
508,BRD-A85712510,['44142161'],['FC(F)(F)c1ccc(cc1)S(=O)(=O)NC2CCN(C2)C#N'],,,,,
509,BRD-A85891951,['25109906'],['O=C(Cc1ccccc1)Nc2ncnc3Oc4ccc5ccccc5c4C(c6ccccc6)c23'],,,,,
510,BRD-A86146706,['73707555'],['NC(Cc1cc(O)c(O)c(Cl)c1)C(O)=O'],,,,,
511,BRD-A86792397,['25109896'],['COc1cccc(C2c3c(Oc4ncn(-c5ccccc5)c(=N)c24)ccc2ccccc32)c1OC'],,,,,
512,BRD-A87384553,['24123691'],['O=C(NC(Cc1ccccc1)Cn1cc(CN2C(COCC2=O)c2ccccc2)nn1)Nc1ccccc1'],,,,,
513,BRD-A87455648,['3157053'],['CC(C)OCCCNC(=O)c1ccc(cc1)C2SCC(=O)N2Cc3ccco3'],,,,,
514,BRD-A88029023,['2951539'],['CC(Oc1ccc(Cl)cc1C)C(=O)Nc2ccc(cc2)C(=O)Nc3ccccc3C(=O)O'],,,,,
515,BRD-A88504692,['2956635'],['CCn1cc(C(C)NC(=S)Nc2cccc(c2)[N+](=O)[O-])c(C)n1'],,,,,
516,BRD-A88765664,['73707527'],['C[C@@]12CC[C@@H]3[C@@]4(C)C=CC(=O)C(C)(C)C4C(=O)C(=O)[C@@]3(C)[C@]11O[C@@H]1C[C@H]2c1ccoc1'],,,,,
517,BRD-A88878656,['16190091'],['CC(C)Oc1cccc(c1)C(=O)C2CCCN(C2)C(=O)Cn3nc(C)cc3C'],,,,,
518,BRD-A89049230,['25246343'],['COc1ccc(cc1COc1ccc(NC(C)=O)cc1)C1Nc2cccc(O)c2C(=O)N1Cc1ccccc1'],,,,,
519,BRD-A89067742,['2815576'],['O=C(Nc1cccs1)N2CCN(CC2)C(=O)C3CCCO3'],,,,,
520,BRD-A89208012,['6071382'],['OC(=O)CCC=CCC1COC(OC1c2ccccc2O)c3ccccc3Cl'],,,,,
521,BRD-A89333723,['23863814'],['NC(=O)N1C(=O)C2C(C3C(N(Cc4cccc(OC(F)(F)F)c4)C2C=C3CCCO)c5ccc(CN6CCCC6)cc5)C1=O'],,,,,
522,BRD-A89494828,['25109888'],['COc1cccc(c1)C1c2c(Oc3ncn(-c4ccccc4)c(=N)c13)ccc1ccccc21'],,,,,
523,BRD-A89907244,['23777133'],['NC(=O)N1C(=O)C2C(C3C(C4CC4)N(Cc5sc6ccccc6c5Cl)C2C=C3c7ccc(CO)cc7)C1=O'],,,,,
524,BRD-A90643929,['6729274'],['OCCOc1ccccc1C1N2C(C(C(=O)NCC(O)c3ccccc3)C11C(=O)Nc3ccc(cc13)C#CC1=CCCCC1)C(=O)OC(C2c1ccccc1)c1ccccc1'],,,,,
525,BRD-A91404865,['54664810'],['CC1C=NC(=N1)S(=O)(=O)N1CC[C@@H]2[C@H]1c1cc(ccc1N(C)[C@@H]2CO)-c1ccccc1F'],,,,,
526,BRD-A92334183,['73707554'],['NC(Cc1ccc(O)c(O)c1)C(=O)NCCCC(O)=O'],,,,,
527,BRD-A93015352,['3124281'],['OC(COc1cccc2cccnc12)Cn3c4ccccc4c5ccccc35'],,,,,
528,BRD-A93048969,['23581798'],['CN1[C@H]2CC(C[C@@H]1[C@H]3O[C@H]32)OC(=O)[C@H](CO)c4ccccc4'],,,,,
529,BRD-A93426597,['16681731'],['OC(C(=O)N1CCC(CC1)Nc1ccc2[nH]ncc2c1)c1ccc(Br)cc1'],,,,,
530,BRD-A93507363,['50897801'],['Cc1cccc(C)c1OCc1cccc(c1)C1Nc2ccccc2C(=O)N1Cc1ccco1'],,,,,
531,BRD-A93942655,['44640136'],['CC(OC(=O)c1ccc(c(c1)[N+]([O-])=O)S(C)(=O)=O)C(=O)NC1C2CC3CC(C2)CC1C3'],,,,,
532,BRD-A93975555,['44142099'],['COc1ccc(cc1OC2CCOC2)C3=Nn4c(nnc4SC3)c5ccccc5OC'],,,,,
533,BRD-A94297859,['46948705'],['CNC(C)C(=O)NC(C(C)C)C(=O)NC(C)C(=O)Nc1cccc2ccccc12'],,,,,
534,BRD-A94381689,['23815298'],['CO[C@H]1C(O[C@@H]2C[C@H]3O[C@@H]([C@@H](O)[C@H](O)[C@]3(O)O[C@H]12)C(=O)OC)n4cnc5c(N)ncnc45'],,,,,
535,BRD-A94546435,['23786410'],['CC1(C)CC[C@@]2(CC[C@]3(C)C(=CCC4[C@@]5(C)CC[C@H](O)[C@](C)(C5CC[C@]43C)C(=O)O)C2C1)C(=O)O[C@@H]6O[C@H](CO[C@@H]7O[C@H](CO)[C@@H](O)[C@H](O)[C@H]7O)[C@@H](O)[C@H](O[C@@H]8O[C@H](CO)[C@@H](O)[C@H](O)[C@H]8O)[C@H]6O'],,,,,
536,BRD-A94567954,['3719993'],['COc1ccc(cc1OC)C2c3c(Oc4ccc5ccccc5c24)ncn(CCN6CCOCC6)c3=N'],,,,,
537,BRD-A94570195,['4464266'],['Nc1ncnc2Oc3ccc4ccccc4c3C(c5ccccc5)c12'],,,,,
538,BRD-A94675310,['3298213'],['CN(C(CN1CCCC1)c2ccccc2)C(=O)Cc3ccccc3'],,,,,
539,BRD-A95504714,['16273161'],['Brc1ccc(cc1)C(=O)NCCC(=O)NC2CCCc3ccccc23'],,,,,
540,BRD-A95795120,['44460176'],['CCC(=O)NC(c1cccs1)c1cc([N+]([O-])=O)c2cccnc2c1OC'],,,,,
541,BRD-A95820578,['24039271'],['C/C=C/C1OC2=C(C(O)C1O)C(=O)OC2=C'],,,,,
542,BRD-A95937159,['24242928'],['CCC1CCc2sc(cc2C1)C(=O)Nc1cc(ccc1OC)S(=O)(=O)N1CCOCC1'],,,,,
543,BRD-A95944315,['23834891'],['OCCCOc1ccc(cc1)C2=N[C@](CCS(=O)(=O)c3ccccc3)([C@H](O2)c4ccccc4)C(=O)NCC(O)CO'],,,,,
544,BRD-A96006241,['46948702'],['CC(C)C(NC(=O)C(C)N)C(=O)NC(C)C(=O)Nc1cccc2ccccc12'],,,,,
545,BRD-A96272097,['2986153'],['COC(=O)CC1N(CCNC1=O)C(=O)OC(C)(C)C'],,,,,
546,BRD-A96746500,['60138082'],['C(Nc1ncnc2ccc(cc12)-c1ccc2OCOc2c1)C1CCCO1'],,,,,
547,BRD-A96749488,['46943317'],['COc1cc(O)c(C(CC(=O)N2CCCC(C)C2)c2ccccc2)c(OC)c1'],,,,,
548,BRD-A97035593,['44143237'],['CNC(C)C(=O)NC(C(C)C)C(=O)N1CCCC1C(=O)NNc2ccccc2'],,,,,
549,BRD-A98050686,['2838441'],['CCN(CC)C(=O)C1CCCN(Cc2cccc(Cl)c2)C1'],,,,,
550,BRD-A98200599,['570188'],['OC1(NC(=O)c2ccccc2O1)c3ccccc3'],,,,,
551,BRD-A98248982,['3238551'],['COc1ccc(CCN(C)C(=O)C2CCCN(Cc3ccc(OC)c(OC)c3)C2)cc1OC'],,,,,
552,BRD-A98444709,['17757092'],['CN1CCCCC1CNc2ncnc3ccc(cc23)c4c(C)noc4C'],,,,,
553,BRD-A98777808,['1915'],['Nc1nc(=O)c2nc(Br)n(C3OC4COP(=O)(O)OC4C3O)c2[nH]1'],,,,,
554,BRD-A98888159,['14205635'],['COc1cc(CC2COC(C2COC(=O)/C=C/c3ccc(O)cc3)c4ccc(O)c(OC)c4)ccc1O'],,,,,
555,BRD-A99218607,['44142125'],['OC1c2ccccc2CCc3ccc(cc13)S(=O)(=O)C(F)(F)F'],,,,,
556,BRD-A99518825,['4207918'],['COc1ccc(CN2CCCC(C2)C(=O)N3CCCC3)c(OC)c1OC'],,,,,
557,BRD-A99702332,['54664811'],['CC1C=NC(=N1)S(=O)(=O)N1CC[C@@H]2[C@H]1c1cc(ccc1N(C)[C@H]2CO)-c1ccccc1F'],,,,,
558,BRD-A99879977,['23757372'],['COc1ccc(CN2C(C)Cc3cc(OC)c(OC)cc3C2C=C)cc1'],,,,,
559,BRD-A99911370,['44142080'],['ON1C(Nc2ccccc2C1=O)c3ccc(o3)c4cccc(F)c4'],,,,,
560,BRD-K00007652,['44507092'],['C[C@@H](CO)N1C[C@@H](C)[C@@H](CN(C)Cc2ccc(cc2)C(=O)Nc3ccccc3N)Oc4ccc(cc4CC1=O)N(C)C'],,,,,
561,BRD-K00028814,['44142046'],['Cc1cccc(CNc2ncnc3ccc(cc23)c4ccc5OCCOc5c4)c1'],,,,,
562,BRD-K00036326,['60184829'],['COc1cccc(c1)-c1ccc(cc1)[C@@H]1[C@@H]2CNC[C@H]1N2C(=O)Nc1ccccc1F'],,,,,
563,BRD-K00043782,['56835356'],['COc1ccc(CNC(=O)N(C)C[C@H]2OCc3ccccc3-c4c(C(=O)N(C[C@@H]2C)[C@@H](C)CO)n(C)c5ccccc45)cc1'],,,,,
564,BRD-K00061590,['54631285'],['CO[C@@H]1CN(C)C(=O)c2cc(NC(=O)C3CC3)ccc2OC[C@H](C)N(Cc2ccc(OC)cc2)C[C@@H]1C'],,,,,
565,BRD-K00064877,['54637689'],['C[C@@H](CO)N1C[C@H](C)[C@H](CN(C)S(=O)(=O)c2c(C)noc2C)OCc3ccccc3-c4c(C1=O)n(C)c5ccccc45'],,,,,
566,BRD-K00064929,['44490664'],['COc1ccc(CN(C)C[C@H]2Oc3ccc(NC(=O)Cc4ccccc4)cc3C(=O)N(C[C@H]2C)[C@H](C)CO)cc1'],,,,,
567,BRD-K00069117,['54649961'],['CCCNC(=O)N1[C@@H](CO)[C@@H]([C@@H]1C#N)c1ccc(cc1)-c1ccccc1F'],,,,,
568,BRD-K00083176,['54618647'],['C[C@@H](O)C#Cc1cnc2O[C@@H](CN(C)C(=O)Cc3ccncc3)[C@H](C)CN([C@H](C)CO)C(=O)c2c1'],,,,,
569,BRD-K00113100,['54657981'],['COc1ccccc1CNC(=O)C[C@@H]1CC[C@H]2[C@@H](COC[C@H](O)CN2Cc2cccc(c2)-c2ccncc2)O1'],,,,,
570,BRD-K00117639,['44493261'],['C[C@H](CO)N1C[C@H](C)[C@H](CN(C)Cc2ccc(Cl)c(Cl)c2)Oc3ccc(NC(=O)CCN4CCOCC4)cc3C1=O'],,,,,
571,BRD-K00124439,['54649967'],['OC[C@H]1[C@H]([C@H](C#N)N1C(=O)Cc1ccccn1)c1ccc(cc1)C#CC1CC1'],,,,,
572,BRD-K00141503,['60191328'],['CS(=O)(=O)N1C[C@@H]2[C@@H]([C@@H](CO)N2C(=O)C1)c1ccc(Br)cc1'],,,,,
573,BRD-K00144236,['54620273'],['CCCN(C)C[C@@H]1Oc2cc(C#Cc3ccncc3)ccc2S(=O)(=O)N(C[C@@H]1C)[C@@H](C)CO'],,,,,
574,BRD-K00150267,['54638688'],['OC[C@H]1O[C@@H](CC(=O)N2CCc3ccccc3C2)CC[C@H]1NC(=O)Nc1cc(F)ccc1F'],,,,,
575,BRD-K00172657,['54654166'],['CNC(=O)C[C@H]1CC[C@@H]2[C@H](COc3ccc(NC(=O)c4cc(F)cc(F)c4)cc3C(=O)N2C)O1'],,,,,
576,BRD-K00175211,['54638944'],['OC[C@H]1O[C@@H](CC(=O)NC2CCC2)C=C[C@@H]1NC(=O)C1CC1'],,,,,
577,BRD-K00177096,['54619430'],['CCCN(C)C[C@H]1Oc2cc(C#CCC3CCCC3)ccc2S(=O)(=O)N(C[C@@H]1C)[C@H](C)CO'],,,,,
578,BRD-K00179355,['44619373'],['C[C@@H](CO)N1C[C@H](C)[C@H](CN(C)Cc2ccccc2)OCCCC[C@@H](C)Oc3ccc(NC(=O)c4ccncc4)cc3C1=O'],,,,,
579,BRD-K00183357,['54664977'],['COc1ccccc1CN1CC[C@@H]2[C@H]1c1cc(ccc1N[C@H]2CO)C#Cc1ccccc1'],,,,,
580,BRD-K00185670,['49843291'],['C[C@H](CO)N1C[C@@H](C)[C@H](CN(C)S(=O)(=O)c2ccc(Cl)cc2)OCCCC[C@H](C)Oc3ccc(NC(=O)Nc4c(C)noc4C)cc3C1=O'],,,,,
581,BRD-K00188019,['54615044'],['C[C@H](CO)N1C[C@@H](C)[C@H](CN(C)Cc2ccccc2)OCCCC[C@@H](C)Oc3ccc(NC(=O)c4ccncc4)cc3C1=O'],,,,,
582,BRD-K00196194,['54631426'],['CO[C@@H]1CN(C)C(=O)c2cc(NS(=O)(=O)c3ccc(C)cc3)ccc2OC[C@@H](C)N(C[C@H]1C)C(=O)NC(C)C'],,,,,
583,BRD-K00199388,['60185093'],['COCC(=O)N1C[C@]2(CCN(CC2)C(=O)c2ccccn2)c2c([C@H]1CO)n(C)c1cc(OC)ccc21'],,,,,
584,BRD-K00199686,['54646100'],['COc1ccc(cc1)S(=O)(=O)Nc2ccc3O[C@@H]4[C@@H](C[C@H](CC(=O)N(C)C)O[C@H]4CO)c3c2'],,,,,
585,BRD-K00203625,['702927'],['COc1cc(OC)cc(c1)C(=O)Nc2nc[nH]n2'],,,,,
586,BRD-K00224166,['54657932'],['CN1CCN(CC1)C(=O)C[C@H]1CC[C@H]2[C@@H](COC[C@H](O)CN2C(=O)c2ccccc2F)O1'],,,,,
587,BRD-K00232157,['60189935'],['CCC(=O)N1CC2(C1)[C@@H]([C@@H](CO)N2S(=O)(=O)CC)c1ccc(cc1)-c1ccc(C)cc1'],,,,,
588,BRD-K00241248,['54618408'],['C[C@@H](CO)N1C[C@@H](C)[C@@H](CN(C)Cc2ccc(cc2)C(=O)O)Oc3ncc(C#CCc4ccccc4)cc3C1=O'],,,,,
589,BRD-K00248354,['54619990'],['C/C=C/c1ccc2c(O[C@H](CN(C)C(=O)C3CCCCC3)[C@H](C)CN([C@@H](C)CO)S2(=O)=O)c1'],,,,,
590,BRD-K00248931,['54654596'],['CN1[C@H]2CC[C@@H](CC(=O)NCc3ccc4OCOc4c3)O[C@H]2COc2ccc(NC(=O)C3CCOCC3)cc2C1=O'],,,,,
591,BRD-K00256256,['44607965'],['[O-][N+](=O)c1cccc(c1)S(=O)(=O)n1cccc1\\C=C(/C#N)S(=O)(=O)c1ccc(F)cc1'],,,,,
592,BRD-K00256608,['54649152'],['CO[C@@H](CN(C)C(=O)Nc1ccc(F)cc1)[C@@H](C)CN(Cc1ccccc1Cl)[C@@H](C)CO'],,,,,
593,BRD-K00259552,['54646233'],['C[C@H](NC(=O)C[C@@H]1C[C@H]2[C@H](Oc3ccc(NC(=O)Nc4ccc(cc4)C(F)(F)F)cc23)[C@@H](CO)O1)c5ccccc5'],,,,,
594,BRD-K00262667,['54638930'],['OC[C@H]1O[C@H](CC(=O)NCc2ccc(Cl)c(Cl)c2)CC[C@H]1NS(=O)(=O)c1ccc(F)cc1'],,,,,
595,BRD-K00270349,['44491404'],['C[C@@H](CO)N1C[C@H](C)[C@H](CN(C)Cc2ccc(Cl)c(Cl)c2)Oc3c(NS(=O)(=O)C)cccc3C1=O'],,,,,
596,BRD-K00278564,['54618511'],['C[C@@H](CO)N1C[C@@H](C)[C@@H](CN(C)C(=O)C2CCCCC2)Oc3ncc(C#Cc4ccccc4F)cc3C1=O'],,,,,
597,BRD-K00289828,['855567'],['CCc1cc2cc3OCOc3cc2nc1SCC(=O)OC(C)C'],,,,,
598,BRD-K00303543,['60189938'],['OC[C@@H]1[C@@H](c2ccccc2)C2(CN(C2)C(=O)Nc2ccccc2F)N1C(=O)CC1CC1'],,,,,
599,BRD-K00313977,['53338852'],['CC(C)N1Cc2sc(NC(C)=O)c(-c3nc4ccccc4s3)c2C1'],,,,,
600,BRD-K00314651,['54638316'],['COc1ccc(cc1)S(=O)(=O)N[C@H]1CC[C@@H](CC(=O)N2CCC(Cc3ccccc3)CC2)O[C@H]1CO'],,,,,
601,BRD-K00317040,['71758993'],['COc1ccc2c3c([C@@H](CO)NC[C@]33CCN(CC4CCCCC4)CC3)n(C)c2c1'],,,,,
602,BRD-K00342680,['54639025'],['CN1CCN(CC1)C(=O)C[C@@H]1CC[C@@H](NC(=O)c2ccc3OCOc3c2)[C@H](CO)O1'],,,,,
603,BRD-K00346458,['54631998'],['COCC(=O)Nc1ccc2c(OC[C@H](C)N(C[C@@H](C)[C@H](CN(C)C2=O)OC)C(=O)NC(C)C)c1'],,,,,
604,BRD-K00347265,['54645953'],['OC[C@H]1O[C@@H](CC(=O)NC2CCCC2)C[C@@H]3[C@H]1Oc4ccc(NC(=O)C5CCC5)cc34'],,,,,
605,BRD-K00348196,['60189639'],['COCC(=O)N1C[C@]2(CN(Cc3ccccc3)C2)c2c([C@H]1CO)n(C)c1cc(OC)ccc21'],,,,,
606,BRD-K00349278,['54646393'],['OC[C@H]1O[C@@H](CC(=O)NCCc2ccccc2)C[C@H]3[C@@H]1Oc4ccc(NC(=O)C5CCC5)cc34'],,,,,
607,BRD-K00362189,['44618274'],['C[C@@H](CO)N1C[C@H](C)[C@@H](CN(C)C(=O)NC2CCCCC2)OCCCC[C@H](C)Oc3ccc(NS(=O)(=O)c4c(C)noc4C)cc3C1=O'],,,,,
608,BRD-K00366212,['46873819'],['COc1cccc2c(NCc3ccccc3)nc(nc12)N1CCOc2ccccc12'],,,,,
609,BRD-K00381581,['54649295'],['CO[C@H](CN(C)S(=O)(=O)c1ccc(F)cc1)[C@H](C)CN([C@@H](C)CO)C(=O)Nc1ccccc1F'],,,,,
610,BRD-K00382464,['54638698'],['Cc1noc(C)c1NC(=O)NCC[C@H]1CC[C@H](NC(=O)c2ccc(F)cc2)[C@@H](CO)O1'],,,,,
611,BRD-K00390580,['746627'],['N#Cc1ccc(Oc2ccc(cc2)-c2ccccc2)cc1C#N'],,,,,
612,BRD-K00391235,['56835337'],['CO[C@H](C(=O)N(C)C[C@H]1OCc2ccccc2-c3c(C(=O)N(C[C@@H]1C)[C@@H](C)CO)n(C)c4ccccc34)c5ccccc5'],,,,,
613,BRD-K00398667,['60192049'],['COCC(=O)N1[C@H](CO)[C@@H](c2ccccc2)C11CN(C1)C(=O)Cc1ccccn1'],,,,,
614,BRD-K00409771,['60187515'],['COc1ccc2c3c([nH]c2c1)[C@@H](CO)N(Cc1ccccc1)C[C@]31CCN(Cc2cncnc2)CC1'],,,,,
615,BRD-K00411687,['54657885'],['COc1cccc(c1)S(=O)(=O)N1C[C@H](O)COC[C@@H]2O[C@@H](CC(=O)NCCCN3CCOCC3)CC[C@@H]12'],,,,,
616,BRD-K00412766,['60187786'],['CN1[C@H](CO)[C@@H]2CCN([C@@H]2c2cc(ccc12)C1=CCCCC1)C(=O)NC1CCCC1'],,,,,
617,BRD-K00422823,['54654350'],['COC(=O)C[C@@H]1CC[C@H]2[C@H](COc3ccc(NC(=O)c4cccc(Cl)c4)cc3C(=O)N2C)O1'],,,,,
618,BRD-K00429057,['44490923'],['C[C@H](CO)N1C[C@H](C)[C@@H](CN(C)C(=O)Nc2ccc(F)cc2)OCCCC[C@H](C)Oc3ccc(NS(=O)(=O)c4ccccc4)cc3C1=O'],,,,,
619,BRD-K00430421,['44143154'],['Fc1cccc(F)c1S(=O)(=O)N2CCN(CC2)S(=O)(=O)c3ccc4ccccc4c3'],,,,,
620,BRD-K00434250,['54637773'],['C[C@H](CO)N1C[C@H](C)[C@H](CN(C)C(=O)[C@H]2CCCN2C)OCc3ccccc3-c4ccccc4C1=O'],,,,,
621,BRD-K00436546,['54646372'],['CN(C)CC(=O)Nc1ccc2O[C@H]3[C@H](C[C@@H](CC(=O)NCc4ccc(cc4)c5ccccc5)O[C@@H]3CO)c2c1'],,,,,
622,BRD-K00442147,['1871033'],['Fc1ccc(cc1)C(=O)OCC#CCSc1nnc(o1)-c1ccccc1'],,,,,
623,BRD-K00449983,['54649441'],['C\\C=C\\c1cccc(c1)-c1nc(cc2CN([C@H](CCO)c12)[S@](=O)C(C)(C)C)C(=O)NCc1ccccc1'],,,,,
624,BRD-K00458136,['44618831'],['C[C@H](CO)N1C[C@@H](C)[C@H](CN(C)C(=O)c2ccncc2)OCCCC[C@H](C)Oc3ccc(NC(=O)c4ccncc4)cc3C1=O'],,,,,
625,BRD-K00468432,['44504957'],['COc1cccc(c1)S(=O)(=O)N(C)C[C@@H]2OCc3cn(CCCC(=O)N(C[C@H]2C)[C@@H](C)CO)nn3'],,,,,
626,BRD-K00472408,['56835589'],['CC(C)(C)S(=O)N1Cc2cc(nc(c2[C@H]1CCO)c3cccc(C#CC(C)(C)O)c3)C(=O)NCCCN4CCOCC4'],,,,,
627,BRD-K00474848,['54638567'],['CCCNC(=O)N[C@H]1CC[C@H](CCn2cc(nn2)-c2cccc(F)c2)O[C@@H]1CO'],,,,,
628,BRD-K00478394,['54637934'],['C[C@H](CO)N1C[C@H](C)[C@H](CN(C)S(=O)(=O)c2cccc(C#N)c2)OCc3ccccc3-c4c(C1=O)n(C)c5ccccc45'],,,,,
629,BRD-K00484200,['54660821'],['COc1ccccc1CN1[C@@H]([C@@H](CO)[C@@H]2Cn3c(cccc3=O)[C@H]12)C(=O)NCCc1ccncc1'],,,,,
630,BRD-K00486725,['24058689'],['CC(C)CNC(=O)[C@]1(CC(=O)N(CC2(CC3CC4CC(C3)C2)C4)[C@@H]1c5ccc(CO)cc5)c6ccc(cc6)[N+](=O)[O-]'],,,,,
631,BRD-K00498462,['54631323'],['CO[C@H]1CN(C)C(=O)c2cc(NS(C)(=O)=O)ccc2OC[C@H](C)N(C[C@@H]1C)C(=O)C1CCOCC1'],,,,,
632,BRD-K00505809,['60189085'],['OC[C@H]1[C@@H]([C@H]2CNCC(=O)N12)c1ccc(cc1)C1=CCCCC1'],,,,,
633,BRD-K00513921,['54654386'],['CN1[C@@H]2CC[C@@H](CC(=O)NCC(F)(F)F)O[C@H]2COc2ccc(NC(=O)Nc3ccc(C)cc3)cc2C1=O'],,,,,
634,BRD-K00518397,['60189912'],['COc1ccc2c3c([C@H](CO)NC[C@]33CN(CC4CCOCC4)C3)n(C)c2c1'],,,,,
635,BRD-K00526921,['54631401'],['CO[C@@H]1CN(C)C(=O)c2cc(NC(=O)c3nc4ccccc4s3)ccc2OC[C@H](C)N(Cc2cncnc2)C[C@H]1C'],,,,,
636,BRD-K00540336,['54666615'],['COc1ccc(cc1)-c1ccc(cc1)[C@@H]1[C@H](CO)N2CCCCN(C[C@H]12)C(=O)Cc1ccncc1'],,,,,
637,BRD-K00541156,['44142075'],['Cc1ccc(CSc2nnc(o2)c3cccc4ccccc34)cc1'],,,,,
638,BRD-K00541818,['54649442'],['C\\C=C\\c1cccc(c1)-c1nc(cc2CN([C@@H](CCO)c12)[S@@](=O)C(C)(C)C)C(=O)NCc1ccccc1'],,,,,
639,BRD-K00544996,['54638939'],['OC[C@@H]1O[C@@H](CC(=O)NC2CCC2)C=C[C@@H]1NC(=O)C1CC1'],,,,,
640,BRD-K00547540,['44502485'],['C[C@H](CO)N1C[C@H](C)[C@H](CN(C)CC2CC2)OCCCC[C@@H](C)Oc3ccc(cc3C1=O)N(C)C'],,,,,
641,BRD-K00549770,['54631541'],['CO[C@@H]1CN(C)C(=O)c2ccc(NC(=O)C3CCOCC3)cc2OC[C@H](C)NC[C@@H]1C'],,,,,
642,BRD-K00549983,['54657999'],['CN1CCN(CC1)C(=O)C[C@H]1CC[C@H]2[C@@H](COC[C@H](O)CN2S(=O)(=O)c2ccccc2C)O1'],,,,,
643,BRD-K00550058,['60184867'],['COc1ccc2c3c([nH]c2c1)[C@@H](CO)N(Cc1cc(F)ccc1F)C[C@]31CCN(CC1)C(=O)CN(C)C'],,,,,
644,BRD-K00551481,['1257352'],['Cc1cc(nn1CC(=O)n2nc(C)c(Cl)c2C)[N+](=O)[O-]'],,,,,
645,BRD-K00555438,['1582687'],['O=C(Nc1ccc(cc1)S(=O)(=O)Nc2nccs2)c3cc(nc4ccccc34)c5ccccc5'],,,,,
646,BRD-K00566471,['54631412'],['CO[C@H]1CN(C)C(=O)c2cc(NC(=O)c3ccccc3F)ccc2OC[C@@H](C)N(CC2CCOCC2)C[C@H]1C'],,,,,
647,BRD-K00568440,['54666502'],['OC[C@H]1[C@@H]([C@H]2CN(Cc3ccccn3)CCCCN12)c1ccc(Br)cc1'],,,,,
648,BRD-K00575273,['54638588'],['OC[C@@H]1O[C@@H](CC(=O)NC2CCCCC2)C=C[C@@H]1NS(=O)(=O)c1ccc(F)cc1'],,,,,
649,BRD-K00575615,['54631428'],['CO[C@@H]1CN(C)C(=O)c2cc(NS(=O)(=O)c3cn(C)cn3)ccc2OC[C@@H](C)N(CC2CC2)C[C@H]1C'],,,,,
650,BRD-K00585841,['60184986'],['CN(C)C(=O)c1cccc(c1)-c1ccc(cc1)[C@H]1[C@H]2CN(C[C@@H]1N2)C(=O)Cc1ccccc1'],,,,,
651,BRD-K00586388,['44503699'],['CC(C)NC(=O)Nc1ccc2O[C@H](C)CCCCO[C@@H](CN(C)C(=O)NC(C)C)[C@@H](C)CN([C@H](C)CO)C(=O)c2c1'],,,,,
652,BRD-K00596555,['60185144'],['CCCNC(=O)N1C[C@@]2(C1)CN(Cc1ccc(F)cc1)[C@H](CO)c1[nH]c3cc(OC)ccc3c21'],,,,,
653,BRD-K00596708,['54654243'],['CN1[C@H]2CC[C@H](CC(=O)N[C@H]3CCN(Cc4ccccc4)C3)O[C@@H]2COc2ccc(NC(=O)Nc3c(C)noc3C)cc2C1=O'],,,,,
654,BRD-K00598313,['54646609'],['COCCNC(=O)C[C@H]1C[C@H]2[C@H](Oc3ccc(NS(=O)(=O)c4ccccc4)cc23)[C@H](CO)O1'],,,,,
655,BRD-K00600835,['44617761'],['C[C@@H](CO)N1C[C@@H](C)[C@@H](CN(C)CC2CC2)OCCCC[C@@H](C)Oc3ccc(NC(=O)Nc4ccc(F)cc4)cc3C1=O'],,,,,
656,BRD-K00611064,['54654043'],['CN1[C@@H]2CC[C@H](CC(O)=O)O[C@@H]2COc2ccc(NC(=O)c3ccc(Cl)cc3)cc2C1=O'],,,,,
657,BRD-K00637033,['60138131'],['NCCC(=O)Nc1ccc(Cl)cc1C(=O)c1ccc[nH]1'],,,,,
658,BRD-K00640357,['2941340'],['CCCN(CCC)c1ncnc2n(ncc12)c3ccc(OC)cc3'],,,,,
659,BRD-K00643888,['44496898'],['CCCN(C)C[C@@H]1OCCCC[C@@H](C)Oc2ccc(NC(=O)NC(C)C)cc2C(=O)N(C[C@@H]1C)[C@@H](C)CO'],,,,,
660,BRD-K00645031,['54667053'],['OC[C@H]1[C@@H]([C@@H]2CN(Cc3ccccn3)CCCCN12)c1ccc(cc1)-c1cccnc1'],,,,,
661,BRD-K00663349,['54654407'],['CN1[C@@H]2CC[C@@H](CC(=O)NCCc3ccncc3)O[C@H]2COc2ccc(NC(=O)C3CCOCC3)cc2C1=O'],,,,,
662,BRD-K00664012,['44489862'],['C[C@H](CO)N1C[C@H](C)[C@H](CN(C)C(=O)Nc2ccc(F)cc2)OCCCC[C@H](C)Oc3ccc(NS(=O)(=O)c4ccccc4)cc3C1=O'],,,,,
663,BRD-K00668050,['71760147'],['COc1ccc2c3c([C@H](CO)NC[C@]33CN(C3)S(=O)(=O)c3ccc(C)cc3)n(C)c2c1'],,,,,
664,BRD-K00689442,['44503065'],['COc1ccc(CN(C)C[C@@H]2Oc3ccc(NC(=O)NC4CCCCC4)cc3CC(=O)N(C[C@H]2C)[C@H](C)CO)cc1'],,,,,
665,BRD-K00692337,['60192179'],['OC[C@H]1[C@@H](c2ccccc2)C2(CN(C2)C(=O)c2ccncc2)N1C(=O)CC1CC1'],,,,,
666,BRD-K00695053,['54638795'],['Cc1ccc(cc1)S(=O)(=O)NCC[C@H]1CC[C@H](NC(=O)CC2CC2)[C@H](CO)O1'],,,,,
667,BRD-K00697836,['54661273'],['COc1ccc(cc1)-c1ccc2[C@@H]3[C@H](Cn2c1=O)[C@@H](CO)[C@@H](N3S(C)(=O)=O)C(=O)NC1CCC1'],,,,,
668,BRD-K00715257,['60185087'],['COc1ccc2c3c([nH]c2c1)[C@@H](CO)N(C[C@]31CCN(CC2CCCC2)CC1)C(=O)CN1CCOCC1'],,,,,
669,BRD-K00740489,['54646085'],['OC[C@@H]1O[C@@H](CC(=O)NCc2ccccn2)C[C@@H]3[C@H]1Oc4ccc(NC(=O)C5CCC5)cc34'],,,,,
670,BRD-K00765103,['54637693'],['C[C@H](CO)N1C[C@H](C)[C@H](CN(C)S(=O)(=O)c2ccccc2C#N)OCc3ccccc3-c4ccccc4C1=O'],,,,,
671,BRD-K00766524,['54660782'],['COc1ccc(cc1)-c1ccc2[C@H]3[C@H]([C@H](CO)[C@@H](Cn2c1=O)N3C)C(=O)Nc1ccccc1'],,,,,
672,BRD-K00799745,['54618981'],['C[C@@H](CO)N1C[C@H](C)[C@H](CN(C)CC2CC2)Oc3cc(ccc3S1(=O)=O)c4cccc(C#N)c4'],,,,,
673,BRD-K00801367,['44483418'],['C[C@H](CO)N1C[C@@H](C)[C@H](CN(C)Cc2ccc3OCOc3c2)Oc4ccc(NC(=O)Cc5ccccc5)cc4C1=O'],,,,,
674,BRD-K00801770,['54638286'],['C[C@@H](NC(=O)C[C@@H]1O[C@H](CO)[C@H](NC(=O)Cc2ccccn2)C=C1)c1ccccc1'],,,,,
675,BRD-K00812396,['54654042'],['CN1[C@H]2CC[C@H](CC(=O)NCc3ccccc3Cl)O[C@@H]2COc2ccc(NC(=O)Nc3cccc(C)c3)cc2C1=O'],,,,,
676,BRD-K00816125,['54654898'],['CCCNC(=O)C[C@H]1CC[C@@H]2[C@@H](COc3ccc(NC(=O)NC(C)C)cc3C(=O)N2C)O1'],,,,,
677,BRD-K00816165,['24868992'],['C[N+](C)(C)CCCC[C@@H]1NC(=O)[C@@H]2C[C@@H]([C@@H](N2C1=O)c3cccc(OCCO)c3)C(=O)NCc4ccc(F)cc4'],,,,,
678,BRD-K00816633,['54631531'],['COCC(=O)Nc1ccc2OC[C@@H](C)N(C[C@@H](C)[C@@H](CN(C)C(=O)c2c1)OC)C(=O)Cc1cccnc1'],,,,,
679,BRD-K00818202,['60185269'],['CCS(=O)(=O)N1C[C@@]2(C1)CN(CC1CCOCC1)[C@@H](CO)c1c2c2ccc(OC)cc2n1C'],,,,,
680,BRD-K00819343,['54615055'],['C[C@H](CO)N1C[C@H](C)[C@@H](CN(C)CC2CC2)OCCCC[C@H](C)Oc3ccc(NC(=O)Nc4ccccc4)cc3C1=O'],,,,,
681,BRD-K00835201,['44491974'],['C[C@H](CO)N1C[C@@H](C)[C@H](CN(C)C)Oc2ccc(NC(=O)C3CC3)cc2CC1=O'],,,,,
682,BRD-K00842536,['54666431'],['OC[C@@H]1[C@@H]([C@@H]2CN(CCCCN12)S(=O)(=O)c1cccs1)c1ccc(\\C=C\\c2ccccc2)cc1'],,,,,
683,BRD-K00845702,['60185201'],['C\\C=C\\c1ccc(cc1)[C@H]1[C@H]2CN(C[C@@H]1N2)C(=O)CN1CCOCC1'],,,,,
684,BRD-K00846846,['44486369'],['C[C@@H](CO)N1C[C@@H](C)[C@H](CN(C)C)OCc2cn(CCCC1=O)nn2'],,,,,
685,BRD-K00859168,['895450'],['Cc1c(CC(=O)O)c(=O)oc2cc(OCC(=O)O)ccc12'],,,,,
686,BRD-K00859238,['60190969'],['OC[C@H]1[C@@H]([C@H]2CN(CC(=O)N12)S(=O)(=O)c1cccc(F)c1)c1ccc(cc1)C1=CCCC1'],,,,,
687,BRD-K00863322,['4675130'],['Clc1ccc(cc1)C(=O)OCC#CCSc2nnc(o2)c3cccc4ccccc34'],,,,,
688,BRD-K00865615,['54646592'],['COc1cccc(c1)S(=O)(=O)Nc2ccc3O[C@H]4[C@H](C[C@@H](CC(=O)NCCc5ccccc5)O[C@H]4CO)c3c2'],,,,,
689,BRD-K00868395,['54666477'],['C[C@@H](O)C#Cc1ccc(cc1)[C@H]1[C@@H](CO)N2CCCCN(C[C@H]12)C(=O)c1ccc2OCOc2c1'],,,,,
690,BRD-K00878439,['584258'],['COc1ccc(CCNC(=O)C)cc1'],,,,,
691,BRD-K00892322,['54646426'],['CN(C)CC(=O)Nc1ccc2O[C@H]3[C@H](C[C@@H](CC(=O)N4CCCCC4)O[C@H]3CO)c2c1'],,,,,
692,BRD-K00900096,['54664815'],['OC[C@H]1Nc2ccc(cc2[C@@H]2[C@H]1CCN2C(=O)c1cccc(F)c1)-c1ccccc1F'],,,,,
693,BRD-K00910650,['5712112'],['COc1cc(\\C=C\\C(=O)c2ccccc2)cc(OC)c1OC'],,,,,
694,BRD-K00913793,['44491450'],['C[C@H](CO)N1C[C@@H](C)[C@@H](CN(C)C(=O)CCC(F)(F)F)OCc2cn(CCCC1=O)nn2'],,,,,
695,BRD-K00918977,['54658079'],['CCCNC(=O)N1C[C@@H](O)COC[C@H]2O[C@H](CC(=O)N[C@@H]3CCN(Cc4ccccc4)C3)CC[C@H]12'],,,,,
696,BRD-K00925050,['44820647'],['OC(=O)c1ccc(cc1)-c1nn2c(nc(cc2=O)N2CCNCC2)s1'],,,,,
697,BRD-K00927991,['54631327'],['CO[C@@H]1CN(C)C(=O)c2ccc(NC(=O)NC(C)C)cc2OC[C@H](C)N(C)C[C@@H]1C'],,,,,
698,BRD-K00930335,['54638012'],['C[C@H](CO)N1C[C@H](C)[C@@H](CN(C)S(=O)(=O)c2ccccc2C)OCc3ccccc3-c4ccccc4C1=O'],,,,,
699,BRD-K00935206,['54645965'],['COc1ccccc1CNC(=O)C[C@H]2C[C@H]3[C@H](Oc4ccc(NC(=O)Nc5ccc(cc5)C(F)(F)F)cc34)[C@@H](CO)O2'],,,,,
700,BRD-K00944562,['23777636'],['OCCCOc1ccc(cc1)C2=N[C@@](CCS(=O)(=O)c3ccccc3)([C@@H](O2)c4ccccc4N=[N+]=[N-])C(=O)N5CCCCC5'],,,,,
701,BRD-K00946569,['54638722'],['COc1ccc(cc1)-c1cn(CC[C@@H]2CC[C@H](NC(=O)CCN3CCCCC3)[C@@H](CO)O2)nn1'],,,,,
702,BRD-K00951345,['54660860'],['CN(C)C(=O)[C@@H]1[C@@H](CO)[C@@H]2Cn3c(cccc3=O)[C@@H]2N1C(=O)C1CCC1'],,,,,
703,BRD-K00954209,['1305613'],['CC(=O)c1c(C)n(c2ccc(C)cc2)c3ccc(OC(=O)CN4C(=O)c5ccccc5C4=O)cc13'],,,,,
704,BRD-K00954272,['56835275'],['CC(C)[C@@H](C)NC(=O)N(C)C[C@@H]1OCc2ccccc2-c3ccccc3C(=O)N(C[C@@H]1C)[C@@H](C)CO'],,,,,
705,BRD-K00959946,['54645814'],['OC[C@@H]1O[C@H](CC(=O)NCCN2CCCCC2)C[C@@H]3[C@H]1Oc4ccc(NC(=O)C5CCOCC5)cc34'],,,,,
706,BRD-K00967758,['54654319'],['COC(=O)C[C@@H]1CC[C@H]2[C@H](COc3ccc(NC(=O)Nc4cc(C)cc(C)c4)cc3C(=O)N2C)O1'],,,,,
707,BRD-K00972013,['71627358'],['CC(=O)N1CC2(C1)[C@@H]([C@@H](CO)N2Cc1ccccc1F)c1ccccc1'],,,,,
708,BRD-K00991320,['44486305'],['C[C@H](CO)N1C[C@@H](C)[C@H](CN(C)Cc2ccc(Cl)c(Cl)c2)Oc3ccc(NC(=O)C4CC4)cc3CC1=O'],,,,,
709,BRD-K01006500,['54631377'],['CO[C@H]1CN(C)C(=O)c2cc(NS(=O)(=O)c3ccc(C)cc3)ccc2OC[C@@H](C)N(C[C@H]1C)C(=O)NC(C)C'],,,,,
710,BRD-K01008530,['44489265'],['C[C@@H](CO)N1C[C@@H](C)[C@@H](CN(C)C(=O)CCC(F)(F)F)OCc2cn(CCCC1=O)nn2'],,,,,
711,BRD-K01011412,['54650022'],['OC[C@H]1[C@H]([C@H](C#N)N1C(=O)c1ccc2OCOc2c1)c1ccccc1'],,,,,
712,BRD-K01023753,['54618527'],['COCC(=O)N(C)C[C@@H]1Oc2cc(ccc2S(=O)(=O)N(C[C@@H]1C)[C@@H](C)CO)c3ccccc3F'],,,,,
713,BRD-K01037390,['60185077'],['COc1ccc2c3c([nH]c2c1)[C@H](CO)N(C[C@]31CCN(Cc2cncnc2)CC1)C(=O)CN(C)C'],,,,,
714,BRD-K01048110,['44487978'],['C[C@@H](CO)N1C[C@H](C)[C@@H](CN(C)Cc2ccc(cc2)C(=O)O)Oc3c(NC(=O)NC4CCCCC4)cccc3C1=O'],,,,,
715,BRD-K01055635,['54657536'],['C[C@H](NC(=O)C[C@H]1CC[C@H]2[C@@H](COC[C@H](O)CN2C(=O)Nc2cccc(Cl)c2)O1)c1ccccc1'],,,,,
716,BRD-K01070670,['54638322'],['COc1ccc(NC(=O)N[C@@H]2CC[C@H](CCNC(=O)Nc3cc(F)ccc3F)O[C@@H]2CO)cc1'],,,,,
717,BRD-K01089529,['42640811'],['Cc1cc(-c2ccncc2)n2ncc(-c3ccccc3)c2n1'],,,,,
718,BRD-K01091374,['60192238'],['OC[C@H]1N(Cc2ccccn2)C2(CN(C(=O)CC3CC3)C2)[C@@H]1c1ccccc1'],,,,,
719,BRD-K01093405,['54616180'],['COc1ccc(CN(C)C[C@H]2OCCCC[C@@H](C)Oc3ccc(NS(=O)(=O)c4ccccc4)cc3C(=O)N(C[C@H]2C)[C@H](C)CO)cc1'],,,,,
720,BRD-K01121114,['49843203'],['Clc1cc(Cl)c(OCC(=O)N\\N=C\\c2ccc[nH]2)c(Cl)c1'],,,,,
721,BRD-K01121544,['44498144'],['C[C@H](CO)N1C[C@H](C)[C@@H](CN(C)Cc2ccc(cc2)c3ccccc3)OCc4cn(CCCC1=O)nn4'],,,,,
722,BRD-K01140360,['44490608'],['CC(C)NC(=O)Nc1ccc2O[C@@H](CN(C)Cc3ccc(cc3)c4ccccc4)[C@@H](C)CN([C@H](C)CO)C(=O)c2c1'],,,,,
723,BRD-K01146969,['56835440'],['C[C@@H](CO)N1C[C@H](C)[C@H](CN(C)C(=O)Cc2ccccc2)OCc3ccccc3-c4ccccc4C1=O'],,,,,
724,BRD-K01162658,['54618406'],['COc1ccc(cc1)S(=O)(=O)N(C)C[C@H]2Oc3ncc(/C=C/c4ccccc4)cc3C(=O)N(C[C@@H]2C)[C@@H](C)CO'],,,,,
725,BRD-K01187795,['44505798'],['C[C@@H](CO)N1C[C@H](C)[C@H](CN(C)C(=O)NC2CCCCC2)OCc3cnnn3CCCC1=O'],,,,,
726,BRD-K01193369,['60189875'],['CCCNC(=O)N1C[C@]2(CN(Cc3cccc(F)c3)C2)c2c([nH]c3cc(OC)ccc23)[C@H]1CO'],,,,,
727,BRD-K01202062,['54657817'],['O[C@H]1CN[C@H]2CC[C@@H](CC(=O)NCCc3ccncc3)O[C@@H]2COC1'],,,,,
728,BRD-K01211710,['54646595'],['COc1ccc(cc1)S(=O)(=O)Nc2ccc3O[C@H]4[C@H](C[C@H](CC(=O)NCC5CC5)O[C@@H]4CO)c3c2'],,,,,
729,BRD-K01214267,['60185000'],['CCCNC(=O)N1C[C@H]2N[C@@H](C1)[C@H]2c1ccc(cc1)-c1ccccc1C'],,,,,
730,BRD-K01221769,['54654244'],['CN1[C@H]2CC[C@H](CC(=O)N[C@@H]3CCN(Cc4ccccc4)C3)O[C@@H]2COc2ccc(NC(=O)Nc3c(C)noc3C)cc2C1=O'],,,,,
731,BRD-K01222176,['56835276'],['C[C@@H](CO)N1C[C@H](C)[C@H](CN(C)S(=O)(=O)c2cccc(F)c2)OCc3ccccc3-c4ccccc4C1=O'],,,,,
732,BRD-K01229043,['44202844'],['C[C@H](CO)N1C[C@@H](C)[C@H](CN(C)C(=O)Nc2ccc(F)cc2)Oc3ccc(NC(=O)Nc4ccc(cc4)C(F)(F)F)cc3C1=O'],,,,,
733,BRD-K01241136,['54638301'],['CN1CCN(CC1)C(=O)C[C@@H]1CC[C@H](NC(=O)Nc2c(C)noc2C)[C@@H](CO)O1'],,,,,
734,BRD-K01245760,['54654450'],['CN1[C@@H]2CC[C@H](CC(=O)NCC(F)(F)F)O[C@@H]2COc2ccc(NC(=O)c3ccccc3Cl)cc2C1=O'],,,,,
735,BRD-K01248935,['54645867'],['COCC(=O)Nc1ccc2O[C@H]3[C@H](C[C@@H](CC(=O)NCc4ccc5OCOc5c4)O[C@H]3CO)c2c1'],,,,,
736,BRD-K01265221,['779754'],['CN(C)C1=C(Cl)C(=O)N(C1=O)c2ccc(Cl)c(Cl)c2'],,,,,
737,BRD-K01275558,['54651477'],['OC[C@@H]1N[C@@H](CNC(=O)C2CCCC2)[C@@H]1c1ccccc1'],,,,,
738,BRD-K01282863,['44494440'],['CNC[C@H]1OCCCC[C@@H](C)Oc2ccc(NC(=O)C3CCCCC3)cc2C(=O)N(C[C@@H]1C)[C@H](C)CO'],,,,,
739,BRD-K01284917,['54631324'],['CO[C@H]1CN(C)C(=O)c2cc(NC(C)=O)ccc2OC[C@H](C)N(C[C@@H]1C)C(=O)c1ccc(F)cc1'],,,,,
740,BRD-K01289045,['56835353'],['C[C@@H](CO)N1C[C@@H](C)[C@H](CN(C)C(=O)[C@@H]2CCCN2C)OCc3ccccc3-c4c(C1=O)n(C)c5ccccc45'],,,,,
741,BRD-K01310096,['54646493'],['CN(C)CC(=O)Nc1ccc2O[C@@H]3[C@@H](C[C@@H](CC(=O)NC4CCCCC4)O[C@H]3CO)c2c1'],,,,,
742,BRD-K01316590,['54638279'],['Cn1cnc(c1)S(=O)(=O)N[C@H]1CC[C@H](CC(=O)NCC2CCCCC2)O[C@@H]1CO'],,,,,
743,BRD-K01317665,['54632193'],['COCC(=O)Nc1ccc2c(OC[C@@H](C)N(C[C@@H](C)[C@H](CN(C)C2=O)OC)C(=O)NC(C)C)c1'],,,,,
744,BRD-K01326303,['54646023'],['OC[C@@H]1O[C@H](CC(=O)N2CCCCC2)C[C@@H]3[C@H]1Oc4ccc(NC(=O)NC5CCCC5)cc34'],,,,,
745,BRD-K01329157,['54614997'],['CC(C)NC(=O)Nc1ccc2O[C@@H](C)CCCCO[C@H](CN(C)Cc3ccncc3)[C@H](C)CN([C@@H](C)CO)C(=O)c2c1'],,,,,
746,BRD-K01333970,['60138066'],['C(Nc1ccnc(n1)-c1ccc2OCOc2c1)c1cccnc1'],,,,,
747,BRD-K01335229,['54631302'],['CO[C@@H]1CN(C)C(=O)c2ccc(NC(C)=O)cc2OC[C@H](C)N(Cc2cncnc2)C[C@H]1C'],,,,,
748,BRD-K01335708,['54646396'],['OC[C@@H]1O[C@@H](CC(=O)NCCc2ccccc2)C[C@@H]3[C@H]1Oc4ccc(NC(=O)C5CCC5)cc34'],,,,,
749,BRD-K01348631,['54613915'],['CC(C)NC(=O)Nc1ccc2O[C@@H](CN(C)C(=O)Nc3cccc4ccccc34)[C@@H](C)CN([C@H](C)CO)C(=O)c2c1'],,,,,
750,BRD-K01355066,['54618614'],['C[C@@H](CO)N1C[C@@H](C)[C@H](CN(C)Cc2cncnc2)Oc3cc(C#CC4CCCC4)ccc3S1(=O)=O'],,,,,
751,BRD-K01359264,['54646679'],['COc1ccccc1CNC(=O)C[C@H]2C[C@H]3[C@H](Oc4ccc(NC(=O)CN(C)C)cc34)[C@H](CO)O2'],,,,,
752,BRD-K01373529,['54631770'],['CCC(=O)Nc1ccc2OC[C@H](C)N(Cc3ccncc3)C[C@H](C)[C@@H](CN(C)C(=O)c2c1)OC'],,,,,
753,BRD-K01383339,['54658051'],['COC(=O)C[C@H]1CC[C@H]2[C@@H](COC[C@H](O)CN2CCC(F)(F)F)O1'],,,,,
754,BRD-K01389427,['44494984'],['C[C@@H](CO)N1C[C@H](C)[C@@H](CN(C)Cc2ccncc2)OCCCC[C@@H](C)Oc3ccc(NC(=O)c4ccncc4)cc3C1=O'],,,,,
755,BRD-K01404579,['54615119'],['C[C@H](CO)N1C[C@@H](C)[C@H](CN(C)C(=O)CCC(F)(F)F)OCCCC[C@@H](C)Oc2ccc(NS(=O)(=O)c3ccc(Cl)cc3)cc2C1=O'],,,,,
756,BRD-K01405464,['54632121'],['CO[C@@H]1CN(C)C(=O)c2ccc(NC(=O)C3CC3)cc2OC[C@H](C)N(C[C@@H]1C)C(=O)c1ccccn1'],,,,,
757,BRD-K01409647,['54666623'],['COc1ccc(cc1)S(=O)(=O)N1CCCCN2[C@H](CO)[C@H]([C@@H]2C1)c1ccc(cc1)\\C=C\\C'],,,,,
758,BRD-K01425313,['6729586'],['OCCOc1ccccc1[C@H]2N3[C@@H]([C@@H](C(=O)N4CCN(CC4)c5ncccn5)[C@]26C(=O)Nc7ccc(C#CCCO)cc76)C(=O)O[C@@H]([C@@H]3c8ccccc8)c9ccccc9'],,,,,
759,BRD-K01425431,['60185110'],['N#Cc1cccc(c1)-c1ccc(cc1)[C@@H]1[C@H]2CN(Cc3ccccc3)C[C@@H]1N2'],,,,,
760,BRD-K01427177,['44617549'],['CNC[C@H]1OCCCC[C@H](C)Oc2ccc(NC(=O)Nc3ccc4OCOc4c3)cc2C(=O)N(C[C@@H]1C)[C@@H](C)CO'],,,,,
761,BRD-K01448700,['60185468'],['COc1cc(CN2C[C@H]3N[C@@H](C2)[C@H]3c2ccc(cc2)-c2ccncc2)cc(OC)c1'],,,,,
762,BRD-K01477275,['54652514'],['OC[C@@H]1[C@H]2[C@H](CN(C(=O)C3CCOCC3)c3ccccc23)N1Cc1ccc(Cl)cc1'],,,,,
763,BRD-K01478916,['54649333'],['CC(C)(C)[S@](=O)N1Cc2cc(nc(c2[C@@H]1CCO)-c1cccc(c1)-c1ccccc1F)C(=O)N1CCOCC1'],,,,,
764,BRD-K01490356,['56835576'],['CC(C)(C)S(=O)N1Cc2cc(nc(c2[C@@H]1CCO)c3cccc(c3)c4cc5ccccc5o4)C(=O)O'],,,,,
765,BRD-K01497006,['60191308'],['CC(C)CC#Cc1ccc(cc1)[C@H]1[C@@H](CO)N2[C@@H]1CN(CC2=O)C(=O)Nc1cc(F)ccc1F'],,,,,
766,BRD-K01497355,['49843384'],['COc1ccc(CN(C)C[C@@H]2OCCCC[C@H](C)Oc3ccc(NC(=O)C4CCCCC4)cc3C(=O)N(C[C@H]2C)[C@H](C)CO)cc1'],,,,,
767,BRD-K01520595,['54645829'],['OC[C@@H]1O[C@H](CC(=O)N2CCc3ccccc3C2)C[C@@H]4[C@H]1Oc5ccc(NC(=O)Nc6ccc(cc6)C(F)(F)F)cc45'],,,,,
768,BRD-K01520647,['54661051'],['OC[C@@H]1[C@H]2Cn3c(ccc(-c4ccccc4)c3=O)[C@@H]([C@H]1C(=O)N1CCOCC1)N2Cc1cccnc1'],,,,,
769,BRD-K01523435,['60191605'],['OC[C@@H]1[C@@H](c2ccccc2)C2(CN(Cc3ccccc3F)C2)N1C(=O)CC1CC1'],,,,,
770,BRD-K01528688,['44616530'],['C[C@H](CO)N1C[C@@H](C)[C@H](CN(C)Cc2ccc(cc2)C(F)(F)F)OCCCC[C@H](C)Oc3ccc(NC(=O)Nc4cccc5ccccc45)cc3C1=O'],,,,,
771,BRD-K01547088,['54631676'],['CO[C@H]1CN(C)C(=O)c2cc(NS(C)(=O)=O)ccc2OC[C@H](C)N(Cc2cncnc2)C[C@@H]1C'],,,,,
772,BRD-K01547285,['54654059'],['CN(C)CCCNC(=O)C[C@H]1CC[C@@H]2[C@@H](COc3ccc(NS(C)(=O)=O)cc3C(=O)N2C)O1'],,,,,
773,BRD-K01558205,['54651327'],['CCC(=O)NC[C@@H]1[C@@H]([C@@H](CO)N1C(=O)C1CCC1)c1ccccc1'],,,,,
774,BRD-K01566563,['60184993'],['CCCNC(=O)N1C[C@]2(CCN(CC2)S(=O)(=O)c2ccccc2)c2c([C@@H]1CO)n(C)c1cc(OC)ccc21'],,,,,
775,BRD-K01568615,['54649396'],['CCNC(=O)c1cc2CN([C@H](CCO)c2c(n1)-c1cccc(c1)-c1cccc(c1)C(=O)N(C)C)[S@](=O)C(C)(C)C'],,,,,
776,BRD-K01570637,['54650038'],['CCS(=O)(=O)N1[C@H](CO)[C@H]([C@@H]1C#N)c1ccc(cc1)-c1cccc(F)c1'],,,,,
777,BRD-K01572707,['54638632'],['CC(C)c1cn(CC[C@@H]2CC[C@H](NC(=O)C3CC3)[C@@H](CO)O2)nn1'],,,,,
778,BRD-K01573538,['54618222'],['COc1ccccc1c2cnc3O[C@H](CN(C)CC4CCOCC4)[C@@H](C)CN([C@H](C)CO)C(=O)c3c2'],,,,,
779,BRD-K01575212,['54625692'],['C[C@@H](CO)N1C[C@@H](C)[C@@H](CN(C)Cc2cncnc2)Oc3cc(/C=C/c4ccccc4)ccc3S1(=O)=O'],,,,,
780,BRD-K01576758,['54652665'],['COc1ccc(cc1)C(=O)N1C[C@@H]2[C@@H]([C@H](CO)N2Cc2ccc(Cl)cc2)c2ccccc12'],,,,,
781,BRD-K01578344,['3123448'],['C/C=C/Cn1c(SCCCc2ccccc2)nc3n(C)c(=O)[nH]c(=O)c13'],,,,,
782,BRD-K01591707,['44494083'],['C[C@@H](CO)N1C[C@@H](C)[C@H](CN(C)Cc2ccc(cc2)C(F)(F)F)OCc3cnnn3CCCC1=O'],,,,,
783,BRD-K01594626,['54649352'],['CC(C)(C)[S@](=O)N1Cc2cc(nc(c2[C@@H]1CCO)-c1cccc(c1)-c1cncnc1)C(=O)NCc1ccccc1F'],,,,,
784,BRD-K01594737,['54650081'],['COc1ccccc1C#Cc1ccc(cc1)[C@H]1[C@H](CO)N([C@@H]1C#N)C(=O)C1CC1'],,,,,
785,BRD-K01594854,['54646194'],['COC(=O)C[C@@H]1C[C@@H]2[C@@H](Oc3ccc(NC(=O)Nc4ccccc4)cc23)[C@H](CO)O1'],,,,,
786,BRD-K01595245,['44486749'],['C[C@H](CO)N1C[C@@H](C)[C@H](CN(C)C(=O)Nc2c(C)noc2C)Oc3ccc(NC(=O)Cc4ccccc4)cc3C1=O'],,,,,
787,BRD-K01602319,['24747156'],['NC(=O)c1ccccc1Nc2nc(NCCO)nc(n2)N3CCCC3'],,,,,
788,BRD-K01604266,['54618659'],['CCCN(C)C[C@H]1Oc2cc(ccc2S(=O)(=O)N(C[C@H]1C)[C@@H](C)CO)c3cccc(F)c3'],,,,,
789,BRD-K01604352,['54651246'],['CCN(C[C@@H]1[C@H]([C@H](CO)N1C(C)=O)c1ccc(cc1)-c1cccnc1)C(C)=O'],,,,,
790,BRD-K01605959,['44489401'],['C[C@H](CO)N1C[C@H](C)[C@@H](CN(C)Cc2ccc(Cl)c(Cl)c2)Oc3ccc(NC(=O)CCN4CCOCC4)cc3C1=O'],,,,,
791,BRD-K01607762,['54658004'],['O[C@@H]1COC[C@@H]2O[C@H](CC(=O)NCC3CC3)CC[C@H]2N(CC2CCOCC2)C1'],,,,,
792,BRD-K01608965,['54650151'],['CCc1cnc(s1)N1[C@H](CO)[C@@H]([C@@H]1C#N)c1ccc(cc1)C1=CCCCC1'],,,,,
793,BRD-K01614657,['24869085'],['COc1ccc(cc1)[Si](C)(C)[C@H]2[C@H](C)[C@]3(O[C@@H]2CCO)C(=O)N(C)c4c3cc(C)cc4Br'],,,,,
794,BRD-K01615174,['44617175'],['COc1ccc(CN(C)C[C@@H]2OCCCC[C@H](C)Oc3ccc(NS(=O)(=O)c4ccc(Cl)cc4)cc3C(=O)N(C[C@H]2C)[C@H](C)CO)cc1'],,,,,
795,BRD-K01615361,['54665038'],['CN1[C@@H](CO)[C@@H]2CCN([C@@H]2c2cc(ccc12)-c1cccc(F)c1)C(=O)c1ccccc1F'],,,,,
796,BRD-K01619611,['54618604'],['CCCC#Cc1ccc2c(O[C@H](CN(C)C(=O)Nc3ccccc3F)[C@@H](C)CN([C@@H](C)CO)S2(=O)=O)c1'],,,,,
797,BRD-K01624114,['54631704'],['COCC(=O)N1C[C@H](C)[C@H](CN(C)C(=O)c2ccc(NS(C)(=O)=O)cc2OC[C@@H]1C)OC'],,,,,
798,BRD-K01626010,['54632039'],['CO[C@H]1CN(C)C(=O)c2cc(NC(=O)Nc3cc(F)ccc3F)ccc2OC[C@H](C)NC[C@H]1C'],,,,,
799,BRD-K01626580,['54651353'],['COCC(=O)N1[C@@H](CO)[C@@H]([C@@H]1CNC(=O)c1ccccn1)c1ccccc1'],,,,,
800,BRD-K01632787,['54646668'],['OC[C@H]1O[C@@H](CC(=O)NC2CCCCC2)C[C@@H]3[C@H]1Oc4ccc(NS(=O)(=O)c5ccc(F)cc5)cc34'],,,,,
801,BRD-K01676918,['44487406'],['C[C@@H](CO)N1C[C@@H](C)[C@@H](CN(C)C(=O)C2CC2)OCc3cn(CCCC1=O)nn3'],,,,,
802,BRD-K01678149,['54614646'],['COc1ccc(CN(C)C[C@H]2OCCCC[C@H](C)Oc3ccc(NC(=O)NC(C)C)cc3C(=O)N(C[C@@H]2C)[C@H](C)CO)cc1'],,,,,
803,BRD-K01691627,['54637742'],['C[C@H](CO)N1C[C@H](C)[C@H](CN(C)C(=O)Nc2ccnc(c2)N3CCOCC3)OCc4ccccc4-c5ccccc5C1=O'],,,,,
804,BRD-K01700755,['44498541'],['C[C@H](CO)N1C[C@H](C)[C@H](CN(C)S(=O)(=O)C)OCc2cn(CCCC1=O)nn2'],,,,,
805,BRD-K01711704,['54638502'],['OC[C@H]1O[C@@H](CC(=O)NCc2ccc(Oc3ccccc3)cc2)CC[C@H]1NC(=O)c1ccc2OCOc2c1'],,,,,
806,BRD-K01727336,['54637698'],['C[C@H](CO)N1C[C@H](C)[C@H](CN(C)C(=O)[C@@H](Cc2ccccc2)N(C)C)OCc3ccccc3-c4c(C1=O)n(C)c5ccccc45'],,,,,
807,BRD-K01737880,['44484893'],['COc1ccc(NC(=O)Nc2ccc3O[C@@H](CN(C)Cc4ccc5OCOc5c4)[C@@H](C)CN([C@@H](C)CO)C(=O)c3c2)cc1'],,,,,
808,BRD-K01739339,['54614998'],['CC(C)NC(=O)Nc1ccc2O[C@@H](C)CCCCO[C@H](CN(C)C(=O)CCC(F)(F)F)[C@H](C)CN([C@@H](C)CO)C(=O)c2c1'],,,,,
809,BRD-K01751906,['54652628'],['CCCNC(=O)N1C[C@H]2[C@H]([C@H](CO)N2C(=O)CN2CCOCC2)c2ccccc12'],,,,,
810,BRD-K01763173,['54617779'],['C[C@@H](CO)N1C[C@H](C)[C@H](CN(C)C(=O)NC2CCCCC2)OCCCC[C@H](C)Oc3ccc(NC(=O)Nc4ccc(cc4)C(F)(F)F)cc3C1=O'],,,,,
811,BRD-K01777999,['54651267'],['CCC(=O)N1[C@H](CO)[C@H]([C@@H]1CN(C)C(=O)CN1CCOCC1)c1ccccc1'],,,,,
812,BRD-K01780082,['54651434'],['COCC(=O)N(C[C@H]1[C@@H]([C@@H](CO)N1C(=O)NC(C)C)c1ccccc1)C(C)C'],,,,,
813,BRD-K01787550,['56835496'],['C[C@@H](CO)N1C[C@@H](C)[C@H](CN(C)S(=O)(=O)c2ccccc2F)OCc3ccccc3-c4ccccc4C1=O'],,,,,
814,BRD-K01798544,['54661208'],['OC[C@@H]1[C@H]2Cn3c(ccc(-c4cccnc4)c3=O)[C@H]2N(Cc2cocn2)[C@H]1C(=O)NCc1ccccc1'],,,,,
815,BRD-K01800462,['54654122'],['COCC(=O)Nc1ccc2OC[C@H]3O[C@@H](CC(=O)Nc4ccc(F)cc4)CC[C@@H]3N(C)C(=O)c2c1'],,,,,
816,BRD-K01800709,['24148563'],['COC(=O)C1(CCCCC1)N2CC3=CCCC=C[C@H]3[C@@H]2[C@@H](O)Cc4ccccc4'],,,,,
817,BRD-K01806521,['44460125'],['O=C(OCC#CCSc1nnc(o1)-c1cccc2ccccc12)C1CC1'],,,,,
818,BRD-K01822243,['44493597'],['C[C@@H](CO)N1C[C@@H](C)[C@@H](CN(C)Cc2ccncc2)OCCCC[C@H](C)Oc3ccc(NC(=O)c4ccncc4)cc3C1=O'],,,,,
819,BRD-K01823914,['54652594'],['COCC(=O)N1[C@@H](CO)[C@H]2[C@@H]1CN(C)c1ccccc21'],,,,,
820,BRD-K01825565,['54646432'],['COc1ccc(NC(=O)Nc2ccc3O[C@H]4[C@H](C[C@@H](CC(=O)NC5CCCCC5)O[C@H]4CO)c3c2)cc1'],,,,,
821,BRD-K01834163,['44142149'],['Cn1nnnc1Sc2ncnc3scc(c4cccc5ccccc45)c23'],,,,,
822,BRD-K01847595,['54618650'],['COCC(=O)N(C)C[C@@H]1Oc2cc(ccc2S(=O)(=O)N(C[C@H]1C)[C@H](C)CO)c3ccccc3F'],,,,,
823,BRD-K01855742,['60184990'],['O=S(=O)(N1C[C@@H]2N[C@H](C1)[C@@H]2c1ccc(cc1)-c1ccncc1)c1ccc(cc1)-c1ccccc1'],,,,,
824,BRD-K01877724,['44486502'],['CC(C)NC(=O)Nc1ccc2O[C@@H](CN(C)C)[C@H](C)CN([C@H](C)CO)C(=O)c2c1'],,,,,
825,BRD-K01886140,['60190235'],['COCC(=O)N1C[C@]2(CN(Cc3ccccc3)C2)c2c([C@@H]1CO)n(C)c1cc(OC)ccc21'],,,,,
826,BRD-K01896723,['45100442'],['[O-][N+](=O)c1ccc2[nH]c(CNc3nc(nc4n(cnc34)-c3ccsc3)N3CCOCC3)nc2c1'],,,,,
827,BRD-K01911039,['54646463'],['COCC(=O)Nc1ccc2O[C@@H]3[C@@H](C[C@H](CC(=O)NCc4ccccc4F)O[C@H]3CO)c2c1'],,,,,
828,BRD-K01912493,['54651268'],['CCC(=O)N1[C@H](CO)[C@H]([C@H]1CN(C)C(=O)CN1CCOCC1)c1ccccc1'],,,,,
829,BRD-K01922500,['54654240'],['CN1[C@@H]2CC[C@H](CC(=O)N[C@@H]3CCN(Cc4ccccc4)C3)O[C@@H]2COc2ccc(NC(=O)Nc3c(C)noc3C)cc2C1=O'],,,,,
830,BRD-K01966678,['54666530'],['Cc1cccc(c1)-c1ccc(cc1)[C@@H]1[C@H](CO)N2CCCCN(C[C@H]12)S(=O)(=O)c1ccccc1F'],,,,,
831,BRD-K01971712,['54657590'],['O[C@@H]1CN[C@H]2CC[C@H](CC(=O)NCc3ccc4OCOc4c3)O[C@@H]2COC1'],,,,,
832,BRD-K01977318,['54631297'],['CO[C@H]1CN(C)C(=O)c2ccc(NC(=O)Nc3ccccc3Cl)cc2OC[C@H](C)NC[C@H]1C'],,,,,
833,BRD-K01979737,['54639106'],['COc1ccc(NC(=O)N[C@@H]2CC[C@@H](CC(=O)NC3CCC3)O[C@H]2CO)cc1'],,,,,
834,BRD-K01981286,['54615117'],['COc1ccc(cc1)S(=O)(=O)N(C)C[C@@H]2OCCCC[C@@H](C)Oc3ccc(NS(=O)(=O)c4cn(C)cn4)cc3C(=O)N(C[C@@H]2C)[C@@H](C)CO'],,,,,
835,BRD-K01987080,['44497876'],['COc1ccc(NC(=O)Nc2cccc3C(=O)N(C[C@H](C)[C@@H](CN(C)Cc4ccc5OCOc5c4)Oc23)[C@@H](C)CO)cc1'],,,,,
836,BRD-K02003138,['54631812'],['CO[C@H]1CN(C)C(=O)c2cc(NS(=O)(=O)c3ccccc3OC)ccc2OC[C@H](C)NC[C@@H]1C'],,,,,
837,BRD-K02004525,['60185215'],['COc1ccc2c3c([nH]c2c1)[C@H](CO)N(C[C@]31CN(C1)C(=O)CC1CC1)C(=O)c1cccc(F)c1'],,,,,
838,BRD-K02008913,['44501522'],['C[C@H](CO)N1C[C@H](C)[C@H](CN(C)CC2CC2)OCCCC[C@@H](C)Oc3ccc(NC(=O)NC4CCCCC4)cc3C1=O'],,,,,
839,BRD-K02010139,['54654391'],['CCS(=O)(=O)Nc1ccc2OC[C@@H]3O[C@@H](CC(=O)NCCOC)CC[C@H]3N(C)C(=O)c2c1'],,,,,
840,BRD-K02025760,['44617931'],['C[C@@H](CO)N1C[C@@H](C)[C@H](CN(C)Cc2ccc(Cl)c(Cl)c2)OCCCC[C@@H](C)Oc3ccc(NC(=O)Cc4ccccc4)cc3C1=O'],,,,,
841,BRD-K02032571,['54664823'],['COc1cccc(c1)-c1ccc2N[C@@H](CO)[C@@H]3CCN([C@@H]3c2c1)S(=O)(=O)c1ccccc1C'],,,,,
842,BRD-K02037850,['60190047'],['OC[C@@H]1[C@@H](c2ccccc2)C2(CN(Cc3ccc4OCOc4c3)C2)N1Cc1ccccc1'],,,,,
843,BRD-K02041150,['54638745'],['OC[C@@H]1O[C@@H](CC(=O)NCc2cc(F)cc(F)c2)CC[C@H]1NC(=O)Nc1ccc(cc1)C(F)(F)F'],,,,,
844,BRD-K02043218,['54626596'],['C/C=C/c1ccc2c(O[C@@H](CN(C)C(=O)Nc3ccc(F)cc3)[C@H](C)CN([C@@H](C)CO)S2(=O)=O)c1'],,,,,
845,BRD-K02055666,['54657642'],['CN1CCN(CC1)C(=O)C[C@H]1CC[C@H]2[C@@H](COC[C@@H](O)CN2C(=O)Nc2ccc3OCOc3c2)O1'],,,,,
846,BRD-K02058097,['54657797'],['COc1cccc(NC(=O)N2C[C@H](O)COC[C@H]3O[C@@H](CC(=O)N(C)C)CC[C@H]23)c1'],,,,,
847,BRD-K02061388,['54631922'],['CCCNC(=O)N1C[C@@H](C)[C@H](CN(C)C(=O)c2cc(NC(=O)CCC)ccc2OC[C@@H]1C)OC'],,,,,
848,BRD-K02065962,['54651352'],['COCC(=O)N1[C@H](CO)[C@H]([C@H]1CNC(=O)c1ccccn1)c1ccccc1'],,,,,
849,BRD-K02072940,['54618410'],['C[C@@H](CO)N1C[C@H](C)[C@H](CN(C)Cc2ccc(cc2)C(=O)O)Oc3ncc(C#CCc4ccccc4)cc3C1=O'],,,,,
850,BRD-K02076218,['54649958'],['CCCNC(=O)N1[C@H](CO)[C@@H]([C@@H]1C#N)c1ccc(cc1)-c1ccccc1F'],,,,,
851,BRD-K02089646,['54646578'],['CN(C)CC(=O)Nc1ccc2O[C@H]3[C@H](C[C@@H](CC(=O)NCc4cc(F)ccc4F)O[C@H]3CO)c2c1'],,,,,
852,BRD-K02098145,['60184818'],['COc1ccc2c3c([C@H](CO)N(Cc4cccnc4)C[C@]33CN(C3)C(=O)c3cccnc3)n(C)c2c1'],,,,,
853,BRD-K02098967,['60185256'],['Fc1cccc(c1)-c1ccc(cc1)[C@H]1[C@H]2CN(Cc3cncnc3)C[C@@H]1N2'],,,,,
854,BRD-K02109522,['44503689'],['C[C@H](CO)N1C[C@H](C)[C@H](CN(C)C(=O)c2ccncc2)OCCCC[C@@H](C)Oc3ccc(NC(=O)c4ccncc4)cc3C1=O'],,,,,
855,BRD-K02112931,['54637767'],['C[C@@H](CO)N1C[C@H](C)[C@@H](CN(C)S(=O)(=O)c2cn(C)cn2)OCc3ccccc3-c4ccccc4C1=O'],,,,,
856,BRD-K02117849,['54638463'],['OC[C@H]1O[C@@H](CC(=O)N2CCOCC2)CC[C@H]1NC(=O)c1ccccn1'],,,,,
857,BRD-K02125996,['54646115'],['COC(=O)C[C@H]1C[C@@H]2[C@@H](Oc3ccc(N)cc23)[C@H](CO)O1'],,,,,
858,BRD-K02131961,['54666421'],['OC[C@@H]1[C@@H]([C@H]2CN(CCCCN12)C(=O)Nc1cccc(F)c1)c1ccc(cc1)C#Cc1cccnc1'],,,,,
859,BRD-K02150184,['44484705'],['C[C@@H](CO)N1C[C@H](C)[C@@H](CN(C)C(=O)Nc2c(C)noc2C)Oc3ccc(NC(=O)CCC(F)(F)F)cc3C1=O'],,,,,
860,BRD-K02159117,['54649416'],['CN(C)C(=O)c1cccc(c1)-c1cccc(c1)-c1nc(cc2CN([C@H](CCO)c12)[S@](=O)C(C)(C)C)C(=O)N1CCCCC1'],,,,,
861,BRD-K02162441,['60190106'],['COCC(=O)N1CC2(C1)[C@H]([C@@H](CO)N2C(=O)COC)c1ccc(cc1)-c1cccc(F)c1'],,,,,
862,BRD-K02170312,['44620732'],['C[C@H](CO)N1C[C@@H](C)[C@H](CN(C)S(=O)(=O)c2c(C)noc2C)OCCCC[C@H](C)Oc3ccc(NC(=O)Nc4ccc(cc4)C(F)(F)F)cc3C1=O'],,,,,
863,BRD-K02174945,['1434960'],['Cc1nc(N2CCN(CC2)C(=O)COc2ccccc2C)c2c3CCCCc3sc2n1'],,,,,
864,BRD-K02175743,['2308203'],['Cc1cc(C)nc(NS(=O)(=O)c2ccc(NC(=O)c3cc(nc4ccccc34)c5ccccc5)cc2)n1'],,,,,
865,BRD-K02189204,['54657816'],['O[C@@H]1CN[C@H]2CC[C@@H](CC(=O)NCCc3ccncc3)O[C@@H]2COC1'],,,,,
866,BRD-K02206783,['54646163'],['CN1CCN(CC1)C(=O)C[C@@H]2C[C@@H]3[C@@H](Oc4ccc(NC(=O)C5CCC5)cc34)[C@H](CO)O2'],,,,,
867,BRD-K02216544,['45100455'],['Clc1cccc(N2CCN(CC2)c2cc(=O)n(C3CCCCC3)c(=O)[nH]2)c1Cl'],,,,,
868,BRD-K02217114,['54658002'],['O[C@@H]1COC[C@@H]2O[C@@H](CC(=O)NCC3CC3)CC[C@H]2N(CC2CCOCC2)C1'],,,,,
869,BRD-K02222982,['54657830'],['O[C@H]1COC[C@@H]2O[C@H](CC(=O)NC3CCC3)CC[C@H]2N(Cc2ccccc2F)C1'],,,,,
870,BRD-K02223034,['1288929'],['Cc1nnc(SCC(=O)c2c(cc3ccccn23)c4ccc(C)cc4)s1'],,,,,
871,BRD-K02223457,['54666522'],['COc1ccccc1C#Cc1ccc(cc1)[C@H]1[C@H](CO)N2CCCCN(C[C@H]12)C(=O)C1CCC1'],,,,,
872,BRD-K02229102,['44485077'],['C[C@@H](CO)N1C[C@@H](C)[C@@H](CN(C)Cc2ccc(Cl)c(Cl)c2)OCc3cn(CCCC1=O)nn3'],,,,,
873,BRD-K02240493,['54638607'],['Cc1ccc(cc1)S(=O)(=O)N[C@H]1CC[C@@H](CCn2cc(nn2)-c2cccnc2)O[C@H]1CO'],,,,,
874,BRD-K02241254,['54638566'],['CCCNC(=O)N[C@H]1CC[C@@H](CCn2cc(nn2)-c2cccc(F)c2)O[C@H]1CO'],,,,,
875,BRD-K02242562,['60185222'],['COc1ccc2c3c([nH]c2c1)[C@H](CO)N(C[C@]31CN(Cc2ccccc2Cl)C1)C(C)=O'],,,,,
876,BRD-K02248910,['44490368'],['CC(C)NC(=O)N(C)C[C@@H]1OCCCC[C@H](C)Oc2ccc(NC(=O)CCC(F)(F)F)cc2C(=O)N(C[C@H]1C)[C@@H](C)CO'],,,,,
877,BRD-K02258558,['60191352'],['COCC(=O)N1C[C@H]2[C@@H]([C@H](CO)N2C(=O)C1)c1ccc(cc1)C#CC1CC1'],,,,,
878,BRD-K02269790,['4671491'],['[O-][N+](=O)c1cc2C(=O)N(C(=O)c2cc1N3CCOCC3)c4cccc5CCCCc45'],,,,,
879,BRD-K02274189,['60190121'],['COc1ccc2c3c([C@H](CO)N(Cc4nccs4)C[C@]33CCN(CC4CCCC4)CC3)n(C)c2c1'],,,,,
880,BRD-K02279849,['44501153'],['CC(C)NC(=O)Nc1ccc2O[C@@H](CN(C)Cc3ccc4OCOc4c3)[C@@H](C)CN([C@H](C)CO)C(=O)Cc2c1'],,,,,
881,BRD-K02280251,['54645878'],['COc1ccc(NC(=O)Nc2ccc3O[C@H]4[C@H](C[C@H](CC(=O)NCC(F)(F)F)O[C@@H]4CO)c3c2)cc1'],,,,,
882,BRD-K02283603,['44617835'],['CC(C)NC(=O)Nc1ccc2O[C@@H](CN(C)C(=O)NC3CCCCC3)[C@H](C)CN([C@@H](C)CO)C(=O)Cc2c1'],,,,,
883,BRD-K02290471,['49843312'],['COc1ccc(CN(C)C[C@@H]2OCCCC[C@H](C)Oc3ccc(NS(=O)(=O)c4ccc(Cl)cc4)cc3C(=O)N(C[C@H]2C)[C@@H](C)CO)cc1'],,,,,
884,BRD-K02306470,['54637951'],['C[C@H](CO)N1C[C@@H](C)[C@H](CN(C)C(=O)c2ccncc2)OCc3ccccc3-c4c(C1=O)n(C)c5ccccc45'],,,,,
885,BRD-K02311587,['54645885'],['OC[C@@H]1O[C@@H](CC(=O)NCc2ccccc2F)C[C@@H]3[C@H]1Oc4ccc(NC(=O)NC5CCCC5)cc34'],,,,,
886,BRD-K02313433,['9581013'],['CNC(S)=NN=Cc1c(cnn1-c1ccc(Cl)cc1)C(=O)OC'],,,,,
887,BRD-K02314198,['44497303'],['COc1ccc(cc1)S(=O)(=O)Nc2ccc3O[C@@H](C)CCCCO[C@H](CN(C)C)[C@H](C)CN([C@H](C)CO)C(=O)c3c2'],,,,,
888,BRD-K02315366,['44483698'],['COc1ccc(CN(C)C[C@@H]2Oc3ccc(NC(=O)Cc4ccccc4)cc3C(=O)N(C[C@H]2C)[C@H](C)CO)cc1'],,,,,
889,BRD-K02315839,['54660872'],['CC(=O)N1[C@@H]([C@@H](CO)[C@@H]2Cn3c(cccc3=O)[C@H]12)C(=O)NCc1ccccc1F'],,,,,
890,BRD-K02317159,['54654375'],['CC(C)NC(=O)Nc1ccc2OC[C@@H]3O[C@H](CC(=O)NCc4ccc(F)cc4)CC[C@@H]3N(C)C(=O)c2c1'],,,,,
891,BRD-K02322717,['54657840'],['O[C@H]1COC[C@H]2O[C@H](CC(=O)NCC3CCCCC3)CC[C@@H]2N(C1)S(=O)(=O)c1ccc(F)cc1'],,,,,
892,BRD-K02354331,['44488432'],['C[C@H](CO)N1C[C@@H](C)[C@@H](CN(C)Cc2ccccc2)Oc3ccc(NS(=O)(=O)c4ccc(C)cc4)cc3C1=O'],,,,,
893,BRD-K02356765,['54631380'],['CO[C@@H]1CN(C)C(=O)c2cc(NC(C)=O)ccc2OC[C@@H](C)N(C[C@H]1C)S(=O)(=O)c1cn(C)cn1'],,,,,
894,BRD-K02372107,['60185017'],['CCC(=O)N1C[C@@]2(C1)CN([C@@H](CO)c1c2c2ccc(OC)cc2n1C)C(=O)c1cnccn1'],,,,,
895,BRD-K02375958,['54619056'],['C[C@@H](CO)N1C[C@@H](C)[C@@H](CN(C)Cc2cccc(F)c2)Oc3cc(ccc3S1(=O)=O)c4ccc(C#N)cc4'],,,,,
896,BRD-K02381115,['50897779'],['C[C@@H](N)C(=O)Nc1ccc(Cl)cc1C(=O)c1ccc[nH]1'],,,,,
897,BRD-K02401733,['54631766'],['CCCC(=O)Nc1ccc2c(OC[C@@H](C)NC[C@H](C)[C@@H](CN(C)C2=O)OC)c1'],,,,,
898,BRD-K02409808,['54638332'],['OC[C@@H]1O[C@H](CCn2cc(Cc3ccccc3)nn2)CC[C@@H]1NS(=O)(=O)c1ccccc1F'],,,,,
899,BRD-K02418197,['54615100'],['C[C@@H](CO)N1C[C@@H](C)[C@@H](CN(C)C(=O)c2ccncc2)OCCCC[C@H](C)Oc3ccc(NC(=O)c4ccccc4)cc3C1=O'],,,,,
900,BRD-K02420864,['44493079'],['C[C@H](CO)N1C[C@H](C)[C@@H](CN(C)Cc2ccc(Oc3ccccc3)cc2)OCc4cnnn4CCCC1=O'],,,,,
901,BRD-K02427049,['60184922'],['CCS(=O)(=O)N1CC[C@@]2(CC1)CN([C@@H](CO)c1c2c2ccc(OC)cc2n1C)C(=O)c1cccc(F)c1'],,,,,
902,BRD-K02437976,['60138084'],['C(Nc1ncnc2ccc(cc12)-c1ccc2OCOc2c1)[C@@H]1CCCO1'],,,,,
903,BRD-K02445308,['54664898'],['CC(=O)N1CC[C@H]2[C@@H]1c1cc(ccc1N[C@@H]2CO)C#Cc1cccnc1'],,,,,
904,BRD-K02445831,['54646586'],['OC[C@H]1O[C@@H](CC(=O)NCCc2ccccc2)C[C@@H]3[C@H]1Oc4ccc(NC(=O)Cc5ccncc5)cc34'],,,,,
905,BRD-K02446652,['54650192'],['OC[C@H]1[C@H]([C@H](C#N)N1C(=O)Nc1ccc(F)cc1)c1ccc(cc1)-c1cccnc1'],,,,,
906,BRD-K02448874,['60182807'],['CC(C)N(C[C@H]1N[C@H](CO)[C@@H]1c1ccc(cc1)C1=CCCCC1)C(=O)CN(C)C'],,,,,
907,BRD-K02460212,['54657686'],['O[C@@H]1COC[C@H]2O[C@@H](CC(=O)NCc3ccccc3Cl)CC[C@@H]2N(Cc2nccs2)C1'],,,,,
908,BRD-K02475229,['54637665'],['CO[C@@H](C(=O)N(C)C[C@@H]1OCc2ccccc2-c3c(C(=O)N(C[C@H]1C)[C@H](C)CO)n(C)c4ccccc34)c5ccccc5'],,,,,
909,BRD-K02490064,['44496446'],['CC(C)NC(=O)Nc1ccc2O[C@@H](C)CCCCO[C@@H](CN(C)Cc3ccncc3)[C@@H](C)CN([C@H](C)CO)C(=O)c2c1'],,,,,
910,BRD-K02492147,['54639126'],['CN1CCN(CC1)C(=O)C[C@@H]1O[C@H](CO)[C@@H](NS(=O)(=O)c2cccc(F)c2)C=C1'],,,,,
911,BRD-K02502363,['44490226'],['C[C@H](CO)N1C[C@H](C)[C@@H](CN(C)C(=O)Nc2ccccc2)OCCCC[C@@H](C)Oc3ccc(NC(=O)C4CCCCC4)cc3C1=O'],,,,,
912,BRD-K02511275,['54660754'],['COc1ccccc1-c1ccc2[C@@H]3N[C@@H]([C@@H](CO)[C@@H]3Cn2c1=O)C(=O)NCc1ccccc1Cl'],,,,,
913,BRD-K02515288,['54615030'],['COc1ccc(CN(C)C[C@@H]2OCCCC[C@@H](C)Oc3ccc(NC(=O)C4CCCCC4)cc3C(=O)N(C[C@@H]2C)[C@@H](C)CO)cc1'],,,,,
914,BRD-K02516751,['54646644'],['C[C@@H](NC(=O)C[C@@H]1C[C@@H]2[C@@H](Oc3ccc(NC(=O)c4cccnc4)cc23)[C@@H](CO)O1)c5ccccc5'],,,,,
915,BRD-K02519835,['54614427'],['C[C@@H](CO)N1C[C@@H](C)[C@H](CN(C)Cc2ccc(Cl)c(Cl)c2)Oc3ccc(NC(=O)CCCCCC(=O)Nc4ccccc4N)cc3CC1=O'],,,,,
916,BRD-K02522894,['54657941'],['O[C@@H]1COC[C@H]2O[C@H](CC(=O)NCC3CCCCC3)CC[C@@H]2N(Cc2cccc(Cl)c2)C1'],,,,,
917,BRD-K02541615,['54631710'],['CCCN1C[C@@H](C)[C@@H](CN(C)C(=O)c2cc(NC(=O)Nc3ccccc3F)ccc2OC[C@@H]1C)OC'],,,,,
918,BRD-K02544589,['54646385'],['CCCNC(=O)C[C@H]1C[C@H]2[C@H](Oc3ccc(NC(=O)NC4CCCCC4)cc23)[C@H](CO)O1'],,,,,
919,BRD-K02544880,['54660975'],['CC(=O)N1[C@@H]([C@@H](CO)[C@@H]2Cn3c(ccc(\\C=C\\c4ccccc4)c3=O)[C@H]12)C(=O)Nc1nccs1'],,,,,
920,BRD-K02545368,['54638911'],['OC[C@H]1O[C@@H](CCNS(=O)(=O)c2ccc(Cl)cc2)CC[C@@H]1NC(=O)c1ccccn1'],,,,,
921,BRD-K02549628,['54625523'],['COc1cccc(C#Cc2ccc3c(O[C@@H](CN(C)C)[C@H](C)CN([C@H](C)CO)S3(=O)=O)c2)c1'],,,,,
922,BRD-K02558072,['6875617'],['COC(=O)N/N=C/c1ccc(o1)[N+](=O)[O-]'],,,,,
923,BRD-K02560333,['54666640'],['OC[C@H]1[C@H]([C@@H]2CN(Cc3cncnc3)CCCCN12)c1ccc(cc1)-c1ccccc1F'],,,,,
924,BRD-K02562327,['44506906'],['C[C@H](CO)N1C[C@@H](C)[C@H](CN(C)Cc2ccc(cc2)C(=O)Nc3ccccc3N)Oc4ccc(cc4CC1=O)N(C)C'],,,,,
925,BRD-K02575886,['44504336'],['C[C@H](CO)N1C[C@H](C)[C@H](CN(C)CC2CCCCC2)Oc3ccc(NC(=O)Nc4ccc(F)cc4)cc3CC1=O'],,,,,
926,BRD-K02576169,['54631440'],['CO[C@H]1CN(C)C(=O)c2cc(NC(=O)C3CC3)ccc2OC[C@@H](C)N(Cc2ccc(OC)cc2)C[C@H]1C'],,,,,
927,BRD-K02577117,['60185108'],['Cc1ccccc1-c1ccc(cc1)[C@@H]1[C@H]2CN(Cc3cncnc3)C[C@@H]1N2'],,,,,
928,BRD-K02581961,['56835484'],['C[C@@H](CO)N1C[C@H](C)[C@@H](CN(C)C(=O)Cc2ccccc2)OCc3ccccc3-c4c(C1=O)n(C)c5ccccc45'],,,,,
929,BRD-K02593152,['60191226'],['OC[C@H]1[C@@H]([C@H]2CNCC(=O)N12)c1ccc(Br)cc1'],,,,,
930,BRD-K02598395,['44496732'],['C[C@@H](CO)N1C[C@@H](C)[C@H](CN(C)S(=O)(=O)c2ccc(Cl)cc2)Oc3c(NC(=O)Nc4ccc(F)cc4)cccc3C1=O'],,,,,
931,BRD-K02602944,['54661414'],['CN(C)CCCNC(=O)[C@H]1[C@H](CO)[C@H]2Cn3c(cccc3=O)[C@@H]1N2CC1CC1'],,,,,
932,BRD-K02612980,['44494079'],['C[C@@H](CO)N1C[C@@H](C)[C@@H](CN(C)Cc2ccncc2)OCc3cn(CCCC1=O)nn3'],,,,,
933,BRD-K02636305,['54651314'],['CCC(=O)NC[C@@H]1[C@H]([C@@H](CO)N1Cc1ccccn1)c1ccc(\\C=C\\C)cc1'],,,,,
934,BRD-K02638906,['54646250'],['OC[C@H]1O[C@@H](CC(=O)NCc2ccc3OCOc3c2)C[C@@H]4[C@H]1Oc5ccc(NC(=O)Nc6ccccc6F)cc45'],,,,,
935,BRD-K02641134,['883362'],['CC(C)(C)c1ccc(cc1)C(=O)Nc1cc(Cl)ccc1C(O)=O'],,,,,
936,BRD-K02653676,['54631516'],['CO[C@H]1CN(C)C(=O)c2ccc(NC(=O)c3cnccn3)cc2OC[C@H](C)NC[C@H]1C'],,,,,
937,BRD-K02654447,['54619028'],['CNC[C@H]1Oc2cc(/C=C/C)ccc2S(=O)(=O)N(C[C@@H]1C)[C@H](C)CO'],,,,,
938,BRD-K02655584,['54618564'],['C[C@H](CO)N1C[C@H](C)[C@H](CN(C)S(=O)(=O)C)Oc2ncc(cc2C1=O)c3ccc(C)cc3'],,,,,
939,BRD-K02665621,['54649511'],['CO[C@H]1CC[C@H]2CCN(C)C(=O)[C@@H](C)[C@H](CN(C)C(=O)c3cc(ccc3OC[C@@H]1O2)C#N)OC'],,,,,
940,BRD-K02675466,['54631643'],['CO[C@@H]1CN(C)C(=O)c2cc(NC(=O)Nc3ccccc3OC)ccc2OC[C@H](C)N(C)C[C@@H]1C'],,,,,
941,BRD-K02694971,['54650066'],['OC[C@@H]1[C@@H]([C@H](C#N)N1C(=O)c1ccccc1F)c1ccccc1'],,,,,
942,BRD-K02701279,['44616668'],['C[C@H](CO)N1C[C@H](C)[C@@H](CN(C)Cc2ccc3OCOc3c2)Oc4ccc(NC(=O)Nc5ccc6OCOc6c5)cc4CC1=O'],,,,,
943,BRD-K02717912,['54665037'],['CN1[C@H](CO)[C@H]2CCN([C@H]2c2cc(ccc12)-c1cccc(F)c1)C(=O)c1ccccc1F'],,,,,
944,BRD-K02724364,['44505164'],['COc1cccc(c1)S(=O)(=O)N(C)C[C@H]2OCc3cn(CCCC(=O)N(C[C@H]2C)[C@@H](C)CO)nn3'],,,,,
945,BRD-K02734624,['54660815'],['CN(C)CCCNC(=O)[C@H]1[C@H](CO)[C@H]2Cn3c(ccc(C4=CCCC4)c3=O)[C@@H]1N2Cc1cocn1'],,,,,
946,BRD-K02735834,['44241374'],['CSc1nccc(n1)-c1ccc(s1)S(=O)(=O)Nc1ccc(cc1)C(O)(C(F)(F)F)C(F)(F)F'],,,,,
947,BRD-K02750843,['54654399'],['COc1ccc(cc1)C(=O)Nc1ccc2OC[C@@H]3O[C@@H](CC(=O)NCC4CC4)CC[C@H]3N(C)C(=O)c2c1'],,,,,
948,BRD-K02756145,['54618399'],['C[C@H](CO)N1C[C@@H](C)[C@H](CN(C)Cc2ccc(cc2)C(=O)O)Oc3ncc(C#CCc4ccccc4)cc3C1=O'],,,,,
949,BRD-K02772785,['44497349'],['CC(C)NC(=O)Nc1ccc2O[C@H](C)CCCCO[C@@H](CN(C)C(=O)NC3CCCCC3)[C@H](C)CN([C@@H](C)CO)C(=O)c2c1'],,,,,
950,BRD-K02785641,['54649357'],['CC(C)(C)[S@](=O)N1Cc2cc(nc(c2[C@@H]1CCO)-c1cccc(c1)-c1ccccc1F)C(=O)NC1CCC1'],,,,,
951,BRD-K02796109,['60185203'],['COc1cccc(CN2C[C@H]3N[C@@H](C2)[C@H]3c2ccc(cc2)-c2ccccc2C)c1'],,,,,
952,BRD-K02813113,['54646316'],['COc1cccc(c1)S(=O)(=O)Nc2ccc3O[C@@H]4[C@@H](C[C@@H](CC(=O)NCc5ccccc5F)O[C@@H]4CO)c3c2'],,,,,
953,BRD-K02817669,['54631897'],['CCCN1C[C@H](C)[C@H](CN(C)C(=O)c2ccc(NC(=O)c3ccccc3F)cc2OC[C@H]1C)OC'],,,,,
954,BRD-K02823077,['54664962'],['COc1cccc(c1)-c1ccc2N[C@@H](CO)[C@H]3CCN([C@H]3c2c1)C(=O)Cc1ccccc1'],,,,,
955,BRD-K02847640,['54638700'],['Cc1noc(C)c1NC(=O)NCC[C@@H]1CC[C@H](NC(=O)c2ccc(F)cc2)[C@@H](CO)O1'],,,,,
956,BRD-K02861439,['54660885'],['CCCN1[C@H]2Cn3c(ccc(-c4cccc(c4)C(=O)N(C)C)c3=O)[C@@H]1[C@@H]([C@H]2CO)C(=O)OC'],,,,,
957,BRD-K02876750,['54646149'],['CS(=O)(=O)Nc1ccc2O[C@H]3[C@H](C[C@H](CC(=O)NC4CCCC4)O[C@H]3CO)c2c1'],,,,,
958,BRD-K02882069,['54618509'],['C/C=C/c1ccc2c(O[C@@H](CN(C)C(=O)Cc3cccnc3)[C@H](C)CN([C@H](C)CO)S2(=O)=O)c1'],,,,,
959,BRD-K02897131,['54638642'],['OC[C@@H]1O[C@@H](CC(=O)NCc2ccc(Cl)c(Cl)c2)C=C[C@H]1NS(=O)(=O)c1ccccc1'],,,,,
960,BRD-K02914492,['60189656'],['CC(=O)N1CC2(C1)[C@H]([C@@H](CO)N2C(=O)CC1CC1)c1ccc(cc1)-c1ccccc1C'],,,,,
961,BRD-K02917242,['54615092'],['C[C@@H](CO)N1C[C@@H](C)[C@H](CN(C)CC2CC2)OCCCC[C@@H](C)Oc3ccc(NC(=O)Nc4c(C)noc4C)cc3C1=O'],,,,,
962,BRD-K02920722,['44202487'],['C[C@H](CO)N1C[C@H](C)[C@@H](CN(C)Cc2ccc(Oc3ccccc3)cc2)Oc4c(NC(=O)c5ccncc5)cccc4C1=O'],,,,,
963,BRD-K02927581,['54661033'],['CCNC(=O)[C@@H]1[C@@H](CO)[C@@H]2Cn3c(ccc(-c4ccc(F)cc4)c3=O)[C@H]1N2C(=O)c1ccccn1'],,,,,
964,BRD-K02928994,['54631963'],['CCCNC(=O)Nc1ccc2OC[C@H](C)NC[C@H](C)[C@H](CN(C)C(=O)c2c1)OC'],,,,,
965,BRD-K02931142,['54666424'],['OC[C@@H]1[C@H]([C@H]2CN(CCCCN12)C(=O)Nc1cccc(F)c1)c1ccc(cc1)C#Cc1cccnc1'],,,,,
966,BRD-K02943940,['54631366'],['CO[C@H]1CN(C)C(=O)c2cc(NS(C)(=O)=O)ccc2OC[C@@H](C)N(C[C@@H]1C)C(=O)C1CCOCC1'],,,,,
967,BRD-K02944060,['56835474'],['CC(C)[C@@H](C)NC(=O)N(C)C[C@@H]1OCc2ccccc2-c3ccccc3C(=O)N(C[C@H]1C)[C@@H](C)CO'],,,,,
968,BRD-K02952507,['54650144'],['CC(C)C#Cc1ccc(cc1)[C@H]1[C@@H](CO)N([C@@H]1C#N)C(=O)c1cccc(F)c1'],,,,,
969,BRD-K02960110,['44505177'],['C[C@H](CO)N1C[C@@H](C)[C@H](CN(C)C(=O)c2ccc(cc2)N3CCN(C)CC3)OCc4cnnn4CCCC1=O'],,,,,
970,BRD-K02964016,['44616810'],['C[C@@H](CO)N1C[C@@H](C)[C@H](CN(C)Cc2ccc(cc2)C(F)(F)F)Oc3ccc(NC(=O)Nc4ccc(F)cc4)cc3CC1=O'],,,,,
971,BRD-K02969269,['44506632'],['C[C@H](CO)N1C[C@@H](C)[C@H](CN(C)Cc2ccc(cc2)C(=O)Nc3ccccc3N)Oc4ccc(NC(=O)Nc5ccc(cc5)C(F)(F)F)cc4CC1=O'],,,,,
972,BRD-K02986291,['2547325'],['Clc1ccccc1NC(=O)COC(=O)CNC(=O)C2CCCCC2'],,,,,
973,BRD-K02987635,['54613920'],['COc1ccc(CN(C)C[C@@H]2Oc3ccc(NC(=O)NC4CCCCC4)cc3CC(=O)N(C[C@@H]2C)[C@H](C)CO)cc1'],,,,,
974,BRD-K03006541,['54666402'],['COc1cccc(c1)S(=O)(=O)N1CCCCN2[C@@H](CO)[C@H]([C@@H]2C1)c1ccc(cc1)C#CCC(C)C'],,,,,
975,BRD-K03013810,['54638216'],['OC[C@H]1O[C@@H](CC(=O)Nc2ccccc2)CC[C@H]1NC(=O)C1CC1'],,,,,
976,BRD-K03026470,['44494498'],['CCCN(C)C[C@@H]1Oc2ncc(C#Cc3ccc(OC)c(OC)c3)cc2C(=O)N(C[C@@H]1C)[C@H](C)CO'],,,,,
977,BRD-K03028122,['54646526'],['CN1CCN(CC1)C(=O)C[C@H]2C[C@@H]3[C@@H](Oc4ccc(NC(=O)c5ccc6OCOc6c5)cc34)[C@@H](CO)O2'],,,,,
978,BRD-K03034193,['54650115'],['COCC(=O)N1[C@H](CO)[C@@H]([C@H]1C#N)c1ccc(cc1)C#CCC1CCCC1'],,,,,
979,BRD-K03043432,['54666419'],['OC[C@H]1[C@H]([C@H]2CN(CC3CCOCC3)CCCCN12)c1ccc(cc1)C#Cc1ccccc1F'],,,,,
980,BRD-K03046744,['54631744'],['CO[C@H]1CN(C)C(=O)c2cc(NC(=O)C3CCOCC3)ccc2OC[C@H](C)N(Cc2cccnc2)C[C@H]1C'],,,,,
981,BRD-K03050720,['54615013'],['CC(C)NC(=O)Nc1ccc2O[C@H](C)CCCCO[C@H](CN(C)C(=O)NC(C)C)[C@H](C)CN([C@H](C)CO)C(=O)c2c1'],,,,,
982,BRD-K03077507,['54657843'],['O[C@@H]1COC[C@H]2O[C@H](CC(=O)NCC3CCCCC3)CC[C@@H]2N(C1)S(=O)(=O)c1ccc(F)cc1'],,,,,
983,BRD-K03079643,['54632198'],['CO[C@@H]1CN(C)C(=O)c2cc(NS(=O)(=O)c3ccccc3F)ccc2OC[C@@H](C)N(C[C@H]1C)S(C)(=O)=O'],,,,,
984,BRD-K03088187,['54638737'],['OC[C@@H]1O[C@@H](CC(O)=O)C=C[C@H]1NC(=O)c1ccccc1F'],,,,,
985,BRD-K03111155,['44487018'],['C[C@@H](CO)N1C[C@@H](C)[C@@H](CN(C)C)OCCCC[C@@H](C)Oc2ccc(NC(=O)CCCN(C)C)cc2C1=O'],,,,,
986,BRD-K03113036,['54654335'],['CN1[C@@H]2CC[C@H](CC(=O)N[C@@H]3CCN(Cc4ccccc4)C3)O[C@@H]2COc2ccc(NC(=O)c3ccc(F)c(F)c3)cc2C1=O'],,,,,
987,BRD-K03116835,['54639022'],['CN1CCN(CC1)C(=O)C[C@@H]1CC[C@H](NC(=O)c2ccc3OCOc3c2)[C@@H](CO)O1'],,,,,
988,BRD-K03122949,['1013514'],['CC1CCN(CC1)S(=O)(=O)c2ccc(NC(=O)c3ccc(cc3)C(C)(C)C)cc2'],,,,,
989,BRD-K03130528,['54650085'],['CCCC#Cc1ccc(cc1)[C@H]1[C@H](CO)N([C@@H]1C#N)S(C)(=O)=O'],,,,,
990,BRD-K03142004,['54631669'],['CO[C@H]1CN(C)C(=O)c2cc(NC(=O)C3CC3)ccc2OC[C@@H](C)N(C[C@@H]1C)C(=O)CN1CCOCC1'],,,,,
991,BRD-K03157318,['54652546'],['COCC(=O)N1C[C@H]2[C@H]([C@H](CO)N2Cc2ccccc2)c2ccccc12'],,,,,
992,BRD-K03176945,['1242564'],['COc1ccc(cc1)N(C(=O)C2CCCCC2)S(=O)(=O)c3cc(OC)ccc3OC'],,,,,
993,BRD-K03180599,['54631660'],['CCCC(=O)Nc1ccc2OC[C@H](C)N(C[C@@H](C)[C@@H](CN(C)C(=O)c2c1)OC)C(=O)c1ccccn1'],,,,,
994,BRD-K03194608,['60186147'],['COc1ccc(NC(=O)N2C[C@H]3[C@@H]([C@H](CO)N3C(=O)C2)c2ccc(cc2)C2=CCCC2)cc1'],,,,,
995,BRD-K03203188,['44499176'],['COc1ccc(NC(=O)Nc2cccc3C(=O)N(C[C@H](C)[C@H](CN(C)Cc4ccc5OCOc5c4)Oc23)[C@H](C)CO)cc1'],,,,,
996,BRD-K03210181,['54646097'],['OC[C@@H]1O[C@@H](CC(=O)N2CCOCC2)C[C@H]3[C@@H]1Oc4ccc(NC(=O)Nc5ccccc5F)cc34'],,,,,
997,BRD-K03222452,['54658060'],['CCNC(=O)C[C@H]1CC[C@@H]2[C@H](COC[C@@H](O)CN2Cc2ccncc2)O1'],,,,,
998,BRD-K03223506,['60189698'],['COc1ccc2c3c([nH]c2c1)[C@@H](CO)N(C[C@]31CN(Cc2ccccc2)C1)S(=O)(=O)c1ccc(C)cc1'],,,,,
999,BRD-K03228956,['71759937'],['CCCNC(=O)N1C[C@]2(CN(C2)C(=O)CN(C)C)c2c([C@H]1CO)n(C)c1cc(OC)ccc21'],,,,,
1000,BRD-K03228992,['44487954'],['COc1ccc(CN(C)C[C@@H]2Oc3ccc(NC(=O)Cc4ccccc4)cc3C(=O)N(C[C@@H]2C)[C@H](C)CO)cc1'],,,,,
1001,BRD-K03235359,['54657679'],['O[C@@H]1CN[C@H]2CC[C@H](CC(=O)Nc3ccc(cc3)-c3ccccc3)O[C@@H]2COC1'],,,,,
1002,BRD-K03245321,['54614993'],['COc1ccc(cc1)S(=O)(=O)Nc2ccc3O[C@@H](C)CCCCO[C@H](CN(C)C)[C@@H](C)CN([C@@H](C)CO)C(=O)c3c2'],,,,,
1003,BRD-K03245480,['54638562'],['CCCNC(=O)N[C@@H]1CC[C@@H](CCn2cc(nn2)-c2cccc(F)c2)O[C@@H]1CO'],,,,,
1004,BRD-K03250561,['54654491'],['CN1[C@@H]2CC[C@H](CC(=O)NCc3ccc(Cl)cc3)O[C@@H]2COc2ccc(NC(=O)Nc3c(C)noc3C)cc2C1=O'],,,,,
1005,BRD-K03257659,['54638258'],['OC[C@@H]1O[C@@H](CC(=O)NCc2ccc3OCOc3c2)C=C[C@@H]1NC(=O)Nc1cc(F)ccc1F'],,,,,
1006,BRD-K03258328,['54650133'],['OC[C@H]1[C@H]([C@H](C#N)N1S(=O)(=O)c1ccc(F)cc1)c1ccccc1'],,,,,
1007,BRD-K03261284,['46903678'],['C[C@H](CO)N1C[C@H](C)[C@H](CN(C)S(=O)(=O)c2ccc(Cl)cc2)OCCCC[C@@H](C)Oc3ccc(cc3C1=O)N(C)C'],,,,,
1008,BRD-K03262953,['54657637'],['CN(C)C(=O)C[C@@H]1CC[C@H]2[C@@H](COC[C@H](O)CN2Cc2ccc(cc2)C(F)(F)F)O1'],,,,,
1009,BRD-K03272554,['54652643'],['COCC(=O)N1[C@H](CO)[C@H]2[C@@H]1CNc1ccccc21'],,,,,
1010,BRD-K03276924,['54631490'],['CO[C@H]1CN(C)C(=O)c2cc(NC(=O)C3CC3)ccc2OC[C@H](C)N(Cc2ccc(OC)cc2)C[C@@H]1C'],,,,,
1011,BRD-K03289154,['54613926'],['C[C@@H](CO)N1C[C@@H](C)[C@H](CN(C)S(=O)(=O)C)Oc2ccc(NC(=O)Nc3cccc4ccccc34)cc2CC1=O'],,,,,
1012,BRD-K03301842,['53382716'],['COCC(=O)N1C[C@H](C)[C@@H](CN(C)C(=O)c2cc(NC(=O)Nc3cccc(F)c3)ccc2OC[C@@H]1C)OC'],,,,,
1013,BRD-K03302289,['44491110'],['C[C@H](CO)N1C[C@@H](C)[C@H](CN(C)Cc2ccccc2)Oc3ccc(NS(=O)(=O)c4ccc(C)cc4)cc3C1=O'],,,,,
1014,BRD-K03319520,['60185061'],['COCC(=O)N1C[C@]2(CN(Cc3ccc(Cl)cc3)C2)c2c([nH]c3cc(OC)ccc23)[C@H]1CO'],,,,,
1015,BRD-K03339442,['73707434'],['COC(Cc1cccc2ccccc12)=C(C#N)C#N'],,,,,
1016,BRD-K03346718,['54660766'],['COC(=O)[C@@H]1[C@@H](CO)[C@@H]2Cn3c(ccc(-c4cccnc4)c3=O)[C@H]1N2S(=O)(=O)c1ccccc1C'],,,,,
1017,BRD-K03354784,['54649513'],['CO[C@H]1CC[C@H]2CCN(C)C(=O)[C@@H](C)[C@@H](CN(C)C(=O)c3cc(ccc3OC[C@@H]1O2)C#N)OC'],,,,,
1018,BRD-K03358980,['44502032'],['C[C@@H](CO)N1C[C@@H](C)[C@@H](CN(C)S(=O)(=O)c2ccc(F)cc2)Oc3ccc(NC(=O)Nc4ccc(cc4)C(F)(F)F)cc3CC1=O'],,,,,
1019,BRD-K03371390,['616433'],['COc1cc2c3CCNC(=O)c3[nH]c2cc1F'],,,,,
1020,BRD-K03373081,['44506058'],['C[C@H](CO)N1C[C@@H](C)[C@@H](CN(C)Cc2cccc(c2)C(F)(F)F)OCc3cn(CCCC1=O)nn3'],,,,,
1021,BRD-K03373364,['60191157'],['CCCC#Cc1ccc(cc1)[C@@H]1[C@H](CO)N2[C@@H]1CN(CC2=O)C(=O)Nc1cccc(F)c1'],,,,,
1022,BRD-K03384615,['60191655'],['OC[C@@H]1[C@@H](c2ccccc2)C2(CN(C2)C(=O)C2CCCCC2)N1C(=O)c1cccnc1'],,,,,
1023,BRD-K03406275,['54652712'],['COc1ccc(cc1)C(=O)N1C[C@@H]2[C@@H]([C@@H](CO)N2C(=O)Cc2ccccn2)c2ccccc12'],,,,,
1024,BRD-K03413212,['54654180'],['COCC(=O)Nc1ccc2OC[C@H]3O[C@H](CC(=O)N4CCc5ccccc5C4)CC[C@@H]3N(C)C(=O)c2c1'],,,,,
1025,BRD-K03416270,['54649309'],['CO[C@H](CN(C)Cc1cc(F)ccc1F)[C@@H](C)CN([C@H](C)CO)S(=O)(=O)c1ccc(F)cc1'],,,,,
1026,BRD-K03430401,['54654420'],['CCS(=O)(=O)Nc1ccc2OC[C@H]3O[C@H](CC(=O)N[C@H]4CCN(Cc5ccccc5)C4)CC[C@H]3N(C)C(=O)c2c1'],,,,,
1027,BRD-K03438483,['54631572'],['CO[C@@H]1CN(C)C(=O)c2cc(NC(=O)c3cccc(F)c3)ccc2OC[C@@H](C)N(C)C[C@H]1C'],,,,,
1028,BRD-K03439359,['2571615'],['Cc1cc(NC(=O)COC(=O)c2c(C)nn(Cc3ccccc3Cl)c2Cl)no1'],,,,,
1029,BRD-K03445781,['54658078'],['CCCNC(=O)N1C[C@H](O)COC[C@H]2O[C@H](CC(=O)N[C@@H]3CCN(Cc4ccccc4)C3)CC[C@H]12'],,,,,
1030,BRD-K03448064,['54657533'],['C[C@@H](NC(=O)C[C@@H]1CC[C@H]2[C@@H](COC[C@H](O)CN2C(=O)Nc2cccc(Cl)c2)O1)c1ccccc1'],,,,,
1031,BRD-K03463440,['44488749'],['C[C@@H](CO)N1C[C@H](C)[C@H](CN(C)C(=O)Nc2ccccc2)OCCCC[C@H](C)Oc3ccc(NC(=O)Nc4ccccc4)cc3C1=O'],,,,,
1032,BRD-K03464662,['54659022'],['O[C@H]1COC[C@H]2O[C@@H](CC(=O)NCC3CCCCC3)CC[C@@H]2N(C1)C(=O)Nc1ccc(cc1)C(F)(F)F'],,,,,
1033,BRD-K03476588,['54658468'],['O[C@H]1COC[C@H]2O[C@@H](CC(=O)NCc3ccc(Cl)cc3)CC[C@@H]2N(Cc2cccc(c2)C(F)(F)F)C1'],,,,,
1034,BRD-K03486902,['44483875'],['COc1ccc(CN(C)C[C@H]2Oc3ccc(NC(=O)c4ccncc4)cc3CC(=O)N(C[C@H]2C)[C@H](C)CO)cc1'],,,,,
1035,BRD-K03496708,['54645817'],['OC[C@H]1O[C@@H](CC(=O)NCCN2CCCCC2)C[C@@H]3[C@H]1Oc4ccc(NC(=O)C5CCOCC5)cc34'],,,,,
1036,BRD-K03515135,['60189757'],['CCCC(=O)N1C[C@]2(CN(C2)C(=O)NC(C)C)c2c([nH]c3cc(OC)ccc23)[C@H]1CO'],,,,,
1037,BRD-K03515977,['54661384'],['CN(C)C(=O)[C@@H]1[C@@H](CO)[C@@H]2Cn3c(ccc(-c4ccccc4)c3=O)[C@H]1N2C(=O)C1CCC1'],,,,,
1038,BRD-K03522229,['60184914'],['COc1cccc(NC(=O)N2[C@H]3CNC[C@@H]2[C@@H]3c2ccc(cc2)-c2ccncc2)c1'],,,,,
1039,BRD-K03548778,['54646627'],['COC(=O)C[C@@H]1C[C@@H]2[C@@H](Oc3ccc(NC(=O)NC4CCCC4)cc23)[C@@H](CO)O1'],,,,,
1040,BRD-K03552198,['1562008'],['CCCCSc1nc2CCCc2c(O)n1'],,,,,
1041,BRD-K03559171,['54652477'],['OC[C@@H]1[C@H]2[C@H](CN(C(=O)c3ccncc3)c3ccccc23)N1C(=O)c1ccccn1'],,,,,
1042,BRD-K03568952,['54657494'],['O[C@H]1COC[C@H]2O[C@@H](CC(=O)Nc3nccs3)CC[C@@H]2N(Cc2cc(F)cc(F)c2)C1'],,,,,
1043,BRD-K03589483,['44620730'],['C[C@H](CO)N1C[C@@H](C)[C@H](CN(C)Cc2ccncc2)OCCCC[C@H](C)Oc3ccc(NC(=O)Cc4ccccc4)cc3C1=O'],,,,,
1044,BRD-K03601317,['54657980'],['COc1ccccc1CNC(=O)C[C@@H]1CC[C@@H]2[C@H](COC[C@H](O)CN2Cc2cccc(c2)-c2ccncc2)O1'],,,,,
1045,BRD-K03601405,['5929052'],['COc1cc(\\C=C\\C(=O)n2cnc3ccccc23)cc(OC)c1OC'],,,,,
1046,BRD-K03608142,['60191440'],['COc1cccc(NC(=O)N2C[C@@H]3[C@@H]([C@@H](CO)N3C(=O)C2)c2ccc(cc2)C#CCC2CCCC2)c1'],,,,,
1047,BRD-K03608458,['73707562'],['Oc1ccccc1C[C@H]([C@H]1OCCNC1)c1ccccc1'],,,,,
1048,BRD-K03610256,['60189988'],['C\\C=C\\c1ccc(cc1)[C@@H]1[C@H](CO)N(C(=O)c2ccccn2)C11CN(CCC(F)(F)F)C1'],,,,,
1049,BRD-K03631605,['44492912'],['C[C@H](CO)N1C[C@H](C)[C@H](CN(C)Cc2ccc(cc2)C(=O)O)Oc3ccc(NC(=O)CCCN(C)C)cc3C1=O'],,,,,
1050,BRD-K03634222,['44485537'],['C[C@H](CO)N1C[C@H](C)[C@H](CN(C)C)Oc2ccc(NC(=O)C3CC3)cc2C1=O'],,,,,
1051,BRD-K03641022,['60185244'],['CCCNC(=O)N1C[C@]2(CCN(CC2)C(=O)C2CCOCC2)c2c([nH]c3cc(OC)ccc23)[C@@H]1CO'],,,,,
1052,BRD-K03644600,['44483449'],['C[C@@H](CO)N1C[C@H](C)[C@@H](CN(C)Cc2ccc(Cl)c(Cl)c2)Oc3ccc(NC(=O)CCC(F)(F)F)cc3C1=O'],,,,,
1053,BRD-K03651051,['60191301'],['CN(C)C(=O)c1ccc(cc1)-c1ccc(cc1)[C@H]1[C@@H](CO)N2[C@H]1CN(CC2=O)C(=O)CC1CC1'],,,,,
1054,BRD-K03651937,['44507986'],['C[C@@H](CO)N1C[C@H](C)[C@@H](CN(C)Cc2ccc(cc2)C(=O)Nc3ccccc3N)Oc4c(NC(=O)C5CCCCC5)cccc4C1=O'],,,,,
1055,BRD-K03652504,['54657691'],['O[C@@H]1COC[C@H]2O[C@@H](CC(=O)N3CCc4ccccc4C3)CC[C@@H]2N(Cc2ccc(Oc3ccccc3)cc2)C1'],,,,,
1056,BRD-K03669312,['54657696'],['CCNC(=O)C[C@@H]1CC[C@H]2[C@@H](COC[C@H](O)CN2C(=O)c2ccccn2)O1'],,,,,
1057,BRD-K03676054,['54638295'],['C[C@H](NC(=O)C[C@H]1O[C@@H](CO)[C@H](NC(=O)Cc2ccccn2)C=C1)c1ccccc1'],,,,,
1058,BRD-K03679890,['54654028'],['CN(C)C(=O)C[C@@H]1CC[C@H]2[C@@H](COc3ccc(NC(=O)NCc4ccccc4)cc3C(=O)N2C)O1'],,,,,
1059,BRD-K03701362,['60184979'],['COc1ccccc1S(=O)(=O)N1C[C@H]2N[C@@H](C1)[C@@H]2c1ccc(cc1)-c1ccccc1C'],,,,,
1060,BRD-K03704870,['698942'],['CCc1ccc(OCC(=O)Nc2nnc[nH]2)cc1'],,,,,
1061,BRD-K03706963,['54637806'],['C[C@H](CO)N1C[C@H](C)[C@H](CN(C)C(=O)Nc2ccc3OCOc3c2)OCc4ccccc4-c5ccccc5C1=O'],,,,,
1062,BRD-K03707297,['44502215'],['CC(C)NC(=O)Nc1ccc2O[C@H](C)CCCCO[C@H](CN(C)Cc3ccncc3)[C@@H](C)CN([C@H](C)CO)C(=O)c2c1'],,,,,
1063,BRD-K03716420,['54654520'],['CN1[C@@H]2CC[C@@H](CC(=O)NCC3CCCCC3)O[C@@H]2COc2ccc(NC(=O)C3CCOCC3)cc2C1=O'],,,,,
1064,BRD-K03725349,['44490429'],['CC(C)NC(=O)N(C)C[C@@H]1OCCCC[C@H](C)Oc2ccc(NC(=O)CCC(F)(F)F)cc2C(=O)N(C[C@H]1C)[C@H](C)CO'],,,,,
1065,BRD-K03727241,['54639161'],['OC[C@H]1O[C@@H](CC(=O)NCc2ccccc2Cl)CC[C@H]1NC(=O)C1CCOCC1'],,,,,
1066,BRD-K03735855,['54646123'],['C[C@@H](NC(=O)C[C@H]1C[C@H]2[C@H](Oc3ccc(NC(=O)c4ccc5OCOc5c4)cc23)[C@@H](CO)O1)c6ccccc6'],,,,,
1067,BRD-K03779476,['54631569'],['CO[C@@H]1CN(C)C(=O)c2cc(NC(C)=O)ccc2OC[C@@H](C)N(C[C@@H]1C)S(=O)(=O)c1cn(C)cn1'],,,,,
1068,BRD-K03785392,['54649921'],['CCS(=O)(=O)N1[C@@H](CO)[C@@H]([C@H]1C#N)c1ccc(cc1)C#CCC1CCCC1'],,,,,
1069,BRD-K03795299,['44487420'],['C[C@@H](CO)N1C[C@H](C)[C@H](CN(C)C(=O)Nc2c(C)noc2C)OCc3cn(CCCC1=O)nn3'],,,,,
1070,BRD-K03804563,['54631395'],['CO[C@@H]1CN(C)C(=O)c2ccc(NC(C)=O)cc2OC[C@@H](C)N(C[C@@H]1C)C(=O)Cc1ccccn1'],,,,,
1071,BRD-K03807141,['54639029'],['OC[C@@H]1O[C@@H](CCn2cc(Cc3ccccc3)nn2)CC[C@H]1NC(=O)Nc1cccc(Cl)c1'],,,,,
1072,BRD-K03808778,['54651232'],['CCNC[C@H]1[C@H]([C@@H](CO)N1C(=O)Cc1ccccn1)c1ccccc1'],,,,,
1073,BRD-K03815046,['54646701'],['OC[C@@H]1O[C@H](CC(=O)NCc2ccc3OCOc3c2)C[C@H]4[C@@H]1Oc5ccc(NC(=O)C6CCOCC6)cc45'],,,,,
1074,BRD-K03817886,['44486954'],['C[C@H](CO)N1C[C@H](C)[C@@H](CN(C)C(=O)c2ccc(cc2)N3CCN(C)CC3)OCc4cn(CCCC1=O)nn4'],,,,,
1075,BRD-K03829970,['53338854'],['CC(C)N1CCCc2c(C1)sc(NC(C)=O)c2-c1nc2ccccc2s1'],,,,,
1076,BRD-K03845749,['54654572'],['CN1[C@H]2CC[C@H](CC(=O)N3CCOCC3)O[C@H]2COc2ccc(NS(C)(=O)=O)cc2C1=O'],,,,,
1077,BRD-K03857568,['776319'],['Cc1ccc(Sc2c([N+](=O)[O-])c(=O)n(C)c3ccccc23)cc1'],,,,,
1078,BRD-K03864628,['54645995'],['COc1cccc(c1)S(=O)(=O)Nc2ccc3O[C@@H]4[C@@H](C[C@@H](CC(=O)NC5CCCCC5)O[C@H]4CO)c3c2'],,,,,
1079,BRD-K03876750,['54638678'],['CCCNC(=O)N[C@@H]1C=C[C@H](CC(=O)NCCc2ccccc2)O[C@@H]1CO'],,,,,
1080,BRD-K03883227,['54647198'],['OC[C@@H]1O[C@@H](CC(=O)NCc2ccccn2)C[C@@H]3[C@H]1Oc4ccc(NC(=O)Nc5ccc(cc5)C(F)(F)F)cc34'],,,,,
1081,BRD-K03888308,['54632220'],['CO[C@@H]1CN(C)C(=O)c2cc(NC(=O)Nc3cccc(OC)c3)ccc2OC[C@@H](C)N(CC2CC2)C[C@@H]1C'],,,,,
1082,BRD-K03891150,['54631641'],['CCCN1C[C@@H](C)[C@H](CN(C)C(=O)c2ccc(NC(=O)c3ccccc3F)cc2OC[C@@H]1C)OC'],,,,,
1083,BRD-K03925537,['60190012'],['OC[C@@H]1[C@H](c2ccccc2)C2(CN(C2)C(=O)C2CCC2)N1C(=O)c1ccccn1'],,,,,
1084,BRD-K03935278,['54646073'],['OC[C@@H]1O[C@H](CC(=O)NCC(F)(F)F)C[C@H]2[C@@H]1Oc3ccc(NS(=O)(=O)c4ccccc4)cc23'],,,,,
1085,BRD-K03936430,['54665007'],['COc1ccc(cc1)C#Cc1ccc2N[C@@H](CO)[C@H]3CCN([C@H]3c2c1)C(=O)C1CCOCC1'],,,,,
1086,BRD-K03954795,['902452'],['COc1cc(nc(S)n1)c2ccccc2'],,,,,
1087,BRD-K03957451,['44487927'],['CC(C)NC(=O)Nc1ccc2O[C@@H](CN(C)C)[C@@H](C)CN([C@@H](C)CO)C(=O)c2c1'],,,,,
1088,BRD-K03958924,['54665091'],['COc1ccc(NC(=O)N2CC[C@@H]3[C@H]2c2cc(Br)ccc2N(C)[C@@H]3CO)cc1'],,,,,
1089,BRD-K03969729,['54650098'],['CC(C)NC(=O)N1[C@H](CO)[C@H]([C@H]1C#N)c1ccc(cc1)-c1ccc(F)cc1'],,,,,
1090,BRD-K03981069,['44489497'],['COc1ccc(CN(C)C[C@@H]2Oc3ccc(NC(=O)Cn4cnnn4)cc3C(=O)N(C[C@H]2C)[C@@H](C)CO)cc1'],,,,,
1091,BRD-K03992415,['60185187'],['COc1ccc2c3c([nH]c2c1)[C@@H](CO)N(C[C@]31CN(C1)C(=O)Nc1cccc(F)c1)C(=O)c1cccnc1'],,,,,
1092,BRD-K04007716,['54618569'],['C[C@@H](CO)N1C[C@@H](C)[C@@H](CN(C)Cc2ccccc2C(=O)O)Oc3cc(ccc3S1(=O)=O)c4ccc(F)cc4'],,,,,
1093,BRD-K04009734,['54638365'],['OC[C@H]1O[C@@H](CC(=O)NCCN2CCCCC2)C=C[C@@H]1NC(=O)c1cccnc1'],,,,,
1094,BRD-K04021425,['54659765'],['COc1ccc(CN2C[C@@H](O)COC[C@H]3O[C@H](CC(=O)N4CCc5ccccc5C4)CC[C@H]23)cc1'],,,,,
1095,BRD-K04021565,['60185357'],['O=C(NC1CCCCC1)N1[C@H]2CNC[C@@H]1[C@H]2c1ccc(cc1)-c1ccc(cc1)C#N'],,,,,
1096,BRD-K04025047,['54657913'],['O[C@H]1CN[C@@H]2CC[C@H](CC(=O)Nc3nccs3)O[C@H]2COC1'],,,,,
1097,BRD-K04046003,['44499177'],['C[C@@H](CO)N1C[C@@H](C)[C@@H](CN(C)Cc2ccc(Cl)c(Cl)c2)Oc3c(NC(=O)c4nc5ccccc5s4)cccc3C1=O'],,,,,
1098,BRD-K04061325,['54661204'],['OC[C@@H]1[C@H]2Cn3c(ccc(C4=CCCCC4)c3=O)[C@@H]([C@H]1C(=O)NCCc1ccncc1)N2CC1CC1'],,,,,
1099,BRD-K04076294,['44507462'],['C[C@@H](CO)N1C[C@@H](C)[C@@H](CN(C)Cc2ccc(Cl)c(Cl)c2)Oc3ccc(NC(=O)CCCCCC(=O)Nc4ccccc4N)cc3CC1=O'],,,,,
1100,BRD-K04078927,['54660792'],['OC[C@H]1[C@@H]2Cn3c(ccc(-c4cccnc4)c3=O)[C@@H]2N[C@@H]1C(=O)NCCN1CCCCC1'],,,,,
1101,BRD-K04086909,['56835462'],['C[C@@H](CO)N1C[C@H](C)[C@@H](CN(C)C(=O)[C@H](Cc2ccccc2)N(C)C)OCc3ccccc3-c4c(C1=O)n(C)c5ccccc45'],,,,,
1102,BRD-K04087697,['60189965'],['C\\C=C\\c1ccc(cc1)[C@@H]1[C@H](CO)N(C(C)=O)C11CN(C1)C(=O)c1ccc(F)cc1'],,,,,
1103,BRD-K04117492,['44486138'],['C[C@H](CO)N1C[C@@H](C)[C@H](CN(C)Cc2ccc(cc2)C(=O)O)Oc3ccc(NC(=O)C4CC4)cc3C1=O'],,,,,
1104,BRD-K04123911,['54666553'],['OC[C@H]1[C@@H]([C@@H]2CN(CCCCN12)C(=O)c1cccc(F)c1)c1ccc(cc1)C#CC1(O)CCCC1'],,,,,
1105,BRD-K04124609,['44246547'],['CNC[C@H]1Oc2c(NS(=O)(=O)c3ccc(OC)cc3)cccc2C(=O)N(C[C@@H]1C)[C@H](C)CO'],,,,,
1106,BRD-K04133968,['54650099'],['OC[C@@H]1[C@H]([C@@H](C#N)N1C(=O)Cc1ccccc1)c1ccc(cc1)-c1cncnc1'],,,,,
1107,BRD-K04136539,['44237405'],['OC(c1ccc(NS(=O)(=O)c2cccc3cccnc23)cc1)(C(F)(F)F)C(F)(F)F'],,,,,
1108,BRD-K04139743,['60190142'],['COc1ccc2c3c([nH]c2c1)[C@@H](CO)N(C[C@]31CN(C1)C(=O)CN1CCOCC1)C(C)=O'],,,,,
1109,BRD-K04147035,['54661190'],['CCC(=O)N1[C@H]([C@H](CO)[C@H]2Cn3c(ccc(-c4ccccc4OC)c3=O)[C@@H]12)C(=O)NCCCN(C)C'],,,,,
1110,BRD-K04153348,['54637886'],['CC(C)COC(=O)N(C)C[C@@H]1OCc2ccccc2-c3c(C(=O)N(C[C@@H]1C)[C@H](C)CO)n(C)c4ccccc34'],,,,,
1111,BRD-K04156788,['25126'],['Brc1ccccc1C(=O)Nc2ccccc2'],,,,,
1112,BRD-K04188046,['52780'],['Oc1ccc(cc1O)C(=O)Cn2ccnc2'],,,,,
1113,BRD-K04206413,['54649572'],['CO[C@H]1CC[C@@H]2CCOc3c(cccc3C(=O)N(C)C[C@H](C)C(=O)N(C)C[C@H]1O2)C#N'],,,,,
1114,BRD-K04229162,['54657700'],['CCNC(=O)C[C@H]1CC[C@H]2[C@@H](COC[C@@H](O)CN2C(=O)c2ccccn2)O1'],,,,,
1115,BRD-K04230416,['54654398'],['COc1ccc(cc1)C(=O)Nc1ccc2OC[C@@H]3O[C@H](CC(=O)NCC4CC4)CC[C@H]3N(C)C(=O)c2c1'],,,,,
1116,BRD-K04232710,['54664947'],['COCC(=O)N1CC[C@@H]2[C@H]1c1cc(ccc1N[C@@H]2CO)C#Cc1ccc(F)cc1'],,,,,
1117,BRD-K04237106,['54649517'],['CO[C@@H]1CC[C@H]2CCN(C)C(=O)[C@H](C)[C@H](CN(C)C(=O)c3cc(ccc3OC[C@@H]1O2)C#N)OC'],,,,,
1118,BRD-K04238564,['44494921'],['C[C@H](CO)N1C[C@H](C)[C@H](CN(C)S(=O)(=O)c2ccccc2)OCCCC[C@@H](C)Oc3ccc(NC(=O)CCCN(C)C)cc3C1=O'],,,,,
1119,BRD-K04239420,['54666519'],['OC[C@H]1[C@H]([C@@H]2CN(Cc3ccncc3)CCCCN12)c1ccc(cc1)C1=CCCC1'],,,,,
1120,BRD-K04251331,['54632006'],['CO[C@H]1CN(C)C(=O)c2ccc(NC(=O)c3ccno3)cc2OC[C@@H](C)NC[C@@H]1C'],,,,,
1121,BRD-K04262969,['54660857'],['OC[C@@H]1[C@H]2Cn3c(cccc3=O)[C@@H]([C@H]1C(=O)N1CCc3ccccc3C1)N2CC1CC1'],,,,,
1122,BRD-K04266880,['60184959'],['C\\C=C\\c1ccc(cc1)[C@@H]1[C@H]2CN(C[C@@H]1N2)C(=O)C1CCC1'],,,,,
1123,BRD-K04267190,['54646512'],['OC[C@H]1O[C@@H](CC(=O)NCc2cc(F)ccc2F)C[C@@H]3[C@H]1Oc4ccc(NC(=O)c5ccc6OCOc6c5)cc34'],,,,,
1124,BRD-K04279026,['25243746'],['O=S(=O)(N1CCN(CC1)S(=O)(=O)c2ccccn2)c3ccc4OCCOc4c3'],,,,,
1125,BRD-K04288183,['54652639'],['OC[C@@H]1[C@H]2[C@H](CN(C(=O)c3cccc(F)c3)c3ccccc23)N1C(=O)C1CCOCC1'],,,,,
1126,BRD-K04289865,['44497175'],['C[C@H](CO)N1C[C@H](C)[C@H](CN(C)Cc2ccc(cc2)C(F)(F)F)Oc3c(NC(=O)NC4CCCCC4)cccc3C1=O'],,,,,
1127,BRD-K04309313,['54627211'],['C[C@@H](CO)N1C[C@@H](C)[C@@H](CN(C)Cc2ccc(Oc3ccccc3)cc2)Oc4cc(ccc4S1(=O)=O)c5ccncc5'],,,,,
1128,BRD-K04326190,['54657649'],['O[C@H]1COC[C@@H]2O[C@H](CC(=O)NCc3ccncn3)CC[C@H]2N(C1)S(=O)(=O)c1cccc(F)c1'],,,,,
1129,BRD-K04328580,['54613933'],['C[C@@H](CO)N1C[C@@H](C)[C@H](CN(C)C(=O)Nc2cccc3ccccc23)Oc4ccc(NS(=O)(=O)C)cc4CC1=O'],,,,,
1130,BRD-K04340915,['60189998'],['COc1ccc2c3c([nH]c2c1)[C@@H](CO)N(Cc1ccc(F)cc1)C[C@]31CN(Cc2ccccn2)C1'],,,,,
1131,BRD-K04361415,['60192075'],['CCS(=O)(=O)N1CC2(C1)[C@@H]([C@@H](CO)N2CC1CCCC1)c1ccccc1'],,,,,
1132,BRD-K04362735,['60184879'],['O=C(NC1CCCC1)N1[C@H]2CNC[C@@H]1[C@@H]2c1ccc(cc1)-c1cccnc1'],,,,,
1133,BRD-K04363266,['5524575'],['CC(=NOC(=O)c1ccc(Cl)cc1)c2nccs2'],,,,,
1134,BRD-K04364654,['60184989'],['COc1ccccc1S(=O)(=O)N1[C@H]2CNC[C@@H]1[C@@H]2c1ccc(cc1)-c1ccncc1'],,,,,
1135,BRD-K04366697,['54660793'],['OC[C@H]1[C@@H]2Cn3c(ccc(-c4cccc(F)c4)c3=O)[C@@H]2N([C@@H]1C(O)=O)C(=O)c1ccccn1'],,,,,
1136,BRD-K04367289,['54650092'],['CC(C)NC(=O)N1[C@H](CO)[C@@H]([C@H]1C#N)c1ccc(cc1)-c1ccc(F)cc1'],,,,,
1137,BRD-K04371396,['54632173'],['CO[C@@H]1CN(C)C(=O)c2cc(NC(=O)Nc3cccc(OC)c3)ccc2OC[C@H](C)N(CC2CC2)C[C@H]1C'],,,,,
1138,BRD-K04371509,['54646148'],['CS(=O)(=O)Nc1ccc2O[C@@H]3[C@@H](C[C@@H](CC(=O)NC4CCCC4)O[C@@H]3CO)c2c1'],,,,,
1139,BRD-K04380254,['54613919'],['C[C@H](CO)N1C[C@@H](C)[C@@H](CN(C)C(=O)Nc2cccc3ccccc23)Oc4ccc(NS(=O)(=O)C)cc4C1=O'],,,,,
1140,BRD-K04388421,['54664793'],['COc1cccc(c1)S(=O)(=O)N1CC[C@@H]2[C@H]1c1cc(ccc1N(C)[C@H]2CO)C#Cc1cccnc1'],,,,,
1141,BRD-K04402444,['54639133'],['Cc1ccc(cc1)S(=O)(=O)N[C@@H]1CC[C@H](CC(=O)N2CCc3ccccc3C2)O[C@H]1CO'],,,,,
1142,BRD-K04411796,['44488177'],['CC(C)NC(=O)N(C)C[C@H]1OCCCC[C@H](C)Oc2ccc(NC(=O)CCC(F)(F)F)cc2C(=O)N(C[C@H]1C)[C@@H](C)CO'],,,,,
1143,BRD-K04418684,['60189724'],['COc1ccc2c3c([C@H](CO)N(C[C@]33CCN(CC3)C(=O)Nc3c(C)noc3C)C(=O)Nc3ccc(F)cc3)n(C)c2c1'],,,,,
1144,BRD-K04443175,['54632000'],['CO[C@H]1CN(C)C(=O)c2cc(NC(=O)Nc3cccc(F)c3)ccc2OC[C@H](C)N(C[C@H]1C)C(=O)Nc1c(C)noc1C'],,,,,
1145,BRD-K04445149,['60189650'],['COc1ccccc1-c1ccc(cc1)[C@H]1[C@@H](CO)N(CC2CC2)C11CN(C1)S(C)(=O)=O'],,,,,
1146,BRD-K04458934,['44502400'],['COc1ccc(NC(=O)N(C)C[C@@H]2Oc3ccc(cc3CC(=O)N(C[C@@H]2C)[C@@H](C)CO)N(C)C)cc1'],,,,,
1147,BRD-K04476933,['44617408'],['C[C@@H](CO)N1C[C@H](C)[C@@H](CN(C)C(=O)Nc2ccc3OCOc3c2)OCCCC[C@H](C)Oc4ccc(NC(=O)C5CCCCC5)cc4C1=O'],,,,,
1148,BRD-K04512584,['60189641'],['COc1ccc2c3c([nH]c2c1)[C@@H](CO)N(C[C@]31CN(C1)S(C)(=O)=O)C(=O)C1CCC1'],,,,,
1149,BRD-K04515815,['54638586'],['OC[C@@H]1O[C@H](CCNC(=O)c2cc(Cl)cc(Cl)c2)CC[C@H]1NC(=O)C1CCOCC1'],,,,,
1150,BRD-K04516579,['53338819'],['Oc1ccc(Nc2ccccc2F)c2cccnc12'],,,,,
1151,BRD-K04533640,['54638282'],['C[C@H](NC(=O)C[C@H]1O[C@H](CO)[C@H](NC(=O)Cc2ccccn2)C=C1)c1ccccc1'],,,,,
1152,BRD-K04534322,['44511132'],['COc1ccc(cc1)[Si](C)(C)[C@@H]2[C@@H](C)[C@@]3(O[C@H]2CCO)C(=O)N(Cc4cccc(NC(=O)C)c4)c5ccccc53'],,,,,
1153,BRD-K04540960,['44617339'],['C[C@H](CO)N1C[C@H](C)[C@@H](CN(C)Cc2ccc(cc2)C(=O)Nc3ccccc3N)Oc4ccc(NC(=O)C5CCCCC5)cc4CC1=O'],,,,,
1154,BRD-K04561891,['60185106'],['O=C(CN1CCOCC1)N1C[C@H]2N[C@@H](C1)[C@H]2c1ccc(cc1)-c1ccncc1'],,,,,
1155,BRD-K04562016,['60184860'],['COc1ccccc1CN1[C@H]2CNC[C@@H]1[C@@H]2c1ccc(cc1)-c1cccc(c1)C#N'],,,,,
1156,BRD-K04566325,['54631794'],['CO[C@H]1CN(C)C(=O)c2cc(NS(=O)(=O)c3cccc(F)c3)ccc2OC[C@@H](C)NC[C@H]1C'],,,,,
1157,BRD-K04570341,['54637644'],['CO[C@H](C(=O)N(C)C[C@H]1OCc2ccccc2-c3ccccc3C(=O)N(C[C@H]1C)[C@@H](C)CO)c4ccccc4'],,,,,
1158,BRD-K04574057,['54657509'],['Cn1cnc(CCNC(=O)C[C@@H]2CC[C@H]3[C@@H](COC[C@@H](O)CN3C(=O)Nc3ccc(cc3)C(F)(F)F)O2)c1'],,,,,
1159,BRD-K04577097,['54654198'],['CN1[C@@H]2CC[C@@H](CC(=O)NCc3ccc(cc3)-c3ccccc3)O[C@@H]2COc2ccc(NC(=O)Cc3cccs3)cc2C1=O'],,,,,
1160,BRD-K04585040,['54638983'],['OC[C@H]1O[C@@H](CC(=O)NCCN2CCCC2)CC[C@H]1NC(=O)c1cccc(F)c1'],,,,,
1161,BRD-K04588345,['54649997'],['COc1cccc(c1)C#Cc1ccc(cc1)[C@H]1[C@H](CO)N([C@H]1C#N)C(=O)c1ccccn1'],,,,,
1162,BRD-K04613932,['54664802'],['OC[C@H]1Nc2ccc(Br)cc2[C@H]2[C@@H]1CCN2C(=O)C1CCOCC1'],,,,,
1163,BRD-K04617562,['44492116'],['CNC[C@H]1OCCCC[C@H](C)Oc2ccc(NC(=O)Nc3ccccc3)cc2C(=O)N(C[C@@H]1C)[C@@H](C)CO'],,,,,
1164,BRD-K04618303,['54618551'],['COc1cccc(NC(=O)N(C)C[C@@H]2Oc3ncc(C#Cc4ccncc4)cc3C(=O)N(C[C@H]2C)[C@H](C)CO)c1'],,,,,
1165,BRD-K04627808,['54632204'],['CO[C@@H]1CN(C)C(=O)c2cc(NC(=O)Nc3cccc(OC)c3)ccc2OC[C@@H](C)N(CC2CC2)C[C@H]1C'],,,,,
1166,BRD-K04630954,['54658103'],['O[C@H]1COC[C@@H]2O[C@H](CC(=O)NCc3cccc(F)c3)CC[C@H]2N(C1)C(=O)c1ccncc1'],,,,,
1167,BRD-K04632192,['44486770'],['C[C@@H](CO)N1C[C@H](C)[C@@H](CN(C)C)Oc2ccc(NS(=O)(=O)c3ccccc3)cc2C1=O'],,,,,
1168,BRD-K04632406,['54638239'],['OC[C@H]1O[C@H](CCNC(=O)c2ccc3OCOc3c2)CC[C@H]1NS(=O)(=O)c1ccc(Cl)cc1'],,,,,
1169,BRD-K04643052,['54596142'],['CS(=O)(=O)N1[C@H]2Cn3c(cccc3=O)[C@@H]1[C@@H]([C@H]2CO)C(=O)NCc1ccccc1'],,,,,
1170,BRD-K04643065,['54638618'],['OC[C@@H]1O[C@H](CCNC(=O)Nc2ccc(cc2)C(F)(F)F)CC[C@H]1NC(=O)c1cccnc1'],,,,,
1171,BRD-K04648846,['44505579'],['CC(C)OC(=O)N(C)C[C@@H]1OCc2cnnn2CCCC(=O)N(C[C@@H]1C)[C@H](C)CO'],,,,,
1172,BRD-K04669648,['54637926'],['C[C@H](CO)N1C[C@H](C)[C@@H](CN(C)S(=O)(=O)c2ccsc2)OCc3ccccc3-c4ccccc4C1=O'],,,,,
1173,BRD-K04676863,['44142109'],['Cc1cc(F)cc(C)c1Cn2cnc3n(ncc3c2=O)C(C)(C)C'],,,,,
1174,BRD-K04680237,['54638682'],['CCCNC(=O)N[C@H]1C=C[C@H](CC(=O)NCCc2ccccc2)O[C@@H]1CO'],,,,,
1175,BRD-K04682465,['54645821'],['CCCNC(=O)C[C@H]1C[C@H]2[C@H](Oc3ccc(NC(=O)Nc4ccccc4F)cc23)[C@@H](CO)O1'],,,,,
1176,BRD-K04687955,['54660687'],['OC[C@H]1[C@@H]2Cn3c(cccc3=O)[C@H]([C@@H]1C(=O)NCc1ccc3OCOc3c1)N2Cc1cccnc1'],,,,,
1177,BRD-K04695623,['44491899'],['COc1ccc(cc1)S(=O)(=O)N(C)C[C@@H]2Oc3c(NC(=O)Nc4cccc5ccccc45)cccc3C(=O)N(C[C@@H]2C)[C@H](C)CO'],,,,,
1178,BRD-K04696500,['54651329'],['CCC(=O)NC[C@H]1[C@H]([C@H](CO)N1C(=O)C1CCC1)c1ccccc1'],,,,,
1179,BRD-K04701379,['54657752'],['CNC(=O)C[C@@H]1CC[C@@H]2[C@H](COC[C@@H](O)CN2Cc2ccc(Cl)c(Cl)c2)O1'],,,,,
1180,BRD-K04722205,['3953303'],['[O-][N+](=O)c1ccc(N2CCN(CC2)C(=O)c2ccc(Cl)cc2)c2cccnc12'],,,,,
1181,BRD-K04729818,['60189850'],['OC[C@@H]1[C@@H](c2ccccc2)C2(CN(C2)C(=O)Cc2cccnc2)N1C(=O)C1CCOCC1'],,,,,
1182,BRD-K04733502,['44483925'],['C[C@@H](CO)N1C[C@H](C)[C@H](CN(C)C(=O)Nc2ccc(F)cc2)OCCCC[C@H](C)Oc3ccc(NS(=O)(=O)c4ccccc4)cc3C1=O'],,,,,
1183,BRD-K04745699,['54657626'],['O[C@H]1COC[C@H]2O[C@H](CC(=O)NC3Cc4ccccc4C3)CC[C@@H]2N(C1)C(=O)Cc1ccccc1'],,,,,
1184,BRD-K04749191,['44486960'],['C[C@@H](CO)N1C[C@@H](C)[C@H](CN(C)C(=O)Nc2cccc(Oc3ccccn3)c2)OCc4cn(CCCC1=O)nn4'],,,,,
1185,BRD-K04753511,['54649429'],['CC(C)(C)[S@](=O)N1Cc2cc(nc(c2[C@@H]1CCO)-c1cccc(c1)-c1cncnc1)C(=O)N1CCc2ccccc2C1'],,,,,
1186,BRD-K04759195,['54649380'],['CC(C)(C)[S@](=O)N1Cc2cc(nc(c2[C@@H]1CCO)-c1cccc(c1)-c1cccnc1)C(=O)NCCc1ccncc1'],,,,,
1187,BRD-K04772033,['54631826'],['COCC(=O)N1C[C@@H](C)[C@@H](CN(C)C(=O)c2ccc(NS(C)(=O)=O)cc2OC[C@@H]1C)OC'],,,,,
1188,BRD-K04779531,['3235429'],['C(Nc1ncnc2ccc(cc12)c3ccoc3)c4cccnc4'],,,,,
1189,BRD-K04802065,['60189861'],['OC[C@H]1[C@@H](c2ccccc2)C2(CN(C2)C(=O)CC2CC2)N1Cc1cccc(F)c1'],,,,,
1190,BRD-K04831789,['54638401'],['CN(C)C(=O)C[C@H]1O[C@@H](CO)[C@@H](NC(=O)c2ccc(F)cc2)C=C1'],,,,,
1191,BRD-K04832618,['44485790'],['C[C@H](CO)N1C[C@@H](C)[C@@H](CN(C)Cc2ccncc2)OCCCC[C@H](C)Oc3ccc(NC(=O)Nc4ccccc4)cc3C1=O'],,,,,
1192,BRD-K04847305,['56835438'],['C[C@@H](CO)N1C[C@H](C)[C@H](CN(C)C(=O)[C@@H]2CCCN2C)OCc3ccccc3-c4ccccc4C1=O'],,,,,
1193,BRD-K04856990,['60193560'],['COc1ccccc1NC(=O)N1CCCCN2[C@@H](CO)[C@@H]([C@@H]2C1)c1ccc(cc1)C#CC1CC1'],,,,,
1194,BRD-K04890734,['54666496'],['CC(C)CC#Cc1ccc(cc1)[C@@H]1[C@@H](CO)N2CCCCN(C[C@@H]12)C(=O)Cc1ccccn1'],,,,,
1195,BRD-K04930762,['60138090'],['Cc1ccc(NS(=O)(=O)c2cc3OCC(=O)Nc3cc2Cl)cc1C'],,,,,
1196,BRD-K04937680,['54639135'],['Cc1ccc(cc1)S(=O)(=O)N[C@@H]1CC[C@@H](CC(=O)N2CCc3ccccc3C2)O[C@H]1CO'],,,,,
1197,BRD-K04983929,['60192250'],['CC(C)NC(=O)N1[C@H](CO)[C@H](c2ccccc2)C11CN(C1)C(=O)Cc1cccnc1'],,,,,
1198,BRD-K04985042,['54661024'],['COCC(=O)N1[C@H]([C@H](CO)[C@H]2Cn3c(ccc(C4=CCCCC4)c3=O)[C@@H]12)C(=O)N1CCOCC1'],,,,,
1199,BRD-K04986062,['5742565'],['C\\C(N)=C(\\C#N)C(=O)COC(=O)c1cc(C)n(c1C)-c1ccc(F)cc1'],,,,,
1200,BRD-K04993985,['54613935'],['CC(C)NC(=O)Nc1ccc2O[C@@H](CN(C)C)[C@H](C)CN([C@@H](C)CO)C(=O)Cc2c1'],,,,,
1201,BRD-K05001416,['54652472'],['OC[C@@H]1[C@@H]2[C@@H](CN(C(=O)Cc3ccccc3)c3ccccc23)N1S(=O)(=O)c1ccccc1'],,,,,
1202,BRD-K05002121,['49852180'],['C(Nc1ccnc(n1)N1CCOc2ccccc12)c1ccccc1'],,,,,
1203,BRD-K05004643,['60184958'],['Cn1cnc(c1)S(=O)(=O)N1C[C@H]2N[C@@H](C1)[C@H]2c1ccc(cc1)-c1ccccc1F'],,,,,
1204,BRD-K05025838,['54654583'],['COc1cccc(c1)C(=O)Nc1ccc2OC[C@H]3O[C@H](CC(=O)NCCCN4CCOCC4)CC[C@@H]3N(C)C(=O)c2c1'],,,,,
1205,BRD-K05032830,['54637955'],['C[C@H](CO)N1C[C@H](C)[C@H](CN(C)C(=O)c2c(C)noc2C)OCc3ccccc3-c4c(C1=O)n(C)c5ccccc45'],,,,,
1206,BRD-K05041276,['54618524'],['C[C@@H](CO)N1C[C@H](C)[C@@H](CN(C)C(=O)C2CCCCC2)Oc3cc(C#CCN(C)C)ccc3S1(=O)=O'],,,,,
1207,BRD-K05051567,['56835501'],['C[C@@H](CO)N1C[C@@H](C)[C@H](CN(C)S(=O)(=O)c2cccs2)OCc3ccccc3-c4ccccc4C1=O'],,,,,
1208,BRD-K05111274,['54618416'],['C[C@H](CO)N1C[C@@H](C)[C@H](CN(C)Cc2cccc(F)c2)Oc3ncc(C#CC(C)(C)O)cc3C1=O'],,,,,
1209,BRD-K05132143,['54666689'],['OC[C@@H]1[C@@H]([C@@H]2CN(Cc3cccnc3)CCCCN12)c1ccc(\\C=C\\c2ccccc2)cc1'],,,,,
1210,BRD-K05150608,['44617159'],['C[C@H](CO)N1C[C@H](C)[C@@H](CN(C)C(=O)c2ccncc2)OCCCC[C@H](C)Oc3ccc(NC(=O)c4ccccc4)cc3C1=O'],,,,,
1211,BRD-K05153001,['665013'],['CC(=O)C(C(=O)C)c1c(Cl)c(O)c(O)c2c(coc12)C(=O)c3ccccc3'],,,,,
1212,BRD-K05156496,['54631790'],['CO[C@@H]1CN(C)C(=O)c2cc(NC(=O)c3cc(C)on3)ccc2OC[C@H](C)NC[C@H]1C'],,,,,
1213,BRD-K05174693,['44487030'],['C[C@@H](CO)N1C[C@@H](C)[C@@H](CN(C)S(=O)(=O)c2cccs2)OCCCC[C@@H](C)Oc3ccc(NC(=O)Cc4ccccc4)cc3C1=O'],,,,,
1214,BRD-K05197617,['687170'],['Cc1ccc2nc(Nc3ccccc3)cc(C)c2c1'],,,,,
1215,BRD-K05197946,['44486126'],['COc1ccc(CN(C)C[C@@H]2Oc3ccc(NC(=O)Cc4ccccc4)cc3C(=O)N(C[C@@H]2C)[C@@H](C)CO)cc1'],,,,,
1216,BRD-K05204496,['44506549'],['C[C@@H](CO)N1C[C@H](C)[C@H](CN(C)Cc2ccc(Oc3ccccc3)cc2)Oc4ccc(NC(=O)CCCCCC(=O)Nc5ccccc5N)cc4C1=O'],,,,,
1217,BRD-K05207940,['54646384'],['CCCNC(=O)C[C@@H]1C[C@@H]2[C@@H](Oc3ccc(NC(=O)NC4CCCCC4)cc23)[C@@H](CO)O1'],,,,,
1218,BRD-K05211263,['54615093'],['C[C@H](CO)N1C[C@@H](C)[C@H](CN(C)CC2CC2)OCCCC[C@@H](C)Oc3ccc(NC(=O)Nc4c(C)noc4C)cc3C1=O'],,,,,
1219,BRD-K05214965,['54631792'],['CO[C@@H]1CN(C)C(=O)c2cc(NC(=O)c3cc(C)on3)ccc2OC[C@@H](C)NC[C@@H]1C'],,,,,
1220,BRD-K05225561,['54627261'],['C[C@@H](CO)N1C[C@H](C)[C@H](CN(C)C(=O)C2CC2)Oc3cc(ccc3S1(=O)=O)c4cccc(C#N)c4'],,,,,
1221,BRD-K05232104,['44616650'],['CC(C)NC(=O)Nc1ccc2O[C@@H](C)CCCCO[C@@H](CN(C)CC3CCCCC3)[C@H](C)CN([C@H](C)CO)C(=O)c2c1'],,,,,
1222,BRD-K05246899,['60190968'],['OC[C@H]1[C@H]([C@H]2CN(CC(=O)N12)S(=O)(=O)c1cccc(F)c1)c1ccc(cc1)C1=CCCC1'],,,,,
1223,BRD-K05261220,['54632128'],['CO[C@H]1CN(C)C(=O)c2ccc(NC(=O)Nc3cccc(F)c3)cc2OC[C@H](C)NC[C@H]1C'],,,,,
1224,BRD-K05273600,['54649968'],['OC[C@H]1[C@@H]([C@@H](C#N)N1C(=O)Cc1ccccn1)c1ccc(cc1)C#CC1CC1'],,,,,
1225,BRD-K05275169,['54632219'],['CCC(=O)N1C[C@H](C)[C@H](CN(C)C(=O)c2ccc(NC(=O)c3ccccc3)cc2OC[C@H]1C)OC'],,,,,
1226,BRD-K05278519,['54619148'],['C[C@H](CO)N1C[C@@H](C)[C@@H](CN(C)Cc2cccc(F)c2)Oc3cc(ccc3S1(=O)=O)c4ccc(C#N)cc4'],,,,,
1227,BRD-K05315233,['54646114'],['COC(=O)C[C@@H]1C[C@H]2[C@H](Oc3ccc(N)cc23)[C@@H](CO)O1'],,,,,
1228,BRD-K05322955,['54627368'],['COc1ccc(NC(=O)N(C)C[C@H]2Oc3cc(C#CCN(C)C)ccc3S(=O)(=O)N(C[C@@H]2C)[C@@H](C)CO)cc1'],,,,,
1229,BRD-K05323441,['54660699'],['C[C@@H](NC(=O)[C@H]1[C@H](CO)[C@H]2Cn3c(cccc3=O)[C@@H]1N2CCC(F)(F)F)c1ccccc1'],,,,,
1230,BRD-K05326558,['653676'],['CCCn1c(SCC(=O)Nc2nc3CCCCc3s2)nc4n(C)c(=O)n(C)c(=O)c14'],,,,,
1231,BRD-K05331696,['44825280'],['CC(=O)c1cccc(c1)-c1csc2ncnc(Sc3nnnn3C)c12'],,,,,
1232,BRD-K05335890,['60185055'],['Cc1ccccc1-c1ccc(cc1)[C@@H]1[C@H]2CN(Cc3cocn3)C[C@@H]1N2'],,,,,
1233,BRD-K05344363,['60190127'],['COc1ccc2c3c([C@@H](CO)N(C)C[C@]33CN(C3)S(=O)(=O)c3cccc(C)c3)n(C)c2c1'],,,,,
1234,BRD-K05351800,['54615094'],['C[C@H](CO)N1C[C@@H](C)[C@@H](CN(C)CC2CC2)OCCCC[C@@H](C)Oc3ccc(NC(=O)C4CCCCC4)cc3C1=O'],,,,,
1235,BRD-K05353139,['44618908'],['COc1ccc(cc1)S(=O)(=O)N(C)C[C@H]2OCCCC[C@H](C)Oc3ccc(NS(=O)(=O)c4cn(C)cn4)cc3C(=O)N(C[C@H]2C)[C@H](C)CO'],,,,,
1236,BRD-K05356589,['54649417'],['CC(C)(C)[S@](=O)N1Cc2cc(nc(c2[C@@H]1CCO)-c1cccc(c1)-c1ccncc1)C(=O)N1CCc2ccccc2C1'],,,,,
1237,BRD-K05359840,['44142150'],['Cn1nnnc1Sc2ncnc3scc(Br)c23'],,,,,
1238,BRD-K05378136,['60188698'],['OC[C@H]1[C@@H]([C@H]2CN(CC(=O)N12)C(=O)c1cccc(F)c1)c1ccc(cc1)C1=CCCC1'],,,,,
1239,BRD-K05387676,['54665050'],['OC[C@@H]1Nc2ccc(Br)cc2[C@H]2[C@@H]1CCN2C(=O)c1ccccn1'],,,,,
1240,BRD-K05391634,['54638672'],['OC[C@H]1O[C@@H](CCNC(=O)Cc2ccncc2)CC[C@@H]1NC(=O)C1CCC1'],,,,,
1241,BRD-K05395601,['44489941'],['C[C@@H](CO)N1C[C@@H](C)[C@H](CN(C)Cc2ccc(cc2)C(F)(F)F)Oc3ccc(NC(=O)Cn4cnnn4)cc3C1=O'],,,,,
1242,BRD-K05398363,['54631796'],['CCCC(=O)Nc1ccc2OC[C@@H](C)N(Cc3nccs3)C[C@@H](C)[C@@H](CN(C)C(=O)c2c1)OC'],,,,,
1243,BRD-K05402890,['17757146'],['COc1ccc(OC)c(c1)c2nnc3SCC(=Nn23)c4ccc(OC)c(OC)c4'],,,,,
1244,BRD-K05415698,['44492088'],['C[C@H](CO)N1C[C@@H](C)[C@@H](CN(C)C)OCCCC[C@H](C)Oc2ccc(NS(=O)(=O)c3cn(C)cn3)cc2C1=O'],,,,,
1245,BRD-K05418735,['60191388'],['OC[C@H]1[C@@H]([C@@H]2CN(CC(=O)N12)C(=O)C1CCC1)c1ccc(Br)cc1'],,,,,
1246,BRD-K05432839,['54632132'],['CO[C@@H]1CN(C)C(=O)c2ccc(NC(=O)C3CCCC3)cc2OC[C@@H](C)N(C[C@@H]1C)C(=O)CC1CC1'],,,,,
1247,BRD-K05442673,['56835465'],['C[C@H](CO)N1C[C@@H](C)[C@H](CN(C)C(=O)Nc2ccc(F)cc2)OCc3ccccc3-c4ccccc4C1=O'],,,,,
1248,BRD-K05448102,['56835394'],['C[C@@H](CO)N1C[C@H](C)[C@@H](CN(C)C(=O)Nc2c(C)noc2C)OCc3ccccc3-c4c(C1=O)n(C)c5ccccc45'],,,,,
1249,BRD-K05452595,['23747926'],['OCCCOc1ccc(cc1)C2=N[C@](Cc3ccccc3CN=[N+]=[N-])([C@H](O2)c4ccccc4N=[N+]=[N-])C(=O)N5CCOCC5'],,,,,
1250,BRD-K05456756,['2112466'],['Cc1cc(NC(=O)COC(=O)c2c(C)nn(Cc3ccccc3)c2Cl)no1'],,,,,
1251,BRD-K05469482,['44617693'],['C[C@H](CO)N1C[C@@H](C)[C@H](CN(C)C(=O)Nc2ccc(F)cc2)OCCCC[C@@H](C)Oc3ccc(NC(=O)NC4CCCCC4)cc3C1=O'],,,,,
1252,BRD-K05475237,['44618860'],['C[C@H](CO)N1C[C@@H](C)[C@H](CN(C)Cc2ccc3OCOc3c2)Oc4ccc(NS(=O)(=O)C)cc4C1=O'],,,,,
1253,BRD-K05487130,['60190948'],['CC(C)C#Cc1ccc(cc1)[C@@H]1[C@H](CO)N2[C@H]1CN(CC2=O)C(=O)NC1CCCC1'],,,,,
1254,BRD-K05496005,['54664870'],['COc1ccccc1-c1ccc2N[C@H](CO)[C@@H]3CCN([C@@H]3c2c1)C(=O)C1CCCCC1'],,,,,
1255,BRD-K05498469,['54638022'],['C[C@H](CO)N1C[C@@H](C)[C@@H](CN(C)S(=O)(=O)c2cccc(F)c2)OCc3ccccc3-c4c(C1=O)n(C)c5ccccc45'],,,,,
1256,BRD-K05500678,['54637975'],['C[C@H](CO)N1C[C@H](C)[C@H](CN(C)C(=O)[C@H](C)c2ccccc2)OCc3ccccc3-c4ccccc4C1=O'],,,,,
1257,BRD-K05502425,['54666644'],['C\\C=C\\c1ccc(cc1)[C@H]1[C@H](CO)N2CCCCN(C[C@H]12)C(=O)Nc1ccc(F)cc1'],,,,,
1258,BRD-K05519665,['54637654'],['COc1cccc(NC(=O)N(C)C[C@H]2OCc3ccccc3-c4ccccc4C(=O)N(C[C@H]2C)[C@@H](C)CO)c1'],,,,,
1259,BRD-K05520923,['23777600'],['OCc1ccc([C@H]2N(CC3(CC4CC5CC(C4)C3)C5)C(=O)C[C@@]2(C(=O)NCCN6CCOCC6)c7ccc(cc7)[N+](=O)[O-])c(I)c1'],,,,,
1260,BRD-K05531636,['54631364'],['COCC(=O)Nc1ccc2OC[C@H](C)N(C[C@H](C)[C@H](CN(C)C(=O)c2c1)OC)C(=O)Cc1cccnc1'],,,,,
1261,BRD-K05542495,['946273'],['COc1ccc(cc1)c2nc(OC)c3ccccc3n2'],,,,,
1262,BRD-K05543055,['54657596'],['COc1ccccc1NC(=O)N1C[C@@H](O)COC[C@H]2O[C@@H](CC(=O)N3CCC(Cc4ccccc4)CC3)CC[C@H]12'],,,,,
1263,BRD-K05543852,['54632148'],['CO[C@H]1CN(C)C(=O)c2cc(NC(=O)c3ccccc3F)ccc2OC[C@H](C)NC[C@H]1C'],,,,,
1264,BRD-K05549170,['1167614'],['Clc1ccc(cc1)S(=O)(=O)N[C@@H]1CCCC[C@H]1N1CCOCC1'],,,,,
1265,BRD-K05562558,['44507495'],['Oc1ccccc1NC(=O)CCCCCCC(=O)N/N=C/c2ccc(s2)[N+](=O)[O-]'],,,,,
1266,BRD-K05572312,['60185058'],['COc1cccc(c1)S(=O)(=O)N1C[C@H]2N[C@@H](C1)[C@@H]2c1ccc(cc1)-c1ccccc1F'],,,,,
1267,BRD-K05581223,['54631451'],['COCC(=O)Nc1ccc2OC[C@H](C)N(Cc3ccccn3)C[C@H](C)[C@@H](CN(C)C(=O)c2c1)OC'],,,,,
1268,BRD-K05593511,['777301'],['Nc1ccccc1Nc2c(N)c(=O)oc3ccccc23'],,,,,
1269,BRD-K05601431,['60191599'],['COc1ccccc1CN1[C@H](CO)[C@@H](c2ccccc2)C11CN(C1)C(=O)c1cnccn1'],,,,,
1270,BRD-K05620072,['54664848'],['COc1ccc(cc1)-c1ccc2N[C@@H](CO)[C@@H]3CCN([C@@H]3c2c1)C(=O)CN1CCOCC1'],,,,,
1271,BRD-K05639721,['54652657'],['OC[C@@H]1[C@@H]2[C@@H](CN(C(=O)CC(F)(F)F)c3ccccc23)N1CC1CCOCC1'],,,,,
1272,BRD-K05643885,['54661234'],['OC[C@H]1[C@@H]2Cn3c(cccc3=O)[C@H]([C@@H]1C(=O)NCC1CCCCC1)N2C(=O)c1cccnc1'],,,,,
1273,BRD-K05645732,['54639080'],['COc1ccccc1S(=O)(=O)N[C@H]1CC[C@@H](CC(=O)NCc2cccc(F)c2)O[C@H]1CO'],,,,,
1274,BRD-K05647501,['49843424'],['C[C@@H](CO)N1C[C@@H](C)[C@H](CN(C)CC2CC2)OCCCC[C@H](C)Oc3ccc(NS(=O)(=O)C)cc3C1=O'],,,,,
1275,BRD-K05649470,['54661098'],['CCNC(=O)[C@H]1[C@H](CO)[C@H]2Cn3c(ccc(-c4cncnc4)c3=O)[C@H]2N1Cc1ccc2OCOc2c1'],,,,,
1276,BRD-K05649647,['1242560'],['COc1ccc(cc1)N(C(=O)c2ccccc2)S(=O)(=O)c3cc(OC)ccc3OC'],,,,,
1277,BRD-K05657439,['54661298'],['CCCN1[C@H]2Cn3c(ccc(-c4ccccc4OC)c3=O)[C@@H]1[C@@H]([C@H]2CO)C(=O)NCc1ccccn1'],,,,,
1278,BRD-K05662507,['44488694'],['C[C@H](CO)N1C[C@H](C)[C@H](CN(C)C(=O)Nc2cccc(Oc3ccccn3)c2)OCc4cn(CCCC1=O)nn4'],,,,,
1279,BRD-K05671267,['60185039'],['COc1ccc2c3c([C@H](CO)N(Cc4ccccn4)C[C@]33CN(Cc4ccccn4)C3)n(C)c2c1'],,,,,
1280,BRD-K05672354,['44487472'],['CC(C)NC(=O)Nc1ccc2O[C@@H](C)CCCCO[C@H](CN(C)Cc3ccccc3)[C@@H](C)CN([C@H](C)CO)C(=O)c2c1'],,,,,
1281,BRD-K05677905,['44502986'],['C[C@H](CO)N1C[C@H](C)[C@H](CN(C)S(=O)(=O)C)Oc2ccc(NC(=O)Nc3cccc4ccccc34)cc2CC1=O'],,,,,
1282,BRD-K05678583,['54625702'],['C[C@@H](CO)N1C[C@H](C)[C@H](CN(C)Cc2ccccc2)Oc3cc(C#CC4CC4)ccc3S1(=O)=O'],,,,,
1283,BRD-K05684908,['44505891'],['C[C@@H](CO)N1C[C@H](C)[C@@H](CN(C)Cc2ccc3OCCOc3c2)OCc4cn(CCCC1=O)nn4'],,,,,
1284,BRD-K05688054,['54650020'],['OC[C@@H]1[C@@H]([C@@H](C#N)N1C(=O)c1ccc2OCOc2c1)c1ccccc1'],,,,,
1285,BRD-K05702937,['54654805'],['COC(=O)C[C@@H]1CC[C@@H]2[C@H](COc3ccc(NC(=O)Nc4c(C)noc4C)cc3C(=O)N2C)O1'],,,,,
1286,BRD-K05713002,['54649553'],['CO[C@H]1CC[C@@H]2CCOc3c(cccc3C(=O)N(C)CCCC(=O)N(C)C[C@@H]1O2)C#N'],,,,,
1287,BRD-K05717370,['54661243'],['OC[C@@H]1[C@H]2Cn3c(cccc3=O)[C@H]2N(Cc2cncnc2)[C@H]1C(=O)NCC1CC1'],,,,,
1288,BRD-K05722694,['54654359'],['CN1[C@H]2CC[C@@H](CC(=O)NC3Cc4ccccc4C3)O[C@@H]2COc2ccc(NS(=O)(=O)c3ccccc3F)cc2C1=O'],,,,,
1289,BRD-K05726929,['54638789'],['OC[C@@H]1O[C@H](CC(=O)N2CCCCC2)C=C[C@@H]1NC(=O)c1ccc2OCOc2c1'],,,,,
1290,BRD-K05733208,['54649323'],['CO[C@H](CN(C)S(=O)(=O)c1ccc(Cl)cc1)[C@H](C)CN([C@H](C)CO)S(=O)(=O)c1cccc(Cl)c1'],,,,,
1291,BRD-K05745800,['56835420'],['C[C@H](CO)N1C[C@@H](C)[C@H](CN(C)S(=O)(=O)c2cccc(F)c2)OCc3ccccc3-c4ccccc4C1=O'],,,,,
1292,BRD-K05775306,['2966632'],['COc1ccc2ccccc2c1CNCc3ccccn3'],,,,,
1293,BRD-K05778745,['54651287'],['CCN(C[C@H]1[C@H]([C@@H](CO)N1C(=O)COC)c1ccccc1)S(C)(=O)=O'],,,,,
1294,BRD-K05778965,['54664846'],['COc1ccc(cc1)-c1ccc2N[C@H](CO)[C@@H]3CCN([C@@H]3c2c1)C(=O)CN1CCOCC1'],,,,,
1295,BRD-K05789716,['54652506'],['OC[C@H]1[C@@H]2[C@@H](CN(C(=O)Nc3ccc(Cl)cc3)c3ccccc23)N1C(=O)C1CC1'],,,,,
1296,BRD-K05791917,['54649345'],['CC(C)(C)[S@](=O)N1Cc2cc(nc(c2[C@@H]1CCO)-c1cccc(c1)-c1ccccc1F)C(=O)NCc1ccccn1'],,,,,
1297,BRD-K05814022,['54652541'],['CN1[C@H](CO)[C@@H]2[C@H]1CNc1ccccc21'],,,,,
1298,BRD-K05832178,['60191159'],['CC(C)CC#Cc1ccc(cc1)[C@@H]1[C@@H](CO)N2[C@H]1CN(CC2=O)C(=O)c1cccc(F)c1'],,,,,
1299,BRD-K05833481,['54654309'],['CCNC(=O)Nc1ccc2OC[C@@H]3O[C@H](CC(=O)N[C@@H](C)c4ccccc4)CC[C@@H]3N(C)C(=O)c2c1'],,,,,
1300,BRD-K05835710,['60185113'],['COc1ccc2c3c([nH]c2c1)[C@@H](CO)N(C[C@]31CCN(Cc2nccs2)CC1)S(=O)(=O)c1ccc(C)cc1'],,,,,
1301,BRD-K05841102,['54666612'],['COc1ccc(cc1)-c1ccc(cc1)[C@@H]1[C@H](CO)N2CCCCN(C[C@@H]12)C(=O)Cc1ccncc1'],,,,,
1302,BRD-K05856102,['54657490'],['CN1CCN(CC1)C(=O)C[C@@H]1CC[C@H]2[C@@H](COC[C@H](O)CN2CC2CCOCC2)O1'],,,,,
1303,BRD-K05858751,['54665032'],['CN(C)C(=O)c1ccc(cc1)-c1ccc2N(C)[C@H](CO)[C@@H]3CCN([C@@H]3c2c1)C(=O)C1CCC1'],,,,,
1304,BRD-K05861053,['18148563'],['CNC(=O)CCc1nc(no1)-c1ccc(cc1)C(C)C'],,,,,
1305,BRD-K05885800,['54651171'],['CCc1csc(n1)N1[C@@H](CO)[C@@H]([C@@H]1CNC(C)C)c1ccc(cc1)\\C=C\\C'],,,,,
1306,BRD-K05889827,['60192177'],['OC[C@@H]1[C@@H](c2ccccc2)C2(CN(C2)C(=O)c2ccncc2)N1C(=O)CC1CC1'],,,,,
1307,BRD-K05896800,['54651374'],['CC(C)N(C[C@@H]1N[C@@H](CO)[C@H]1c1ccc(cc1)-c1ccccc1)C(C)=O'],,,,,
1308,BRD-K05906947,['54652605'],['OC[C@H]1[C@H]2[C@H](CN(C(=O)Nc3cccc(F)c3)c3ccccc23)N1C(=O)Cc1ccccn1'],,,,,
1309,BRD-K05912972,['44619181'],['C[C@H](CO)N1C[C@H](C)[C@@H](CN(C)CC2CC2)OCCCC[C@H](C)Oc3ccc(NC(=O)Nc4ccc5OCOc5c4)cc3C1=O'],,,,,
1310,BRD-K05917849,['44485165'],['C[C@H](CO)N1C[C@H](C)[C@@H](CN(C)Cc2ccncc2)Oc3ccc(NC(=O)CCN4CCOCC4)cc3CC1=O'],,,,,
1311,BRD-K05928130,['54651272'],['CCN(C[C@H]1[C@@H]([C@H](CO)N1C(C)=O)c1ccccc1)C(=O)NC1CCCC1'],,,,,
1312,BRD-K05931533,['54649922'],['CCS(=O)(=O)N1[C@H](CO)[C@H]([C@@H]1C#N)c1ccc(cc1)C#CCC1CCCC1'],,,,,
1313,BRD-K05951707,['54632135'],['CO[C@@H]1CN(C)C(=O)c2ccc(NC(=O)Nc3ccccc3F)cc2OC[C@H](C)N(CC2CC2)C[C@@H]1C'],,,,,
1314,BRD-K05961870,['54649354'],['COc1ccc(CNC(=O)c2cc3CN([C@@H](CCO)c3c(n2)-c2cccc(\\C=C\\C)c2)[S@@](=O)C(C)(C)C)cc1'],,,,,
1315,BRD-K05967016,['44495451'],['C[C@H](CO)N1C[C@@H](C)[C@@H](CN(C)Cc2ccncc2)OCCCC[C@@H](C)Oc3ccc(NC(=O)c4ccncc4)cc3C1=O'],,,,,
1316,BRD-K05978741,['54652533'],['COc1cccc(c1)C(=O)N1C[C@H]2[C@H]([C@@H](CO)N2Cc2ccccc2Cl)c2ccccc12'],,,,,
1317,BRD-K05979026,['60138116'],['O=C(NCCc1nc2ccccc2n1C\\C=C\\c1ccccc1)C1CCCCC1'],,,,,
1318,BRD-K05984448,['54654239'],['CN1[C@H]2CC[C@@H](CC(=O)N[C@@H]3CCN(Cc4ccccc4)C3)O[C@H]2COc2ccc(NC(=O)Nc3c(C)noc3C)cc2C1=O'],,,,,
1319,BRD-K05994859,['60184887'],['COc1ccc2c3c([C@@H](CO)N(Cc4ccncc4)C[C@]33CN(C3)C(=O)Nc3cccc(F)c3)n(C)c2c1'],,,,,
1320,BRD-K06009608,['44506826'],['C[C@@H](CO)N1C[C@@H](C)[C@@H](CN(C)Cc2ccc(cc2)C(=O)Nc3ccccc3N)Oc4c(NC(=O)C5CCCCC5)cccc4C1=O'],,,,,
1321,BRD-K06020002,['1294885'],['FC(F)(F)c1ccc(Cl)c(Nc2nnc(s2)c3ccncc3)c1'],,,,,
1322,BRD-K06039860,['54654211'],['CN1[C@@H]2CC[C@@H](CC(=O)NCC3CCCCC3)O[C@H]2COc2ccc(NC(=O)c3cccc(F)c3)cc2C1=O'],,,,,
1323,BRD-K06064877,['54615036'],['C[C@@H](CO)N1C[C@H](C)[C@@H](CN(C)C(=O)c2ccncc2)OCCCC[C@H](C)Oc3ccc(NC(=O)c4ccncc4)cc3C1=O'],,,,,
1324,BRD-K06071925,['44494986'],['C[C@@H](CO)N1C[C@H](C)[C@@H](CN(C)S(=O)(=O)c2ccccc2)OCCCC[C@@H](C)Oc3ccc(cc3C1=O)N(C)C'],,,,,
1325,BRD-K06083657,['54657785'],['COCCNC(=O)C[C@@H]1CC[C@H]2[C@@H](COC[C@@H](O)CN2C(=O)c2cc(Cl)cc(Cl)c2)O1'],,,,,
1326,BRD-K06086334,['54646390'],['COC(=O)C[C@@H]1C[C@H]2[C@H](Oc3ccc(NS(=O)(=O)C)cc23)[C@H](CO)O1'],,,,,
1327,BRD-K06096379,['56835446'],['C[C@@H](CO)N1C[C@H](C)[C@H](CN(C)C(=O)[C@@H](C)c2ccccc2)OCc3ccccc3-c4ccccc4C1=O'],,,,,
1328,BRD-K06111933,['54665031'],['CN(C)C(=O)c1ccc(cc1)-c1ccc2N(C)[C@@H](CO)[C@H]3CCN([C@H]3c2c1)C(=O)C1CCC1'],,,,,
1329,BRD-K06127304,['54646684'],['CN(C)CC(=O)Nc1ccc2O[C@@H]3[C@@H](C[C@H](CC(=O)N4CCc5ccccc5C4)O[C@@H]3CO)c2c1'],,,,,
1330,BRD-K06145650,['44495514'],['CC(C)NC(=O)N(C)C[C@@H]1OCCCC[C@@H](C)Oc2ccc(NC(=O)Nc3ccccc3)cc2C(=O)N(C[C@H]1C)[C@@H](C)CO'],,,,,
1331,BRD-K06146388,['54613904'],['CC(C)NC(=O)N(C)C[C@@H]1Oc2ccc(NC(=O)Cc3cn(C)c4ccccc34)cc2CC(=O)N(C[C@H]1C)[C@@H](C)CO'],,,,,
1332,BRD-K06155953,['54638968'],['OC[C@H]1O[C@@H](CCNC(=O)c2ccc(F)cc2)CC[C@@H]1NC(=O)Nc1ccc(Cl)c(Cl)c1'],,,,,
1333,BRD-K06158553,['54638367'],['OC[C@H]1O[C@H](CC(=O)NCc2ccncn2)CC[C@H]1NC(=O)c1ccc(F)cc1'],,,,,
1334,BRD-K06161868,['54657558'],['O[C@H]1COC[C@@H]2O[C@H](CC(=O)N3CCCCC3)CC[C@H]2N(C1)S(=O)(=O)c1cccc(Cl)c1'],,,,,
1335,BRD-K06163447,['54639114'],['Cc1ccc(cc1)S(=O)(=O)N[C@H]1CC[C@H](CCNC(=O)c2ccccc2F)O[C@H]1CO'],,,,,
1336,BRD-K06163572,['60191197'],['OC[C@@H]1[C@H]([C@@H]2CN(CC(=O)N12)C(=O)c1cnccn1)c1ccc(\\C=C\\c2ccccc2)cc1'],,,,,
1337,BRD-K06170455,['44485855'],['COc1ccc(NC(=O)Nc2ccc3O[C@@H](CN(C)Cc4ccc5OCOc5c4)[C@H](C)CN([C@@H](C)CO)C(=O)c3c2)cc1'],,,,,
1338,BRD-K06186994,['9581011'],['COC(=O)c1cnn(c1C=NN=C(S)NC(C)(C)C)c2ccc(F)cc2F'],,,,,
1339,BRD-K06187854,['44490265'],['C[C@H](CO)N1C[C@H](C)[C@H](CN(C)C)OCCCC[C@@H](C)Oc2ccc(NS(=O)(=O)c3cn(C)cn3)cc2C1=O'],,,,,
1340,BRD-K06188347,['54654013'],['CN1[C@@H]2CC[C@H](CC(=O)NC3CCCC3)O[C@@H]2COc2ccc(NC(=O)c3cc(C)on3)cc2C1=O'],,,,,
1341,BRD-K06199632,['56835506'],['C[C@@H](CO)N1C[C@@H](C)[C@H](CN(C)C(=O)[C@H](Cc2ccccc2)N(C)C)OCc3ccccc3-c4ccccc4C1=O'],,,,,
1342,BRD-K06202986,['54650120'],['COCC(=O)N1[C@@H](CO)[C@H]([C@@H]1C#N)c1ccc(cc1)C#CCC1CCCC1'],,,,,
1343,BRD-K06206016,['46912192'],['Cc1cc2n(C)c3c(cnn(Cc4c(Cl)ccc(C)c4F)c3=O)c2s1'],,,,,
1344,BRD-K06209369,['60189956'],['COc1ccc2c3c([C@H](CO)NC[C@]33CCN(CC3)C(=O)c3ccc(F)cc3)n(C)c2c1'],,,,,
1345,BRD-K06209536,['20283862'],['CN(C)CCCNc1ccc(O)cc1'],,,,,
1346,BRD-K06212126,['60184909'],['CN(C)C(=O)c1ccc(cc1)-c1ccc(cc1)[C@@H]1[C@H]2CN(Cc3cncnc3)C[C@@H]1N2'],,,,,
1347,BRD-K06217810,['56643215'],['CN(Cc1csc(C)n1)c1ncnc2ccc(cc12)-c1ccc2OCOc2c1'],,,,,
1348,BRD-K06217925,['54657828'],['O[C@@H]1COC[C@@H]2O[C@H](CC(=O)N3CCC(Cc4ccccc4)CC3)CC[C@H]2N(Cc2nccs2)C1'],,,,,
1349,BRD-K06228572,['54645949'],['OC[C@H]1O[C@@H](CC(=O)NC2CCCC2)C[C@H]3[C@@H]1Oc4ccc(NC(=O)C5CCC5)cc34'],,,,,
1350,BRD-K06240911,['54631292'],['CO[C@H]1CN(C)C(=O)c2ccc(NC(C)=O)cc2OC[C@@H](C)N(Cc2cncnc2)C[C@H]1C'],,,,,
1351,BRD-K06250012,['54631372'],['CO[C@H]1CN(C)C(=O)c2cc(NS(=O)(=O)CC(F)(F)F)ccc2OC[C@H](C)N(Cc2nccs2)C[C@@H]1C'],,,,,
1352,BRD-K06260900,['44485765'],['C[C@@H](CO)N1C[C@@H](C)[C@H](CN(C)Cc2ccc3cccnc3c2)OCc4cn(CCCC1=O)nn4'],,,,,
1353,BRD-K06280926,['54654551'],['CN(C)C(=O)C[C@@H]1CC[C@H]2[C@H](COc3ccc(NC(=O)c4ccc(F)cc4)cc3C(=O)N2C)O1'],,,,,
1354,BRD-K06295532,['54618628'],['C[C@H](CO)N1C[C@@H](C)[C@H](CN(C)C(=O)c2ccncc2)Oc3ncc(cc3C1=O)c4ccc(cc4)C(=O)N(C)C'],,,,,
1355,BRD-K06296238,['54647209'],['CN(C)CC(=O)Nc1ccc2O[C@@H]3[C@@H](C[C@@H](CC(=O)NCc4ccncc4)O[C@@H]3CO)c2c1'],,,,,
1356,BRD-K06303559,['60191347'],['COCC(=O)N1C[C@@H]2[C@H]([C@H](CO)N2C(=O)C1)c1ccc(cc1)C#CC1CC1'],,,,,
1357,BRD-K06311439,['44494668'],['C[C@H](CO)N1C[C@@H](C)[C@H](CN(C)S(=O)(=O)c2ccc(C)cc2)Oc3c(NC(=O)Nc4cccc5ccccc45)cccc3C1=O'],,,,,
1358,BRD-K06314140,['44495074'],['CNC[C@@H]1OCCCC[C@@H](C)Oc2ccc(NC(=O)NC(C)C)cc2C(=O)N(C[C@H]1C)[C@H](C)CO'],,,,,
1359,BRD-K06326887,['54632150'],['CO[C@@H]1CN(C)C(=O)c2cc(NC(=O)Nc3cc(F)ccc3F)ccc2OC[C@@H](C)NC[C@H]1C'],,,,,
1360,BRD-K06328518,['54652474'],['OC[C@H]1[C@H]2[C@H](CN(C(=O)c3ccncc3)c3ccccc23)N1C(=O)c1ccccn1'],,,,,
1361,BRD-K06359153,['54651407'],['OC[C@H]1[C@H]([C@H](CNCC2CCC2)N1C(=O)Cc1cccnc1)c1ccccc1'],,,,,
1362,BRD-K06361641,['54618910'],['C[C@@H](CO)N1C[C@H](C)[C@@H](CN(C)C(=O)Cc2ccncc2)Oc3cc(ccc3S1(=O)=O)C4=CCCCC4'],,,,,
1363,BRD-K06370852,['54649440'],['CC(C)(C)[S@](=O)N1Cc2cc(nc(c2[C@@H]1CCO)-c1cccc(c1)-c1ccncc1)C(=O)NCCc1ccncc1'],,,,,
1364,BRD-K06373442,['54646188'],['COc1ccccc1CNC(=O)C[C@@H]2C[C@H]3[C@H](Oc4ccc(NS(=O)(=O)c5ccc(F)cc5)cc34)[C@@H](CO)O2'],,,,,
1365,BRD-K06380464,['54638920'],['OC[C@@H]1O[C@H](CCn2cc(nn2)C2CC2)CC[C@@H]1NC(=O)Nc1cc(F)ccc1F'],,,,,
1366,BRD-K06380515,['54661001'],['OC[C@H]1[C@@H]2Cn3c(ccc(-c4ccccc4F)c3=O)[C@H]([C@@H]1C(=O)N1CCCCC1)N2C(=O)C1CCC1'],,,,,
1367,BRD-K06388802,['44485563'],['C[C@@H](CO)N1C[C@@H](C)[C@@H](CN(C)C)Oc2ccc(NS(=O)(=O)c3ccccc3)cc2C1=O'],,,,,
1368,BRD-K06397242,['44484065'],['C[C@@H](CO)N1C[C@H](C)[C@@H](CN(C)Cc2ccc(Cl)c(Cl)c2)Oc3ccc(NC(=O)CCN4CCOCC4)cc3C1=O'],,,,,
1369,BRD-K06401240,['54637949'],['C[C@@H](CO)N1C[C@@H](C)[C@@H](CN(C)Cc2cccc(O)c2)OCc3ccccc3-c4ccccc4C1=O'],,,,,
1370,BRD-K06405410,['24868581'],['OCCCOc1ccc(cc1)C2=N[C@]3(Cc4ccccc4)[C@H](O2)c5ccccc5CN(CCS(=O)(=O)c6ccccc6)C3=O'],,,,,
1371,BRD-K06417531,['44487912'],['C[C@@H](CO)N1C[C@@H](C)[C@@H](CN(C)Cc2ccccc2)Oc3ccc(NS(=O)(=O)c4ccc(C)cc4)cc3C1=O'],,,,,
1372,BRD-K06418154,['54658100'],['O[C@H]1COC[C@H]2O[C@H](CC(=O)NCc3cccc(F)c3)CC[C@@H]2N(C1)C(=O)c1ccncc1'],,,,,
1373,BRD-K06421369,['54637858'],['C[C@@H](CO)N1C[C@@H](C)[C@@H](CN(C)S(=O)(=O)Cc2ccccc2)OCc3ccccc3-c4ccccc4C1=O'],,,,,
1374,BRD-K06432527,['54617020'],['C[C@H](CO)N1C[C@H](C)[C@@H](CN(C)CC2CCCCC2)OCCCC[C@H](C)Oc3ccc(NS(=O)(=O)c4ccc(C)cc4)cc3C1=O'],,,,,
1375,BRD-K06432680,['1512045'],['CCCN1CNc2c(C1)c(=O)[nH]c(=S)n2CCc3ccc(OC)c(OC)c3'],,,,,
1376,BRD-K06436323,['45382284'],['CCn1c(=O)cc([nH]c1=O)N1CCN(CC1)c1cccc(c1)C(F)(F)F'],,,,,
1377,BRD-K06436793,['60184805'],['C\\C=C\\c1ccc(cc1)[C@H]1[C@@H]2CNC[C@H]1N2C(=O)Nc1ccc2OCOc2c1'],,,,,
1378,BRD-K06450282,['46903347'],['COc1ccccc1CNC(=O)C[C@@H]2C[C@@H]3[C@@H](Oc4ccc(cc34)N(C)C)[C@H](CO)O2'],,,,,
1379,BRD-K06470746,['54657624'],['O[C@@H]1COC[C@@H]2O[C@H](CC(=O)NCc3ccncc3)CC[C@H]2N(C1)C(=O)CCN1CCCCC1'],,,,,
1380,BRD-K06475386,['54631735'],['CO[C@H]1CN(C)C(=O)c2cc(NS(=O)(=O)c3cccc(F)c3)ccc2OC[C@H](C)NC[C@H]1C'],,,,,
1381,BRD-K06476055,['44202943'],['C[C@H](CO)N1C[C@@H](C)[C@H](CN(C)S(=O)(=O)c2ccc(F)cc2)Oc3ccc(NC(=O)Cc4cn(C)c5ccccc45)cc3C1=O'],,,,,
1382,BRD-K06482871,['54661348'],['CCN1[C@@H]([C@@H](CO)[C@@H]2Cn3c(ccc(-c4ccccc4OC)c3=O)[C@H]12)C(=O)NCc1ccc(F)cc1'],,,,,
1383,BRD-K06511061,['54665045'],['CN1[C@H](CO)[C@@H]2CCN([C@@H]2c2cc(ccc12)-c1ccc(cc1)C#N)C(C)=O'],,,,,
1384,BRD-K06514792,['54651348'],['CC(C)N(C[C@H]1[C@@H]([C@H](CO)N1S(C)(=O)=O)c1ccccc1)C(=O)CN(C)C'],,,,,
1385,BRD-K06518099,['54652690'],['CC(C)NC(=O)N1[C@@H](CO)[C@@H]2[C@H]1CN(C)c1ccccc21'],,,,,
1386,BRD-K06521224,['71758896'],['COc1ccc2c3c([C@H](CO)N(C[C@]33CCN(CC3)C(=O)c3ccncc3)C(=O)C3CCOCC3)n(C)c2c1'],,,,,
1387,BRD-K06532738,['54646002'],['CN(C)C(=O)C[C@H]1C[C@H]2[C@H](Oc3ccc(NC(=O)c4cccnc4)cc23)[C@@H](CO)O1'],,,,,
1388,BRD-K06541323,['54650078'],['COc1ccccc1C#Cc1ccc(cc1)[C@@H]1[C@@H](CO)N([C@@H]1C#N)C(=O)C1CC1'],,,,,
1389,BRD-K06555716,['53338833'],['CN(C)c1cccc(c1)-c1ccnc(n1)N1CCC(CC1)C(N)=O'],,,,,
1390,BRD-K06559861,['54646200'],['CS(=O)(=O)Nc1ccc2O[C@H]3[C@H](C[C@H](CC(=O)NCc4ccccn4)O[C@@H]3CO)c2c1'],,,,,
1391,BRD-K06568278,['44486968'],['C[C@@H](CO)N1C[C@H](C)[C@@H](CN(C)C(=O)Nc2ccc3OCOc3c2)OCc4cn(CCCC1=O)nn4'],,,,,
1392,BRD-K06574200,['44489842'],['CNC[C@@H]1OCCCC[C@H](C)Oc2ccc(NC(=O)c3ccncc3)cc2C(=O)N(C[C@@H]1C)[C@@H](C)CO'],,,,,
1393,BRD-K06589444,['44496306'],['CC(C)NC(=O)Nc1cccc2C(=O)N(C[C@H](C)[C@H](CN(C)C)Oc12)[C@H](C)CO'],,,,,
1394,BRD-K06589837,['54649975'],['OC[C@@H]1[C@H]([C@@H](C#N)N1S(=O)(=O)Cc1ccccc1)c1ccccc1'],,,,,
1395,BRD-K06592610,['44490241'],['C[C@H](CO)N1C[C@H](C)[C@@H](CN(C)C(=O)CCC(F)(F)F)OCCCC[C@@H](C)Oc2ccc(NS(=O)(=O)c3ccccc3)cc2C1=O'],,,,,
1396,BRD-K06614049,['54652716'],['CC(=O)N1C[C@H]2[C@H]([C@@H](CO)N2C(=O)CC2CC2)c2ccccc12'],,,,,
1397,BRD-K06614363,['54651369'],['COCCN(C[C@@H]1[C@H]([C@H](CO)N1C(C)=O)c1ccccc1)C(=O)c1cccnc1'],,,,,
1398,BRD-K06619089,['54657526'],['O[C@@H]1COC[C@@H]2O[C@@H](CC(=O)N3CCN(CC3)c3ccccc3)CC[C@H]2N(C1)C(=O)c1cnccn1'],,,,,
1399,BRD-K06623064,['44487206'],['COc1ccc(NC(=O)Nc2ccc3O[C@@H](CN(C)S(=O)(=O)c4ccc(F)cc4)[C@@H](C)CN([C@H](C)CO)C(=O)c3c2)cc1'],,,,,
1400,BRD-K06624861,['54646565'],['COc1cccc(c1)S(=O)(=O)Nc2ccc3O[C@H]4[C@H](C[C@H](CC(=O)N5CCCCC5)O[C@H]4CO)c3c2'],,,,,
1401,BRD-K06650679,['54638323'],['COc1ccc(NC(=O)N[C@H]2CC[C@@H](CCNC(=O)Nc3cc(F)ccc3F)O[C@H]2CO)cc1'],,,,,
1402,BRD-K06652922,['3190055'],['COc1ccc(cc1)-c1csc(NC(=O)CSc2nnc3c(C)cc4cc5OCOc5cc4n23)n1'],,,,,
1403,BRD-K06663126,['54613914'],['C[C@H](CO)N1C[C@@H](C)[C@@H](CN(C)Cc2ccc(cc2)C(F)(F)F)Oc3ccc(NC(=O)Nc4c(C)noc4C)cc3C1=O'],,,,,
1404,BRD-K06663546,['54650113'],['OC[C@@H]1[C@H]([C@@H](C#N)N1C(=O)C1CC1)c1ccc(cc1)C#CC1(O)CCCC1'],,,,,
1405,BRD-K06688693,['56835545'],['C[C@@H](CO)N1C[C@H](C)[C@H](CN(C)S(=O)(=O)c2cn(C)cn2)OCc3ccccc3-c4ccccc4C1=O'],,,,,
1406,BRD-K06714535,['54657850'],['COc1ccc(cc1)S(=O)(=O)N1C[C@@H](O)COC[C@H]2O[C@H](CC(=O)N[C@H]3CCN(Cc4ccccc4)C3)CC[C@H]12'],,,,,
1407,BRD-K06715209,['60189857'],['OC[C@@H]1[C@H](c2ccccc2)C2(CN(C2)C(=O)C2CCOCC2)N1C(=O)CC1CC1'],,,,,
1408,BRD-K06716139,['54650103'],['COc1ccccc1NC(=O)N1[C@H](CO)[C@@H]([C@@H]1C#N)c1ccccc1'],,,,,
1409,BRD-K06718821,['54649334'],['C\\C=C\\c1cccc(c1)-c1nc(cc2CN([C@@H](CCO)c12)[S@@](=O)C(C)(C)C)C(=O)N(C)C'],,,,,
1410,BRD-K06723172,['54631838'],['CO[C@H]1CN(C)C(=O)c2cc(NC(=O)Nc3ccccc3OC)ccc2OC[C@H](C)N(C)C[C@@H]1C'],,,,,
1411,BRD-K06725649,['54637672'],['CO[C@@H](C(=O)N(C)C[C@H]1OCc2ccccc2-c3c(C(=O)N(C[C@H]1C)[C@H](C)CO)n(C)c4ccccc34)c5ccccc5'],,,,,
1412,BRD-K06725890,['60185103'],['C\\C=C\\c1ccc(cc1)[C@@H]1[C@H]2CN(Cc3cncnc3)C[C@@H]1N2'],,,,,
1413,BRD-K06731779,['54654400'],['COc1ccc(cc1)C(=O)Nc1ccc2OC[C@H]3O[C@H](CC(=O)NCC4CC4)CC[C@H]3N(C)C(=O)c2c1'],,,,,
1414,BRD-K06745755,['54660945'],['C[C@@H](NC(=O)[C@H]1[C@H](CO)[C@H]2Cn3c(ccc(-c4ccncc4)c3=O)[C@H]2N1C)c1ccccc1'],,,,,
1415,BRD-K06748700,['22416276'],['Fc1ccc(cc1)n2sc3ccccc3c2=O'],,,,,
1416,BRD-K06759695,['44492046'],['CNC[C@H]1Oc2ccc(NS(=O)(=O)c3ccccc3)cc2CC(=O)N(C[C@@H]1C)[C@@H](C)CO'],,,,,
1417,BRD-K06765193,['5904441'],['[O-][N+](=O)c1ccc(/C=C(\\C#N)/c2nc3ccccc3[nH]2)o1'],,,,,
1418,BRD-K06772064,['54654473'],['CN1[C@H]2CC[C@@H](CC(=O)N[C@H]3CCN(Cc4ccccc4)C3)O[C@@H]2COc2ccc(NC(=O)c3cnccn3)cc2C1=O'],,,,,
1419,BRD-K06780475,['54657682'],['O[C@@H]1COC[C@@H]2O[C@@H](CC(=O)NCc3ccccc3Cl)CC[C@H]2N(Cc2nccs2)C1'],,,,,
1420,BRD-K06790322,['54646718'],['OC[C@H]1O[C@H](CC(=O)NCc2ccc(Cl)cc2)C[C@@H]3[C@H]1Oc4ccc(NC(=O)CC5CC5)cc34'],,,,,
1421,BRD-K06800040,['2981635'],['O=C1N(CCCSc2nnc[nH]2)C(=O)c3cccc4cccc1c34'],,,,,
1422,BRD-K06804050,['54646015'],['OC[C@@H]1O[C@H](CC(=O)NCCN2CCCCC2)C[C@@H]3[C@H]1Oc4ccc(NC(=O)c5ccc6OCOc6c5)cc34'],,,,,
1423,BRD-K06809080,['44491094'],['C[C@@H](CO)N1C[C@@H](C)[C@H](CN(C)C(=O)Nc2ccc(F)cc2)Oc3ccc(NS(=O)(=O)c4ccccc4)cc3C1=O'],,,,,
1424,BRD-K06816133,['54666634'],['OC[C@H]1[C@H]([C@@H]2CN(CCCCN12)S(=O)(=O)c1ccccc1)c1ccc(cc1)C#CC1CCCC1'],,,,,
1425,BRD-K06832445,['54661342'],['CN1[C@H]([C@H](CO)[C@H]2Cn3c(ccc(-c4ccc(F)cc4)c3=O)[C@@H]12)C(=O)Nc1ccccc1'],,,,,
1426,BRD-K06833365,['54652454'],['CN(C)CC(=O)N1C[C@@H]2[C@@H]([C@H](CO)N2Cc2cc(F)ccc2F)c2ccccc12'],,,,,
1427,BRD-K06851272,['60190176'],['OC[C@@H]1[C@@H](c2ccccc2)C2(CN(C2)C(=O)c2ccccn2)N1Cc1ccccc1'],,,,,
1428,BRD-K06852269,['54646538'],['CN(C)c1ccc2O[C@H]3[C@H](C[C@H](CC(=O)NCc4ccc5OCOc5c4)O[C@@H]3CO)c2c1'],,,,,
1429,BRD-K06884091,['44617869'],['C[C@@H](CO)N1C[C@@H](C)[C@@H](CN(C)C(=O)c2ccccc2)OCCCC[C@H](C)Oc3ccc(NC(=O)c4ccccc4)cc3C1=O'],,,,,
1430,BRD-K06884108,['54618476'],['C/C=C/c1ccc2c(O[C@@H](CN(C)C(=O)Cc3cccnc3)[C@@H](C)CN([C@H](C)CO)S2(=O)=O)c1'],,,,,
1431,BRD-K06891569,['54657762'],['O[C@@H]1COC[C@@H]2O[C@@H](CC(=O)NCC3CCCCC3)CC[C@H]2N(C1)C(=O)Nc1ccc(Cl)cc1'],,,,,
1432,BRD-K06892639,['54637669'],['CO[C@H](C(=O)N(C)C[C@H]1OCc2ccccc2-c3c(C(=O)N(C[C@H]1C)[C@@H](C)CO)n(C)c4ccccc34)c5ccccc5'],,,,,
1433,BRD-K06897051,['54631437'],['CO[C@H]1CN(C)C(=O)c2ccc(NC(=O)C3CC3)cc2OC[C@H](C)N(Cc2cc(F)ccc2F)C[C@@H]1C'],,,,,
1434,BRD-K06898795,['54652413'],['CN1C[C@H]2[C@H]([C@@H](CO)N2Cc2ccccc2Cl)c2ccccc12'],,,,,
1435,BRD-K06898969,['44483658'],['C[C@@H](CO)N1C[C@H](C)[C@H](CN(C)C(=O)Nc2c(C)noc2C)Oc3ccc(NC(=O)CCC(F)(F)F)cc3C1=O'],,,,,
1436,BRD-K06899423,['44489756'],['CNC[C@@H]1Oc2ccc(NS(=O)(=O)c3ccccc3)cc2CC(=O)N(C[C@@H]1C)[C@H](C)CO'],,,,,
1437,BRD-K06902141,['54652562'],['OC[C@@H]1[C@H]2[C@H](CNc3ccccc23)N1C(=O)Cc1ccccn1'],,,,,
1438,BRD-K06905668,['44494694'],['COc1ccc(NC(=O)N(C)C[C@@H]2Oc3c(NC(=O)NC4CCCCC4)cccc3C(=O)N(C[C@H]2C)[C@H](C)CO)cc1'],,,,,
1439,BRD-K06912584,['54646129'],['OC[C@H]1O[C@@H](CC(=O)NC2CCCCC2)C[C@H]3[C@@H]1Oc4ccc(NC(=O)c5cccnc5)cc34'],,,,,
1440,BRD-K06935006,['54649546'],['CO[C@@H]1CC[C@@H]2CCOc3c(cccc3C(=O)N(C)C[C@@H](CC(=O)N(C)C[C@@H]1O2)c1ccccc1)C#N'],,,,,
1441,BRD-K06953509,['60191120'],['CC(C)C#Cc1ccc(cc1)[C@H]1[C@@H](CO)N2[C@H]1CN(CC2=O)S(=O)(=O)c1ccccc1'],,,,,
1442,BRD-K06956503,['44820570'],['Clc1ccc(CN(CCCCNC(=S)NCCCc2c[nH]cn2)c2ccc(Br)cn2)cc1'],,,,,
1443,BRD-K06973013,['44616641'],['C[C@@H](CO)N1C[C@@H](C)[C@H](CN(C)Cc2ccc(Cl)c(Cl)c2)OCCCC[C@@H](C)Oc3ccc(NC(=O)C4CCCCC4)cc3C1=O'],,,,,
1444,BRD-K06992369,['60191124'],['COCC#Cc1ccc(cc1)[C@@H]1[C@@H](CO)N2[C@@H]1CN(CC2=O)C(=O)C1CCCCC1'],,,,,
1445,BRD-K07001848,['54651339'],['OC[C@H]1N[C@H](CNC(=O)CN2CCOCC2)[C@H]1c1ccc(cc1)-c1ccccc1'],,,,,
1446,BRD-K07004447,['54650158'],['OC[C@H]1N[C@H](C#N)[C@H]1c1ccc(cc1)C#CC1CCCCC1'],,,,,
1447,BRD-K07005393,['44507045'],['C[C@H](CO)N1C[C@@H](C)[C@@H](CN(C)Cc2ccc(Cl)c(Cl)c2)Oc3ccc(NC(=O)CCCCCC(=O)Nc4ccccc4N)cc3C1=O'],,,,,
1448,BRD-K07008972,['44489847'],['CC(C)NC(=O)N(C)C[C@@H]1OCCCC[C@H](C)Oc2ccc(NC(=O)CCC(F)(F)F)cc2C(=O)N(C[C@@H]1C)[C@@H](C)CO'],,,,,
1449,BRD-K07017100,['54646292'],['OC[C@H]1O[C@H](CC(=O)NCc2cc(F)ccc2F)C[C@H]3[C@@H]1Oc4ccc(NC(=O)Nc5ccc(cc5)C(F)(F)F)cc34'],,,,,
1450,BRD-K07023879,['24869062'],['COc1ccc(cc1)[Si](C)(C)[C@@H]2[C@@H](C)[C@@]3(O[C@H]2CCO)C(=O)N(CC=C)c4ccc(I)cc43'],,,,,
1451,BRD-K07026322,['44488201'],['CC(C)NC(=O)Nc1ccc2O[C@H](C)CCCCO[C@H](CN(C)C(=O)CCCN(C)C)[C@H](C)CN([C@@H](C)CO)C(=O)c2c1'],,,,,
1452,BRD-K07039703,['54614995'],['C[C@@H](CO)N1C[C@H](C)[C@H](CN(C)C(=O)c2ccccc2)OCCCC[C@H](C)Oc3ccc(NC(=O)c4ccccc4)cc3C1=O'],,,,,
1453,BRD-K07040635,['60190039'],['COc1ccc2c3c([nH]c2c1)[C@H](CO)N(C[C@]31CN(C1)C(=O)c1ccccc1)C(=O)CC1CC1'],,,,,
1454,BRD-K07056593,['54654383'],['CC(C)c1cccc(NC(=O)C[C@H]2CC[C@H]3[C@@H](COc4ccc(NC(=O)c5ccc(cc5)C#N)cc4C(=O)N3C)O2)c1'],,,,,
1455,BRD-K07060092,['44616639'],['COc1ccc(cc1)S(=O)(=O)Nc2ccc3O[C@H](C)CCCCO[C@@H](CN(C)C)[C@H](C)CN([C@@H](C)CO)C(=O)c3c2'],,,,,
1456,BRD-K07061353,['2046011'],['Clc1ccccc1c2nnc(SCC(=O)Nc3ccc(Br)cc3)n2c4ccccc4'],,,,,
1457,BRD-K07063907,['44487338'],['C[C@@H](CO)N1C[C@H](C)[C@H](CN(C)C)Oc2ccc(NC(=O)C3CC3)cc2C1=O'],,,,,
1458,BRD-K07064094,['44490321'],['CC(C)NC(=O)N(C)C[C@@H]1OCCCC[C@@H](C)Oc2ccc(NC(=O)Nc3ccccc3)cc2C(=O)N(C[C@@H]1C)[C@@H](C)CO'],,,,,
1459,BRD-K07073046,['54652646'],['CCC(=O)N1[C@@H](CO)[C@H]2[C@@H]1CN(c1ccccc21)S(=O)(=O)c1ccccc1C'],,,,,
1460,BRD-K07079548,['11957524'],['Oc1ccc2C[C@H]3N(CC=C)CCc4cccc(c34)-c2c1O'],,,,,
1461,BRD-K07100440,['54657703'],['CCNC(=O)C[C@@H]1CC[C@@H]2[C@H](COC[C@H](O)CN2C(=O)c2ccccn2)O1'],,,,,
1462,BRD-K07101857,['44142044'],['Cc1cccc(CNc2ncnc3ccc(cc23)c4ccccc4Cl)c1'],,,,,
1463,BRD-K07105437,['54654293'],['CN1[C@H]2CC[C@@H](CC(=O)NCCCN3CCOCC3)O[C@@H]2COc2ccc(NC(=O)Cc3cccs3)cc2C1=O'],,,,,
1464,BRD-K07107626,['54649916'],['COc1cccc(c1)-c1ccc(cc1)[C@H]1[C@@H](CO)N(C(=O)Cc2ccncc2)[C@@H]1C#N'],,,,,
1465,BRD-K07129792,['54666611'],['CCS(=O)(=O)N1CCCCN2[C@@H](CO)[C@H]([C@@H]2C1)c1ccc(cc1)-c1ccc(cc1)C(=O)N(C)C'],,,,,
1466,BRD-K07157902,['54657976'],['COC(=O)C[C@H]1CC[C@H]2[C@@H](COC[C@H](O)CN2S(=O)(=O)c2ccccc2OC)O1'],,,,,
1467,BRD-K07161233,['3528206'],['CNc1nc(N)c([N+](=O)[O-])c(Nc2cccc(F)c2)n1'],,,,,
1468,BRD-K07164057,['54657538'],['C[C@H](NC(=O)C[C@@H]1CC[C@@H]2[C@H](COC[C@H](O)CN2C(=O)Nc2cccc(Cl)c2)O1)c1ccccc1'],,,,,
1469,BRD-K07184814,['60189749'],['CCCNC(=O)N1[C@@H](CO)[C@H](c2ccccc2)C11CN(C1)C(=O)C1CCCCC1'],,,,,
1470,BRD-K07197565,['54631625'],['CCCNC(=O)Nc1ccc2c(OC[C@@H](C)N(Cc3cccnc3)C[C@@H](C)[C@H](CN(C)C2=O)OC)c1'],,,,,
1471,BRD-K07208716,['54618595'],['C[C@H](CO)N1C[C@H](C)[C@@H](CN(C)C(=O)c2ccncc2)Oc3ncc(cc3C1=O)c4ccc(cc4)C(=O)N(C)C'],,,,,
1472,BRD-K07223205,['16414'],['CN(C)CCCN1c2ccc(O)cc2Sc2ccc(Cl)cc12'],,,,,
1473,BRD-K07237640,['54631716'],['COCC(=O)N1C[C@@H](C)[C@@H](CN(C)C(=O)c2ccc(NS(C)(=O)=O)cc2OC[C@H]1C)OC'],,,,,
1474,BRD-K07244661,['54654553'],['CN(C)C(=O)C[C@@H]1CC[C@@H]2[C@H](COc3ccc(NC(=O)c4ccc(F)cc4)cc3C(=O)N2C)O1'],,,,,
1475,BRD-K07250107,['54631315'],['CCCC(=O)Nc1ccc2OC[C@@H](C)N(CC3CCCC3)C[C@@H](C)[C@H](CN(C)C(=O)c2c1)OC'],,,,,
1476,BRD-K07253943,['54637894'],['C[C@H](CO)N1C[C@H](C)[C@H](CN(C)S(=O)(=O)c2ccccc2F)OCc3ccccc3-c4ccccc4C1=O'],,,,,
1477,BRD-K07257078,['54666642'],['OC[C@@H]1[C@H]([C@@H]2CN(Cc3cncnc3)CCCCN12)c1ccc(cc1)-c1ccccc1F'],,,,,
1478,BRD-K07259155,['44142136'],['Cn1nnnc1Sc2ncnc3scc(c4cccc(Br)c4)c23'],,,,,
1479,BRD-K07269289,['54657595'],['COc1ccccc1NC(=O)N1C[C@H](O)COC[C@H]2O[C@@H](CC(=O)N3CCC(Cc4ccccc4)CC3)CC[C@H]12'],,,,,
1480,BRD-K07270511,['44502210'],['CC(C)NC(=O)Nc1ccc2O[C@H](C)CCCCO[C@H](CN(C)C(=O)CCC(F)(F)F)[C@@H](C)CN([C@H](C)CO)C(=O)c2c1'],,,,,
1481,BRD-K07275921,['54631650'],['CO[C@H]1CN(C)C(=O)c2cc(NC(=O)Cc3ccccc3)ccc2OC[C@H](C)NC[C@@H]1C'],,,,,
1482,BRD-K07276035,['60182960'],['COC(=O)c1ccc(CN2C[C@H]3[C@@H]([C@H](CO)N3C(=O)C2)c2ccc(Br)cc2)cc1'],,,,,
1483,BRD-K07291429,['60184820'],['COc1ccc2c3c([nH]c2c1)[C@H](CO)N(C[C@]31CN(C1)C(=O)c1cccnc1)S(C)(=O)=O'],,,,,
1484,BRD-K07298554,['54631154'],['C[C@H](CO)N1C[C@@H](C)[C@H](CN(C)CC2CCCCC2)Oc3ncc(cc3C1=O)c4ccc(C)cc4'],,,,,
1485,BRD-K07323881,['54657841'],['O[C@@H]1COC[C@@H]2O[C@@H](CC(=O)NCC3CCCCC3)CC[C@H]2N(C1)S(=O)(=O)c1ccc(F)cc1'],,,,,
1486,BRD-K07329815,['60191435'],['OC[C@H]1[C@H]([C@@H]2CNCC(=O)N12)c1ccc(cc1)-c1ccc(cc1)C#N'],,,,,
1487,BRD-K07339740,['54657692'],['O[C@H]1COC[C@H]2O[C@H](CC(=O)N3CCc4ccccc4C3)CC[C@@H]2N(Cc2ccc(Oc3ccccc3)cc2)C1'],,,,,
1488,BRD-K07340176,['54664867'],['OC[C@@H]1Nc2ccc(cc2[C@@H]2[C@H]1CCN2C(=O)C1CCC1)C#Cc1cccc(F)c1'],,,,,
1489,BRD-K07359994,['54639036'],['Cc1ccc(cc1)S(=O)(=O)N[C@@H]1C=C[C@H](CC(=O)NCCN2CCCCC2)O[C@@H]1CO'],,,,,
1490,BRD-K07360484,['54652525'],['OC[C@H]1[C@@H]2[C@@H](CN(C(=O)Cc3ccccc3)c3ccccc23)N1C(=O)c1cccc(F)c1'],,,,,
1491,BRD-K07373355,['54646695'],['OC[C@@H]1O[C@@H](CC(=O)NCc2ccc(Cl)cc2)C[C@H]3[C@@H]1Oc4ccc(NC(=O)Nc5ccc(cc5)C(F)(F)F)cc34'],,,,,
1492,BRD-K07378992,['60184995'],['COc1ccc2c3c([nH]c2c1)[C@H](CO)N(C[C@]31CCN(CC1)C(=O)Nc1ccc(F)cc1F)C(C)=O'],,,,,
1493,BRD-K07381195,['44505971'],['COc1cccc(c1)S(=O)(=O)N(C)C[C@H]2OCc3cn(CCCC(=O)N(C[C@@H]2C)[C@H](C)CO)nn3'],,,,,
1494,BRD-K07382790,['54638776'],['COC(=O)C[C@@H]1O[C@H](CO)[C@@H](NC(=O)Nc2ccc(cc2)C(F)(F)F)C=C1'],,,,,
1495,BRD-K07385663,['60185085'],['COc1ccc2c3c([C@@H](CO)NC[C@]33CN(C3)C(=O)c3cccc(F)c3)n(C)c2c1'],,,,,
1496,BRD-K07395346,['44494352'],['C[C@@H](CO)N1C[C@@H](C)[C@H](CN(C)C(=O)Nc2ccc(cc2)C(F)(F)F)Oc3ccc(NC(=O)NC4CCCCC4)cc3C1=O'],,,,,
1497,BRD-K07398339,['44229066'],['COc1ccc(cc1)S(=O)(=O)n1c(N)nc2ccccc12'],,,,,
1498,BRD-K07400331,['56835314'],['COc1cccc(NC(=O)N(C)C[C@H]2OCc3ccccc3-c4c(C(=O)N(C[C@@H]2C)[C@@H](C)CO)n(C)c5ccccc45)c1'],,,,,
1499,BRD-K07408742,['54645929'],['OC[C@H]1O[C@@H](CC(=O)NCc2cc(F)ccc2F)C[C@H]3[C@@H]1Oc4ccc(NC(=O)c5cccnc5)cc34'],,,,,
1500,BRD-K07417570,['44505210'],['C[C@H](CO)N1C[C@H](C)[C@@H](CN(C)Cc2ccc3OCOc3c2)OCc4cnnn4CCCC1=O'],,,,,
1501,BRD-K07418207,['54664904'],['CN1[C@@H](CO)[C@H]2CCN([C@H]2c2cc(ccc12)-c1cccc(F)c1)C(=O)C1CCOCC1'],,,,,
1502,BRD-K07424227,['54632074'],['CO[C@@H]1CN(C)C(=O)c2ccc(NC(=O)NC(C)C)cc2OC[C@H](C)N(Cc2ccccn2)C[C@@H]1C'],,,,,
1503,BRD-K07431800,['54650058'],['OC[C@@H]1[C@H]([C@H](C#N)N1C(=O)Nc1cccc(F)c1)c1ccccc1'],,,,,
1504,BRD-K07442049,['54649581'],['CO[C@H]1CC[C@@H]2CCOc3c(cccc3C(=O)N(C)C[C@H](C)C(=O)N(C)C[C@@H]1O2)C#N'],,,,,
1505,BRD-K07444373,['60190171'],['CCS(=O)(=O)N1CC2(C1)[C@@H]([C@H](CO)N2C(=O)c1ccccc1)c1ccccc1'],,,,,
1506,BRD-K07448100,['54666476'],['C[C@H](O)C#Cc1ccc(cc1)[C@@H]1[C@@H](CO)N2CCCCN(C[C@H]12)C(=O)c1ccc2OCOc2c1'],,,,,
1507,BRD-K07452532,['44505244'],['C[C@@H](CO)N1C[C@H](C)[C@H](CN(C)Cc2ccc3OCCOc3c2)OCc4cn(CCCC1=O)nn4'],,,,,
1508,BRD-K07456098,['54638931'],['OC[C@@H]1O[C@@H](CC(=O)NCc2ccc(Cl)c(Cl)c2)CC[C@@H]1NS(=O)(=O)c1ccc(F)cc1'],,,,,
1509,BRD-K07458582,['54650080'],['COc1ccccc1C#Cc1ccc(cc1)[C@@H]1[C@H](CO)N([C@@H]1C#N)C(=O)C1CC1'],,,,,
1510,BRD-K07462139,['56835264'],['C[C@@H](CO)N1C[C@H](C)[C@H](CN(C)Cc2cccc(O)c2)OCc3ccccc3-c4ccccc4C1=O'],,,,,
1511,BRD-K07466598,['71729870'],['CCS(=O)(=O)N1C[C@@]2(C1)CN(Cc1ccc3OCOc3c1)[C@@H](CO)c1[nH]c3cc(OC)ccc3c21'],,,,,
1512,BRD-K07472106,['44202494'],['COc1ccc(cc1)S(=O)(=O)N(C)C[C@H]2Oc3c(cccc3C(=O)N(C[C@@H]2C)[C@H](C)CO)N(C)C'],,,,,
1513,BRD-K07473223,['44489270'],['C[C@H](CO)N1C[C@@H](C)[C@@H](CN(C)C(=O)Nc2ccccc2F)OCc3cn(CCCC1=O)nn3'],,,,,
1514,BRD-K07476834,['441860'],['C[C@H]1O[C@H](C[C@H](O)[C@@H]1O)O[C@H]1CC[C@]2(C=O)[C@H]3CC[C@]4(C)[C@H](CC[C@]4(O)[C@@H]3CC[C@]2(O)C1)C1=CC(=O)OC1'],,,,,
1515,BRD-K07479774,['56835453'],['C[C@H](CO)N1C[C@H](C)[C@@H](CN(C)C(=O)N[C@H](C)c2ccccc2)OCc3ccccc3-c4c(C1=O)n(C)c5ccccc45'],,,,,
1516,BRD-K07481948,['54649555'],['CO[C@H]1CC[C@@H]2CCOc3c(cccc3C(=O)N(C)CCCC(=O)N(C)C[C@H]1O2)C#N'],,,,,
1517,BRD-K07493822,['60189651'],['CCC(=O)N1[C@@H](CO)[C@@H](c2ccccc2)C11CN(C1)C(=O)c1ccc2OCOc2c1'],,,,,
1518,BRD-K07493900,['54638646'],['COc1cccc(NC(=O)N[C@H]2CC[C@H](CC(=O)N3CCCCC3)O[C@H]2CO)c1'],,,,,
1519,BRD-K07508147,['60182962'],['COC(=O)c1ccc(CN2C[C@@H]3[C@@H]([C@@H](CO)N3C(=O)C2)c2ccc(Br)cc2)cc1'],,,,,
1520,BRD-K07515761,['60138123'],['FC(F)(F)c1cccc(c1)N1CCN(CC1)C(=S)Nc1nccc2ccccc12'],,,,,
1521,BRD-K07516181,['54654454'],['CN1[C@H]2CC[C@H](CC(=O)NCC(F)(F)F)O[C@H]2COc2ccc(NC(=O)c3ccccc3Cl)cc2C1=O'],,,,,
1522,BRD-K07521754,['50897563'],['COc1ccc2C=CC(C)(C)Oc2c1C(=O)\\C=C\\c1ccccc1'],,,,,
1523,BRD-K07522124,['54657994'],['CN1CCN(CC1)C(=O)C[C@H]1CC[C@@H]2[C@H](COC[C@H](O)CN2S(=O)(=O)c2ccccc2C)O1'],,,,,
1524,BRD-K07523222,['54646450'],['OC[C@@H]1O[C@H](CC(=O)NC2CCCCC2)C[C@H]3[C@@H]1Oc4ccc(NC(=O)c5ccc6OCOc6c5)cc34'],,,,,
1525,BRD-K07530279,['1864426'],['COc1ccc(Cl)cc1Nc2nnc(s2)c3ccncc3'],,,,,
1526,BRD-K07531476,['54615718'],['C[C@@H](CO)N1C[C@H](C)[C@@H](CN(C)C(=O)Nc2ccc(cc2)C(F)(F)F)OCCCC[C@@H](C)Oc3ccc(NC(=O)c4ccccc4)cc3C1=O'],,,,,
1527,BRD-K07546004,['60191512'],['CC(C)NC(=O)N1[C@@H](CO)[C@@H](c2ccccc2)C11CN(C1)C(=O)Cc1cccnc1'],,,,,
1528,BRD-K07558380,['54646469'],['C[C@H](NC(=O)C[C@H]1C[C@H]2[C@H](Oc3ccc(NC(=O)C4CCOCC4)cc23)[C@@H](CO)O1)c5ccccc5'],,,,,
1529,BRD-K07563916,['54638833'],['COc1ccccc1S(=O)(=O)N[C@@H]1C=C[C@@H](CC(=O)N2CCCCC2)O[C@H]1CO'],,,,,
1530,BRD-K07568447,['54649569'],['CO[C@@H]1CC[C@H]2CCOc3c(cccc3C(=O)N(C)C[C@@H](C)C(=O)N(C)C[C@H]1O2)C#N'],,,,,
1531,BRD-K07572455,['54657847'],['COc1ccc(cc1)S(=O)(=O)N1C[C@H](O)COC[C@@H]2O[C@@H](CC(=O)N[C@@H]3CCN(Cc4ccccc4)C3)CC[C@@H]12'],,,,,
1532,BRD-K07577534,['54616988'],['COc1ccc(CN(C)C[C@H]2OCCCC[C@H](C)Oc3ccc(NS(=O)(=O)c4ccc(F)cc4)cc3C(=O)N(C[C@@H]2C)[C@H](C)CO)cc1'],,,,,
1533,BRD-K07581216,['54618448'],['C[C@@H](CO)N1C[C@@H](C)[C@H](CN(C)C(=O)C2CCCCC2)Oc3cc(C#CCN(C)C)ccc3S1(=O)=O'],,,,,
1534,BRD-K07591847,['54661097'],['CCNC(=O)[C@@H]1[C@@H](CO)[C@@H]2Cn3c(ccc(-c4cncnc4)c3=O)[C@@H]2N1Cc1ccc2OCOc2c1'],,,,,
1535,BRD-K07594626,['54654005'],['COc1cccc(NC(=O)C[C@@H]2CC[C@H]3[C@H](COc4ccc(NC(=O)C5CCOCC5)cc4C(=O)N3C)O2)c1'],,,,,
1536,BRD-K07601300,['54639148'],['OC[C@@H]1O[C@@H](CC(=O)N2CCN(CC2)c2ccccc2)C=C[C@H]1NC(=O)c1ccncc1'],,,,,
1537,BRD-K07609594,['54660798'],['CN1[C@H]([C@H](CO)[C@H]2Cn3c(ccc(\\C=C\\c4ccccc4)c3=O)[C@@H]12)C(=O)NCCCN1CCOCC1'],,,,,
1538,BRD-K07613753,['54637786'],['C[C@H](CO)N1C[C@H](C)[C@H](CN(C)Cc2cccnc2)OCc3ccccc3-c4ccccc4C1=O'],,,,,
1539,BRD-K07616985,['54646309'],['COc1ccccc1CNC(=O)C[C@@H]2C[C@H]3[C@H](Oc4ccc(NC(=O)Cc5ccncc5)cc34)[C@H](CO)O2'],,,,,
1540,BRD-K07625901,['54657803'],['COc1cccc(NC(=O)N2C[C@H](O)COC[C@@H]3O[C@H](CC(=O)N(C)C)CC[C@@H]23)c1'],,,,,
1541,BRD-K07627743,['54651602'],['CCCNC(=O)NC[C@H]1[C@@H]([C@@H](CO)N1C(C)=O)c1ccc(cc1)C1=CCCCC1'],,,,,
1542,BRD-K07634536,['54657863'],['COCCNC(=O)C[C@@H]1CC[C@@H]2[C@H](COC[C@H](O)CN2S(=O)(=O)c2ccccc2F)O1'],,,,,
1543,BRD-K07642375,['54625694'],['C[C@@H](CO)N1C[C@H](C)[C@H](CN(C)Cc2cncnc2)Oc3cc(/C=C/c4ccccc4)ccc3S1(=O)=O'],,,,,
1544,BRD-K07653295,['3708824'],['Cc1[n+](C)ccc2ccccc12'],,,,,
1545,BRD-K07660364,['54654234'],['CN1[C@H]2CC[C@H](CC(=O)N[C@H]3CCN(Cc4ccccc4)C3)O[C@H]2COc2ccc(NC(=O)Nc3c(C)noc3C)cc2C1=O'],,,,,
1546,BRD-K07666543,['44503705'],['COc1ccc(cc1)S(=O)(=O)N(C)C[C@@H]2OCCCC[C@@H](C)Oc3ccc(NS(=O)(=O)c4cn(C)cn4)cc3C(=O)N(C[C@@H]2C)[C@H](C)CO'],,,,,
1547,BRD-K07668032,['3234850'],['C(Nc1ncnc2ccc(cc12)c3ccoc3)c4cccs4'],,,,,
1548,BRD-K07678162,['54638963'],['C[C@H](NC(=O)C[C@H]1O[C@@H](CO)[C@H](NC(=O)Nc2ccc3OCOc3c2)C=C1)c1ccccc1'],,,,,
1549,BRD-K07686903,['54654256'],['CN1[C@H]2CC[C@@H](CC(=O)Nc3cn(C)nc3C)O[C@H]2COc2ccc(NC(=O)c3cccc(F)c3)cc2C1=O'],,,,,
1550,BRD-K07689498,['54666690'],['OC[C@H]1[C@H]([C@@H]2CN(Cc3cccnc3)CCCCN12)c1ccc(\\C=C\\c2ccccc2)cc1'],,,,,
1551,BRD-K07700224,['54649521'],['CO[C@H]1CC[C@@H]2CCN(C)C(=O)[C@@H](C)[C@H](CN(C)C(=O)c3cc(ccc3OC[C@H]1O2)C#N)OC'],,,,,
1552,BRD-K07702264,['54652709'],['CCCC(=O)N1C[C@H]2[C@H]([C@@H](CO)N2Cc2cocn2)c2ccccc12'],,,,,
1553,BRD-K07727895,['54638234'],['OC[C@@H]1O[C@H](CC(=O)N2CCOCC2)C=C[C@@H]1NC(=O)NC1CCCCC1'],,,,,
1554,BRD-K07734969,['54615934'],['COc1ccc(NC(=O)N(C)C[C@H]2OCCCC[C@@H](C)Oc3ccc(NC(=O)C4CCCCC4)cc3C(=O)N(C[C@H]2C)[C@H](C)CO)cc1'],,,,,
1555,BRD-K07748118,['54638674'],['OC[C@@H]1O[C@H](CCNC(=O)Cc2ccncc2)CC[C@@H]1NC(=O)C1CCC1'],,,,,
1556,BRD-K07760433,['54654550'],['CN1[C@H]2CC[C@H](CC(=O)Nc3cccc4ccccc34)O[C@@H]2COc2ccc(NS(=O)(=O)c3ccc(F)cc3)cc2C1=O'],,,,,
1557,BRD-K07778122,['54666660'],['OC[C@H]1[C@@H]([C@H]2CN(CCCCN12)C(=O)NC1CCCC1)c1ccc(cc1)-c1cccnc1'],,,,,
1558,BRD-K07786204,['54666416'],['OC[C@@H]1[C@@H]([C@@H]2CN(CC3CCOCC3)CCCCN12)c1ccc(cc1)C#Cc1ccccc1F'],,,,,
1559,BRD-K07790303,['54657858'],['COc1ccc(cc1)S(=O)(=O)N1C[C@H](O)COC[C@H]2O[C@@H](CC(=O)N[C@@H]3CCN(Cc4ccccc4)C3)CC[C@H]12'],,,,,
1560,BRD-K07790824,['46948707'],['CC(=O)Nc1ccc(cc1)C(C)=NNC(=O)C1CCCC1'],,,,,
1561,BRD-K07796595,['54649503'],['CO[C@H]1CC[C@@H]2CCN(C)C(=O)[C@@H](C)[C@@H](CN(C)C(=O)c3cccc(C#N)c3OC[C@H]1O2)OC'],,,,,
1562,BRD-K07799833,['54649930'],['OC[C@@H]1[C@@H]([C@@H](C#N)N1C(=O)c1cccnc1)c1ccc(cc1)C#Cc1ccccc1F'],,,,,
1563,BRD-K07807999,['54638285'],['C[C@H](NC(=O)C[C@@H]1O[C@H](CO)[C@H](NC(=O)Cc2ccccn2)C=C1)c1ccccc1'],,,,,
1564,BRD-K07809895,['54632044'],['CO[C@H]1CN(C)C(=O)c2ccc(NC(=O)c3ccno3)cc2OC[C@H](C)NC[C@H]1C'],,,,,
1565,BRD-K07817703,['54631317'],['CO[C@H]1CN(C)C(=O)c2ccc(NC(=O)c3ccc4OCOc4c3)cc2OC[C@@H](C)N(CCC(F)(F)F)C[C@H]1C'],,,,,
1566,BRD-K07850148,['23920343'],['OCCOc1cccc(CN2CCC(CN3C(=O)c4ccccc4C3=O)CC2)c1'],,,,,
1567,BRD-K07852637,['54654558'],['CN(C)C(=O)C[C@H]1CC[C@H]2[C@@H](COc3ccc(NC(=O)c4ccc(F)cc4)cc3C(=O)N2C)O1'],,,,,
1568,BRD-K07872006,['44460114'],['Fc1ccc(cc1F)C(=O)OCC#CCSc1nnc(o1)-c1cccc2ccccc12'],,,,,
1569,BRD-K07877311,['2209276'],['Clc1cc(NC(=O)CSc2nnc(c3ccccc3)n2c4ccccc4)ccc1Br'],,,,,
1570,BRD-K07877451,['54646108'],['OC[C@@H]1O[C@@H](CC(=O)O)C[C@@H]2[C@H]1Oc3ccc(NC(=O)Nc4ccc(cc4)C(F)(F)F)cc23'],,,,,
1571,BRD-K07881060,['44501775'],['C[C@H](CO)N1C[C@H](C)[C@@H](CN(C)C(=O)Nc2ccc(F)cc2)OCCCC[C@@H](C)Oc3ccc(cc3C1=O)N(C)C'],,,,,
1572,BRD-K07888312,['54665099'],['COc1cccc(c1)-c1ccc2N[C@H](CO)[C@H]3CCN([C@H]3c2c1)S(=O)(=O)c1cn(C)cn1'],,,,,
1573,BRD-K07907451,['44501237'],['CC(C)NC(=O)Nc1ccc2O[C@@H](CN(C)C)[C@@H](C)CN([C@@H](C)CO)C(=O)Cc2c1'],,,,,
1574,BRD-K07918661,['54631831'],['CO[C@H]1CN(C)C(=O)c2cc(NS(C)(=O)=O)ccc2OC[C@@H](C)N(Cc2cncnc2)C[C@H]1C'],,,,,
1575,BRD-K07921357,['54658895'],['COc1ccccc1CNC(=O)C[C@@H]1CC[C@H]2[C@@H](COC[C@@H](O)CN2Cc2ccccc2)O1'],,,,,
1576,BRD-K07922534,['54620066'],['CCCN(C)C[C@H]1Oc2cc(ccc2S(=O)(=O)N(C[C@H]1C)[C@@H](C)CO)c3ccc(C#N)cc3'],,,,,
1577,BRD-K07923524,['54660688'],['OC[C@@H]1[C@H]2Cn3c(cccc3=O)[C@@H]([C@H]1C(=O)NCc1ccc3OCOc3c1)N2Cc1cccnc1'],,,,,
1578,BRD-K07933458,['54651299'],['CCc1csc(n1)N1[C@@H](CO)[C@H]([C@H]1CNCCOC)c1ccccc1'],,,,,
1579,BRD-K07935321,['60189984'],['COc1ccc2c3c([nH]c2c1)[C@H](CO)N(C[C@]31CCN(Cc2nccs2)CC1)C(=O)C1CCOCC1'],,,,,
1580,BRD-K07937631,['54632048'],['CO[C@H]1CN(C)C(=O)c2ccc(NC(=O)c3ccno3)cc2OC[C@@H](C)NC[C@H]1C'],,,,,
1581,BRD-K07951922,['44498472'],['COc1ccc(NC(=O)N(C)C[C@@H]2Oc3c(NC(=O)c4cc(C)nn4C)cccc3C(=O)N(C[C@@H]2C)[C@H](C)CO)cc1'],,,,,
1582,BRD-K07967120,['54646223'],['CN(C)c1ccc2O[C@@H]3[C@@H](C[C@@H](CC(=O)NCc4ccc(Oc5ccccc5)cc4)O[C@@H]3CO)c2c1'],,,,,
1583,BRD-K07967886,['44508036'],['C[C@H](CO)N1C[C@@H](C)[C@@H](CN(C)Cc2ccc(cc2)C(=O)Nc3ccccc3N)Oc4ccc(NS(=O)(=O)c5cn(C)cn5)cc4CC1=O'],,,,,
1584,BRD-K07986943,['54646357'],['OC[C@H]1O[C@H](CC(=O)NCc2cccnc2)C[C@@H]3[C@H]1Oc4ccc(NC(=O)Nc5ccc(cc5)C(F)(F)F)cc34'],,,,,
1585,BRD-K08005469,['54638726'],['CN(C)C(=O)C[C@H]1CC[C@H](NC(=O)C2CCOCC2)[C@H](CO)O1'],,,,,
1586,BRD-K08006444,['54631940'],['CCC(=O)N1C[C@H](C)[C@@H](CN(C)C(=O)c2ccc(NC(=O)c3ccccc3)cc2OC[C@@H]1C)OC'],,,,,
1587,BRD-K08008963,['60184917'],['CCC(=O)N1C[C@]2(CN(C2)C(C)=O)c2c([nH]c3cc(OC)ccc23)[C@H]1CO'],,,,,
1588,BRD-K08011922,['54652436'],['OC[C@H]1[C@H]2[C@H](CN(C(=O)Nc3ccc(F)cc3)c3ccccc23)N1C(=O)c1cccnc1'],,,,,
1589,BRD-K08014780,['54615066'],['C[C@@H](CO)N1C[C@@H](C)[C@H](CN(C)CC2CC2)OCCCC[C@@H](C)Oc3ccc(NS(=O)(=O)c4ccccc4)cc3C1=O'],,,,,
1590,BRD-K08023754,['44486958'],['C[C@H](CO)N1C[C@H](C)[C@H](CN(C)C(=O)Cc2ccccc2)OCc3cn(CCCC1=O)nn3'],,,,,
1591,BRD-K08039553,['54639015'],['OC[C@@H]1O[C@@H](CC(=O)NCC2CC2)CC[C@H]1NC(=O)C1CCC1'],,,,,
1592,BRD-K08039986,['60187499'],['COc1ccc2c3c([C@H](CO)N(Cc4ccc(Cl)cc4)C[C@]33CN(CC4CC4)C3)n(C)c2c1'],,,,,
1593,BRD-K08040026,['54638754'],['OC[C@@H]1O[C@H](CCNC(=O)CCN2CCCCC2)CC[C@H]1NS(=O)(=O)c1cccc(Cl)c1'],,,,,
1594,BRD-K08041211,['45480087'],['CC(C)NC(=O)Nc1ccc2O[C@H](C)CCCCO[C@H](CN(C)C(=O)CCC(F)(F)F)[C@H](C)CN([C@@H](C)CO)C(=O)c2c1'],,,,,
1595,BRD-K08043024,['44486366'],['C[C@H](CO)N1C[C@@H](C)[C@@H](CN(C)C(=O)Nc2c(C)noc2C)OCc3cn(CCCC1=O)nn3'],,,,,
1596,BRD-K08043379,['44503014'],['COc1ccc(CN(C)C[C@@H]2Oc3ccc(NC(=O)NC4CCCCC4)cc3CC(=O)N(C[C@@H]2C)[C@@H](C)CO)cc1'],,,,,
1597,BRD-K08058167,['54652528'],['OC[C@H]1[C@H]2[C@H](CN(C(=O)c3cccnc3)c3ccccc23)N1C(=O)CN1CCOCC1'],,,,,
1598,BRD-K08061170,['44617034'],['COc1ccc(cc1)S(=O)(=O)N(C)C[C@H]2OCCCC[C@H](C)Oc3ccc(NS(=O)(=O)c4cn(C)cn4)cc3C(=O)N(C[C@@H]2C)[C@H](C)CO'],,,,,
1599,BRD-K08078340,['54657800'],['COc1cccc(NC(=O)N2C[C@@H](O)COC[C@@H]3O[C@@H](CC(=O)N(C)C)CC[C@@H]23)c1'],,,,,
1600,BRD-K08080638,['54631863'],['CO[C@H]1CN(C)C(=O)c2cc(NS(=O)(=O)c3ccccc3OC)ccc2OC[C@H](C)NC[C@H]1C'],,,,,
1601,BRD-K08094365,['56835364'],['C[C@H](CO)N1C[C@H](C)[C@@H](CN(C)S(=O)(=O)c2cccs2)OCc3ccccc3-c4c(C1=O)n(C)c5ccccc45'],,,,,
1602,BRD-K08105592,['54637798'],['COc1ccc(NC(=O)N(C)C[C@@H]2OCc3ccccc3-c4c(C(=O)N(C[C@@H]2C)[C@@H](C)CO)n(C)c5ccccc45)c(OC)c1'],,,,,
1603,BRD-K08121566,['44484545'],['C[C@H](CO)N1C[C@H](C)[C@H](CN(C)Cc2ccc3OCOc3c2)Oc4ncc(cc4C1=O)c5cc6ccccc6o5'],,,,,
1604,BRD-K08123737,['54649899'],['COc1cccc(c1)C#Cc1ccc(cc1)[C@H]1[C@H](CO)N[C@H]1C#N'],,,,,
1605,BRD-K08123827,['44485733'],['C[C@@H](CO)N1C[C@H](C)[C@@H](CN(C)Cc2ccc(cc2)c3ccccc3)Oc4ccc(NS(=O)(=O)C)cc4CC1=O'],,,,,
1606,BRD-K08130208,['44503128'],['CC(C)NC(=O)Nc1ccc2O[C@H](C)CCCCO[C@@H](CN(C)Cc3ccc(Cl)c(Cl)c3)[C@@H](C)CN([C@H](C)CO)C(=O)c2c1'],,,,,
1607,BRD-K08138210,['54651334'],['OC[C@@H]1N[C@H](CN(CC2CCC2)C(=O)c2ccc(F)cc2)[C@@H]1c1ccccc1'],,,,,
1608,BRD-K08146255,['60186994'],['CCC(=O)N1C[C@@]2(C1)CN(Cc1cccc(OC)c1)[C@H](CO)c1[nH]c3cc(OC)ccc3c21'],,,,,
1609,BRD-K08150827,['60189654'],['OC[C@@H]1[C@H](c2ccccc2)C2(CN(CCC(F)(F)F)C2)N1Cc1cccnc1'],,,,,
1610,BRD-K08159565,['54632205'],['CO[C@@H]1CN(C)C(=O)c2ccc(NS(C)(=O)=O)cc2OC[C@@H](C)N(Cc2nccs2)C[C@H]1C'],,,,,
1611,BRD-K08173649,['54639072'],['COCC(=O)N[C@@H]1C=C[C@H](CC(=O)N2CCCCC2)O[C@H]1CO'],,,,,
1612,BRD-K08174547,['4050965'],['OS(=O)(=O)CCN1C(=S)SC(=Cc2cn(nc2-c2ccc(OCc3ccccc3)cc2)-c2ccccc2)C1=O'],,,,,
1613,BRD-K08183383,['54632145'],['CO[C@H]1CN(C)C(=O)c2ccc(NS(=O)(=O)c3ccccc3F)cc2OC[C@@H](C)NC[C@H]1C'],,,,,
1614,BRD-K08198655,['44616823'],['CCCN(C)C[C@@H]1OCCCC[C@@H](C)Oc2ccc(NC(=O)NC(C)C)cc2C(=O)N(C[C@@H]1C)[C@H](C)CO'],,,,,
1615,BRD-K08198779,['60192679'],['OC[C@H]1[C@H]([C@H]2CN(Cc3ccc(F)cc3)CC(=O)N12)c1ccc(cc1)-c1ccccc1'],,,,,
1616,BRD-K08209559,['44496400'],['C[C@@H](CO)N1C[C@@H](C)[C@@H](CN(C)C(=O)Nc2ccc(cc2)C(C)(C)C)OCc3cn(CCCC1=O)nn3'],,,,,
1617,BRD-K08210330,['54631653'],['CO[C@H]1CN(C)C(=O)c2cc(NC(=O)c3ccno3)ccc2OC[C@H](C)N(C[C@H]1C)S(C)(=O)=O'],,,,,
1618,BRD-K08212968,['44504965'],['C[C@H](CO)N1C[C@H](C)[C@H](CN(C)S(=O)(=O)c2ccccc2F)OCc3cn(CCCC1=O)nn3'],,,,,
1619,BRD-K08221563,['44503684'],['C[C@H](CO)N1C[C@H](C)[C@H](CN(C)CC2CC2)OCCCC[C@@H](C)Oc3ccc(NS(=O)(=O)c4ccc(F)cc4)cc3C1=O'],,,,,
1620,BRD-K08240821,['54638325'],['COc1ccc(NC(=O)N[C@H]2CC[C@@H](CCNC(=O)Nc3cc(F)ccc3F)O[C@@H]2CO)cc1'],,,,,
1621,BRD-K08246588,['56835522'],['C[C@@H](CO)N1C[C@H](C)[C@H](CN(C)C(=O)Nc2cccc(c2)C(F)(F)F)OCc3ccccc3-c4ccccc4C1=O'],,,,,
1622,BRD-K08247301,['54657844'],['O[C@@H]1COC[C@H]2O[C@@H](CC(=O)NCC3CCCCC3)CC[C@@H]2N(C1)S(=O)(=O)c1ccc(F)cc1'],,,,,
1623,BRD-K08251038,['44617508'],['COc1ccc(CN(C)C[C@@H]2OCCCC[C@H](C)Oc3ccc(NC(=O)C4CCCCC4)cc3C(=O)N(C[C@@H]2C)[C@@H](C)CO)cc1'],,,,,
1624,BRD-K08260539,['54646608'],['COCCNC(=O)C[C@@H]1C[C@@H]2[C@@H](Oc3ccc(NS(=O)(=O)c4ccccc4)cc23)[C@@H](CO)O1'],,,,,
1625,BRD-K08266813,['44485834'],['C[C@H](CO)N1C[C@H](C)[C@@H](CN(C)C(=O)Nc2ccc(F)cc2)Oc3ccc(NS(=O)(=O)c4ccccc4)cc3C1=O'],,,,,
1626,BRD-K08293924,['44504059'],['C[C@H](CO)N1C[C@H](C)[C@H](CN(C)CC2CC2)OCCCC[C@@H](C)Oc3ccc(NC(=O)CCCN(C)C)cc3C1=O'],,,,,
1627,BRD-K08306736,['54645948'],['C[C@H](NC(=O)C[C@H]1C[C@H]2[C@H](Oc3ccc(NS(=O)(=O)c4ccc(F)cc4)cc23)[C@H](CO)O1)c5ccccc5'],,,,,
1628,BRD-K08307026,['44631783'],['C(Nc1nc(nnc1-c1ccccc1)-c1ccccn1)C1CCCCC1'],,,,,
1629,BRD-K08311783,['44487934'],['C[C@@H](CO)N1C[C@H](C)[C@H](CN(C)Cc2ccc(Oc3ccccc3)cc2)Oc4ccc(NC(=O)Nc5ccc6OCOc6c5)cc4C1=O'],,,,,
1630,BRD-K08317416,['44618225'],['C[C@@H](CO)N1C[C@@H](C)[C@H](CN(C)Cc2ccc(Cl)c(Cl)c2)Oc3ccc(NC(=O)c4ccncc4)cc3CC1=O'],,,,,
1631,BRD-K08318631,['54619426'],['CCCN(C)C[C@@H]1Oc2cc(C#CCC3CCCC3)ccc2S(=O)(=O)N(C[C@@H]1C)[C@H](C)CO'],,,,,
1632,BRD-K08325197,['44620073'],['CC(C)NC(=O)Nc1ccc2O[C@@H](C)CCCCO[C@H](CN(C)C(=O)CCC(F)(F)F)[C@@H](C)CN([C@H](C)CO)C(=O)c2c1'],,,,,
1633,BRD-K08325710,['46173053'],['CC(=O)N1CCN(CC1)c1cc(nc2cc(nn12)-c1ccccc1)-c1ccco1'],,,,,
1634,BRD-K08339178,['44492639'],['C[C@H](CO)N1C[C@H](C)[C@H](CN(C)S(=O)(=O)c2ccccc2)OCCCC[C@H](C)Oc3ccc(NC(=O)CCCN(C)C)cc3C1=O'],,,,,
1635,BRD-K08340668,['54650077'],['COc1ccccc1C#Cc1ccc(cc1)[C@@H]1[C@H](CO)N([C@H]1C#N)C(=O)C1CC1'],,,,,
1636,BRD-K08351986,['54652618'],['OC[C@H]1[C@@H]2[C@@H](CN(C(=O)CC(F)(F)F)c3ccccc23)N1C(=O)C1CC1'],,,,,
1637,BRD-K08369728,['54638342'],['OC[C@H]1O[C@@H](CCn2cc(nn2)C2CCCCC2)CC[C@@H]1NC(=O)CN1CCOCC1'],,,,,
1638,BRD-K08371414,['54658052'],['COC(=O)C[C@@H]1CC[C@H]2[C@@H](COC[C@H](O)CN2CCC(F)(F)F)O1'],,,,,
1639,BRD-K08373870,['54649322'],['CO[C@@H](CN(C)S(=O)(=O)c1ccc(Cl)cc1)[C@@H](C)CN([C@@H](C)CO)S(=O)(=O)c1cccc(Cl)c1'],,,,,
1640,BRD-K08377525,['54657904'],['O[C@@H]1COC[C@H]2O[C@@H](CC(=O)N3CCc4ccccc4C3)CC[C@@H]2N(C1)C(=O)c1cc(Cl)cc(Cl)c1'],,,,,
1641,BRD-K08378202,['60191852'],['OC[C@@H]1[C@@H](c2ccccc2)C2(CN(C2)C(=O)NC2CCCCC2)N1S(=O)(=O)Cc1ccccc1'],,,,,
1642,BRD-K08394807,['54661262'],['CCCN1[C@@H]([C@@H](CO)[C@@H]2Cn3c(ccc(-c4cccc(F)c4)c3=O)[C@H]12)C(=O)N[C@H](C)c1ccccc1'],,,,,
1643,BRD-K08403039,['54638308'],['OC[C@@H]1O[C@@H](CCNS(=O)(=O)c2ccccc2Cl)CC[C@H]1NC(=O)Cc1cccnc1'],,,,,
1644,BRD-K08412560,['60189826'],['COc1ccc2c3c([C@@H](CO)N(C[C@]33CN(CC4CC4)C3)C(=O)Nc3c(C)noc3C)n(C)c2c1'],,,,,
1645,BRD-K08432506,['54646329'],['OC[C@H]1O[C@H](CC(=O)N2CCc3ccccc3C2)C[C@@H]4[C@H]1Oc5ccc(NC(=O)C6CCOCC6)cc45'],,,,,
1646,BRD-K08436070,['60189887'],['CC(=O)N1CC2(C1)[C@@H]([C@H](CO)N2CCC(F)(F)F)c1ccc(cc1)-c1cccc(c1)C#N'],,,,,
1647,BRD-K08438429,['9893924'],['Clc1ccc(CN(CCCNC(=S)NCCCc2c[nH]cn2)c3ccc(Br)cn3)cc1Cl'],,,,,
1648,BRD-K08443710,['60191661'],['CCC(=O)N1[C@@H](CO)[C@@H](c2ccccc2)C11CN(C1)C(=O)NC1CCCC1'],,,,,
1649,BRD-K08446420,['60192110'],['OC[C@H]1[C@@H](c2ccccc2)C2(CN(C2)C(=O)c2ccccc2)N1Cc1cc(F)ccc1F'],,,,,
1650,BRD-K08446710,['54657719'],['O[C@@H]1COC[C@@H]2O[C@H](CC(=O)NCc3ccc(Cl)c(Cl)c3)CC[C@H]2N(C1)C(=O)c1ccccc1F'],,,,,
1651,BRD-K08447949,['50898027'],['CCCCc1ccc(cc1)-c1noc(CCC(=O)NCC)n1'],,,,,
1652,BRD-K08448573,['44511133'],['COc1ccc(cc1)[Si](C)(C)[C@H]2[C@H](C)[C@]3(O[C@@H]2CCO)C(=O)N(Cc4ccc(cc4)N5CCC5=O)c6ccccc63'],,,,,
1653,BRD-K08451418,['25190912'],['COc1cc2ncn(-c3cc(OCc4ccc(cc4)S(C)(=O)=O)c(s3)C(N)=O)c2cc1OC'],,,,,
1654,BRD-K08460070,['44504925'],['C[C@H](CO)N1C[C@@H](C)[C@@H](CN(C)S(=O)(=O)c2ccc(C)cc2)OCc3cn(CCCC1=O)nn3'],,,,,
1655,BRD-K08461556,['44619937'],['C[C@H](CO)N1C[C@H](C)[C@@H](CN(C)Cc2ccc(cc2)C(F)(F)F)OCCCC[C@H](C)Oc3ccc(NS(=O)(=O)C)cc3C1=O'],,,,,
1656,BRD-K08463963,['800048'],['CCn1c(=O)c([N+](=O)[O-])c(Cl)c2ccccc12'],,,,,
1657,BRD-K08468228,['60191385'],['OC[C@H]1[C@H]([C@H]2CN(CC(=O)N12)C(=O)C1CCC1)c1ccc(Br)cc1'],,,,,
1658,BRD-K08482401,['56835557'],['C[C@@H](CO)N1C[C@H](C)[C@H](CN(C)S(=O)(=O)c2ccccc2C)OCc3ccccc3-c4ccccc4C1=O'],,,,,
1659,BRD-K08502366,['60185098'],['COc1ccc2c3c([nH]c2c1)[C@H](CO)N(Cc1nccs1)C[C@]31CCN(CC1)C(=O)C1CCCCC1'],,,,,
1660,BRD-K08519668,['44496756'],['C[C@H](CO)N1C[C@H](C)[C@H](CN(C)Cc2ccncc2)Oc3ccc(NC(=O)Nc4cccc5ccccc45)cc3CC1=O'],,,,,
1661,BRD-K08520424,['54660765'],['CCCNC(=O)N1[C@@H]([C@@H](CO)[C@@H]2Cn3c(ccc(-c4ccc(F)cc4)c3=O)[C@H]12)C(=O)N1CCCCC1'],,,,,
1662,BRD-K08521815,['54631668'],['CO[C@H]1CN(C)C(=O)c2ccc(NS(=O)(=O)c3cccc(OC)c3)cc2OC[C@H](C)N(Cc2ccccc2F)C[C@H]1C'],,,,,
1663,BRD-K08540981,['54631295'],['CO[C@H]1CN(C)C(=O)c2cc(NC(=O)Nc3c(C)noc3C)ccc2OC[C@H](C)N(CCC(F)(F)F)C[C@H]1C'],,,,,
1664,BRD-K08570368,['54631540'],['CO[C@H]1CN(C)C(=O)c2ccc(NC(=O)Nc3ccccc3Cl)cc2OC[C@@H](C)NC[C@@H]1C'],,,,,
1665,BRD-K08585415,['44506090'],['C[C@@H](CO)N1C[C@@H](C)[C@H](CN(C)Cc2ccc(Oc3ccccc3)cc2)OCc4cn(CCCC1=O)nn4'],,,,,
1666,BRD-K08590382,['56835390'],['C[C@H](CO)N1C[C@H](C)[C@@H](CN(C)S(=O)(=O)c2cn(C)cn2)OCc3ccccc3-c4c(C1=O)n(C)c5ccccc45'],,,,,
1667,BRD-K08593711,['54646209'],['OC[C@@H]1O[C@H](CC(=O)NCC(F)(F)F)C[C@@H]2[C@H]1Oc3ccc(NC(=O)c4ccc5OCOc5c4)cc23'],,,,,
1668,BRD-K08594759,['54664937'],['OC[C@H]1Nc2ccc(cc2[C@@H]2[C@H]1CCN2Cc1ccccc1F)-c1ccccc1'],,,,,
1669,BRD-K08607084,['44616788'],['COc1ccc(NC(=O)N(C)C[C@@H]2OCCCC[C@@H](C)Oc3ccc(NC(=O)Cc4ccccc4)cc3C(=O)N(C[C@H]2C)[C@H](C)CO)cc1'],,,,,
1670,BRD-K08614872,['54619640'],['C[C@H](CO)N1C[C@H](C)[C@H](CN(C)S(=O)(=O)c2ccc(C)cc2)Oc3cc(ccc3S1(=O)=O)C4=CCCC4'],,,,,
1671,BRD-K08616215,['54657504'],['O[C@H]1COC[C@@H]2O[C@@H](CC(=O)NC3CCCC3)CC[C@H]2N(C1)C(=O)c1ccc2OCOc2c1'],,,,,
1672,BRD-K08617930,['44617483'],['C[C@H](CO)N1C[C@H](C)[C@@H](CN(C)Cc2ccc(cc2)C(F)(F)F)Oc3ccc(NC(=O)CCCCCC(=O)Nc4ccccc4N)cc3CC1=O'],,,,,
1673,BRD-K08624646,['54660944'],['OC[C@@H]1[C@H]2Cn3c(ccc(-c4cccc(F)c4)c3=O)[C@H]2N[C@H]1C(=O)NC1CCCCC1'],,,,,
1674,BRD-K08630646,['980157'],['COc1ccc(OC)c(NC(=O)c2ccc(CSc3ncnc4[nH]cnc34)cc2)c1'],,,,,
1675,BRD-K08640787,['45480137'],['FC(F)(F)c1cccc(c1)N1CCN(CC1)c1cc(=O)n(-c2ccccc2)c(=O)[nH]1'],,,,,
1676,BRD-K08656311,['44508006'],['C[C@@H](CO)N1C[C@H](C)[C@@H](CN(C)Cc2ccc(cc2)C(=O)Nc3ccccc3N)Oc4ccc(NC(=O)C5CCCCC5)cc4CC1=O'],,,,,
1677,BRD-K08663380,['54649335'],['CN(C)C(=O)c1cccc(c1)-c1cccc(c1)-c1nc(cc2CN([C@H](CCO)c12)[S@](=O)C(C)(C)C)C(=O)NC1CCCCC1'],,,,,
1678,BRD-K08666983,['54654041'],['CN1[C@H]2CC[C@@H](CC(=O)NCc3ccccc3Cl)O[C@H]2COc2ccc(NC(=O)Nc3cccc(C)c3)cc2C1=O'],,,,,
1679,BRD-K08668362,['54646090'],['OC[C@H]1O[C@@H](CC(=O)N2CCOCC2)C[C@H]3[C@@H]1Oc4ccc(NC(=O)Nc5ccccc5F)cc34'],,,,,
1680,BRD-K08706435,['54637800'],['COc1ccccc1S(=O)(=O)N(C)C[C@H]2OCc3ccccc3-c4ccccc4C(=O)N(C[C@@H]2C)[C@H](C)CO'],,,,,
1681,BRD-K08707982,['54661143'],['COc1cccc(c1)-c1ccc2[C@H]3[C@@H](Cn2c1=O)[C@H](CO)[C@H](N3C(=O)C1CC1)C(=O)N(C)C'],,,,,
1682,BRD-K08713111,['2723941'],['NCCc1ccc(OCc2ccccc2)c(OCc3ccccc3)c1'],,,,,
1683,BRD-K08720480,['54632030'],['CCCNC(=O)N1C[C@@H](C)[C@@H](CN(C)C(=O)c2cc(NC(=O)CCC)ccc2OC[C@@H]1C)OC'],,,,,
1684,BRD-K08725721,['44506678'],['C[C@@H](CO)N1C[C@H](C)[C@H](CN(C)Cc2ccc(Cl)c(Cl)c2)Oc3c(NC(=O)CCCCCC(=O)Nc4ccccc4N)cccc3C1=O'],,,,,
1685,BRD-K08750028,['54637887'],['CC(C)COC(=O)N(C)C[C@H]1OCc2ccccc2-c3c(C(=O)N(C[C@H]1C)[C@@H](C)CO)n(C)c4ccccc34'],,,,,
1686,BRD-K08760804,['54654498'],['CN1[C@@H]2CC[C@@H](CC(=O)Nc3cn(C)nc3C)O[C@@H]2COc2ccc(NC(=O)C3CCOCC3)cc2C1=O'],,,,,
1687,BRD-K08777248,['44490403'],['C[C@@H](CO)N1C[C@@H](C)[C@H](CN(C)C(=O)Nc2ccc(F)cc2)OCCCC[C@@H](C)Oc3ccc(NS(=O)(=O)c4ccccc4)cc3C1=O'],,,,,
1688,BRD-K08781018,['54628647'],['C[C@H](CO)N1C[C@H](C)[C@H](CN(C)CC2CC2)Oc3cc(C#CCN(C)C)ccc3S1(=O)=O'],,,,,
1689,BRD-K08799867,['54660819'],['CN(C)C(=O)[C@@H]1[C@@H](CO)[C@@H]2Cn3c(ccc(-c4cncnc4)c3=O)[C@H]1N2C(=O)NC1CCCC1'],,,,,
1690,BRD-K08799912,['1088439'],['Nc1nc2ccccc2n1S(=O)(=O)c1ccc(Cl)cc1'],,,,,
1691,BRD-K08799950,['23778527'],['OCCCCO[C@H]1C[C@H](C=C(O1)C(=O)N2CCCCCCC2)c3cccs3'],,,,,
1692,BRD-K08829932,['60138115'],['Cc1ccc(OCCn2c(CCNC(=O)c3ccc(F)cc3F)nc3ccccc23)cc1'],,,,,
1693,BRD-K08831772,['54650082'],['CCCC#Cc1ccc(cc1)[C@H]1[C@@H](CO)N([C@H]1C#N)S(C)(=O)=O'],,,,,
1694,BRD-K08844227,['54618669'],['C[C@@H](CO)N1C[C@H](C)[C@H](CN(C)Cc2ccc(Oc3ccccc3)cc2)Oc4cc(ccc4S1(=O)=O)c5cncnc5'],,,,,
1695,BRD-K08852751,['54652680'],['CN1[C@@H](CO)[C@@H]2[C@H]1CN(C(=O)C1CCCCC1)c1ccccc21'],,,,,
1696,BRD-K08856690,['44494545'],['C[C@@H](CO)N1C[C@@H](C)[C@H](CN(C)Cc2ccncc2)OCCCC[C@H](C)Oc3ccc(NC(=O)c4ccncc4)cc3C1=O'],,,,,
1697,BRD-K08857385,['44142073'],['CC(=O)Nc1oc(nc1C#N)c2cccc3ccccc23'],,,,,
1698,BRD-K08878345,['25199559'],['Oc1c(N=Nc2ccccc2O)c3ccccc3n1CC=C'],,,,,
1699,BRD-K08884733,['54665065'],['CN1[C@@H](CO)[C@@H]2CCN([C@@H]2c2cc(ccc12)-c1cccc(F)c1)C(=O)Cc1cccnc1'],,,,,
1700,BRD-K08887444,['44496174'],['COc1ccc(cc1)S(=O)(=O)N(C)C[C@H]2Oc3c(NC(=O)Nc4ccccc4)cccc3C(=O)N(C[C@@H]2C)[C@@H](C)CO'],,,,,
1701,BRD-K08891029,['44495003'],['CNC[C@H]1OCCCC[C@H](C)Oc2ccc(NC(=O)NC(C)C)cc2C(=O)N(C[C@@H]1C)[C@H](C)CO'],,,,,
1702,BRD-K08920503,['54638780'],['OC[C@H]1O[C@H](C=C[C@H]1NC(=O)Cc1cccnc1)CC(=O)Nc1ccccc1'],,,,,
1703,BRD-K08922114,['44496894'],['CC(C)NC(=O)Nc1ccc2O[C@H](C)CCCCO[C@@H](CN(C)Cc3ccncc3)[C@@H](C)CN([C@@H](C)CO)C(=O)c2c1'],,,,,
1704,BRD-K08926145,['54639076'],['COc1ccccc1S(=O)(=O)N[C@@H]1CC[C@@H](CC(=O)NCc2cccc(F)c2)O[C@@H]1CO'],,,,,
1705,BRD-K08936794,['54657860'],['COc1ccc(cc1)S(=O)(=O)N1C[C@H](O)COC[C@H]2O[C@H](CC(=O)N[C@H]3CCN(Cc4ccccc4)C3)CC[C@H]12'],,,,,
1706,BRD-K08938154,['60192192'],['OC[C@H]1[C@@H](c2ccccc2)C2(CN(C2)C(=O)C2CCCC2)N1CC1CC1'],,,,,
1707,BRD-K08963966,['54637829'],['C[C@@H](CO)N1C[C@H](C)[C@@H](CN(C)S(=O)(=O)c2c(C)noc2C)OCc3ccccc3-c4ccccc4C1=O'],,,,,
1708,BRD-K08970510,['54637937'],['C[C@H](CO)N1C[C@H](C)[C@H](CN(C)S(=O)(=O)CC(F)(F)F)OCc2ccccc2-c3c(C1=O)n(C)c4ccccc34'],,,,,
1709,BRD-K08971733,['54631905'],['CO[C@H]1CN(C)C(=O)c2cc(NS(=O)(=O)c3ccccc3OC)ccc2OC[C@@H](C)NC[C@@H]1C'],,,,,
1710,BRD-K08972808,['54638859'],['COc1cccc(c1)-c1cn(CC[C@@H]2CC[C@@H](NS(=O)(=O)Cc3ccccc3)[C@H](CO)O2)nn1'],,,,,
1711,BRD-K08982647,['60189430'],['COc1cccc(c1)C#Cc1ccc(cc1)[C@@H]1[C@H](CO)N2[C@H]1CN(CC2=O)C(=O)Cc1cccnc1'],,,,,
1712,BRD-K08995626,['54639009'],['OC[C@H]1O[C@H](CCNC(=O)CN2CCOCC2)CC[C@@H]1NS(=O)(=O)c1ccc(F)cc1'],,,,,
1713,BRD-K08995965,['44505242'],['C[C@@H](CO)N1C[C@@H](C)[C@@H](CN(C)Cc2ccc3OCCOc3c2)OCc4cn(CCCC1=O)nn4'],,,,,
1714,BRD-K09002810,['54654018'],['CN1[C@@H]2CC[C@H](CC(=O)NC3CCCC3)O[C@H]2COc2ccc(NC(=O)c3cc(C)on3)cc2C1=O'],,,,,
1715,BRD-K09014535,['60189874'],['COc1ccc2c3c([nH]c2c1)[C@@H](CO)N(CC1CC1)C[C@]31CN(C1)C(=O)NC1CCCC1'],,,,,
1716,BRD-K09019812,['54615056'],['C[C@@H](CO)N1C[C@@H](C)[C@H](CN(C)CC2CC2)OCCCC[C@@H](C)Oc3ccc(NC(=O)Nc4ccccc4)cc3C1=O'],,,,,
1717,BRD-K09023525,['60191394'],['COc1ccc(cc1)-c1ccc(cc1)[C@H]1[C@H](CO)N2[C@@H]1CN(CC2=O)C(=O)C1CC1'],,,,,
1718,BRD-K09029418,['56835245'],['COc1ccccc1NC(=O)N(C)C[C@@H]2OCc3ccccc3-c4ccccc4C(=O)N(C[C@@H]2C)[C@@H](C)CO'],,,,,
1719,BRD-K09031632,['54615121'],['C[C@@H](CO)N1C[C@H](C)[C@@H](CN(C)C(=O)CCC(F)(F)F)OCCCC[C@H](C)Oc2ccc(NS(=O)(=O)c3ccc(Cl)cc3)cc2C1=O'],,,,,
1720,BRD-K09032125,['54638760'],['COC(=O)C[C@H]1CC[C@H](NS(=O)(=O)c2ccccc2F)[C@@H](CO)O1'],,,,,
1721,BRD-K09033315,['44491378'],['C[C@H](CO)N1C[C@@H](C)[C@@H](CN(C)Cc2ccc(Cl)c(Cl)c2)Oc3c(NS(=O)(=O)C)cccc3C1=O'],,,,,
1722,BRD-K09051149,['54646556'],['CN(C)C(=O)C[C@@H]1C[C@@H]2[C@@H](Oc3ccc(NC(=O)CC4CC4)cc23)[C@@H](CO)O1'],,,,,
1723,BRD-K09054764,['54615095'],['C[C@@H](CO)N1C[C@H](C)[C@@H](CN(C)CC2CC2)OCCCC[C@H](C)Oc3ccc(NC(=O)C4CCCCC4)cc3C1=O'],,,,,
1724,BRD-K09057839,['60189663'],['CC(=O)N1[C@H](CO)[C@@H](c2ccccc2)C11CN(C1)C(=O)Cc1ccccc1'],,,,,
1725,BRD-K09059649,['54646656'],['COc1ccccc1CNC(=O)C[C@H]2C[C@@H]3[C@@H](Oc4ccc(NC(=O)c5cccnc5)cc34)[C@H](CO)O2'],,,,,
1726,BRD-K09059658,['54654501'],['CN1[C@@H]2CC[C@@H](CC(=O)Nc3cn(C)nc3C)O[C@H]2COc2ccc(NC(=O)C3CCOCC3)cc2C1=O'],,,,,
1727,BRD-K09068728,['54654453'],['CN1[C@@H]2CC[C@@H](CC(=O)NCC(F)(F)F)O[C@H]2COc2ccc(NC(=O)c3ccccc3Cl)cc2C1=O'],,,,,
1728,BRD-K09069264,['44505904'],['C[C@H](CO)N1C[C@@H](C)[C@@H](CN(C)Cc2ccccc2C(F)(F)F)OCc3cn(CCCC1=O)nn3'],,,,,
1729,BRD-K09080977,['54631279'],['CO[C@H]1CN(C)C(=O)c2ccc(NC(=O)C3CC3)cc2OC[C@H](C)N(Cc2cc(F)ccc2F)C[C@H]1C'],,,,,
1730,BRD-K09085062,['54646402'],['C[C@H](NC(=O)C[C@@H]1C[C@@H]2[C@@H](Oc3ccc(cc23)N(C)C)[C@H](CO)O1)c4ccccc4'],,,,,
1731,BRD-K09110452,['54624763'],['C[C@H](CO)N1C[C@@H](C)[C@H](CN(C)C(=O)CN2CCOCC2)Oc3ncc(cc3C1=O)c4ccncc4'],,,,,
1732,BRD-K09124072,['54654292'],['CN1[C@H]2CC[C@H](CC(=O)NCCN3CCCC3)O[C@@H]2COc2ccc(NC(=O)c3cccc(c3)C#N)cc2C1=O'],,,,,
1733,BRD-K09130601,['54638812'],['COCC(=O)N[C@@H]1C=C[C@@H](O[C@@H]1CO)CC(=O)NCc1ccc(Cl)cc1'],,,,,
1734,BRD-K09170549,['54646103'],['COc1ccc(cc1)S(=O)(=O)Nc2ccc3O[C@@H]4[C@@H](C[C@@H](CC(=O)N(C)C)O[C@@H]4CO)c3c2'],,,,,
1735,BRD-K09186736,['44496918'],['C[C@@H](CO)N1C[C@H](C)[C@@H](CN(C)S(=O)(=O)c2ccccc2)OCCCC[C@@H](C)Oc3ccc(NC(=O)CCCN(C)C)cc3C1=O'],,,,,
1736,BRD-K09191212,['1208412'],['Cc1cc(C)c2nc3s\\c(=C/c4ccc(o4)-c4ccccc4C(O)=O)c(=O)n3c2c1'],,,,,
1737,BRD-K09203309,['54657764'],['O[C@@H]1COC[C@@H]2O[C@H](CC(=O)NCC3CCCCC3)CC[C@H]2N(C1)C(=O)Nc1ccc(Cl)cc1'],,,,,
1738,BRD-K09231502,['44497811'],['C[C@H](CO)N1C[C@H](C)[C@@H](CN(C)Cc2ccc(Cl)c(Cl)c2)Oc3ccc(NS(=O)(=O)C)cc3CC1=O'],,,,,
1739,BRD-K09244864,['54618567'],['C[C@@H](CO)N1C[C@@H](C)[C@@H](CN(C)Cc2ccc(Oc3ccccc3)cc2)Oc4cc(ccc4S1(=O)=O)c5cncnc5'],,,,,
1740,BRD-K09260588,['54631807'],['CCC(=O)Nc1ccc2c(OC[C@@H](C)N(CCc3ccccc3)C[C@@H](C)[C@@H](CN(C)C2=O)OC)c1'],,,,,
1741,BRD-K09276254,['56835411'],['COc1cccc(c1)S(=O)(=O)N(C)C[C@H]2OCc3ccccc3-c4c(C(=O)N(C[C@@H]2C)[C@H](C)CO)n(C)c5ccccc45'],,,,,
1742,BRD-K09290524,['54596120'],['CN(C)C(=O)[C@@H]1[C@@H](CO)[C@@H]2Cn3c(cccc3=O)[C@H]1N2S(=O)(=O)c1cccc(C)c1'],,,,,
1743,BRD-K09292709,['54657548'],['C[C@H](NC(=O)C[C@@H]1CC[C@@H]2[C@H](COC[C@@H](O)CN2C(=O)Nc2cccc(Cl)c2)O1)c1ccccc1'],,,,,
1744,BRD-K09295900,['23680518'],['C[C@@]12C[C@H](O)[C@H]3[C@@H](CCC4=CC(=O)C=C[C@]34C)[C@@H]2CC[C@]1(O)C(=O)COC(=O)CCC(=O)O'],,,,,
1745,BRD-K09299610,['50904525'],['COc1ccc2cc(ccc2c1)-c1cn(nn1)C(=O)N(c1ccccc1)c1ccccc1'],,,,,
1746,BRD-K09300252,['44505946'],['C[C@H](CO)N1C[C@H](C)[C@H](CN(C)S(=O)(=O)c2ccc(Oc3ccccc3)cc2)OCc4cnnn4CCCC1=O'],,,,,
1747,BRD-K09301754,['54645991'],['OC[C@H]1O[C@@H](CC(=O)N2CCc3ccccc3C2)C[C@@H]4[C@H]1Oc5ccc(NS(=O)(=O)c6ccc(F)cc6)cc45'],,,,,
1748,BRD-K09303054,['54632020'],['CO[C@H]1CN(C)C(=O)c2ccc(NS(=O)(=O)CC(F)(F)F)cc2OC[C@H](C)N(Cc2cccnc2)C[C@@H]1C'],,,,,
1749,BRD-K09324015,['60191081'],['CC(C)NC(=O)N1C[C@H]2[C@H]([C@H](CO)N2C(=O)C1)c1ccc(\\C=C\\c2ccccc2)cc1'],,,,,
1750,BRD-K09325707,['60191118'],['CC(C)C#Cc1ccc(cc1)[C@H]1[C@H](CO)N2[C@@H]1CN(CC2=O)S(=O)(=O)c1ccccc1'],,,,,
1751,BRD-K09327126,['44484206'],['COc1ccc(NC(=O)N(C)C[C@@H]2Oc3ccc(cc3C(=O)N(C[C@@H]2C)[C@@H](C)CO)N(C)C)cc1'],,,,,
1752,BRD-K09329774,['54649934'],['OC[C@@H]1[C@H]([C@H](C#N)N1C(=O)c1cccnc1)c1ccc(cc1)C#Cc1ccccc1F'],,,,,
1753,BRD-K09333299,['60185156'],['COc1cc(CN2C[C@H]3N[C@@H](C2)[C@H]3c2ccc(cc2)-c2cncnc2)cc(OC)c1'],,,,,
1754,BRD-K09335206,['60190025'],['CCCNC(=O)N1C[C@]2(CCN(CC2)S(=O)(=O)CC)c2c([nH]c3cc(OC)ccc23)[C@@H]1CO'],,,,,
1755,BRD-K09366813,['54631534'],['CCCNC(=O)Nc1ccc2OC[C@@H](C)N(C[C@H](C)[C@H](CN(C)C(=O)c2c1)OC)C(=O)c1ccccc1F'],,,,,
1756,BRD-K09388341,['54657610'],['O[C@@H]1COC[C@@H]2O[C@@H](CC(=O)NCc3ccc(Cl)cc3)CC[C@H]2N(Cc2cc(F)ccc2F)C1'],,,,,
1757,BRD-K09397553,['54638851'],['OC[C@H]1O[C@H](CCNC(=O)C2CCCCC2)CC[C@@H]1NC(=O)Nc1ccccc1F'],,,,,
1758,BRD-K09404347,['44498703'],['CNC[C@H]1Oc2c(NC(=O)NC(C)C)cccc2C(=O)N(C[C@@H]1C)[C@H](C)CO'],,,,,
1759,BRD-K09407750,['44505480'],['C[C@H](CO)N1C[C@H](C)[C@@H](CN(C)Cc2ccc(O)cc2)OCc3cnnn3CCCC1=O'],,,,,
1760,BRD-K09411281,['54631473'],['CO[C@@H]1CN(C)C(=O)c2cc(NC(=O)c3cccc(OC)c3)ccc2OC[C@@H](C)NC[C@@H]1C'],,,,,
1761,BRD-K09416407,['54661206'],['CCCNC(=O)[C@@H]1[C@@H](CO)[C@@H]2Cn3c(ccc(-c4cccnc4)c3=O)[C@@H]2N1C(=O)c1ccccc1F'],,,,,
1762,BRD-K09424864,['54637755'],['COc1ccc(OC(=O)N(C)C[C@H]2OCc3ccccc3-c4ccccc4C(=O)N(C[C@H]2C)[C@H](C)CO)cc1'],,,,,
1763,BRD-K09426613,['56835478'],['C[C@@H](CO)N1C[C@@H](C)[C@H](CN(C)C(=O)c2c(C)noc2C)OCc3ccccc3-c4ccccc4C1=O'],,,,,
1764,BRD-K09444102,['54646618'],['OC[C@@H]1O[C@@H](CC(=O)NCc2cccnc2)C[C@@H]3[C@H]1Oc4ccc(NC(=O)c5ccc6OCOc6c5)cc34'],,,,,
1765,BRD-K09453969,['54631514'],['CO[C@@H]1CN(C)C(=O)c2ccc(NC(=O)NC(C)C)cc2OC[C@@H](C)N(C)C[C@@H]1C'],,,,,
1766,BRD-K09454555,['54638490'],['C[C@H](NC(=O)C[C@H]1CC[C@H](NS(=O)(=O)c2cccc(F)c2)[C@@H](CO)O1)c1ccccc1'],,,,,
1767,BRD-K09458434,['54657697'],['CCNC(=O)C[C@H]1CC[C@H]2[C@@H](COC[C@H](O)CN2C(=O)c2ccccn2)O1'],,,,,
1768,BRD-K09459434,['44490995'],['C[C@@H](CO)N1C[C@@H](C)[C@H](CN(C)C)Oc2ccc(NC(=O)C3CC3)cc2CC1=O'],,,,,
1769,BRD-K09460252,['4431362'],['Nc1nc(Nc2cccc(F)c2)nc(Nc2cccc(F)c2)c1[N+]([O-])=O'],,,,,
1770,BRD-K09487323,['60185174'],['C\\C=C\\c1ccc(cc1)[C@H]1[C@H]2CN(C[C@@H]1N2)C(=O)Nc1ccc2OCOc2c1'],,,,,
1771,BRD-K09503339,['54654574'],['CN1[C@@H]2CC[C@H](CC(=O)N3CCOCC3)O[C@H]2COc2ccc(NS(C)(=O)=O)cc2C1=O'],,,,,
1772,BRD-K09517037,['44498086'],['CCCN(C)C[C@@H]1OCCCC[C@@H](C)Oc2ccc(NC(=O)c3ccccc3)cc2C(=O)N(C[C@@H]1C)[C@H](C)CO'],,,,,
1773,BRD-K09526594,['54637699'],['C[C@H](CO)N1C[C@H](C)[C@H](CN(C)C(=O)[C@H](Cc2ccccc2)N(C)C)OCc3ccccc3-c4c(C1=O)n(C)c5ccccc45'],,,,,
1774,BRD-K09527783,['60191446'],['OC[C@H]1[C@H]([C@H]2CN(CC(=O)N12)C(=O)c1ccc(F)cc1)c1ccc(cc1)C#CCC1CCCC1'],,,,,
1775,BRD-K09540583,['44492274'],['C[C@H](CO)N1C[C@H](C)[C@H](CN(C)C(=O)Nc2c(C)noc2C)Oc3ccc(NC(=O)CCC(F)(F)F)cc3C1=O'],,,,,
1776,BRD-K09542523,['54657552'],['COC(=O)C[C@H]1CC[C@@H]2[C@H](COC[C@H](O)CN2S(=O)(=O)c2cn(C)cn2)O1'],,,,,
1777,BRD-K09551497,['60185064'],['CCS(=O)(=O)N1CC[C@@]2(CC1)CN[C@H](CO)c1c2c2ccc(OC)cc2n1C'],,,,,
1778,BRD-K09552525,['60192188'],['CCS(=O)(=O)N1[C@@H](CO)[C@@H](c2ccccc2)C11CN(C1)C(=O)C1CCCCC1'],,,,,
1779,BRD-K09557852,['54653984'],['CN1[C@H]2CC[C@H](CC(=O)NCCc3ccncc3)O[C@H]2COc2ccc(NC(=O)Nc3ccccc3F)cc2C1=O'],,,,,
1780,BRD-K09563163,['54645852'],['OC[C@H]1O[C@H](CC(=O)NCc2cccnc2)C[C@@H]3[C@H]1Oc4ccc(NS(=O)(=O)c5ccc(F)cc5)cc34'],,,,,
1781,BRD-K09584219,['54654171'],['CNC(=O)C[C@H]1CC[C@H]2[C@@H](COc3ccc(NC(=O)c4cc(F)cc(F)c4)cc3C(=O)N2C)O1'],,,,,
1782,BRD-K09613355,['44506659'],['C[C@H](CO)N1C[C@@H](C)[C@@H](CN(C)Cc2ccc(Cl)c(Cl)c2)Oc3ccc(NC(=O)CCCCCC(=O)Nc4ccccc4N)cc3CC1=O'],,,,,
1783,BRD-K09620519,['54666607'],['CCS(=O)(=O)N1CCCCN2[C@H](CO)[C@H]([C@@H]2C1)c1ccc(cc1)-c1ccc(cc1)C(=O)N(C)C'],,,,,
1784,BRD-K09632545,['54638270'],['COc1ccccc1-c1cn(CC[C@@H]2CC[C@H](NC(=O)c3cnccn3)[C@H](CO)O2)nn1'],,,,,
1785,BRD-K09640010,['54631446'],['CO[C@@H]1CN(C)C(=O)c2cc(NS(C)(=O)=O)ccc2OC[C@@H](C)N(C[C@@H]1C)C(=O)C1CCOCC1'],,,,,
1786,BRD-K09641113,['44487708'],['C[C@@H](CO)N1C[C@H](C)[C@@H](CN(C)Cc2ccc(cc2)c3ccccc3)Oc4ccc(NC(=O)CCN5CCOCC5)cc4C1=O'],,,,,
1787,BRD-K09641927,['54632211'],['COCC(=O)N1C[C@@H](C)[C@H](CN(C)C(=O)c2cc(NC(=O)c3cc(C)on3)ccc2OC[C@@H]1C)OC'],,,,,
1788,BRD-K09645804,['54654220'],['CCNC(=O)C[C@H]1CC[C@H]2[C@@H](COc3ccc(NC(C)=O)cc3C(=O)N2C)O1'],,,,,
1789,BRD-K09651570,['60190222'],['COc1ccc2c3c([nH]c2c1)[C@@H](CO)N(C[C@]31CN(C1)S(C)(=O)=O)C(=O)c1ccccn1'],,,,,
1790,BRD-K09661167,['16014494'],['CC(C)c1nnc(NC(=O)c2nc(ncc2Cl)S(=O)(=O)Cc3cccc(C)c3)s1'],,,,,
1791,BRD-K09701578,['54654332'],['CN1[C@H]2CC[C@@H](CC(=O)N[C@@H]3CCN(Cc4ccccc4)C3)O[C@H]2COc2ccc(NC(=O)c3ccc(F)c(F)c3)cc2C1=O'],,,,,
1792,BRD-K09703570,['44498525'],['C[C@H](CO)N1C[C@@H](C)[C@H](CN(C)CC2CCCCC2)Oc3ccc(NC(=O)Cc4cn(C)c5ccccc45)cc3CC1=O'],,,,,
1793,BRD-K09708845,['60185166'],['CCCNC(=O)N1C[C@@]2(C1)CN([C@H](CO)c1c2c2ccc(OC)cc2n1C)S(C)(=O)=O'],,,,,
1794,BRD-K09716788,['45436131'],['CC(C)c1ccc(cc1)C(=O)Nc1cc(Cl)ccc1C(O)=O'],,,,,
1795,BRD-K09722997,['54654329'],['CN1[C@@H]2CC[C@H](CC(=O)N[C@H]3CCN(Cc4ccccc4)C3)O[C@@H]2COc2ccc(NC(=O)c3ccc(F)c(F)c3)cc2C1=O'],,,,,
1796,BRD-K09729851,['44485547'],['C[C@@H](CO)N1C[C@@H](C)[C@@H](CN(C)C(=O)Nc2c(C)noc2C)Oc3ccc(NC(=O)Cc4ccccc4)cc3C1=O'],,,,,
1797,BRD-K09757845,['44489280'],['COc1ccccc1CN(C)C[C@H]2OCc3cnnn3CCCC(=O)N(C[C@@H]2C)[C@H](C)CO'],,,,,
1798,BRD-K09780243,['54660735'],['CN1[C@H]2Cn3c(ccc(C4=CCCCC4)c3=O)[C@@H]1[C@@H]([C@H]2CO)C(=O)NCc1cc(F)cc(F)c1'],,,,,
1799,BRD-K09787095,['54646572'],['OC[C@@H]1O[C@@H](CC(=O)NCc2ccccn2)C[C@H]3[C@@H]1Oc4ccc(NC(=O)Cc5ccncc5)cc34'],,,,,
1800,BRD-K09796735,['54637803'],['COc1ccccc1S(=O)(=O)N(C)C[C@H]2OCc3ccccc3-c4ccccc4C(=O)N(C[C@H]2C)[C@@H](C)CO'],,,,,
1801,BRD-K09804899,['54638926'],['CC(C)NC(=O)N[C@H]1CC[C@H](CCN)O[C@@H]1CO'],,,,,
1802,BRD-K09817289,['54661328'],['CCNC(=O)[C@@H]1[C@@H](CO)[C@@H]2Cn3c(cccc3=O)[C@@H]2N1CC1CCCCC1'],,,,,
1803,BRD-K09821933,['44488475'],['C[C@H](CO)N1C[C@@H](C)[C@@H](CN(C)Cc2ccc(cc2)C(F)(F)F)Oc3ccc(NC(=O)Cn4cnnn4)cc3C1=O'],,,,,
1804,BRD-K09824708,['44492090'],['CC(C)NC(=O)Nc1ccc2O[C@@H](C)CCCCO[C@H](CN(C)C(=O)Cc3ccccc3)[C@H](C)CN([C@H](C)CO)C(=O)c2c1'],,,,,
1805,BRD-K09845511,['54638913'],['OC[C@@H]1O[C@H](CCNS(=O)(=O)c2ccc(Cl)cc2)CC[C@@H]1NC(=O)c1ccccn1'],,,,,
1806,BRD-K09845534,['54646212'],['OC[C@@H]1O[C@@H](CC(=O)NCC(F)(F)F)C[C@H]2[C@@H]1Oc3ccc(NC(=O)c4ccc5OCOc5c4)cc23'],,,,,
1807,BRD-K09852122,['54638402'],['CN(C)C(=O)C[C@H]1O[C@H](CO)[C@@H](NC(=O)c2ccc(F)cc2)C=C1'],,,,,
1808,BRD-K09861842,['54654090'],['COCCNC(=O)C[C@@H]1CC[C@@H]2[C@H](COc3ccc(NC(=O)Cc4ccccc4)cc3C(=O)N2C)O1'],,,,,
1809,BRD-K09864793,['54646581'],['COc1ccc(NC(=O)Nc2ccc3O[C@H]4[C@H](C[C@H](CC(=O)O)O[C@@H]4CO)c3c2)cc1'],,,,,
1810,BRD-K09876067,['54661239'],['CCNC(=O)[C@@H]1[C@@H](CO)[C@@H]2Cn3c(ccc(-c4ccc(OC)cc4)c3=O)[C@H]1N2CC1CC1'],,,,,
1811,BRD-K09879686,['54646553'],['CN(C)C(=O)C[C@H]1C[C@@H]2[C@@H](Oc3ccc(NC(=O)CC4CC4)cc23)[C@H](CO)O1'],,,,,
1812,BRD-K09880340,['54661238'],['CN1[C@H]2Cn3c(ccc(-c4ccc(F)cc4)c3=O)[C@@H]1[C@@H]([C@H]2CO)C(=O)NC1CCC1'],,,,,
1813,BRD-K09887211,['210739'],['C1CCC(CC1)(N1CCOCC1)c1cccs1'],,,,,
1814,BRD-K09902564,['53338850'],['C1Cc2c(CN1)scc2-c1nc2ccccc2s1'],,,,,
1815,BRD-K09922072,['44607580'],['CCc1cccc(CC)c1NC(=O)c1ccc(o1)-c1cc(Cl)ccc1Cl'],,,,,
1816,BRD-K09922076,['60184967'],['COc1ccc2c3c([nH]c2c1)[C@@H](CO)N(Cc1cc(OC)cc(OC)c1)C[C@]31CN(C1)S(=O)(=O)c1cccc(F)c1'],,,,,
1817,BRD-K09926293,['44496405'],['C[C@H](CO)N1C[C@H](C)[C@@H](CN(C)Cc2ccc(O)cc2)OCc3cn(CCCC1=O)nn3'],,,,,
1818,BRD-K09927308,['54661201'],['OC[C@H]1[C@@H]2Cn3c(ccc(C4=CCCC4)c3=O)[C@H]([C@@H]1C(=O)NC1CCCC1)N2C(=O)c1ccccc1'],,,,,
1819,BRD-K09929530,['54638252'],['CC(C)NC(=O)NCC[C@H]1CC[C@@H](NC(=O)CCN2CCCCC2)[C@H](CO)O1'],,,,,
1820,BRD-K09929560,['56835441'],['C[C@@H](CO)N1C[C@H](C)[C@H](CN(C)C(=O)c2ccncc2)OCc3ccccc3-c4ccccc4C1=O'],,,,,
1821,BRD-K09935385,['54645897'],['OC[C@H]1O[C@@H](CC(=O)NCc2cccnc2)C[C@H]3[C@@H]1Oc4ccc(NC(=O)C5CCOCC5)cc34'],,,,,
1822,BRD-K09936924,['54657877'],['O[C@H]1COC[C@@H]2O[C@@H](CC(=O)NCc3ccc(F)cc3)CC[C@H]2N(C1)C(=O)c1cnccn1'],,,,,
1823,BRD-K09943620,['54664885'],['CC(=O)N1CC[C@H]2[C@@H]1c1cc(ccc1N[C@H]2CO)-c1ccc(F)cc1'],,,,,
1824,BRD-K09945302,['54646697'],['OC[C@@H]1O[C@H](CC(=O)NCc2ccc3OCOc3c2)C[C@@H]4[C@H]1Oc5ccc(NC(=O)C6CCOCC6)cc45'],,,,,
1825,BRD-K09957764,['54651479'],['OC[C@H]1[C@H]([C@@H](CNC(=O)NC2CCCC2)N1C(=O)C1CC1)c1ccccc1'],,,,,
1826,BRD-K09964242,['54619906'],['CCCN(C)C[C@@H]1Oc2cc(ccc2S(=O)(=O)N(C[C@@H]1C)[C@@H](C)CO)c3ccc(C#N)cc3'],,,,,
1827,BRD-K09964916,['60185009'],['Cc1ccc(cc1)-c1ccc(cc1)[C@H]1[C@H]2CN(Cc3ccccc3F)C[C@@H]1N2'],,,,,
1828,BRD-K09973807,['44486786'],['C[C@H](CO)N1C[C@@H](C)[C@H](CN(C)C(=O)NC2CCCCC2)Oc3c(cccc3C1=O)N(C)C'],,,,,
1829,BRD-K09977233,['24123440'],['Cc1cc(O)c(O)c(c1)C(=O)C(=O)c2c(O)cc(O)cc2O'],,,,,
1830,BRD-K09989112,['54669306'],['CN(C)CC#Cc1ccc(cc1)[C@H]1[C@H](CO)N2CCCCN(CC3CC3)C[C@H]12'],,,,,
1831,BRD-K09996575,['54625380'],['CNC[C@@H]1Oc2ncc(cc2C(=O)N(C[C@@H]1C)[C@@H](C)CO)c3ccc(C)cc3'],,,,,
1832,BRD-K09997269,['5334616'],['[O-][N+](=O)c1ccc(/C=N/NC(=O)c2ccccn2)s1'],,,,,
1833,BRD-K10006632,['60191287'],['COCC#Cc1ccc(cc1)[C@@H]1[C@H](CO)N2[C@@H]1CN(CC2=O)C(=O)c1ccncc1'],,,,,
1834,BRD-K10008415,['54614983'],['CCCN(C)C[C@H]1OCCCC[C@@H](C)Oc2ccc(NS(=O)(=O)c3ccc(C)cc3)cc2C(=O)N(C[C@H]1C)[C@H](C)CO'],,,,,
1835,BRD-K10010115,['44506989'],['Cn1cc(/C=N/NC(=O)CCCCCCC(=O)Nc2ccccc2O)c3ccccc13'],,,,,
1836,BRD-K10013730,['54652519'],['OC[C@@H]1[C@H]2[C@H](CN(C(=O)c3ccccc3F)c3ccccc23)N1C(=O)C1CCCC1'],,,,,
1837,BRD-K10014225,['54638519'],['CN(C)CCCNC(=O)C[C@@H]1CC[C@H](NS(=O)(=O)c2ccc(C)cc2)[C@H](CO)O1'],,,,,
1838,BRD-K10046096,['44505646'],['C[C@H](CO)N1C[C@H](C)[C@H](CN(C)Cc2ccc3cccnc3c2)OCc4cnnn4CCCC1=O'],,,,,
1839,BRD-K10054282,['54632096'],['CO[C@H]1CN(C)C(=O)c2cc(NC(=O)Nc3cccc(F)c3)ccc2OC[C@H](C)N(C[C@@H]1C)C(=O)Nc1c(C)noc1C'],,,,,
1840,BRD-K10055851,['44485596'],['COc1ccc(CN(C)C[C@@H]2Oc3c(NS(=O)(=O)C)cccc3C(=O)N(C[C@@H]2C)[C@H](C)CO)cc1'],,,,,
1841,BRD-K10057859,['44623872'],['CS(=O)(=O)c1ccc(cc1[N+]([O-])=O)C(=O)OCC(=O)N1CCOCC1'],,,,,
1842,BRD-K10062203,['44501417'],['C[C@H](CO)N1C[C@@H](C)[C@@H](CN(C)Cc2ccc(Cl)c(Cl)c2)Oc3ccc(NS(=O)(=O)C)cc3CC1=O'],,,,,
1843,BRD-K10081616,['54631616'],['CO[C@H]1CN(C)C(=O)c2ccc(NC(=O)Cc3ccccc3)cc2OC[C@H](C)N(C[C@H]1C)C(=O)c1ccccc1F'],,,,,
1844,BRD-K10082717,['54666605'],['CN(C)CC#Cc1ccc(cc1)[C@H]1[C@H](CO)N2CCCCN(C[C@@H]12)C(=O)Nc1ccccc1F'],,,,,
1845,BRD-K10087454,['44490957'],['CC(C)NC(=O)N(C)C[C@@H]1OCCCC[C@@H](C)Oc2ccc(cc2C(=O)N(C[C@H]1C)[C@H](C)CO)N(C)C'],,,,,
1846,BRD-K10114046,['44224143'],['OC1(Cc2ccccc2)CCN(CC1)c1ncnc2sccc12'],,,,,
1847,BRD-K10120618,['54646238'],['C[C@H](NC(=O)C[C@H]1C[C@H]2[C@H](Oc3ccc(NC(=O)Nc4ccc(cc4)C(F)(F)F)cc23)[C@H](CO)O1)c5ccccc5'],,,,,
1848,BRD-K10134498,['54638933'],['OC[C@@H]1O[C@H](CC(=O)NCc2ccc(Cl)c(Cl)c2)CC[C@@H]1NS(=O)(=O)c1ccc(F)cc1'],,,,,
1849,BRD-K10143126,['44492069'],['C[C@@H](CO)N1C[C@@H](C)[C@@H](CN(C)C(=O)Nc2ccccc2)OCCCC[C@@H](C)Oc3ccc(NC(=O)C4CCCCC4)cc3C1=O'],,,,,
1850,BRD-K10170503,['44488775'],['CNC[C@@H]1OCCCC[C@H](C)Oc2ccc(NS(=O)(=O)c3cccs3)cc2C(=O)N(C[C@@H]1C)[C@H](C)CO'],,,,,
1851,BRD-K10182851,['54618529'],['C[C@@H](O)C#Cc1cnc2O[C@H](CN(C)CC3CCOCC3)[C@H](C)CN([C@H](C)CO)C(=O)c2c1'],,,,,
1852,BRD-K10210954,['54646564'],['COc1cccc(c1)S(=O)(=O)Nc2ccc3O[C@@H]4[C@@H](C[C@@H](CC(=O)N5CCCCC5)O[C@@H]4CO)c3c2'],,,,,
1853,BRD-K10211010,['54657602'],['O[C@@H]1COC[C@H]2O[C@H](CC(=O)Nc3ccc(cc3)-c3ccccc3)CC[C@@H]2N(Cc2ccc3OCOc3c2)C1'],,,,,
1854,BRD-K10225413,['54652651'],['OC[C@@H]1[C@H]2[C@H](CN(C(=O)Nc3ccccc3)c3ccccc23)N1Cc1ccccc1Cl'],,,,,
1855,BRD-K10232869,['44483562'],['CC(C)NC(=O)Nc1ccc2O[C@H](CN(C)C)[C@H](C)CN([C@@H](C)CO)C(=O)c2c1'],,,,,
1856,BRD-K10268154,['54666507'],['OC[C@H]1[C@H]([C@H]2CN(CCCCN12)C(=O)CN1CCOCC1)c1ccc(Br)cc1'],,,,,
1857,BRD-K10270435,['54639157'],['OC[C@H]1O[C@@H](CCNS(=O)(=O)Cc2ccccc2)CC[C@@H]1NC(=O)c1cnccn1'],,,,,
1858,BRD-K10279202,['60191113'],['Cc1ccccc1-c1ccc(cc1)[C@H]1[C@H](CO)N2[C@@H]1CN(CC2=O)C(=O)c1ccncc1'],,,,,
1859,BRD-K10279767,['54637704'],['C[C@H](CO)N1C[C@@H](C)[C@@H](CN(C)C(=O)[C@H](Cc2ccccc2)N(C)C)OCc3ccccc3-c4c(C1=O)n(C)c5ccccc45'],,,,,
1860,BRD-K10283649,['74865'],['NCCc1ccccc1O'],,,,,
1861,BRD-K10287818,['54645842'],['COC(=O)C[C@@H]1C[C@H]2[C@H](Oc3ccc(N)cc23)[C@H](CO)O1'],,,,,
1862,BRD-K10323659,['44494915'],['CC(C)NC(=O)N(C)C[C@@H]1OCCCC[C@@H](C)Oc2ccc(NC(=O)Nc3ccccc3)cc2C(=O)N(C[C@@H]1C)[C@H](C)CO'],,,,,
1863,BRD-K10325955,['56835416'],['C[C@@H](CO)N1C[C@H](C)[C@@H](CN(C)C(=O)CCC(F)(F)F)OCc2ccccc2-c3c(C1=O)n(C)c4ccccc34'],,,,,
1864,BRD-K10355322,['5823053'],['CC(=NOC(=O)c1ccc(F)cc1)c2nccs2'],,,,,
1865,BRD-K10361096,['17757086'],['CC(=O)Nc1ccc(CNc2ncnc3ccc(cc23)c4c(C)noc4C)cc1'],,,,,
1866,BRD-K10362791,['54664903'],['CN1[C@@H](CO)[C@@H]2CCN([C@@H]2c2cc(ccc12)-c1cccc(F)c1)C(=O)C1CCOCC1'],,,,,
1867,BRD-K10385416,['54618553'],['C[C@H](O)C#Cc1cnc2O[C@@H](CN(C)CC3CCOCC3)[C@H](C)CN([C@@H](C)CO)C(=O)c2c1'],,,,,
1868,BRD-K10388622,['54654029'],['CN(C)C(=O)C[C@@H]1CC[C@@H]2[C@@H](COc3ccc(NC(=O)NCc4ccccc4)cc3C(=O)N2C)O1'],,,,,
1869,BRD-K10405667,['24761960'],['CCC(=O)N1CCc2cc(ccc12)c3csc(NC(=O)c4ccco4)n3'],,,,,
1870,BRD-K10417524,['60185072'],['CCCNC(=O)N1C[C@@]2(C1)CN([C@@H](CO)c1[nH]c3cc(OC)ccc3c21)C(=O)CN1CCOCC1'],,,,,
1871,BRD-K10421834,['54649815'],['O=C1N[C@@H](COCc2cn(CC[C@H]1Cc1ccccc1)nn2)c1ccccc1'],,,,,
1872,BRD-K10422753,['54666469'],['C[C@H](O)C#Cc1ccc(cc1)[C@@H]1[C@H](CO)N2CCCCN(C[C@@H]12)C(=O)c1ccc2OCOc2c1'],,,,,
1873,BRD-K10429990,['54632081'],['CO[C@H]1CN(C)C(=O)c2cc(NS(=O)(=O)c3cccc(F)c3)ccc2OC[C@H](C)N(C[C@@H]1C)C(=O)Cc1cccnc1'],,,,,
1874,BRD-K10449938,['54649329'],['CO[C@@H](CN(C)S(=O)(=O)c1ccc(Cl)cc1)[C@H](C)CN([C@H](C)CO)S(=O)(=O)c1cccc(Cl)c1'],,,,,
1875,BRD-K10471793,['54651457'],['C\\C=C\\c1ccc(cc1)[C@H]1[C@H](CO)N[C@H]1CN(C(C)C)C(=O)C1CCC1'],,,,,
1876,BRD-K10482608,['44616894'],['CC(C)NC(=O)N(C)C[C@@H]1OCCCC[C@H](C)Oc2ccc(NC(=O)c3ccccc3)cc2C(=O)N(C[C@H]1C)[C@@H](C)CO'],,,,,
1877,BRD-K10484463,['3685735'],['Cn1c(=NC(=O)CCl)sc2ccccc12'],,,,,
1878,BRD-K10491285,['54646321'],['OC[C@@H]1O[C@@H](CC(=O)NCCc2ccccc2)C[C@@H]3[C@H]1Oc4ccc(NC(=O)c5cccnc5)cc34'],,,,,
1879,BRD-K10501200,['54646343'],['OC[C@@H]1O[C@@H](CC(=O)NCc2cc(F)ccc2F)C[C@H]3[C@@H]1Oc4ccc(NC(=O)C5CCOCC5)cc34'],,,,,
1880,BRD-K10526563,['54664821'],['CN1[C@@H](CO)[C@@H]2CCN([C@@H]2c2cc(ccc12)C1=CCCCC1)C(=O)Nc1cc(F)ccc1F'],,,,,
1881,BRD-K10542638,['60188674'],['OC[C@@H]1[C@@H]([C@@H]2CN(CC(=O)N12)C(=O)C1CC1)c1ccc(cc1)C1=CCCCC1'],,,,,
1882,BRD-K10554164,['2844045'],['OC(=O)CCN1C(=O)c2cccc3c(ccc(C1=O)c23)[N+](=O)[O-]'],,,,,
1883,BRD-K10558099,['54649297'],['CO[C@@H](CN(C)S(=O)(=O)c1ccc(F)cc1)[C@@H](C)CN([C@H](C)CO)C(=O)Nc1ccccc1F'],,,,,
1884,BRD-K10562742,['54638581'],['OC[C@H]1O[C@@H](CCNC(=O)c2cc(Cl)cc(Cl)c2)CC[C@H]1NC(=O)C1CCOCC1'],,,,,
1885,BRD-K10578850,['54638583'],['OC[C@@H]1O[C@H](CCNC(=O)c2cc(Cl)cc(Cl)c2)CC[C@@H]1NC(=O)C1CCOCC1'],,,,,
1886,BRD-K10578928,['54657978'],['COc1ccccc1CNC(=O)C[C@@H]1CC[C@H]2[C@@H](COC[C@@H](O)CN2Cc2cccc(c2)-c2ccncc2)O1'],,,,,
1887,BRD-K10580927,['44505983'],['C[C@H](CO)N1C[C@H](C)[C@H](CN(C)C(=O)c2ccncc2)OCc3cn(CCCC1=O)nn3'],,,,,
1888,BRD-K10589286,['54665004'],['OC[C@@H]1Nc2ccc(cc2[C@H]2[C@@H]1CCN2C(=O)Cc1ccccc1)C1=CCCCC1'],,,,,
1889,BRD-K10593696,['60191108'],['OC[C@H]1[C@@H]([C@@H]2CN(CC(=O)N12)C(=O)Cc1cccnc1)c1ccc(\\C=C\\c2ccccc2)cc1'],,,,,
1890,BRD-K10600561,['54661365'],['CN1[C@@H]2Cn3c(ccc(-c4ccccc4)c3=O)[C@H]1[C@H]([C@@H]2CO)C(=O)NCC1CCCCC1'],,,,,
1891,BRD-K10609180,['44487621'],['C[C@@H](CO)N1C[C@@H](C)[C@H](CN(C)S(=O)(=O)c2cccs2)Oc3ccc(cc3CC1=O)N(C)C'],,,,,
1892,BRD-K10645566,['54638991'],['OC[C@H]1O[C@@H](CC(=O)NCCc2ccncc2)CC[C@H]1NC(=O)Cc1ccccn1'],,,,,
1893,BRD-K10649245,['44507955'],['C[C@H](CO)N1C[C@H](C)[C@H](CN(C)Cc2ccc(cc2)C(=O)Nc3ccccc3N)Oc4c(NC(=O)Nc5ccccc5)cccc4C1=O'],,,,,
1894,BRD-K10654753,['54646236'],['C[C@H](NC(=O)C[C@@H]1C[C@H]2[C@H](Oc3ccc(NC(=O)Nc4ccc(cc4)C(F)(F)F)cc23)[C@H](CO)O1)c5ccccc5'],,,,,
1895,BRD-K10655148,['54664879'],['COc1ccc(cc1)-c1ccc2N(C)[C@@H](CO)[C@@H]3CCN([C@@H]3c2c1)C(=O)NC1CCCCC1'],,,,,
1896,BRD-K10657952,['54638749'],['OC[C@H]1O[C@@H](CCNC(=O)CCN2CCCCC2)CC[C@H]1NS(=O)(=O)c1cccc(Cl)c1'],,,,,
1897,BRD-K10662075,['54660837'],['CN(C)C(=O)[C@@H]1[C@@H](CO)[C@@H]2Cn3c(ccc(-c4cncnc4)c3=O)[C@@H]2N1Cc1cc(F)ccc1F'],,,,,
1898,BRD-K10666842,['54646497'],['CN(C)CC(=O)Nc1ccc2O[C@H]3[C@H](C[C@@H](CC(=O)NC4CCCCC4)O[C@H]3CO)c2c1'],,,,,
1899,BRD-K10680649,['54645811'],['CN(C)c1ccc2O[C@@H]3[C@@H](C[C@@H](CC(=O)NCc4cccc(F)c4)O[C@@H]3CO)c2c1'],,,,,
1900,BRD-K10682047,['54637895'],['C[C@@H](CO)N1C[C@@H](C)[C@@H](CN(C)S(=O)(=O)c2ccccc2F)OCc3ccccc3-c4ccccc4C1=O'],,,,,
1901,BRD-K10689551,['54660961'],['OC[C@H]1[C@@H]2Cn3c(cccc3=O)[C@@H]2N(Cc2ccccn2)[C@@H]1C(=O)NCCN1CCCCC1'],,,,,
1902,BRD-K10701104,['54661303'],['CN1[C@@H]2Cn3c(ccc(-c4cccnc4)c3=O)[C@H]1[C@H]([C@@H]2CO)C(=O)NCCc1ccccc1'],,,,,
1903,BRD-K10701306,['54632088'],['COCC(=O)Nc1ccc2OC[C@H](C)N(Cc3cc(F)ccc3F)C[C@H](C)[C@H](CN(C)C(=O)c2c1)OC'],,,,,
1904,BRD-K10702894,['54652556'],['OC[C@@H]1[C@@H]2[C@@H](CNc3ccccc23)N1C(=O)C1CCCCC1'],,,,,
1905,BRD-K10709111,['44503071'],['CC(C)NC(=O)Nc1ccc2O[C@@H](CN(C)C(=O)NC3CCCCC3)[C@H](C)CN([C@H](C)CO)C(=O)Cc2c1'],,,,,
1906,BRD-K10721194,['54638978'],['COc1ccccc1NC(=O)N[C@@H]1CC[C@H](CCNS(=O)(=O)c2ccccc2)O[C@@H]1CO'],,,,,
1907,BRD-K10722141,['44505840'],['C[C@H](CO)N1C[C@@H](C)[C@@H](CN(C)C(=O)Nc2ccc(cc2)C(C)(C)C)OCc3cn(CCCC1=O)nn3'],,,,,
1908,BRD-K10731645,['60190271'],['COc1ccc2c3c([C@H](CO)NC[C@]33CCN(Cc4ccccc4Cl)CC3)n(C)c2c1'],,,,,
1909,BRD-K10734177,['54632191'],['CO[C@@H]1CN(C)C(=O)c2ccc(NC(=O)C3CCCC3)cc2OC[C@H](C)N(C[C@@H]1C)C(=O)CC1CC1'],,,,,
1910,BRD-K10743257,['54666564'],['CN(C)C(=O)c1cccc(c1)-c1ccc(cc1)[C@H]1[C@@H](CO)N2CCCCN(CC3CCOCC3)C[C@H]12'],,,,,
1911,BRD-K10749532,['60184830'],['Cc1ccccc1-c1ccc(cc1)[C@@H]1[C@@H]2CNC[C@H]1N2Cc1cccnc1'],,,,,
1912,BRD-K10762274,['54631959'],['CO[C@@H]1CN(C)C(=O)c2cc(NC(=O)C3CCOCC3)ccc2OC[C@H](C)N(CC2CC2)C[C@H]1C'],,,,,
1913,BRD-K10768305,['54646206'],['CS(=O)(=O)Nc1ccc2O[C@@H]3[C@@H](C[C@@H](CC(=O)NCc4ccccn4)O[C@@H]3CO)c2c1'],,,,,
1914,BRD-K10774870,['54631551'],['CO[C@H]1CN(C)C(=O)c2ccc(NS(C)(=O)=O)cc2OC[C@@H](C)N(CC2CCCCC2)C[C@@H]1C'],,,,,
1915,BRD-K10779199,['54654700'],['COc1ccccc1CNC(=O)C[C@@H]1CC[C@H]2[C@H](COc3ccc(NC(=O)Nc4ccc(F)c(F)c4)cc3C(=O)N2C)O1'],,,,,
1916,BRD-K10799838,['60188399'],['C\\C=C\\c1ccc(cc1)[C@@H]1[C@H](CO)N2[C@@H]1CN(Cc1ccccc1)CC2=O'],,,,,
1917,BRD-K10804522,['60191031'],['OC[C@@H]1[C@H]([C@H]2CN(CC(=O)N12)C(=O)Nc1ccc(F)cc1)c1ccc(cc1)C1=CCCC1'],,,,,
1918,BRD-K10806285,['2332853'],['Cc1noc(NS(=O)(=O)c2ccc(NC(=O)c3cc(nc4ccccc34)c5ccccc5Cl)cc2)c1C'],,,,,
1919,BRD-K10806720,['54666604'],['CN(C)CC#Cc1ccc(cc1)[C@H]1[C@H](CO)N2CCCCN(C[C@H]12)C(=O)Nc1ccccc1F'],,,,,
1920,BRD-K10808435,['56835250'],['C[C@@H](CO)N1C[C@@H](C)[C@H](CN(C)S(=O)(=O)c2cccc(F)c2)OCc3ccccc3-c4c(C1=O)n(C)c5ccccc45'],,,,,
1921,BRD-K10810699,['54654566'],['COC(=O)C[C@H]1CC[C@H]2[C@@H](COc3ccc(NC(=O)Cc4cccs4)cc3C(=O)N2C)O1'],,,,,
1922,BRD-K10812716,['54649627'],['CO[C@@H]1CC[C@H]2CCOc3ccc(cc3C(=O)N(C)C[C@H](OC)[C@@H](C)C(=O)N(C)C[C@H]1O2)C#N'],,,,,
1923,BRD-K10821756,['54646005'],['CN(C)C(=O)C[C@H]1C[C@@H]2[C@@H](Oc3ccc(NC(=O)c4cccnc4)cc23)[C@H](CO)O1'],,,,,
1924,BRD-K10833576,['3245746'],['CCOc1ccc(NC(=O)CN2CCN(CC(=O)Nc3cc(OC)cc(OC)c3)CC2)cc1'],,,,,
1925,BRD-K10835142,['54654302'],['CCNC(=O)Nc1ccc2OC[C@H]3O[C@H](CC(=O)N[C@H](C)c4ccccc4)CC[C@H]3N(C)C(=O)c2c1'],,,,,
1926,BRD-K10837140,['54661455'],['CN(C)C(=O)[C@H]1[C@H](CO)[C@H]2Cn3c(ccc(C4=CCCC4)c3=O)[C@@H]1N2CC1CCOCC1'],,,,,
1927,BRD-K10837204,['54645918'],['OC[C@@H]1O[C@H](CC(=O)NCc2ccc(Oc3ccccc3)cc2)C[C@H]4[C@@H]1Oc5ccc(NC(=O)c6ccc7OCOc7c6)cc45'],,,,,
1928,BRD-K10838258,['54632057'],['CO[C@H]1CN(C)C(=O)c2cc(NC(=O)Cc3ccccc3)ccc2OC[C@@H](C)N(C[C@H]1C)C(C)=O'],,,,,
1929,BRD-K10839108,['44487576'],['CC(C)NC(=O)Nc1ccc2O[C@@H](C)CCCCO[C@@H](CN(C)C(=O)c3ccncc3)[C@H](C)CN([C@H](C)CO)C(=O)c2c1'],,,,,
1930,BRD-K10844902,['54657867'],['O[C@H]1COC[C@H]2O[C@H](CC(=O)N3CCOCC3)CC[C@@H]2N(C1)C(=O)Nc1cc(Cl)cc(Cl)c1'],,,,,
1931,BRD-K10846167,['45100444'],['C(Nc1nc(nc2n(cnc12)-c1ccsc1)N1CCOCC1)c1nc2cc3ccccc3cc2[nH]1'],,,,,
1932,BRD-K10846668,['60187119'],['CCC(=O)N1CC[C@@]2(CC1)CN(Cc1ccc(Cl)cc1)[C@@H](CO)c1[nH]c3cc(OC)ccc3c21'],,,,,
1933,BRD-K10855750,['46907752'],['Brc1ccc(cc1)-c1csc(n1)N1CCC(CC1)C#N'],,,,,
1934,BRD-K10856568,['54646683'],['CN(C)CC(=O)Nc1ccc2O[C@@H]3[C@@H](C[C@H](CC(=O)N4CCc5ccccc5C4)O[C@H]3CO)c2c1'],,,,,
1935,BRD-K10864752,['54631827'],['CO[C@@H]1CN(C)C(=O)c2cc(NC(C)=O)ccc2OC[C@H](C)N(Cc2ccccc2OC)C[C@@H]1C'],,,,,
1936,BRD-K10879245,['54617032'],['COc1ccc(CN(C)C[C@H]2OCCCC[C@H](C)Oc3ccc(NS(=O)(=O)c4ccc(Cl)cc4)cc3C(=O)N(C[C@@H]2C)[C@H](C)CO)cc1'],,,,,
1937,BRD-K10893406,['54637771'],['C[C@@H](CO)N1C[C@H](C)[C@@H](CN(C)C(=O)[C@H]2CCCN2C)OCc3ccccc3-c4ccccc4C1=O'],,,,,
1938,BRD-K10894258,['54645973'],['OC[C@@H]1O[C@H](CC(=O)N2CCOCC2)C[C@@H]3[C@H]1Oc4ccc(NS(=O)(=O)c5ccccc5)cc34'],,,,,
1939,BRD-K10906552,['1300352'],['Cn1c(SCC(=O)n2c3CCCCc3c4ccccc24)nnc1c5ccco5'],,,,,
1940,BRD-K10937407,['60187284'],['CCCNC(=O)N1C[C@]2(CCN(Cc3nccs3)CC2)c2c([nH]c3cc(OC)ccc23)[C@H]1CO'],,,,,
1941,BRD-K10938308,['54665013'],['Cc1ccc(cc1)S(=O)(=O)N1CC[C@H]2[C@@H]1c1cc(ccc1N[C@H]2CO)C#Cc1ccc(F)cc1'],,,,,
1942,BRD-K10939925,['73707580'],['CCCC(=O)Sc1ccc(cc1)[C@@H]1CN2CCC[C@@H]2c2ccccc12'],,,,,
1943,BRD-K10951564,['54638358'],['Cn1cnc(c1)S(=O)(=O)N[C@@H]1C=C[C@@H](CC(=O)N2CCN(CC2)c2ccccc2)O[C@H]1CO'],,,,,
1944,BRD-K11002182,['54660884'],['CCCN1[C@@H]2Cn3c(ccc(-c4cccc(c4)C(=O)N(C)C)c3=O)[C@H]1[C@H]([C@@H]2CO)C(=O)OC'],,,,,
1945,BRD-K11006288,['44485140'],['C[C@H](CO)N1C[C@H](C)[C@@H](CN(C)C(=O)c2ccccc2)OCCCC[C@H](C)Oc3ccc(NC(=O)Nc4ccc5OCOc5c4)cc3C1=O'],,,,,
1946,BRD-K11022579,['54637713'],['C[C@H](CO)N1C[C@H](C)[C@@H](CN(C)Cc2cccc(c2)C(=O)O)OCc3ccccc3-c4ccccc4C1=O'],,,,,
1947,BRD-K11031937,['54637982'],['CC(C)[C@@H](C)NC(=O)N(C)C[C@H]1OCc2ccccc2-c3ccccc3C(=O)N(C[C@@H]1C)[C@@H](C)CO'],,,,,
1948,BRD-K11054980,['54618525'],['C[C@H](CO)N1C[C@@H](C)[C@H](CN(C)Cc2ccccc2C(=O)O)Oc3cc(ccc3S1(=O)=O)c4ccc(F)cc4'],,,,,
1949,BRD-K11062991,['54638448'],['OC[C@@H]1O[C@@H](CC(=O)N2CCC(Cc3ccccc3)CC2)C=C[C@@H]1NC(=O)c1cnccn1'],,,,,
1950,BRD-K11068374,['54649430'],['CC(C)(C)[S@@](=O)N1Cc2cc(nc(c2[C@H]1CCO)-c1cccc(c1)-c1cncnc1)C(=O)N1CCc2ccccc2C1'],,,,,
1951,BRD-K11071576,['54666686'],['COc1cccc(c1)-c1ccc(cc1)[C@H]1[C@H](CO)N2CCCCN(C[C@@H]12)C(=O)c1ccc(F)cc1'],,,,,
1952,BRD-K11072542,['2016258'],['COC(=O)c1cn(C(=O)c2cccc3ccccc23)c4ccccc14'],,,,,
1953,BRD-K11081110,['54638790'],['OC[C@H]1O[C@H](CC(=O)N2CCCCC2)C=C[C@@H]1NC(=O)c1ccc2OCOc2c1'],,,,,
1954,BRD-K11088254,['54646213'],['CN(C)c1ccc2O[C@H]3[C@H](C[C@H](CC(=O)O)O[C@@H]3CO)c2c1'],,,,,
1955,BRD-K11097458,['54638971'],['OC[C@H]1O[C@H](CCNC(=O)c2ccc(F)cc2)CC[C@@H]1NC(=O)Nc1ccc(Cl)c(Cl)c1'],,,,,
1956,BRD-K11112971,['54637956'],['C[C@@H](CO)N1C[C@@H](C)[C@@H](CN(C)C(=O)c2c(C)noc2C)OCc3ccccc3-c4c(C1=O)n(C)c5ccccc45'],,,,,
1957,BRD-K11133230,['54646663'],['CN(C)c1ccc2O[C@H]3[C@H](C[C@@H](CC(=O)NCc4ccncc4)O[C@H]3CO)c2c1'],,,,,
1958,BRD-K11141556,['60191348'],['COCC(=O)N1C[C@H]2[C@@H]([C@@H](CO)N2C(=O)C1)c1ccc(cc1)C#CC1CC1'],,,,,
1959,BRD-K11144279,['54660762'],['CN(C)C(=O)[C@@H]1[C@@H](CO)[C@@H]2Cn3c(ccc(\\C=C\\c4ccccc4)c3=O)[C@@H]2N1C(=O)c1cccnc1'],,,,,
1960,BRD-K11145711,['60190156'],['CCCC(=O)N1C[C@@]2(C1)CN([C@@H](CO)c1[nH]c3cc(OC)ccc3c21)C(=O)C1CCCC1'],,,,,
1961,BRD-K11147885,['2816422'],['CNC(=O)NC(=O)CSc1nnc(c2ccncc2)n1Cc3ccccc3'],,,,,
1962,BRD-K11156132,['54631686'],['CO[C@@H]1CN(C)C(=O)c2ccc(NC(=O)Nc3c(C)noc3C)cc2OC[C@@H](C)NC[C@@H]1C'],,,,,
1963,BRD-K11158154,['54631613'],['CO[C@@H]1CN(C)C(=O)c2cc(NC(=O)Nc3ccccc3OC)ccc2OC[C@H](C)N(C)C[C@H]1C'],,,,,
1964,BRD-K11169037,['44501089'],['CC(C)NC(=O)N(C)C[C@@H]1OCCCC[C@@H](C)Oc2ccc(NC(=O)c3ccccc3)cc2C(=O)N(C[C@@H]1C)[C@H](C)CO'],,,,,
1965,BRD-K11171096,['54637761'],['CNC[C@H]1OCc2ccccc2-c3ccccc3C(=O)N(C[C@@H]1C)[C@@H](C)CO'],,,,,
1966,BRD-K11181277,['44511151'],['OCc1ccc(CO[C@H]2C[C@H](C=C(O2)C(=O)N3CCCCC3)c4csc5ccccc45)cc1'],,,,,
1967,BRD-K11187612,['16114799'],['COc1cc2CC[C@H](NC(=O)C)c3cc(ccc3-c2c(OC)c1OC)C(=O)O'],,,,,
1968,BRD-K11194815,['54631697'],['CO[C@@H]1CN(C)C(=O)c2ccc(NS(=O)(=O)CC(F)(F)F)cc2OC[C@@H](C)NC[C@@H]1C'],,,,,
1969,BRD-K11221750,['54665039'],['CN1[C@@H](CO)[C@H]2CCN([C@H]2c2cc(ccc12)-c1cccc(F)c1)C(=O)c1ccccc1F'],,,,,
1970,BRD-K11224669,['44491123'],['C[C@@H](CO)N1C[C@H](C)[C@@H](CN(C)Cc2ccc(cc2)C(F)(F)F)Oc3ccc(NC(=O)Nc4ccccc4)cc3C1=O'],,,,,
1971,BRD-K11236606,['54664919'],['OC[C@@H]1Nc2ccc(cc2[C@H]2[C@@H]1CCN2C(=O)c1ccncc1)-c1ccccc1'],,,,,
1972,BRD-K11238413,['54649480'],['CO[C@H]1CC[C@H]2CCN(C)C(=O)[C@@H](C)[C@H](CN(C)C(=O)c3cccc(C#N)c3OC[C@H]1O2)OC'],,,,,
1973,BRD-K11258147,['54664909'],['COc1cccc(c1)-c1ccc2N(C)[C@@H](CO)[C@H]3CCN([C@H]3c2c1)S(=O)(=O)c1ccccc1F'],,,,,
1974,BRD-K11260407,['24747218'],['COc1cc(F)c(cc1OC)C(=O)NC(C)(C)CO'],,,,,
1975,BRD-K11264391,['54668907'],['COc1ccc(NC(=O)N2CCCCN3[C@@H](CO)[C@@H]([C@@H]3C2)c2ccc(cc2)-c2ccccc2C)cc1'],,,,,
1976,BRD-K11266478,['54638838'],['OC[C@H]1O[C@@H](CC(=O)Nc2nccs2)CC[C@@H]1NC(=O)CCN1CCCCC1'],,,,,
1977,BRD-K11293573,['60185277'],['COc1cccc(c1)S(=O)(=O)N1C[C@H]2N[C@@H](C1)[C@H]2c1ccc(\\C=C\\C)cc1'],,,,,
1978,BRD-K11296387,['54637793'],['C[C@H](CO)N1C[C@H](C)[C@@H](CN(C)Cc2cccc3OCCCOc23)OCc4ccccc4-c5ccccc5C1=O'],,,,,
1979,BRD-K11309655,['54650177'],['OC[C@@H]1N[C@H](C#N)[C@@H]1c1ccc(cc1)C#Cc1ccccc1F'],,,,,
1980,BRD-K11359987,['54657517'],['O[C@H]1COC[C@@H]2O[C@H](CC(=O)NCC3CCCCC3)CC[C@H]2N(CCC(F)(F)F)C1'],,,,,
1981,BRD-K11362964,['789791'],['Cc1cc(C)c(c(C)c1)S(=O)(=O)NCC(=O)O'],,,,,
1982,BRD-K11366122,['44617229'],['C[C@H](CO)N1C[C@H](C)[C@H](CN(C)C(=O)c2ccncc2)OCCCC[C@H](C)Oc3ccc(NC(=O)c4ccncc4)cc3C1=O'],,,,,
1983,BRD-K11385710,['54664861'],['CN1[C@@H](CO)[C@H]2CCN([C@H]2c2cc(ccc12)C#Cc1ccc(F)cc1)S(=O)(=O)c1ccccc1C'],,,,,
1984,BRD-K11400546,['54618579'],['C[C@H](O)C#Cc1cnc2O[C@H](CN(C)CC3CCOCC3)[C@H](C)CN([C@@H](C)CO)C(=O)c2c1'],,,,,
1985,BRD-K11401713,['54649894'],['OC[C@H]1[C@@H]([C@H](C#N)N1C(=O)C1CCCC1)c1ccccc1'],,,,,
1986,BRD-K11401851,['54638647'],['COc1cccc(NC(=O)N[C@@H]2CC[C@H](CC(=O)N3CCCCC3)O[C@@H]2CO)c1'],,,,,
1987,BRD-K11402657,['54660805'],['CCCN1[C@@H]([C@@H](CO)[C@@H]2Cn3c(ccc(C4=CCCCC4)c3=O)[C@H]12)C(=O)NC1Cc2ccccc2C1'],,,,,
1988,BRD-K11415638,['54660882'],['CN1[C@@H]2Cn3c(ccc(\\C=C\\c4ccccc4)c3=O)[C@H]1[C@H]([C@@H]2CO)C(=O)NC1Cc2ccccc2C1'],,,,,
1989,BRD-K11424789,['54654223'],['CN1[C@@H]2CC[C@H](CC(=O)N3CCc4ccccc4C3)O[C@H]2COc2ccc(NS(=O)(=O)c3cccc(F)c3)cc2C1=O'],,,,,
1990,BRD-K11436949,['54661331'],['CN(C)CC(=O)N1[C@@H]([C@@H](CO)[C@@H]2Cn3c(ccc(-c4ccccc4)c3=O)[C@H]12)C(=O)NC1CCC1'],,,,,
1991,BRD-K11454759,['54646501'],['COCCNC(=O)C[C@@H]1C[C@@H]2[C@@H](Oc3ccc(NC(=O)Nc4ccc(cc4)C(F)(F)F)cc23)[C@H](CO)O1'],,,,,
1992,BRD-K11458523,['54631733'],['CO[C@H]1CN(C)C(=O)c2cc(NC(=O)C3CC3)ccc2OC[C@H](C)N(C[C@H]1C)C(=O)CN1CCOCC1'],,,,,
1993,BRD-K11468634,['54637674'],['C[C@@H](CO)N1C[C@@H](C)[C@@H](CN(C)C(=O)NC2CCCCC2)OCc3ccccc3-c4c(C1=O)n(C)c5ccccc45'],,,,,
1994,BRD-K11468724,['54646064'],['COCC(=O)Nc1ccc2O[C@H]3[C@H](C[C@@H](CC(=O)N[C@@H](C)c4ccccc4)O[C@H]3CO)c2c1'],,,,,
1995,BRD-K11480730,['44485360'],['C[C@H](CO)N1C[C@H](C)[C@H](CN(C)Cc2ccc(cc2)c3ccccc3)Oc4ccc(NC(=O)CCN5CCOCC5)cc4C1=O'],,,,,
1996,BRD-K11483659,['51358866'],['C[C@H](CO)N1C[C@H](C)[C@@H](CN(C)Cc2ccncc2)OCCCC[C@H](C)Oc3ccc(NC(=O)CCCN(C)C)cc3C1=O'],,,,,
1997,BRD-K11517399,['54638000'],['C[C@@H](CO)N1C[C@H](C)[C@@H](CN(C)C(=O)C2CC2)OCc3ccccc3-c4ccccc4C1=O'],,,,,
1998,BRD-K11528380,['54664905'],['CN1[C@H](CO)[C@@H]2CCN([C@@H]2c2cc(ccc12)-c1cccc(F)c1)C(=O)C1CCOCC1'],,,,,
1999,BRD-K11548496,['54618645'],['C[C@@H](O)C#Cc1cnc2O[C@@H](CN(C)CC3CCOCC3)[C@@H](C)CN([C@@H](C)CO)C(=O)c2c1'],,,,,
2000,BRD-K11555344,['60184857'],['Cc1ccccc1-c1ccc(cc1)[C@@H]1[C@H]2CN(C[C@@H]1N2)C(=O)NC1CCCCC1'],,,,,
2001,BRD-K11556486,['54637792'],['C[C@@H](CO)N1C[C@H](C)[C@H](CN(C)S(=O)(=O)CC(F)(F)F)OCc2ccccc2-c3ccccc3C1=O'],,,,,
2002,BRD-K11577165,['54637694'],['C[C@@H](CO)N1C[C@@H](C)[C@@H](CN(C)S(=O)(=O)c2ccccc2C#N)OCc3ccccc3-c4ccccc4C1=O'],,,,,
2003,BRD-K11577993,['54652555'],['OC[C@@H]1[C@H]2[C@H](CNc3ccccc23)N1C(=O)C1CCCCC1'],,,,,
2004,BRD-K11582139,['44505474'],['C[C@H](CO)N1C[C@H](C)[C@@H](CN(C)Cc2cccnc2)OCc3cn(CCCC1=O)nn3'],,,,,
2005,BRD-K11604106,['54657658'],['COc1ccccc1CNC(=O)C[C@H]1CC[C@@H]2[C@H](COC[C@H](O)CN2C(=O)Nc2ccc(F)cc2)O1'],,,,,
2006,BRD-K11609893,['56835201'],['C[C@@H](CO)N1C[C@@H](C)[C@H](CN(C)C(=O)NC2CCCCC2)OCc3ccccc3-c4ccccc4C1=O'],,,,,
2007,BRD-K11611839,['44142121'],['O=C(NNC(=O)c1nc2ccccc2[nH]1)OCc3ccccc3'],,,,,
2008,BRD-K11612251,['44202876'],['C[C@H](CO)N1C[C@H](C)[C@@H](CN(C)C(=O)Nc2ccccc2)Oc3c(NC(=O)Nc4ccc(cc4)C(F)(F)F)cccc3C1=O'],,,,,
2009,BRD-K11615943,['60185195'],['COc1ccc2c3c([nH]c2c1)[C@@H](CO)N(C[C@]31CCN(CC1)S(C)(=O)=O)C(=O)NC1CCCC1'],,,,,
2010,BRD-K11624501,['44618473'],['C[C@H](CO)N1C[C@@H](C)[C@@H](CN(C)CC2CCCCC2)OCCCC[C@@H](C)Oc3ccc(NC(=O)Nc4cccc5ccccc45)cc3C1=O'],,,,,
2011,BRD-K11627226,['54654109'],['CN1[C@H]2CC[C@H](CC(=O)NCc3ccccc3F)O[C@H]2COc2ccc(NC(=O)C3CCCCC3)cc2C1=O'],,,,,
2012,BRD-K11628545,['60189722'],['CCCC(=O)N1C[C@@]2(C1)CN(Cc1cccnc1)[C@@H](CO)c1[nH]c3cc(OC)ccc3c21'],,,,,
2013,BRD-K11631766,['54646347'],['COc1ccc(NC(=O)Nc2ccc3O[C@@H]4[C@@H](C[C@H](CC(=O)N5CCN(C)CC5)O[C@H]4CO)c3c2)cc1'],,,,,
2014,BRD-K11671649,['24747155'],['CCn1nc(Cc2cccc3ccccc23)c(C#N)c1N'],,,,,
2015,BRD-K11672064,['44492198'],['C[C@@H](CO)N1C[C@@H](C)[C@H](CN(C)Cc2ccc3OCOc3c2)Oc4ccc(NS(=O)(=O)C)cc4C1=O'],,,,,
2016,BRD-K11672081,['54615950'],['C[C@H](CO)N1C[C@@H](C)[C@@H](CN(C)C(=O)Nc2ccc3OCOc3c2)OCCCC[C@@H](C)Oc4ccc(NC(=O)C5CCCCC5)cc4C1=O'],,,,,
2017,BRD-K11677408,['60184960'],['CN(C)C(=O)c1cccc(c1)-c1ccc(cc1)[C@@H]1[C@@H]2CNC[C@H]1N2C(=O)Nc1cccc(Cl)c1'],,,,,
2018,BRD-K11679888,['60185124'],['Cc1cccc(c1)-c1ccc(cc1)[C@@H]1[C@H]2CN(C[C@@H]1N2)C(=O)Nc1ccccc1'],,,,,
2019,BRD-K11689127,['71759003'],['COc1ccc2c3c([C@H](CO)N(Cc4cccnc4)C[C@]33CCN(CC3)C(=O)NC(C)C)n(C)c2c1'],,,,,
2020,BRD-K11719436,['54651251'],['COCC(=O)NC[C@@H]1[C@@H]([C@@H](CO)N1C(=O)c1ccccc1)c1ccccc1'],,,,,
2021,BRD-K11721480,['54646174'],['OC[C@H]1O[C@@H](CC(=O)NCC(F)(F)F)C[C@H]2[C@@H]1Oc3ccc(NC(=O)C4CCOCC4)cc23'],,,,,
2022,BRD-K11724909,['54646187'],['COc1ccccc1CNC(=O)C[C@@H]2C[C@@H]3[C@@H](Oc4ccc(NS(=O)(=O)c5ccc(F)cc5)cc34)[C@H](CO)O2'],,,,,
2023,BRD-K11742792,['60191119'],['CC(C)C#Cc1ccc(cc1)[C@@H]1[C@@H](CO)N2[C@@H]1CN(CC2=O)S(=O)(=O)c1ccccc1'],,,,,
2024,BRD-K11746559,['44617026'],['C[C@@H](CO)N1C[C@H](C)[C@@H](CN(C)C(=O)c2ccncc2)OCCCC[C@@H](C)Oc3ccc(NC(=O)c4ccncc4)cc3C1=O'],,,,,
2025,BRD-K11749439,['54654509'],['CN1[C@@H]2CC[C@H](CC(=O)NC3CCCCC3)O[C@@H]2COc2ccc(NS(C)(=O)=O)cc2C1=O'],,,,,
2026,BRD-K11757396,['53338804'],['S=P(c1cn(Cc2ccccc2)c2cccc[n+]12)(c1ccccc1)c1ccccc1'],,,,,
2027,BRD-K11759662,['44483946'],['C[C@H](CO)N1C[C@H](C)[C@H](CN(C)C(=O)Nc2ccccc2)OCCCC[C@H](C)Oc3ccc(NC(=O)C4CCCCC4)cc3C1=O'],,,,,
2028,BRD-K11778076,['46907727'],['NC(=O)C1CCN(CC1)c1nc(cs1)-c1ccc(N)cc1'],,,,,
2029,BRD-K11778372,['44202572'],['C[C@H](CO)N1C[C@H](C)[C@H](CN(C)Cc2ccccc2)Oc3ccc(NC(=O)Nc4ccc(F)cc4)cc3C1=O'],,,,,
2030,BRD-K11787592,['54637991'],['COc1cccc(NC(=O)N(C)C[C@@H]2OCc3ccccc3-c4c(C(=O)N(C[C@@H]2C)[C@H](C)CO)n(C)c5ccccc45)c1'],,,,,
2031,BRD-K11792293,['54618575'],['C[C@@H](CO)N1C[C@@H](C)[C@H](CN(C)C)Oc2cc(C#Cc3ccccn3)ccc2S1(=O)=O'],,,,,
2032,BRD-K11795542,['44498604'],['C[C@@H](CO)N1C[C@@H](C)[C@@H](CN(C)C(=O)NC2CCCCC2)OCCCC[C@@H](C)Oc3ccc(NC(=O)C4CCCCC4)cc3C1=O'],,,,,
2033,BRD-K11826883,['44618123'],['C[C@H](CO)N1C[C@H](C)[C@H](CN(C)C(=O)Nc2ccc(cc2)C(F)(F)F)OCCCC[C@H](C)Oc3ccc(NC(=O)Nc4cccc5ccccc45)cc3C1=O'],,,,,
2034,BRD-K11833731,['54646092'],['OC[C@H]1O[C@H](CC(=O)N2CCOCC2)C[C@H]3[C@@H]1Oc4ccc(NC(=O)Nc5ccccc5F)cc34'],,,,,
2035,BRD-K11840410,['60184825'],['C\\C=C\\c1ccc(cc1)[C@@H]1[C@@H]2CNC[C@H]1N2C(=O)Nc1ccc(cc1)C(F)(F)F'],,,,,
2036,BRD-K11841836,['2191501'],['Cc1nc2ccc(NC(=S)NCCCO)cc2nc1C'],,,,,
2037,BRD-K11847435,['54660894'],['COc1ccc(cc1)-c1ccc2[C@H]3[C@H]([C@H](CO)[C@@H](Cn2c1=O)N3C(=O)c1cnccn1)C(=O)N(C)C'],,,,,
2038,BRD-K11857988,['54654258'],['CN1[C@@H]2CC[C@H](CC(=O)Nc3cn(C)nc3C)O[C@H]2COc2ccc(NC(=O)c3cccc(F)c3)cc2C1=O'],,,,,
2039,BRD-K11868205,['54638638'],['OC[C@H]1O[C@H](CC(=O)NCc2ccc(Cl)c(Cl)c2)C=C[C@H]1NS(=O)(=O)c1ccccc1'],,,,,
2040,BRD-K11877130,['56835334'],['C[C@@H](CO)N1C[C@H](C)[C@@H](CN(C)S(=O)(=O)c2cccc(C#N)c2)OCc3ccccc3-c4c(C1=O)n(C)c5ccccc45'],,,,,
2041,BRD-K11883928,['44492634'],['C[C@H](CO)N1C[C@H](C)[C@H](CN(C)S(=O)(=O)C)OCCCC[C@H](C)Oc2ccc(NS(=O)(=O)c3ccccc3)cc2C1=O'],,,,,
2042,BRD-K11901011,['54631824'],['CO[C@@H]1CN(C)C(=O)c2cc(NC(C)=O)ccc2OC[C@H](C)N(C[C@H]1C)C(=O)c1cnccn1'],,,,,
2043,BRD-K11901207,['56835395'],['C[C@@H](CO)N1C[C@@H](C)[C@H](CN(C)C(=O)[C@H]2CCCN2C)OCc3ccccc3-c4c(C1=O)n(C)c5ccccc45'],,,,,
2044,BRD-K11911738,['54664881'],['COc1ccc(cc1)-c1ccc2N[C@@H](CO)[C@H]3CCN(Cc4cncnc4)[C@H]3c2c1'],,,,,
2045,BRD-K11913456,['54664836'],['CN1[C@H](CO)[C@@H]2CCN([C@@H]2c2cc(Br)ccc12)C(=O)CN1CCOCC1'],,,,,
2046,BRD-K11928012,['44142168'],['COc1cccc(Nc2ccc(cc2)N3CCCCC3)c1OC'],,,,,
2047,BRD-K11932360,['60185088'],['COc1ccc2c3c([nH]c2c1)[C@H](CO)N(C[C@]31CCN(CC2CCCC2)CC1)C(=O)CN1CCOCC1'],,,,,
2048,BRD-K11943259,['54664996'],['COc1cccc(c1)-c1ccc2N[C@H](CO)[C@@H]3CCN([C@@H]3c2c1)C(=O)c1cnccn1'],,,,,
2049,BRD-K11957311,['44505829'],['C[C@@H](CO)N1C[C@@H](C)[C@H](CN(C)C(=O)Nc2ccc(cc2)C(F)(F)F)OCc3cnnn3CCCC1=O'],,,,,
2050,BRD-K11957915,['60189752'],['CCC(=O)N1[C@H](CO)[C@H](c2ccccc2)C11CN(C1)C(=O)CN1CCOCC1'],,,,,
2051,BRD-K11970601,['54664884'],['CN1[C@H](CO)[C@H]2CCN([C@H]2c2cc(ccc12)C#Cc1cccnc1)C(=O)C1CCCCC1'],,,,,
2052,BRD-K11977286,['54649527'],['CO[C@H]1CC[C@H]2CCN(C)C(=O)[C@H](C)[C@H](CN(C)C(=O)c3cc(ccc3OC[C@H]1O2)C#N)OC'],,,,,
2053,BRD-K11981252,['287263'],['OC(=O)CCC(=O)Nc1ccccc1C(=O)O'],,,,,
2054,BRD-K11987803,['6166563'],['OS(=O)(=O)CCN1C(=S)S\\C(=C/c2cn(nc2-c2ccc(cc2)S(=O)(=O)N2CCCCC2)-c2ccccc2)C1=O'],,,,,
2055,BRD-K11989341,['71760552'],['COc1ccc2c3c([C@@H](CO)N(C[C@]33CCN(C)CC3)S(=O)(=O)c3cn(C)cn3)n(C)c2c1'],,,,,
2056,BRD-K12012973,['54631343'],['COCC(=O)Nc1ccc2OC[C@@H](C)N(Cc3ccccn3)C[C@@H](C)[C@H](CN(C)C(=O)c2c1)OC'],,,,,
2057,BRD-K12019169,['54631521'],['CCCN1C[C@H](C)[C@H](CN(C)C(=O)c2cc(NC(=O)c3cnccn3)ccc2OC[C@@H]1C)OC'],,,,,
2058,BRD-K12025316,['60191610'],['COCC(=O)N1CC2(C1)[C@H]([C@@H](CO)N2C(=O)C1CC1)c1ccc(cc1)-c1cccc(C)c1'],,,,,
2059,BRD-K12027235,['60185138'],['Fc1cccc(CN2C[C@H]3N[C@@H](C2)[C@@H]3c2ccc(\\C=C\\c3ccccc3)cc2)c1'],,,,,
2060,BRD-K12057275,['44505035'],['C[C@H](CO)N1C[C@@H](C)[C@H](CN(C)Cc2cccc(C)c2)OCc3cnnn3CCCC1=O'],,,,,
2061,BRD-K12067499,['54666450'],['COCC#Cc1ccc(cc1)[C@H]1[C@@H](CO)N2CCCCN(C[C@H]12)C(=O)NC1CCCC1'],,,,,
2062,BRD-K12089955,['54631466'],['CO[C@@H]1CN(C)C(=O)c2ccc(NC(=O)c3ccc4OCOc4c3)cc2OC[C@@H](C)N(CCC(F)(F)F)C[C@H]1C'],,,,,
2063,BRD-K12091863,['54618535'],['C[C@@H](CO)N1C[C@H](C)[C@H](CN(C)S(=O)(=O)c2cccc(F)c2)Oc3cc(C#CCN(C)C)ccc3S1(=O)=O'],,,,,
2064,BRD-K12092185,['54618292'],['C[C@H](CO)N1C[C@H](C)[C@H](CN(C)C(=O)Nc2ccc(cc2)C(F)(F)F)Oc3ncc(cc3C1=O)c4ccc(C#N)cc4'],,,,,
2065,BRD-K12105018,['1721551'],['Cc1c(NC(=O)COc2ccc(Br)cc2)cccc1c3nc4cc(Cl)ccc4o3'],,,,,
2066,BRD-K12108140,['54618636'],['C[C@@H](O)C#Cc1cnc2O[C@@H](CN(C)C(=O)Cc3ccncc3)[C@H](C)CN([C@@H](C)CO)C(=O)c2c1'],,,,,
2067,BRD-K12117859,['44502468'],['C[C@H](CO)N1C[C@H](C)[C@@H](CN(C)C(=O)c2ccccc2)OCCCC[C@@H](C)Oc3ccc(NC(=O)c4ccncc4)cc3C1=O'],,,,,
2068,BRD-K12124649,['60191088'],['OC[C@H]1[C@@H]([C@@H]2CN(CC(=O)N12)C(=O)C1CCOCC1)c1ccc(cc1)C#CC1CCCCC1'],,,,,
2069,BRD-K12126940,['60185262'],['COc1ccc2c3c([C@@H](CO)N(C[C@]33CCN(Cc4ccccn4)CC3)C(=O)Nc3ccc(F)cc3)n(C)c2c1'],,,,,
2070,BRD-K12132598,['46903778'],['C[C@@H](CO)N1C[C@H](C)[C@H](CN(C)C(=O)NC2CCCCC2)OCCCC[C@H](C)Oc3ccc(NC(=O)Cc4ccccc4)cc3C1=O'],,,,,
2071,BRD-K12159290,['54646465'],['COCC(=O)Nc1ccc2O[C@H]3[C@H](C[C@@H](CC(=O)NCc4ccccc4F)O[C@H]3CO)c2c1'],,,,,
2072,BRD-K12163240,['54618288'],['C[C@@H](CO)N1C[C@H](C)[C@@H](CN(C)Cc2ccccc2F)Oc3ncc(cc3C1=O)C4=CCCC4'],,,,,
2073,BRD-K12165191,['44486368'],['C[C@@H](CO)N1C[C@@H](C)[C@H](CN(C)Cc2ccc(Cl)c(Cl)c2)OCc3cn(CCCC1=O)nn3'],,,,,
2074,BRD-K12168891,['1034641'],['Cc1ccc(cc1)n2c(N)c(C#N)c(c(C#N)c2=O)c3ccc(Cl)cc3'],,,,,
2075,BRD-K12177722,['54651470'],['CN(C[C@H]1[C@@H]([C@@H](CO)N1C(C)=O)c1ccc(cc1)-c1ccc(F)cc1)C(C)=O'],,,,,
2076,BRD-K12182524,['44488863'],['C[C@@H](CO)N1C[C@@H](C)[C@H](CN(C)Cc2ccc(cc2)C(F)(F)F)Oc3ccc(NC(=O)Nc4ccccc4)cc3C1=O'],,,,,
2077,BRD-K12189280,['49842975'],['C[C@@H](CO)N1C[C@@H](C)[C@H](CN(C)C(=O)c2ccncc2)OCCCC[C@H](C)Oc3ccc(NC(=O)c4ccccc4)cc3C1=O'],,,,,
2078,BRD-K12216461,['54650083'],['CCCC#Cc1ccc(cc1)[C@H]1[C@@H](CO)N([C@@H]1C#N)S(C)(=O)=O'],,,,,
2079,BRD-K12227848,['54651253'],['COCC(=O)NC[C@H]1[C@@H]([C@H](CO)N1C(=O)c1ccccc1)c1ccccc1'],,,,,
2080,BRD-K12238169,['12425537'],['Cn1c(N)c(C#N)c(c(C#N)c1=O)c2ccccc2'],,,,,
2081,BRD-K12241427,['54654515'],['CN1[C@H]2CC[C@H](CC(=O)NCC3CCCCC3)O[C@H]2COc2ccc(NC(=O)C3CCOCC3)cc2C1=O'],,,,,
2082,BRD-K12249810,['44488307'],['C[C@@H](CO)N1C[C@@H](C)[C@H](CN(C)Cc2ccc(cc2)C(F)(F)F)Oc3ccc(NC(=O)Nc4c(C)noc4C)cc3C1=O'],,,,,
2083,BRD-K12266212,['23760093'],['COC(=O)c1cn(nn1)c2cccc(N)c2'],,,,,
2084,BRD-K12279187,['54657995'],['CN1CCN(CC1)C(=O)C[C@@H]1CC[C@H]2[C@@H](COC[C@@H](O)CN2S(=O)(=O)c2ccccc2C)O1'],,,,,
2085,BRD-K12285126,['49843260'],['C[C@H](CO)N1C[C@@H](C)[C@H](CN(C)S(=O)(=O)c2ccc(C)cc2)OCCCC[C@H](C)Oc3ccc(NC(=O)Nc4ccccc4)cc3C1=O'],,,,,
2086,BRD-K12302379,['60191038'],['OC[C@@H]1[C@@H]([C@@H]2CN(CC(=O)N12)C(=O)Nc1ccc(F)cc1)c1ccc(cc1)-c1cccc(F)c1'],,,,,
2087,BRD-K12309677,['54646488'],['C[C@H](NC(=O)C[C@H]1C[C@@H]2[C@@H](Oc3ccc(NC(=O)NC4CCCCC4)cc23)[C@@H](CO)O1)c5ccccc5'],,,,,
2088,BRD-K12309761,['60184875'],['N#Cc1ccc(cc1)-c1ccc(cc1)[C@H]1[C@@H]2CNC[C@H]1N2Cc1ccc2OCOc2c1'],,,,,
2089,BRD-K12331173,['44505327'],['C[C@@H](CO)N1C[C@@H](C)[C@@H](CN(C)S(=O)(=O)c2ccc(C)cc2)OCc3cnnn3CCCC1=O'],,,,,
2090,BRD-K12342133,['54664906'],['CN1[C@H](CO)[C@H]2CCN([C@H]2c2cc(ccc12)-c1cccc(F)c1)C(=O)C1CCOCC1'],,,,,
2091,BRD-K12345237,['54615072'],['C[C@H](CO)N1C[C@H](C)[C@@H](CN(C)CC2CCCCC2)OCCCC[C@H](C)Oc3ccc(NC(=O)c4ccncc4)cc3C1=O'],,,,,
2092,BRD-K12360898,['54647195'],['OC[C@H]1O[C@@H](CC(=O)NCc2ccccn2)C[C@H]3[C@@H]1Oc4ccc(NC(=O)Nc5ccc(cc5)C(F)(F)F)cc34'],,,,,
2093,BRD-K12362628,['54646294'],['OC[C@H]1O[C@@H](CC(=O)NCc2cc(F)ccc2F)C[C@@H]3[C@H]1Oc4ccc(NC(=O)Nc5ccc(cc5)C(F)(F)F)cc34'],,,,,
2094,BRD-K12365616,['54657668'],['O[C@@H]1COC[C@H]2O[C@@H](CC(=O)N3CCCCC3)CC[C@@H]2N(C1)C(=O)c1ccc(F)cc1'],,,,,
2095,BRD-K12382140,['54654565'],['COC(=O)C[C@H]1CC[C@@H]2[C@H](COc3ccc(NC(=O)Cc4cccs4)cc3C(=O)N2C)O1'],,,,,
2096,BRD-K12388484,['54657636'],['CN(C)C(=O)C[C@@H]1CC[C@@H]2[C@H](COC[C@@H](O)CN2Cc2ccc(cc2)C(F)(F)F)O1'],,,,,
2097,BRD-K12393722,['15945539'],['Cc1onc(C(=O)N2CCN(CC2)C(c3ccccc3)c4ccccc4)c1[N+](=O)[O-]'],,,,,
2098,BRD-K12395425,['54650039'],['CCS(=O)(=O)N1[C@@H](CO)[C@@H]([C@H]1C#N)c1ccc(cc1)-c1cccc(F)c1'],,,,,
2099,BRD-K12401458,['49835928'],['COCC\\N=C1/S\\C(=C/c2cc(C)n(c2C)-c2ccc(F)cc2F)C(=O)N1C'],,,,,
2100,BRD-K12402761,['44483832'],['CNC[C@H]1OCCCC[C@@H](C)Oc2ccc(NS(=O)(=O)c3cccs3)cc2C(=O)N(C[C@@H]1C)[C@H](C)CO'],,,,,
2101,BRD-K12405591,['54654464'],['CCS(=O)(=O)Nc1ccc2OC[C@@H]3O[C@H](CC(=O)NCc4ccccc4F)CC[C@H]3N(C)C(=O)c2c1'],,,,,
2102,BRD-K12411600,['54657612'],['O[C@H]1COC[C@H]2O[C@@H](CC(=O)NCc3ccc(Cl)cc3)CC[C@@H]2N(Cc2cc(F)ccc2F)C1'],,,,,
2103,BRD-K12411950,['44484018'],['C[C@H](CO)N1C[C@@H](C)[C@H](CN(C)Cc2ccncc2)Oc3ccc(NC(=O)Cc4cn(C)c5ccccc45)cc3C1=O'],,,,,
2104,BRD-K12415987,['56835480'],['C[C@@H](CO)N1C[C@@H](C)[C@H](CN(C)S(=O)(=O)c2c(C)noc2C)OCc3ccccc3-c4ccccc4C1=O'],,,,,
2105,BRD-K12441425,['54646253'],['OC[C@H]1O[C@@H](CC(=O)NCc2ccccn2)C[C@H]3[C@@H]1Oc4ccc(NC(=O)c5ccc6OCOc6c5)cc34'],,,,,
2106,BRD-K12450081,['44496328'],['C[C@@H](CO)N1C[C@@H](C)[C@@H](CN(C)Cc2ccc(cc2)C(F)(F)F)Oc3ccc(NC(=O)Nc4c(C)noc4C)cc3CC1=O'],,,,,
2107,BRD-K12482929,['71371555'],['Cc1c(O)c(O)cc(O)c1CCN'],,,,,
2108,BRD-K12483497,['54645834'],['OC[C@H]1O[C@H](CC(=O)N2CCc3ccccc3C2)C[C@@H]4[C@H]1Oc5ccc(NC(=O)Nc6ccc(cc6)C(F)(F)F)cc45'],,,,,
2109,BRD-K12484704,['54657543'],['C[C@@H](NC(=O)C[C@H]1CC[C@H]2[C@@H](COC[C@@H](O)CN2C(=O)Nc2cccc(Cl)c2)O1)c1ccccc1'],,,,,
2110,BRD-K12484748,['44617370'],['C[C@H](CO)N1C[C@H](C)[C@H](CN(C)C(=O)NC2CCCCC2)OCCCC[C@H](C)Oc3ccc(NC(=O)Nc4ccc(cc4)C(F)(F)F)cc3C1=O'],,,,,
2111,BRD-K12497208,['44485074'],['C[C@H](CO)N1C[C@H](C)[C@@H](CN(C)C(=O)Nc2cccc3ccccc23)OCc4cn(CCCC1=O)nn4'],,,,,
2112,BRD-K12506756,['54654281'],['CN1[C@@H]2CC[C@@H](CC(=O)N3CCOCC3)O[C@@H]2COc2ccc(NC(=O)c3ccc(F)c(F)c3)cc2C1=O'],,,,,
2113,BRD-K12511144,['54654100'],['COc1ccc(CNC(=O)C[C@@H]2CC[C@@H]3[C@@H](COc4ccc(NC(=O)C(C)C)cc4C(=O)N3C)O2)cc1'],,,,,
2114,BRD-K12515921,['54652433'],['Cc1cccc(c1)S(=O)(=O)N1C[C@H]2[C@H]([C@@H](CO)N2C(=O)C2CC2)c2ccccc12'],,,,,
2115,BRD-K12524159,['54651363'],['CN(C[C@H]1[C@H]([C@@H](CO)N1C(C)=O)c1ccccc1)S(=O)(=O)c1ccccc1'],,,,,
2116,BRD-K12540328,['23648021'],['COc1ccccc1Nc2nc(NCCO)nc(n2)N3CCCC3'],,,,,
2117,BRD-K12559526,['44494504'],['CC(C)NC(=O)Nc1ccc2O[C@@H](C)CCCCO[C@@H](CN(C)C(=O)CCC(F)(F)F)[C@@H](C)CN([C@@H](C)CO)C(=O)c2c1'],,,,,
2118,BRD-K12562048,['60191323'],['OC[C@@H]1[C@H]([C@@H]2CNCC(=O)N12)c1ccc(cc1)-c1ccc(cc1)C#N'],,,,,
2119,BRD-K12564766,['54639120'],['Cc1ccc(cc1)S(=O)(=O)N[C@@H]1CC[C@@H](CCNC(=O)c2ccccc2F)O[C@H]1CO'],,,,,
2120,BRD-K12570990,['56835285'],['C[C@@H](CO)N1C[C@@H](C)[C@H](CN(C)S(=O)(=O)c2cccs2)OCc3ccccc3-c4c(C1=O)n(C)c5ccccc45'],,,,,
2121,BRD-K12575545,['54657654'],['COc1ccccc1CNC(=O)C[C@H]1CC[C@H]2[C@@H](COC[C@@H](O)CN2C(=O)Nc2ccc(F)cc2)O1'],,,,,
2122,BRD-K12579869,['25243728'],['C[C@@H]1CN(CCN1S(=O)(=O)c2ccc3OCCOc3c2)S(=O)(=O)c4c(F)cccc4F'],,,,,
2123,BRD-K12584650,['44484513'],['C[C@@H](CO)N1C[C@@H](C)[C@H](CN(C)C(=O)c2cc(on2)c3ccccc3)OCc4cn(CCCC1=O)nn4'],,,,,
2124,BRD-K12598223,['6729207'],['COc1ccc(C#Cc2ccc3NC(=O)[C@@]4([C@H]([C@H]5N([C@H]4c6ccccc6OCCO)[C@@H]([C@@H](OC5=O)c7ccccc7)c8ccccc8)C(=O)N9CCCCCCC9)c3c2)cc1'],,,,,
2125,BRD-K12601591,['44484302'],['C[C@H](CO)N1C[C@H](C)[C@@H](CN(C)C)Oc2ccc(NS(=O)(=O)c3ccccc3)cc2C1=O'],,,,,
2126,BRD-K12604570,['60184988'],['FC(F)(F)c1ccc(NC(=O)N2C[C@H]3N[C@@H](C2)[C@H]3c2ccc(cc2)-c2cccc(c2)C#N)cc1'],,,,,
2127,BRD-K12610781,['54631294'],['CO[C@H]1CN(C)C(=O)c2ccc(NS(=O)(=O)c3ccc(Oc4ccccc4)cc3)cc2OC[C@@H](C)NC[C@@H]1C'],,,,,
2128,BRD-K12621773,['44629412'],['Cc1ccc(cc1)c2c(C#N)c(N)n(c3ccccc3C)c(=O)c2C#N'],,,,,
2129,BRD-K12623437,['2998659'],['O=C(COC(=O)C1(CC2CC3CC(C2)C1)C3)NCc4ccco4'],,,,,
2130,BRD-K12654187,['60185062'],['COCC(=O)N1C[C@]2(CN(Cc3ccc(Cl)cc3)C2)c2c([nH]c3cc(OC)ccc23)[C@@H]1CO'],,,,,
2131,BRD-K12655851,['60191155'],['OC[C@H]1[C@@H]([C@@H]2CN(CC(=O)N12)C(=O)Cc1cccnc1)c1ccc(cc1)C1=CCCCC1'],,,,,
2132,BRD-K12668859,['54646677'],['COc1ccccc1CNC(=O)C[C@@H]2C[C@H]3[C@H](Oc4ccc(NC(=O)CN(C)C)cc34)[C@H](CO)O2'],,,,,
2133,BRD-K12676148,['60184963'],['CN(C)C(=O)c1cccc(c1)-c1ccc(cc1)[C@@H]1[C@@H]2CNC[C@H]1N2Cc1ccccc1C(F)(F)F'],,,,,
2134,BRD-K12678780,['54654412'],['CN1[C@H]2CC[C@@H](CC(=O)NCCc3ccncc3)O[C@H]2COc2ccc(NC(=O)C3CCOCC3)cc2C1=O'],,,,,
2135,BRD-K12682252,['44505424'],['C[C@H](CO)N1C[C@@H](C)[C@@H](CN(C)C(=O)Nc2ccnc(c2)N3CCOCC3)OCc4cnnn4CCCC1=O'],,,,,
2136,BRD-K12683703,['44491938'],['C[C@@H](CO)N1C[C@@H](C)[C@@H](CN(C)Cc2ccc(cc2)C(=O)O)Oc3c(NC(=O)NC4CCCCC4)cccc3C1=O'],,,,,
2137,BRD-K12690157,['60138121'],['Cc1cc(C)nc(NC(=S)N2CCN(CC2)c2ccc(cn2)C(F)(F)F)c1'],,,,,
2138,BRD-K12695722,['60185119'],['CCS(=O)(=O)N1C[C@@]2(C1)CN([C@@H](CO)c1c2c2ccc(OC)cc2n1C)S(=O)(=O)c1ccccc1'],,,,,
2139,BRD-K12707296,['2321431'],['Cc1nn(c(N)c1Sc2ccc(F)cc2)c3nc(C)cc(C)n3'],,,,,
2140,BRD-K12718908,['54638875'],['OC[C@@H]1O[C@H](CCNC(=O)C2CCC2)CC[C@H]1NC(=O)CN1CCOCC1'],,,,,
2141,BRD-K12729417,['60191434'],['CS(=O)(=O)N1C[C@@H]2[C@@H]([C@H](CO)N2C(=O)C1)c1ccc(cc1)C#Cc1ccc(F)cc1'],,,,,
2142,BRD-K12738359,['54654581'],['COc1ccccc1C(=O)Nc1ccc2OC[C@H]3O[C@@H](CC(=O)NCCc4ccncc4)CC[C@H]3N(C)C(=O)c2c1'],,,,,
2143,BRD-K12743465,['60189713'],['COc1ccc2c3c([nH]c2c1)[C@@H](CO)N(C)C[C@]31CN(C1)C(=O)C1CC1'],,,,,
2144,BRD-K12744202,['54615040'],['C[C@@H](CO)N1C[C@@H](C)[C@@H](CN(C)Cc2ccccc2)OCCCC[C@@H](C)Oc3ccc(NC(=O)c4ccncc4)cc3C1=O'],,,,,
2145,BRD-K12744550,['60184985'],['O=C(Cc1ccncc1)N1C[C@H]2N[C@@H](C1)[C@H]2c1ccc(\\C=C\\c2ccccc2)cc1'],,,,,
2146,BRD-K12791594,['54639063'],['OC[C@@H]1O[C@H](CC(=O)NCc2ccc(Oc3ccccc3)cc2)C=C[C@@H]1NC(=O)c1ccccc1'],,,,,
2147,BRD-K12805419,['54661207'],['OC[C@H]1[C@@H]2Cn3c(ccc(-c4cccnc4)c3=O)[C@@H]2N(Cc2cocn2)[C@@H]1C(=O)NCc1ccccc1'],,,,,
2148,BRD-K12805559,['53382781'],['O[C@@H]1COC[C@@H]2O[C@@H](CC(=O)NCCc3ccccc3)CC[C@H]2N(Cc2ccc(Cl)cc2)C1'],,,,,
2149,BRD-K12814321,['44142164'],['C/C(=C\\c1cc2ccccc2o1)/C3Nc4cccc5cccc(N3)c45'],,,,,
2150,BRD-K12815005,['54618560'],['C[C@@H](CO)N1C[C@H](C)[C@@H](CN(C)Cc2cncnc2)Oc3cc(C#CC4CCCC4)ccc3S1(=O)=O'],,,,,
2151,BRD-K12826563,['54638395'],['COc1ccccc1S(=O)(=O)N[C@H]1CC[C@@H](CCNC(=O)C2CCOCC2)O[C@H]1CO'],,,,,
2152,BRD-K12827775,['54637890'],['C[C@H](CO)N1C[C@H](C)[C@H](CN(C)S(=O)(=O)C)OCc2ccccc2-c3ccccc3C1=O'],,,,,
2153,BRD-K12834930,['54618605'],['C[C@H](CO)N1C[C@@H](C)[C@@H](CN(C)Cc2cccc(F)c2)Oc3ncc(C#CC(C)(C)O)cc3C1=O'],,,,,
2154,BRD-K12837223,['44494623'],['C[C@H](CO)N1C[C@@H](C)[C@H](CN(C)C)OCCCC[C@@H](C)Oc2ccc(NC(=O)Nc3ccc(cc3)C(F)(F)F)cc2C1=O'],,,,,
2155,BRD-K12857449,['54639159'],['OC[C@H]1O[C@H](CC(=O)NCc2ccccc2Cl)CC[C@H]1NC(=O)C1CCOCC1'],,,,,
2156,BRD-K12858756,['54657859'],['COc1ccc(cc1)S(=O)(=O)N1C[C@H](O)COC[C@@H]2O[C@H](CC(=O)N[C@@H]3CCN(Cc4ccccc4)C3)CC[C@@H]12'],,,,,
2157,BRD-K12862164,['60190950'],['COc1cccc(NC(=O)N2C[C@H]3[C@@H]([C@@H](CO)N3C(=O)C2)c2ccc(cc2)C#CCC2CCCC2)c1'],,,,,
2158,BRD-K12868556,['54646299'],['OC[C@@H]1O[C@H](CC(=O)N2CCc3ccccc3C2)C[C@@H]4[C@H]1Oc5ccc(NC(=O)Cc6ccncc6)cc45'],,,,,
2159,BRD-K12878711,['54625177'],['C/C=C/c1ccc2c(O[C@@H](CN(C)C(=O)c3ccc(F)cc3)[C@H](C)CN([C@@H](C)CO)S2(=O)=O)c1'],,,,,
2160,BRD-K12882397,['54631627'],['CO[C@H]1CN(C)C(=O)c2cc(NS(=O)(=O)CC(F)(F)F)ccc2OC[C@H](C)N(CC2CCCCC2)C[C@H]1C'],,,,,
2161,BRD-K12884539,['54639020'],['CN1CCN(CC1)C(=O)C[C@H]1CC[C@@H](NC(=O)c2ccc3OCOc3c2)[C@@H](CO)O1'],,,,,
2162,BRD-K12888055,['54638438'],['COc1ccccc1CNC(=O)C[C@H]1O[C@@H](CO)[C@H](NC(=O)CN(C)C)C=C1'],,,,,
2163,BRD-K12896711,['54632077'],['CO[C@H]1CN(C)C(=O)c2ccc(NS(=O)(=O)c3ccccc3C)cc2OC[C@H](C)N(C)C[C@H]1C'],,,,,
2164,BRD-K12907790,['54654175'],['COc1cccc(CNC(=O)C[C@@H]2CC[C@H]3[C@@H](COc4ccc(NC(=O)c5cccs5)cc4C(=O)N3C)O2)c1'],,,,,
2165,BRD-K12912249,['60190960'],['OC[C@@H]1[C@H]([C@H]2CN(CC(=O)N12)C(=O)c1cnccn1)c1ccc(cc1)-c1cccc(F)c1'],,,,,
2166,BRD-K12916986,['60189823'],['CCCC(=O)N1C[C@]2(CN(C2)S(C)(=O)=O)c2c([nH]c3cc(OC)ccc23)[C@H]1CO'],,,,,
2167,BRD-K12942263,['54618654'],['COc1ccc(NC(=O)N(C)C[C@@H]2Oc3cc(ccc3S(=O)(=O)N(C[C@@H]2C)[C@@H](C)CO)c4cccc(c4)C(=O)N(C)C)cc1'],,,,,
2168,BRD-K12957211,['44505020'],['C[C@H](CO)N1C[C@@H](C)[C@@H](CN(C)Cc2ccc(cc2)c3ccccc3)OCc4cn(CCCC1=O)nn4'],,,,,
2169,BRD-K12961950,['60191272'],['CCCC#Cc1ccc(cc1)[C@@H]1[C@H](CO)N2[C@H]1CN(CC2=O)C(=O)Nc1cccc(F)c1'],,,,,
2170,BRD-K12968907,['60187466'],['CCCC(=O)N1C[C@@]2(C1)CN(Cc1ccccc1F)[C@@H](CO)c1c2c2ccc(OC)cc2n1C'],,,,,
2171,BRD-K12970833,['54638764'],['CC(C)NC(=O)NCC[C@H]1CC[C@@H](NS(=O)(=O)c2ccc(Oc3ccccc3)cc2)[C@H](CO)O1'],,,,,
2172,BRD-K12973880,['54628724'],['C[C@H](CO)N1C[C@H](C)[C@@H](CN(C)Cc2ccccc2)Oc3cc(ccc3S1(=O)=O)C4=CCCCC4'],,,,,
2173,BRD-K12974237,['54654204'],['CN1[C@H]2CC[C@H](CC(=O)NCc3ccc(cc3)-c3ccccc3)O[C@@H]2COc2ccc(NC(=O)Cc3cccs3)cc2C1=O'],,,,,
2174,BRD-K12977357,['54665097'],['CC(C)NC(=O)N1CC[C@H]2[C@@H]1c1cc(Br)ccc1N(C)[C@H]2CO'],,,,,
2175,BRD-K12980773,['54654607'],['CN1[C@@H]2CC[C@@H](CC(=O)N[C@H]3CCN(Cc4ccccc4)C3)O[C@H]2COc2ccc(NC(=O)Cc3cccs3)cc2C1=O'],,,,,
2176,BRD-K12981857,['54661304'],['CC(=O)N1[C@H]2Cn3c(cccc3=O)[C@@H]1[C@@H]([C@H]2CO)C(=O)NC1CCCC1'],,,,,
2177,BRD-K12985993,['60185015'],['COc1ccc2c3c([nH]c2c1)[C@H](CO)N(C[C@]31CN(C1)C(=O)c1ccccn1)C(=O)C1CCC1'],,,,,
2178,BRD-K12988428,['54632011'],['CO[C@@H]1CN(C)C(=O)c2ccc(NS(=O)(=O)c3ccccc3F)cc2OC[C@H](C)NC[C@@H]1C'],,,,,
2179,BRD-K13000360,['56835564'],['C[C@@H](CO)N1C[C@@H](C)[C@H](CN(C)C(=O)[C@@H](Cc2ccccc2)N(C)C)OCc3ccccc3-c4ccccc4C1=O'],,,,,
2180,BRD-K13002201,['54639013'],['OC[C@@H]1O[C@H](CC(=O)NCC2CC2)CC[C@@H]1NC(=O)C1CCC1'],,,,,
2181,BRD-K13005651,['54650444'],['OC[C@H]1[C@@H]([C@H](C#N)N1C(=O)CN1CCOCC1)c1ccc(cc1)C1=CCCCC1'],,,,,
2182,BRD-K13007539,['54654278'],['CN1[C@@H]2CC[C@H](CC(=O)N3CCOCC3)O[C@H]2COc2ccc(NC(=O)c3ccc(F)c(F)c3)cc2C1=O'],,,,,
2183,BRD-K13012097,['54651225'],['COCCN(C[C@@H]1[C@H]([C@H](CO)N1C(=O)C1CCC1)c1ccccc1)C(C)=O'],,,,,
2184,BRD-K13012607,['54638739'],['OC[C@@H]1O[C@H](CC(O)=O)C=C[C@H]1NC(=O)c1ccccc1F'],,,,,
2185,BRD-K13019660,['54646664'],['CN(C)c1ccc2O[C@@H]3[C@@H](C[C@@H](CC(=O)NCc4ccncc4)O[C@@H]3CO)c2c1'],,,,,
2186,BRD-K13028566,['44493847'],['C[C@H](CO)N1C[C@@H](C)[C@@H](CN(C)Cc2ccc(Cl)c(Cl)c2)Oc3ccc(NC(=O)CCN4CCOCC4)cc3C1=O'],,,,,
2187,BRD-K13036885,['54651234'],['CCNC[C@@H]1[C@H]([C@@H](CO)N1C(=O)Cc1ccccn1)c1ccccc1'],,,,,
2188,BRD-K13046565,['24747275'],['CC(C)(C)OC(=O)N[C@@H](Cc1ccc(cc1)C(=O)c2ccccc2)C(=O)NCC#C'],,,,,
2189,BRD-K13059597,['54646283'],['OC[C@@H]1O[C@H](CC(=O)NC2CCCCC2)C[C@@H]3[C@H]1Oc4ccc(NC(=O)Nc5ccccc5F)cc34'],,,,,
2190,BRD-K13059702,['60189753'],['CCC(=O)N1[C@@H](CO)[C@@H](c2ccccc2)C11CN(C1)C(=O)CN1CCOCC1'],,,,,
2191,BRD-K13060097,['54637808'],['C[C@H](CO)N1C[C@@H](C)[C@@H](CN(C)C(=O)Nc2ccc3OCOc3c2)OCc4ccccc4-c5ccccc5C1=O'],,,,,
2192,BRD-K13064257,['54666465'],['C[C@@H](O)C#Cc1ccc(cc1)[C@H]1[C@H](CO)N2CCCCN(C[C@H]12)C(=O)c1ccc2OCOc2c1'],,,,,
2193,BRD-K13077924,['25405916'],['COc1cc(\\C=C\\C)ccc1OCc1cn2cccc(C)c2n1'],,,,,
2194,BRD-K13079805,['54649577'],['CO[C@H]1CC[C@H]2CCOc3c(cccc3C(=O)N(C)C[C@H](C)C(=O)N(C)C[C@@H]1O2)C#N'],,,,,
2195,BRD-K13094522,['54661248'],['CCCN1[C@H]([C@H](CO)[C@H]2Cn3c(ccc(-c4ccc(cc4)C(=O)N(C)C)c3=O)[C@@H]12)C(=O)NCCOC'],,,,,
2196,BRD-K13107877,['54654008'],['COc1cccc(NC(=O)C[C@@H]2CC[C@@H]3[C@@H](COc4ccc(NC(=O)C5CCOCC5)cc4C(=O)N3C)O2)c1'],,,,,
2197,BRD-K13109628,['54664982'],['OC[C@H]1Nc2ccc(cc2[C@@H]2[C@H]1CCN2Cc1ccc2OCOc2c1)-c1cccc(c1)C#N'],,,,,
2198,BRD-K13118793,['54649482'],['CO[C@H]1CC[C@@H]2CCN(C)C(=O)[C@H](C)[C@@H](CN(C)C(=O)c3cccc(C#N)c3OC[C@H]1O2)OC'],,,,,
2199,BRD-K13119088,['54654046'],['CN1[C@@H]2CC[C@H](CC(O)=O)O[C@H]2COc2ccc(NC(=O)c3ccc(Cl)cc3)cc2C1=O'],,,,,
2200,BRD-K13131627,['54646355'],['OC[C@@H]1O[C@@H](CC(=O)NCc2cccnc2)C[C@@H]3[C@H]1Oc4ccc(NC(=O)Nc5ccc(cc5)C(F)(F)F)cc34'],,,,,
2201,BRD-K13137954,['54646522'],['CN1CCN(CC1)C(=O)C[C@H]2C[C@H]3[C@H](Oc4ccc(NC(=O)c5ccc6OCOc6c5)cc34)[C@@H](CO)O2'],,,,,
2202,BRD-K13146765,['25199536'],['CSc1nc(nc(n1)c2ccccc2)C(C)C'],,,,,
2203,BRD-K13150695,['71759866'],['CCC(=O)N1C[C@@]2(C1)CN(Cc1cccc(Cl)c1)[C@@H](CO)c1[nH]c3cc(OC)ccc3c21'],,,,,
2204,BRD-K13175698,['60184147'],['COc1ccc2c3c([C@@H](CO)N(Cc4ccccc4Cl)C[C@]33CN(C3)C(=O)CC3CC3)n(C)c2c1'],,,,,
2205,BRD-K13183999,['54660867'],['CCCN1[C@H]([C@H](CO)[C@H]2Cn3c(ccc(-c4ccccc4F)c3=O)[C@@H]12)C(=O)N1CCN(C)CC1'],,,,,
2206,BRD-K13185593,['54646240'],['COc1ccc(NC(=O)Nc2ccc3O[C@@H]4[C@@H](C[C@@H](CC(=O)NCc5ccccn5)O[C@H]4CO)c3c2)cc1'],,,,,
2207,BRD-K13190592,['54639055'],['OC[C@@H]1O[C@H](CCNC(=O)C2CCC2)CC[C@@H]1NS(=O)(=O)Cc1ccccc1'],,,,,
2208,BRD-K13195996,['74709'],['COc1cc(cc(O)c1OC)C(O)=O'],,,,,
2209,BRD-K13199470,['54654367'],['CN1CCN(CC1)C(=O)C[C@H]1CC[C@H]2[C@@H](COc3ccc(NC(=O)C4CCOCC4)cc3C(=O)N2C)O1'],,,,,
2210,BRD-K13205342,['44505531'],['C[C@H](CO)N1C[C@H](C)[C@H](CN(C)S(=O)(=O)c2ccc(C)cc2)OCc3cnnn3CCCC1=O'],,,,,
2211,BRD-K13207999,['44486955'],['C[C@H](CO)N1C[C@@H](C)[C@@H](CN(C)C(=O)c2cc(on2)c3ccccc3)OCc4cn(CCCC1=O)nn4'],,,,,
2212,BRD-K13217265,['49843441'],['COc1ccc(NC(=O)N(C)C[C@@H]2OCCCC[C@H](C)Oc3ccc(NC(=O)C4CCCCC4)cc3C(=O)N(C[C@H]2C)[C@@H](C)CO)cc1'],,,,,
2213,BRD-K13226037,['54625621'],['C/C=C/c1cnc2O[C@@H](CN(C)Cc3ccc(F)cc3)[C@@H](C)CN([C@@H](C)CO)C(=O)c2c1'],,,,,
2214,BRD-K13234528,['54666413'],['OC[C@@H]1[C@H]([C@@H]2CN(CC3CCOCC3)CCCCN12)c1ccc(cc1)C#Cc1ccccc1F'],,,,,
2215,BRD-K13245569,['54660918'],['CN1CCN(CC1)C(=O)[C@H]1[C@H](CO)[C@H]2Cn3c(ccc(\\C=C\\c4ccccc4)c3=O)[C@H]2N1CC1CC1'],,,,,
2216,BRD-K13272610,['54661341'],['CN1[C@@H]([C@@H](CO)[C@@H]2Cn3c(ccc(-c4ccc(F)cc4)c3=O)[C@H]12)C(=O)Nc1ccccc1'],,,,,
2217,BRD-K13275849,['54638872'],['OC[C@H]1O[C@@H](CCNC(=O)C2CCC2)CC[C@@H]1NC(=O)CN1CCOCC1'],,,,,
2218,BRD-K13277629,['20862034'],['COC(=O)c1ccccc1NC(=O)CCCOc1cc(=O)n(C)c2ccccc12'],,,,,
2219,BRD-K13299110,['54649471'],['CC(C)(C)[S@](=O)N1Cc2cc(nc(c2[C@@H]1CCO)-c1cccc(c1)-c1cccc(c1)C#N)C(=O)NCCN1CCCC1'],,,,,
2220,BRD-K13299591,['54638873'],['OC[C@H]1O[C@@H](CCNC(=O)C2CCC2)CC[C@H]1NC(=O)CN1CCOCC1'],,,,,
2221,BRD-K13304927,['54638884'],['Cc1ccccc1S(=O)(=O)NCC[C@H]1CC[C@H](NS(=O)(=O)c2ccccc2C)[C@H](CO)O1'],,,,,
2222,BRD-K13307254,['60191307'],['CC(C)CC#Cc1ccc(cc1)[C@@H]1[C@@H](CO)N2[C@H]1CN(CC2=O)C(=O)Nc1cc(F)ccc1F'],,,,,
2223,BRD-K13308287,['44616733'],['C[C@@H](CO)N1C[C@@H](C)[C@@H](CN(C)S(=O)(=O)c2ccc(Cl)cc2)OCCCC[C@@H](C)Oc3ccc(NC(=O)Nc4c(C)noc4C)cc3C1=O'],,,,,
2224,BRD-K13318664,['60138109'],['CCOc1ccc(CCNC(=O)Cc2ccccc2)cc1OCC'],,,,,
2225,BRD-K13324372,['54631500'],['COCC(=O)Nc1ccc2c(OC[C@@H](C)N(Cc3cccc(F)c3)C[C@H](C)[C@@H](CN(C)C2=O)OC)c1'],,,,,
2226,BRD-K13346599,['54615046'],['C[C@@H](CO)N1C[C@@H](C)[C@@H](CN(C)CC2CC2)OCCCC[C@@H](C)Oc3ccc(NS(=O)(=O)C)cc3C1=O'],,,,,
2227,BRD-K13369161,['60188067'],['CC(C)CC#Cc1ccc(cc1)[C@H]1[C@H](CO)N2[C@H]1CN(CC2=O)C(=O)NC1CCCC1'],,,,,
2228,BRD-K13383838,['60189856'],['OC[C@@H]1[C@@H](c2ccccc2)C2(CN(C2)C(=O)C2CCOCC2)N1C(=O)CC1CC1'],,,,,
2229,BRD-K13417398,['54661079'],['OC[C@H]1[C@@H]2Cn3c(cccc3=O)[C@H]([C@@H]1C(=O)N1CCCCC1)N2C(=O)c1ccccn1'],,,,,
2230,BRD-K13418716,['54631798'],['COCC(=O)Nc1ccc2c(OC[C@@H](C)N(CC3CC3)C[C@@H](C)[C@H](CN(C)C2=O)OC)c1'],,,,,
2231,BRD-K13428252,['54638442'],['NCC[C@H]1CC[C@H](NC(=O)c2ccccc2F)[C@@H](CO)O1'],,,,,
2232,BRD-K13448237,['54658032'],['O[C@H]1CN[C@@H]2CC[C@@H](CC(=O)NC3Cc4ccccc4C3)O[C@H]2COC1'],,,,,
2233,BRD-K13468108,['54615666'],['C[C@H](CO)N1C[C@@H](C)[C@H](CN(C)Cc2ccc(Cl)c(Cl)c2)OCCCC[C@@H](C)Oc3ccc(NC(=O)NC4CCCCC4)cc3C1=O'],,,,,
2234,BRD-K13489056,['54664799'],['COc1ccccc1CN1CC[C@H]2[C@@H]1c1cc(ccc1N[C@@H]2CO)-c1ccc(cc1)C(=O)N(C)C'],,,,,
2235,BRD-K13499761,['54654447'],['COC(=O)C[C@H]1CC[C@@H]2[C@@H](COc3ccc(NS(=O)(=O)c4ccccc4Cl)cc3C(=O)N2C)O1'],,,,,
2236,BRD-K13513398,['54638635'],['CC(C)c1cn(CC[C@@H]2CC[C@H](NC(=O)C3CC3)[C@H](CO)O2)nn1'],,,,,
2237,BRD-K13515789,['54638030'],['C[C@H](CO)N1C[C@@H](C)[C@@H](CN(C)S(=O)(=O)c2ccsc2)OCc3ccccc3-c4c(C1=O)n(C)c5ccccc45'],,,,,
2238,BRD-K13517531,['54646537'],['COCC(=O)Nc1ccc2O[C@H]3[C@H](C[C@H](CC(=O)NCc4cccnc4)O[C@H]3CO)c2c1'],,,,,
2239,BRD-K13528168,['10337209'],['CNCCCN1c2ccccc2Sc2ccc(cc12)C(F)(F)F'],,,,,
2240,BRD-K13529284,['54638574'],['COc1cccc(c1)S(=O)(=O)N[C@@H]1CC[C@H](CCN)O[C@H]1CO'],,,,,
2241,BRD-K13539834,['54639070'],['COCC(=O)N[C@@H]1C=C[C@H](CC(=O)N2CCCCC2)O[C@@H]1CO'],,,,,
2242,BRD-K13544395,['54661346'],['COCC(=O)N1[C@H]([C@H](CO)[C@H]2Cn3c(cccc3=O)[C@@H]12)C(=O)NCc1ccccc1'],,,,,
2243,BRD-K13558526,['54646665'],['OC[C@H]1O[C@@H](CC(=O)NC2CCCCC2)C[C@H]3[C@@H]1Oc4ccc(NS(=O)(=O)c5ccc(F)cc5)cc34'],,,,,
2244,BRD-K13559434,['60185183'],['COc1ccc2c3c([nH]c2c1)[C@H](CO)N(Cc1cccc(F)c1)C[C@]31CCN(CC1)C(C)=O'],,,,,
2245,BRD-K13559922,['44617006'],['COc1ccc(CN(C)C[C@H]2OCCCC[C@@H](C)Oc3ccc(NC(=O)C4CCCCC4)cc3C(=O)N(C[C@H]2C)[C@H](C)CO)cc1'],,,,,
2246,BRD-K13580623,['44142114'],['CNS(=O)(=O)c1ccc2CCc3ccc(cc3C(=O)c2c1)S(=O)(=O)NC'],,,,,
2247,BRD-K13582094,['54652713'],['COc1ccc(cc1)C(=O)N1C[C@@H]2[C@@H]([C@H](CO)N2C(=O)Cc2ccccn2)c2ccccc12'],,,,,
2248,BRD-K13583181,['54645894'],['CN(C)C(=O)C[C@@H]1C[C@H]2[C@H](Oc3ccc(NC(=O)Nc4ccc(F)cc4)cc23)[C@H](CO)O1'],,,,,
2249,BRD-K13591554,['54632100'],['CO[C@@H]1CN(C)C(=O)c2ccc(NC(=O)C3CC3)cc2OC[C@H](C)N(Cc2ccncc2)C[C@H]1C'],,,,,
2250,BRD-K13604076,['23648022'],['COc1cccc(Nc2nc(NCCO)nc(n2)N3CCCC3)c1'],,,,,
2251,BRD-K13614235,['44505861'],['COc1cccc(NC(=O)N(C)C[C@@H]2OCc3cn(CCCC(=O)N(C[C@H]2C)[C@@H](C)CO)nn3)c1'],,,,,
2252,BRD-K13618800,['44494044'],['C[C@H](CO)N1C[C@@H](C)[C@@H](CN(C)S(=O)(=O)c2ccccc2)Oc3ccc(cc3CC1=O)N(C)C'],,,,,
2253,BRD-K13624944,['60185265'],['COCC(=O)N1CC[C@@]2(CC1)CN(Cc1ccccc1Cl)[C@@H](CO)c1[nH]c3cc(OC)ccc3c21'],,,,,
2254,BRD-K13626437,['54638577'],['COc1cccc(c1)S(=O)(=O)N[C@H]1CC[C@@H](CCN)O[C@@H]1CO'],,,,,
2255,BRD-K13626871,['54658086'],['CCCNC(=O)N1C[C@H](O)COC[C@@H]2O[C@H](CC(=O)N[C@H]3CCN(Cc4ccccc4)C3)CC[C@@H]12'],,,,,
2256,BRD-K13633691,['54632045'],['CO[C@H]1CN(C)C(=O)c2cc(NS(C)(=O)=O)ccc2OC[C@H](C)N(C)C[C@H]1C'],,,,,
2257,BRD-K13648511,['54632151'],['CO[C@H]1CN(C)C(=O)c2cc(NC(=O)NC(C)C)ccc2OC[C@H](C)N(Cc2ccccc2)C[C@@H]1C'],,,,,
2258,BRD-K13648806,['44506174'],['C[C@H](CO)N1C[C@H](C)[C@@H](CN(C)Cc2ccc3OCOc3c2)Oc4ccc(NC(=O)CCCCCC(=O)Nc5ccccc5N)cc4C1=O'],,,,,
2259,BRD-K13649454,['54660973'],['C[C@@H](NC(=O)[C@@H]1[C@@H](CO)[C@@H]2Cn3c(cccc3=O)[C@@H]2N1S(C)(=O)=O)c1ccccc1'],,,,,
2260,BRD-K13660244,['44492755'],['C[C@H](CO)N1C[C@H](C)[C@H](CN(C)C(=O)Nc2ccc(cc2)C(F)(F)F)Oc3ccc(NC(=O)Cc4ccccc4)cc3C1=O'],,,,,
2261,BRD-K13665914,['2100018'],['C(C1CCN(CC1)c2ncnc3sccc23)c4ccccc4'],,,,,
2262,BRD-K13667629,['54654143'],['CN1[C@@H]2CC[C@@H](CC(=O)NCCN3CCCCC3)O[C@@H]2COc2ccc(NS(=O)(=O)c3cccc(F)c3)cc2C1=O'],,,,,
2263,BRD-K13679108,['44617313'],['COc1ccc(CN(C)C[C@@H]2OCCCC[C@H](C)Oc3ccc(NC(=O)Cc4ccccc4)cc3C(=O)N(C[C@H]2C)[C@H](C)CO)cc1'],,,,,
2264,BRD-K13691358,['54645947'],['C[C@@H](NC(=O)C[C@H]1C[C@H]2[C@H](Oc3ccc(NS(=O)(=O)c4ccc(F)cc4)cc23)[C@H](CO)O1)c5ccccc5'],,,,,
2265,BRD-K13693445,['54657580'],['O[C@H]1COC[C@@H]2O[C@H](CC(=O)N3CCOCC3)CC[C@H]2N(Cc2cccc(c2)-c2ccncc2)C1'],,,,,
2266,BRD-K13697129,['54646333'],['CN(C)c1ccc2O[C@@H]3[C@@H](C[C@H](CC(=O)NCCN4CCCCC4)O[C@@H]3CO)c2c1'],,,,,
2267,BRD-K13701195,['54649976'],['OC[C@H]1[C@H]([C@@H](C#N)N1S(=O)(=O)Cc1ccccc1)c1ccccc1'],,,,,
2268,BRD-K13706246,['54638671'],['OC[C@@H]1O[C@@H](CCNC(=O)Cc2ccncc2)CC[C@H]1NC(=O)C1CCC1'],,,,,
2269,BRD-K13707774,['54632107'],['CCC(=O)Nc1ccc2c(OC[C@@H](C)N(C[C@H](C)[C@@H](CN(C)C2=O)OC)C(=O)c2ccc(F)cc2)c1'],,,,,
2270,BRD-K13714335,['54631902'],['CO[C@H]1CN(C)C(=O)c2cc(NC(=O)NC(C)C)ccc2OC[C@H](C)N(C[C@H]1C)C(=O)C1CCC1'],,,,,
2271,BRD-K13719685,['54618574'],['C[C@H](CO)N1C[C@H](C)[C@H](CN(C)C)Oc2cc(C#Cc3ccccn3)ccc2S1(=O)=O'],,,,,
2272,BRD-K13757679,['54657629'],['O[C@@H]1COC[C@@H]2O[C@H](CC(=O)NC3Cc4ccccc4C3)CC[C@H]2N(C1)C(=O)Cc1ccccc1'],,,,,
2273,BRD-K13759728,['54631583'],['CCCNC(=O)N1C[C@H](C)[C@@H](CN(C)C(=O)c2ccc(NS(=O)(=O)CC(F)(F)F)cc2OC[C@H]1C)OC'],,,,,
2274,BRD-K13765840,['44485070'],['C[C@H](CO)N1C[C@@H](C)[C@@H](CN(C)C(=O)Nc2ccc3OCOc3c2)OCc4cn(CCCC1=O)nn4'],,,,,
2275,BRD-K13774281,['54666666'],['CN1CCCCN2[C@H](CO)[C@H]([C@@H]2C1)c1ccc(cc1)-c1ccc(F)cc1'],,,,,
2276,BRD-K13779607,['54638772'],['COC(=O)C[C@@H]1O[C@H](CO)[C@H](NC(=O)Nc2ccc(cc2)C(F)(F)F)C=C1'],,,,,
2277,BRD-K13782405,['54658000'],['CN1CCN(CC1)C(=O)C[C@@H]1CC[C@@H]2[C@H](COC[C@@H](O)CN2S(=O)(=O)c2ccccc2C)O1'],,,,,
2278,BRD-K13794505,['1091784'],['CCn1nccc1C(=O)Nc2nc3ccccc3n2CCN4CCCCC4'],,,,,
2279,BRD-K13807179,['54654589'],['COc1cccc(c1)C(=O)Nc1ccc2OC[C@@H]3O[C@H](CC(=O)NCCCN4CCOCC4)CC[C@@H]3N(C)C(=O)c2c1'],,,,,
2280,BRD-K13835847,['54632085'],['CO[C@H]1CN(C)C(=O)c2cc(NC(=O)C3CC3)ccc2OC[C@@H](C)N(C[C@@H]1C)C(=O)NC(C)C'],,,,,
2281,BRD-K13842623,['44142063'],['Cc1csc(CNc2ncnc3ccc(cc23)c4ccccc4Cl)c1'],,,,,
2282,BRD-K13860832,['54638451'],['OC[C@@H]1O[C@@H](CC(=O)N2CCC(Cc3ccccc3)CC2)C=C[C@H]1NC(=O)c1cnccn1'],,,,,
2283,BRD-K13868095,['60191977'],['CCC(=O)N1CC2(C1)[C@H]([C@@H](CO)N2CC1CCCC1)c1ccc(cc1)\\C=C\\C'],,,,,
2284,BRD-K13870698,['54660654'],['OC[C@@H]1[C@H]2Cn3c(ccc(-c4ccccc4F)c3=O)[C@@H]([C@H]1C(O)=O)N2C(=O)c1cccnc1'],,,,,
2285,BRD-K13872703,['5281951'],['OS(=O)(=O)c1cc(ccc1\\C=C\\c1ccc(cc1S(O)(=O)=O)N=C=S)N=C=S'],,,,,
2286,BRD-K13883913,['54657500'],['O[C@@H]1COC[C@H]2O[C@@H](CC(=O)Nc3nccs3)CC[C@@H]2N(Cc2cc(F)cc(F)c2)C1'],,,,,
2287,BRD-K13891716,['54646036'],['CS(=O)(=O)Nc1ccc2O[C@@H]3[C@@H](C[C@@H](CC(=O)NCc4cc(F)ccc4F)O[C@@H]3CO)c2c1'],,,,,
2288,BRD-K13896696,['54661441'],['CCN1[C@H]2Cn3c(ccc(C4=CCCCC4)c3=O)[C@@H]1[C@@H]([C@H]2CO)C(=O)NCCOC'],,,,,
2289,BRD-K13942440,['54650000'],['COc1cccc(c1)C#Cc1ccc(cc1)[C@@H]1[C@@H](CO)N([C@H]1C#N)C(=O)c1ccccn1'],,,,,
2290,BRD-K13943990,['44617198'],['C[C@H](CO)N1C[C@@H](C)[C@H](CN(C)CC2CCCCC2)OCCCC[C@@H](C)Oc3ccc(NC(=O)Nc4ccc(F)cc4)cc3C1=O'],,,,,
2291,BRD-K13944250,['54650110'],['OC[C@@H]1[C@@H]([C@@H](C#N)N1C(=O)C1CC1)c1ccc(cc1)C#CC1(O)CCCC1'],,,,,
2292,BRD-K13960193,['44507093'],['C[C@H](CO)N1C[C@@H](C)[C@@H](CN(C)CC2CCCCC2)Oc3ccc(NC(=O)CCCCCC(=O)Nc4ccccc4N)cc3CC1=O'],,,,,
2293,BRD-K13960684,['54654074'],['COc1cccc(c1)C(=O)Nc1ccc2OC[C@@H]3O[C@H](CC(=O)NCC(F)(F)F)CC[C@@H]3N(C)C(=O)c2c1'],,,,,
2294,BRD-K13969067,['44492083'],['CC(C)NC(=O)N(C)C[C@H]1OCCCC[C@@H](C)Oc2ccc(NC(=O)CCC(F)(F)F)cc2C(=O)N(C[C@H]1C)[C@@H](C)CO'],,,,,
2295,BRD-K13982317,['60190153'],['CCCC(=O)N1CC[C@@]2(CC1)CN([C@@H](CO)c1c2c2ccc(OC)cc2n1C)C(C)=O'],,,,,
2296,BRD-K13983359,['54657984'],['COc1ccccc1CNC(=O)C[C@H]1CC[C@@H]2[C@H](COC[C@@H](O)CN2Cc2cccc(c2)-c2ccncc2)O1'],,,,,
2297,BRD-K13997553,['54651378'],['CCCNC(=O)N1[C@@H](CO)[C@@H]([C@H]1CNC(C)=O)c1ccc(cc1)C1=CCCC1'],,,,,
2298,BRD-K14002526,['54649348'],['CC(C)(C)[S@](=O)N1Cc2cc(nc(c2[C@@H]1CCO)-c1cccc(c1)-c1cccc(F)c1)C(=O)NCC(F)(F)F'],,,,,
2299,BRD-K14023438,['54649952'],['CCc1csc(n1)N1[C@H](CO)[C@H]([C@@H]1C#N)c1ccc(cc1)\\C=C\\C'],,,,,
2300,BRD-K14023656,['60183443'],['OC[C@H]1[C@@H]([C@H](C#N)N1c1nc(cs1)-c1ccccc1)c1ccc(cc1)C1=CCCC1'],,,,,
2301,BRD-K14027855,['53338820'],['Oc1ccc(\\C=C\\c2ccccc2F)c2cccnc12'],,,,,
2302,BRD-K14030662,['54654107'],['CN1[C@H]2CC[C@H](CC(=O)NCc3ccccc3F)O[C@@H]2COc2ccc(NC(=O)C3CCCCC3)cc2C1=O'],,,,,
2303,BRD-K14031425,['60185127'],['Cc1ccc(cc1)S(=O)(=O)N1C[C@H]2N[C@@H](C1)[C@H]2c1ccc(cc1)-c1cccc(C)c1'],,,,,
2304,BRD-K14048378,['5309153'],['CCCc1cc(no1)C(=O)N(C2CCCCC2)C3CCCCC3'],,,,,
2305,BRD-K14074563,['60184934'],['Cc1ccccc1-c1ccc(cc1)[C@H]1[C@H]2CN(C[C@@H]1N2)C(=O)Nc1ccc(F)cc1'],,,,,
2306,BRD-K14078057,['54615004'],['C[C@H](CO)N1C[C@@H](C)[C@@H](CN(C)C(=O)c2ccccc2)OCCCC[C@H](C)Oc3ccc(NC(=O)c4ccccc4)cc3C1=O'],,,,,
2307,BRD-K14079892,['54666652'],['COCC#Cc1ccc(cc1)[C@H]1[C@@H](CO)N2CCCCN(Cc3ccncc3)C[C@H]12'],,,,,
2308,BRD-K14086402,['60185273'],['C(N1[C@H]2CNC[C@@H]1[C@@H]2c1ccc(cc1)-c1cccnc1)c1ccc2OCOc2c1'],,,,,
2309,BRD-K14095788,['54666700'],['C[C@H](O)C#Cc1ccc(cc1)[C@H]1[C@H](CO)N2CCCCN(C[C@H]12)C(=O)Nc1ccccc1'],,,,,
2310,BRD-K14096157,['54596141'],['OC[C@@H]1[C@H]2Cn3c(cccc3=O)[C@@H]([C@H]1C(=O)N1CCOCC1)N2S(=O)(=O)c1ccccc1F'],,,,,
2311,BRD-K14123146,['54631589'],['CO[C@@H]1CN(C)C(=O)c2cc(NS(=O)(=O)c3cn(C)cn3)ccc2OC[C@@H](C)N(CC2CC2)C[C@@H]1C'],,,,,
2312,BRD-K14127078,['44493841'],['C[C@H](CO)N1C[C@@H](C)[C@@H](CN(C)C(=O)Nc2ccc3OCOc3c2)Oc4ccc(NC(=O)CCCN(C)C)cc4C1=O'],,,,,
2313,BRD-K14131832,['54618672'],['C[C@@H](CO)N1C[C@H](C)[C@H](CN(C)C)Oc2cc(C#Cc3ccccn3)ccc2S1(=O)=O'],,,,,
2314,BRD-K14151426,['53382659'],['COc1ccc(NC(=O)N[C@H]2CC[C@@H](CC(=O)NC3CCC3)O[C@@H]2CO)cc1'],,,,,
2315,BRD-K14159335,['54638464'],['OC[C@@H]1O[C@H](CC(=O)N2CCOCC2)CC[C@@H]1NC(=O)c1ccccn1'],,,,,
2316,BRD-K14169964,['60191306'],['CC(C)CC#Cc1ccc(cc1)[C@H]1[C@H](CO)N2[C@H]1CN(CC2=O)C(=O)Nc1cc(F)ccc1F'],,,,,
2317,BRD-K14171663,['44142122'],['C(N(Cc1ccccc1)Cc2ccccc2)c3nnc(s3)c4cc5ccccc5[nH]4'],,,,,
2318,BRD-K14187559,['54632474'],['CO[C@@H]1CN(C)C(=O)c2ccc(NS(=O)(=O)CC(F)(F)F)cc2OC[C@@H](C)N(C[C@H]1C)C(=O)c1ccc2OCOc2c1'],,,,,
2319,BRD-K14193256,['54666528'],['COc1ccccc1C#Cc1ccc(cc1)[C@@H]1[C@H](CO)N2CCCCN(C[C@H]12)C(=O)C1CCC1'],,,,,
2320,BRD-K14196440,['54651390'],['C\\C=C\\c1ccc(cc1)[C@@H]1[C@H](CO)N([C@H]1CNC(C)=O)C(=O)Cc1cccnc1'],,,,,
2321,BRD-K14199536,['54664834'],['CN1[C@H](CO)[C@H]2CCN([C@H]2c2cc(ccc12)-c1ccc(cc1)C#N)S(=O)(=O)c1ccc(C)cc1'],,,,,
2322,BRD-K14200107,['60189769'],['COCC(=O)N1C[C@@]2(C1)CN([C@H](CO)c1c2c2ccc(OC)cc2n1C)S(C)(=O)=O'],,,,,
2323,BRD-K14203250,['54618594'],['C[C@H](O)C#Cc1cnc2O[C@@H](CN(C)C(=O)Cc3ccncc3)[C@H](C)CN([C@@H](C)CO)C(=O)c2c1'],,,,,
2324,BRD-K14206468,['54657502'],['O[C@@H]1COC[C@H]2O[C@@H](CC(=O)NC3CCCC3)CC[C@@H]2N(C1)C(=O)c1ccc2OCOc2c1'],,,,,
2325,BRD-K14209633,['54631389'],['COCC(=O)Nc1ccc2OC[C@@H](C)N(C[C@@H](C)[C@H](CN(C)C(=O)c2c1)OC)C(=O)Cc1cccnc1'],,,,,
2326,BRD-K14214369,['44505636'],['C[C@H](CO)N1C[C@@H](C)[C@H](CN(C)Cc2ccc(Cl)c(Cl)c2)OCc3cnnn3CCCC1=O'],,,,,
2327,BRD-K14215828,['54654305'],['CCNC(=O)Nc1ccc2OC[C@@H]3O[C@H](CC(=O)N[C@H](C)c4ccccc4)CC[C@@H]3N(C)C(=O)c2c1'],,,,,
2328,BRD-K14217854,['60189898'],['COc1cccc(CN2[C@H](CO)[C@@H](c3ccccc3)C22CN(C2)C(=O)C2CCCCC2)c1'],,,,,
2329,BRD-K14228330,['54637954'],['C[C@H](CO)N1C[C@@H](C)[C@@H](CN(C)C(=O)c2ccncc2)OCc3ccccc3-c4c(C1=O)n(C)c5ccccc45'],,,,,
2330,BRD-K14230553,['44492913'],['C[C@H](CO)N1C[C@H](C)[C@H](CN(C)C(=O)Nc2ccc(F)cc2)Oc3ccc(NC(=O)C4CC4)cc3C1=O'],,,,,
2331,BRD-K14236372,['44620892'],['Clc1ccc(OCCOc2ccc(Br)nc2Br)c(Cl)c1'],,,,,
2332,BRD-K14245765,['54666537'],['COc1ccc(cc1)C#Cc1ccc(cc1)[C@@H]1[C@H](CO)N2CCCCN(C)C[C@H]12'],,,,,
2333,BRD-K14246967,['54652540'],['CN1[C@@H](CO)[C@@H]2[C@H]1CNc1ccccc21'],,,,,
2334,BRD-K14255719,['54632223'],['CO[C@@H]1CN(C)C(=O)c2ccc(NC(=O)c3cnccn3)cc2OC[C@@H](C)N(C[C@H]1C)C(=O)Nc1ccccc1OC'],,,,,
2335,BRD-K14261052,['54646284'],['OC[C@H]1O[C@H](CC(=O)NC2CCCCC2)C[C@H]3[C@@H]1Oc4ccc(NC(=O)Nc5ccccc5F)cc34'],,,,,
2336,BRD-K14262667,['44490074'],['COc1ccc(CN(C)C[C@H]2Oc3ccc(NC(=O)Cn4cnnn4)cc3C(=O)N(C[C@H]2C)[C@@H](C)CO)cc1'],,,,,
2337,BRD-K14263251,['54632144'],['CCCC(=O)Nc1ccc2c(OC[C@@H](C)N(C[C@H](C)[C@@H](CN(C)C2=O)OC)C(=O)c2cccnc2)c1'],,,,,
2338,BRD-K14270862,['2159213'],['Fc1cccc2sc(NC(=O)c3cccs3)nc12'],,,,,
2339,BRD-K14270906,['44494645'],['COc1ccc(NC(=O)N(C)C[C@@H]2Oc3c(NC(=O)NC4CCCCC4)cccc3C(=O)N(C[C@H]2C)[C@@H](C)CO)cc1'],,,,,
2340,BRD-K14295062,['54638600'],['Cc1cccc(c1)S(=O)(=O)N[C@H]1CC[C@@H](CCNC(=O)c2cnccn2)O[C@@H]1CO'],,,,,
2341,BRD-K14302652,['54657744'],['Cc1cccc(c1)S(=O)(=O)N1C[C@H](O)COC[C@H]2O[C@@H](CC(=O)Nc3ccc(cc3)-c3ccccc3)CC[C@H]12'],,,,,
2342,BRD-K14302953,['54661240'],['CCNC(=O)[C@H]1[C@H](CO)[C@H]2Cn3c(ccc(-c4ccc(OC)cc4)c3=O)[C@@H]1N2CC1CC1'],,,,,
2343,BRD-K14307099,['60191603'],['COCC(=O)N1CC2(C1)[C@@H]([C@@H](CO)N2C(C)=O)c1ccc(cc1)-c1ccc(C)cc1'],,,,,
2344,BRD-K14310250,['60185080'],['Cc1ccccc1S(=O)(=O)N1C[C@H]2N[C@@H](C1)[C@@H]2c1ccc(cc1)-c1cccc(c1)C#N'],,,,,
2345,BRD-K14316227,['1299526'],['Cc1ccc(cc1)S(=O)(=O)NC(=O)CSc2nc3ccccc3s2'],,,,,
2346,BRD-K14327282,['54618465'],['C[C@H](CO)N1C[C@@H](C)[C@@H](CN(C)Cc2cncnc2)Oc3cc(C#CC4CCCC4)ccc3S1(=O)=O'],,,,,
2347,BRD-K14328427,['44498818'],['C[C@@H](CO)N1C[C@@H](C)[C@@H](CN(C)C(=O)Nc2cccc3ccccc23)Oc4c(NC(=O)c5ccc(cc5)c6nccs6)cccc4C1=O'],,,,,
2348,BRD-K14336497,['54661119'],['COC(=O)[C@H]1[C@H](CO)[C@H]2Cn3c(cccc3=O)[C@@H]1N2C(=O)C1CC1'],,,,,
2349,BRD-K14340046,['44490392'],['CC(C)NC(=O)Nc1ccc2O[C@H](C)CCCCO[C@@H](CN(C)C)[C@H](C)CN([C@@H](C)CO)C(=O)c2c1'],,,,,
2350,BRD-K14340219,['44496217'],['C[C@@H](CO)N1C[C@@H](C)[C@H](CN(C)Cc2ccccc2)Oc3c(NC(=O)c4ccncc4)cccc3C1=O'],,,,,
2351,BRD-K14345135,['44500080'],['COc1ccc(NC(=O)N(C)C[C@@H]2Oc3c(NC(=O)NC4CCCCC4)cccc3C(=O)N(C[C@@H]2C)[C@H](C)CO)cc1'],,,,,
2352,BRD-K14346766,['54653978'],['CN1[C@@H]2CC[C@@H](CC(=O)NCCCN3CCOCC3)O[C@@H]2COc2ccc(NC(=O)Cc3cccs3)cc2C1=O'],,,,,
2353,BRD-K14352739,['54651465'],['CCN(C[C@H]1[C@@H]([C@@H](CO)N1C(=O)C1CCC1)c1ccc(cc1)\\C=C\\C)C(=O)CC'],,,,,
2354,BRD-K14355517,['3989078'],['Cc1c(c2ccccc2n1C)P(=S)(c1ccccc1)c1ccccc1'],,,,,
2355,BRD-K14356681,['54661246'],['CCCNC(=O)N1[C@H]2Cn3c(ccc(-c4cccc(OC)c4)c3=O)[C@@H]1[C@@H]([C@H]2CO)C(=O)NC1CCC1'],,,,,
2356,BRD-K14356875,['60185013'],['CN(C)C(=O)c1cccc(c1)-c1ccc(cc1)[C@@H]1[C@H]2N[C@@H]1CN(C2)S(=O)(=O)c1cccc(Cl)c1'],,,,,
2357,BRD-K14357170,['54654333'],['CN1[C@@H]2CC[C@@H](CC(=O)N[C@@H]3CCN(Cc4ccccc4)C3)O[C@@H]2COc2ccc(NC(=O)c3ccc(F)c(F)c3)cc2C1=O'],,,,,
2358,BRD-K14363876,['54614987'],['CCCN(C)C[C@H]1OCCCC[C@H](C)Oc2ccc(NS(=O)(=O)c3ccc(C)cc3)cc2C(=O)N(C[C@@H]1C)[C@@H](C)CO'],,,,,
2359,BRD-K14374193,['44486164'],['C[C@H](CO)N1C[C@H](C)[C@H](CN(C)C(=O)Nc2c(C)noc2C)Oc3ccc(NC(=O)Cc4ccccc4)cc3C1=O'],,,,,
2360,BRD-K14378954,['54631713'],['COCC(=O)N1C[C@H](C)[C@@H](CN(C)C(=O)c2ccc(NC(=O)c3ccc(OC)cc3)cc2OC[C@@H]1C)OC'],,,,,
2361,BRD-K14383710,['54620506'],['C[C@@H](CO)N1C[C@H](C)[C@H](CN(C)CC2CCCC2)Oc3ncc(C#Cc4cccc(F)c4)cc3C1=O'],,,,,
2362,BRD-K14385562,['54657862'],['COCCNC(=O)C[C@@H]1CC[C@H]2[C@@H](COC[C@H](O)CN2S(=O)(=O)c2ccccc2F)O1'],,,,,
2363,BRD-K14395166,['54658029'],['O[C@H]1COC[C@@H]2O[C@H](CC(=O)NCCN3CCCCC3)CC[C@H]2N(C1)S(=O)(=O)c1ccccc1'],,,,,
2364,BRD-K14395638,['1297252'],['CC(=O)c1cccc(NC(=O)Nc2nn(Cc3c(F)cccc3Cl)cc2Br)c1'],,,,,
2365,BRD-K14413722,['53382643'],['OC[C@H]1O[C@@H](CC(=O)NCc2cc(F)cc(F)c2)C=C[C@@H]1NC(=O)c1ccccn1'],,,,,
2366,BRD-K14415573,['54654554'],['CN(C)C(=O)C[C@H]1CC[C@H]2[C@H](COc3ccc(NC(=O)c4ccc(F)cc4)cc3C(=O)N2C)O1'],,,,,
2367,BRD-K14417684,['54654134'],['CN1[C@H]2CC[C@@H](CC(=O)NCC3CC3)O[C@H]2COc2ccc(NC(=O)NC3CCCC3)cc2C1=O'],,,,,
2368,BRD-K14433433,['54615028'],['COc1ccc(CN(C)C[C@H]2OCCCC[C@@H](C)Oc3ccc(NC(=O)C4CCCCC4)cc3C(=O)N(C[C@@H]2C)[C@@H](C)CO)cc1'],,,,,
2369,BRD-K14437503,['54661391'],['OC[C@H]1[C@@H]2Cn3c(ccc(\\C=C\\c4ccccc4)c3=O)[C@@H]2N[C@@H]1C(=O)N1CCCCC1'],,,,,
2370,BRD-K14460076,['54632008'],['CO[C@@H]1CN(C)C(=O)c2ccc(NC(=O)c3cnccn3)cc2OC[C@H](C)N(CCc2ccccc2)C[C@H]1C'],,,,,
2371,BRD-K14471579,['54666657'],['OC[C@H]1[C@H]([C@@H]2CN(CCCCN12)C(=O)NC1CCCC1)c1ccc(cc1)-c1cccnc1'],,,,,
2372,BRD-K14471942,['54638452'],['OC[C@H]1O[C@@H](CC(=O)N2CCC(Cc3ccccc3)CC2)C=C[C@@H]1NC(=O)c1cnccn1'],,,,,
2373,BRD-K14475668,['44489655'],['C[C@H](CO)N1C[C@H](C)[C@@H](CN(C)Cc2ccncc2)Oc3c(NC(=O)Nc4c(C)noc4C)cccc3C1=O'],,,,,
2374,BRD-K14478589,['54666392'],['OC[C@@H]1[C@H]([C@@H]2CN(Cc3cncnc3)CCCCN12)c1ccc(cc1)C#CC1(O)CCCC1'],,,,,
2375,BRD-K14483137,['60192113'],['CN(C)CC(=O)N1[C@H](CO)[C@H](c2ccccc2)C11CN(CCC(F)(F)F)C1'],,,,,
2376,BRD-K14487375,['54654087'],['CN1[C@@H]2CC[C@@H](CC(=O)N3CCCCC3)O[C@@H]2COc2ccc(NC(=O)c3cccs3)cc2C1=O'],,,,,
2377,BRD-K14487440,['60192111'],['OC[C@@H]1[C@@H](c2ccccc2)C2(CN(Cc3nccs3)C2)N1Cc1cccnc1'],,,,,
2378,BRD-K14489740,['54665009'],['CN1[C@@H](CO)[C@@H]2CCN([C@@H]2c2cc(Br)ccc12)C(=O)Cc1ccccc1'],,,,,
2379,BRD-K14493775,['56835426'],['C[C@H](CO)N1C[C@@H](C)[C@H](CN(C)S(=O)(=O)c2ccsc2)OCc3ccccc3-c4ccccc4C1=O'],,,,,
2380,BRD-K14496573,['54631598'],['CO[C@@H]1CN(C)C(=O)c2cc(NC(=O)c3cc(C)on3)ccc2OC[C@H](C)NC[C@@H]1C'],,,,,
2381,BRD-K14502067,['44490846'],['CC(C)NC(=O)N(C)C[C@H]1OCCCC[C@@H](C)Oc2ccc(NC(=O)CCC(F)(F)F)cc2C(=O)N(C[C@@H]1C)[C@H](C)CO'],,,,,
2382,BRD-K14503950,['44487780'],['C[C@H](CO)N1C[C@H](C)[C@H](CN(C)Cc2ccccc2)Oc3ccc(NS(=O)(=O)c4ccc(C)cc4)cc3C1=O'],,,,,
2383,BRD-K14509209,['54646323'],['OC[C@H]1O[C@@H](CC(=O)N2CCc3ccccc3C2)C[C@H]4[C@@H]1Oc5ccc(NC(=O)C6CCOCC6)cc45'],,,,,
2384,BRD-K14533651,['44486156'],['C[C@H](CO)N1C[C@H](C)[C@H](CN(C)C)Oc2ccc(NS(=O)(=O)c3ccccc3)cc2C1=O'],,,,,
2385,BRD-K14535500,['54649332'],['CC(C)(C)[S@@](=O)N1Cc2cc(nc(c2[C@H]1CCO)-c1cccc(c1)-c1ccccc1F)C(=O)N1CCOCC1'],,,,,
2386,BRD-K14558018,['54632160'],['CO[C@H]1CN(C)C(=O)c2cc(NS(=O)(=O)c3cccc(F)c3)ccc2OC[C@@H](C)N(C[C@H]1C)C(=O)Cc1cccnc1'],,,,,
2387,BRD-K14567384,['54665075'],['OC[C@H]1Nc2ccc(cc2[C@@H]2[C@H]1CCN2C(=O)CC1CC1)-c1ccccc1'],,,,,
2388,BRD-K14573341,['54646486'],['C[C@H](NC(=O)C[C@@H]1C[C@H]2[C@H](Oc3ccc(NC(=O)NC4CCCCC4)cc23)[C@@H](CO)O1)c5ccccc5'],,,,,
2389,BRD-K14593092,['44617441'],['C[C@@H](CO)N1C[C@@H](C)[C@H](CN(C)CC2CCCCC2)OCCCC[C@H](C)Oc3ccc(NC(=O)Nc4ccc(F)cc4)cc3C1=O'],,,,,
2390,BRD-K14600622,['44499486'],['COc1ccc(NC(=O)N(C)C[C@H]2Oc3c(NC(=O)NC4CCCCC4)cccc3C(=O)N(C[C@@H]2C)[C@@H](C)CO)cc1'],,,,,
2391,BRD-K14609189,['1328217'],['COc1ccc(c2nn(cc2/C=C\\3/SC(=S)N(CCC(=O)O)C3=O)c4ccccc4)c(C)c1'],,,,,
2392,BRD-K14611588,['60184854'],['COc1cccc(NC(=O)N2[C@H]3CNC[C@@H]2[C@@H]3c2ccc(\\C=C\\C)cc2)c1'],,,,,
2393,BRD-K14622703,['54661443'],['OC[C@H]1[C@@H]2Cn3c(ccc(C4=CCCCC4)c3=O)[C@@H]2N[C@@H]1C(=O)NCC1CC1'],,,,,
2394,BRD-K14628187,['60189055'],['OC[C@@H]1[C@H]([C@H]2CNCC(=O)N12)c1ccc(cc1)C1=CCCCC1'],,,,,
2395,BRD-K14631382,['60190962'],['OC[C@@H]1[C@H]([C@@H]2CN(CC(=O)N12)C(=O)c1cnccn1)c1ccc(cc1)-c1cccc(F)c1'],,,,,
2396,BRD-K14636731,['44490782'],['COc1ccc(cc1)S(=O)(=O)N(C)C[C@H]2Oc3c(NC(=O)NC4CCCCC4)cccc3C(=O)N(C[C@H]2C)[C@H](C)CO'],,,,,
2397,BRD-K14649905,['54646155'],['OC[C@@H]1O[C@H](CC(=O)NCCN2CCCCC2)C[C@@H]3[C@H]1Oc4ccc(NC(=O)Cc5ccncc5)cc34'],,,,,
2398,BRD-K14652476,['54645886'],['OC[C@@H]1O[C@H](CC(=O)NCc2ccccc2F)C[C@H]3[C@@H]1Oc4ccc(NC(=O)NC5CCCC5)cc34'],,,,,
2399,BRD-K14654869,['54639051'],['OC[C@@H]1O[C@@H](CCNC(=O)C2CCC2)CC[C@@H]1NS(=O)(=O)Cc1ccccc1'],,,,,
2400,BRD-K14659422,['54660949'],['OC[C@H]1[C@@H]2Cn3c(cccc3=O)[C@H]([C@@H]1C(=O)NC1Cc3ccccc3C1)N2C(=O)CC1CC1'],,,,,
2401,BRD-K14666757,['44506647'],['C[C@@H](CO)N1C[C@@H](C)[C@@H](CN(C)Cc2ccc(cc2)C(F)(F)F)Oc3ccc(NC(=O)CCCCCC(=O)Nc4ccccc4N)cc3CC1=O'],,,,,
2402,BRD-K14678536,['44506101'],['C[C@H](CO)N1C[C@H](C)[C@H](CN(C)S(=O)(=O)c2cccc(F)c2)Oc3ncc(cc3C1=O)c4cc5ccccc5o4'],,,,,
2403,BRD-K14697199,['54666659'],['OC[C@@H]1[C@@H]([C@@H]2CN(CCCCN12)C(=O)NC1CCCC1)c1ccc(cc1)-c1cccnc1'],,,,,
2404,BRD-K14704318,['1283913'],['Clc1cc(NC(=O)CSc2nc3ccccc3c(=O)[nH]2)ccc1Br'],,,,,
2405,BRD-K14711204,['50904528'],['CC(C)CC(O)(CC(C)C)c1cn(nn1)C(=O)N(c1ccccc1)c1ccccc1'],,,,,
2406,BRD-K14721042,['44505889'],['C[C@H](CO)N1C[C@@H](C)[C@H](CN(C)Cc2ccc3OCCOc3c2)OCc4cn(CCCC1=O)nn4'],,,,,
2407,BRD-K14721343,['54627377'],['C/C=C/c1cnc2O[C@@H](CN(C)C(=O)Nc3ccc(cc3)C(F)(F)F)[C@@H](C)CN([C@H](C)CO)C(=O)c2c1'],,,,,
2408,BRD-K14736141,['54638492'],['C[C@H](NC(=O)C[C@@H]1CC[C@@H](NS(=O)(=O)c2cccc(F)c2)[C@H](CO)O1)c1ccccc1'],,,,,
2409,BRD-K14744524,['44489271'],['C[C@H](CO)N1C[C@@H](C)[C@H](CN(C)Cc2ccccc2)OCc3cnnn3CCCC1=O'],,,,,
2410,BRD-K14749055,['50904531'],['OC(c1cn(nn1)C(=O)N1CCc2ccccc2C1)(c1ccccc1)c1ccccc1'],,,,,
2411,BRD-K14758616,['54657684'],['O[C@H]1COC[C@@H]2O[C@H](CC(=O)NCc3ccccc3Cl)CC[C@H]2N(Cc2nccs2)C1'],,,,,
2412,BRD-K14768863,['54638824'],['OC[C@H]1O[C@@H](CC(=O)NCc2ccc(Cl)cc2)CC[C@@H]1NC(=O)CC1CC1'],,,,,
2413,BRD-K14781269,['54616742'],['C[C@@H](CO)N1C[C@@H](C)[C@H](CN(C)CC2CCCCC2)OCCCC[C@@H](C)Oc3ccc(NS(=O)(=O)c4ccccc4)cc3C1=O'],,,,,
2414,BRD-K14783598,['60185207'],['COc1ccc2c3c([C@@H](CO)NC[C@]33CN(Cc4ccccc4Cl)C3)n(C)c2c1'],,,,,
2415,BRD-K14787141,['54664994'],['COc1ccccc1CN1CC[C@@H]2[C@H]1c1cc(ccc1N[C@@H]2CO)C1=CCCCC1'],,,,,
2416,BRD-K14788918,['53338822'],['Oc1ccc(CCc2c(F)cccc2F)c2cccnc12'],,,,,
2417,BRD-K14790374,['6729038'],['COc1ccc(C#Cc2ccc3NC(=O)[C@@]4([C@H]([C@H]5N([C@H]4c6ccc(OCCO)cc6)[C@@H]([C@@H](OC5=O)c7ccccc7)c8ccccc8)C(=O)N9CCc%10cc(OC)c(OC)cc%10C9)c3c2)cc1'],,,,,
2418,BRD-K14799717,['44500754'],['CC(C)NC(=O)Nc1ccc2O[C@H](CN(C)C(=O)NC3CCCCC3)[C@H](C)CN([C@H](C)CO)C(=O)Cc2c1'],,,,,
2419,BRD-K14801883,['44486893'],['C[C@H](CO)N1C[C@@H](C)[C@@H](CN(C)Cc2ccc(Cl)c(Cl)c2)Oc3ccc(NC(=O)C4CC4)cc3CC1=O'],,,,,
2420,BRD-K14833463,['44488849'],['C[C@@H](CO)N1C[C@@H](C)[C@H](CN(C)Cc2ccc(Cl)c(Cl)c2)Oc3ccc(NC(=O)c4ccncc4)cc3C1=O'],,,,,
2421,BRD-K14842454,['46948707'],['CC(=O)Nc1ccc(cc1)/C(=N/NC(=O)C2CCCC2)/C'],,,,,
2422,BRD-K14844937,['104999'],['CCc1c(ncc2[nH]c3cc(OC)c(OC)cc3c12)C(=O)OC'],,,,,
2423,BRD-K14854082,['54657948'],['CN(C)C(=O)C[C@@H]1CC[C@H]2[C@@H](COC[C@@H](O)CN2C(=O)c2ccncc2)O1'],,,,,
2424,BRD-K14862006,['54654506'],['CN1[C@H]2CC[C@H](CC(=O)NC3CCCCC3)O[C@H]2COc2ccc(NS(C)(=O)=O)cc2C1=O'],,,,,
2425,BRD-K14875361,['44484708'],['C[C@@H](CO)N1C[C@H](C)[C@@H](CN(C)Cc2ccc3OCOc3c2)Oc4ccc(NC(=O)Cc5ccccc5)cc4C1=O'],,,,,
2426,BRD-K14886982,['54657584'],['O[C@H]1COC[C@H]2O[C@H](CC(=O)N3CCOCC3)CC[C@@H]2N(Cc2cccc(c2)-c2ccncc2)C1'],,,,,
2427,BRD-K14914284,['46907676'],['CSc1ccc(cc1)-c1cnc(s1)N1CCC(CC1)C(N)=O'],,,,,
2428,BRD-K14939371,['53338846'],['CC(=O)Nc1sc2CN(CCc2c1-c1nc2ccccc2s1)C(C)=O'],,,,,
2429,BRD-K14951088,['60189959'],['COc1ccc2c3c([nH]c2c1)[C@H](CO)N(C[C@]31CCN(CC1)S(C)(=O)=O)C(=O)c1cnccn1'],,,,,
2430,BRD-K14952621,['54638730'],['CN(C)C(=O)C[C@H]1CC[C@@H](NC(=O)C2CCOCC2)[C@H](CO)O1'],,,,,
2431,BRD-K14958998,['54631574'],['CO[C@H]1CN(C)C(=O)c2ccc(NC(=O)C3CCOCC3)cc2OC[C@H](C)N(Cc2nccs2)C[C@H]1C'],,,,,
2432,BRD-K14971087,['54654336'],['CN1[C@@H]2CC[C@@H](CC(=O)N[C@@H]3CCN(Cc4ccccc4)C3)O[C@H]2COc2ccc(NC(=O)c3ccc(F)c(F)c3)cc2C1=O'],,,,,
2433,BRD-K14974894,['54649938'],['OC[C@@H]1N[C@@H](C#N)[C@H]1c1ccc(cc1)C1=CCCCC1'],,,,,
2434,BRD-K14975149,['44460126'],['O=C(OCC#CCSc1nnc(o1)-c1cccc2ccccc12)C1CCC1'],,,,,
2435,BRD-K14989056,['60189994'],['COc1ccc2c3c([C@H](CO)NC[C@]33CN(C3)C(=O)Nc3ccccc3F)n(C)c2c1'],,,,,
2436,BRD-K15013036,['54638534'],['OC[C@@H]1O[C@H](CC(=O)N2CCc3ccccc3C2)C=C[C@@H]1NC(=O)C1CC1'],,,,,
2437,BRD-K15014572,['54652565'],['OC[C@H]1[C@H]2[C@H](CNc3ccccc23)N1C(=O)Cc1ccccn1'],,,,,
2438,BRD-K15023392,['54660889'],['COC(=O)[C@H]1[C@H](CO)[C@H]2Cn3c(ccc(C4=CCCC4)c3=O)[C@H]2N1C(=O)Cc1cccnc1'],,,,,
2439,BRD-K15028327,['54632098'],['CO[C@H]1CN(C)C(=O)c2ccc(NC(=O)CC(F)(F)F)cc2OC[C@H](C)N(C[C@H]1C)S(=O)(=O)c1cn(C)cn1'],,,,,
2440,BRD-K15030062,['44500461'],['COc1ccc(cc1)S(=O)(=O)N(C)C[C@@H]2Oc3c(cccc3C(=O)N(C[C@H]2C)[C@H](C)CO)N(C)C'],,,,,
2441,BRD-K15042749,['60184874'],['C\\C=C\\c1ccc(cc1)[C@@H]1[C@H]2CN(C[C@@H]1N2)S(=O)(=O)c1cn(C)cn1'],,,,,
2442,BRD-K15050703,['54615109'],['C[C@H](CO)N1C[C@H](C)[C@H](CN(C)Cc2ccc(cc2)C(F)(F)F)OCCCC[C@H](C)Oc3ccc(NS(=O)(=O)c4c(C)noc4C)cc3C1=O'],,,,,
2443,BRD-K15054362,['44142066'],['Cc1csc(CNc2ncnc3ccc(cc23)c4cccnc4)c1'],,,,,
2444,BRD-K15104539,['54653989'],['CN1[C@@H]2CC[C@H](CC(=O)NCCc3ccncc3)O[C@@H]2COc2ccc(NC(=O)Nc3ccccc3F)cc2C1=O'],,,,,
2445,BRD-K15107389,['1080352'],['O=C1c2ccccc2-c3c(NCCc4ccccc4)c(=O)[nH]c5cccc1c35'],,,,,
2446,BRD-K15108654,['54649935'],['OC[C@@H]1[C@H]([C@@H](C#N)N1C(=O)c1cccnc1)c1ccc(cc1)C#Cc1ccccc1F'],,,,,
2447,BRD-K15111910,['60184913'],['COc1cccc(c1)-c1ccc(cc1)[C@H]1[C@H]2CN(C[C@@H]1N2)C(=O)C1CCOCC1'],,,,,
2448,BRD-K15142057,['54638797'],['Cc1ccc(cc1)S(=O)(=O)NCC[C@H]1CC[C@@H](NC(=O)CC2CC2)[C@H](CO)O1'],,,,,
2449,BRD-K15146741,['44487636'],['C[C@@H](CO)N1C[C@@H](C)[C@H](CN(C)Cc2ccncc2)Oc3ccc(NC(=O)CCN4CCOCC4)cc3CC1=O'],,,,,
2450,BRD-K15168329,['54652419'],['OC[C@@H]1[C@H]2[C@H](CN(C(=O)Nc3cccc(Cl)c3)c3ccccc23)N1CC1CCOCC1'],,,,,
2451,BRD-K15171837,['54638387'],['COCCNC(=O)C[C@H]1CC[C@@H](NC(=O)NC2CCCCC2)[C@H](CO)O1'],,,,,
2452,BRD-K15172981,['54631552'],['CO[C@@H]1CN(C)C(=O)c2cc(NS(=O)(=O)c3cn(C)cn3)ccc2OC[C@H](C)N(CC2CC2)C[C@@H]1C'],,,,,
2453,BRD-K15178090,['54631328'],['CO[C@@H]1CN(C)C(=O)c2ccc(NS(C)(=O)=O)cc2OC[C@H](C)N(CC2CCCCC2)C[C@@H]1C'],,,,,
2454,BRD-K15178935,['54638835'],['OC[C@@H]1O[C@@H](CC(=O)Nc2nccs2)CC[C@@H]1NC(=O)CCN1CCCCC1'],,,,,
2455,BRD-K15179096,['54615050'],['C[C@H](CO)N1C[C@@H](C)[C@H](CN(C)CC2CC2)OCCCC[C@@H](C)Oc3ccc(NS(=O)(=O)C)cc3C1=O'],,,,,
2456,BRD-K15181602,['73707594'],['CN(C)CCOc1ccc(CCN)cc1OCCN(C)C'],,,,,
2457,BRD-K15185037,['54654184'],['COCC(=O)Nc1ccc2OC[C@@H]3O[C@@H](CC(=O)N4CCc5ccccc5C4)CC[C@H]3N(C)C(=O)c2c1'],,,,,
2458,BRD-K15206810,['50918583'],['COc1cccc2c(NCc3ccccc3)nc(nc12)-n1c(N)nc2cc(Cl)c(Cl)cc12'],,,,,
2459,BRD-K15219339,['44484956'],['C[C@H](CO)N1C[C@@H](C)[C@@H](CN(C)C)Oc2ccc(NC(=O)C3CC3)cc2C1=O'],,,,,
2460,BRD-K15224350,['54637915'],['C[C@@H](CO)N1C[C@@H](C)[C@@H](CN(C)Cc2cccc(c2)C(=O)O)OCc3ccccc3-c4c(C1=O)n(C)c5ccccc45'],,,,,
2461,BRD-K15226746,['54664936'],['OC[C@@H]1Nc2ccc(cc2[C@@H]2[C@H]1CCN2Cc1ccccc1F)-c1ccccc1'],,,,,
2462,BRD-K15230829,['54657936'],['CN1CCN(CC1)C(=O)C[C@H]1CC[C@H]2[C@@H](COC[C@@H](O)CN2C(=O)c2ccccc2F)O1'],,,,,
2463,BRD-K15232561,['54660722'],['OC[C@@H]1[C@H]2Cn3c(ccc(-c4cccnc4)c3=O)[C@H]2N(CCC(F)(F)F)[C@H]1C(=O)N1CCOCC1'],,,,,
2464,BRD-K15233676,['44498170'],['C[C@@H](CO)N1C[C@@H](C)[C@@H](CN(C)Cc2ccccc2)OCCCC[C@H](C)Oc3ccc(NC(=O)c4ccncc4)cc3C1=O'],,,,,
2465,BRD-K15234288,['54624543'],['C[C@H](CO)N1C[C@H](C)[C@H](CN(C)Cc2cccc(F)c2)Oc3cc(ccc3S1(=O)=O)c4ccccc4'],,,,,
2466,BRD-K15241725,['14580381'],['COc1cc2CCN3C[C@@H](CC(C)C)[C@H](O)C[C@@H]3c2cc1OC'],,,,,
2467,BRD-K15245489,['60185043'],['CCCC(=O)N1C[C@@]2(C1)CN([C@@H](CO)c1[nH]c3cc(OC)ccc3c21)S(=O)(=O)c1ccc(C)cc1'],,,,,
2468,BRD-K15250199,['662619'],['Clc1ccc(CSc2nnc(o2)c3ccncc3)c(Cl)c1'],,,,,
2469,BRD-K15260875,['54646110'],['OC[C@@H]1O[C@H](CC(=O)O)C[C@H]2[C@@H]1Oc3ccc(NC(=O)Nc4ccc(cc4)C(F)(F)F)cc23'],,,,,
2470,BRD-K15262863,['54651198'],['C\\C=C\\c1ccc(cc1)[C@@H]1[C@H](CO)N(CC2CC2)[C@@H]1CNS(C)(=O)=O'],,,,,
2471,BRD-K15277331,['54651461'],['CCC(=O)N(C)C[C@H]1[C@@H]([C@@H](CO)N1C(=O)Cc1ccncc1)c1ccccc1'],,,,,
2472,BRD-K15284276,['44619975'],['C[C@H](CO)N1C[C@H](C)[C@@H](CN(C)C)Oc2ccc(NC(=O)Nc3ccc(cc3)C(F)(F)F)cc2CC1=O'],,,,,
2473,BRD-K15293421,['46916206'],['CC(C)(C)[C@H](NC(=O)c1ccc(cc1)C(F)(F)F)C(=O)N1CCC[C@H]1C(=O)N[C@@H](CC(O)=O)C#N'],,,,,
2474,BRD-K15318079,['54646436'],['CCCNC(=O)C[C@@H]1C[C@@H]2[C@@H](Oc3ccc(NC(=O)COC)cc23)[C@H](CO)O1'],,,,,
2475,BRD-K15328325,['44616619'],['C[C@@H](CO)N1C[C@H](C)[C@@H](CN(C)Cc2ccccc2)OCCCC[C@@H](C)Oc3ccc(NC(=O)c4ccncc4)cc3C1=O'],,,,,
2476,BRD-K15377376,['54657908'],['O[C@H]1CN[C@@H]2CC[C@@H](CC(=O)Nc3nccs3)O[C@H]2COC1'],,,,,
2477,BRD-K15380586,['60185199'],['COc1cccc(CN2C[C@]3(CCN(Cc4ccccn4)CC3)c3c([nH]c4cc(OC)ccc34)[C@H]2CO)c1'],,,,,
2478,BRD-K15384215,['54651392'],['C\\C=C\\c1ccc(cc1)[C@@H]1[C@@H](CO)N([C@H]1CNC(C)=O)C(=O)Cc1cccnc1'],,,,,
2479,BRD-K15389391,['54637788'],['C[C@H](CO)N1C[C@H](C)[C@@H](CN(C)S(=O)(=O)CC(F)(F)F)OCc2ccccc2-c3ccccc3C1=O'],,,,,
2480,BRD-K15400899,['54660962'],['OC[C@@H]1[C@H]2Cn3c(cccc3=O)[C@H]2N(Cc2ccccn2)[C@H]1C(=O)NCCN1CCCCC1'],,,,,
2481,BRD-K15414305,['54645970'],['COc1ccccc1CNC(=O)C[C@@H]2C[C@@H]3[C@@H](Oc4ccc(NC(=O)Nc5ccc(cc5)C(F)(F)F)cc34)[C@@H](CO)O2'],,,,,
2482,BRD-K15419834,['54666454'],['OC[C@H]1[C@@H]([C@H]2CN(Cc3ccccc3F)CCCCN12)c1ccc(cc1)-c1cccc(c1)C#N'],,,,,
2483,BRD-K15420741,['54661090'],['CN(C)C(=O)[C@@H]1[C@@H](CO)[C@@H]2Cn3c(ccc(-c4cccc(F)c4)c3=O)[C@H]1N2Cc1ccccc1'],,,,,
2484,BRD-K15428056,['44505243'],['C[C@@H](CO)N1C[C@@H](C)[C@H](CN(C)Cc2ccc3OCCOc3c2)OCc4cn(CCCC1=O)nn4'],,,,,
2485,BRD-K15440898,['46948701'],['CC(=NOC(=O)c1ccc(I)cc1)c1nccs1'],,,,,
2486,BRD-K15453459,['54649349'],['COc1cccc(CNC(=O)c2cc3CN([C@@H](CCO)c3c(n2)-c2cccc(c2)-c2ccc(cc2)C#N)[S@@](=O)C(C)(C)C)c1'],,,,,
2487,BRD-K15457570,['54660895'],['CCCN1[C@H]([C@H](CO)[C@H]2Cn3c(ccc(-c4ccccc4OC)c3=O)[C@@H]12)C(=O)Nc1nccs1'],,,,,
2488,BRD-K15460493,['54660899'],['OC[C@H]1[C@@H]2Cn3c(ccc(-c4ccc(F)cc4)c3=O)[C@H]([C@@H]1C(O)=O)N2CC1CCCCC1'],,,,,
2489,BRD-K15464148,['54650175'],['OC[C@H]1N[C@H](C#N)[C@H]1c1ccc(cc1)C#Cc1ccccc1F'],,,,,
2490,BRD-K15466057,['54652482'],['COCC(=O)N1[C@@H](CO)[C@H]2[C@@H]1CN(C(=O)Nc1cc(F)ccc1F)c1ccccc21'],,,,,
2491,BRD-K15467014,['133407'],['CN(C)CCCN1c2ccc(cc2CCc3cc(ccc13)[N+](=O)[O-])[N+](=O)[O-]'],,,,,
2492,BRD-K15475572,['16749997'],['O=C(NCc1ccccc1)c1cccc(c1)-n1sc2ccccc2c1=O'],,,,,
2493,BRD-K15476875,['54646433'],['COc1ccc(NC(=O)Nc2ccc3O[C@@H]4[C@@H](C[C@@H](CC(=O)NC5CCCCC5)O[C@@H]4CO)c3c2)cc1'],,,,,
2494,BRD-K15477190,['54638956'],['C[C@H](NC(=O)C[C@H]1O[C@@H](CO)[C@@H](NC(=O)Nc2ccc3OCOc3c2)C=C1)c1ccccc1'],,,,,
2495,BRD-K15505145,['44485749'],['C[C@H](CO)N1C[C@@H](C)[C@@H](CN(C)C(=O)Nc2cccc(Oc3ccccn3)c2)OCc4cn(CCCC1=O)nn4'],,,,,
2496,BRD-K15507118,['44492308'],['C[C@@H](CO)N1C[C@@H](C)[C@@H](CN(C)C(=O)NC2CCCCC2)Oc3ccc(cc3C1=O)N(C)C'],,,,,
2497,BRD-K15513102,['54654007'],['COc1cccc(NC(=O)C[C@H]2CC[C@H]3[C@H](COc4ccc(NC(=O)C5CCOCC5)cc4C(=O)N3C)O2)c1'],,,,,
2498,BRD-K15524596,['60187514'],['COc1ccc2c3c([C@H](CO)N(C)C[C@]33CCN(CC3)C(=O)c3ccccc3F)n(C)c2c1'],,,,,
2499,BRD-K15525241,['54625696'],['C[C@@H](CO)N1C[C@@H](C)[C@H](CN(C)Cc2ccccc2)Oc3cc(C#CC4CC4)ccc3S1(=O)=O'],,,,,
2500,BRD-K15525634,['54650041'],['CN(C)CC#Cc1ccc(cc1)[C@H]1[C@@H](CO)N[C@H]1C#N'],,,,,
2501,BRD-K15530151,['56835431'],['C[C@@H](CO)N1C[C@H](C)[C@H](CN(C)C(=O)[C@H]2CCCN2C)OCc3ccccc3-c4ccccc4C1=O'],,,,,
2502,BRD-K15531302,['60185126'],['Fc1ccc(cc1)-c1ccc(cc1)[C@H]1[C@@H]2CNC[C@H]1N2S(=O)(=O)c1ccccc1'],,,,,
2503,BRD-K15535200,['54657875'],['O[C@H]1COC[C@H]2O[C@H](CC(=O)NCc3ccc(F)cc3)CC[C@@H]2N(C1)C(=O)c1cnccn1'],,,,,
2504,BRD-K15559773,['54625611'],['C[C@@H](CO)N1C[C@@H](C)[C@@H](CN(C)Cc2ccncc2)Oc3ncc(cc3C1=O)c4ccccc4C'],,,,,
2505,BRD-K15593941,['60191185'],['COc1cccc(c1)-c1ccc(cc1)[C@@H]1[C@@H](CO)N2[C@H]1CN(CC2=O)C(=O)c1cccnc1'],,,,,
2506,BRD-K15594502,['60190946'],['CC(C)C#Cc1ccc(cc1)[C@H]1[C@@H](CO)N2[C@H]1CN(CC2=O)C(=O)NC1CCCC1'],,,,,
2507,BRD-K15600521,['54649898'],['COc1cccc(c1)C#Cc1ccc(cc1)[C@H]1[C@@H](CO)N[C@@H]1C#N'],,,,,
2508,BRD-K15619703,['54618663'],['C[C@H](CO)N1C[C@H](C)[C@H](CN(C)CC2CCOCC2)Oc3cc(ccc3S1(=O)=O)c4cccnc4'],,,,,
2509,BRD-K15626512,['54649970'],['Cc1nc(sc1C)N1[C@H](CO)[C@H]([C@H]1C#N)c1ccccc1'],,,,,
2510,BRD-K15627143,['54665052'],['CN1[C@@H](CO)[C@@H]2CCN([C@@H]2c2cc(ccc12)-c1ccccc1F)S(=O)(=O)c1cccc(C)c1'],,,,,
2511,BRD-K15634164,['54614320'],['C[C@@H](CO)N1C[C@@H](C)[C@H](CN(C)Cc2ccc(cc2)C(F)(F)F)Oc3ccc(NC(=O)Nc4ccc5OCOc5c4)cc3CC1=O'],,,,,
2512,BRD-K15638296,['54626407'],['C[C@@H](CO)N1C[C@@H](C)[C@@H](CN(C)CC2CC2)Oc3cc(ccc3S1(=O)=O)c4ccc(C#N)cc4'],,,,,
2513,BRD-K15639930,['54631789'],['CO[C@@H]1CN(C)C(=O)c2cc(NC(=O)c3cccc(OC)c3)ccc2OC[C@@H](C)N(CCc2ccccc2)C[C@@H]1C'],,,,,
2514,BRD-K15640888,['655490'],['COc1ccc(cc1)S(=O)(=O)n2nc(OC(=O)c3ccccc3)cc2N'],,,,,
2515,BRD-K15650895,['54645879'],['COc1ccc(NC(=O)Nc2ccc3O[C@@H]4[C@@H](C[C@@H](CC(=O)NCC(F)(F)F)O[C@H]4CO)c3c2)cc1'],,,,,
2516,BRD-K15651660,['56835221'],['C[C@H](CO)N1C[C@@H](C)[C@H](CN(C)C(=O)C2CC2)OCc3ccccc3-c4ccccc4C1=O'],,,,,
2517,BRD-K15672523,['44500453'],['C[C@@H](CO)N1C[C@@H](C)[C@H](CN(C)S(=O)(=O)c2ccc(F)cc2)Oc3c(NC(=O)Nc4cccc5ccccc45)cccc3C1=O'],,,,,
2518,BRD-K15679280,['54660831'],['CN(C)CCCNC(=O)[C@H]1[C@H](CO)[C@H]2Cn3c(ccc(-c4ccccc4)c3=O)[C@@H]1N2C(=O)CC1CC1'],,,,,
2519,BRD-K15690570,['54654167'],['CNC(=O)C[C@@H]1CC[C@H]2[C@@H](COc3ccc(NC(=O)c4cc(F)cc(F)c4)cc3C(=O)N2C)O1'],,,,,
2520,BRD-K15695045,['54631477'],['CO[C@H]1CN(C)C(=O)c2cc(NC(=O)c3ccccc3F)ccc2OC[C@H](C)N(CC2CCOCC2)C[C@H]1C'],,,,,
2521,BRD-K15697250,['60189918'],['COc1ccc2c3c([nH]c2c1)[C@@H](CO)N(C[C@]31CCN(C)CC1)C(=O)c1ccccc1'],,,,,
2522,BRD-K15706160,['60189820'],['COc1ccc2c3c([nH]c2c1)[C@@H](CO)N(Cc1cc(F)ccc1F)C[C@]31CN(C1)C(=O)C1CCC1'],,,,,
2523,BRD-K15707609,['54654221'],['CN1[C@@H]2CC[C@@H](CC(=O)N3CCc4ccccc4C3)O[C@@H]2COc2ccc(NS(=O)(=O)c3cccc(F)c3)cc2C1=O'],,,,,
2524,BRD-K15713006,['44505818'],['C[C@@H](CO)N1C[C@H](C)[C@@H](CN(C)C(=O)Nc2ccc(cc2)C(F)(F)F)OCc3cn(CCCC1=O)nn3'],,,,,
2525,BRD-K15719180,['54632024'],['CCC(=O)N1C[C@H](C)[C@@H](CN(C)C(=O)c2ccc(NC(=O)c3ccccc3)cc2OC[C@H]1C)OC'],,,,,
2526,BRD-K15750053,['54638723'],['COc1ccc(cc1)-c1cn(CC[C@H]2CC[C@H](NC(=O)CCN3CCCCC3)[C@@H](CO)O2)nn1'],,,,,
2527,BRD-K15752270,['54657675'],['O[C@H]1CN[C@@H]2CC[C@H](CC(=O)Nc3ccc(cc3)-c3ccccc3)O[C@H]2COC1'],,,,,
2528,BRD-K15768839,['71760243'],['CCS(=O)(=O)N1CC2(C1)[C@@H]([C@H](CO)N2C(=O)C1CCCC1)c1ccc(cc1)\\C=C\\C'],,,,,
2529,BRD-K15778794,['54645871'],['OC[C@@H]1O[C@H](CC(=O)N2CCc3ccccc3C2)C[C@@H]4[C@H]1Oc5ccc(NC(=O)c6ccc7OCOc7c6)cc45'],,,,,
2530,BRD-K15790516,['54615064'],['C[C@H](CO)N1C[C@@H](C)[C@H](CN(C)CC2CC2)OCCCC[C@@H](C)Oc3ccc(NC(=O)c4ccccc4)cc3C1=O'],,,,,
2531,BRD-K15793745,['54658021'],['COc1cccc(c1)S(=O)(=O)N1C[C@H](O)COC[C@@H]2O[C@@H](CC(=O)N3CCN(CC3)c3ccccc3)CC[C@@H]12'],,,,,
2532,BRD-K15804688,['54657622'],['CN(C)C(=O)C[C@H]1CC[C@H]2[C@@H](COC[C@H](O)CN2C(=O)C2CCCC2)O1'],,,,,
2533,BRD-K15814728,['44491385'],['CC(C)NC(=O)Nc1cccc2C(=O)N(C[C@@H](C)[C@@H](CN(C)Cc3ccc(Cl)c(Cl)c3)Oc12)[C@H](C)CO'],,,,,
2534,BRD-K15825608,['44616698'],['C[C@@H](CO)N1C[C@H](C)[C@H](CN(C)C(=O)Nc2ccc(cc2)C(F)(F)F)OCCCC[C@H](C)Oc3ccc(NC(=O)NC4CCCCC4)cc3C1=O'],,,,,
2535,BRD-K15845256,['44487410'],['C[C@@H](CO)N1C[C@H](C)[C@H](CN(C)C(=O)c2ccccc2)OCc3cn(CCCC1=O)nn3'],,,,,
2536,BRD-K15858225,['60189873'],['COc1ccc2c3c([nH]c2c1)[C@H](CO)N(CC1CC1)C[C@]31CN(C1)C(=O)NC1CCCC1'],,,,,
2537,BRD-K15882173,['54652511'],['Cc1ccc(cc1)S(=O)(=O)N1C[C@@H]2[C@@H]([C@@H](CO)N2Cc2cccnc2)c2ccccc12'],,,,,
2538,BRD-K15885023,['53338818'],['Oc1ccc(-c2nn[nH]n2)c2cccnc12'],,,,,
2539,BRD-K15886574,['54652434'],['OC[C@H]1[C@@H]2[C@@H](CN(C(=O)Nc3ccc(F)cc3)c3ccccc23)N1C(=O)c1cccnc1'],,,,,
2540,BRD-K15888437,['3092570'],['CCc1cc2c(=O)c(c3nc4ccccc4n3C)c(C)oc2cc1OC(=O)C'],,,,,
2541,BRD-K15892609,['54638820'],['OC[C@H]1O[C@@H](CC(=O)NCc2ccc(Cl)cc2)CC[C@H]1NC(=O)CC1CC1'],,,,,
2542,BRD-K15895141,['54637880'],['C[C@H](CO)N1C[C@@H](C)[C@@H](CN(C)S(=O)(=O)Cc2ccccc2)OCc3ccccc3-c4c(C1=O)n(C)c5ccccc45'],,,,,
2543,BRD-K15912020,['54596125'],['CS(=O)(=O)N1[C@@H]2Cn3c(cccc3=O)[C@H]1[C@H]([C@@H]2CO)C(=O)NCc1ccccc1'],,,,,
2544,BRD-K15912359,['51358831'],['C[C@@H](CO)N1C[C@@H](C)[C@H](CN(C)C(=O)Nc2ccc(cc2)N3CCN(C)CC3)OCc4cn(CCCC1=O)nn4'],,,,,
2545,BRD-K15916856,['44494120'],['C[C@@H](CO)N1C[C@@H](C)[C@@H](CN(C)S(=O)(=O)c2ccccc2)OCCCC[C@H](C)Oc3ccc(NC(=O)CCCN(C)C)cc3C1=O'],,,,,
2546,BRD-K15918270,['54652701'],['OC[C@@H]1[C@@H]2[C@@H](CN(C(=O)Nc3cc(F)ccc3F)c3ccccc23)N1Cc1cccnc1'],,,,,
2547,BRD-K15923694,['44486961'],['C[C@H](CO)N1C[C@H](C)[C@H](CN(C)C(=O)OCc2ccccc2)OCc3cn(CCCC1=O)nn3'],,,,,
2548,BRD-K15923759,['44493556'],['COc1ccc(cc1)S(=O)(=O)Nc2ccc3O[C@@H](CN(C)S(=O)(=O)c4ccc(OC)cc4)[C@H](C)CN([C@H](C)CO)C(=O)Cc3c2'],,,,,
2549,BRD-K15935695,['54649491'],['CO[C@H]1CC[C@@H]2CCN(C)C(=O)[C@@H](C)[C@@H](CN(C)C(=O)c3cccc(C#N)c3OC[C@@H]1O2)OC'],,,,,
2550,BRD-K15950605,['54614994'],['CC(C)NC(=O)Nc1ccc2O[C@@H](C)CCCCO[C@H](CN(C)C(=O)NC(C)C)[C@H](C)CN([C@@H](C)CO)C(=O)c2c1'],,,,,
2551,BRD-K15955205,['54654262'],['C[C@@H](NC(=O)C[C@H]1CC[C@@H]2[C@@H](COc3ccc(NS(=O)(=O)c4ccc(Cl)cc4)cc3C(=O)N2C)O1)c1ccccc1'],,,,,
2552,BRD-K15958865,['54660996'],['OC[C@H]1[C@@H]2Cn3c(ccc(C4=CCCC4)c3=O)[C@H]([C@@H]1C(=O)NCc1ccccn1)N2Cc1cccnc1'],,,,,
2553,BRD-K15960830,['44491421'],['C[C@@H](CO)N1C[C@H](C)[C@@H](CN(C)Cc2ccc(cc2)C(F)(F)F)Oc3ccc(NC(=O)Cc4ccccc4)cc3CC1=O'],,,,,
2554,BRD-K15966733,['54657918'],['CCNC(=O)C[C@H]1CC[C@H]2[C@@H](COC[C@H](O)CN2C(=O)C2CCOCC2)O1'],,,,,
2555,BRD-K15973523,['54637777'],['C[C@H](CO)N1C[C@H](C)[C@@H](CN(C)C(=O)[C@H](Cc2ccccc2)N(C)C)OCc3ccccc3-c4ccccc4C1=O'],,,,,
2556,BRD-K15980298,['54646391'],['COC(=O)C[C@@H]1C[C@@H]2[C@@H](Oc3ccc(NS(=O)(=O)C)cc23)[C@@H](CO)O1'],,,,,
2557,BRD-K15987804,['44500358'],['C[C@H](CO)N1C[C@@H](C)[C@H](CN(C)CC2CCCCC2)Oc3ccc(NC(=O)Nc4ccc(F)cc4)cc3CC1=O'],,,,,
2558,BRD-K15989099,['54661270'],['COCCNC(=O)[C@H]1[C@H](CO)[C@H]2Cn3c(ccc(-c4ccccc4F)c3=O)[C@H]2N1C(=O)C1CCCC1'],,,,,
2559,BRD-K15990364,['54660880'],['COc1cccc(c1)-c1ccc2[C@H]3[C@@H](Cn2c1=O)[C@H](CO)[C@H](N3C)C(=O)NCCN1CCCCC1'],,,,,
2560,BRD-K15998522,['44491778'],['C[C@@H](CO)N1C[C@@H](C)[C@@H](CN(C)CC2CCCCC2)Oc3ccc(NC(=O)CCCN(C)C)cc3C1=O'],,,,,
2561,BRD-K16009699,['54660865'],['COc1ccccc1-c1ccc2[C@H]3[C@@H](Cn2c1=O)[C@H](CO)[C@H](N3S(C)(=O)=O)C(=O)NCC1CC1'],,,,,
2562,BRD-K16010201,['44490584'],['COc1ccc(CN(C)C[C@@H]2Oc3ccc(NC(=O)NC(C)C)cc3C(=O)N(C[C@@H]2C)[C@H](C)CO)cc1'],,,,,
2563,BRD-K16026651,['54655756'],['COC(=O)C[C@H]1CC[C@H]2[C@@H](COc3ccc(NC(=O)c4cc(F)cc(F)c4)cc3C(=O)N2C)O1'],,,,,
2564,BRD-K16026816,['54651199'],['CCNC[C@@H]1[C@@H]([C@H](CO)N1S(C)(=O)=O)c1ccc(cc1)-c1ccc(F)cc1'],,,,,
2565,BRD-K16030225,['54646185'],['COc1ccccc1CNC(=O)C[C@H]2C[C@H]3[C@H](Oc4ccc(NC(=O)C5CCOCC5)cc34)[C@H](CO)O2'],,,,,
2566,BRD-K16034108,['54658105'],['O[C@@H]1COC[C@@H]2O[C@H](CC(=O)NCc3cccc(F)c3)CC[C@H]2N(C1)C(=O)c1ccncc1'],,,,,
2567,BRD-K16046246,['44489706'],['C[C@H](CO)N1C[C@H](C)[C@@H](CN(C)C(=O)Nc2cccc3ccccc23)OCCCC[C@@H](C)Oc4ccc(NC(=O)c5ccncc5)cc4C1=O'],,,,,
2568,BRD-K16048293,['54660725'],['CC(C)NC(=O)N1[C@H]([C@H](CO)[C@H]2Cn3c(ccc(-c4ccccc4F)c3=O)[C@@H]12)C(=O)NC1CCC1'],,,,,
2569,BRD-K16050964,['54615015'],['CC(C)NC(=O)N(C)C[C@H]1OCCCC[C@H](C)Oc2ccc(NC(=O)c3ccccc3)cc2C(=O)N(C[C@@H]1C)[C@H](C)CO'],,,,,
2570,BRD-K16051505,['16253428'],['Cc1ccc(cc1)-c1csc(NC(=O)CSc2nnc3cc(C)c4ccccc4n23)n1'],,,,,
2571,BRD-K16057611,['23778539'],['C[C@@H]1[C@H]([C@H](CCO)O[C@@]12C(=O)N(Cc3ccc(cc3)N4CCCCC4=O)c5ccccc52)[Si](C)(C)F'],,,,,
2572,BRD-K16063494,['54646352'],['OC[C@H]1O[C@@H](CC(=O)NCc2cccnc2)C[C@H]3[C@@H]1Oc4ccc(NC(=O)Nc5ccc(cc5)C(F)(F)F)cc34'],,,,,
2573,BRD-K16063772,['54665084'],['COc1ccc(cc1)C#Cc1ccc2N[C@H](CO)[C@H]3CCN([C@H]3c2c1)C(=O)c1cccc(F)c1'],,,,,
2574,BRD-K16074065,['60189748'],['CCCNC(=O)N1[C@H](CO)[C@@H](c2ccccc2)C11CN(C1)C(=O)C1CCCCC1'],,,,,
2575,BRD-K16075454,['54646336'],['OC[C@H]1O[C@@H](CC(=O)NCc2cc(F)ccc2F)C[C@H]3[C@@H]1Oc4ccc(NC(=O)C5CCOCC5)cc34'],,,,,
2576,BRD-K16097209,['71760344'],['COc1ccc2c3c([C@H](CO)N(C[C@]33CCN(CC3)C(=O)Nc3ccccc3F)C(C)=O)n(C)c2c1'],,,,,
2577,BRD-K16106362,['60190214'],['COc1ccc2c3c([C@@H](CO)NC[C@]33CCN(Cc4ccncc4)CC3)n(C)c2c1'],,,,,
2578,BRD-K16110862,['54638013'],['C[C@H](CO)N1C[C@H](C)[C@H](CN(C)S(=O)(=O)c2ccccc2C)OCc3ccccc3-c4ccccc4C1=O'],,,,,
2579,BRD-K16113530,['54661334'],['CN(C)C(=O)[C@H]1[C@H](CO)[C@H]2Cn3c(ccc(C4=CCCCC4)c3=O)[C@H]2N1Cc1ccccn1'],,,,,
2580,BRD-K16117792,['54654164'],['CNC(=O)C[C@@H]1CC[C@@H]2[C@H](COc3ccc(NC(=O)c4cc(F)cc(F)c4)cc3C(=O)N2C)O1'],,,,,
2581,BRD-K16121755,['54646052'],['COc1ccccc1CNC(=O)C[C@H]2C[C@H]3[C@H](Oc4ccc(cc34)N(C)C)[C@H](CO)O2'],,,,,
2582,BRD-K16126971,['60184845'],['COc1ccc2c3c([C@H](CO)N(Cc4cccc(F)c4)C[C@]33CCN(CC3)C(=O)Cc3ccccc3)n(C)c2c1'],,,,,
2583,BRD-K16128171,['60187989'],['OC[C@H]1[C@H]([C@@H](C#N)N1C(=O)NC1CCCCC1)c1ccccc1C1=CCCCC1'],,,,,
2584,BRD-K16144417,['60184907'],['COc1ccc2c3c([C@H](CO)N(Cc4ccccc4F)C[C@]33CCN(CC3)C(=O)C3CCOCC3)n(C)c2c1'],,,,,
2585,BRD-K16149111,['60185027'],['C\\C=C\\c1ccc(cc1)[C@@H]1[C@H]2CN(C[C@@H]1N2)C(=O)NC1CCCCC1'],,,,,
2586,BRD-K16149503,['54646160'],['OC[C@H]1O[C@H](CC(=O)NCCN2CCCCC2)C[C@@H]3[C@H]1Oc4ccc(NC(=O)Cc5ccncc5)cc34'],,,,,
2587,BRD-K16157799,['60189916'],['COc1ccc2c3c([nH]c2c1)[C@H](CO)N(C)C[C@]31CCN(CC1)S(=O)(=O)c1cn(C)cn1'],,,,,
2588,BRD-K16158586,['54632110'],['CO[C@H]1CN(C)C(=O)c2ccc(NC(=O)Nc3ccccc3F)cc2OC[C@@H](C)N(CC2CC2)C[C@H]1C'],,,,,
2589,BRD-K16172779,['54631934'],['CO[C@H]1CN(C)C(=O)c2cc(NC(=O)C3CCCCC3)ccc2OC[C@H](C)NC[C@H]1C'],,,,,
2590,BRD-K16172814,['60191354'],['OC[C@H]1[C@@H]([C@H]2CNCC(=O)N12)c1ccc(cc1)-c1ccc(cc1)C#N'],,,,,
2591,BRD-K16173196,['44617289'],['C[C@@H](CO)N1C[C@@H](C)[C@H](CN(C)C(=O)c2ccccc2)OCCCC[C@H](C)Oc3ccc(NC(=O)c4ccccc4)cc3C1=O'],,,,,
2592,BRD-K16180117,['6729968'],['COCCOC(=O)N1C(=O)[C@@]2([C@H]([C@H]3N([C@H]2c4ccc(OCCO)cc4)[C@@H]([C@@H](OC3=O)c5ccccc5)c6ccccc6)C(=O)N7CCN(CC7)c8ncccn8)c9cc(C#CCC(C(=O)OC)C(=O)OC)ccc19'],,,,,
2593,BRD-K16195716,['60191026'],['OC[C@H]1[C@@H]([C@@H]2CN(CC(=O)N12)C(=O)c1cccc(F)c1)c1ccc(\\C=C\\c2ccccc2)cc1'],,,,,
2594,BRD-K16195900,['54638757'],['COC(=O)C[C@H]1CC[C@@H](NS(=O)(=O)c2ccccc2F)[C@@H](CO)O1'],,,,,
2595,BRD-K16210823,['54618612'],['C[C@H](CO)N1C[C@H](C)[C@@H](CN(C)Cc2ccccc2C(=O)O)Oc3cc(ccc3S1(=O)=O)c4ccc(F)cc4'],,,,,
2596,BRD-K16227029,['60189280'],['O[C@H]1COC[C@@H]2O[C@@H](CC(=O)NCc3ccc(Cl)cc3)CC[C@H]2N(CC2CCCC2)C1'],,,,,
2597,BRD-K16229712,['56835515'],['C[C@H](CO)N1C[C@@H](C)[C@H](CN(C)C(=O)Nc2c(C)noc2C)OCc3ccccc3-c4ccccc4C1=O'],,,,,
2598,BRD-K16255194,['54654401'],['COc1ccc(cc1)C(=O)Nc1ccc2OC[C@@H]3O[C@@H](CC(=O)NCC4CC4)CC[C@@H]3N(C)C(=O)c2c1'],,,,,
2599,BRD-K16256442,['54637918'],['C[C@H](CO)N1C[C@@H](C)[C@H](CN(C)C(=O)Nc2ccc(F)cc2)OCc3ccccc3-c4c(C1=O)n(C)c5ccccc45'],,,,,
2600,BRD-K16257721,['54638227'],['COc1ccc(cc1)S(=O)(=O)N[C@@H]1C=C[C@H](CC(=O)NCCc2ccncc2)O[C@H]1CO'],,,,,
2601,BRD-K16257790,['49843132'],['C[C@@H](CO)N1C[C@@H](C)[C@H](CN(C)CC2CC2)OCCCC[C@H](C)Oc3ccc(NC(=O)Nc4c(C)noc4C)cc3C1=O'],,,,,
2602,BRD-K16274875,['60185283'],['O=C(C1CC1)N1C[C@H]2N[C@@H](C1)[C@@H]2c1ccc(cc1)-c1cncnc1'],,,,,
2603,BRD-K16290432,['23863781'],['OCCCOc1ccc(cc1)C2=N[C@@](Cc3ccccc3CN=[N+]=[N-])([C@@H](O2)c4ccccc4)C(=O)NCc5ccccc5'],,,,,
2604,BRD-K16297709,['10724564'],['C[C@@H]1C[C@H](O[C@@H]2O[C@@H](C)[C@H](O[C@@H]3O[C@H](COC(=O)C)[C@@H](O)[C@H](O)[C@H]3O)[C@@H](O)[C@H]2O)[C@]4(C)[C@H](CCC=C4C)[C@@]1(C)CC[C@](C)(O[C@@H]5O[C@H](C)[C@H](O[C@@H]6O[C@@H](C)[C@H](O)[C@@H](O)[C@H]6O)[C@H](O)[C@H]5O)C=C'],,,,,
2605,BRD-K16300438,['4919237'],['COc1ccc(NC2=C(NC(=O)C)C(=O)c3ccccc3C2=O)cc1'],,,,,
2606,BRD-K16306049,['54646515'],['OC[C@H]1O[C@@H](CC(=O)NCc2ccc(Oc3ccccc3)cc2)C[C@H]4[C@@H]1Oc5ccc(NS(=O)(=O)c6ccc(F)cc6)cc45'],,,,,
2607,BRD-K16309743,['876559'],['COc1ccccc1CN2CCN(Cc3cccnc3)CC2'],,,,,
2608,BRD-K16318272,['60185067'],['COc1ccc2c3c([nH]c2c1)[C@H](CO)N(C[C@]31CCN(CC2CCOCC2)CC1)C(=O)Nc1ccc(F)cc1'],,,,,
2609,BRD-K16323731,['54657644'],['CN1CCN(CC1)C(=O)C[C@H]1CC[C@@H]2[C@H](COC[C@H](O)CN2C(=O)Nc2ccc3OCOc3c2)O1'],,,,,
2610,BRD-K16329066,['60185130'],['Fc1ccccc1-c1ccc(cc1)[C@H]1[C@H]2CN(Cc3ccccn3)C[C@@H]1N2'],,,,,
2611,BRD-K16331350,['54649516'],['CO[C@@H]1CC[C@@H]2CCN(C)C(=O)[C@@H](C)[C@@H](CN(C)C(=O)c3cc(ccc3OC[C@@H]1O2)C#N)OC'],,,,,
2612,BRD-K16331660,['23891545'],['COc1ccccc1CN2[C@@H](c3ccc(CO)cc3)[C@]4(Cc5ccccc5N(CC(F)(F)F)C4=O)c6ccccc6C2=O'],,,,,
2613,BRD-K16332856,['54646514'],['OC[C@H]1O[C@H](CC(=O)NCc2cc(F)ccc2F)C[C@@H]3[C@H]1Oc4ccc(NC(=O)c5ccc6OCOc6c5)cc34'],,,,,
2614,BRD-K16339566,['54631308'],['CO[C@H]1CN(C)C(=O)c2ccc(NC(=O)C3CCOCC3)cc2OC[C@@H](C)NC[C@H]1C'],,,,,
2615,BRD-K16346331,['2218860'],['CCOc1ccccc1C(=O)Oc2c(c(C)nn2c3ccccc3)S(=O)(=O)c4ccc(C)cc4'],,,,,
2616,BRD-K16347954,['54660748'],['OC[C@H]1[C@@H]2Cn3c(ccc(C4=CCCC4)c3=O)[C@H]([C@@H]1C(=O)N1CCOCC1)N2C(=O)c1ccncc1'],,,,,
2617,BRD-K16348047,['54649350'],['COc1cccc(CNC(=O)c2cc3CN([C@H](CCO)c3c(n2)-c2cccc(c2)-c2ccc(cc2)C#N)[S@](=O)C(C)(C)C)c1'],,,,,
2618,BRD-K16358524,['50897562'],['COc1c(ccc2OC(C)(C)C=Cc12)C(=O)\\C=C\\c1ccccc1'],,,,,
2619,BRD-K16360094,['44619967'],['C[C@H](CO)N1C[C@@H](C)[C@H](CN(C)Cc2ccc(cc2)C(F)(F)F)OCCCC[C@@H](C)Oc3ccc(NC(=O)c4ccncc4)cc3C1=O'],,,,,
2620,BRD-K16370162,['44500836'],['C[C@@H](CO)N1C[C@H](C)[C@@H](CN(C)Cc2ccncc2)Oc3ccc(NC(=O)Nc4cccc5ccccc45)cc3CC1=O'],,,,,
2621,BRD-K16383683,['60191186'],['CCS(=O)(=O)N1C[C@@H]2[C@@H]([C@@H](CO)N2C(=O)C1)c1ccc(cc1)-c1cccc(F)c1'],,,,,
2622,BRD-K16399103,['54637910'],['C[C@@H](CO)N1C[C@H](C)[C@@H](CN(C)C(=O)CCN(C)C)OCc2ccccc2-c3ccccc3C1=O'],,,,,
2623,BRD-K16401691,['54654540'],['CN1[C@@H]2CC[C@@H](CC(=O)NCC3CCCCC3)O[C@@H]2COc2ccc(NC(=O)c3cnccn3)cc2C1=O'],,,,,
2624,BRD-K16410418,['54646219'],['CN(C)c1ccc2O[C@@H]3[C@@H](C[C@@H](CC(=O)NCc4ccc(Oc5ccccc5)cc4)O[C@H]3CO)c2c1'],,,,,
2625,BRD-K16413530,['54649981'],['COc1ccc(cc1)-c1ccc(cc1)[C@@H]1[C@H](CO)N([C@@H]1C#N)C(=O)NC1CCCCC1'],,,,,
2626,BRD-K16422757,['54658075'],['O[C@@H]1COC[C@H]2O[C@@H](CC(=O)NCCc3ccccc3)CC[C@@H]2N(Cc2ccc(Cl)cc2)C1'],,,,,
2627,BRD-K16425314,['54660774'],['OC[C@H]1[C@@H]2Cn3c(cccc3=O)[C@H]([C@@H]1C(=O)NCc1ccc(F)cc1)N2C(=O)Cc1ccccn1'],,,,,
2628,BRD-K16464815,['54615076'],['COc1ccc(NC(=O)Nc2ccc3O[C@H](C)CCCCO[C@H](CN(C)CC4CC4)[C@H](C)CN([C@@H](C)CO)C(=O)c3c2)cc1'],,,,,
2629,BRD-K16466792,['54654586'],['COc1cccc(c1)C(=O)Nc1ccc2OC[C@H]3O[C@@H](CC(=O)NCCCN4CCOCC4)CC[C@H]3N(C)C(=O)c2c1'],,,,,
2630,BRD-K16472144,['9551230'],['Cc1ccc(cc1)S(=O)(=O)NCc2ccc(cc2)C(=O)N3CCN(Cc4ccccc4)CC3'],,,,,
2631,BRD-K16472441,['54654488'],['CN1[C@H]2CC[C@@H](CC(=O)NCc3ccc(Cl)cc3)O[C@H]2COc2ccc(NC(=O)Nc3c(C)noc3C)cc2C1=O'],,,,,
2632,BRD-K16479870,['54619161'],['C[C@@H](CO)N1C[C@H](C)[C@@H](CN(C)C(=O)Nc2cc(F)ccc2F)Oc3cc(C#CC4CCCC4)ccc3S1(=O)=O'],,,,,
2633,BRD-K16481946,['60185145'],['CCCNC(=O)N1C[C@]2(CN(C2)C(=O)Cc2cccnc2)c2c([nH]c3cc(OC)ccc23)[C@@H]1CO'],,,,,
2634,BRD-K16483711,['60189798'],['CCCNC(=O)N1C[C@]2(CN(C2)C(=O)c2cnccn2)c2c([nH]c3cc(OC)ccc23)[C@@H]1CO'],,,,,
2635,BRD-K16506419,['54631738'],['CO[C@H]1CN(C)C(=O)c2cc(NC(=O)C3CCC3)ccc2OC[C@@H](C)N(C)C[C@@H]1C'],,,,,
2636,BRD-K16506804,['54646415'],['CN(C)c1ccc2O[C@H]3[C@H](C[C@H](CC(=O)N4CCc5ccccc5C4)O[C@H]3CO)c2c1'],,,,,
2637,BRD-K16512302,['54661363'],['OC[C@H]1[C@@H]2Cn3c(cccc3=O)[C@@H]2N([C@@H]1C(=O)NCC(F)(F)F)C(=O)C1CC1'],,,,,
2638,BRD-K16533918,['54650107'],['COc1ccccc1NC(=O)N1[C@@H](CO)[C@H]([C@@H]1C#N)c1ccccc1'],,,,,
2639,BRD-K16535949,['44488211'],['CC(C)NC(=O)N(C)C[C@H]1OCCCC[C@H](C)Oc2ccc(NC(=O)CCC(F)(F)F)cc2C(=O)N(C[C@H]1C)[C@H](C)CO'],,,,,
2640,BRD-K16541732,['23777756'],['COc1ccc(cc1)[Si](C)(C)[C@H]2[C@H](C)[C@]3(O[C@@H]2CC(=O)N(CCO)Cc4ccccc4)C(=O)N(Cc5ccc(cc5)N6CCOC6=O)c7ccccc73'],,,,,
2641,BRD-K16552772,['60191249'],['CS(=O)(=O)N1C[C@H]2[C@@H]([C@H](CO)N2C(=O)C1)c1ccc(Br)cc1'],,,,,
2642,BRD-K16561280,['44485087'],['CC(C)NC(=O)Nc1ccc2O[C@@H](C)CCCCO[C@H](CN(C)C(=O)c3ccncc3)[C@H](C)CN([C@H](C)CO)C(=O)c2c1'],,,,,
2643,BRD-K16561564,['56835419'],['CC(C)COC(=O)N(C)C[C@@H]1OCc2ccccc2-c3ccccc3C(=O)N(C[C@H]1C)[C@H](C)CO'],,,,,
2644,BRD-K16563572,['44617325'],['C[C@H](CO)N1C[C@H](C)[C@@H](CN(C)Cc2ccc(cc2)C(F)(F)F)Oc3ccc(NC(=O)Nc4ccccc4)cc3CC1=O'],,,,,
2645,BRD-K16567490,['46903556'],['C[C@H](CO)N1C[C@@H](C)[C@H](CN(C)C(=O)Cc2cccnc2)Oc3cc(ccc3S1(=O)=O)C4=CCCCC4'],,,,,
2646,BRD-K16604360,['6603798'],['CCCN1CCc2cc(O)cc-3c2[C@H]1Cc4ccc(O)c(O)c43'],,,,,
2647,BRD-K16618170,['44620895'],['Cc1ccc(OCCOc2ccc(Cl)cc2Cl)c(Br)n1'],,,,,
2648,BRD-K16619158,['56835386'],['CO[C@H](C(=O)N(C)C[C@H]1OCc2ccccc2-c3c(C(=O)N(C[C@@H]1C)[C@H](C)CO)n(C)c4ccccc34)c5ccccc5'],,,,,
2649,BRD-K16621373,['60189868'],['COc1ccc2c3c([nH]c2c1)[C@H](CO)N(Cc1ccccc1)C[C@]31CN(C1)C(=O)Nc1cccc(F)c1'],,,,,
2650,BRD-K16625384,['44493807'],['C[C@@H](CO)N1C[C@@H](C)[C@@H](CN(C)Cc2ccc(cc2)C(=O)O)Oc3ccc(NC(=O)Cc4ccccc4)cc3C1=O'],,,,,
2651,BRD-K16636143,['54649316'],['CO[C@H](CN(C)S(=O)(=O)c1cccc(Cl)c1)[C@H](C)CN([C@H](C)CO)S(=O)(=O)c1ccc(Cl)cc1'],,,,,
2652,BRD-K16643204,['60190079'],['COc1ccc2c3c([C@@H](CO)N(C[C@]33CCN(CC3)C(=O)Nc3cccc(F)c3)C(=O)CN3CCOCC3)n(C)c2c1'],,,,,
2653,BRD-K16667431,['54649927'],['CN(C)C(=O)c1ccc(cc1)-c1ccc(cc1)[C@@H]1[C@@H](CO)N([C@H]1C#N)S(C)(=O)=O'],,,,,
2654,BRD-K16670827,['44505441'],['COc1ccc(NC(=O)N(C)C[C@H]2OCc3cn(CCCC(=O)N(C[C@H]2C)[C@@H](C)CO)nn3)c(OC)c1'],,,,,
2655,BRD-K16671107,['44485068'],['C[C@H](CO)N1C[C@@H](C)[C@@H](CN(C)C(=O)Nc2ccc(cc2)N3CCN(C)CC3)OCc4cnnn4CCCC1=O'],,,,,
2656,BRD-K16673836,['54664945'],['CN(C)C(=O)c1cccc(c1)-c1ccc2N[C@H](CO)[C@@H]3CCN(Cc4nccs4)[C@@H]3c2c1'],,,,,
2657,BRD-K16704189,['54639027'],['OC[C@@H]1O[C@@H](CCn2cc(Cc3ccccc3)nn2)CC[C@@H]1NC(=O)Nc1cccc(Cl)c1'],,,,,
2658,BRD-K16705018,['54646075'],['CN1CCN(CC1)C(=O)C[C@@H]2C[C@@H]3[C@@H](Oc4ccc(NS(=O)(=O)C)cc34)[C@H](CO)O2'],,,,,
2659,BRD-K16714380,['54631319'],['CO[C@@H]1CN(C)C(=O)c2cc(NC(=O)C3CC3)ccc2OC[C@H](C)N(C[C@H]1C)C(=O)c1cccnc1'],,,,,
2660,BRD-K16717061,['54619060'],['CCCC#Cc1cnc2O[C@@H](CN(C)C(=O)Nc3cccc(F)c3)[C@H](C)CN([C@@H](C)CO)C(=O)c2c1'],,,,,
2661,BRD-K16724492,['54657985'],['COc1ccccc1CNC(=O)C[C@H]1CC[C@@H]2[C@H](COC[C@H](O)CN2Cc2cccc(c2)-c2ccncc2)O1'],,,,,
2662,BRD-K16741885,['54637762'],['C[C@H](CO)N1C[C@H](C)[C@@H](CN(C)C(=O)c2c(C)noc2C)OCc3ccccc3-c4ccccc4C1=O'],,,,,
2663,BRD-K16752617,['54638218'],['OC[C@H]1O[C@H](CC(=O)Nc2ccccc2)CC[C@@H]1NC(=O)C1CC1'],,,,,
2664,BRD-K16752930,['54631754'],['CCCC(=O)Nc1ccc2c(OC[C@H](C)N(C[C@H](C)[C@@H](CN(C)C2=O)OC)C(=O)CN(C)C)c1'],,,,,
2665,BRD-K16769902,['60189733'],['CCS(=O)(=O)N1C[C@@]2(C1)CN([C@@H](CO)c1[nH]c3cc(OC)ccc3c21)C(=O)c1ccc(F)cc1'],,,,,
2666,BRD-K16772343,['54652537'],['CCCNC(=O)N1[C@@H](CO)[C@@H]2[C@H]1CN(C(=O)C1CCC1)c1ccccc21'],,,,,
2667,BRD-K16775575,['54654425'],['CCS(=O)(=O)Nc1ccc2OC[C@@H]3O[C@@H](CC(=O)N[C@@H]4CCN(Cc5ccccc5)C4)CC[C@@H]3N(C)C(=O)c2c1'],,,,,
2668,BRD-K16778485,['54649395'],['CCNC(=O)c1cc2CN([C@@H](CCO)c2c(n1)-c1cccc(c1)-c1cccc(c1)C(=O)N(C)C)[S@@](=O)C(C)(C)C'],,,,,
2669,BRD-K16782389,['54657812'],['Cc1ccc(cc1)S(=O)(=O)N1C[C@@H](O)COC[C@H]2O[C@H](CC(=O)NCc3ccc4OCOc4c3)CC[C@H]12'],,,,,
2670,BRD-K16782770,['54646744'],['OC[C@H]1O[C@H](CC(=O)NCCc2ccccc2)C[C@@H]3[C@H]1Oc4ccc(NC(=O)c5ccc6OCOc6c5)cc34'],,,,,
2671,BRD-K16792691,['54645889'],['CN(C)C(=O)C[C@H]1C[C@H]2[C@H](Oc3ccc(NC(=O)Nc4ccc(F)cc4)cc23)[C@@H](CO)O1'],,,,,
2672,BRD-K16794723,['54661210'],['CN(C)C(=O)[C@@H]1[C@@H](CO)[C@@H]2Cn3c(ccc(-c4ccncc4)c3=O)[C@H]1N2CC1CC1'],,,,,
2673,BRD-K16796151,['54665020'],['CN(C)C(=O)c1ccc(cc1)-c1ccc2N[C@@H](CO)[C@@H]3CCN([C@@H]3c2c1)S(=O)(=O)c1cn(C)cn1'],,,,,
2674,BRD-K16811158,['44617870'],['COc1ccc(cc1)S(=O)(=O)N(C)C[C@H]2OCCCC[C@H](C)Oc3ccc(NS(=O)(=O)c4cn(C)cn4)cc3C(=O)N(C[C@H]2C)[C@@H](C)CO'],,,,,
2675,BRD-K16813995,['54649534'],['CO[C@@H]1CC[C@H]2CCN(C)C(=O)[C@@H](C)[C@@H](CN(C)C(=O)c3cc(ccc3OC[C@H]1O2)C#N)OC'],,,,,
2676,BRD-K16826857,['54654676'],['COc1cccc(c1)C(=O)Nc1ccc2OC[C@@H]3O[C@@H](CC(=O)N[C@@H](C)c4ccccc4)CC[C@@H]3N(C)C(=O)c2c1'],,,,,
2677,BRD-K16827616,['54664993'],['COc1ccc(cc1)S(=O)(=O)N1CC[C@H]2[C@@H]1c1cc(ccc1N(C)[C@@H]2CO)-c1ccc(F)cc1'],,,,,
2678,BRD-K16827660,['54652465'],['OC[C@@H]1[C@@H]2[C@@H](CN(C(=O)c3ccc4OCOc4c3)c3ccccc23)N1C(=O)CC1CC1'],,,,,
2679,BRD-K16838397,['54652536'],['COc1cccc(c1)C(=O)N1C[C@H]2[C@H]([C@H](CO)N2Cc2ccccc2Cl)c2ccccc12'],,,,,
2680,BRD-K16897811,['60184954'],['COc1ccc2c3c([nH]c2c1)[C@H](CO)N(CC1CC1)C[C@]31CN(C1)C(=O)c1ccc(F)cc1'],,,,,
2681,BRD-K16910145,['54654393'],['CCS(=O)(=O)Nc1ccc2OC[C@H]3O[C@@H](CC(=O)NCCOC)CC[C@H]3N(C)C(=O)c2c1'],,,,,
2682,BRD-K16912444,['44493984'],['C[C@H](CO)N1C[C@@H](C)[C@@H](CN(C)Cc2ccc3OCOc3c2)Oc4c(NC(=O)Nc5cccc6ccccc56)cccc4C1=O'],,,,,
2683,BRD-K16914190,['54665078'],['COc1ccc(cc1)-c1ccc2N(C)[C@@H](CO)[C@H]3CCN([C@H]3c2c1)C(=O)Nc1ccccc1OC'],,,,,
2684,BRD-K16925239,['54631427'],['CO[C@@H]1CN(C)C(=O)c2ccc(NS(=O)(=O)c3cn(C)cn3)cc2OC[C@@H](C)N(Cc2cccc(c2)C(F)(F)F)C[C@H]1C'],,,,,
2685,BRD-K16925374,['458876'],['CC(=O)Nc1ccc(NS(=O)(=O)C)cc1'],,,,,
2686,BRD-K16930585,['60185259'],['COc1ccc2c3c([nH]c2c1)[C@@H](CO)NC[C@]31CCN(CC1)C(=O)Nc1ccccc1F'],,,,,
2687,BRD-K16930636,['44490361'],['CC(C)NC(=O)N(C)C[C@@H]1OCCCC[C@H](C)Oc2ccc(cc2C(=O)N(C[C@H]1C)[C@@H](C)CO)N(C)C'],,,,,
2688,BRD-K16934333,['54646617'],['OC[C@@H]1O[C@H](CC(=O)NCc2cccnc2)C[C@@H]3[C@H]1Oc4ccc(NC(=O)c5ccc6OCOc6c5)cc34'],,,,,
2689,BRD-K16939073,['54654539'],['CN1[C@H]2CC[C@@H](CC(=O)NCC3CCCCC3)O[C@@H]2COc2ccc(NC(=O)c3cnccn3)cc2C1=O'],,,,,
2690,BRD-K16940042,['49835933'],['C\\N=C1\\S\\C(=C\\c2cc(C)n(Cc3ccccc3)c2C)C(=O)N1C'],,,,,
2691,BRD-K16942988,['54632079'],['CO[C@@H]1CN(C)C(=O)c2cc(NC(=O)NC(C)C)ccc2OC[C@@H](C)N(Cc2ccccc2)C[C@@H]1C'],,,,,
2692,BRD-K16947188,['24747173'],['CCOc1ccccc1Nc2nc(nc(n2)N3CCOCC3)N4CCCC4'],,,,,
2693,BRD-K16950565,['44493627'],['C[C@@H](CO)N1C[C@@H](C)[C@@H](CN(C)Cc2ccncc2)OCCCC[C@@H](C)Oc3ccc(NC(=O)c4ccncc4)cc3C1=O'],,,,,
2694,BRD-K16954564,['54654081'],['CCCNC(=O)Nc1ccc2OC[C@H]3O[C@@H](CC(=O)Nc4ccccc4C)CC[C@@H]3N(C)C(=O)c2c1'],,,,,
2695,BRD-K16955082,['54631420'],['CO[C@@H]1CN(C)C(=O)c2cc(NC(=O)c3cccc(F)c3)ccc2OC[C@@H](C)N(C)C[C@@H]1C'],,,,,
2696,BRD-K16956545,['54645915'],['OC[C@H]1O[C@H](CC(=O)NCc2ccc(Oc3ccccc3)cc2)C[C@H]4[C@@H]1Oc5ccc(NC(=O)c6ccc7OCOc7c6)cc45'],,,,,
2697,BRD-K16969565,['44500152'],['COc1ccc(NC(=O)N(C)C[C@@H]2Oc3c(NC(=O)c4cc(C)nn4C)cccc3C(=O)N(C[C@@H]2C)[C@@H](C)CO)cc1'],,,,,
2698,BRD-K16970289,['49843341'],['COc1ccc(cc1)S(=O)(=O)Nc2ccc3O[C@@H](C)CCCCO[C@@H](CN(C)C)[C@H](C)CN([C@H](C)CO)C(=O)c3c2'],,,,,
2699,BRD-K16971439,['60185024'],['CS(=O)(=O)N1C[C@H]2N[C@@H](C1)[C@H]2c1ccc(cc1)-c1ccccc1'],,,,,
2700,BRD-K16974571,['54638717'],['COc1ccc(cc1)-c1cn(CC[C@@H]2CC[C@@H](NC(=O)CCN3CCCCC3)[C@@H](CO)O2)nn1'],,,,,
2701,BRD-K16980308,['54654210'],['COc1ccccc1CNC(=O)C[C@H]1CC[C@H]2[C@@H](COc3ccc(NS(=O)(=O)c4ccc(C)cc4)cc3C(=O)N2C)O1'],,,,,
2702,BRD-K16980601,['54654112'],['CN1[C@@H]2CC[C@@H](CC(=O)NCc3ccccc3F)O[C@@H]2COc2ccc(NC(=O)C3CCCCC3)cc2C1=O'],,,,,
2703,BRD-K16984096,['44498906'],['COc1ccc(NC(=O)N(C)C[C@@H]2Oc3c(NC(=O)c4cc(C)nn4C)cccc3C(=O)N(C[C@H]2C)[C@@H](C)CO)cc1'],,,,,
2704,BRD-K16993590,['44494580'],['C[C@H](CO)N1C[C@@H](C)[C@H](CN(C)Cc2ccncc2)OCCCC[C@H](C)Oc3ccc(NC(=O)c4ccncc4)cc3C1=O'],,,,,
2705,BRD-K16995194,['44507316'],['C[C@@H](CO)N1C[C@H](C)[C@H](CN(C)CC2CCCCC2)Oc3ccc(NC(=O)CCCCCC(=O)Nc4ccccc4N)cc3CC1=O'],,,,,
2706,BRD-K17003857,['54651464'],['CCN(C[C@@H]1[C@H]([C@H](CO)N1C(=O)C1CCC1)c1ccc(cc1)\\C=C\\C)C(=O)CC'],,,,,
2707,BRD-K17025677,['56643212'],['CN(Cc1sccc1C)c1ncnc2ccc(cc12)-c1ccoc1'],,,,,
2708,BRD-K17070436,['60185168'],['COc1ccccc1CN1[C@H]2CNC[C@@H]1[C@@H]2c1ccc(\\C=C\\c2ccccc2)cc1'],,,,,
2709,BRD-K17083260,['44616769'],['C[C@@H](CO)N1C[C@@H](C)[C@H](CN(C)Cc2ccc(cc2)C(F)(F)F)OCCCC[C@H](C)Oc3ccc(NC(=O)Nc4cccc5ccccc45)cc3C1=O'],,,,,
2710,BRD-K17086338,['49835921'],['C\\N=C1\\S\\C(=C\\c2cc(C)n(c2C)-c2ccc(Cl)cc2F)C(=O)N1C'],,,,,
2711,BRD-K17087588,['60190180'],['CCS(=O)(=O)N1C[C@@]2(C1)CN(Cc1ccccc1F)[C@H](CO)c1[nH]c3cc(OC)ccc3c21'],,,,,
2712,BRD-K17088043,['54646104'],['COc1ccc(cc1)S(=O)(=O)Nc2ccc3O[C@H]4[C@H](C[C@H](CC(=O)N(C)C)O[C@H]4CO)c3c2'],,,,,
2713,BRD-K17103381,['54614702'],['C[C@@H](CO)N1C[C@@H](C)[C@H](CN(C)CC2CCCCC2)OCCCC[C@@H](C)Oc3ccc(NS(=O)(=O)C)cc3C1=O'],,,,,
2714,BRD-K17116894,['60184815'],['CCCNC(=O)N1C[C@]2(CCN(CC2)C(=O)c2cccc(F)c2)c2c([nH]c3cc(OC)ccc23)[C@H]1CO'],,,,,
2715,BRD-K17120478,['54664798'],['COc1ccccc1CN1CC[C@@H]2[C@H]1c1cc(ccc1N[C@H]2CO)-c1ccc(cc1)C(=O)N(C)C'],,,,,
2716,BRD-K17122162,['54631600'],['COCC(=O)N1C[C@H](C)[C@H](CN(C)C(=O)c2ccc(NS(C)(=O)=O)cc2OC[C@H]1C)OC'],,,,,
2717,BRD-K17122788,['54652539'],['CN1[C@@H](CO)[C@H]2[C@@H]1CNc1ccccc21'],,,,,
2718,BRD-K17134074,['54631475'],['CCCC(=O)Nc1ccc2OC[C@@H](C)N(CC3CCCC3)C[C@H](C)[C@@H](CN(C)C(=O)c2c1)OC'],,,,,
2719,BRD-K17135741,['54650834'],['CC(C)NC(=O)N1[C@@H](CO)[C@@H]([C@@H]1C#N)c1ccc(cc1)C#CC1CCCCC1'],,,,,
2720,BRD-K17138170,['60189667'],['COc1ccc2c3c([nH]c2c1)[C@@H](CO)N(Cc1ccncc1)C[C@]31CCN(Cc2ccc(cc2)-c2ccccn2)CC1'],,,,,
2721,BRD-K17139153,['54657849'],['COc1ccc(cc1)S(=O)(=O)N1C[C@@H](O)COC[C@@H]2O[C@H](CC(=O)N[C@H]3CCN(Cc4ccccc4)C3)CC[C@@H]12'],,,,,
2722,BRD-K17139610,['54637648'],['C[C@@H](CO)N1C[C@H](C)[C@H](CN(C)S(=O)(=O)c2ccccc2C#N)OCc3ccccc3-c4c(C1=O)n(C)c5ccccc45'],,,,,
2723,BRD-K17157530,['54631484'],['CO[C@H]1CN(C)C(=O)c2cc(NS(=O)(=O)c3ccc(C)cc3)ccc2OC[C@H](C)N(C[C@H]1C)C(=O)NC(C)C'],,,,,
2724,BRD-K17169073,['44491936'],['C[C@@H](CO)N1C[C@@H](C)[C@@H](CN(C)Cc2ccc3OCOc3c2)Oc4c(NS(=O)(=O)C)cccc4C1=O'],,,,,
2725,BRD-K17181267,['54638544'],['OC[C@@H]1O[C@@H](CC(=O)NCc2cc(F)cc(F)c2)C=C[C@H]1NC(=O)c1ccccn1'],,,,,
2726,BRD-K17197507,['44504011'],['C[C@@H](CO)N1C[C@H](C)[C@@H](CN(C)CC2CCCCC2)Oc3ccc(NC(=O)Nc4ccc(F)cc4)cc3CC1=O'],,,,,
2727,BRD-K17203693,['44142072'],['Fc1cccc(F)c1S(=O)(=O)N[C@H]2CC[C@H](CNS(=O)(=O)c3ccc4OCCOc4c3)CC2'],,,,,
2728,BRD-K17223851,['54660674'],['COc1ccc(cc1)-c1ccc2[C@H]3N[C@H]([C@H](CO)[C@H]3Cn2c1=O)C(=O)N1CCOCC1'],,,,,
2729,BRD-K17233740,['54665008'],['CN1[C@H](CO)[C@@H]2CCN([C@@H]2c2cc(Br)ccc12)C(=O)Cc1ccccc1'],,,,,
2730,BRD-K17238328,['44487252'],['CC(C)NC(=O)Nc1ccc2O[C@H](CN(C)C(=O)NC3CCCCC3)[C@H](C)CN([C@@H](C)CO)C(=O)c2c1'],,,,,
2731,BRD-K17258761,['54664918'],['OC[C@H]1Nc2ccc(cc2[C@@H]2[C@H]1CCN2C(=O)c1ccncc1)-c1ccccc1'],,,,,
2732,BRD-K17263374,['54637883'],['C[C@@H](CO)N1C[C@@H](C)[C@@H](CN(C)C(=O)C)OCc2ccccc2-c3ccccc3C1=O'],,,,,
2733,BRD-K17266676,['44505189'],['C[C@H](CO)N1C[C@@H](C)[C@H](CN(C)C(=O)c2ccc3ccn(C)c3c2)OCc4cnnn4CCCC1=O'],,,,,
2734,BRD-K17288883,['54614980'],['CC(C)NC(=O)Nc1ccc2O[C@H](C)CCCCO[C@@H](CN(C)Cc3ccncc3)[C@H](C)CN([C@H](C)CO)C(=O)c2c1'],,,,,
2735,BRD-K17289060,['54654249'],['COc1cccc(CNC(=O)C[C@@H]2CC[C@@H]3[C@H](COc4ccc(NS(=O)(=O)c5ccccc5F)cc4C(=O)N3C)O2)c1'],,,,,
2736,BRD-K17299182,['54646527'],['CN1CCN(CC1)C(=O)C[C@@H]2C[C@H]3[C@H](Oc4ccc(NC(=O)c5ccc6OCOc6c5)cc34)[C@H](CO)O2'],,,,,
2737,BRD-K17333907,['54631311'],['CO[C@H]1CN(C)C(=O)c2cc(NC(=O)NC3CCCCC3)ccc2OC[C@@H](C)N(CCc2ccccc2)C[C@H]1C'],,,,,
2738,BRD-K17343593,['54651359'],['CC(=O)N1[C@@H](CO)[C@H]([C@@H]1CNC(=O)CN1CCOCC1)c1ccccc1'],,,,,
2739,BRD-K17347940,['54664820'],['C\\C=C\\c1ccc2N(C)[C@H](CO)[C@H]3CCN([C@H]3c2c1)C(=O)Cc1cccnc1'],,,,,
2740,BRD-K17350012,['71759440'],['COc1ccc2c3c([C@H](CO)N(C)C[C@]33CN(C3)C(=O)C3CCC3)n(C)c2c1'],,,,,
2741,BRD-K17360472,['44485743'],['C[C@@H](CO)N1C[C@@H](C)[C@H](CN(C)C(=O)c2ccc(cc2)N3CCN(C)CC3)OCc4cn(CCCC1=O)nn4'],,,,,
2742,BRD-K17367351,['60189818'],['CS(=O)(=O)N1CC2(C1)[C@@H]([C@H](CO)N2C(=O)C1CCC1)c1ccccc1'],,,,,
2743,BRD-K17401882,['44616505'],['C[C@@H](CO)N1C[C@H](C)[C@@H](CN(C)CC2CC2)OCCCC[C@@H](C)Oc3ccc(NS(=O)(=O)c4ccc(F)cc4)cc3C1=O'],,,,,
2744,BRD-K17402942,['54637957'],['C[C@@H](CO)N1C[C@H](C)[C@H](CN(C)C(=O)c2c(C)noc2C)OCc3ccccc3-c4c(C1=O)n(C)c5ccccc45'],,,,,
2745,BRD-K17407318,['60190038'],['COc1ccc2c3c([C@H](CO)N(C[C@]33CCN(Cc4nccs4)CC3)S(C)(=O)=O)n(C)c2c1'],,,,,
2746,BRD-K17427497,['54661039'],['OC[C@@H]1[C@H]2Cn3c(ccc(C4=CCCC4)c3=O)[C@H]2N(Cc2ccccc2F)[C@H]1C(=O)NCC1CC1'],,,,,
2747,BRD-K17429946,['54632189'],['CO[C@H]1CN(C)C(=O)c2ccc(NC(=O)Nc3cc(F)ccc3F)cc2OC[C@@H](C)N(C)C[C@H]1C'],,,,,
2748,BRD-K17446297,['60185197'],['COc1ccc2c3c([C@H](CO)N(C[C@]33CN(CC4CCOCC4)C3)C(=O)c3ccc(F)cc3)n(C)c2c1'],,,,,
2749,BRD-K17449871,['44498208'],['C[C@@H](CO)N1C[C@H](C)[C@@H](CN(C)C(=O)Nc2ccc(cc2)C(F)(F)F)OCCCC[C@H](C)Oc3ccc(NC(=O)Cc4ccccc4)cc3C1=O'],,,,,
2750,BRD-K17466145,['60190050'],['CS(=O)(=O)N1[C@H](CO)[C@@H](c2ccccc2)C11CN(C1)C(=O)c1ccccc1F'],,,,,
2751,BRD-K17489199,['46903526'],['C[C@@H](CO)N1C[C@H](C)[C@@H](CN(C)C(=O)C2CCCCC2)Oc3cc(ccc3S1(=O)=O)C4=CCCC4'],,,,,
2752,BRD-K17491544,['54632049'],['CO[C@H]1CN(C)C(=O)c2cc(NS(=O)(=O)c3cccc(F)c3)ccc2OC[C@H](C)N(C[C@H]1C)C(=O)Cc1cccnc1'],,,,,
2753,BRD-K17492515,['44617069'],['C[C@H](CO)N1C[C@H](C)[C@@H](CN(C)Cc2ccncc2)Oc3ccc(NC(=O)Nc4cccc5ccccc45)cc3CC1=O'],,,,,
2754,BRD-K17506650,['54631340'],['CO[C@@H]1CN(C)C(=O)c2cc(NC(=O)C3CCCCC3)ccc2OC[C@@H](C)N(C[C@H]1C)C(=O)Nc1ccc(cc1)C(F)(F)F'],,,,,
2755,BRD-K17507122,['54649506'],['CO[C@@H]1CC[C@H]2CCN(C)C(=O)[C@@H](C)[C@H](CN(C)C(=O)c3cc(ccc3OC[C@@H]1O2)C#N)OC'],,,,,
2756,BRD-K17508599,['54651274'],['CC(C)N(C[C@@H]1N[C@@H](CO)[C@@H]1c1ccccc1)S(=O)(=O)c1ccccc1'],,,,,
2757,BRD-K17519289,['60191010'],['CCC(=O)N1C[C@H]2[C@H]([C@H](CO)N2C(=O)C1)c1ccc(cc1)C#Cc1cccnc1'],,,,,
2758,BRD-K17525686,['54649364'],['CC(C)(C)[S@](=O)N1Cc2cc(nc(c2[C@@H]1CCO)-c1cccc(c1)-c1ccc(cc1)C#N)C(=O)NCCc1ccncc1'],,,,,
2759,BRD-K17530818,['54651172'],['CCc1csc(n1)N1[C@H](CO)[C@@H]([C@@H]1CNC(C)C)c1ccc(cc1)\\C=C\\C'],,,,,
2760,BRD-K17535604,['54654337'],['CN1[C@@H]2CC[C@H](CC(=O)N[C@@H]3CCN(Cc4ccccc4)C3)O[C@H]2COc2ccc(NC(=O)c3ccc(F)c(F)c3)cc2C1=O'],,,,,
2761,BRD-K17546203,['54661332'],['CN(C)CC(=O)N1[C@H]([C@H](CO)[C@H]2Cn3c(ccc(-c4ccccc4)c3=O)[C@@H]12)C(=O)NC1CCC1'],,,,,
2762,BRD-K17554130,['54638222'],['COc1ccc(cc1)S(=O)(=O)N[C@@H]1C=C[C@@H](CC(=O)NCCc2ccncc2)O[C@@H]1CO'],,,,,
2763,BRD-K17554230,['54631306'],['CO[C@@H]1CN(C)C(=O)c2ccc(NC(=O)c3cnccn3)cc2OC[C@H](C)NC[C@H]1C'],,,,,
2764,BRD-K17565092,['44489904'],['CC(C)NC(=O)Nc1ccc2O[C@H](C)CCCCO[C@@H](CN(C)C(=O)c3ccncc3)[C@H](C)CN([C@H](C)CO)C(=O)c2c1'],,,,,
2765,BRD-K17579844,['60191395'],['C\\C=C\\c1ccc(cc1)[C@H]1[C@H](CO)N2[C@H]1CN(CC2=O)C(=O)NC1CCCCC1'],,,,,
2766,BRD-K17611527,['60185227'],['CCC(=O)N1C[C@]2(CCN(Cc3ccc(Cl)cc3)CC2)c2c([C@H]1CO)n(C)c1cc(OC)ccc21'],,,,,
2767,BRD-K17619118,['60189900'],['COc1cccc(CN2[C@@H](CO)[C@@H](c3ccccc3)C22CN(C2)C(=O)C2CCCCC2)c1'],,,,,
2768,BRD-K17627845,['54654458'],['CN1[C@@H]2CC[C@H](CC(=O)NCc3ccc(cc3)-c3ccccc3)O[C@@H]2COc2ccc(NS(C)(=O)=O)cc2C1=O'],,,,,
2769,BRD-K17628612,['3913840'],['Cc1ccc(/C=N/NC(=O)CCC(=O)Nc2ccc(C)cc2C)o1'],,,,,
2770,BRD-K17630163,['44617305'],['CC(C)NC(=O)Nc1ccc2O[C@H](C)CCCCO[C@@H](CN(C)C(=O)NC(C)C)[C@H](C)CN([C@@H](C)CO)C(=O)c2c1'],,,,,
2771,BRD-K17645417,['54652497'],['CN1[C@@H](CO)[C@@H]2[C@H]1CN(C(=O)c1ccc(F)cc1)c1ccccc21'],,,,,
2772,BRD-K17654006,['54654039'],['CN1[C@@H]2CC[C@@H](CC(=O)NCc3ccccc3Cl)O[C@H]2COc2ccc(NC(=O)Nc3cccc(C)c3)cc2C1=O'],,,,,
2773,BRD-K17655522,['54638702'],['OC[C@H]1O[C@H](CC(=O)Nc2nccs2)C=C[C@H]1NC(=O)c1cccc(F)c1'],,,,,
2774,BRD-K17660756,['44503697'],['C[C@H](CO)N1C[C@H](C)[C@H](CN(C)C(=O)NC2CCCCC2)OCCCC[C@@H](C)Oc3ccc(cc3C1=O)N(C)C'],,,,,
2775,BRD-K17661785,['56835242'],['C[C@@H](CO)N1C[C@H](C)[C@H](CN(C)S(=O)(=O)c2ccsc2)OCc3ccccc3-c4ccccc4C1=O'],,,,,
2776,BRD-K17663482,['60185049'],['COc1ccc2c3c([C@@H](CO)N(Cc4cc(OC)cc(OC)c4)C[C@]33CCN(CC3)S(=O)(=O)c3cn(C)cn3)n(C)c2c1'],,,,,
2777,BRD-K17663841,['44492051'],['C[C@@H](CO)N1C[C@H](C)[C@H](CN(C)C(=O)CCC(F)(F)F)OCc2cn(CCCC1=O)nn2'],,,,,
2778,BRD-K17666351,['54654252'],['COc1cccc(CNC(=O)C[C@H]2CC[C@H]3[C@@H](COc4ccc(NS(=O)(=O)c5ccccc5F)cc4C(=O)N3C)O2)c1'],,,,,
2779,BRD-K17686770,['54646234'],['C[C@H](NC(=O)C[C@H]1C[C@@H]2[C@@H](Oc3ccc(NC(=O)Nc4ccc(cc4)C(F)(F)F)cc23)[C@H](CO)O1)c5ccccc5'],,,,,
2780,BRD-K17689300,['44491002'],['C[C@@H](CO)N1C[C@@H](C)[C@H](CN(C)Cc2ccc(cc2)C(F)(F)F)Oc3ccc(NC(=O)Cc4ccccc4)cc3CC1=O'],,,,,
2781,BRD-K17693482,['134230'],['CC(=O)OCCNC(=O)c1cccnc1'],,,,,
2782,BRD-K17698750,['54614707'],['CNC[C@@H]1OCCCC[C@H](C)Oc2ccc(NC(=O)Nc3ccc(F)cc3)cc2C(=O)N(C[C@@H]1C)[C@@H](C)CO'],,,,,
2783,BRD-K17706493,['60184915'],['COc1ccc2c3c([nH]c2c1)[C@@H](CO)N(Cc1ccc(Cl)cc1)C[C@]31CCN(Cc2nccs2)CC1'],,,,,
2784,BRD-K17712828,['60190063'],['OC[C@@H]1[C@@H](c2ccccc2)C2(CN(C2)S(=O)(=O)c2ccccc2)N1CC1CCCC1'],,,,,
2785,BRD-K17712926,['54647107'],['OC[C@@H]1O[C@H](CC(=O)NCCc2ccccc2)C[C@@H]3[C@H]1Oc4ccc(NC(=O)Nc5ccc(cc5)C(F)(F)F)cc34'],,,,,
2786,BRD-K17713237,['54646074'],['CN1CCN(CC1)C(=O)C[C@H]2C[C@H]3[C@H](Oc4ccc(NS(=O)(=O)C)cc34)[C@@H](CO)O2'],,,,,
2787,BRD-K17731272,['71759015'],['COc1ccc2c3c([C@H](CO)N(Cc4ccc(Cl)cc4)C[C@]33CN(C3)C(=O)NC(C)C)n(C)c2c1'],,,,,
2788,BRD-K17739445,['53338823'],['Brc1ccc(cc1)-c1csc(n1)N1CCC(CC1)C(=O)NCc1ccccc1'],,,,,
2789,BRD-K17741643,['44620064'],['CC(C)NC(=O)Nc1ccc2O[C@@H](C)CCCCO[C@H](CN(C)Cc3ccncc3)[C@@H](C)CN([C@H](C)CO)C(=O)c2c1'],,,,,
2790,BRD-K17742539,['54639099'],['OC[C@@H]1O[C@H](CCNC(=O)c2cnccn2)CC[C@H]1NC(=O)c1ccc2OCOc2c1'],,,,,
2791,BRD-K17745445,['54650171'],['C\\C=C\\c1ccc(cc1)[C@H]1[C@@H](CO)N([C@@H]1C#N)C(=O)c1cccnc1'],,,,,
2792,BRD-K17746689,['44492954'],['C[C@H](CO)N1C[C@H](C)[C@H](CN(C)C(=O)Nc2cccc3ccccc23)Oc4c(NS(=O)(=O)C)cccc4C1=O'],,,,,
2793,BRD-K17750548,['54657523'],['CCCNC(=O)N1C[C@H](O)COC[C@H]2O[C@@H](CC(O)=O)CC[C@H]12'],,,,,
2794,BRD-K17754811,['53338845'],['FC(F)(F)C(=O)Nc1sc2CNCCc2c1-c1nc2ccccc2s1'],,,,,
2795,BRD-K17773477,['44487821'],['C[C@H](CO)N1C[C@H](C)[C@H](CN(C)Cc2ccc(cc2)C(F)(F)F)Oc3ccc(NC(=O)Nc4ccccc4)cc3C1=O'],,,,,
2796,BRD-K17777116,['981129'],['CC1(C)C(C(=O)Nc2ccc(cc2)S(=O)(=O)c3ccc(NC(=O)C4C(C)(C)C4(C)C)cc3)C1(C)C'],,,,,
2797,BRD-K17783155,['54646587'],['OC[C@@H]1O[C@H](CC(=O)NCCc2ccccc2)C[C@H]3[C@@H]1Oc4ccc(NC(=O)Cc5ccncc5)cc34'],,,,,
2798,BRD-K17800788,['60189855'],['OC[C@H]1[C@@H](c2ccccc2)C2(CN(C2)C(=O)C2CCOCC2)N1C(=O)CC1CC1'],,,,,
2799,BRD-K17806071,['54631452'],['CO[C@@H]1CN(C)C(=O)c2ccc(NS(=O)(=O)c3ccc(Cl)cc3)cc2OC[C@@H](C)N(C[C@H]1C)C(=O)Cc1cccnc1'],,,,,
2800,BRD-K17808354,['60189084'],['OC[C@H]1[C@H]([C@H]2CNCC(=O)N12)c1ccc(cc1)C1=CCCCC1'],,,,,
2801,BRD-K17817744,['44493105'],['CNC[C@@H]1OCCCC[C@H](C)Oc2ccc(NC(=O)NC(C)C)cc2C(=O)N(C[C@@H]1C)[C@@H](C)CO'],,,,,
2802,BRD-K17830172,['6875690'],['Cc1ccc(NC(=O)CCC(=O)NN=Cc2ccc(o2)[N+](=O)[O-])cc1C'],,,,,
2803,BRD-K17839088,['54654466'],['CCS(=O)(=O)Nc1ccc2OC[C@H]3O[C@H](CC(=O)NCc4ccccc4F)CC[C@H]3N(C)C(=O)c2c1'],,,,,
2804,BRD-K17854785,['54666619'],['COc1ccc(cc1)S(=O)(=O)N1CCCCN2[C@H](CO)[C@@H]([C@@H]2C1)c1ccc(cc1)\\C=C\\C'],,,,,
2805,BRD-K17874705,['75919'],['NCCc1ccccn1'],,,,,
2806,BRD-K17883815,['54654160'],['CN1CCN(CC1)C(=O)C[C@@H]1CC[C@@H]2[C@H](COc3ccc(NC(=O)c4cscn4)cc3C(=O)N2C)O1'],,,,,
2807,BRD-K17884417,['54654299'],['CN1[C@H]2CC[C@H](CC(=O)NCC3CCCCC3)O[C@H]2COc2ccc(NC(=O)c3cccc(F)c3)cc2C1=O'],,,,,
2808,BRD-K17890048,['54665003'],['CN1[C@@H](CO)[C@H]2CCN([C@H]2c2cc(ccc12)C#Cc1cccnc1)C(=O)Nc1cc(F)ccc1F'],,,,,
2809,BRD-K17891672,['54631880'],['CO[C@H]1CN(C)C(=O)c2cc(NC(=O)C3CCOCC3)ccc2OC[C@@H](C)N(Cc2cccnc2)C[C@H]1C'],,,,,
2810,BRD-K17897186,['54620414'],['C[C@H](CO)N1C[C@@H](C)[C@H](CN(C)Cc2cccnc2)Oc3cc(ccc3S1(=O)=O)C4=CCCCC4'],,,,,
2811,BRD-K17903303,['54637861'],['C[C@@H](CO)N1C[C@@H](C)[C@@H](CN(C)C(=O)c2ccncc2)OCc3ccccc3-c4ccccc4C1=O'],,,,,
2812,BRD-K17906992,['54657987'],['CN1CCN(CC1)C(=O)C[C@@H]1CC[C@H]2[C@@H](COC[C@@H](O)CN2Cc2cccc(F)c2)O1'],,,,,
2813,BRD-K17910135,['54638004'],['C[C@H](CO)N1C[C@H](C)[C@H](CN(C)C(=O)C2CC2)OCc3ccccc3-c4c(C1=O)n(C)c5ccccc45'],,,,,
2814,BRD-K17951468,['60191445'],['OC[C@H]1[C@H]([C@@H]2CN(CC(=O)N12)C(=O)c1ccc(F)cc1)c1ccc(cc1)C#CCC1CCCC1'],,,,,
2815,BRD-K17968366,['44506868'],['COc1ccc(cc1)S(=O)(=O)N(C)C[C@@H]2Oc3c(cccc3C(=O)N(C[C@@H]2C)[C@@H](C)CO)N(C)C'],,,,,
2816,BRD-K17969842,['46907757'],['CCOc1ccc(cc1)-c1csc(n1)N1CCC(CC1)C(N)=O'],,,,,
2817,BRD-K17973355,['54654548'],['CN1[C@H]2CC[C@@H](CC(=O)NCCCN3CCOCC3)O[C@H]2COc2ccc(NC(=O)Nc3ccccc3Cl)cc2C1=O'],,,,,
2818,BRD-K17976466,['44486949'],['C[C@@H](CO)N1C[C@H](C)[C@H](CN(C)C(=O)C2CC2)OCc3cn(CCCC1=O)nn3'],,,,,
2819,BRD-K17983173,['60189815'],['CS(=O)(=O)N1CC2(C1)[C@@H]([C@H](CO)N2CCC(F)(F)F)c1ccccc1'],,,,,
2820,BRD-K18000410,['44495824'],['C[C@@H](CO)N1C[C@H](C)[C@@H](CN(C)Cc2ccc3OCOc3c2)Oc4c(NS(=O)(=O)C)cccc4C1=O'],,,,,
2821,BRD-K18001731,['54646091'],['OC[C@@H]1O[C@H](CC(=O)N2CCOCC2)C[C@@H]3[C@H]1Oc4ccc(NC(=O)Nc5ccccc5F)cc34'],,,,,
2822,BRD-K18024030,['54666521'],['COc1ccccc1C#Cc1ccc(cc1)[C@H]1[C@H](CO)N2CCCCN(C[C@@H]12)C(=O)C1CCC1'],,,,,
2823,BRD-K18024110,['54646272'],['COc1ccc(NC(=O)Nc2ccc3O[C@@H]4[C@@H](C[C@H](CC(=O)NCCc5ccccc5)O[C@@H]4CO)c3c2)cc1'],,,,,
2824,BRD-K18026907,['60185018'],['CCC(=O)N1C[C@@]2(C1)CN([C@H](CO)c1c2c2ccc(OC)cc2n1C)C(=O)c1cnccn1'],,,,,
2825,BRD-K18032654,['60185242'],['COCC(=O)N1CC[C@@]2(CC1)CN[C@H](CO)c1c2c2ccc(OC)cc2n1C'],,,,,
2826,BRD-K18048820,['44486939'],['CC(C)NC(=O)N(C)C[C@@H]1Oc2ccc(cc2CC(=O)N(C[C@@H]1C)[C@@H](C)CO)N(C)C'],,,,,
2827,BRD-K18059480,['44490415'],['C[C@@H](CO)N1C[C@@H](C)[C@H](CN(C)C(=O)Nc2ccccc2)OCCCC[C@@H](C)Oc3ccc(NC(=O)C4CCCCC4)cc3C1=O'],,,,,
2828,BRD-K18067885,['44491103'],['CC(C)NC(=O)Nc1ccc2O[C@@H](CN(C)Cc3ccc(cc3)c4ccccc4)[C@H](C)CN([C@H](C)CO)C(=O)c2c1'],,,,,
2829,BRD-K18074178,['44499857'],['C[C@@H](CO)N1C[C@H](C)[C@@H](CN(C)Cc2ccc(Cl)c(Cl)c2)Oc3c(NC(=O)Nc4ccccc4)cccc3C1=O'],,,,,
2830,BRD-K18096819,['44506406'],['C[C@H](CO)N1C[C@H](C)[C@H](CN(C)Cc2ccc(cc2)C(=O)Nc3ccccc3N)Oc4ccc(cc4C1=O)N(C)C'],,,,,
2831,BRD-K18097652,['54631505'],['CO[C@H]1CN(C)C(=O)c2cc(NS(C)(=O)=O)ccc2OC[C@@H](C)N(C[C@H]1C)C(=O)C1CCOCC1'],,,,,
2832,BRD-K18100239,['44489672'],['C[C@H](CO)N1C[C@H](C)[C@@H](CN(C)Cc2ccc(cc2)C(=O)O)Oc3c(NC(=O)NC4CCCCC4)cccc3C1=O'],,,,,
2833,BRD-K18102341,['54649574'],['CO[C@@H]1CC[C@@H]2CCOc3c(cccc3C(=O)N(C)C[C@@H](C)C(=O)N(C)C[C@H]1O2)C#N'],,,,,
2834,BRD-K18123565,['60184934'],['Cc1ccccc1-c1ccc(cc1)[C@@H]1[C@H]2CN(C[C@@H]1N2)C(=O)Nc1ccc(F)cc1'],,,,,
2835,BRD-K18127951,['44493766'],['C[C@H](CO)N1C[C@H](C)[C@H](CN(C)C(=O)NC2CCCCC2)Oc3ccc(NC(=O)CCCN(C)C)cc3C1=O'],,,,,
2836,BRD-K18132838,['54646060'],['COCC(=O)Nc1ccc2O[C@@H]3[C@@H](C[C@H](CC(=O)N[C@@H](C)c4ccccc4)O[C@H]3CO)c2c1'],,,,,
2837,BRD-K18152229,['54654546'],['CN1[C@@H]2CC[C@@H](CC(=O)NCCCN3CCOCC3)O[C@@H]2COc2ccc(NC(=O)Nc3ccccc3Cl)cc2C1=O'],,,,,
2838,BRD-K18153171,['54631791'],['CCCNC(=O)N1C[C@@H](C)[C@H](CN(C)C(=O)c2ccc(NC(=O)C3CCC3)cc2OC[C@H]1C)OC'],,,,,
2839,BRD-K18163752,['24030598'],['CC(=CCN([C@H](CO)c1ccccc1)C(=O)C#Cc2ccccc2)C'],,,,,
2840,BRD-K18170480,['44490243'],['CC(C)NC(=O)N(C)C[C@H]1OCCCC[C@@H](C)Oc2ccc(NC(=O)Nc3ccc(F)cc3)cc2C(=O)N(C[C@@H]1C)[C@H](C)CO'],,,,,
2841,BRD-K18183699,['44617844'],['C[C@@H](CO)N1C[C@@H](C)[C@H](CN(C)Cc2ccc(cc2)C(F)(F)F)OCCCC[C@@H](C)Oc3ccc(NC(=O)C4CCCCC4)cc3C1=O'],,,,,
2842,BRD-K18187596,['54646519'],['OC[C@H]1O[C@@H](CC(=O)NCc2ccc(Oc3ccccc3)cc2)C[C@@H]4[C@H]1Oc5ccc(NS(=O)(=O)c6ccc(F)cc6)cc45'],,,,,
2843,BRD-K18234030,['54638814'],['COCC(=O)N[C@H]1C=C[C@H](O[C@@H]1CO)CC(=O)NCc1ccc(Cl)cc1'],,,,,
2844,BRD-K18237196,['60190200'],['CCS(=O)(=O)N1CC2(C1)[C@@H]([C@@H](CO)N2Cc1ccc(F)cc1)c1ccccc1'],,,,,
2845,BRD-K18238232,['54657535'],['C[C@@H](NC(=O)C[C@H]1CC[C@@H]2[C@H](COC[C@H](O)CN2C(=O)Nc2cccc(Cl)c2)O1)c1ccccc1'],,,,,
2846,BRD-K18241892,['54666697'],['C[C@@H](O)C#Cc1ccc(cc1)[C@@H]1[C@@H](CO)N2CCCCN(C[C@@H]12)C(=O)Nc1ccccc1'],,,,,
2847,BRD-K18244645,['54637826'],['COc1cccc(c1)S(=O)(=O)N(C)C[C@@H]2OCc3ccccc3-c4c(C(=O)N(C[C@@H]2C)[C@@H](C)CO)n(C)c5ccccc45'],,,,,
2848,BRD-K18246949,['54649300'],['CO[C@@H](CN(C)C(=O)C1CC1)[C@@H](C)CN([C@@H](C)CO)C(=O)Nc1ccc(cc1)C(F)(F)F'],,,,,
2849,BRD-K18249495,['44488755'],['C[C@@H](CO)N1C[C@H](C)[C@H](CN(C)C(=O)Nc2cccc3ccccc23)OCCCC[C@H](C)Oc4ccc(NC(=O)c5ccncc5)cc4C1=O'],,,,,
2850,BRD-K18260949,['54664975'],['COc1ccccc1CN1CC[C@@H]2[C@H]1c1cc(ccc1N[C@@H]2CO)C#Cc1ccccc1'],,,,,
2851,BRD-K18271121,['44489947'],['C[C@@H](CO)N1C[C@@H](C)[C@H](CN(C)S(=O)(=O)C)Oc2ccc(NC(=O)CCCN(C)C)cc2C1=O'],,,,,
2852,BRD-K18273607,['44496391'],['COc1ccccc1S(=O)(=O)N(C)C[C@@H]2OCc3cnnn3CCCC(=O)N(C[C@H]2C)[C@H](C)CO'],,,,,
2853,BRD-K18287297,['60189967'],['COCC(=O)N1[C@@H](CO)[C@@H](c2ccccc2)C11CN(C1)C(=O)c1ccccc1'],,,,,
2854,BRD-K18293432,['44488184'],['CC(C)NC(=O)N(C)C[C@H]1OCCCC[C@H](C)Oc2ccc(cc2C(=O)N(C[C@H]1C)[C@@H](C)CO)N(C)C'],,,,,
2855,BRD-K18294324,['44503309'],['C[C@@H](CO)N1C[C@H](C)[C@@H](CN(C)Cc2ccncc2)Oc3ccc(NC(=O)CCC(F)(F)F)cc3CC1=O'],,,,,
2856,BRD-K18296113,['54637946'],['C[C@H](CO)N1C[C@H](C)[C@H](CN(C)S(=O)(=O)c2ccc(Cl)cc2)OCc3ccccc3-c4ccccc4C1=O'],,,,,
2857,BRD-K18300217,['54666525'],['COc1ccccc1C#Cc1ccc(cc1)[C@@H]1[C@@H](CO)N2CCCCN(C[C@@H]12)C(=O)C1CCC1'],,,,,
2858,BRD-K18304318,['54637930'],['C[C@H](CO)N1C[C@H](C)[C@H](CN(C)S(=O)(=O)c2cccc(F)c2)OCc3ccccc3-c4ccccc4C1=O'],,,,,
2859,BRD-K18306851,['54637962'],['C[C@@H](CO)N1C[C@@H](C)[C@@H](CN(C)C(=O)c2ccc(F)cc2)OCc3ccccc3-c4ccccc4C1=O'],,,,,
2860,BRD-K18309912,['54654573'],['CN1[C@H]2CC[C@@H](CC(=O)N3CCOCC3)O[C@@H]2COc2ccc(NS(C)(=O)=O)cc2C1=O'],,,,,
2861,BRD-K18310625,['54631888'],['CCCNC(=O)N1C[C@H](C)[C@@H](CN(C)C(=O)c2ccc(NC(=O)C3CCC3)cc2OC[C@H]1C)OC'],,,,,
2862,BRD-K18319377,['54654163'],['CC(C)NC(=O)Nc1ccc2OC[C@H]3O[C@@H](CC(=O)Nc4ccccc4Cl)CC[C@@H]3N(C)C(=O)c2c1'],,,,,
2863,BRD-K18321170,['54631961'],['CO[C@@H]1CN(C)C(=O)c2cc(NS(=O)(=O)Cc3ccccc3)ccc2OC[C@@H](C)NC[C@@H]1C'],,,,,
2864,BRD-K18323006,['44496122'],['COc1ccc(NC(=O)N(C)C[C@@H]2Oc3c(NC(=O)c4cc(C)nn4C)cccc3C(=O)N(C[C@H]2C)[C@H](C)CO)cc1'],,,,,
2865,BRD-K18327813,['54638020'],['C[C@H](CO)N1C[C@@H](C)[C@H](CN(C)S(=O)(=O)c2cccc(F)c2)OCc3ccccc3-c4c(C1=O)n(C)c5ccccc45'],,,,,
2866,BRD-K18337230,['44492103'],['CC(C)NC(=O)N(C)C[C@H]1OCCCC[C@@H](C)Oc2ccc(NC(=O)CCC(F)(F)F)cc2C(=O)N(C[C@H]1C)[C@H](C)CO'],,,,,
2867,BRD-K18340348,['60190183'],['COc1ccc2c3c([nH]c2c1)[C@H](CO)N(C[C@]31CCN(CC1)C(=O)C1CCCC1)C(=O)NC(C)C'],,,,,
2868,BRD-K18345986,['54632143'],['CO[C@H]1CN(C)C(=O)c2ccc(NS(=O)(=O)c3ccccc3F)cc2OC[C@@H](C)NC[C@@H]1C'],,,,,
2869,BRD-K18350116,['54631701'],['COCC(=O)N1C[C@H](C)[C@@H](CN(C)C(=O)c2ccc(NC(=O)c3ccc(OC)cc3)cc2OC[C@H]1C)OC'],,,,,
2870,BRD-K18351060,['54658049'],['COC(=O)C[C@H]1CC[C@H]2[C@@H](COC[C@@H](O)CN2CCC(F)(F)F)O1'],,,,,
2871,BRD-K18359792,['60185002'],['Fc1ccccc1S(=O)(=O)N1C[C@@H]2N[C@H](C1)[C@@H]2c1ccc(cc1)-c1cncnc1'],,,,,
2872,BRD-K18364651,['44494982'],['C[C@@H](CO)N1C[C@H](C)[C@@H](CN(C)C(=O)C2CCCCC2)OCCCC[C@@H](C)Oc3ccc(NC(=O)c4ccncc4)cc3C1=O'],,,,,
2873,BRD-K18377730,['54629126'],['C[C@H](CO)N1C[C@H](C)[C@H](CN(C)C(=O)C2CCC2)Oc3cc(ccc3S1(=O)=O)C4=CCCC4'],,,,,
2874,BRD-K18381522,['54652515'],['OC[C@@H]1[C@@H]2[C@@H](CN(C(=O)C3CCOCC3)c3ccccc23)N1Cc1ccc(Cl)cc1'],,,,,
2875,BRD-K18383512,['54631785'],['COCC(=O)Nc1ccc2c(OC[C@@H](C)N(CC3CC3)C[C@@H](C)[C@@H](CN(C)C2=O)OC)c1'],,,,,
2876,BRD-K18384660,['54631953'],['CO[C@@H]1CN(C)C(=O)c2ccc(NC(=O)c3ccno3)cc2OC[C@H](C)NC[C@@H]1C'],,,,,
2877,BRD-K18390187,['54652624'],['CCCNC(=O)N1C[C@@H]2[C@@H]([C@@H](CO)N2CC2CCCCC2)c2ccccc12'],,,,,
2878,BRD-K18396390,['44502737'],['C[C@H](CO)N1C[C@H](C)[C@H](CN(C)C(=O)CCC(F)(F)F)OCCCC[C@@H](C)Oc2ccc(NS(=O)(=O)c3ccc(Cl)cc3)cc2C1=O'],,,,,
2879,BRD-K18400716,['54657634'],['CN(C)C(=O)C[C@H]1CC[C@@H]2[C@H](COC[C@@H](O)CN2Cc2ccc(cc2)C(F)(F)F)O1'],,,,,
2880,BRD-K18401446,['54654376'],['CC(C)NC(=O)Nc1ccc2OC[C@H]3O[C@H](CC(=O)NCc4ccc(F)cc4)CC[C@@H]3N(C)C(=O)c2c1'],,,,,
2881,BRD-K18407079,['60190965'],['OC[C@@H]1[C@@H]([C@@H]2CN(CC(=O)N12)C(=O)c1cnccn1)c1ccc(cc1)-c1cccc(F)c1'],,,,,
2882,BRD-K18412690,['54660720'],['C[C@H](NC(=O)[C@H]1N[C@@H]2[C@@H](Cn3c2ccc(C2=CCCC2)c3=O)[C@@H]1CO)c1ccccc1'],,,,,
2883,BRD-K18415753,['44503624'],['C[C@H](CO)N1C[C@H](C)[C@@H](CN(C)Cc2ccccc2)OCCCC[C@@H](C)Oc3ccc(NC(=O)c4ccncc4)cc3C1=O'],,,,,
2884,BRD-K18433151,['60184831'],['C(N1C[C@H]2N[C@@H](C1)[C@@H]2c1ccc(\\C=C\\c2ccccc2)cc1)c1cocn1'],,,,,
2885,BRD-K18440865,['54649319'],['CO[C@H](CN(C)S(=O)(=O)c1cccc(Cl)c1)[C@H](C)CN([C@@H](C)CO)S(=O)(=O)c1ccc(Cl)cc1'],,,,,
2886,BRD-K18447917,['60191389'],['OC[C@@H]1[C@H]([C@@H]2CN(CC(=O)N12)C(=O)C1CCC1)c1ccc(Br)cc1'],,,,,
2887,BRD-K18456137,['54658053'],['COC(=O)C[C@@H]1CC[C@@H]2[C@H](COC[C@H](O)CN2CCC(F)(F)F)O1'],,,,,
2888,BRD-K18471876,['60190118'],['COc1ccc(NC(=O)N2C[C@@]3(C2)CN([C@@H](CO)c2[nH]c4cc(OC)ccc4c32)C(C)=O)cc1'],,,,,
2889,BRD-K18480277,['54638849'],['OC[C@H]1O[C@@H](CCNC(=O)C2CCCCC2)CC[C@H]1NC(=O)Nc1ccccc1F'],,,,,
2890,BRD-K18481678,['54661233'],['OC[C@@H]1[C@H]2Cn3c(cccc3=O)[C@@H]([C@H]1C(=O)NCC1CCCCC1)N2C(=O)c1cccnc1'],,,,,
2891,BRD-K18483660,['54666581'],['COc1ccccc1-c1ccc(cc1)[C@@H]1[C@@H](CO)N2CCCCN(C[C@@H]12)C(=O)c1cccnc1'],,,,,
2892,BRD-K18493795,['54618441'],['COc1cccc(c1)S(=O)(=O)N(C)C[C@@H]2Oc3cc(ccc3S(=O)(=O)N(C[C@H]2C)[C@H](C)CO)C4=CCCCC4'],,,,,
2893,BRD-K18495986,['60138101'],['CC(C)(C)[C@H](NC(=O)c1cc(Cl)cc(Cl)c1)C(=O)N1CCC[C@H]1C(=O)N[C@@H](CC(O)=O)C#N'],,,,,
2894,BRD-K18511213,['54654197'],['CC(C)c1ccc(NC(=O)C[C@H]2CC[C@H]3[C@@H](COc4ccc(NC(=O)Nc5ccc(F)c(F)c5)cc4C(=O)N3C)O2)cc1'],,,,,
2895,BRD-K18512301,['60185052'],['COc1ccc2c3c([C@@H](CO)N(C[C@]33CN(Cc4ccccc4OC)C3)C(=O)C3CC3)n(C)c2c1'],,,,,
2896,BRD-K18533094,['60191234'],['OC[C@H]1[C@H]([C@H]2CN(CC(=O)N12)C(=O)Cc1cccnc1)c1ccc(cc1)C#CC1CCCCC1'],,,,,
2897,BRD-K18542345,['54657601'],['COc1ccccc1NC(=O)N1C[C@H](O)COC[C@@H]2O[C@H](CC(=O)N3CCC(Cc4ccccc4)CC3)CC[C@@H]12'],,,,,
2898,BRD-K18552758,['56835297'],['C[C@@H](CO)N1C[C@@H](C)[C@H](CN(C)S(=O)(=O)CC(F)(F)F)OCc2ccccc2-c3c(C1=O)n(C)c4ccccc34'],,,,,
2899,BRD-K18567420,['54638844'],['OC[C@H]1O[C@@H](CCn2cc(nn2)-c2ccccc2F)CC[C@H]1NC(=O)c1ccc2OCOc2c1'],,,,,
2900,BRD-K18571495,['54596123'],['COCCNC(=O)[C@@H]1[C@@H](CO)[C@@H]2Cn3c(cccc3=O)[C@H]1N2S(=O)(=O)c1ccccc1C'],,,,,
2901,BRD-K18573821,['44281634'],['NC(=O)CN1CC[C@@H](NC(=O)[C@@H]2CCCN2)C1=O'],,,,,
2902,BRD-K18589989,['54638719'],['COc1ccc(cc1)-c1cn(CC[C@H]2CC[C@@H](NC(=O)CCN3CCCCC3)[C@H](CO)O2)nn1'],,,,,
2903,BRD-K18595892,['3240581'],['CCCN(CCC)CCNC(=O)C1CCN(Cc2nc(oc2C)c3ccc(Cl)cc3)CC1'],,,,,
2904,BRD-K18598482,['60185081'],['Fc1cccc(c1)-c1ccc(cc1)[C@H]1[C@H]2CN(C[C@@H]1N2)C(=O)C1CC1'],,,,,
2905,BRD-K18639483,['54657568'],['COc1ccc(CN2C[C@@H](O)COC[C@H]3O[C@@H](CC(=O)NCCN4CCCC4)CC[C@H]23)cc1'],,,,,
2906,BRD-K18641148,['44489766'],['COc1ccc(CN(C)C[C@@H]2Oc3ccc(NC(=O)c4ccncc4)cc3CC(=O)N(C[C@@H]2C)[C@H](C)CO)cc1'],,,,,
2907,BRD-K18647673,['60191392'],['COc1ccc(cc1)-c1ccc(cc1)[C@@H]1[C@@H](CO)N2[C@H]1CN(CC2=O)C(=O)C1CC1'],,,,,
2908,BRD-K18655724,['54651481'],['OC[C@H]1[C@H]([C@H](CNC(=O)NC2CCCC2)N1C(=O)C1CC1)c1ccccc1'],,,,,
2909,BRD-K18683499,['54638445'],['NCC[C@@H]1CC[C@H](NC(=O)c2ccccc2F)[C@@H](CO)O1'],,,,,
2910,BRD-K18692529,['54651312'],['CN(C[C@@H]1[C@@H]([C@@H](CO)N1C(=O)C1CCC1)c1ccccc1)C(=O)c1ccccn1'],,,,,
2911,BRD-K18710049,['54618864'],['C[C@H](O)C#Cc1ccc2c(O[C@H](CN(C)Cc3ccc(cc3)c4ccccc4)[C@@H](C)CN([C@@H](C)CO)S2(=O)=O)c1'],,,,,
2912,BRD-K18711687,['53338812'],['Oc1ccc(CNc2ccccc2Cl)c2cccnc12'],,,,,
2913,BRD-K18713590,['54646201'],['CS(=O)(=O)Nc1ccc2O[C@H]3[C@H](C[C@@H](CC(=O)NCc4ccccn4)O[C@@H]3CO)c2c1'],,,,,
2914,BRD-K18722736,['5310988'],['Oc1ccc2C[C@H]3N(CC4CC4)CC[C@@]45[C@@H](Oc1c24)C(=O)\\C(C[C@@]35O)=C\\c1ccccc1'],,,,,
2915,BRD-K18722825,['54664922'],['OC[C@@H]1Nc2ccc(Br)cc2[C@@H]2[C@H]1CCN2C(=O)c1ccccc1F'],,,,,
2916,BRD-K18724229,['53338856'],['CC(=O)Nc1sc2CNCCCc2c1-c1nc2ccccc2s1'],,,,,
2917,BRD-K18726304,['53338848'],['CC(C)N1CCc2c(C1)sc(NC(=O)CCC#C)c2-c1nc2ccccc2s1'],,,,,
2918,BRD-K18727181,['44504802'],['C[C@H](CO)N1C[C@@H](C)[C@@H](CN(C)Cc2ccc(Cl)c(Cl)c2)Oc3ccc(NC(=O)c4ccncc4)cc3CC1=O'],,,,,
2919,BRD-K18739469,['3464963'],['CC(=O)N/N=C(\\C)/c1ccc(NC(=O)C2CC2)cc1'],,,,,
2920,BRD-K18746324,['54650137'],['OC[C@H]1[C@@H]([C@@H](C#N)N1C(=O)Cc1ccncc1)c1ccc(cc1)C1=CCCCC1'],,,,,
2921,BRD-K18747403,['60191450'],['COc1ccc(cc1)C#Cc1ccc(cc1)[C@H]1[C@@H](CO)N2[C@@H]1CN(CC2=O)C(=O)NC(C)C'],,,,,
2922,BRD-K18748400,['54646217'],['CN(C)c1ccc2O[C@H]3[C@H](C[C@H](CC(=O)O)O[C@H]3CO)c2c1'],,,,,
2923,BRD-K18749194,['3123448'],['CC=CCn1c(SCCCc2ccccc2)nc2n(C)c(=O)[nH]c(=O)c12'],,,,,
2924,BRD-K18761689,['24747340'],['OC(=O)c1ccc(cc1)c2noc(n2)c3cccc(F)c3'],,,,,
2925,BRD-K18767302,['54657795'],['CN(C)CCCNC(=O)C[C@H]1CC[C@H]2[C@@H](COC[C@@H](O)CN2CC2CCCC2)O1'],,,,,
2926,BRD-K18772134,['71759505'],['C\\C=C\\c1ccc(cc1)[C@@H]1[C@@H]2CNC[C@H]1N2Cc1ccccc1C(F)(F)F'],,,,,
2927,BRD-K18772888,['44490187'],['C[C@H](CO)N1C[C@H](C)[C@@H](CN(C)Cc2ccncc2)Oc3ccc(NC(=O)Nc4ccc5OCOc5c4)cc3C1=O'],,,,,
2928,BRD-K18778674,['54649915'],['OC[C@H]1[C@H]([C@H](C#N)N1c1nc(cs1)-c1ccccc1)c1ccc(cc1)C1=CCCC1'],,,,,
2929,BRD-K18793708,['44505963'],['C[C@H](CO)N1C[C@H](C)[C@@H](CN(C)S(=O)(=O)c2ccc(F)cc2)OCc3cnnn3CCCC1=O'],,,,,
2930,BRD-K18814832,['2228302'],['Cc1ccc(C)c(NS(=O)(=O)c2cc(ccc2Cl)C(=O)Nc3ccccc3c4ccccc4)c1'],,,,,
2931,BRD-K18814836,['54652500'],['OC[C@H]1[C@H]2[C@H](CNc3ccccc23)N1C(=O)Nc1ccc(F)cc1'],,,,,
2932,BRD-K18822535,['54637973'],['C[C@@H](CO)N1C[C@H](C)[C@@H](CN(C)C(=O)[C@@H](C)c2ccccc2)OCc3ccccc3-c4ccccc4C1=O'],,,,,
2933,BRD-K18823018,['60184924'],['COc1ccc2c3c([nH]c2c1)[C@@H](CO)N(C[C@]31CCN(CC1)S(=O)(=O)c1cn(C)cn1)C(=O)Nc1ccc(F)cc1'],,,,,
2934,BRD-K18832733,['54614526'],['C[C@H](CO)N1C[C@H](C)[C@@H](CN(C)S(=O)(=O)c2ccc(Cl)cc2)Oc3ccc(NC(=O)CCCCCC(=O)Nc4ccccc4N)cc3CC1=O'],,,,,
2935,BRD-K18840975,['54664789'],['OC[C@@H]1Nc2ccc(cc2[C@H]2[C@@H]1CCN2Cc1ccc2OCOc2c1)C#Cc1ccc(F)cc1'],,,,,
2936,BRD-K18844601,['54638807'],['CN(C)Cc1cn(CC[C@H]2CC[C@@H](NC(=O)Cc3cccnc3)[C@@H](CO)O2)nn1'],,,,,
2937,BRD-K18861610,['44142092'],['COc1ccc(cc1OCC2CC2)C3=Nn4c(nnc4SC3)c5ccccc5F'],,,,,
2938,BRD-K18865856,['46905018'],['Cc1ccnc(SCc2cc(=O)c(OC(=O)c3ccc(cc3)C#N)co2)n1'],,,,,
2939,BRD-K18876264,['54614166'],['C[C@H](CO)N1C[C@H](C)[C@@H](CN(C)CC2CCCCC2)Oc3ccc(NC(=O)Cc4ccccc4)cc3CC1=O'],,,,,
2940,BRD-K18883945,['54637685'],['C[C@H](CO)N1C[C@@H](C)[C@@H](CN(C)C(=O)[C@H]2CCCN2C)OCc3ccccc3-c4c(C1=O)n(C)c5ccccc45'],,,,,
2941,BRD-K18891555,['44619395'],['C[C@@H](CO)N1C[C@@H](C)[C@@H](CN(C)C(=O)NC2CCCCC2)OCCCC[C@@H](C)Oc3ccc(NC(=O)Nc4ccc(cc4)C(F)(F)F)cc3C1=O'],,,,,
2942,BRD-K18913711,['44616316'],['C[C@@H](CO)N1C[C@H](C)[C@@H](CN(C)Cc2ccc(cc2)c3ccccc3)Oc4c(cccc4C1=O)N(C)C'],,,,,
2943,BRD-K18918854,['54654325'],['CN1[C@H]2CC[C@H](CC(=O)N[C@H]3CCN(Cc4ccccc4)C3)O[C@H]2COc2ccc(NC(=O)c3ccc(F)c(F)c3)cc2C1=O'],,,,,
2944,BRD-K18925740,['54649494'],['CO[C@@H]1CC[C@H]2CCN(C)C(=O)[C@@H](C)[C@H](CN(C)C(=O)c3cccc(C#N)c3OC[C@@H]1O2)OC'],,,,,
2945,BRD-K18929270,['60185210'],['COc1ccc2c3c([C@@H](CO)N(C[C@]33CN(Cc4nccs4)C3)C(=O)Nc3cccc(F)c3)n(C)c2c1'],,,,,
2946,BRD-K18932682,['54646449'],['OC[C@H]1O[C@@H](CC(=O)NC2CCCCC2)C[C@@H]3[C@H]1Oc4ccc(NC(=O)c5ccc6OCOc6c5)cc34'],,,,,
2947,BRD-K18953385,['2160985'],['OC(=O)c1ccccc1OCc2ccccc2Br'],,,,,
2948,BRD-K18970629,['25181296'],['OC(=O)c1ccc(CSc2nc3CCCc3c(O)n2)cc1'],,,,,
2949,BRD-K18972207,['60185063'],['CCS(=O)(=O)N1CC[C@@]2(CC1)CN[C@@H](CO)c1c2c2ccc(OC)cc2n1C'],,,,,
2950,BRD-K18976419,['44491717'],['C[C@H](CO)N1C[C@H](C)[C@H](CN(C)C(=O)Nc2cccc3ccccc23)Oc4ccc(NS(=O)(=O)C)cc4C1=O'],,,,,
2951,BRD-K18981886,['60190187'],['CCCN1CC[C@@]2(CC1)CN(Cc1ccc3OCOc3c1)[C@H](CO)c1[nH]c3cc(OC)ccc3c21'],,,,,
2952,BRD-K18982118,['54649478'],['CO[C@@H]1CC[C@@H]2CCN(C)C(=O)[C@@H](C)[C@H](CN(C)C(=O)c3cccc(C#N)c3OC[C@@H]1O2)OC'],,,,,
2953,BRD-K18999740,['54638340'],['OC[C@@H]1O[C@H](CCn2cc(nn2)C2CCCCC2)CC[C@@H]1NC(=O)CN1CCOCC1'],,,,,
2954,BRD-K19004531,['60185071'],['COc1ccc2c3c([nH]c2c1)[C@H](CO)NC[C@]31CCN(CC1)C(=O)Cc1cccnc1'],,,,,
2955,BRD-K19011062,['54649548'],['CO[C@H]1CC[C@H]2CCOc3c(cccc3C(=O)N(C)C[C@@H](CC(=O)N(C)C[C@H]1O2)c1ccccc1)C#N'],,,,,
2956,BRD-K19016577,['44505406'],['C[C@@H](CO)N1C[C@@H](C)[C@H](CN(C)C(=O)Oc2cccc3ccccc23)OCc4cnnn4CCCC1=O'],,,,,
2957,BRD-K19016650,['56835198'],['C[C@@H](CO)N1C[C@@H](C)[C@H](CN(C)C(=O)[C@@H](C)c2ccccc2)OCc3ccccc3-c4ccccc4C1=O'],,,,,
2958,BRD-K19019278,['54631454'],['CCCNC(=O)Nc1ccc2OC[C@@H](C)N(C[C@@H](C)[C@H](CN(C)C(=O)c2c1)OC)C(=O)c1ccccc1F'],,,,,
2959,BRD-K19027210,['8056641'],['C(c1ccccc1)n1ncc2c(ncnc12)N1CCN(CC1)c1ccccc1'],,,,,
2960,BRD-K19031214,['71760513'],['COc1ccccc1CN1[C@@H](CO)[C@@H](c2ccccc2)C11CN(C1)C(=O)Cc1ccccc1'],,,,,
2961,BRD-K19033174,['54624299'],['C/C=C/c1ccc2c(O[C@@H](CN(C)C(=O)c3cccc(F)c3)[C@H](C)CN([C@@H](C)CO)S2(=O)=O)c1'],,,,,
2962,BRD-K19036853,['54654519'],['CN1[C@H]2CC[C@@H](CC(=O)NCC3CCCCC3)O[C@@H]2COc2ccc(NC(=O)C3CCOCC3)cc2C1=O'],,,,,
2963,BRD-K19042873,['44828481'],['Oc1ccc(\\C=C\\c2ccc(\\C=C\\c3ccc(O)cc3)c(Br)c2)cc1'],,,,,
2964,BRD-K19054197,['54637976'],['C[C@@H](CO)N1C[C@@H](C)[C@@H](CN(C)C(=O)[C@@H](C)c2ccccc2)OCc3ccccc3-c4ccccc4C1=O'],,,,,
2965,BRD-K19056367,['42640807'],['Cc1cc(-c2ccc(F)cc2)n2ncc(-c3ccccc3)c2n1'],,,,,
2966,BRD-K19059335,['64983'],['Clc1ccc2NC(=O)CN=C(c3ccc[nH]3)c2c1'],,,,,
2967,BRD-K19061245,['54646112'],['OC[C@@H]1O[C@@H](CC(=O)O)C[C@H]2[C@@H]1Oc3ccc(NC(=O)Nc4ccc(cc4)C(F)(F)F)cc23'],,,,,
2968,BRD-K19073426,['54661174'],['OC[C@H]1[C@@H]2Cn3c(cccc3=O)[C@H]([C@@H]1C(=O)NCc1ccncn1)N2CC1CC1'],,,,,
2969,BRD-K19084671,['54646342'],['OC[C@H]1O[C@H](CC(=O)NCc2cc(F)ccc2F)C[C@@H]3[C@H]1Oc4ccc(NC(=O)C5CCOCC5)cc34'],,,,,
2970,BRD-K19105325,['54664822'],['COc1cccc(c1)-c1ccc2N[C@@H](CO)[C@H]3CCN([C@H]3c2c1)S(=O)(=O)c1ccccc1C'],,,,,
2971,BRD-K19106401,['54649378'],['CC(C)(C)[S@@](=O)N1Cc2cc(nc(c2[C@H]1CCO)-c1cccc(c1)-c1cccc(c1)C#N)C(=O)N1CCCCC1'],,,,,
2972,BRD-K19108281,['54645936'],['C[C@@H](NC(=O)C[C@H]1C[C@H]2[C@H](Oc3ccc(NS(=O)(=O)c4ccc(F)cc4)cc23)[C@@H](CO)O1)c5ccccc5'],,,,,
2973,BRD-K19112099,['60188251'],['CN(C)C(=O)c1cccc(c1)-c1ccc(cc1)[C@@H]1[C@H]2CN(C[C@@H]1N2)S(=O)(=O)c1ccccc1F'],,,,,
2974,BRD-K19114437,['56835559'],['C[C@H](CO)N1C[C@@H](C)[C@H](CN(C)C(=O)c2ccncc2)OCc3ccccc3-c4ccccc4C1=O'],,,,,
2975,BRD-K19117583,['23648023'],['COc1ccc(Nc2nc(NCCO)nc(n2)N3CCCC3)cc1'],,,,,
2976,BRD-K19134488,['60138119'],['Cc1cc(C)nc(NC(=S)N2CCN(CC2)c2ccc(Cl)c(Cl)c2)c1'],,,,,
2977,BRD-K19147748,['60191005'],['CCC(=O)N1C[C@H]2[C@@H]([C@H](CO)N2C(=O)C1)c1ccc(cc1)C#Cc1cccnc1'],,,,,
2978,BRD-K19147816,['54618477'],['COc1ccccc1C#Cc2cnc3O[C@@H](CN(C)C(=O)c4ccc5OCOc5c4)[C@@H](C)CN([C@@H](C)CO)C(=O)c3c2'],,,,,
2979,BRD-K19166598,['44618018'],['C[C@H](CO)N1C[C@@H](C)[C@@H](CN(C)CC2CCCCC2)OCCCC[C@H](C)Oc3ccc(NC(=O)Nc4ccc(cc4)C(F)(F)F)cc3C1=O'],,,,,
2980,BRD-K19167425,['54649425'],['CC(C)(C)[S@@](=O)N1Cc2cc(nc(c2[C@H]1CCO)-c1cccc(c1)-c1ccccc1F)C(=O)N1CCCCC1'],,,,,
2981,BRD-K19181733,['44498648'],['C[C@H](CO)N1C[C@H](C)[C@@H](CN(C)CC2CCCCC2)OCCCC[C@H](C)Oc3ccc(NC(=O)Nc4cccc5ccccc45)cc3C1=O'],,,,,
2982,BRD-K19189705,['44490946'],['C[C@H](CO)N1C[C@@H](C)[C@H](CN(C)C(=O)Nc2ccc(F)cc2)OCCCC[C@H](C)Oc3ccc(NS(=O)(=O)c4ccccc4)cc3C1=O'],,,,,
2983,BRD-K19190776,['54657925'],['O[C@H]1COC[C@H]2O[C@H](CC(=O)NC3CCC3)CC[C@@H]2N(C1)C(=O)Nc1ccc(Cl)c(Cl)c1'],,,,,
2984,BRD-K19194092,['54649966'],['OC[C@@H]1[C@@H]([C@@H](C#N)N1C(=O)Cc1ccccn1)c1ccc(cc1)C#CC1CC1'],,,,,
2985,BRD-K19196783,['9600276'],['Nc1nonc1n2nnc(C(=O)NN=Cc3ccccc3Br)c2CN4CCCC4'],,,,,
2986,BRD-K19198293,['44502376'],['CC(C)NC(=O)Nc1ccc2O[C@H](CN(C)C)[C@H](C)CN([C@H](C)CO)C(=O)Cc2c1'],,,,,
2987,BRD-K19203541,['54639062'],['OC[C@H]1O[C@H](CC(=O)NCc2ccc(Oc3ccccc3)cc2)C=C[C@H]1NC(=O)c1ccccc1'],,,,,
2988,BRD-K19204484,['54654191'],['CN1[C@H]2CC[C@H](CC(=O)NCCN3CCCCC3)O[C@H]2COc2ccc(NC(=O)Nc3ccc(Cl)cc3)cc2C1=O'],,,,,
2989,BRD-K19213530,['54638705'],['OC[C@@H]1O[C@H](CC(=O)Nc2nccs2)C=C[C@@H]1NC(=O)c1cccc(F)c1'],,,,,
2990,BRD-K19223413,['54631762'],['CCCN1C[C@H](C)[C@H](CN(C)C(=O)c2cc(NC(=O)Nc3ccccc3F)ccc2OC[C@@H]1C)OC'],,,,,
2991,BRD-K19232452,['54664847'],['COc1ccc(cc1)-c1ccc2N[C@H](CO)[C@H]3CCN([C@H]3c2c1)C(=O)CN1CCOCC1'],,,,,
2992,BRD-K19234078,['54665000'],['CN(C)C(=O)c1ccc(cc1)-c1ccc2N[C@H](CO)[C@@H]3CCN(Cc4ccc5OCOc5c4)[C@@H]3c2c1'],,,,,
2993,BRD-K19237705,['60190055'],['OC[C@@H]1[C@@H](c2ccccc2)C2(CN(C2)C(=O)C2CCC2)N1C(=O)c1ccccn1'],,,,,
2994,BRD-K19251038,['54638361'],['OC[C@H]1O[C@@H](CC(=O)NCCN2CCCCC2)C=C[C@H]1NC(=O)c1cccnc1'],,,,,
2995,BRD-K19268781,['54665072'],['COc1cccc(c1)-c1ccc2N[C@H](CO)[C@H]3CCN([C@H]3c2c1)C(=O)c1ccc(F)cc1'],,,,,
2996,BRD-K19272295,['54651473'],['CCC(=O)N(C)C[C@H]1[C@@H]([C@@H](CO)N1C(C)=O)c1ccc(cc1)C1=CCCCC1'],,,,,
2997,BRD-K19275171,['54637998'],['C[C@H](CO)N1C[C@@H](C)[C@@H](CN(C)S(=O)(=O)c2ccccc2F)OCc3ccccc3-c4c(C1=O)n(C)c5ccccc45'],,,,,
2998,BRD-K19288011,['54666517'],['Cc1ccccc1-c1ccc(cc1)[C@H]1[C@@H](CO)N2CCCCN(C[C@H]12)S(=O)(=O)Cc1ccccc1'],,,,,
2999,BRD-K19290969,['717880'],['CN1c2ccccc2Sc3cc(N)ccc13'],,,,,
3000,BRD-K19294102,['56835363'],['C[C@H](CO)N1C[C@H](C)[C@@H](CN(C)Cc2cccnc2)OCc3ccccc3-c4c(C1=O)n(C)c5ccccc45'],,,,,
3001,BRD-K19303070,['54638254'],['CC(C)NC(=O)NCC[C@@H]1CC[C@H](NC(=O)CCN2CCCCC2)[C@H](CO)O1'],,,,,
3002,BRD-K19308316,['54652718'],['CC(=O)N1C[C@@H]2[C@@H]([C@@H](CO)N2C(=O)CC2CC2)c2ccccc12'],,,,,
3003,BRD-K19322034,['44483434'],['C[C@@H](CO)N1C[C@H](C)[C@@H](CN(C)C(=O)NC2CCCCC2)Oc3ccc(NC(=O)C4CCCCC4)cc3C1=O'],,,,,
3004,BRD-K19325173,['54638937'],['OC[C@@H]1O[C@H](CC(=O)NCc2ccc(Cl)c(Cl)c2)CC[C@H]1NS(=O)(=O)c1ccc(F)cc1'],,,,,
3005,BRD-K19330527,['44620865'],['C[C@H](CO)N1C[C@@H](C)[C@H](CN(C)Cc2ccc(Cl)c(Cl)c2)OCCCC[C@@H](C)Oc3ccc(NC(=O)Nc4ccc5OCOc5c4)cc3C1=O'],,,,,
3006,BRD-K19331234,['54660955'],['CN(C)C(=O)[C@@H]1[C@@H](CO)[C@@H]2Cn3c(ccc(C4=CCCC4)c3=O)[C@H]1N2S(=O)(=O)c1cn(C)cn1'],,,,,
3007,BRD-K19340473,['54631465'],['CO[C@H]1CN(C)C(=O)c2cc(NC(=O)NC3CCCCC3)ccc2OC[C@H](C)N(CCc2ccccc2)C[C@H]1C'],,,,,
3008,BRD-K19357327,['54631394'],['CCC(=O)Nc1ccc2OC[C@@H](C)N(C[C@@H](C)[C@H](CN(C)C(=O)c2c1)OC)C(=O)CC'],,,,,
3009,BRD-K19358815,['54660934'],['OC[C@H]1[C@@H]2Cn3c(ccc(-c4cncnc4)c3=O)[C@@H](N2)[C@@H]1C(=O)NCC1CCCCC1'],,,,,
3010,BRD-K19362120,['54650185'],['CCCNC(=O)N1[C@@H](CO)[C@@H]([C@H]1C#N)c1ccc(cc1)C1=CCCCC1'],,,,,
3011,BRD-K19385772,['54665015'],['Cc1ccc(cc1)S(=O)(=O)N1CC[C@H]2[C@@H]1c1cc(ccc1N[C@@H]2CO)C#Cc1ccc(F)cc1'],,,,,
3012,BRD-K19390271,['54654233'],['CN1[C@@H]2CC[C@H](CC(=O)N[C@H]3CCN(Cc4ccccc4)C3)O[C@@H]2COc2ccc(NC(=O)Nc3c(C)noc3C)cc2C1=O'],,,,,
3013,BRD-K19396909,['46903421'],['COCC(=O)N(C)C[C@H]1Oc2cc(C#Cc3cccnc3)ccc2S(=O)(=O)N(C[C@H]1C)[C@H](C)CO'],,,,,
3014,BRD-K19398444,['60189936'],['CC(=O)N1[C@H](CO)[C@@H](c2ccc(cc2)-c2ccccc2F)C11CN(CC2CCOCC2)C1'],,,,,
3015,BRD-K19399946,['54654339'],['CN1[C@H]2CC[C@H](CC(=O)N[C@H]3CCN(Cc4ccccc4)C3)O[C@@H]2COc2ccc(NC(=O)c3ccc(F)c(F)c3)cc2C1=O'],,,,,
3016,BRD-K19402218,['60189772'],['COc1ccc2c3c([C@@H](CO)N(C[C@]33CCN(C)CC3)C(=O)NC3CCCCC3)n(C)c2c1'],,,,,
3017,BRD-K19405573,['54657823'],['O[C@H]1COC[C@H]2O[C@H](CC(=O)N3CCC(Cc4ccccc4)CC3)CC[C@@H]2N(Cc2nccs2)C1'],,,,,
3018,BRD-K19410523,['44825223'],['Clc1ccc2c(ccnc2c1)N1CCN(CC1)c1cc(=O)n(C2CCCCC2)c(=O)[nH]1'],,,,,
3019,BRD-K19416218,['54645799'],['COC(=O)C[C@H]1C[C@H]2[C@H](Oc3ccc(NC(=O)c4ccc5OCOc5c4)cc23)[C@@H](CO)O1'],,,,,
3020,BRD-K19417837,['54652676'],['OC[C@@H]1[C@@H]2[C@@H](CN(c3ccccc23)S(=O)(=O)c2ccc(F)cc2)N1Cc1ccccc1Cl'],,,,,
3021,BRD-K19418153,['44500046'],['C[C@H](CO)N1C[C@@H](C)[C@H](CN(C)Cc2ccc(cc2)c3ccccc3)Oc4c(cccc4C1=O)N(C)C'],,,,,
3022,BRD-K19426893,['54638850'],['OC[C@@H]1O[C@H](CCNC(=O)C2CCCCC2)CC[C@@H]1NC(=O)Nc1ccccc1F'],,,,,
3023,BRD-K19431609,['54626573'],['C[C@H](CO)N1C[C@@H](C)[C@H](CN(C)Cc2ccccn2)Oc3cc(C#CCN(C)C)ccc3S1(=O)=O'],,,,,
3024,BRD-K19433082,['1999882'],['COc1ccc(cc1)C(=O)OCC#CCSc2nnc(o2)c3cccc4ccccc34'],,,,,
3025,BRD-K19436903,['60191224'],['OC[C@@H]1[C@@H]([C@H]2CNCC(=O)N12)c1ccc(cc1)C#Cc1cccnc1'],,,,,
3026,BRD-K19455915,['54632171'],['CO[C@@H]1CN(C)C(=O)c2ccc(NC(=O)CC(F)(F)F)cc2OC[C@@H](C)N(C[C@@H]1C)S(=O)(=O)c1cn(C)cn1'],,,,,
3027,BRD-K19466708,['54639151'],['OC[C@H]1O[C@H](CCNS(=O)(=O)Cc2ccccc2)CC[C@H]1NC(=O)c1cnccn1'],,,,,
3028,BRD-K19471718,['44488699'],['C[C@H](CO)N1C[C@H](C)[C@@H](CN(C)C(=O)Nc2ccc3OCOc3c2)OCc4cn(CCCC1=O)nn4'],,,,,
3029,BRD-K19487261,['54638687'],['OC[C@@H]1O[C@@H](CC(=O)N2CCc3ccccc3C2)CC[C@@H]1NC(=O)Nc1cc(F)ccc1F'],,,,,
3030,BRD-K19499941,['1637653'],['CCCCCCCN(C(=O)CCl)c1cccc(C)c1'],,,,,
3031,BRD-K19516543,['54650191'],['OC[C@H]1[C@H]([C@@H](C#N)N1C(=O)Nc1ccc(F)cc1)c1ccc(cc1)-c1cccnc1'],,,,,
3032,BRD-K19520352,['54654136'],['CN1[C@@H]2CC[C@H](CC(=O)NCC3CC3)O[C@H]2COc2ccc(NC(=O)NC3CCCC3)cc2C1=O'],,,,,
3033,BRD-K19529619,['54646381'],['CCCNC(=O)C[C@H]1C[C@@H]2[C@@H](Oc3ccc(NC(=O)NC4CCCCC4)cc23)[C@H](CO)O1'],,,,,
3034,BRD-K19534956,['44490364'],['CC(C)NC(=O)Nc1ccc2O[C@@H](C)CCCCO[C@@H](CN(C)C)[C@H](C)CN([C@@H](C)CO)C(=O)c2c1'],,,,,
3035,BRD-K19549004,['54646659'],['COc1ccccc1CNC(=O)C[C@@H]2C[C@@H]3[C@@H](Oc4ccc(NC(=O)c5cccnc5)cc34)[C@@H](CO)O2'],,,,,
3036,BRD-K19549666,['54615062'],['C[C@@H](CO)N1C[C@H](C)[C@@H](CN(C)CC2CC2)OCCCC[C@H](C)Oc3ccc(NC(=O)c4ccccc4)cc3C1=O'],,,,,
3037,BRD-K19589763,['54637677'],['C[C@H](CO)N1C[C@@H](C)[C@H](CN(C)C(=O)[C@H]2CCCN2C)OCc3ccccc3-c4c(C1=O)n(C)c5ccccc45'],,,,,
3038,BRD-K19593010,['44500394'],['C[C@@H](CO)N1C[C@H](C)[C@@H](CN(C)S(=O)(=O)c2ccc(F)cc2)Oc3ccc(NC(=O)Nc4ccc(cc4)C(F)(F)F)cc3CC1=O'],,,,,
3039,BRD-K19593188,['54618510'],['COc1ccc(C#Cc2ccc3c(O[C@@H](CN(C)C(=O)CN4CCOCC4)[C@@H](C)CN([C@H](C)CO)S3(=O)=O)c2)cc1'],,,,,
3040,BRD-K19593593,['54661104'],['C[C@H](NC(=O)[C@H]1[C@H](CO)[C@H]2Cn3c(ccc(-c4ccccc4F)c3=O)[C@@H]1N2C)c1ccccc1'],,,,,
3041,BRD-K19596098,['44491071'],['C[C@@H](CO)N1C[C@@H](C)[C@H](CN(C)C(=O)Nc2ccc(cc2)C(F)(F)F)Oc3ccc(NC(=O)Cc4ccccc4)cc3C1=O'],,,,,
3042,BRD-K19597888,['56835468'],['C[C@@H](CO)N1C[C@H](C)[C@@H](CN(C)C(=O)[C@@H](Cc2ccccc2)N(C)C)OCc3ccccc3-c4c(C1=O)n(C)c5ccccc45'],,,,,
3043,BRD-K19601332,['54619738'],['C[C@@H](CO)N1C[C@@H](C)[C@H](CN(C)S(=O)(=O)c2ccc(C)cc2)Oc3cc(ccc3S1(=O)=O)C4=CCCC4'],,,,,
3044,BRD-K19607523,['54630617'],['C[C@@H](CO)N1C[C@@H](C)[C@@H](CN(C)Cc2ccccc2F)Oc3cc(ccc3S1(=O)=O)C4=CCCC4'],,,,,
3045,BRD-K19624190,['6729762'],['OCCOc1ccccc1[C@@H]2N3[C@H]([C@H](C(=O)N4CCN(CC4)c5ncccn5)[C@@]26C(=O)Nc7ccccc76)C(=O)O[C@H]([C@H]3c8ccccc8)c9ccccc9'],,,,,
3046,BRD-K19629349,['54645822'],['CCCNC(=O)C[C@@H]1C[C@@H]2[C@@H](Oc3ccc(NC(=O)Nc4ccccc4F)cc23)[C@H](CO)O1'],,,,,
3047,BRD-K19642661,['51358867'],['COc1ccc(cc1)S(=O)(=O)Nc2ccc3O[C@@H](C)CCCCO[C@H](CN(C)C)[C@@H](C)CN([C@H](C)CO)C(=O)c3c2'],,,,,
3048,BRD-K19645792,['54666509'],['OC[C@@H]1[C@@H]([C@@H]2CN(CCCCN12)C(=O)CN1CCOCC1)c1ccc(Br)cc1'],,,,,
3049,BRD-K19645992,['54661170'],['CCCNC(=O)[C@@H]1[C@@H](CO)[C@@H]2Cn3c(ccc(-c4ccncc4)c3=O)[C@H]1N2Cc1ccccc1F'],,,,,
3050,BRD-K19653414,['108051'],['CN(C)CCCN1c2ccccc2CCc2cc(O)ccc12'],,,,,
3051,BRD-K19658687,['54660900'],['OC[C@@H]1[C@H]2Cn3c(ccc(-c4ccc(F)cc4)c3=O)[C@@H]([C@H]1C(O)=O)N2CC1CCCCC1'],,,,,
3052,BRD-K19677752,['54638487'],['C[C@H](NC(=O)C[C@H]1CC[C@@H](NS(=O)(=O)c2cccc(F)c2)[C@H](CO)O1)c1ccccc1'],,,,,
3053,BRD-K19689423,['44496430'],['C[C@H](CO)N1C[C@H](C)[C@H](CN(C)CC2CC2)OCCCC[C@H](C)Oc3ccc(NS(=O)(=O)c4ccccc4)cc3C1=O'],,,,,
3054,BRD-K19696710,['54638422'],['CCS(=O)(=O)NCC[C@@H]1CC[C@@H](NC(=O)C2CCCCC2)[C@H](CO)O1'],,,,,
3055,BRD-K19696793,['54659411'],['O[C@@H]1COC[C@H]2O[C@@H](CC(=O)N3CCOCC3)CC[C@@H]2N(C1)C(=O)c1ccccc1F'],,,,,
3056,BRD-K19724398,['53338857'],['CC(C)N1CCc2sc(NC(C)=O)c(-c3nc4ccccc4s3)c2CC1'],,,,,
3057,BRD-K19729667,['54638798'],['Cc1ccc(cc1)S(=O)(=O)NCC[C@H]1CC[C@H](NC(=O)CC2CC2)[C@@H](CO)O1'],,,,,
3058,BRD-K19729690,['44484466'],['C[C@@H](CO)N1C[C@@H](C)[C@@H](CN(C)Cc2ccc(cc2)c3ccccc3)Oc4ccc(NS(=O)(=O)C)cc4CC1=O'],,,,,
3059,BRD-K19735876,['44142129'],['COc1ccccc1c2csc3ncnc(Sc4nnnn4C)c23'],,,,,
3060,BRD-K19742528,['54646328'],['OC[C@@H]1O[C@H](CC(=O)N2CCc3ccccc3C2)C[C@H]4[C@@H]1Oc5ccc(NC(=O)C6CCOCC6)cc45'],,,,,
3061,BRD-K19764902,['44490887'],['C[C@@H](CO)N1C[C@H](C)[C@@H](CN(C)C)OCCCC[C@H](C)Oc2ccc(NS(=O)(=O)c3cn(C)cn3)cc2C1=O'],,,,,
3062,BRD-K19770227,['54638517'],['CN(C)CCCNC(=O)C[C@H]1CC[C@H](NS(=O)(=O)c2ccc(C)cc2)[C@H](CO)O1'],,,,,
3063,BRD-K19808762,['54646446'],['OC[C@H]1O[C@@H](CC(=O)NC2CCCCC2)C[C@H]3[C@@H]1Oc4ccc(NC(=O)c5ccc6OCOc6c5)cc34'],,,,,
3064,BRD-K19818442,['54615027'],['C[C@H](CO)N1C[C@@H](C)[C@H](CN(C)S(=O)(=O)c2ccc(Cl)cc2)OCCCC[C@@H](C)Oc3ccc(NC(=O)Nc4c(C)noc4C)cc3C1=O'],,,,,
3065,BRD-K19821569,['54665046'],['COc1ccccc1-c1ccc2N[C@@H](CO)[C@@H]3CCN([C@@H]3c2c1)C(=O)c1ccc2OCOc2c1'],,,,,
3066,BRD-K19825378,['54645856'],['OC[C@H]1O[C@H](CC(=O)NCC2CC2)C[C@H]3[C@@H]1Oc4ccc(NC(=O)CC5CC5)cc34'],,,,,
3067,BRD-K19826330,['56835561'],['C[C@@H](CO)N1C[C@H](C)[C@H](CN(C)C)OCc2ccccc2-c3ccccc3C1=O'],,,,,
3068,BRD-K19833084,['54649907'],['CCc1cnc(s1)N1[C@@H](CO)[C@@H]([C@H]1C#N)c1ccc(cc1)C#CC(C)C'],,,,,
3069,BRD-K19838409,['54622572'],['CCCN(C)C[C@H]1Oc2cc(ccc2S(=O)(=O)N(C[C@@H]1C)[C@H](C)CO)c3ccc(C)cc3'],,,,,
3070,BRD-K19845538,['44505585'],['C[C@H](CO)N1C[C@H](C)[C@@H](CN(C)C(=O)Nc2ccccc2C(F)(F)F)OCc3cnnn3CCCC1=O'],,,,,
3071,BRD-K19865807,['54646456'],['OC[C@@H]1O[C@@H](CC(=O)NCc2cccc(F)c2)C[C@@H]3[C@H]1Oc4ccc(NC(=O)C5CCC5)cc34'],,,,,
3072,BRD-K19868817,['60191448'],['COc1ccc(cc1)C#Cc1ccc(cc1)[C@H]1[C@@H](CO)N2[C@H]1CN(CC2=O)C(=O)NC(C)C'],,,,,
3073,BRD-K19870323,['54631220'],['C[C@H](CO)N1C[C@H](C)[C@@H](CN(C)C(=O)Nc2ccc(cc2)C(F)(F)F)Oc3cc(ccc3S1(=O)=O)c4ccc(C)cc4'],,,,,
3074,BRD-K19873234,['54654189'],['CN1[C@@H]2CC[C@@H](CC(=O)NCCN3CCCCC3)O[C@@H]2COc2ccc(NC(=O)Nc3ccc(Cl)cc3)cc2C1=O'],,,,,
3075,BRD-K19873942,['60185005'],['CN(C)C(=O)c1cccc(c1)-c1ccc(cc1)[C@H]1[C@H]2CN(Cc3nccs3)C[C@@H]1N2'],,,,,
3076,BRD-K19875179,['752172'],['OC(=O)CCC(=O)Nc1ccc(Br)c2cccnc12'],,,,,
3077,BRD-K19876534,['54646516'],['OC[C@@H]1O[C@H](CC(=O)NCc2ccc(Oc3ccccc3)cc2)C[C@@H]4[C@H]1Oc5ccc(NS(=O)(=O)c6ccc(F)cc6)cc45'],,,,,
3078,BRD-K19882533,['54660841'],['COc1ccccc1-c1ccc2[C@H]3[C@H]([C@H](CO)[C@@H](Cn2c1=O)N3CC1CC1)C(=O)N1CCOCC1'],,,,,
3079,BRD-K19888970,['60189645'],['COc1ccc2c3c([C@@H](CO)N(Cc4ccccc4OC)C[C@]33CN(C)C3)n(C)c2c1'],,,,,
3080,BRD-K19890875,['54639100'],['COc1ccc(NC(=O)N[C@@H]2CC[C@@H](CC(=O)NC3CCC3)O[C@@H]2CO)cc1'],,,,,
3081,BRD-K19898724,['71760854'],['COCC(=O)N1CC[C@@]2(CC1)CN(Cc1cc(F)ccc1F)[C@@H](CO)c1c2c2ccc(OC)cc2n1C'],,,,,
3082,BRD-K19914944,['54650153'],['CCc1cnc(s1)N1[C@@H](CO)[C@@H]([C@@H]1C#N)c1ccc(cc1)C1=CCCCC1'],,,,,
3083,BRD-K19915020,['54638845'],['OC[C@@H]1O[C@H](CCn2cc(nn2)-c2ccccc2F)CC[C@H]1NC(=O)c1ccc2OCOc2c1'],,,,,
3084,BRD-K19917828,['54661017'],['OC[C@@H]1[C@H]2Cn3c(ccc(-c4cncnc4)c3=O)[C@H]2N(CC2CCCC2)[C@H]1C(=O)Nc1nccs1'],,,,,
3085,BRD-K19919069,['54654798'],['CC(C)c1cccc(NC(=O)C[C@H]2CC[C@H]3[C@@H](COc4ccc(NC(=O)NCc5ccccc5)cc4C(=O)N3C)O2)c1'],,,,,
3086,BRD-K19922318,['16749996'],['CN(C)C(=O)c1cccc(c1)-n1sc2ccccc2c1=O'],,,,,
3087,BRD-K19933506,['54657793'],['CN(C)CCCNC(=O)C[C@@H]1CC[C@H]2[C@@H](COC[C@H](O)CN2CC2CCCC2)O1'],,,,,
3088,BRD-K19938940,['54660656'],['COC(=O)[C@@H]1[C@@H](CO)[C@@H]2Cn3c(cccc3=O)[C@@H]2N1CC1CCOCC1'],,,,,
3089,BRD-K19944193,['54652486'],['OC[C@H]1[C@@H]2[C@@H](CN(C(=O)C3CCCCC3)c3ccccc23)N1C(=O)Cc1ccccn1'],,,,,
3090,BRD-K19949652,['54631406'],['CO[C@@H]1CN(C)C(=O)c2cc(NS(C)(=O)=O)ccc2OC[C@@H](C)N(C[C@H]1C)C(=O)C1CCOCC1'],,,,,
3091,BRD-K19960610,['44486370'],['C[C@@H](CO)N1C[C@@H](C)[C@@H](CN(C)Cc2ccc3cccnc3c2)OCc4cn(CCCC1=O)nn4'],,,,,
3092,BRD-K19965545,['54639116'],['Cc1ccc(cc1)S(=O)(=O)N[C@@H]1CC[C@H](CCNC(=O)c2ccccc2F)O[C@H]1CO'],,,,,
3093,BRD-K19969523,['54649499'],['CO[C@H]1CC[C@@H]2CCN(C)C(=O)[C@@H](C)[C@H](CN(C)C(=O)c3cccc(C#N)c3OC[C@H]1O2)OC'],,,,,
3094,BRD-K19969618,['44505586'],['C[C@@H](CO)N1C[C@H](C)[C@H](CN(C)C(=O)Nc2cccc(Oc3ccccn3)c2)OCc4cnnn4CCCC1=O'],,,,,
3095,BRD-K19971276,['54657487'],['CN1CCN(CC1)C(=O)C[C@@H]1CC[C@@H]2[C@H](COC[C@H](O)CN2CC2CCOCC2)O1'],,,,,
3096,BRD-K19973268,['44505119'],['C[C@H](CO)N1C[C@H](C)[C@@H](CN(C)S(=O)(=O)c2ccccc2C)OCc3cn(CCCC1=O)nn3'],,,,,
3097,BRD-K19973744,['44246456'],['Cc1cc(C)cc(c1)S(=O)(=O)N1CCN(CC1)c1nc(nc2ccccc12)-c1cccs1'],,,,,
3098,BRD-K19982400,['44488299'],['C[C@@H](CO)N1C[C@@H](C)[C@H](CN(C)Cc2ccc3OCOc3c2)Oc4ccc(NC(=O)Cc5ccccc5)cc4C1=O'],,,,,
3099,BRD-K19985802,['44607949'],['Fc1ccc(cc1)S(=O)(=O)C(=C\\c1cccn1S(=O)(=O)c1cccc(c1)C#N)\\C#N'],,,,,
3100,BRD-K19995377,['54654270'],['C[C@H](NC(=O)C[C@@H]1CC[C@H]2[C@@H](COc3ccc(NS(=O)(=O)c4ccc(Cl)cc4)cc3C(=O)N2C)O1)c1ccccc1'],,,,,
3101,BRD-K19995388,['54657947'],['CN(C)C(=O)C[C@H]1CC[C@H]2[C@@H](COC[C@H](O)CN2C(=O)c2ccncc2)O1'],,,,,
3102,BRD-K20009726,['54618626'],['COCC(=O)N(C)C[C@@H]1Oc2ncc(C#CC(C)(C)O)cc2C(=O)N(C[C@H]1C)[C@H](C)CO'],,,,,
3103,BRD-K20013327,['44485069'],['C[C@H](CO)N1C[C@H](C)[C@H](CN(C)C(=O)Nc2ccc3OCOc3c2)OCc4cn(CCCC1=O)nn4'],,,,,
3104,BRD-K20016217,['54661347'],['CCN1[C@H]([C@H](CO)[C@H]2Cn3c(ccc(-c4ccccc4OC)c3=O)[C@@H]12)C(=O)NCc1ccc(F)cc1'],,,,,
3105,BRD-K20019319,['54618484'],['COCC(=O)N(C)C[C@@H]1Oc2cc(ccc2S(=O)(=O)N(C[C@@H]1C)[C@H](C)CO)c3ccccc3F'],,,,,
3106,BRD-K20032161,['60185234'],['COc1ccc2c3c([C@@H](CO)N(C[C@]33CCN(CC3)C(=O)Nc3cccc(F)c3)S(C)(=O)=O)n(C)c2c1'],,,,,
3107,BRD-K20032520,['54631365'],['CO[C@@H]1CN(C)C(=O)c2ccc(NC(=O)C3CCOCC3)cc2OC[C@@H](C)N(Cc2nccs2)C[C@@H]1C'],,,,,
3108,BRD-K20032655,['25668960'],['O=C(NNC(=O)c1ccccc1)c2csc(n2)c3ccccc3'],,,,,
3109,BRD-K20037743,['44484539'],['COc1ccccc1CN(C)C[C@@H]2OCc3cn(CCCC(=O)N(C[C@H]2C)[C@@H](C)CO)nn3'],,,,,
3110,BRD-K20044426,['54660863'],['OC[C@H]1[C@@H]2Cn3c(ccc(C4=CCCCC4)c3=O)[C@H]([C@@H]1C(O)=O)N2C(=O)Cc1ccccn1'],,,,,
3111,BRD-K20051162,['54654379'],['CC(C)NC(=O)Nc1ccc2OC[C@H]3O[C@@H](CC(=O)NCc4ccc(F)cc4)CC[C@H]3N(C)C(=O)c2c1'],,,,,
3112,BRD-K20065144,['54646585'],['OC[C@@H]1O[C@@H](CC(=O)NCCc2ccccc2)C[C@@H]3[C@H]1Oc4ccc(NC(=O)Cc5ccncc5)cc34'],,,,,
3113,BRD-K20075074,['60191195'],['OC[C@H]1[C@@H]([C@@H]2CN(CC(=O)N12)C(=O)Cc1cccnc1)c1ccc(cc1)C#CC1CCCCC1'],,,,,
3114,BRD-K20079620,['54651224'],['COCCN(C[C@H]1[C@H]([C@H](CO)N1C(=O)C1CCC1)c1ccccc1)C(C)=O'],,,,,
3115,BRD-K20081026,['54652487'],['OC[C@@H]1[C@@H]2[C@@H](CN(C(=O)C3CCCCC3)c3ccccc23)N1C(=O)Cc1ccccn1'],,,,,
3116,BRD-K20089037,['54631886'],['CO[C@@H]1CN(C)C(=O)c2cc(NS(=O)(=O)CC(F)(F)F)ccc2OC[C@@H](C)N(CC2CCCCC2)C[C@H]1C'],,,,,
3117,BRD-K20091307,['54631854'],['CO[C@H]1CN(C)C(=O)c2cc(NC(=O)c3ccno3)ccc2OC[C@@H](C)N(C[C@H]1C)S(C)(=O)=O'],,,,,
3118,BRD-K20093888,['54618631'],['C[C@H](CO)N1C[C@@H](C)[C@@H](CN(C)CC2CCOCC2)Oc3cc(ccc3S1(=O)=O)c4cccnc4'],,,,,
3119,BRD-K20097363,['54651206'],['CC(C)CN(C[C@@H]1[C@@H]([C@@H](CO)N1C(C)=O)c1ccccc1)C(=O)c1ccccn1'],,,,,
3120,BRD-K20099363,['54649452'],['CC(C)(C)[S@](=O)N1Cc2cc(nc(c2[C@@H]1CCO)-c1cccc(c1)-c1ccc(cc1)C#N)C(=O)N1CCCCC1'],,,,,
3121,BRD-K20103689,['54618545'],['C[C@@H](CO)N1C[C@@H](C)[C@H](CN(C)C(=O)c2ccc(F)cc2)Oc3cc(ccc3S1(=O)=O)C4=CCCC4'],,,,,
3122,BRD-K20107219,['54631527'],['CO[C@@H]1CN(C)C(=O)c2ccc(NC(=O)c3cnccn3)cc2OC[C@@H](C)NC[C@H]1C'],,,,,
3123,BRD-K20109053,['60185092'],['COc1ccc2c3c([C@H](CO)N(C[C@]33CCN(Cc4cccc(F)c4)CC3)C(=O)C3CC3)n(C)c2c1'],,,,,
3124,BRD-K20112532,['790989'],['Nc1c(C#N)sc2nc(cc(c3ccc(Cl)cc3)c12)C4CC4'],,,,,
3125,BRD-K20119687,['54618445'],['C[C@H](CO)N1C[C@H](C)[C@H](CN(C)C(=O)c2ccc3OCOc3c2)Oc4cc(ccc4S1(=O)=O)c5ccccc5'],,,,,
3126,BRD-K20120164,['60190087'],['COc1ccc2c3c([nH]c2c1)[C@@H](CO)N(Cc1cc(OC)cc(OC)c1)C[C@]31CN(C1)C(=O)Nc1c(C)noc1C'],,,,,
3127,BRD-K20121961,['54654260'],['C[C@@H](NC(=O)C[C@@H]1CC[C@@H]2[C@H](COc3ccc(NS(=O)(=O)c4ccc(Cl)cc4)cc3C(=O)N2C)O1)c1ccccc1'],,,,,
3128,BRD-K20123385,['44507309'],['C[C@H](CO)N1C[C@@H](C)[C@@H](CN(C)Cc2ccc(cc2)C(=O)Nc3ccccc3N)Oc4ccc(NC(=O)Nc5ccc(cc5)C(F)(F)F)cc4CC1=O'],,,,,
3129,BRD-K20126873,['44488524'],['C[C@H](CO)N1C[C@H](C)[C@@H](CN(C)C)Oc2ccc(NC(=O)C3CC3)cc2C1=O'],,,,,
3130,BRD-K20138758,['44202501'],['C[C@H](CO)N1C[C@H](C)[C@@H](CN(C)C(=O)Nc2ccc(cc2)C(F)(F)F)Oc3ccc(NC(=O)Cc4ccccc4)cc3C1=O'],,,,,
3131,BRD-K20139170,['54614999'],['CC(C)NC(=O)N(C)C[C@H]1OCCCC[C@@H](C)Oc2ccc(NC(=O)c3ccccc3)cc2C(=O)N(C[C@@H]1C)[C@@H](C)CO'],,,,,
3132,BRD-K20146413,['60185016'],['COc1ccc2c3c([nH]c2c1)[C@@H](CO)N(C[C@]31CN(C1)C(=O)c1ccccn1)C(=O)C1CCC1'],,,,,
3133,BRD-K20148542,['54646271'],['COc1ccc(NC(=O)Nc2ccc3O[C@@H]4[C@@H](C[C@H](CC(=O)NCCc5ccccc5)O[C@H]4CO)c3c2)cc1'],,,,,
3134,BRD-K20151898,['44249892'],['COc1cc2CCN3C[C@H](CC(C)C)[C@@H](O)C[C@H]3c2cc1OC'],,,,,
3135,BRD-K20154295,['54666535'],['COc1ccc(cc1)C#Cc1ccc(cc1)[C@@H]1[C@@H](CO)N2CCCCN(C)C[C@@H]12'],,,,,
3136,BRD-K20159808,['54657477'],['CS(=O)(=O)N1C[C@@H](O)COC[C@H]2O[C@@H](CC(=O)NCc3ccccc3)CC[C@H]12'],,,,,
3137,BRD-K20163346,['54638748'],['OC[C@H]1O[C@H](CCNC(=O)CCN2CCCCC2)CC[C@H]1NS(=O)(=O)c1cccc(Cl)c1'],,,,,
3138,BRD-K20168484,['3651377'],['CC(C)c1ccc2n(Cc3ccc(Cl)cc3)c(CC(C)(C)C(=O)O)c(SC(C)(C)C)c2c1'],,,,,
3139,BRD-K20170530,['60189761'],['COc1ccc2c3c([C@H](CO)N(C[C@]33CCN(CC4CC4)CC3)C(=O)c3ccncc3)n(C)c2c1'],,,,,
3140,BRD-K20178228,['44493374'],['C[C@@H](CO)N1C[C@H](C)[C@H](CN(C)Cc2ccc(cc2)c3ccccc3)Oc4ccc(NC(=O)c5ccncc5)cc4C1=O'],,,,,
3141,BRD-K20182751,['54654318'],['COC(=O)C[C@H]1CC[C@H]2[C@H](COc3ccc(NC(=O)Nc4cc(C)cc(C)c4)cc3C(=O)N2C)O1'],,,,,
3142,BRD-K20191348,['54661199'],['OC[C@@H]1[C@H]2Cn3c(ccc(\\C=C\\c4ccccc4)c3=O)[C@@H]([C@H]1C(=O)NCC1CC1)N2C(=O)C1CCC1'],,,,,
3143,BRD-K20192397,['44490468'],['CC(C)NC(=O)Nc1ccc2O[C@H](C)CCCCO[C@@H](CN(C)C)[C@H](C)CN([C@H](C)CO)C(=O)c2c1'],,,,,
3144,BRD-K20197338,['54657749'],['Cc1cccc(c1)S(=O)(=O)N1C[C@H](O)COC[C@H]2O[C@H](CC(=O)Nc3ccc(cc3)-c3ccccc3)CC[C@H]12'],,,,,
3145,BRD-K20200700,['54646072'],['OC[C@H]1O[C@@H](CC(=O)NCC(F)(F)F)C[C@@H]2[C@H]1Oc3ccc(NS(=O)(=O)c4ccccc4)cc23'],,,,,
3146,BRD-K20203275,['54666420'],['OC[C@H]1[C@H]([C@H]2CN(CCCCN12)C(=O)Nc1cccc(F)c1)c1ccc(cc1)C#Cc1cccnc1'],,,,,
3147,BRD-K20211345,['54660947'],['C[C@H](NC(=O)[C@@H]1[C@@H](CO)[C@@H]2Cn3c(ccc(-c4ccncc4)c3=O)[C@@H]2N1C)c1ccccc1'],,,,,
3148,BRD-K20216424,['54652553'],['CC(=O)N1[C@H](CO)[C@H]2[C@@H]1CN(c1ccccc21)S(=O)(=O)c1ccc(F)cc1'],,,,,
3149,BRD-K20220643,['54638964'],['C[C@@H](NC(=O)C[C@H]1O[C@@H](CO)[C@H](NC(=O)Nc2ccc3OCOc3c2)C=C1)c1ccccc1'],,,,,
3150,BRD-K20251969,['54637873'],['C[C@H](CO)N1C[C@H](C)[C@@H](CN(C)C(=O)NC2CCCCC2)OCc3ccccc3-c4ccccc4C1=O'],,,,,
3151,BRD-K20255967,['54637753'],['COc1ccc(OC(=O)N(C)C[C@@H]2OCc3ccccc3-c4ccccc4C(=O)N(C[C@@H]2C)[C@H](C)CO)cc1'],,,,,
3152,BRD-K20272026,['54654250'],['COc1cccc(CNC(=O)C[C@H]2CC[C@@H]3[C@H](COc4ccc(NS(=O)(=O)c5ccccc5F)cc4C(=O)N3C)O2)c1'],,,,,
3153,BRD-K20278954,['44504350'],['C[C@H](CO)N1C[C@H](C)[C@H](CN(C)Cc2ccc(cc2)C(F)(F)F)Oc3ccc(NC(=O)Nc4ccccc4)cc3CC1=O'],,,,,
3154,BRD-K20281332,['54657790'],['CN(C)CCCNC(=O)C[C@@H]1CC[C@@H]2[C@H](COC[C@@H](O)CN2CC2CCCC2)O1'],,,,,
3155,BRD-K20307883,['54638970'],['OC[C@@H]1O[C@H](CCNC(=O)c2ccc(F)cc2)CC[C@@H]1NC(=O)Nc1ccc(Cl)c(Cl)c1'],,,,,
3156,BRD-K20310932,['54638454'],['OC[C@H]1O[C@H](CC(=O)NCCCN2CCOCC2)C=C[C@H]1NS(=O)(=O)c1ccccc1F'],,,,,
3157,BRD-K20315727,['60184932'],['CCCNC(=O)N1CC[C@@]2(CC1)CN(Cc1ccccn1)[C@@H](CO)c1c2c2ccc(OC)cc2n1C'],,,,,
3158,BRD-K20332840,['54646693'],['OC[C@@H]1O[C@H](CC(=O)NCc2ccc(Cl)cc2)C[C@H]3[C@@H]1Oc4ccc(NC(=O)Nc5ccc(cc5)C(F)(F)F)cc34'],,,,,
3159,BRD-K20342806,['54639127'],['CN1CCN(CC1)C(=O)C[C@H]1O[C@@H](CO)[C@H](NS(=O)(=O)c2cccc(F)c2)C=C1'],,,,,
3160,BRD-K20342961,['54654162'],['CN1CCN(CC1)C(=O)C[C@H]1CC[C@@H]2[C@@H](COc3ccc(NC(=O)c4cscn4)cc3C(=O)N2C)O1'],,,,,
3161,BRD-K20345035,['60184897'],['CCS(=O)(=O)N1C[C@@]2(C1)CN([C@H](CO)c1[nH]c3cc(OC)ccc3c21)C(=O)Cc1ccccn1'],,,,,
3162,BRD-K20351658,['60185157'],['Fc1ccc(cc1)-c1ccc(cc1)[C@H]1[C@H]2CN(C[C@@H]1N2)C(=O)NC1CCCCC1'],,,,,
3163,BRD-K20352452,['44493263'],['C[C@H](CO)N1C[C@H](C)[C@H](CN(C)C(=O)NC2CCCCC2)Oc3ccc(NC(=O)C4CCCCC4)cc3C1=O'],,,,,
3164,BRD-K20369357,['60185165'],['COc1ccc2c3c([nH]c2c1)[C@H](CO)N(C[C@]31CN(C)C1)C(=O)c1ccncc1'],,,,,
3165,BRD-K20381303,['54646658'],['COc1ccccc1CNC(=O)C[C@@H]2C[C@H]3[C@H](Oc4ccc(NC(=O)c5cccnc5)cc34)[C@H](CO)O2'],,,,,
3166,BRD-K20382089,['54616535'],['C[C@H](CO)N1C[C@H](C)[C@@H](CN(C)Cc2ccc(Cl)c(Cl)c2)OCCCC[C@H](C)Oc3ccc(NS(=O)(=O)c4ccccc4)cc3C1=O'],,,,,
3167,BRD-K20401833,['2360837'],['OC(c1ccc(NS(=O)(=O)c2cccs2)cc1)(C(F)(F)F)C(F)(F)F'],,,,,
3168,BRD-K20428479,['54660710'],['CCC(=O)N1[C@@H]2Cn3c(ccc(-c4ccc(F)cc4)c3=O)[C@H]1[C@H]([C@@H]2CO)C(=O)OC'],,,,,
3169,BRD-K20429911,['54652476'],['OC[C@H]1[C@@H]2[C@@H](CN(C(=O)c3ccncc3)c3ccccc23)N1C(=O)c1ccccn1'],,,,,
3170,BRD-K20433775,['54657676'],['O[C@H]1CN[C@H]2CC[C@H](CC(=O)Nc3ccc(cc3)-c3ccccc3)O[C@@H]2COC1'],,,,,
3171,BRD-K20441249,['54653995'],['CCS(=O)(=O)Nc1ccc2OC[C@@H]3O[C@H](CC(=O)N4CCN(C)CC4)CC[C@H]3N(C)C(=O)c2c1'],,,,,
3172,BRD-K20449903,['54666429'],['OC[C@@H]1[C@@H]([C@H]2CN(CCCCN12)S(=O)(=O)c1cccs1)c1ccc(\\C=C\\c2ccccc2)cc1'],,,,,
3173,BRD-K20462402,['60190997'],['OC[C@@H]1[C@@H]([C@H]2CN(CC(=O)N12)C(=O)Cc1ccccn1)c1ccc(cc1)C#CCC1CCCC1'],,,,,
3174,BRD-K20469405,['54646210'],['OC[C@@H]1O[C@@H](CC(=O)NCC(F)(F)F)C[C@@H]2[C@H]1Oc3ccc(NC(=O)c4ccc5OCOc5c4)cc23'],,,,,
3175,BRD-K20479120,['44485200'],['CC(C)NC(=O)N(C)C[C@H]1Oc2ccc(cc2CC(=O)N(C[C@@H]1C)[C@H](C)CO)N(C)C'],,,,,
3176,BRD-K20490522,['54666610'],['CCS(=O)(=O)N1CCCCN2[C@H](CO)[C@@H]([C@@H]2C1)c1ccc(cc1)-c1ccc(cc1)C(=O)N(C)C'],,,,,
3177,BRD-K20492338,['50918585'],['Nc1nc2ccccc2n1-c1nc(NCc2ccccc2)c2ccccc2n1'],,,,,
3178,BRD-K20497962,['44496324'],['C[C@@H](CO)N1C[C@@H](C)[C@@H](CN(C)Cc2ccc(Cl)c(Cl)c2)Oc3ccc(NC(=O)c4ccncc4)cc3CC1=O'],,,,,
3179,BRD-K20500634,['56835355'],['C[C@@H](CO)N1C[C@H](C)[C@@H](CN(C)S(=O)(=O)c2c(C)noc2C)OCc3ccccc3-c4c(C1=O)n(C)c5ccccc45'],,,,,
3180,BRD-K20501513,['44501118'],['C[C@H](CO)N1C[C@H](C)[C@H](CN(C)S(=O)(=O)C)OCCCC[C@@H](C)Oc2ccc(NC(=O)c3ccncc3)cc2C1=O'],,,,,
3181,BRD-K20510412,['327120'],['Cc1ccc(cc1)C(=O)/N=c\\2/cccc[nH]2'],,,,,
3182,BRD-K20517870,['54646230'],['OC[C@@H]1O[C@@H](CC(=O)NCc2ccncc2)C[C@H]3[C@@H]1Oc4ccc(NC(=O)NC5CCCC5)cc34'],,,,,
3183,BRD-K20531360,['54615087'],['C[C@H](CO)N1C[C@H](C)[C@H](CN(C)CC2CC2)OCCCC[C@H](C)Oc3ccc(NS(=O)(=O)c4cn(C)cn4)cc3C1=O'],,,,,
3184,BRD-K20537503,['60190164'],['CCS(=O)(=O)N1C[C@@]2(C1)CN(Cc1ccc3OCOc3c1)[C@@H](CO)c1c2c2ccc(OC)cc2n1C'],,,,,
3185,BRD-K20554239,['54651263'],['OC[C@@H]1[C@@H]([C@@H](CNC(=O)c2ccncc2)N1CC1CCCC1)c1ccccc1'],,,,,
3186,BRD-K20555183,['54631348'],['CO[C@@H]1CN(C)C(=O)c2ccc(NC(=O)c3ccccn3)cc2OC[C@@H](C)N(C[C@H]1C)C(=O)Nc1ccccc1Cl'],,,,,
3187,BRD-K20555710,['54660729'],['OC[C@H]1[C@@H]2Cn3c(ccc(\\C=C\\c4ccccc4)c3=O)[C@H]([C@@H]1C(=O)NCc1ccccn1)N2CC1CC1'],,,,,
3188,BRD-K20578716,['54619062'],['CCCC#Cc1cnc2O[C@@H](CN(C)C(=O)Nc3cccc(F)c3)[C@@H](C)CN([C@H](C)CO)C(=O)c2c1'],,,,,
3189,BRD-K20585111,['60185030'],['COc1ccc(cc1)-c1ccc(cc1)[C@@H]1[C@@H]2CNC[C@H]1N2C(=O)Nc1ccc(F)cc1'],,,,,
3190,BRD-K20597651,['44484129'],['C[C@H](CO)N1C[C@H](C)[C@H](CN(C)C(=O)Nc2ccc(F)cc2)Oc3ccc(NS(=O)(=O)c4ccccc4)cc3C1=O'],,,,,
3191,BRD-K20601561,['60184843'],['COc1ccc2c3c([nH]c2c1)[C@@H](CO)N(C[C@]31CCN(CC1)C(=O)CC1CC1)C(=O)CC1CC1'],,,,,
3192,BRD-K20604601,['54646304'],['OC[C@H]1O[C@H](CC(=O)N2CCc3ccccc3C2)C[C@@H]4[C@H]1Oc5ccc(NC(=O)Cc6ccncc6)cc45'],,,,,
3193,BRD-K20609812,['60185192'],['COc1ccc2c3c([nH]c2c1)[C@@H](CO)NC[C@]31CN(C1)C(=O)Nc1ccc2OCOc2c1'],,,,,
3194,BRD-K20616644,['54615639'],['C[C@@H](CO)N1C[C@@H](C)[C@@H](CN(C)C(=O)Cc2ccccc2)OCCCC[C@@H](C)Oc3ccc(NC(=O)Nc4ccc(cc4)C(F)(F)F)cc3C1=O'],,,,,
3195,BRD-K20652606,['54665024'],['OC[C@H]1Nc2ccc(cc2[C@H]2[C@@H]1CCN2C(=O)c1ccccc1F)-c1cccc(c1)C#N'],,,,,
3196,BRD-K20658410,['54666428'],['OC[C@H]1[C@H]([C@H]2CN(CCCCN12)S(=O)(=O)c1cccs1)c1ccc(\\C=C\\c2ccccc2)cc1'],,,,,
3197,BRD-K20718732,['44484048'],['C[C@H](CO)N1C[C@@H](C)[C@H](CN(C)Cc2ccc(Oc3ccccc3)cc2)Oc4ccc(NC(=O)Nc5ccc6OCOc6c5)cc4C1=O'],,,,,
3198,BRD-K20721504,['54649305'],['CO[C@@H](CN(C)C(=O)C1CC1)[C@@H](C)CN([C@H](C)CO)C(=O)Nc1ccc(cc1)C(F)(F)F'],,,,,
3199,BRD-K20725229,['54650053'],['OC[C@@H]1[C@@H]([C@H](C#N)N1C(=O)Nc1cccc(F)c1)c1ccccc1'],,,,,
3200,BRD-K20729616,['54631282'],['CO[C@H]1CN(C)C(=O)c2ccc(NC(C)=O)cc2OC[C@@H](C)N(C[C@H]1C)C(=O)Cc1ccccn1'],,,,,
3201,BRD-K20732958,['60191438'],['COc1cccc(NC(=O)N2C[C@@H]3[C@H]([C@@H](CO)N3C(=O)C2)c2ccc(cc2)C#CCC2CCCC2)c1'],,,,,
3202,BRD-K20740790,['44488540'],['C[C@H](CO)N1C[C@@H](C)[C@H](CN(C)Cc2ccc3OCOc3c2)Oc4ccc(NC(=O)CCCN(C)C)cc4C1=O'],,,,,
3203,BRD-K20754058,['54631666'],['CCCC(=O)Nc1ccc2OC[C@H](C)N(C[C@@H](C)[C@H](CN(C)C(=O)c2c1)OC)C(=O)c1ccccn1'],,,,,
3204,BRD-K20757362,['54631806'],['CCCNC(=O)Nc1ccc2c(OC[C@H](C)N(Cc3cccnc3)C[C@H](C)[C@@H](CN(C)C2=O)OC)c1'],,,,,
3205,BRD-K20758354,['54654456'],['CN1[C@H]2CC[C@@H](CC(=O)NCC(F)(F)F)O[C@H]2COc2ccc(NC(=O)c3ccccc3Cl)cc2C1=O'],,,,,
3206,BRD-K20761826,['44490918'],['CC(C)NC(=O)Nc1ccc2O[C@@H](C)CCCCO[C@H](CN(C)C(=O)CCCN(C)C)[C@@H](C)CN([C@H](C)CO)C(=O)c2c1'],,,,,
3207,BRD-K20763692,['54658093'],['O[C@H]1COC[C@@H]2O[C@@H](CC(=O)N3CCCCC3)CC[C@H]2N(Cc2ccc3OCOc3c2)C1'],,,,,
3208,BRD-K20763958,['54631579'],['CO[C@H]1CN(C)C(=O)c2ccc(NS(C)(=O)=O)cc2OC[C@@H](C)N(CC2CCCCC2)C[C@H]1C'],,,,,
3209,BRD-K20766305,['60190979'],['Cc1cccc(c1)-c1ccc(cc1)[C@H]1[C@@H](CO)N2[C@H]1CN(CC2=O)S(=O)(=O)c1cccc(F)c1'],,,,,
3210,BRD-K20790586,['54660652'],['CN(C)CCCNC(=O)[C@@H]1[C@@H](CO)[C@@H]2Cn3c(cccc3=O)[C@H]1N2C(=O)Nc1cc(F)ccc1F'],,,,,
3211,BRD-K20792495,['44487764'],['C[C@@H](CO)N1C[C@H](C)[C@@H](CN(C)S(=O)(=O)C)Oc2ccc(NC(=O)CCCN(C)C)cc2C1=O'],,,,,
3212,BRD-K20793945,['54661323'],['CN1CCN(CC1)C(=O)[C@@H]1[C@@H](CO)[C@@H]2Cn3c(cccc3=O)[C@H]1N2Cc1ccncc1'],,,,,
3213,BRD-K20806847,['54618552'],['CC(C)CC#Cc1cnc2O[C@H](CN(C)C(=O)c3cccc(F)c3)[C@@H](C)CN([C@H](C)CO)C(=O)c2c1'],,,,,
3214,BRD-K20820984,['54654068'],['COC(=O)C[C@@H]1CC[C@@H]2[C@H](COc3ccc(NS(=O)(=O)c4ccc(F)cc4)cc3C(=O)N2C)O1'],,,,,
3215,BRD-K20822925,['54646208'],['OC[C@H]1O[C@@H](CC(=O)NCC(F)(F)F)C[C@H]2[C@@H]1Oc3ccc(NC(=O)c4ccc5OCOc5c4)cc23'],,,,,
3216,BRD-K20824632,['44483794'],['C[C@H](CO)N1C[C@@H](C)[C@H](CN(C)Cc2ccc(Cl)c(Cl)c2)Oc3c(NS(=O)(=O)C)cccc3C1=O'],,,,,
3217,BRD-K20827004,['54649945'],['OC[C@@H]1[C@@H]([C@@H](C#N)N1C(=O)c1cccc(F)c1)c1ccc(cc1)C1=CCCCC1'],,,,,
3218,BRD-K20827972,['54661407'],['C[C@H](NC(=O)[C@H]1[C@H](CO)[C@H]2Cn3c(ccc(C4=CCCCC4)c3=O)[C@@H]1N2C(C)=O)c1ccccc1'],,,,,
3219,BRD-K20834925,['54649383'],['COc1ccc(CNC(=O)c2cc3CN([C@@H](CCO)c3c(n2)-c2cccc(c2)-c2cccc(c2)C#N)[S@@](=O)C(C)(C)C)cc1'],,,,,
3220,BRD-K20848134,['56835560'],['C[C@H](CO)N1C[C@@H](C)[C@H](CN(C)C(=O)[C@@H](Cc2ccccc2)N(C)C)OCc3ccccc3-c4ccccc4C1=O'],,,,,
3221,BRD-K20857608,['54652526'],['OC[C@@H]1[C@H]2[C@H](CN(C(=O)c3cccnc3)c3ccccc23)N1C(=O)CN1CCOCC1'],,,,,
3222,BRD-K20859359,['44490251'],['C[C@H](CO)N1C[C@H](C)[C@@H](CN(C)C(=O)Nc2ccc(F)cc2)OCCCC[C@@H](C)Oc3ccc(NS(=O)(=O)c4ccccc4)cc3C1=O'],,,,,
3223,BRD-K20862010,['60189924'],['COc1ccc2c3c([nH]c2c1)[C@@H](CO)N(C[C@]31CCN(CC1)C(=O)c1ccncc1)C(=O)CN(C)C'],,,,,
3224,BRD-K20863480,['44484391'],['COc1ccc(CN(C)C[C@@H]2Oc3c(NS(=O)(=O)C)cccc3C(=O)N(C[C@H]2C)[C@@H](C)CO)cc1'],,,,,
3225,BRD-K20876879,['54657720'],['O[C@@H]1CN[C@H]2CC[C@H](CC(=O)NCCN3CCCCC3)O[C@@H]2COC1'],,,,,
3226,BRD-K20877010,['54631393'],['CCCNC(=O)Nc1ccc2OC[C@H](C)N(Cc3ccc(cc3)-c3ccccn3)C[C@H](C)[C@@H](CN(C)C(=O)c2c1)OC'],,,,,
3227,BRD-K20877213,['54618403'],['COc1cccc(NC(=O)N(C)C[C@H]2Oc3ncc(C#Cc4ccncc4)cc3C(=O)N(C[C@@H]2C)[C@H](C)CO)c1'],,,,,
3228,BRD-K20898254,['60184862'],['C\\C=C\\c1ccc(cc1)[C@@H]1[C@H]2CN(C[C@@H]1N2)C(=O)Nc1ccc(cc1)C(F)(F)F'],,,,,
3229,BRD-K20902354,['54652614'],['COc1ccc(CN2[C@H](CO)[C@@H]3[C@H]2CNc2ccccc32)cc1'],,,,,
3230,BRD-K20914082,['60138134'],['COC(=O)N1N(C(=O)OC)[C@](C(C)C)(C1=O)c1ccsc1'],,,,,
3231,BRD-K20914452,['56835443'],['CO[C@@H](C(=O)N(C)C[C@@H]1OCc2ccccc2-c3ccccc3C(=O)N(C[C@@H]1C)[C@@H](C)CO)c4ccccc4'],,,,,
3232,BRD-K20923001,['25243783'],['Fc1cccc(F)c1S(=O)(=O)NCCCCCCNS(=O)(=O)c2ccc3OCCOc3c2'],,,,,
3233,BRD-K20931972,['44505621'],['C[C@@H](CO)N1C[C@@H](C)[C@@H](CN(C)C(=O)Nc2cccc(c2)C(F)(F)F)OCc3cn(CCCC1=O)nn3'],,,,,
3234,BRD-K20949245,['54614989'],['CC(C)NC(=O)N(C)C[C@H]1OCCCC[C@H](C)Oc2ccc(NC(=O)c3ccccc3)cc2C(=O)N(C[C@H]1C)[C@H](C)CO'],,,,,
3235,BRD-K20950855,['54654156'],['CN1CCN(CC1)C(=O)C[C@@H]1CC[C@@H]2[C@@H](COc3ccc(NC(=O)c4cscn4)cc3C(=O)N2C)O1'],,,,,
3236,BRD-K20954269,['54661110'],['COc1ccccc1-c1ccc2[C@@H]3[C@H](Cn2c1=O)[C@@H](CO)[C@@H](N3C)C(=O)N1CCCCC1'],,,,,
3237,BRD-K20965564,['56835251'],['C[C@@H](CO)N1C[C@@H](C)[C@H](CN(C)C(=O)c2c(C)noc2C)OCc3ccccc3-c4c(C1=O)n(C)c5ccccc45'],,,,,
3238,BRD-K20978396,['54657870'],['O[C@H]1COC[C@@H]2O[C@H](CC(=O)N3CCOCC3)CC[C@H]2N(C1)C(=O)Nc1cc(Cl)cc(Cl)c1'],,,,,
3239,BRD-K20985754,['76632'],['COc1ccc(OC)c(CCN)c1'],,,,,
3240,BRD-K21001652,['54636786'],['CCCC(=O)Nc1ccc2OC[C@H](C)N(Cc3ccc(cc3)-c3ccccn3)C[C@H](C)[C@H](CN(C)C(=O)c2c1)OC'],,,,,
3241,BRD-K21005091,['17400499'],['Clc1ccccc1C(=O)NNC(=O)c2csc(n2)N3CCOCC3'],,,,,
3242,BRD-K21009077,['4601225'],['OS(=O)(=O)CCN1C(=S)SC(=Cc2cn(nc2-c2ccc(OCc3ccc(Cl)cc3)cc2)-c2ccccc2)C1=O'],,,,,
3243,BRD-K21017376,['54631025'],['C[C@@H](CO)N1C[C@@H](C)[C@@H](CN(C)CC2CCCCC2)Oc3ncc(cc3C1=O)c4ccc(F)cc4'],,,,,
3244,BRD-K21033948,['54638779'],['OC[C@@H]1O[C@H](C=C[C@@H]1NC(=O)Cc1cccnc1)CC(=O)Nc1ccccc1'],,,,,
3245,BRD-K21037590,['56835315'],['C[C@@H](CO)N1C[C@@H](C)[C@H](CN(C)C(=O)CCC(F)(F)F)OCc2ccccc2-c3c(C1=O)n(C)c4ccccc34'],,,,,
3246,BRD-K21047238,['54646327'],['OC[C@H]1O[C@@H](CC(=O)N2CCc3ccccc3C2)C[C@@H]4[C@H]1Oc5ccc(NC(=O)C6CCOCC6)cc45'],,,,,
3247,BRD-K21064560,['16759163'],['CCCCCCCCCCCCCCCC(=O)NCCc1ccc(O)c(O)c1'],,,,,
3248,BRD-K21082546,['54654086'],['CN1[C@@H]2CC[C@H](CC(=O)N3CCCCC3)O[C@@H]2COc2ccc(NC(=O)c3cccs3)cc2C1=O'],,,,,
3249,BRD-K21094215,['54632183'],['CO[C@H]1CN(C)C(=O)c2cc(NC(=O)C3CCOCC3)ccc2OC[C@H](C)N(CC2CC2)C[C@H]1C'],,,,,
3250,BRD-K21095834,['60185051'],['COc1ccc2c3c([C@H](CO)N(C[C@]33CN(Cc4ccccc4OC)C3)C(=O)C3CC3)n(C)c2c1'],,,,,
3251,BRD-K21107294,['54649422'],['CN(C)C(=O)c1ccc(cc1)-c1cccc(c1)-c1nc(cc2CN([C@H](CCO)c12)[S@](=O)C(C)(C)C)C(=O)NC1CCC1'],,,,,
3252,BRD-K21109208,['54650138'],['OC[C@@H]1[C@H]([C@@H](C#N)N1C(=O)Cc1ccncc1)c1ccc(cc1)C1=CCCCC1'],,,,,
3253,BRD-K21110399,['54617262'],['C[C@H](CO)N1C[C@@H](C)[C@H](CN(C)S(=O)(=O)c2ccc(C)cc2)OCCCC[C@@H](C)Oc3ccc(NC(=O)CCCN(C)C)cc3C1=O'],,,,,
3254,BRD-K21113341,['54664839'],['C\\C=C\\c1ccc2N[C@H](CO)[C@@H]3CCN([C@@H]3c2c1)S(=O)(=O)c1ccc(C)cc1'],,,,,
3255,BRD-K21120783,['54651275'],['CC(C)N(C[C@@H]1[C@@H]([C@H](CO)N1C(C)=O)c1ccccc1)C(=O)c1ccc(F)cc1'],,,,,
3256,BRD-K21125707,['44619742'],['C[C@H](CO)N1C[C@@H](C)[C@H](CN(C)C(=O)Nc2ccc(cc2)N3CCN(C)CC3)OCc4cn(CCCC1=O)nn4'],,,,,
3257,BRD-K21136828,['54666577'],['COc1ccccc1-c1ccc(cc1)[C@H]1[C@H](CO)N2CCCCN(C[C@H]12)C(=O)c1cccnc1'],,,,,
3258,BRD-K21152218,['44484568'],['CC(C)NC(=O)Nc1ccc2O[C@H](C)CCCCO[C@@H](CN(C)C(=O)c3ccncc3)[C@@H](C)CN([C@@H](C)CO)C(=O)c2c1'],,,,,
3259,BRD-K21153751,['44505142'],['COc1ccccc1S(=O)(=O)N(C)C[C@H]2OCc3cnnn3CCCC(=O)N(C[C@H]2C)[C@H](C)CO'],,,,,
3260,BRD-K21154786,['60184961'],['CN(C)C(=O)c1ccc(cc1)-c1ccc(cc1)[C@H]1[C@H]2CN(C[C@@H]1N2)S(=O)(=O)c1ccccc1F'],,,,,
3261,BRD-K21159035,['54665047'],['OC[C@H]1Nc2ccc(Br)cc2[C@@H]2[C@H]1CCN2C(=O)c1ccccn1'],,,,,
3262,BRD-K21163701,['54646510'],['OC[C@H]1O[C@H](CC(=O)NCc2cc(F)ccc2F)C[C@H]3[C@@H]1Oc4ccc(NC(=O)c5ccc6OCOc6c5)cc34'],,,,,
3263,BRD-K21165668,['44493094'],['C[C@H](CO)N1C[C@H](C)[C@H](CN(C)S(=O)(=O)c2ccccc2)Oc3ncc(C#Cc4ccc(cc4)C(F)(F)F)cc3C1=O'],,,,,
3264,BRD-K21170640,['44607576'],['COc1cccc(OC)c1NC(=O)c1ccc(o1)-c1cc(Cl)ccc1Cl'],,,,,
3265,BRD-K21200579,['60189811'],['CCCNC(=O)N1[C@H](CO)[C@@H](c2ccccc2)C11CN(CCC(F)(F)F)C1'],,,,,
3266,BRD-K21209030,['54637863'],['COc1cccc(CN(C)C[C@H]2OCc3ccccc3-c4ccccc4C(=O)N(C[C@@H]2C)[C@H](C)CO)c1'],,,,,
3267,BRD-K21216453,['54661236'],['COC(=O)[C@@H]1[C@@H](CO)[C@@H]2Cn3c(ccc(-c4ccccc4OC)c3=O)[C@H]1N2Cc1ccccc1'],,,,,
3268,BRD-K21217422,['60191126'],['COCC#Cc1ccc(cc1)[C@H]1[C@@H](CO)N2[C@@H]1CN(CC2=O)C(=O)C1CCCCC1'],,,,,
3269,BRD-K21230248,['54661271'],['CC(C)NC(=O)N1[C@@H]2Cn3c(ccc(-c4cccc(c4)C(=O)N(C)C)c3=O)[C@H]1[C@H]([C@@H]2CO)C(O)=O'],,,,,
3270,BRD-K21232697,['44487262'],['CC(C)NC(=O)Nc1ccc2O[C@@H](CN(C)S(=O)(=O)C)[C@@H](C)CN([C@@H](C)CO)C(=O)c2c1'],,,,,
3271,BRD-K21237738,['3152427'],['OCC#CCSc1nnc(o1)c2cccc3ccccc23'],,,,,
3272,BRD-K21259057,['44488434'],['CNC[C@H]1Oc2ccc(NC(=O)Nc3ccccc3)cc2C(=O)N(C[C@H]1C)[C@H](C)CO'],,,,,
3273,BRD-K21281680,['54646634'],['C[C@@H](NC(=O)C[C@H]1C[C@H]2[C@H](Oc3ccc(NC(=O)c4cccnc4)cc23)[C@@H](CO)O1)c5ccccc5'],,,,,
3274,BRD-K21285939,['54632221'],['CO[C@H]1CN(C)C(=O)c2cc(NC(=O)Cc3ccccc3)ccc2OC[C@H](C)N(C[C@H]1C)C(C)=O'],,,,,
3275,BRD-K21299908,['60184821'],['COc1ccc2c3c([nH]c2c1)[C@@H](CO)N(C[C@]31CN(C1)C(=O)c1cccnc1)S(C)(=O)=O'],,,,,
3276,BRD-K21305994,['54631542'],['CO[C@@H]1CN(C)C(=O)c2cc(NS(=O)(=O)c3c(C)noc3C)ccc2OC[C@H](C)NC[C@@H]1C'],,,,,
3277,BRD-K21317335,['54637714'],['C[C@@H](CO)N1C[C@H](C)[C@@H](CN(C)Cc2cccc(c2)C(=O)O)OCc3ccccc3-c4ccccc4C1=O'],,,,,
3278,BRD-K21325303,['60192910'],['CCCNC(=O)N(C[C@H]1N[C@H](CO)[C@@H]1c1ccccc1)Cc1cccnc1'],,,,,
3279,BRD-K21340447,['60185034'],['COCC(=O)N1C[C@]2(CCN(Cc3cccnc3)CC2)c2c([C@@H]1CO)n(C)c1cc(OC)ccc21'],,,,,
3280,BRD-K21364577,['54637986'],['CC(C)[C@H](C)NC(=O)N(C)C[C@H]1OCc2ccccc2-c3ccccc3C(=O)N(C[C@H]1C)[C@H](C)CO'],,,,,
3281,BRD-K21374126,['54651250'],['COCC(=O)NC[C@@H]1[C@H]([C@@H](CO)N1C(=O)c1ccccc1)c1ccccc1'],,,,,
3282,BRD-K21384842,['54645807'],['CN(C)c1ccc2O[C@@H]3[C@@H](C[C@@H](CC(=O)NCc4cccc(F)c4)O[C@H]3CO)c2c1'],,,,,
3283,BRD-K21387011,['44496450'],['CC(C)NC(=O)Nc1ccc2O[C@@H](C)CCCCO[C@@H](CN(C)C(=O)CCC(F)(F)F)[C@@H](C)CN([C@H](C)CO)C(=O)c2c1'],,,,,
3284,BRD-K21389281,['44494086'],['C[C@@H](CO)N1C[C@H](C)[C@H](CN(C)Cc2ccncc2)OCCCC[C@@H](C)Oc3ccc(NC(=O)c4ccncc4)cc3C1=O'],,,,,
3285,BRD-K21400342,['54650048'],['CN(C)C(=O)c1cccc(c1)-c1ccc(cc1)[C@H]1[C@H](CO)N([C@@H]1C#N)C(=O)C1CC1'],,,,,
3286,BRD-K21400518,['60185216'],['COc1ccc2c3c([C@H](CO)N(C[C@]33CN(CC4CCOCC4)C3)S(C)(=O)=O)n(C)c2c1'],,,,,
3287,BRD-K21401822,['60138117'],['O=C(NCCc1nc2ccccc2n1CCOc1ccc2cccnc2c1)C1CCCCC1'],,,,,
3288,BRD-K21421563,['44485610'],['COc1ccc(CN(C)C[C@H]2Oc3c(NS(=O)(=O)C)cccc3C(=O)N(C[C@H]2C)[C@@H](C)CO)cc1'],,,,,
3289,BRD-K21448715,['54665053'],['CN1[C@@H](CO)[C@H]2CCN([C@H]2c2cc(ccc12)-c1ccccc1F)S(=O)(=O)c1cccc(C)c1'],,,,,
3290,BRD-K21453542,['60191566'],['CC(=O)N1[C@@H](CO)[C@@H](c2ccccc2)C11CN(C1)C(=O)c1ccccn1'],,,,,
3291,BRD-K21453918,['60190992'],['OC[C@H]1[C@@H]([C@H]2CN(CC(=O)N12)C(=O)Cc1ccccn1)c1ccc(cc1)C#CCC1CCCC1'],,,,,
3292,BRD-K21458727,['44484946'],['C[C@H](CO)N1C[C@@H](C)[C@@H](CN(C)C(=O)Nc2c(C)noc2C)Oc3ccc(NC(=O)Cc4ccccc4)cc3C1=O'],,,,,
3293,BRD-K21463062,['54638400'],['CN(C)C(=O)C[C@@H]1O[C@@H](CO)[C@@H](NC(=O)c2ccc(F)cc2)C=C1'],,,,,
3294,BRD-K21472896,['54638904'],['C[C@H](NC(=O)C[C@H]1CC[C@H](NC(=O)c2cccnc2)[C@@H](CO)O1)c1ccccc1'],,,,,
3295,BRD-K21473123,['54660946'],['C[C@@H](NC(=O)[C@@H]1[C@@H](CO)[C@@H]2Cn3c(ccc(-c4ccncc4)c3=O)[C@@H]2N1C)c1ccccc1'],,,,,
3296,BRD-K21478308,['54638686'],['OC[C@H]1O[C@H](CC(=O)N2CCc3ccccc3C2)CC[C@H]1NC(=O)Nc1cc(F)ccc1F'],,,,,
3297,BRD-K21482967,['54577524'],['Cc1nc2ccccn2c1P(=O)(c1ccccc1)c1ccccc1'],,,,,
3298,BRD-K21483310,['60189734'],['CCCNC(=O)N1C[C@]2(CN(C2)S(C)(=O)=O)c2c([C@@H]1CO)n(C)c1cc(OC)ccc21'],,,,,
3299,BRD-K21498052,['60190975'],['COCC(=O)N1C[C@H]2[C@@H]([C@@H](CO)N2C(=O)C1)c1ccc(cc1)-c1ccccc1F'],,,,,
3300,BRD-K21501851,['60184827'],['CCCNC(=O)N1C[C@H]2N[C@@H](C1)[C@@H]2c1ccc(cc1)-c1cccc(F)c1'],,,,,
3301,BRD-K21503128,['54651463'],['CN(C[C@@H]1[C@H]([C@H](CO)N1C(=O)C1CC1)c1ccc(cc1)-c1cccnc1)C(C)=O'],,,,,
3302,BRD-K21516480,['44498628'],['COc1ccc(CN(C)C[C@H]2OCCCC[C@@H](C)Oc3ccc(NC(=O)c4ccncc4)cc3C(=O)N(C[C@@H]2C)[C@@H](C)CO)cc1'],,,,,
3303,BRD-K21528100,['54638315'],['COc1ccc(cc1)S(=O)(=O)N[C@@H]1CC[C@H](CC(=O)N2CCC(Cc3ccccc3)CC2)O[C@@H]1CO'],,,,,
3304,BRD-K21537090,['60189976'],['COc1ccc2c3c([nH]c2c1)[C@@H](CO)N(Cc1ccccc1Cl)C[C@]31CN(C1)C(=O)C1CC1'],,,,,
3305,BRD-K21539100,['54652683'],['OC[C@@H]1[C@@H]2[C@@H](CN(C(=O)C3CCOCC3)c3ccccc23)N1C(=O)Cc1ccccc1'],,,,,
3306,BRD-K21549522,['54638337'],['OC[C@@H]1O[C@@H](CCn2cc(nn2)C2CCCCC2)CC[C@@H]1NC(=O)CN1CCOCC1'],,,,,
3307,BRD-K21558506,['54645853'],['OC[C@@H]1O[C@@H](CC(=O)NCc2cccnc2)C[C@H]3[C@@H]1Oc4ccc(NS(=O)(=O)c5ccc(F)cc5)cc34'],,,,,
3308,BRD-K21569926,['60185455'],['C(N1C[C@H]2N[C@@H](C1)[C@@H]2c1ccc(cc1)-c1cncnc1)c1ccc2OCOc2c1'],,,,,
3309,BRD-K21576808,['60184929'],['COc1ccc2c3c([nH]c2c1)[C@@H](CO)N(C[C@]31CCN(CC1)C(=O)c1cnccn1)C(=O)NC(C)C'],,,,,
3310,BRD-K21590495,['54650003'],['COCC#Cc1ccc(cc1)[C@@H]1[C@@H](CO)N([C@@H]1C#N)C(=O)Cc1ccccc1'],,,,,
3311,BRD-K21600166,['54632101'],['CO[C@H]1CN(C)C(=O)c2ccc(NS(C)(=O)=O)cc2OC[C@H](C)N(Cc2nccs2)C[C@H]1C'],,,,,
3312,BRD-K21614065,['704205'],['Cc1cc(OCC(=O)Nc2nnc[nH]2)ccc1Cl'],,,,,
3313,BRD-K21622447,['54651229'],['CCN(C[C@H]1N[C@@H](CO)[C@@H]1c1ccccc1)C(=O)c1ccncc1'],,,,,
3314,BRD-K21626096,['60190234'],['COc1ccc2c3c([C@H](CO)NC[C@]33CCN(CC3)S(=O)(=O)c3cccc(C)c3)n(C)c2c1'],,,,,
3315,BRD-K21627123,['54631345'],['CO[C@@H]1CN(C)C(=O)c2cc(NS(=O)(=O)CC(F)(F)F)ccc2OC[C@@H](C)N(Cc2nccs2)C[C@H]1C'],,,,,
3316,BRD-K21629388,['54646692'],['OC[C@H]1O[C@@H](CC(=O)NCc2ccc(Cl)cc2)C[C@@H]3[C@H]1Oc4ccc(NC(=O)Nc5ccc(cc5)C(F)(F)F)cc34'],,,,,
3317,BRD-K21630495,['54638699'],['Cc1noc(C)c1NC(=O)NCC[C@@H]1CC[C@H](NC(=O)c2ccc(F)cc2)[C@H](CO)O1'],,,,,
3318,BRD-K21635943,['54658174'],['COc1ccc(cc1)S(=O)(=O)N1C[C@H](O)COC[C@H]2O[C@@H](CC(=O)NCc3ccc(Cl)c(Cl)c3)CC[C@H]12'],,,,,
3319,BRD-K21640605,['665093'],['COc1ccccc1c2nnc(SCC(=O)c3ccc(O)c(O)c3)n2CC=C'],,,,,
3320,BRD-K21642343,['49849996'],['CC(C)NC(=O)N(C)C[C@@H]1OCCCC[C@H](C)Oc2ccc(NC(=O)c3ccccc3)cc2C(=O)N(C[C@H]1C)[C@H](C)CO'],,,,,
3321,BRD-K21642579,['54665044'],['CN1[C@H](CO)[C@H]2CCN([C@H]2c2cc(ccc12)-c1ccc(cc1)C#N)C(C)=O'],,,,,
3322,BRD-K21643869,['54638855'],['COc1cccc(c1)-c1cn(CC[C@H]2CC[C@H](NS(=O)(=O)Cc3ccccc3)[C@H](CO)O2)nn1'],,,,,
3323,BRD-K21658057,['44502964'],['C[C@H](CO)N1C[C@H](C)[C@H](CN(C)CC2CC2)OCCCC[C@@H](C)Oc3ccc(NC(=O)Nc4c(C)noc4C)cc3C1=O'],,,,,
3324,BRD-K21660676,['54639131'],['Cc1ccc(cc1)S(=O)(=O)N[C@H]1CC[C@@H](CC(=O)N2CCc3ccccc3C2)O[C@H]1CO'],,,,,
3325,BRD-K21665449,['54654287'],['CN1[C@@H]2CC[C@@H](CC(=O)NC3Cc4ccccc4C3)O[C@@H]2COc2ccc(NC(=O)c3ccc(cc3)C(F)(F)F)cc2C1=O'],,,,,
3326,BRD-K21668646,['54666482'],['CCCC#Cc1ccc(cc1)[C@@H]1[C@@H](CO)N2CCCCN(CCC)C[C@@H]12'],,,,,
3327,BRD-K21672423,['1317598'],['Cc1cc(C)c(C#N)c(SCCS(=O)(=O)c2nc3ccccc3s2)n1'],,,,,
3328,BRD-K21683465,['60190232'],['COc1ccc2c3c([C@H](CO)N(C[C@]33CN(C3)C(=O)CN3CCOCC3)C(=O)Nc3ccc(F)cc3)n(C)c2c1'],,,,,
3329,BRD-K21683946,['54637847'],['COc1cccc(c1)S(=O)(=O)N(C)C[C@H]2OCc3ccccc3-c4ccccc4C(=O)N(C[C@@H]2C)[C@H](C)CO'],,,,,
3330,BRD-K21690323,['60185258'],['COc1ccc2c3c([C@@H](CO)N(C)C[C@]33CCN(CC3)C(=O)NC(C)C)n(C)c2c1'],,,,,
3331,BRD-K21691498,['44498235'],['COc1ccc(CN(C)C[C@@H]2OCCCC[C@@H](C)Oc3ccc(NS(=O)(=O)c4cccs4)cc3C(=O)N(C[C@H]2C)[C@@H](C)CO)cc1'],,,,,
3332,BRD-K21699764,['54652598'],['OC[C@@H]1[C@@H]2[C@@H](CN(C(=O)Nc3cccc(Cl)c3)c3ccccc23)N1C(=O)c1ccncc1'],,,,,
3333,BRD-K21707058,['54646439'],['OC[C@@H]1O[C@H](CC(=O)NCc2ccc(Oc3ccccc3)cc2)C[C@@H]4[C@H]1Oc5ccc(NC(=O)C6CCOCC6)cc45'],,,,,
3334,BRD-K21709199,['44485756'],['C[C@@H](CO)N1C[C@H](C)[C@H](CN(C)C(=O)Nc2ccc(cc2)N3CCN(C)CC3)OCc4cnnn4CCCC1=O'],,,,,
3335,BRD-K21728898,['71759006'],['COc1ccc2c3c([C@@H](CO)N(Cc4ccccc4OC)C[C@]33CCN(CC4CC4)CC3)n(C)c2c1'],,,,,
3336,BRD-K21741022,['54666471'],['C[C@@H](O)C#Cc1ccc(cc1)[C@H]1[C@@H](CO)N2CCCCN(C[C@@H]12)C(=O)c1ccc2OCOc2c1'],,,,,
3337,BRD-K21747841,['54631986'],['CO[C@@H]1CN(C)C(=O)c2cc(NC(=O)C3CC3)ccc2OC[C@H](C)N(CCC(F)(F)F)C[C@@H]1C'],,,,,
3338,BRD-K21751020,['60191104'],['CCCNC(=O)N1C[C@H]2[C@H]([C@H](CO)N2C(=O)C1)c1ccc(cc1)C#Cc1cccc(OC)c1'],,,,,
3339,BRD-K21773564,['46835808'],['COc1ccc(Oc2c(Cl)cnn(-c3ccc(C(C)C)c(C)c3)c2=O)cc1'],,,,,
3340,BRD-K21786893,['44499873'],['C[C@H](CO)N1C[C@H](C)[C@H](CN(C)Cc2ccccc2)Oc3c(NC(=O)c4ccncc4)cccc3C1=O'],,,,,
3341,BRD-K21787157,['54664968'],['OC[C@@H]1Nc2ccc(cc2[C@H]2[C@@H]1CCN2C(=O)C1CCCCC1)-c1ccc(cc1)C#N'],,,,,
3342,BRD-K21787371,['56835421'],['C[C@H](CO)N1C[C@@H](C)[C@H](CN(C)S(=O)(=O)c2c(C)noc2C)OCc3ccccc3-c4ccccc4C1=O'],,,,,
3343,BRD-K21788104,['2824173'],['O=C(NNC(=O)c1ccccc1)c2csc(n2)c3cccnc3'],,,,,
3344,BRD-K21796872,['54646419'],['OC[C@@H]1O[C@H](CC(=O)NCc2cccc(F)c2)C[C@H]3[C@@H]1Oc4ccc(NC(=O)Cc5ccncc5)cc34'],,,,,
3345,BRD-K21822525,['56643213'],['CCOC(=O)c1ccc(o1)-c1ccc2ncnc(NCc3csc(C)n3)c2c1'],,,,,
3346,BRD-K21827358,['44485773'],['CC(C)NC(=O)Nc1ccc2O[C@H](C)CCCCO[C@H](CN(C)C(=O)Nc3ccccc3)[C@H](C)CN([C@@H](C)CO)C(=O)c2c1'],,,,,
3347,BRD-K21852581,['54637664'],['CO[C@H](C(=O)N(C)C[C@@H]1OCc2ccccc2-c3c(C(=O)N(C[C@H]1C)[C@H](C)CO)n(C)c4ccccc34)c5ccccc5'],,,,,
3348,BRD-K21855096,['54638828'],['COc1ccccc1S(=O)(=O)N[C@@H]1C=C[C@H](CC(=O)N2CCCCC2)O[C@@H]1CO'],,,,,
3349,BRD-K21868159,['60185156'],['COc1cc(CN2C[C@H]3N[C@@H](C2)[C@@H]3c2ccc(cc2)-c2cncnc2)cc(OC)c1'],,,,,
3350,BRD-K21898148,['54652711'],['COc1ccc(cc1)C(=O)N1C[C@H]2[C@H]([C@H](CO)N2C(=O)Cc2ccccn2)c2ccccc12'],,,,,
3351,BRD-K21904592,['54658034'],['O[C@@H]1CN[C@@H]2CC[C@@H](CC(=O)NC3Cc4ccccc4C3)O[C@H]2COC1'],,,,,
3352,BRD-K21913257,['54654599'],['CN1[C@H]2CC[C@@H](CC(=O)NCCc3ccncc3)O[C@@H]2COc2ccc(NC(=O)Cc3cccs3)cc2C1=O'],,,,,
3353,BRD-K21918725,['6903282'],['Cc1nn(c(N2CCCC2)c1C=NN=C(S)Nc3ccccc3F)c4ccccc4'],,,,,
3354,BRD-K21953167,['54667931'],['CN(C)C(=O)c1ccc(cc1)-c1ccc(cc1)[C@@H]1[C@@H](CO)N2CCCCN(Cc3ccncc3)C[C@H]12'],,,,,
3355,BRD-K21959862,['54637950'],['C[C@H](CO)N1C[C@@H](C)[C@@H](CN(C)Cc2cccc(O)c2)OCc3ccccc3-c4ccccc4C1=O'],,,,,
3356,BRD-K21967348,['54664916'],['OC[C@H]1Nc2ccc(cc2[C@H]2[C@@H]1CCN2C(=O)c1ccncc1)-c1ccccc1'],,,,,
3357,BRD-K21968411,['54631721'],['CO[C@@H]1CN(C)C(=O)c2ccc(NC(=O)c3cc(C)on3)cc2OC[C@@H](C)N(C[C@H]1C)C(=O)C1CCC1'],,,,,
3358,BRD-K21987633,['54618546'],['C[C@H](O)C#Cc1cnc2O[C@H](CN(C)CC3CCOCC3)[C@H](C)CN([C@H](C)CO)C(=O)c2c1'],,,,,
3359,BRD-K21991827,['44506038'],['C[C@@H](CO)N1C[C@@H](C)[C@H](CN(C)C(=O)Nc2ccc3OCCOc3c2)OCc4cn(CCCC1=O)nn4'],,,,,
3360,BRD-K21994180,['44486994'],['C[C@H](CO)N1C[C@H](C)[C@H](CN(C)C(=O)c2ccncc2)OCCCC[C@H](C)Oc3ccc(NC(=O)CCC(F)(F)F)cc3C1=O'],,,,,
3361,BRD-K22002407,['54646310'],['COc1cccc(c1)S(=O)(=O)Nc2ccc3O[C@H]4[C@H](C[C@H](CC(=O)NCc5ccccc5F)O[C@@H]4CO)c3c2'],,,,,
3362,BRD-K22006123,['24747212'],['C1CCN(C1)c2nc(Nc3ccccc3)nc(n2)N4CCOCC4'],,,,,
3363,BRD-K22013971,['54645977'],['OC[C@@H]1O[C@H](CC(=O)N2CCOCC2)C[C@H]3[C@@H]1Oc4ccc(NS(=O)(=O)c5ccccc5)cc34'],,,,,
3364,BRD-K22031742,['60185115'],['COc1ccc2c3c([nH]c2c1)[C@@H](CO)N(C[C@]31CN(C1)C(=O)NC(C)C)C(=O)C1CCOCC1'],,,,,
3365,BRD-K22033393,['54654536'],['CN1[C@@H]2CC[C@H](CC(=O)NCC3CCCCC3)O[C@@H]2COc2ccc(NC(=O)c3cnccn3)cc2C1=O'],,,,,
3366,BRD-K22033912,['44485076'],['C[C@H](CO)N1C[C@H](C)[C@H](CN(C)C(=O)Nc2c(C)noc2C)OCc3cn(CCCC1=O)nn3'],,,,,
3367,BRD-K22052171,['54657766'],['O[C@H]1COC[C@@H]2O[C@H](CC(=O)N3CCC(Cc4ccccc4)CC3)CC[C@H]2N(C1)S(=O)(=O)c1ccccc1F'],,,,,
3368,BRD-K22070096,['54638617'],['OC[C@H]1O[C@H](CCNC(=O)Nc2ccc(cc2)C(F)(F)F)CC[C@@H]1NC(=O)c1cccnc1'],,,,,
3369,BRD-K22080587,['54657726'],['O[C@H]1CN[C@H]2CC[C@@H](CC(=O)NCCN3CCCCC3)O[C@@H]2COC1'],,,,,
3370,BRD-K22081896,['14925'],['OC(=O)CC(CC(O)=O)C(O)=O'],,,,,
3371,BRD-K22097595,['54638661'],['OC[C@@H]1O[C@@H](CC(=O)NCC2CCCCC2)C=C[C@@H]1NC(=O)Nc1cccc(F)c1'],,,,,
3372,BRD-K22101161,['60185076'],['COc1ccc2c3c([nH]c2c1)[C@@H](CO)N(C[C@]31CCN(Cc2cncnc2)CC1)C(=O)CN(C)C'],,,,,
3373,BRD-K22109269,['54638883'],['Cc1ccccc1S(=O)(=O)NCC[C@@H]1CC[C@@H](NS(=O)(=O)c2ccccc2C)[C@@H](CO)O1'],,,,,
3374,BRD-K22123421,['54646380'],['CCCNC(=O)C[C@@H]1C[C@H]2[C@H](Oc3ccc(NC(=O)NC4CCCCC4)cc23)[C@@H](CO)O1'],,,,,
3375,BRD-K22127625,['54651236'],['CCC(=O)N(C)C[C@@H]1[C@H]([C@H](CO)N1C(C)=O)c1ccc(cc1)-c1ccccc1F'],,,,,
3376,BRD-K22129929,['17400500'],['COc1ccccc1C(=O)NNC(=O)c2csc(n2)N3CCOCC3'],,,,,
3377,BRD-K22148752,['54664998'],['CN(C)C(=O)c1ccc(cc1)-c1ccc2N[C@@H](CO)[C@@H]3CCN(Cc4ccc5OCOc5c4)[C@@H]3c2c1'],,,,,
3378,BRD-K22149853,['60191350'],['COCC(=O)N1C[C@@H]2[C@H]([C@@H](CO)N2C(=O)C1)c1ccc(cc1)C#CC1CC1'],,,,,
3379,BRD-K22166546,['54665048'],['OC[C@H]1Nc2ccc(Br)cc2[C@H]2[C@@H]1CCN2C(=O)c1ccccn1'],,,,,
3380,BRD-K22173650,['54639158'],['OC[C@@H]1O[C@H](CCNS(=O)(=O)Cc2ccccc2)CC[C@H]1NC(=O)c1cnccn1'],,,,,
3381,BRD-K22174526,['54649565'],['CO[C@H]1CC[C@H]2CCOc3c(cccc3C(=O)N(C)CC3(CCCCC3)CC(=O)N(C)C[C@H]1O2)C#N'],,,,,
3382,BRD-K22177698,['54660693'],['OC[C@@H]1[C@H]2Cn3c(cccc3=O)[C@@H]([C@H]1C(=O)Nc1nccs1)N2C(=O)C1CCCC1'],,,,,
3383,BRD-K22181332,['54639044'],['COc1cccc(CNC(=O)C[C@H]2CC[C@@H](NC(C)=O)[C@@H](CO)O2)c1'],,,,,
3384,BRD-K22204517,['60185218'],['COc1ccc2c3c([nH]c2c1)[C@H](CO)N(C[C@]31CCN(CC1)C(=O)NC(C)C)C(=O)c1ccc(F)cc1'],,,,,
3385,BRD-K22210218,['44142116'],['FC(F)CNc1nc(Nc2cc(F)cc(F)c2)nc(C#N)n1'],,,,,
3386,BRD-K22210284,['54631313'],['CO[C@H]1CN(C)C(=O)c2ccc(NS(C)(=O)=O)cc2OC[C@H](C)N(CC2CCCCC2)C[C@H]1C'],,,,,
3387,BRD-K22211348,['44494556'],['CC(C)NC(=O)N(C)C[C@@H]1OCCCC[C@@H](C)Oc2ccc(NC(=O)Cc3ccccc3)cc2C(=O)N(C[C@H]1C)[C@@H](C)CO'],,,,,
3388,BRD-K22215387,['54638879'],['OC[C@H]1O[C@H](CC(=O)NCC2CC2)C=C[C@@H]1NC(=O)c1ccncc1'],,,,,
3389,BRD-K22215695,['1502520'],['Cc1ccc(Cn2ncc3c(ncnc23)N4CCN(CC4)c5ccccc5C)cc1'],,,,,
3390,BRD-K22244182,['54665041'],['COc1ccccc1-c1ccc2N(C)[C@@H](CO)[C@H]3CCN(C(=O)CN4CCOCC4)[C@H]3c2c1'],,,,,
3391,BRD-K22253301,['54645969'],['COc1ccccc1CNC(=O)C[C@@H]2C[C@H]3[C@H](Oc4ccc(NC(=O)Nc5ccc(cc5)C(F)(F)F)cc34)[C@H](CO)O2'],,,,,
3392,BRD-K22261046,['44618164'],['CC(C)NC(=O)Nc1ccc2O[C@@H](C)CCCCO[C@H](CN(C)C(=O)NC(C)C)[C@@H](C)CN([C@@H](C)CO)C(=O)c2c1'],,,,,
3393,BRD-K22264435,['60189830'],['COc1ccc2c3c([nH]c2c1)[C@@H](CO)NC[C@]31CN(C1)C(=O)Nc1ccc(F)cc1F'],,,,,
3394,BRD-K22265882,['54666400'],['COc1cccc(c1)S(=O)(=O)N1CCCCN2[C@H](CO)[C@@H]([C@@H]2C1)c1ccc(cc1)C#CCC(C)C'],,,,,
3395,BRD-K22275321,['54638727'],['CN(C)C(=O)C[C@H]1CC[C@@H](NC(=O)C2CCOCC2)[C@@H](CO)O1'],,,,,
3396,BRD-K22280018,['44619818'],['COc1ccc(CN(C)C[C@@H]2OCCCC[C@H](C)Oc3ccc(NS(=O)(=O)c4ccc(F)cc4)cc3C(=O)N(C[C@H]2C)[C@@H](C)CO)cc1'],,,,,
3397,BRD-K22291343,['54638630'],['CC(C)c1cn(CC[C@@H]2CC[C@@H](NC(=O)C3CC3)[C@@H](CO)O2)nn1'],,,,,
3398,BRD-K22307331,['54646728'],['OC[C@@H]1O[C@H](CC(=O)N2CCCCC2)C[C@@H]3[C@H]1Oc4ccc(NC(=O)C5CCOCC5)cc34'],,,,,
3399,BRD-K22318001,['54646130'],['OC[C@@H]1O[C@H](CC(=O)NC2CCCCC2)C[C@@H]3[C@H]1Oc4ccc(NC(=O)c5cccnc5)cc34'],,,,,
3400,BRD-K22321414,['6541041'],['C[C@@H]1CC(=O)NN=C1c1ccc(Cl)cc1'],,,,,
3401,BRD-K22322324,['1075883'],['CCc1nc2oc(C(=O)c3ccccc3)c(N)c2c4CC(C)(C)OCc14'],,,,,
3402,BRD-K22324798,['54637812'],['C[C@@H](CO)N1C[C@@H](C)[C@@H](CN(C)C(=O)N[C@@H](C)c2ccccc2)OCc3ccccc3-c4ccccc4C1=O'],,,,,
3403,BRD-K22330909,['60185012'],['COc1cccc(c1)-c1ccc(cc1)[C@@H]1[C@H]2CN(Cc3ccccn3)C[C@@H]1N2'],,,,,
3404,BRD-K22345692,['54646674'],['COc1ccccc1CNC(=O)C[C@@H]2C[C@H]3[C@H](Oc4ccc(NC(=O)CN(C)C)cc34)[C@@H](CO)O2'],,,,,
3405,BRD-K22356478,['54645858'],['OC[C@H]1O[C@@H](CC(=O)NCC2CC2)C[C@@H]3[C@H]1Oc4ccc(NC(=O)CC5CC5)cc34'],,,,,
3406,BRD-K22356946,['54631555'],['CO[C@@H]1CN(C)C(=O)c2ccc(NC(=O)Nc3cc(F)ccc3F)cc2OC[C@H](C)N(C[C@H]1C)C(=O)c1cnccn1'],,,,,
3407,BRD-K22357409,['54652469'],['COc1ccc(cc1)C(=O)N1C[C@@H]2[C@@H]([C@H](CO)N2C(=O)NC(C)C)c2ccccc12'],,,,,
3408,BRD-K22361536,['60191133'],['OC[C@H]1[C@@H]([C@H]2CN(CC(=O)N12)C(=O)c1cccnc1)c1ccc(cc1)-c1ccccc1F'],,,,,
3409,BRD-K22384978,['1978813'],['CN(C)CCCNc1oc(nc1C#N)c2ccccc2F'],,,,,
3410,BRD-K22385434,['54618542'],['CCCN(C)C[C@H]1Oc2ncc(cc2C(=O)N(C[C@@H]1C)[C@H](C)CO)c3ccccc3'],,,,,
3411,BRD-K22387508,['54646033'],['CS(=O)(=O)Nc1ccc2O[C@@H]3[C@@H](C[C@H](CC(=O)NCc4cc(F)ccc4F)O[C@H]3CO)c2c1'],,,,,
3412,BRD-K22389219,['60189985'],['COc1ccc2c3c([C@@H](CO)N(C[C@]33CCN(Cc4nccs4)CC3)S(C)(=O)=O)n(C)c2c1'],,,,,
3413,BRD-K22416922,['54651182'],['OC[C@@H]1N[C@@H](CNC(=O)c2ccccc2F)[C@@H]1c1ccccc1'],,,,,
3414,BRD-K22420960,['54619119'],['C[C@H](CO)N1C[C@H](C)[C@H](CN(C)C(=O)Cc2ccccn2)Oc3ncc(C#CC4CCCCC4)cc3C1=O'],,,,,
3415,BRD-K22428007,['54638379'],['COc1cccc(NC(=O)N[C@@H]2C=C[C@H](CC(=O)Nc3ccc(cc3)-c3ccccc3)O[C@H]2CO)c1'],,,,,
3416,BRD-K22433696,['54638589'],['OC[C@H]1O[C@@H](CC(=O)NC2CCCCC2)C=C[C@H]1NS(=O)(=O)c1ccc(F)cc1'],,,,,
3417,BRD-K22447604,['54638758'],['COC(=O)C[C@@H]1CC[C@H](NS(=O)(=O)c2ccccc2F)[C@H](CO)O1'],,,,,
3418,BRD-K22449070,['60138073'],['C(Nc1ncnc2ccc(cc12)-c1ccc2OCOc2c1)c1nccs1'],,,,,
3419,BRD-K22450189,['44618671'],['CC(C)NC(=O)Nc1ccc2O[C@H](C)CCCCO[C@H](CN(C)CC3CCCCC3)[C@H](C)CN([C@H](C)CO)C(=O)c2c1'],,,,,
3420,BRD-K22451143,['54631795'],['CCC(=O)N1C[C@H](C)[C@@H](CN(C)C(=O)c2ccc(NC(=O)Nc3ccc(Cl)cc3)cc2OC[C@@H]1C)OC'],,,,,
3421,BRD-K22451824,['54638527'],['OC[C@@H]1O[C@@H](CCNC(=O)Cc2ccccn2)CC[C@H]1NC(=O)Nc1ccc(Cl)cc1'],,,,,
3422,BRD-K22458275,['44616387'],['C[C@@H](CO)N1C[C@@H](C)[C@H](CN(C)Cc2ccc(Cl)c(Cl)c2)OCCCC[C@H](C)Oc3ccc(NC(=O)Nc4cccc5ccccc45)cc3C1=O'],,,,,
3423,BRD-K22479833,['56835307'],['C[C@@H](CO)N1C[C@@H](C)[C@H](CN(C)C(=O)N[C@H](C)c2ccccc2)OCc3ccccc3-c4c(C1=O)n(C)c5ccccc45'],,,,,
3424,BRD-K22482035,['44485072'],['C[C@H](CO)N1C[C@H](C)[C@H](CN(C)C(=O)Nc2cccc3ccccc23)OCc4cn(CCCC1=O)nn4'],,,,,
3425,BRD-K22486133,['60184889'],['COc1ccc2c3c([C@H](CO)NC[C@]33CCN(CC3)C(=O)Nc3ccc4OCOc4c3)n(C)c2c1'],,,,,
3426,BRD-K22488594,['54664965'],['COc1ccccc1S(=O)(=O)N1CC[C@H]2[C@@H]1c1cc(ccc1N[C@H]2CO)-c1ccc(cc1)C#N'],,,,,
3427,BRD-K22496535,['54651257'],['CCN(C[C@@H]1N[C@@H](CO)[C@H]1c1ccc(cc1)-c1cccc(F)c1)C(=O)CN(C)C'],,,,,
3428,BRD-K22500599,['54646324'],['OC[C@@H]1O[C@H](CC(=O)N2CCc3ccccc3C2)C[C@@H]4[C@H]1Oc5ccc(NC(=O)C6CCOCC6)cc45'],,,,,
3429,BRD-K22508185,['54657975'],['COC(=O)C[C@H]1CC[C@H]2[C@@H](COC[C@@H](O)CN2S(=O)(=O)c2ccccc2OC)O1'],,,,,
3430,BRD-K22518694,['54637992'],['COc1cccc(NC(=O)N(C)C[C@H]2OCc3ccccc3-c4c(C(=O)N(C[C@H]2C)[C@@H](C)CO)n(C)c5ccccc45)c1'],,,,,
3431,BRD-K22546959,['24747174'],['Cc1cc(Nc2cc(Cl)nc(Sc3ccc(NC(=O)C4CC4)cc3)n2)[nH]n1'],,,,,
3432,BRD-K22562809,['54638986'],['OC[C@@H]1O[C@@H](CC(=O)NCCN2CCCC2)CC[C@H]1NC(=O)c1cccc(F)c1'],,,,,
3433,BRD-K22571527,['60190095'],['CCC(=O)N1C[C@]2(CCN(CC2)C(=O)Cc2ccccc2)c2c([C@@H]1CO)n(C)c1cc(OC)ccc21'],,,,,
3434,BRD-K22576413,['54618490'],['C/C=C/c1cnc2O[C@H](CN(C)C(=O)Nc3ccc(F)cc3)[C@@H](C)CN([C@H](C)CO)C(=O)c2c1'],,,,,
3435,BRD-K22583762,['54631471'],['CO[C@H]1CN(C)C(=O)c2cc(NC(=O)c3cccc(OC)c3)ccc2OC[C@@H](C)NC[C@H]1C'],,,,,
3436,BRD-K22587354,['71576776'],['CC1(C)C(=O)NN=C1c1ccc(cc1)N1CCOCC1'],,,,,
3437,BRD-K22599598,['54652585'],['CCCC(=O)N1C[C@H]2[C@H]([C@H](CO)N2C(=O)Nc2ccc(F)cc2)c2ccccc12'],,,,,
3438,BRD-K22608272,['54654076'],['COc1cccc(c1)C(=O)Nc1ccc2OC[C@@H]3O[C@H](CC(=O)NCC(F)(F)F)CC[C@H]3N(C)C(=O)c2c1'],,,,,
3439,BRD-K22630074,['54654060'],['CN(C)CCCNC(=O)C[C@@H]1CC[C@@H]2[C@@H](COc3ccc(NS(C)(=O)=O)cc3C(=O)N2C)O1'],,,,,
3440,BRD-K22630935,['44497341'],['C[C@@H](CO)N1C[C@@H](C)[C@H](CN(C)Cc2ccc(cc2)C(F)(F)F)OCCCC[C@H](C)Oc3ccc(NC(=O)Nc4ccc(cc4)C(F)(F)F)cc3C1=O'],,,,,
3441,BRD-K22642889,['54652542'],['CN1C[C@@H]2[C@@H]([C@@H](CO)N2C(=O)C2CCOCC2)c2ccccc12'],,,,,
3442,BRD-K22643403,['54638619'],['CN1CCN(CC1)C(=O)C[C@H]1O[C@H](CO)[C@H](NC(=O)Nc2ccccc2F)C=C1'],,,,,
3443,BRD-K22643697,['54651361'],['CN(C[C@@H]1[C@@H]([C@@H](CO)N1C(C)=O)c1ccccc1)S(=O)(=O)c1ccccc1'],,,,,
3444,BRD-K22649335,['60184957'],['COc1cccc(c1)-c1ccc(cc1)[C@@H]1[C@@H]2CNC[C@H]1N2C(=O)Nc1ccc2OCOc2c1'],,,,,
3445,BRD-K22650859,['56835399'],['C[C@H](CO)N1C[C@@H](C)[C@H](CN(C)S(=O)(=O)c2ccc(Cl)cc2)OCc3ccccc3-c4ccccc4C1=O'],,,,,
3446,BRD-K22657795,['44494905'],['CC(C)NC(=O)N(C)C[C@H]1OCCCC[C@@H](C)Oc2ccc(NC(=O)Nc3ccccc3)cc2C(=O)N(C[C@@H]1C)[C@H](C)CO'],,,,,
3447,BRD-K22663811,['54615631'],['C[C@@H](CO)N1C[C@H](C)[C@@H](CN(C)C(=O)Nc2ccc(cc2)C(F)(F)F)OCCCC[C@H](C)Oc3ccc(NC(=O)Nc4cccc5ccccc45)cc3C1=O'],,,,,
3448,BRD-K22664171,['54638711'],['CCC(=O)N[C@H]1CC[C@H](CC(=O)NCc2ccccc2F)O[C@H]1CO'],,,,,
3449,BRD-K22668950,['54639016'],['OC[C@H]1O[C@@H](CC(=O)NCC2CC2)CC[C@@H]1NC(=O)C1CCC1'],,,,,
3450,BRD-K22673215,['54618517'],['C[C@H](CO)N1C[C@H](C)[C@H](CN(C)C(=O)c2ccc3OCOc3c2)Oc4ncc(cc4C1=O)C5=CCCC5'],,,,,
3451,BRD-K22676415,['54645877'],['OC[C@@H]1O[C@@H](CC(=O)N2CCc3ccccc3C2)C[C@H]4[C@@H]1Oc5ccc(NC(=O)c6ccc7OCOc7c6)cc45'],,,,,
3452,BRD-K22694382,['54638307'],['OC[C@H]1O[C@H](CCNS(=O)(=O)c2ccccc2Cl)CC[C@@H]1NC(=O)Cc1cccnc1'],,,,,
3453,BRD-K22695599,['54660685'],['OC[C@H]1[C@@H]2Cn3c(ccc(\\C=C\\c4ccccc4)c3=O)[C@@H]2N[C@@H]1C(=O)NCCc1ccncc1'],,,,,
3454,BRD-K22719646,['54638623'],['CN1CCN(CC1)C(=O)C[C@H]1O[C@H](CO)[C@@H](NC(=O)Nc2ccccc2F)C=C1'],,,,,
3455,BRD-K22743786,['54631363'],['CO[C@@H]1CN(C)C(=O)c2cc(NS(=O)(=O)c3cn(C)cn3)ccc2OC[C@H](C)N(CC2CC2)C[C@H]1C'],,,,,
3456,BRD-K22750348,['60191859'],['OC[C@@H]1[C@H](c2ccccc2)C2(CN(C2)C(=O)C2CC2)N1Cc1ccc(Cl)cc1'],,,,,
3457,BRD-K22778679,['54637787'],['C[C@H](CO)N1C[C@@H](C)[C@@H](CN(C)Cc2cccnc2)OCc3ccccc3-c4ccccc4C1=O'],,,,,
3458,BRD-K22778942,['54639084'],['OC[C@H]1O[C@H](CC(=O)N2CCC(Cc3ccccc3)CC2)CC[C@H]1NC(=O)CCN1CCCCC1'],,,,,
3459,BRD-K22787051,['54657516'],['O[C@H]1COC[C@@H]2O[C@@H](CC(=O)NCC3CCCCC3)CC[C@H]2N(CCC(F)(F)F)C1'],,,,,
3460,BRD-K22789789,['44489490'],['CC(C)NC(=O)Nc1ccc2O[C@@H](CN(C)C(=O)Nc3cccc4ccccc34)[C@H](C)CN([C@@H](C)CO)C(=O)c2c1'],,,,,
3461,BRD-K22790182,['44485085'],['CNC[C@H]1OCc2cn(CCCC(=O)N(C[C@H]1C)[C@H](C)CO)nn2'],,,,,
3462,BRD-K22801678,['54618548'],['COc1ccc(cc1)S(=O)(=O)N(C)C[C@H]2Oc3ncc(/C=C/c4ccccc4)cc3C(=O)N(C[C@H]2C)[C@H](C)CO'],,,,,
3463,BRD-K22814206,['56835300'],['C[C@@H](CO)N1C[C@@H](C)[C@H](CN(C)Cc2cccc(c2)C(=O)O)OCc3ccccc3-c4c(C1=O)n(C)c5ccccc45'],,,,,
3464,BRD-K22825029,['56835533'],['C[C@@H](CO)N1C[C@@H](C)[C@H](CN(C)C(=O)N[C@@H](C)c2ccccc2)OCc3ccccc3-c4ccccc4C1=O'],,,,,
3465,BRD-K22827077,['54654196'],['CN1[C@H]2CC[C@H](CC(=O)NC3CCC3)O[C@@H]2COc2ccc(NC(=O)CC(F)(F)F)cc2C1=O'],,,,,
3466,BRD-K22828548,['44487555'],['CNC[C@@H]1OCCCC[C@@H](C)Oc2ccc(NS(=O)(=O)c3cccs3)cc2C(=O)N(C[C@H]1C)[C@@H](C)CO'],,,,,
3467,BRD-K22828860,['44499516'],['COc1ccc(cc1)S(=O)(=O)Nc2cccc3C(=O)N(C[C@H](C)[C@H](CN(C)C(=O)NC4CCCCC4)Oc23)[C@H](C)CO'],,,,,
3468,BRD-K22831754,['24747341'],['OC(=O)c1ccc(cc1)c2noc(n2)c3ccccc3F'],,,,,
3469,BRD-K22836524,['60187335'],['COc1ccc2c3c([C@H](CO)N(Cc4ccccc4)C[C@]33CCN(CC4CC4)CC3)n(C)c2c1'],,,,,
3470,BRD-K22846014,['54661107'],['COCCNC(=O)[C@H]1[C@H](CO)[C@H]2Cn3c(ccc(-c4ccccc4F)c3=O)[C@@H]1N2S(C)(=O)=O'],,,,,
3471,BRD-K22847783,['44493635'],['CC(C)NC(=O)N(C)C[C@H]1OCCCC[C@@H](C)Oc2ccc(NC(=O)Cc3ccccc3)cc2C(=O)N(C[C@H]1C)[C@@H](C)CO'],,,,,
3472,BRD-K22853292,['44488113'],['COc1ccc(CN(C)C[C@@H]2Oc3ccc(NC(=O)c4ccncc4)cc3CC(=O)N(C[C@@H]2C)[C@@H](C)CO)cc1'],,,,,
3473,BRD-K22854900,['44487478'],['CC(C)NC(=O)Nc1ccc2O[C@@H](C)CCCCO[C@H](CN(C)C(=O)Nc3ccccc3)[C@@H](C)CN([C@H](C)CO)C(=O)c2c1'],,,,,
3474,BRD-K22862802,['71759459'],['CCS(=O)(=O)N1C[C@@]2(C1)CN([C@@H](CO)c1c2c2ccc(OC)cc2n1C)C(=O)NC(C)C'],,,,,
3475,BRD-K22863062,['54661068'],['CN(C)CC(=O)N1[C@@H]2Cn3c(ccc(-c4ccccc4)c3=O)[C@H]1[C@H]([C@@H]2CO)C(=O)N1CCN(C)CC1'],,,,,
3476,BRD-K22886798,['54638680'],['CCCNC(=O)N[C@H]1C=C[C@@H](CC(=O)NCCc2ccccc2)O[C@@H]1CO'],,,,,
3477,BRD-K22905567,['54652599'],['COc1ccccc1NC(=O)N1C[C@H]2[C@H]([C@@H](CO)N2C(C)=O)c2ccccc12'],,,,,
3478,BRD-K22912836,['44620176'],['COc1ccc(cc1)S(=O)(=O)N(C)C[C@H]2OCCCC[C@@H](C)Oc3ccc(NS(=O)(=O)c4cn(C)cn4)cc3C(=O)N(C[C@H]2C)[C@H](C)CO'],,,,,
3479,BRD-K22932079,['54660917'],['CN1CCN(CC1)C(=O)[C@@H]1[C@@H](CO)[C@@H]2Cn3c(ccc(\\C=C\\c4ccccc4)c3=O)[C@@H]2N1CC1CC1'],,,,,
3480,BRD-K22935984,['54664940'],['OC[C@H]1Nc2ccc(cc2[C@@H]2[C@H]1CCN2S(=O)(=O)c1ccccc1F)-c1ccccc1F'],,,,,
3481,BRD-K22937431,['44619075'],['CC(C)NC(=O)Nc1ccc2O[C@@H](C)CCCCO[C@@H](CN(C)C(=O)NC3CCCCC3)[C@H](C)CN([C@@H](C)CO)C(=O)c2c1'],,,,,
3482,BRD-K22941245,['60190109'],['CCCNC(=O)N1CC2(C1)[C@@H]([C@H](CO)N2C(=O)c1ccncc1)c1ccccc1'],,,,,
3483,BRD-K22944564,['54631872'],['CO[C@@H]1CN(C)C(=O)c2ccc(NC(=O)Nc3c(C)noc3C)cc2OC[C@H](C)NC[C@H]1C'],,,,,
3484,BRD-K22945779,['54618561'],['C[C@@H](O)C#Cc1cnc2O[C@H](CN(C)CC3CCOCC3)[C@@H](C)CN([C@H](C)CO)C(=O)c2c1'],,,,,
3485,BRD-K22951866,['54615045'],['C[C@H](CO)N1C[C@@H](C)[C@@H](CN(C)CC2CC2)OCCCC[C@@H](C)Oc3ccc(cc3C1=O)N(C)C'],,,,,
3486,BRD-K22959724,['54631964'],['CCCN1C[C@H](C)[C@@H](CN(C)C(=O)c2ccc(NS(=O)(=O)c3cn(C)cn3)cc2OC[C@@H]1C)OC'],,,,,
3487,BRD-K22988559,['2210290'],['CCc1nnc(NC(=O)c2ccc(NS(=O)(=O)c3ccccc3)cc2)s1'],,,,,
3488,BRD-K23018071,['54645831'],['OC[C@@H]1O[C@@H](CC(=O)N2CCc3ccccc3C2)C[C@@H]4[C@H]1Oc5ccc(NC(=O)Nc6ccc(cc6)C(F)(F)F)cc45'],,,,,
3489,BRD-K23020884,['60185188'],['COc1ccc2c3c([C@@H](CO)N(C[C@]33CN(C3)C(=O)c3ccccn3)S(=O)(=O)c3ccc(C)cc3)n(C)c2c1'],,,,,
3490,BRD-K23021002,['54666907'],['CN(C)C(=O)c1ccc(cc1)-c1ccc(cc1)[C@@H]1[C@@H](CO)N2CCCCN(Cc3cccnc3)C[C@H]12'],,,,,
3491,BRD-K23027438,['25199538'],['Cc1cnn(CC(=O)c2ccc(O)c(O)c2)c1'],,,,,
3492,BRD-K23033683,['54657955'],['COc1ccccc1NC(=O)N1C[C@H](O)COC[C@@H]2O[C@H](CC(=O)NCCc3ccncc3)CC[C@@H]12'],,,,,
3493,BRD-K23038591,['44486358'],['C[C@H](CO)N1C[C@H](C)[C@H](CN(C)C(=O)Oc2ccc(C)cc2)OCc3cn(CCCC1=O)nn3'],,,,,
3494,BRD-K23050218,['54657632'],['O[C@@H]1COC[C@H]2O[C@H](CC(=O)NC3Cc4ccccc4C3)CC[C@@H]2N(C1)C(=O)Cc1ccccc1'],,,,,
3495,BRD-K23051555,['54661047'],['OC[C@@H]1[C@H]2Cn3c(cccc3=O)[C@H]2N([C@H]1C(O)=O)C(=O)NC1CCCC1'],,,,,
3496,BRD-K23058957,['54646303'],['OC[C@@H]1O[C@H](CC(=O)N2CCc3ccccc3C2)C[C@H]4[C@@H]1Oc5ccc(NC(=O)Cc6ccncc6)cc45'],,,,,
3497,BRD-K23060602,['44498581'],['CCCN(C)C[C@@H]1OCCCC[C@H](C)Oc2ccc(NS(=O)(=O)c3ccc(C)cc3)cc2C(=O)N(C[C@@H]1C)[C@H](C)CO'],,,,,
3498,BRD-K23060864,['54631381'],['CO[C@@H]1CN(C)C(=O)c2cc(NC(=O)c3ccccc3F)ccc2OC[C@@H](C)N(CC2CCOCC2)C[C@@H]1C'],,,,,
3499,BRD-K23062161,['60185075'],['COc1ccc2c3c([nH]c2c1)[C@@H](CO)N(Cc1nccs1)C[C@]31CCN(CC1)C(=O)C1CCCCC1'],,,,,
3500,BRD-K23073505,['44486806'],['C[C@H](CO)N1C[C@@H](C)[C@H](CN(C)CC2CC2)Oc3c(NC(=O)c4ccc(cc4)c5nccs5)cccc3C1=O'],,,,,
3501,BRD-K23077259,['54651397'],['OC[C@H]1N[C@H](CNC(=O)c2cccc(F)c2)[C@H]1c1ccc(cc1)C1=CCCCC1'],,,,,
3502,BRD-K23091084,['54661217'],['OC[C@@H]1[C@H]2Cn3c(cccc3=O)[C@H]2N(Cc2cc(F)ccc2F)[C@H]1C(=O)N1CCOCC1'],,,,,
3503,BRD-K23103632,['44497484'],['COc1ccc(cc1)S(=O)(=O)N(C)C[C@@H]2Oc3c(NC(=O)Nc4ccccc4)cccc3C(=O)N(C[C@@H]2C)[C@H](C)CO'],,,,,
3504,BRD-K23108726,['44504943'],['C[C@H](CO)N1C[C@H](C)[C@H](CN(C)S(=O)(=O)c2ccc3ccccc3c2)OCc4cn(CCCC1=O)nn4'],,,,,
3505,BRD-K23117210,['44501994'],['C[C@H](CO)N1C[C@H](C)[C@H](CN(C)Cc2ccc(cc2)C(F)(F)F)OCCCC[C@@H](C)Oc3ccc(NS(=O)(=O)c4c(C)noc4C)cc3C1=O'],,,,,
3506,BRD-K23138236,['54664855'],['OC[C@H]1Nc2ccc(cc2[C@@H]2[C@H]1CCN2Cc1nccs1)C#Cc1ccccc1'],,,,,
3507,BRD-K23147993,['60185201'],['C\\C=C\\c1ccc(cc1)[C@@H]1[C@H]2CN(C[C@@H]1N2)C(=O)CN1CCOCC1'],,,,,
3508,BRD-K23149109,['53338814'],['Oc1ccc(CNc2ccccc2C(F)(F)F)c2cccnc12'],,,,,
3509,BRD-K23149749,['54654484'],['CN1[C@@H]2CC[C@@H](CC(O)=O)O[C@H]2COc2ccc(NC(=O)Nc3ccccc3)cc2C1=O'],,,,,
3510,BRD-K23154136,['54657919'],['CCNC(=O)C[C@@H]1CC[C@@H]2[C@H](COC[C@@H](O)CN2C(=O)C2CCOCC2)O1'],,,,,
3511,BRD-K23162766,['60189714'],['COc1ccc2c3c([nH]c2c1)[C@H](CO)N(C)C[C@]31CN(C1)C(=O)C1CC1'],,,,,
3512,BRD-K23165181,['60138122'],['Cc1ccnc(NC(=S)N2CCC(CC2)Nc2cccc(c2)C(F)(F)F)c1'],,,,,
3513,BRD-K23191900,['54638641'],['OC[C@H]1O[C@H](CC(=O)NCc2ccc(Cl)c(Cl)c2)C=C[C@@H]1NS(=O)(=O)c1ccccc1'],,,,,
3514,BRD-K23208702,['60192247'],['OC[C@@H]1[C@@H](c2ccccc2)C2(CN(C2)C(=O)C2CCCC2)N1CC1CC1'],,,,,
3515,BRD-K23211153,['44486324'],['CC(C)NC(=O)N(C)C[C@@H]1Oc2ccc(cc2CC(=O)N(C[C@H]1C)[C@H](C)CO)N(C)C'],,,,,
3516,BRD-K23217072,['663872'],['CC(Cl)=CCn1c(NCCc2ccccc2)nc2n(C)c(=O)n(C)c(=O)c12'],,,,,
3517,BRD-K23217353,['60190085'],['COc1ccc2c3c([C@H](CO)N(C[C@]33CN(C3)C(=O)Nc3ccc(F)cc3)C(=O)c3ccc(F)cc3)n(C)c2c1'],,,,,
3518,BRD-K23240772,['54664938'],['OC[C@@H]1Nc2ccc(cc2[C@H]2[C@@H]1CCN2Cc1ccccc1F)-c1ccccc1'],,,,,
3519,BRD-K23263381,['44504058'],['C[C@H](CO)N1C[C@H](C)[C@H](CN(C)CC2CC2)OCCCC[C@@H](C)Oc3ccc(NC(=O)CCC(F)(F)F)cc3C1=O'],,,,,
3520,BRD-K23282736,['44506420'],['C[C@@H](CO)N1C[C@H](C)[C@H](CN(C)Cc2ccc(cc2)C(=O)Nc3ccccc3N)Oc4ccc(cc4C1=O)N(C)C'],,,,,
3521,BRD-K23287115,['44616320'],['CC(C)NC(=O)Nc1ccc2O[C@@H](C)CCCCO[C@@H](CN(C)CC3CCCCC3)[C@@H](C)CN([C@@H](C)CO)C(=O)c2c1'],,,,,
3522,BRD-K23293459,['54646140'],['COc1ccccc1CNC(=O)C[C@@H]2C[C@H]3[C@H](Oc4ccc(NC(=O)c5ccc6OCOc6c5)cc34)[C@H](CO)O2'],,,,,
3523,BRD-K23301583,['54638921'],['OC[C@H]1O[C@H](CCn2cc(nn2)C2CC2)CC[C@@H]1NC(=O)Nc1cc(F)ccc1F'],,,,,
3524,BRD-K23304679,['54618503'],['COc1ccc(NC(=O)N(C)C[C@@H]2Oc3cc(ccc3S(=O)(=O)N(C[C@H]2C)[C@H](C)CO)c4cccc(c4)C(=O)N(C)C)cc1'],,,,,
3525,BRD-K23313025,['741395'],['OC(=O)c1cccnc1SCC(=O)c2cccc(c2)[N+](=O)[O-]'],,,,,
3526,BRD-K23319301,['71758969'],['COc1ccc2c3c([nH]c2c1)[C@H](CO)N(C[C@]31CCN(Cc2cccc(F)c2)CC1)C(=O)C1CCOCC1'],,,,,
3527,BRD-K23340610,['60185005'],['CN(C)C(=O)c1cccc(c1)-c1ccc(cc1)[C@@H]1[C@H]2CN(Cc3nccs3)C[C@@H]1N2'],,,,,
3528,BRD-K23342641,['15050929'],['CN1CCN(CC(=O)N2c3ccc(cc3C(=O)Nc4cccnc24)S(=O)(=O)NCCNC(=O)OC(C)(C)C)CC1'],,,,,
3529,BRD-K23349860,['44487412'],['C[C@@H](CO)N1C[C@@H](C)[C@@H](CN(C)C(=O)Cc2ccccc2)OCc3cn(CCCC1=O)nn3'],,,,,
3530,BRD-K23370299,['44489316'],['CC(C)NC(=O)N(C)C[C@@H]1OCCCC[C@@H](C)Oc2ccc(cc2C(=O)N(C[C@@H]1C)[C@@H](C)CO)N(C)C'],,,,,
3531,BRD-K23373611,['54637784'],['C[C@H](CO)N1C[C@H](C)[C@@H](CN(C)Cc2cccnc2)OCc3ccccc3-c4ccccc4C1=O'],,,,,
3532,BRD-K23384658,['54625698'],['C[C@@H](CO)N1C[C@H](C)[C@@H](CN(C)Cc2ccccc2)Oc3cc(C#CC4CC4)ccc3S1(=O)=O'],,,,,
3533,BRD-K23396987,['54646027'],['OC[C@@H]1O[C@H](CC(=O)N2CCCCC2)C[C@H]3[C@@H]1Oc4ccc(NC(=O)NC5CCCC5)cc34'],,,,,
3534,BRD-K23406211,['54661408'],['C[C@@H](NC(=O)[C@@H]1[C@@H](CO)[C@@H]2Cn3c(ccc(C4=CCCCC4)c3=O)[C@H]1N2C(C)=O)c1ccccc1'],,,,,
3535,BRD-K23407460,['54646635'],['C[C@H](NC(=O)C[C@H]1C[C@H]2[C@H](Oc3ccc(NC(=O)c4cccnc4)cc23)[C@@H](CO)O1)c5ccccc5'],,,,,
3536,BRD-K23410901,['54651201'],['CC(C)CN(C[C@H]1[C@@H]([C@@H](CO)N1C(C)=O)c1ccccc1)C(=O)c1ccccn1'],,,,,
3537,BRD-K23412959,['17757075'],['COc1cccc(CNc2ncnc3ccc(cc23)c4c(C)noc4C)c1'],,,,,
3538,BRD-K23414424,['54654186'],['COCC(=O)Nc1ccc2OC[C@H]3O[C@@H](CC(=O)N4CCc5ccccc5C4)CC[C@@H]3N(C)C(=O)c2c1'],,,,,
3539,BRD-K23438281,['54648908'],['OC[C@@H]1O[C@H](CC(=O)NC2CCCCC2)C[C@@H]3[C@H]1Oc4ccc(NS(=O)(=O)c5ccccc5)cc34'],,,,,
3540,BRD-K23455135,['54637884'],['C[C@H](CO)N1C[C@@H](C)[C@@H](CN(C)C(=O)C)OCc2ccccc2-c3ccccc3C1=O'],,,,,
3541,BRD-K23470676,['54664816'],['OC[C@@H]1Nc2ccc(cc2[C@@H]2[C@H]1CCN2C(=O)c1cccc(F)c1)-c1ccccc1F'],,,,,
3542,BRD-K23488072,['60191401'],['OC[C@@H]1[C@H]([C@@H]2CN(CC(=O)N12)C(=O)c1ccc(F)cc1)c1ccc(cc1)C#CCC1CCCC1'],,,,,
3543,BRD-K23506413,['54618463'],['COCC(=O)N(C)C[C@@H]1Oc2cc(C#Cc3cccnc3)ccc2S(=O)(=O)N(C[C@@H]1C)[C@@H](C)CO'],,,,,
3544,BRD-K23543378,['60186184'],['COc1ccc(NC(=O)N2C[C@@H]3[C@@H]([C@@H](CO)N3C(=O)C2)c2ccc(cc2)C2=CCCC2)cc1'],,,,,
3545,BRD-K23557133,['53382788'],['CCCNC(=O)N1C[C@H](O)COC[C@H]2O[C@@H](CC(=O)N[C@@H]3CCN(Cc4ccccc4)C3)CC[C@H]12'],,,,,
3546,BRD-K23564441,['44492397'],['C[C@@H](CO)N1C[C@H](C)[C@H](CN(C)C(=O)Nc2ccc(cc2)C(F)(F)F)Oc3ccc(NC(=O)Cc4ccccc4)cc3C1=O'],,,,,
3547,BRD-K23564937,['54638551'],['OC[C@H]1O[C@H](CCNS(=O)(=O)c2cccc(Cl)c2)CC[C@@H]1NC(=O)Nc1cccc(F)c1'],,,,,
3548,BRD-K23578923,['60191116'],['OC[C@@H]1[C@H]([C@@H]2CN(CC(=O)N12)C(=O)Cc1ccccc1)c1ccc(cc1)-c1ccc(F)cc1'],,,,,
3549,BRD-K23582869,['44506926'],['C[C@H](CO)N1C[C@@H](C)[C@@H](CN(C)Cc2ccc(Oc3ccccc3)cc2)Oc4ccc(NC(=O)CCCCCC(=O)Nc5ccccc5N)cc4CC1=O'],,,,,
3550,BRD-K23584424,['54638839'],['OC[C@@H]1O[C@H](CC(=O)Nc2nccs2)CC[C@H]1NC(=O)CCN1CCCCC1'],,,,,
3551,BRD-K23586462,['54638363'],['OC[C@H]1O[C@H](CC(=O)NCCN2CCCCC2)C=C[C@@H]1NC(=O)c1cccnc1'],,,,,
3552,BRD-K23589333,['54657970'],['O[C@H]1COC[C@@H]2O[C@@H](CC(=O)NCc3cccc(F)c3)CC[C@H]2N(Cc2cocn2)C1'],,,,,
3553,BRD-K23603287,['56835520'],['COc1cccc(CN(C)C[C@@H]2OCc3ccccc3-c4ccccc4C(=O)N(C[C@@H]2C)[C@@H](C)CO)c1'],,,,,
3554,BRD-K23607904,['44503517'],['CC(C)NC(=O)Nc1ccc2O[C@@H](CN(C)C)[C@H](C)CN([C@H](C)CO)C(=O)Cc2c1'],,,,,
3555,BRD-K23618054,['54657635'],['CN(C)C(=O)C[C@@H]1CC[C@H]2[C@@H](COC[C@@H](O)CN2Cc2ccc(cc2)C(F)(F)F)O1'],,,,,
3556,BRD-K23620459,['44495431'],['C[C@H](CO)N1C[C@H](C)[C@@H](CN(C)S(=O)(=O)c2ccc(Cl)cc2)OCc3cnnn3CCCC1=O'],,,,,
3557,BRD-K23628492,['71125363'],['CCOC(=O)N1c2ccccc2Sc2ccc(Cl)cc12'],,,,,
3558,BRD-K23629581,['54651373'],['CC(C)N(C[C@@H]1N[C@@H](CO)[C@@H]1c1ccc(cc1)-c1ccccc1)C(C)=O'],,,,,
3559,BRD-K23644387,['688666'],['COc1ccc(cc1)-c1oc2ccccc2c(=O)c1OC'],,,,,
3560,BRD-K23647039,['54666513'],['Cc1ccccc1-c1ccc(cc1)[C@H]1[C@@H](CO)N2CCCCN(C[C@@H]12)S(=O)(=O)Cc1ccccc1'],,,,,
3561,BRD-K23647045,['60191298'],['CN(C)C(=O)c1ccc(cc1)-c1ccc(cc1)[C@@H]1[C@@H](CO)N2[C@@H]1CN(CC2=O)C(=O)CC1CC1'],,,,,
3562,BRD-K23657553,['44500949'],['C[C@H](CO)N1C[C@@H](C)[C@@H](CN(C)Cc2ccc(Oc3ccccc3)cc2)Oc4ccc(NC(=O)C5CCCCC5)cc4CC1=O'],,,,,
3563,BRD-K23664396,['54654259'],['CN1[C@@H]2CC[C@@H](CC(=O)Nc3cn(C)nc3C)O[C@@H]2COc2ccc(NC(=O)c3cccc(F)c3)cc2C1=O'],,,,,
3564,BRD-K23673040,['690299'],['[O-][N+](=O)c1ccc(C=NNC(=O)CNc2cccc3ccccc23)o1'],,,,,
3565,BRD-K23674074,['60185021'],['COc1ccc2c3c([C@H](CO)N(Cc4cc(OC)cc(OC)c4)C[C@]33CCN(CC3)S(=O)(=O)c3cn(C)cn3)n(C)c2c1'],,,,,
3566,BRD-K23674983,['54631782'],['CO[C@@H]1CN(C)C(=O)c2cc(NS(=O)(=O)CC(F)(F)F)ccc2OC[C@@H](C)N(CC2CCCCC2)C[C@@H]1C'],,,,,
3567,BRD-K23680395,['54658023'],['COc1cccc(c1)S(=O)(=O)N1C[C@@H](O)COC[C@H]2O[C@H](CC(=O)N3CCN(CC3)c3ccccc3)CC[C@H]12'],,,,,
3568,BRD-K23688566,['54638433'],['COc1ccccc1CNC(=O)C[C@@H]1O[C@H](CO)[C@H](NC(=O)CN(C)C)C=C1'],,,,,
3569,BRD-K23703347,['54660796'],['OC[C@@H]1[C@H]2Cn3c(cccc3=O)[C@@H]([C@H]1C(=O)NC1CCC1)N2Cc1cc(F)ccc1F'],,,,,
3570,BRD-K23723926,['54654508'],['CN1[C@H]2CC[C@@H](CC(=O)NC3CCCCC3)O[C@@H]2COc2ccc(NS(C)(=O)=O)cc2C1=O'],,,,,
3571,BRD-K23724349,['56835401'],['CC(C)OC(=O)N(C)C[C@@H]1OCc2ccccc2-c3ccccc3C(=O)N(C[C@H]1C)[C@H](C)CO'],,,,,
3572,BRD-K23728767,['54654093'],['COCCNC(=O)C[C@@H]1CC[C@H]2[C@H](COc3ccc(NC(=O)Cc4ccccc4)cc3C(=O)N2C)O1'],,,,,
3573,BRD-K23731136,['54637743'],['C[C@@H](CO)N1C[C@@H](C)[C@@H](CN(C)C(=O)Nc2ccnc(c2)N3CCOCC3)OCc4ccccc4-c5ccccc5C1=O'],,,,,
3574,BRD-K23769006,['60185190'],['COc1ccc2c3c([C@H](CO)N(C)C[C@]33CCN(CC3)S(=O)(=O)c3cccc(F)c3)n(C)c2c1'],,,,,
3575,BRD-K23774426,['4831588'],['Clc1ccc(cc1Cl)-n1c(SCC(=O)Nc2ccc3CCCc3c2)nc2ccccc2c1=O'],,,,,
3576,BRD-K23775758,['54646306'],['COc1ccccc1CNC(=O)C[C@@H]2C[C@H]3[C@H](Oc4ccc(NC(=O)Cc5ccncc5)cc34)[C@@H](CO)O2'],,,,,
3577,BRD-K23781896,['54660897'],['OC[C@@H]1[C@H]2Cn3c(ccc(C4=CCCCC4)c3=O)[C@@H]([C@H]1C(=O)N1CCCCC1)N2Cc1nccs1'],,,,,
3578,BRD-K23784811,['54652653'],['OC[C@@H]1[C@@H]2[C@@H](CN(C(=O)Nc3ccccc3)c3ccccc23)N1Cc1ccccc1Cl'],,,,,
3579,BRD-K23786503,['44507322'],['C[C@@H](CO)N1C[C@H](C)[C@H](CN(C)Cc2ccc(cc2)C(=O)Nc3ccccc3N)Oc4ccc(NC(=O)Nc5cccc6ccccc56)cc4CC1=O'],,,,,
3580,BRD-K23794511,['54638458'],['OC[C@@H]1O[C@@H](CC(=O)NCCCN2CCOCC2)C=C[C@H]1NS(=O)(=O)c1ccccc1F'],,,,,
3581,BRD-K23802982,['44506638'],['C[C@H](CO)N1C[C@@H](C)[C@H](CN(C)Cc2ccc(cc2)C(F)(F)F)Oc3ccc(NC(=O)CCCCCC(=O)Nc4ccccc4N)cc3CC1=O'],,,,,
3582,BRD-K23822091,['54645931'],['OC[C@H]1O[C@H](CC(=O)NCc2cc(F)ccc2F)C[C@H]3[C@@H]1Oc4ccc(NC(=O)c5cccnc5)cc34'],,,,,
3583,BRD-K23838495,['54651344'],['CC(C)N(C[C@H]1[C@@H]([C@@H](CO)N1S(C)(=O)=O)c1ccccc1)C(=O)CN(C)C'],,,,,
3584,BRD-K23841751,['2815616'],['OC(=O)CSCC(=O)N1CCCN(CC1)c2ccc(cn2)C(F)(F)F'],,,,,
3585,BRD-K23856550,['44493826'],['C[C@H](CO)N1C[C@@H](C)[C@@H](CN(C)Cc2ccc(cc2)C(=O)O)Oc3ccc(NC(=O)Cc4ccccc4)cc3C1=O'],,,,,
3586,BRD-K23871470,['54637782'],['C[C@H](CO)N1C[C@H](C)[C@H](CN(C)C(=O)[C@@H](Cc2ccccc2)N(C)C)OCc3ccccc3-c4ccccc4C1=O'],,,,,
3587,BRD-K23872111,['54638919'],['OC[C@H]1O[C@@H](CCn2cc(nn2)C2CC2)CC[C@H]1NC(=O)Nc1cc(F)ccc1F'],,,,,
3588,BRD-K23872647,['4234918'],['Cc1cc2C(=O)C(=C(C(=O)c2cc1C)c3ccccc3)NCc4ccccc4'],,,,,
3589,BRD-K23876588,['54638929'],['CC(C)NC(=O)N[C@@H]1CC[C@@H](CCN)O[C@H]1CO'],,,,,
3590,BRD-K23896287,['60138091'],['Fc1ccc(NS(=O)(=O)c2ccc3NC(=O)CCc3c2)cc1'],,,,,
3591,BRD-K23897615,['49850031'],['COc1ccc(cc1)S(=O)(=O)Nc2ccc3O[C@@H](C)CCCCO[C@@H](CN(C)C)[C@H](C)CN([C@@H](C)CO)C(=O)c3c2'],,,,,
3592,BRD-K23897871,['54646099'],['COc1ccc(cc1)S(=O)(=O)Nc2ccc3O[C@@H]4[C@@H](C[C@@H](CC(=O)N(C)C)O[C@H]4CO)c3c2'],,,,,
3593,BRD-K23905744,['44486903'],['CC(C)NC(=O)N(C)C[C@H]1Oc2ccc(cc2CC(=O)N(C[C@H]1C)[C@H](C)CO)N(C)C'],,,,,
3594,BRD-K23911230,['54639156'],['OC[C@@H]1O[C@H](CCNS(=O)(=O)Cc2ccccc2)CC[C@@H]1NC(=O)c1cnccn1'],,,,,
3595,BRD-K23931216,['44488800'],['C[C@H](CO)N1C[C@H](C)[C@@H](CN(C)Cc2ccc(Oc3ccccc3)cc2)Oc4ccc(NC(=O)Nc5ccc6OCOc6c5)cc4C1=O'],,,,,
3596,BRD-K23933733,['60191788'],['CN(C)CC(=O)N1CC2(C1)[C@H]([C@@H](CO)N2S(C)(=O)=O)c1ccccc1'],,,,,
3597,BRD-K23935793,['663459'],['CN(C)c1oc(nc1C#N)c2ccc(OCc3ccc(Cl)cc3)cc2'],,,,,
3598,BRD-K23954640,['54666635'],['OC[C@H]1[C@@H]([C@H]2CN(Cc3cncnc3)CCCCN12)c1ccc(cc1)-c1ccccc1F'],,,,,
3599,BRD-K23958338,['54638728'],['CN(C)C(=O)C[C@@H]1CC[C@H](NC(=O)C2CCOCC2)[C@H](CO)O1'],,,,,
3600,BRD-K23960714,['54646207'],['CS(=O)(=O)Nc1ccc2O[C@H]3[C@H](C[C@H](CC(=O)NCc4ccccn4)O[C@H]3CO)c2c1'],,,,,
3601,BRD-K23961390,['46903784'],['C[C@@H](CO)N1C[C@@H](C)[C@@H](CN(C)C(=O)c2ccncc2)OCCCC[C@@H](C)Oc3ccc(NC(=O)c4ccccc4)cc3C1=O'],,,,,
3602,BRD-K23978082,['3232217'],['Cc1ccccc1NC(=O)NCC2CCN(CC2)c3ccc(cc3)S(=O)(=O)N4CCOCC4'],,,,,
3603,BRD-K23980805,['56643205'],['Brc1c[nH]c2nc(SCc3ccccc3C#N)nc2c1'],,,,,
3604,BRD-K23985677,['54637843'],['C[C@@H](CO)N1C[C@@H](C)[C@@H](CN(C)S(=O)(=O)c2cn(C)cn2)OCc3ccccc3-c4c(C1=O)n(C)c5ccccc45'],,,,,
3605,BRD-K23985857,['44618836'],['CCCN(C)C[C@@H]1OCCCC[C@@H](C)Oc2ccc(NS(=O)(=O)c3ccc(C)cc3)cc2C(=O)N(C[C@H]1C)[C@H](C)CO'],,,,,
3606,BRD-K23986500,['87327'],['COc1cc2Sc3ccc(Cl)cc3N(CCCN(C)C)c2cc1OC'],,,,,
3607,BRD-K23992348,['54618273'],['C[C@@H](CO)N1C[C@@H](C)[C@@H](CN(C)Cc2ccccc2F)Oc3ncc(cc3C1=O)C4=CCCC4'],,,,,
3608,BRD-K24002047,['54630795'],['C[C@@H](CO)N1C[C@H](C)[C@H](CN(C)C(=O)Cc2ccncc2)Oc3cc(ccc3S1(=O)=O)C4=CCCC4'],,,,,
3609,BRD-K24009388,['54652501'],['OC[C@@H]1[C@H]2[C@H](CNc3ccccc23)N1C(=O)Nc1ccc(F)cc1'],,,,,
3610,BRD-K24011082,['54652455'],['OC[C@H]1[C@H]2[C@H](CN(c3ccccc23)S(=O)(=O)c2ccccc2F)N1C(=O)CC1CC1'],,,,,
3611,BRD-K24014699,['44497383'],['C[C@H](CO)N1C[C@H](C)[C@@H](CN(C)Cc2ccc(cc2)c3ccccc3)Oc4ccc(NC(=O)Nc5cccc6ccccc56)cc4CC1=O'],,,,,
3612,BRD-K24017250,['54639109'],['OC[C@H]1O[C@@H](CC(O)=O)CC[C@H]1NC(=O)c1ccncc1'],,,,,
3613,BRD-K24026396,['44496896'],['CC(C)NC(=O)N(C)C[C@@H]1OCCCC[C@H](C)Oc2ccc(NC(=O)c3ccccc3)cc2C(=O)N(C[C@@H]1C)[C@H](C)CO'],,,,,
3614,BRD-K24031526,['23863733'],['CC(=O)NCCCC[C@@H]1NC(=O)[C@@H]2C[C@@H]([C@@H](N2C1=O)c3ccc(O)cc3)C(=O)NCCCC[N+](C)(C)C'],,,,,
3615,BRD-K24045217,['44491985'],['C[C@H](CO)N1C[C@@H](C)[C@H](CN(C)Cc2ccc(cc2)C(F)(F)F)Oc3ccc(NC(=O)Cc4ccccc4)cc3CC1=O'],,,,,
3616,BRD-K24049756,['60184910'],['CN(C)CC(=O)N1C[C@H]2N[C@@H](C1)[C@@H]2c1ccc(cc1)-c1ccccc1F'],,,,,
3617,BRD-K24050338,['54646569'],['OC[C@H]1O[C@@H](CC(=O)NCc2ccccn2)C[C@@H]3[C@H]1Oc4ccc(NC(=O)Cc5ccncc5)cc34'],,,,,
3618,BRD-K24050458,['54654372'],['CN1CCN(CC1)C(=O)C[C@H]1CC[C@@H]2[C@H](COc3ccc(NC(=O)C4CCOCC4)cc3C(=O)N2C)O1'],,,,,
3619,BRD-K24051260,['44142115'],['Fc1cc(F)cc(Nc2nc(Cl)nc(NC3CCCC3)n2)c1'],,,,,
3620,BRD-K24053449,['44491467'],['C[C@H](CO)N1C[C@@H](C)[C@@H](CN(C)C(=O)CCC(F)(F)F)OCCCC[C@H](C)Oc2ccc(NS(=O)(=O)c3ccccc3)cc2C1=O'],,,,,
3621,BRD-K24058148,['54657931'],['CN1CCN(CC1)C(=O)C[C@@H]1CC[C@@H]2[C@H](COC[C@@H](O)CN2C(=O)c2ccccc2F)O1'],,,,,
3622,BRD-K24062021,['54650012'],['OC[C@H]1N[C@H](C#N)[C@H]1c1ccc(cc1)-c1cccc(F)c1'],,,,,
3623,BRD-K24077273,['54645967'],['COc1ccccc1CNC(=O)C[C@H]2C[C@@H]3[C@@H](Oc4ccc(NC(=O)Nc5ccc(cc5)C(F)(F)F)cc34)[C@H](CO)O2'],,,,,
3624,BRD-K24084946,['54638888'],['Cc1ccccc1S(=O)(=O)NCC[C@@H]1CC[C@H](NS(=O)(=O)c2ccccc2C)[C@H](CO)O1'],,,,,
3625,BRD-K24102129,['23777110'],['COc1ccc(cc1)[Si](C)(C)[C@H]2[C@H](C)[C@]3(O[C@@H]2CCO)C(=O)N(Cc4cccc(c4)N5CCOC5=O)c6ccccc63'],,,,,
3626,BRD-K24106654,['54649550'],['CO[C@H]1CC[C@@H]2CCOc3c(cccc3C(=O)N(C)C[C@H](CC(=O)N(C)C[C@H]1O2)c1ccccc1)C#N'],,,,,
3627,BRD-K24112840,['54666411'],['C\\C=C\\c1ccc(cc1)[C@@H]1[C@H](CO)N2CCCCN(CCC(F)(F)F)C[C@H]12'],,,,,
3628,BRD-K24123159,['54658028'],['O[C@H]1COC[C@@H]2O[C@@H](CC(=O)NCCN3CCCCC3)CC[C@H]2N(C1)S(=O)(=O)c1ccccc1'],,,,,
3629,BRD-K24127443,['44460128'],['Fc1cccc(c1)C(=O)OCC#CCSc1nnc(o1)-c1cccc2ccccc12'],,,,,
3630,BRD-K24133356,['54657855'],['COc1ccc(cc1)S(=O)(=O)N1C[C@H](O)COC[C@H]2O[C@H](CC(=O)N[C@@H]3CCN(Cc4ccccc4)C3)CC[C@H]12'],,,,,
3631,BRD-K24139908,['44497969'],['COc1ccc(NC(=O)N(C)C[C@H]2Oc3c(NC(=O)NC4CCCCC4)cccc3C(=O)N(C[C@H]2C)[C@@H](C)CO)cc1'],,,,,
3632,BRD-K24149610,['44496769'],['C[C@H](CO)N1C[C@H](C)[C@H](CN(C)Cc2ccc(Cl)c(Cl)c2)Oc3ccc(NC(=O)c4ccncc4)cc3CC1=O'],,,,,
3633,BRD-K24156250,['44142144'],['Cn1nnnc1Sc2ncnc3scc(c4cc5ccccc5o4)c23'],,,,,
3634,BRD-K24161447,['54618557'],['C[C@@H](CO)N1C[C@H](C)[C@@H](CN(C)C(=O)C2CCCCC2)Oc3ncc(C#Cc4ccccc4F)cc3C1=O'],,,,,
3635,BRD-K24164383,['54661398'],['CCN1[C@@H]([C@@H](CO)[C@@H]2Cn3c(ccc(-c4cccc(F)c4)c3=O)[C@H]12)C(=O)N1CCCCC1'],,,,,
3636,BRD-K24167577,['54637653'],['COc1cccc(NC(=O)N(C)C[C@@H]2OCc3ccccc3-c4ccccc4C(=O)N(C[C@@H]2C)[C@H](C)CO)c1'],,,,,
3637,BRD-K24169646,['54652488'],['OC[C@H]1[C@H]2[C@H](CN(C(=O)C3CCCCC3)c3ccccc23)N1C(=O)Cc1ccccn1'],,,,,
3638,BRD-K24172839,['54639021'],['CN1CCN(CC1)C(=O)C[C@@H]1CC[C@H](NC(=O)c2ccc3OCOc3c2)[C@H](CO)O1'],,,,,
3639,BRD-K24175855,['54661012'],['OC[C@H]1[C@@H]2Cn3c(=O)cccc3[C@@H]2N(Cc2ncoc2)[C@@H]1C(=O)N1CCC(CC1)Cc1ccccc1'],,,,,
3640,BRD-K24184187,['60190114'],['COc1ccc2c3c([C@H](CO)N(C[C@]33CN(Cc4nccs4)C3)C(=O)CN(C)C)n(C)c2c1'],,,,,
3641,BRD-K24192521,['54654571'],['CN1[C@@H]2CC[C@@H](CC(=O)N3CCOCC3)O[C@@H]2COc2ccc(NS(C)(=O)=O)cc2C1=O'],,,,,
3642,BRD-K24193032,['60191242'],['OC[C@@H]1[C@@H]([C@@H]2CN(CC(=O)N12)C(=O)C1CCOCC1)c1ccc(\\C=C\\c2ccccc2)cc1'],,,,,
3643,BRD-K24196267,['54631723'],['CO[C@H]1CN(C)C(=O)c2cc(NS(=O)(=O)CC(F)(F)F)ccc2OC[C@@H](C)N(CC2CCCCC2)C[C@H]1C'],,,,,
3644,BRD-K24213763,['54638816'],['COCC(=O)N[C@H]1C=C[C@@H](O[C@@H]1CO)CC(=O)NCc1ccc(Cl)cc1'],,,,,
3645,BRD-K24214483,['44490530'],['C[C@@H](CO)N1C[C@@H](C)[C@H](CN(C)S(=O)(=O)c2ccccc2)Oc3ccc(NC(=O)Nc4ccc(cc4)C(F)(F)F)cc3C1=O'],,,,,
3646,BRD-K24217168,['44501445'],['C[C@@H](CO)N1C[C@H](C)[C@H](CN(C)Cc2ccc(cc2)C(F)(F)F)Oc3ccc(NC(=O)Nc4cccc5ccccc45)cc3CC1=O'],,,,,
3647,BRD-K24230322,['54652617'],['CN1[C@H](CO)[C@H]2[C@@H]1CN(C(=O)Nc1ccccc1F)c1ccccc21'],,,,,
3648,BRD-K24257383,['54632180'],['CO[C@@H]1CN(C)C(=O)c2ccc(NC(C)=O)cc2OC[C@@H](C)N(Cc2ccc(cc2)-c2ccccn2)C[C@H]1C'],,,,,
3649,BRD-K24272049,['54650197'],['CC(C)NC(=O)N1[C@@H](CO)[C@H]([C@@H]1C#N)c1ccc(cc1)C#CC1CCCCC1'],,,,,
3650,BRD-K24277661,['54639107'],['OC[C@H]1O[C@H](CC(O)=O)CC[C@H]1NC(=O)c1ccncc1'],,,,,
3651,BRD-K24282403,['54637809'],['C[C@@H](CO)N1C[C@H](C)[C@@H](CN(C)C(=O)N[C@@H](C)c2ccccc2)OCc3ccccc3-c4ccccc4C1=O'],,,,,
3652,BRD-K24304282,['152670'],['N[C@@H](Cc1ccc(O)cc1O)C(O)=O'],,,,,
3653,BRD-K24306712,['54652655'],['OC[C@H]1[C@H]2[C@H](CN(C(=O)CC(F)(F)F)c3ccccc23)N1CC1CCOCC1'],,,,,
3654,BRD-K24307074,['10352540'],['Nc1cccc(OCC2=NCCN2)c1'],,,,,
3655,BRD-K24319052,['44618474'],['C[C@H](CO)N1C[C@H](C)[C@@H](CN(C)CC2CCCCC2)OCCCC[C@H](C)Oc3ccc(NS(=O)(=O)C)cc3C1=O'],,,,,
3656,BRD-K24325779,['54646107'],['OC[C@H]1O[C@H](CC(=O)O)C[C@H]2[C@@H]1Oc3ccc(NC(=O)Nc4ccc(cc4)C(F)(F)F)cc23'],,,,,
3657,BRD-K24338558,['54646173'],['OC[C@@H]1O[C@@H](CC(=O)O)C[C@H]2[C@@H]1Oc3ccc(NS(=O)(=O)c4ccc(F)cc4)cc23'],,,,,
3658,BRD-K24339152,['54638794'],['Cc1ccc(cc1)S(=O)(=O)NCC[C@@H]1CC[C@@H](NC(=O)CC2CC2)[C@@H](CO)O1'],,,,,
3659,BRD-K24346336,['3739601'],['CNc1nc(N)c(c(Nc2ccc(F)cc2)n1)[N+]([O-])=O'],,,,,
3660,BRD-K24351638,['60191079'],['CC(C)NC(=O)N1C[C@@H]2[C@@H]([C@H](CO)N2C(=O)C1)c1ccc(\\C=C\\c2ccccc2)cc1'],,,,,
3661,BRD-K24383920,['54660614'],['O[C@H]1COC[C@@H]2O[C@H](CC(=O)NCc3ccc(cc3)-c3ccccc3)CC[C@H]2N(C1)C(=O)c1ccncc1'],,,,,
3662,BRD-K24387065,['54651328'],['CCC(=O)NC[C@@H]1[C@H]([C@H](CO)N1C(=O)C1CCC1)c1ccccc1'],,,,,
3663,BRD-K24390300,['54631890'],['COCC(=O)Nc1ccc2c(OC[C@H](C)N(CC3CC3)C[C@@H](C)[C@@H](CN(C)C2=O)OC)c1'],,,,,
3664,BRD-K24391905,['44496454'],['CC(C)NC(=O)N(C)C[C@@H]1OCCCC[C@H](C)Oc2ccc(NC(=O)C3CCCCC3)cc2C(=O)N(C[C@@H]1C)[C@H](C)CO'],,,,,
3665,BRD-K24392866,['54664856'],['OC[C@@H]1Nc2ccc(cc2[C@H]2[C@@H]1CCN2Cc1nccs1)C#Cc1ccccc1'],,,,,
3666,BRD-K24404115,['60185159'],['COc1ccc2c3c([C@@H](CO)NC[C@]33CCN(CC3)C(=O)Nc3ccc(F)cc3F)n(C)c2c1'],,,,,
3667,BRD-K24426149,['2120347'],['CCCc1cc(NC(=O)CCl)n(n1)c2ccccc2'],,,,,
3668,BRD-K24427624,['54654465'],['CCS(=O)(=O)Nc1ccc2OC[C@H]3O[C@H](CC(=O)NCc4ccccc4F)CC[C@@H]3N(C)C(=O)c2c1'],,,,,
3669,BRD-K24427824,['54646305'],['OC[C@@H]1O[C@@H](CC(=O)N2CCc3ccccc3C2)C[C@H]4[C@@H]1Oc5ccc(NC(=O)Cc6ccncc6)cc45'],,,,,
3670,BRD-K24461445,['44460124'],['FC(F)(F)c1cc(ccc1Cl)C(=O)OCC#CCSc1nnc(o1)-c1cccc2ccccc12'],,,,,
3671,BRD-K24465470,['54645851'],['OC[C@@H]1O[C@H](CC(=O)NCc2cccnc2)C[C@H]3[C@@H]1Oc4ccc(NS(=O)(=O)c5ccc(F)cc5)cc34'],,,,,
3672,BRD-K24465933,['56835326'],['CO[C@@H](C(=O)N(C)C[C@H]1OCc2ccccc2-c3c(C(=O)N(C[C@@H]1C)[C@@H](C)CO)n(C)c4ccccc34)c5ccccc5'],,,,,
3673,BRD-K24468827,['44143088'],['CCn1cnc2c(Nc3cc(F)cc(F)c3)nc(C#N)nc12'],,,,,
3674,BRD-K24469285,['54664907'],['CN1[C@@H](CO)[C@@H]2CCN([C@@H]2c2cc(ccc12)C1=CCCCC1)C(=O)c1ccc2OCOc2c1'],,,,,
3675,BRD-K24469697,['54654290'],['CN1[C@@H]2CC[C@@H](CC(=O)NC3Cc4ccccc4C3)O[C@H]2COc2ccc(NC(=O)c3ccc(cc3)C(F)(F)F)cc2C1=O'],,,,,
3676,BRD-K24486079,['54631286'],['CCS(=O)(=O)Nc1ccc2OC[C@@H](C)N(C[C@H](C)[C@@H](CN(C)C(=O)c2c1)OC)C(=O)c1ccc2OCOc2c1'],,,,,
3677,BRD-K24496965,['54632099'],['CO[C@@H]1CN(C)C(=O)c2cc(NC(=O)Nc3cccc(F)c3)ccc2OC[C@H](C)N(C[C@@H]1C)C(=O)Nc1c(C)noc1C'],,,,,
3678,BRD-K24502634,['54645806'],['COC(=O)C[C@H]1C[C@H]2[C@H](Oc3ccc(NC(=O)c4ccc5OCOc5c4)cc23)[C@H](CO)O1'],,,,,
3679,BRD-K24506271,['54632199'],['CO[C@@H]1CN(C)C(=O)c2cc(NC(=O)c3ccccc3F)ccc2OC[C@H](C)N(C[C@H]1C)C(C)=O'],,,,,
3680,BRD-K24522647,['54661084'],['OC[C@@H]1[C@H]2Cn3c(ccc(-c4ccc(F)cc4)c3=O)[C@H]2N(Cc2ccccn2)[C@H]1C(=O)NC1CCC1'],,,,,
3681,BRD-K24523081,['44504331'],['C[C@H](CO)N1C[C@H](C)[C@H](CN(C)Cc2ccncc2)Oc3ccc(NC(=O)CCC(F)(F)F)cc3CC1=O'],,,,,
3682,BRD-K24528445,['44503480'],['CC(C)NC(=O)N(C)C[C@H]1Oc2ccc(NC(=O)Cc3cn(C)c4ccccc34)cc2CC(=O)N(C[C@H]1C)[C@H](C)CO'],,,,,
3683,BRD-K24536757,['60191086'],['CC(C)CC#Cc1ccc(cc1)[C@@H]1[C@H](CO)N2[C@H]1CN(CC2=O)C(=O)c1cccc(F)c1'],,,,,
3684,BRD-K24550549,['54645874'],['OC[C@H]1O[C@@H](CC(=O)N2CCc3ccccc3C2)C[C@@H]4[C@H]1Oc5ccc(NC(=O)c6ccc7OCOc7c6)cc45'],,,,,
3685,BRD-K24562909,['54631573'],['CCS(=O)(=O)Nc1ccc2OC[C@H](C)N(C[C@H](C)[C@@H](CN(C)C(=O)c2c1)OC)C(=O)c1ccc2OCOc2c1'],,,,,
3686,BRD-K24565544,['44483821'],['C[C@H](CO)N1C[C@H](C)[C@H](CN(C)Cc2ccccc2)OCCCC[C@@H](C)Oc3ccc(cc3C1=O)N(C)C'],,,,,
3687,BRD-K24572125,['54653983'],['CN1[C@@H]2CC[C@@H](CC(=O)NCCc3ccncc3)O[C@@H]2COc2ccc(NC(=O)Nc3ccccc3F)cc2C1=O'],,,,,
3688,BRD-K24578841,['54657964'],['Cc1noc(C)c1NC(=O)N1C[C@@H](O)COC[C@H]2O[C@@H](CC(=O)NCC3CC3)CC[C@H]12'],,,,,
3689,BRD-K24595067,['60184862'],['C\\C=C\\c1ccc(cc1)[C@H]1[C@H]2CN(C[C@@H]1N2)C(=O)Nc1ccc(cc1)C(F)(F)F'],,,,,
3690,BRD-K24598397,['665449'],['CC(C)(C)OC(=O)NCCc1nnc(o1)S(=O)(=O)Cc2ccc(Cl)cc2Cl'],,,,,
3691,BRD-K24625151,['60184916'],['CCC(=O)N1C[C@]2(CN(C2)C(C)=O)c2c([nH]c3cc(OC)ccc23)[C@@H]1CO'],,,,,
3692,BRD-K24626857,['54661015'],['OC[C@@H]1[C@H]2Cn3c(ccc(C4=CCCCC4)c3=O)[C@H]2N(Cc2cocn2)[C@H]1C(=O)Nc1ccccc1'],,,,,
3693,BRD-K24632043,['60191035'],['OC[C@H]1[C@H]([C@@H]2CN(CC(=O)N12)C(=O)Nc1ccc(F)cc1)c1ccc(cc1)C1=CCCC1'],,,,,
3694,BRD-K24632213,['814607'],['CC(C)Sc1nc2n(C)c(=O)[nH]c(=O)c2n1Cc3ccccc3'],,,,,
3695,BRD-K24656059,['54639142'],['OC[C@@H]1O[C@H](CC(=O)Nc2ccc(cc2)-c2ccccc2)CC[C@H]1NC(=O)Cc1cccnc1'],,,,,
3696,BRD-K24658364,['54638245'],['OC[C@H]1O[C@H](CCNC(=O)c2ccc3OCOc3c2)CC[C@@H]1NS(=O)(=O)c1ccc(Cl)cc1'],,,,,
3697,BRD-K24665987,['56643184'],['CCOC(=O)N1CCC(CC1)NCCNC(=O)c2ccc(F)cc2'],,,,,
3698,BRD-K24677486,['6875617'],['COC(=O)NN=Cc1ccc(o1)[N+](=O)[O-]'],,,,,
3699,BRD-K24680618,['54661049'],['CCNC(=O)[C@H]1[C@H](CO)[C@H]2Cn3c(ccc(C4=CCCC4)c3=O)[C@H]2N1C(=O)C1CC1'],,,,,
3700,BRD-K24685884,['54631856'],['CO[C@@H]1CN(C)C(=O)c2ccc(NC(=O)Cc3ccccc3)cc2OC[C@@H](C)N(C[C@@H]1C)C(=O)c1ccccc1F'],,,,,
3701,BRD-K24686773,['49787910'],['Fc1ccc(cc1)C(=O)OCCCCSc1nnc(o1)-c1cccc2ccccc12'],,,,,
3702,BRD-K24690085,['60192109'],['OC[C@@H]1[C@H](c2ccccc2)C2(CN(C2)C(=O)c2ccccc2)N1Cc1cc(F)ccc1F'],,,,,
3703,BRD-K24698610,['54652569'],['COc1ccc(CN2[C@@H](CO)[C@H]3[C@@H]2CN(C(=O)Nc2ccc(F)cc2)c2ccccc32)cc1'],,,,,
3704,BRD-K24705176,['44141936'],['COc1cc(NC(=O)c2[nH]c(C)c(C(C)=O)c2C)c(OC)cc1Cl'],,,,,
3705,BRD-K24717178,['54657570'],['COc1ccc(CN2C[C@H](O)COC[C@@H]3O[C@@H](CC(=O)NCCN4CCCC4)CC[C@@H]23)cc1'],,,,,
3706,BRD-K24722667,['44617598'],['C[C@H](CO)N1C[C@H](C)[C@@H](CN(C)CC2CCCCC2)Oc3ccc(NC(=O)C4CCCCC4)cc3CC1=O'],,,,,
3707,BRD-K24736231,['54613908'],['C[C@H](CO)N1C[C@H](C)[C@@H](CN(C)S(=O)(=O)C)Oc2ccc(NC(=O)Nc3ccc(cc3)C(F)(F)F)cc2CC1=O'],,,,,
3708,BRD-K24746925,['54660790'],['CCN1[C@H]2Cn3c(ccc(-c4ccccc4F)c3=O)[C@@H]1[C@@H]([C@H]2CO)C(=O)NCc1ccc(F)cc1'],,,,,
3709,BRD-K24748809,['54660959'],['CC(C)NC(=O)N1[C@H]([C@H](CO)[C@H]2Cn3c(cccc3=O)[C@@H]12)C(=O)N1CCc2ccccc2C1'],,,,,
3710,BRD-K24752075,['54621025'],['C[C@@H](CO)N1C[C@@H](C)[C@H](CN(C)Cc2cccc(F)c2)Oc3ncc(cc3C1=O)C4=CCCCC4'],,,,,
3711,BRD-K24754728,['44490897'],['C[C@@H](CO)N1C[C@H](C)[C@@H](CN(C)C(=O)Nc2ccccc2)OCCCC[C@H](C)Oc3ccc(NC(=O)C4CCCCC4)cc3C1=O'],,,,,
3712,BRD-K24755528,['54666565'],['CN(C)C(=O)c1cccc(c1)-c1ccc(cc1)[C@H]1[C@H](CO)N2CCCCN(CC3CCOCC3)C[C@H]12'],,,,,
3713,BRD-K24758440,['54631370'],['CO[C@@H]1CN(C)C(=O)c2ccc(NS(C)(=O)=O)cc2OC[C@@H](C)N(CC2CCCCC2)C[C@@H]1C'],,,,,
3714,BRD-K24769439,['54657573'],['O[C@H]1COC[C@@H]2O[C@H](CC(=O)NCCCN3CCOCC3)CC[C@H]2N(C1)C(=O)c1ccccc1'],,,,,
3715,BRD-K24776817,['54650009'],['OC[C@H]1[C@H]([C@@H](C#N)N1S(=O)(=O)c1ccccc1)c1ccc(cc1)C1=CCCCC1'],,,,,
3716,BRD-K24776959,['54615106'],['C[C@H](CO)N1C[C@@H](C)[C@@H](CN(C)Cc2ccc(cc2)C(F)(F)F)OCCCC[C@@H](C)Oc3ccc(NS(=O)(=O)c4c(C)noc4C)cc3C1=O'],,,,,
3717,BRD-K24779930,['54631765'],['CO[C@@H]1CN(C)C(=O)c2ccc(NC(=O)C3CCOCC3)cc2OC[C@@H](C)N(C[C@@H]1C)C(=O)c1ccccc1'],,,,,
3718,BRD-K24781398,['54658089'],['CCCNC(=O)N1C[C@@H](O)COC[C@@H]2O[C@H](CC(=O)N[C@@H]3CCN(Cc4ccccc4)C3)CC[C@@H]12'],,,,,
3719,BRD-K24781739,['54631352'],['CO[C@@H]1CN(C)C(=O)c2cc(NC(=O)CN(C)C)ccc2OC[C@@H](C)N(Cc2ccccc2F)C[C@H]1C'],,,,,
3720,BRD-K24789695,['54652602'],['COc1ccccc1NC(=O)N1C[C@@H]2[C@@H]([C@@H](CO)N2C(C)=O)c2ccccc12'],,,,,
3721,BRD-K24798550,['54613918'],['C[C@H](CO)N1C[C@H](C)[C@@H](CN(C)Cc2ccc3OCOc3c2)Oc4ccc(NC(=O)CCCN(C)C)cc4CC1=O'],,,,,
3722,BRD-K24820372,['54666478'],['OC[C@H]1[C@H]([C@@H]2CN(CCCCN12)C(=O)Nc1cc(F)ccc1F)c1ccc(cc1)C1=CCCCC1'],,,,,
3723,BRD-K24820558,['54638497'],['OC[C@H]1O[C@@H](CCNS(=O)(=O)Cc2ccccc2)CC[C@H]1NS(=O)(=O)c1ccc(F)cc1'],,,,,
3724,BRD-K24821098,['54631491'],['CO[C@@H]1CN(C)C(=O)c2cc(NS(=O)(=O)CC(F)(F)F)ccc2OC[C@H](C)N(Cc2nccs2)C[C@H]1C'],,,,,
3725,BRD-K24824043,['54652706'],['CC(C)NC(=O)N1C[C@H]2[C@H]([C@@H](CO)N2C(=O)C2CCCC2)c2ccccc12'],,,,,
3726,BRD-K24855340,['54657628'],['O[C@H]1COC[C@@H]2O[C@H](CC(=O)NC3Cc4ccccc4C3)CC[C@H]2N(C1)C(=O)Cc1ccccc1'],,,,,
3727,BRD-K24855614,['54637722'],['C[C@H](CO)N1C[C@@H](C)[C@@H](CN(C)S(=O)(=O)c2ccc(cc2)C(F)(F)F)OCc3ccccc3-c4ccccc4C1=O'],,,,,
3728,BRD-K24861700,['44495386'],['C[C@H](CO)N1C[C@@H](C)[C@@H](CN(C)Cc2ccc(Oc3ccccc3)cc2)Oc4c(NC(=O)c5ccncc5)cccc4C1=O'],,,,,
3729,BRD-K24885102,['44489456'],['C[C@@H](CO)N1C[C@@H](C)[C@H](CN(C)C(=O)Nc2cccc3ccccc23)Oc4ccc(NS(=O)(=O)C)cc4C1=O'],,,,,
3730,BRD-K24890551,['54638653'],['COc1cccc(CNC(=O)C[C@H]2O[C@H](CO)[C@H](NC(=O)C3CCC3)C=C2)c1'],,,,,
3731,BRD-K24893212,['60187513'],['COc1ccc2c3c([C@H](CO)N(C)C[C@]33CCN(CC3)C(=O)CN3CCOCC3)n(C)c2c1'],,,,,
3732,BRD-K24894325,['44493967'],['C[C@@H](CO)N1C[C@H](C)[C@@H](CN(C)Cc2ccc(Cl)c(Cl)c2)Oc3c(NS(=O)(=O)c4cccs4)cccc3C1=O'],,,,,
3733,BRD-K24896023,['54652608'],['OC[C@H]1[C@@H]2[C@@H](CN(C(=O)Nc3ccccc3F)c3ccccc23)N1C(=O)Cc1cccnc1'],,,,,
3734,BRD-K24925364,['6622773'],['COc1ccc(cc1NC(=O)C(C)C)c2cn3cccnc3n2'],,,,,
3735,BRD-K24925721,['60190185'],['COc1ccc2c3c([nH]c2c1)[C@H](CO)N(C[C@]31CN(C1)C(=O)c1cccnc1)C(=O)NC(C)C'],,,,,
3736,BRD-K24927839,['54631528'],['CCS(=O)(=O)Nc1ccc2OC[C@@H](C)N(C[C@@H](C)[C@@H](CN(C)C(=O)c2c1)OC)C(=O)c1ccc2OCOc2c1'],,,,,
3737,BRD-K24932095,['54657553'],['COC(=O)C[C@@H]1CC[C@H]2[C@@H](COC[C@H](O)CN2S(=O)(=O)c2cn(C)cn2)O1'],,,,,
3738,BRD-K24946412,['54647362'],['OC[C@H]1O[C@@H](CC(=O)NCc2ccc3OCOc3c2)C[C@H]4[C@@H]1Oc5ccc(NC(=O)Nc6ccc(cc6)C(F)(F)F)cc45'],,,,,
3739,BRD-K24956360,['54666495'],['CC(C)CC#Cc1ccc(cc1)[C@H]1[C@H](CO)N2CCCCN(C[C@H]12)C(=O)Cc1ccccn1'],,,,,
3740,BRD-K24962261,['60190210'],['OC[C@@H]1[C@@H](c2ccccc2)C2(CN(C2)S(=O)(=O)Cc2ccccc2)N1CC1CCOCC1'],,,,,
3741,BRD-K24977302,['54646334'],['CN(C)c1ccc2O[C@@H]3[C@@H](C[C@@H](CC(=O)NCCN4CCCCC4)O[C@@H]3CO)c2c1'],,,,,
3742,BRD-K24991044,['44500869'],['CCCN(C)C[C@@H]1OCCCC[C@@H](C)Oc2ccc(NS(=O)(=O)c3ccc(C)cc3)cc2C(=O)N(C[C@@H]1C)[C@H](C)CO'],,,,,
3743,BRD-K24992635,['54646413'],['CN(C)c1ccc2O[C@H]3[C@H](C[C@@H](CC(=O)N4CCc5ccccc5C4)O[C@H]3CO)c2c1'],,,,,
3744,BRD-K24992843,['44488752'],['C[C@@H](CO)N1C[C@H](C)[C@H](CN(C)Cc2ccncc2)OCCCC[C@H](C)Oc3ccc(NC(=O)Nc4ccccc4)cc3C1=O'],,,,,
3745,BRD-K25006240,['54650023'],['OC[C@H]1[C@@H]([C@@H](C#N)N1C(=O)c1ccc2OCOc2c1)c1ccccc1'],,,,,
3746,BRD-K25018652,['54649905'],['CCc1cnc(s1)N1[C@H](CO)[C@H]([C@@H]1C#N)c1ccc(cc1)C#CC(C)C'],,,,,
3747,BRD-K25029498,['44498665'],['C[C@@H](CO)N1C[C@@H](C)[C@H](CN(C)Cc2ccc(Cl)c(Cl)c2)OCCCC[C@@H](C)Oc3ccc(cc3C1=O)N(C)C'],,,,,
3748,BRD-K25031586,['54664957'],['CN1[C@H](CO)[C@@H]2CCN([C@@H]2c2cc(Br)ccc12)C(=O)C1CCCCC1'],,,,,
3749,BRD-K25031780,['54646619'],['OC[C@H]1O[C@@H](CC(=O)NCc2cccnc2)C[C@@H]3[C@H]1Oc4ccc(NC(=O)c5ccc6OCOc6c5)cc34'],,,,,
3750,BRD-K25037118,['54638706'],['OC[C@H]1O[C@H](CC(=O)Nc2nccs2)C=C[C@@H]1NC(=O)c1cccc(F)c1'],,,,,
3751,BRD-K25038599,['54651364'],['CN(C[C@H]1[C@H]([C@H](CO)N1C(C)=O)c1ccccc1)S(=O)(=O)c1ccccc1'],,,,,
3752,BRD-K25042903,['54652652'],['OC[C@H]1[C@H]2[C@H](CN(C(=O)Nc3ccccc3)c3ccccc23)N1Cc1ccccc1Cl'],,,,,
3753,BRD-K25050358,['44492573'],['C[C@H](CO)N1C[C@@H](C)[C@H](CN(C)S(=O)(=O)c2ccc(Cl)cc2)OCc3cn(CCCC1=O)nn3'],,,,,
3754,BRD-K25068941,['56835282'],['C[C@@H](CO)N1C[C@@H](C)[C@H](CN(C)C(=O)CCN(C)C)OCc2ccccc2-c3ccccc3C1=O'],,,,,
3755,BRD-K25070860,['44487526'],['C[C@@H](CO)N1C[C@@H](C)[C@H](CN(C)Cc2ccncc2)OCCCC[C@H](C)Oc3ccc(NC(=O)Nc4ccccc4)cc3C1=O'],,,,,
3756,BRD-K25082699,['60185128'],['Fc1ccccc1-c1ccc(cc1)[C@H]1[C@H]2CN(C[C@@H]1N2)C(=O)c1ccc2OCOc2c1'],,,,,
3757,BRD-K25089649,['60184997'],['O=C(Cc1ccccc1)N1C[C@H]2N[C@@H](C1)[C@@H]2c1ccc(cc1)-c1ccc(cc1)C#N'],,,,,
3758,BRD-K25094041,['54646405'],['C[C@H](NC(=O)C[C@@H]1C[C@H]2[C@H](Oc3ccc(cc23)N(C)C)[C@H](CO)O1)c4ccccc4'],,,,,
3759,BRD-K25094947,['60138068'],['COc1cc(NC(=O)c2cnn3c(C)cc(C)nc23)cc(OC)c1OC'],,,,,
3760,BRD-K25096430,['54638625'],['CN1CCN(CC1)C(=O)C[C@@H]1O[C@H](CO)[C@@H](NC(=O)Nc2ccccc2F)C=C1'],,,,,
3761,BRD-K25097708,['54631855'],['CCCC(=O)Nc1ccc2OC[C@H](C)N(Cc3nccs3)C[C@@H](C)[C@@H](CN(C)C(=O)c2c1)OC'],,,,,
3762,BRD-K25125608,['54618532'],['C[C@H](CO)N1C[C@H](C)[C@@H](CN(C)S(=O)(=O)c2cccc(F)c2)Oc3cc(C#CCN(C)C)ccc3S1(=O)=O'],,,,,
3763,BRD-K25144184,['4432160'],['O=C(CN1C(=O)CCC1=O)Nc2cccc3C(=O)NC(=O)c32'],,,,,
3764,BRD-K25148849,['56835304'],['C[C@@H](CO)N1C[C@@H](C)[C@H](CN(C)C(=O)Nc2ccc3OCOc3c2)OCc4ccccc4-c5c(C1=O)n(C)c6ccccc56'],,,,,
3765,BRD-K25150581,['12179987'],['COc1ccc2nc(sc2c1)c3ccc(F)cc3'],,,,,
3766,BRD-K25159388,['54657567'],['COc1ccc(CN2C[C@H](O)COC[C@H]3O[C@H](CC(=O)NCCN4CCCC4)CC[C@H]23)cc1'],,,,,
3767,BRD-K25161260,['60185109'],['CN(C)CC(=O)N1C[C@H]2N[C@@H](C1)[C@H]2c1ccc(cc1)-c1cccc(C)c1'],,,,,
3768,BRD-K25164076,['54649311'],['CO[C@H](CN(C)Cc1cc(F)ccc1F)[C@H](C)CN([C@@H](C)CO)S(=O)(=O)c1ccc(F)cc1'],,,,,
3769,BRD-K25165092,['54639091'],['OC[C@@H]1O[C@H](CC(=O)N2CCC(Cc3ccccc3)CC2)CC[C@H]1NC(=O)CCN1CCCCC1'],,,,,
3770,BRD-K25193669,['54666600'],['CN(C)CC#Cc1ccc(cc1)[C@H]1[C@@H](CO)N2CCCCN(C[C@H]12)C(=O)Nc1ccccc1F'],,,,,
3771,BRD-K25198488,['54631576'],['CO[C@H]1CN(C)C(=O)c2cc(NC(=O)c3cccc(OC)c3)ccc2OC[C@H](C)NC[C@H]1C'],,,,,
3772,BRD-K25199340,['54651436'],['COCC(=O)N(C[C@@H]1[C@H]([C@@H](CO)N1C(=O)NC(C)C)c1ccccc1)C(C)C'],,,,,
3773,BRD-K25214457,['54614231'],['C[C@@H](CO)N1C[C@@H](C)[C@H](CN(C)Cc2ccc(cc2)C(F)(F)F)Oc3ccc(NC(=O)Nc4ccccc4)cc3CC1=O'],,,,,
3774,BRD-K25228014,['60184832'],['CN(C)C(=O)c1cccc(c1)-c1ccc(cc1)[C@@H]1[C@@H]2CNC[C@H]1N2S(=O)(=O)Cc1ccccc1'],,,,,
3775,BRD-K25234731,['54638896'],['C[C@H](NC(=O)C[C@H]1CC[C@@H](NC(=O)c2cccnc2)[C@@H](CO)O1)c1ccccc1'],,,,,
3776,BRD-K25237268,['54646610'],['OC[C@H]1O[C@@H](CC(=O)N2CCc3ccccc3C2)C[C@H]4[C@@H]1Oc5ccc(NC(=O)c6cccnc6)cc45'],,,,,
3777,BRD-K25249292,['54631720'],['CO[C@@H]1CN(C)C(=O)c2ccc(NC(=O)Cc3ccccc3)cc2OC[C@@H](C)N(C[C@H]1C)C(=O)c1ccccc1F'],,,,,
3778,BRD-K25255972,['60189681'],['COc1ccc(NC(=O)N2CC[C@@]3(CC2)CN([C@H](CO)c2[nH]c4cc(OC)ccc4c32)C(=O)CN2CCOCC2)cc1'],,,,,
3779,BRD-K25277218,['54654394'],['CCS(=O)(=O)Nc1ccc2OC[C@@H]3O[C@H](CC(=O)NCCOC)CC[C@H]3N(C)C(=O)c2c1'],,,,,
3780,BRD-K25295874,['54652503'],['COc1ccccc1NC(=O)N1C[C@H]2[C@H]([C@H](CO)N2Cc2ccc3OCOc3c2)c2ccccc12'],,,,,
3781,BRD-K25298364,['60185086'],['CCS(=O)(=O)N1CC[C@@]2(CC1)CN[C@@H](CO)c1[nH]c3cc(OC)ccc3c21'],,,,,
3782,BRD-K25298922,['60190217'],['COc1ccc2c3c([nH]c2c1)[C@@H](CO)N(C)C[C@]31CCN(CC1)C(=O)CN(C)C'],,,,,
3783,BRD-K25300451,['54650036'],['CCS(=O)(=O)N1[C@H](CO)[C@@H]([C@@H]1C#N)c1ccc(cc1)-c1cccc(F)c1'],,,,,
3784,BRD-K25348850,['44505040'],['C[C@H](CO)N1C[C@H](C)[C@H](CN(C)Cc2cccc(O)c2)OCc3cn(CCCC1=O)nn3'],,,,,
3785,BRD-K25351202,['44620614'],['C[C@H](CO)N1C[C@@H](C)[C@H](CN(C)CC2CC2)OCCCC[C@@H](C)Oc3ccc(NS(=O)(=O)c4ccccc4)cc3C1=O'],,,,,
3786,BRD-K25354424,['56835495'],['C[C@@H](CO)N1C[C@@H](C)[C@H](CN(C)S(=O)(=O)c2cn(C)cn2)OCc3ccccc3-c4ccccc4C1=O'],,,,,
3787,BRD-K25362512,['54650017'],['OC[C@@H]1N[C@@H](C#N)[C@@H]1c1ccc(cc1)-c1cccc(F)c1'],,,,,
3788,BRD-K25373946,['3235166'],['CN(Cc1ccco1)c2ncnc3ccc(cc23)c4ccccc4Cl'],,,,,
3789,BRD-K25375605,['4758367'],['COc1ccc(\\C=C2/SC(=S)N(CCCC(=O)Nc3ccc(C(O)=O)c(O)c3)C2=O)cc1OC'],,,,,
3790,BRD-K25379780,['54649414'],['CC(C)(C)[S@](=O)N1Cc2cc(nc(c2[C@@H]1CCO)-c1cccc(c1)-c1ccncc1)C(=O)NCc1ccccc1F'],,,,,
3791,BRD-K25380050,['54652550'],['CC(=O)N1[C@@H](CO)[C@@H]2[C@H]1CN(c1ccccc21)S(=O)(=O)c1ccc(F)cc1'],,,,,
3792,BRD-K25385069,['54637840'],['COc1ccc(CNC(=O)N(C)C[C@H]2OCc3ccccc3-c4c(C(=O)N(C[C@@H]2C)[C@H](C)CO)n(C)c5ccccc45)cc1'],,,,,
3793,BRD-K25388406,['54647490'],['CN(C)CC(=O)Nc1ccc2O[C@H]3[C@H](C[C@@H](CC(=O)NCc4ccc5OCOc5c4)O[C@H]3CO)c2c1'],,,,,
3794,BRD-K25420921,['54637857'],['C[C@@H](CO)N1C[C@@H](C)[C@@H](CN(C)Cc2ccc3OCOc3c2)OCc4ccccc4-c5ccccc5C1=O'],,,,,
3795,BRD-K25423005,['60192180'],['OC[C@H]1[C@H](c2ccccc2)C2(CN(C2)C(=O)c2ccncc2)N1C(=O)CC1CC1'],,,,,
3796,BRD-K25427024,['54638231'],['OC[C@H]1O[C@H](CC(=O)N2CCOCC2)C=C[C@H]1NC(=O)NC1CCCCC1'],,,,,
3797,BRD-K25436320,['44485182'],['C[C@H](CO)N1C[C@H](C)[C@@H](CN(C)Cc2ccc(cc2)c3ccccc3)Oc4ccc(NS(=O)(=O)C)cc4CC1=O'],,,,,
3798,BRD-K25441114,['54618534'],['COCC(=O)N(C)C[C@H]1Oc2cc(ccc2S(=O)(=O)N(C[C@@H]1C)[C@H](C)CO)c3ccccc3F'],,,,,
3799,BRD-K25460880,['23612550'],['COc1ccc(cc1)C2(CC2)C(=O)N3CCC(CC3)n4nc(oc4=O)c5ccccc5'],,,,,
3800,BRD-K25469705,['54646471'],['C[C@H](NC(=O)C[C@@H]1C[C@@H]2[C@@H](Oc3ccc(NC(=O)C4CCOCC4)cc23)[C@H](CO)O1)c5ccccc5'],,,,,
3801,BRD-K25471349,['54658076'],['CCCNC(=O)N1C[C@@H](O)COC[C@@H]2O[C@@H](CC(=O)N[C@H]3CCN(Cc4ccccc4)C3)CC[C@@H]12'],,,,,
3802,BRD-K25473383,['54638026'],['C[C@H](CO)N1C[C@@H](C)[C@@H](CN(C)Cc2cccc(F)c2)OCc3ccccc3-c4ccccc4C1=O'],,,,,
3803,BRD-K25481209,['54631586'],['CCCC(=O)Nc1ccc2OC[C@H](C)N(CC3CCCC3)C[C@@H](C)[C@@H](CN(C)C(=O)c2c1)OC'],,,,,
3804,BRD-K25496062,['44616413'],['CC(C)NC(=O)Nc1ccc2O[C@H](C)CCCCO[C@@H](CN(C)C(=O)C3CCCCC3)[C@H](C)CN([C@H](C)CO)C(=O)c2c1'],,,,,
3805,BRD-K25510697,['60185082'],['COc1cccc(c1)-c1ccc(cc1)[C@H]1[C@H]2CN(C[C@@H]1N2)S(=O)(=O)c1cn(C)cn1'],,,,,
3806,BRD-K25522720,['1400698'],['COc1ccc(cc1)c2nnc(SCC(=O)c3ccc(O)c(O)c3)n2CC=C'],,,,,
3807,BRD-K25525438,['54631636'],['CO[C@H]1CN(C)C(=O)c2ccc(NC(=O)C3CCOCC3)cc2OC[C@@H](C)N(C[C@H]1C)C(=O)c1ccccc1'],,,,,
3808,BRD-K25536815,['49835916'],['COc1ccc(C)cc1-n1c(C)cc(\\C=C2\\S\\C(=N\\C)N(C)C2=O)c1C'],,,,,
3809,BRD-K25539387,['60192186'],['OC[C@H]1[C@@H](c2ccccc2)C2(CN(Cc3cncnc3)C2)N1C(=O)C1CC1'],,,,,
3810,BRD-K25542589,['56835321'],['C[C@@H](CO)N1C[C@H](C)[C@@H](CN(C)C(=O)N[C@@H](C)c2ccccc2)OCc3ccccc3-c4c(C1=O)n(C)c5ccccc45'],,,,,
3811,BRD-K25556383,['60191305'],['COCC(=O)N1C[C@@H]2[C@@H]([C@@H](CO)N2C(=O)C1)c1ccc(cc1)-c1ccncc1'],,,,,
3812,BRD-K25560306,['56835445'],['C[C@@H](CO)N1C[C@H](C)[C@H](CN(C)C(=O)[C@@H](Cc2ccccc2)N(C)C)OCc3ccccc3-c4ccccc4C1=O'],,,,,
3813,BRD-K25564095,['56835442'],['C[C@@H](CO)N1C[C@H](C)[C@H](CN(C)C(=O)c2ccc(F)cc2)OCc3ccccc3-c4ccccc4C1=O'],,,,,
3814,BRD-K25565604,['44491029'],['CNC[C@@H]1Oc2ccc(NS(=O)(=O)c3ccccc3)cc2CC(=O)N(C[C@H]1C)[C@@H](C)CO'],,,,,
3815,BRD-K25566775,['54645993'],['OC[C@@H]1O[C@@H](CC(=O)N2CCc3ccccc3C2)C[C@H]4[C@@H]1Oc5ccc(NS(=O)(=O)c6ccc(F)cc6)cc45'],,,,,
3816,BRD-K25583560,['54618602'],['C[C@@H](CO)N1C[C@H](C)[C@H](CN(C)C(=O)C2CCCCC2)Oc3cc(C#CCN(C)C)ccc3S1(=O)=O'],,,,,
3817,BRD-K25585643,['71759117'],['CCC(=O)N1C[C@@]2(C1)CN(Cc1cccc(Cl)c1)[C@H](CO)c1[nH]c3cc(OC)ccc3c21'],,,,,
3818,BRD-K25604127,['44619638'],['CC(C)NC(=O)Nc1ccc2O[C@H](C)CCCCO[C@H](CN(C)CC3CCCCC3)[C@H](C)CN([C@@H](C)CO)C(=O)c2c1'],,,,,
3819,BRD-K25608435,['44484104'],['C[C@H](CO)N1C[C@H](C)[C@H](CN(C)Cc2ccc(cc2)c3ccccc3)Oc4ccc(NC(=O)c5ccncc5)cc4C1=O'],,,,,
3820,BRD-K25624315,['60190174'],['CN(C)CC(=O)N1[C@H](CO)[C@@H](c2ccccc2)C11CN(CC2CCOCC2)C1'],,,,,
3821,BRD-K25631986,['44485755'],['C[C@@H](CO)N1C[C@@H](C)[C@@H](CN(C)C(=O)Nc2ccc(cc2)N3CCN(C)CC3)OCc4cnnn4CCCC1=O'],,,,,
3822,BRD-K25642832,['54666442'],['OC[C@@H]1[C@@H]([C@H]2CN(CCCCN12)S(=O)(=O)c1ccc(F)cc1)c1ccc(cc1)-c1cncnc1'],,,,,
3823,BRD-K25644061,['54639048'],['COc1cccc(CNC(=O)C[C@H]2CC[C@H](NC(C)=O)[C@@H](CO)O2)c1'],,,,,
3824,BRD-K25646871,['54638235'],['OC[C@H]1O[C@H](CC(=O)N2CCOCC2)C=C[C@@H]1NC(=O)NC1CCCCC1'],,,,,
3825,BRD-K25682970,['60185272'],['CN(C)C(=O)c1cccc(c1)-c1ccc(cc1)[C@@H]1[C@@H]2CNC[C@H]1N2S(=O)(=O)c1ccccc1F'],,,,,
3826,BRD-K25688236,['54638887'],['Cc1ccccc1S(=O)(=O)NCC[C@H]1CC[C@@H](NS(=O)(=O)c2ccccc2C)[C@@H](CO)O1'],,,,,
3827,BRD-K25701726,['412800'],['C[N+](C)(C)CC(=O)c1ccc(O)c(O)c1'],,,,,
3828,BRD-K25706980,['54660670'],['OC[C@@H]1[C@H]2Cn3c(ccc(-c4ccncc4)c3=O)[C@@H]([C@H]1C(=O)NCC1CC1)N2Cc1nccs1'],,,,,
3829,BRD-K25708438,['44489132'],['C[C@@H](CO)N1C[C@@H](C)[C@H](CN(C)Cc2ccc(Cl)c(Cl)c2)Oc3c(NS(=O)(=O)C)cccc3C1=O'],,,,,
3830,BRD-K25719068,['44490262'],['C[C@H](CO)N1C[C@H](C)[C@H](CN(C)C(=O)Nc2ccccc2)OCCCC[C@@H](C)Oc3ccc(NC(=O)C4CCCCC4)cc3C1=O'],,,,,
3831,BRD-K25731886,['23892255'],['COC(=O)CCCCCCC(=O)N/N=C/[C@@H](O)[C@H](O)[C@H](O)CO'],,,,,
3832,BRD-K25734452,['54646560'],['COc1cccc(c1)S(=O)(=O)Nc2ccc3O[C@H]4[C@H](C[C@@H](CC(=O)N5CCCCC5)O[C@@H]4CO)c3c2'],,,,,
3833,BRD-K25736729,['54661066'],['OC[C@H]1[C@@H]2Cn3c(ccc(-c4ccncc4)c3=O)[C@@H]2N(Cc2ccncc2)[C@@H]1C(=O)NCC(F)(F)F'],,,,,
3834,BRD-K25743534,['44487692'],['CC(C)NC(=O)Nc1ccc2O[C@@H](CN(C)C(=O)Nc3cccc4ccccc34)[C@H](C)CN([C@H](C)CO)C(=O)c2c1'],,,,,
3835,BRD-K25761622,['54660898'],['OC[C@H]1[C@@H]2Cn3c(ccc(C4=CCCCC4)c3=O)[C@H]([C@@H]1C(=O)N1CCCCC1)N2Cc1nccs1'],,,,,
3836,BRD-K25765811,['54653986'],['CN1[C@@H]2CC[C@H](CC(=O)NCCc3ccncc3)O[C@H]2COc2ccc(NC(=O)Nc3ccccc3F)cc2C1=O'],,,,,
3837,BRD-K25768791,['54651310'],['CN(C[C@H]1[C@H]([C@H](CO)N1C(=O)C1CCC1)c1ccccc1)C(=O)c1ccccn1'],,,,,
3838,BRD-K25774147,['17425317'],['COc1ccc(C)cc1n2nnnc2SCc3nc(N)nc(n3)N(C)C'],,,,,
3839,BRD-K25775504,['60190941'],['CS(=O)(=O)N1C[C@H]2[C@H]([C@H](CO)N2C(=O)C1)c1ccc(cc1)C#Cc1ccc(F)cc1'],,,,,
3840,BRD-K25776214,['60185164'],['COc1ccc2c3c([nH]c2c1)[C@@H](CO)N(C[C@]31CN(C)C1)C(=O)c1ccncc1'],,,,,
3841,BRD-K25784575,['46907712'],['NC(=O)C1CCN(CC1)c1ncc(Br)cn1'],,,,,
3842,BRD-K25789307,['54654304'],['CCNC(=O)Nc1ccc2OC[C@H]3O[C@@H](CC(=O)N[C@H](C)c4ccccc4)CC[C@H]3N(C)C(=O)c2c1'],,,,,
3843,BRD-K25799352,['54661434'],['COC(=O)[C@@H]1[C@@H](CO)[C@@H]2Cn3c(ccc(-c4cccnc4)c3=O)[C@@H]2N1Cc1cccc(F)c1'],,,,,
3844,BRD-K25804113,['54664812'],['COc1ccc(cc1)C#Cc1ccc2N(C)[C@H](CO)[C@H]3CCN([C@H]3c2c1)C(=O)Nc1ccc(cc1)C(F)(F)F'],,,,,
3845,BRD-K25807578,['60191085'],['CC(C)CC#Cc1ccc(cc1)[C@@H]1[C@@H](CO)N2[C@@H]1CN(CC2=O)C(=O)c1cccc(F)c1'],,,,,
3846,BRD-K25822929,['54652548'],['COCC(=O)N1C[C@@H]2[C@@H]([C@@H](CO)N2Cc2ccccc2)c2ccccc12'],,,,,
3847,BRD-K25827371,['60184958'],['Cn1cnc(c1)S(=O)(=O)N1C[C@H]2N[C@@H](C1)[C@@H]2c1ccc(cc1)-c1ccccc1F'],,,,,
3848,BRD-K25828886,['60190041'],['COc1ccc2c3c([nH]c2c1)[C@@H](CO)N(C[C@]31CN(C1)C(=O)c1ccccc1)C(=O)CC1CC1'],,,,,
3849,BRD-K25835021,['44537709'],['Fc1ccc2nc(SCC(=O)Nc3ccc4CCCc4c3)n(-c3ccccc3)c(=O)c2c1'],,,,,
3850,BRD-K25835363,['44483661'],['C[C@@H](CO)N1C[C@H](C)[C@H](CN(C)Cc2ccc(cc2)C(=O)O)Oc3ccc(NC(=O)Cc4ccccc4)cc3C1=O'],,,,,
3851,BRD-K25866499,['54650149'],['CC(C)C#Cc1ccc(cc1)[C@@H]1[C@H](CO)N([C@@H]1C#N)C(=O)c1cccc(F)c1'],,,,,
3852,BRD-K25866514,['54654434'],['CN1[C@H]2CC[C@H](CC(=O)N[C@@H]3CCN(Cc4ccccc4)C3)O[C@H]2COc2ccc(NC(=O)Cc3cccs3)cc2C1=O'],,,,,
3853,BRD-K25866746,['54666630'],['OC[C@H]1[C@@H]([C@@H]2CN(CCCCN12)S(=O)(=O)c1ccccc1)c1ccc(cc1)C#CC1CCCC1'],,,,,
3854,BRD-K25870200,['54615061'],['C[C@H](CO)N1C[C@@H](C)[C@@H](CN(C)CC2CC2)OCCCC[C@@H](C)Oc3ccc(NC(=O)c4ccccc4)cc3C1=O'],,,,,
3855,BRD-K25878320,['56835548'],['C[C@H](CO)N1C[C@@H](C)[C@H](CN(C)C(=O)C)OCc2ccccc2-c3ccccc3C1=O'],,,,,
3856,BRD-K25884242,['5132371'],['CNc1nc(N)c(c(Nc2ccc(Cl)cc2)n1)[N+]([O-])=O'],,,,,
3857,BRD-K25899698,['60191404'],['CS(=O)(=O)N1C[C@@H]2[C@H]([C@@H](CO)N2C(=O)C1)c1ccc(cc1)C#CCC1CCCC1'],,,,,
3858,BRD-K25902954,['44497328'],['CC(C)NC(=O)Nc1ccc2O[C@H](C)CCCCO[C@H](CN(C)CC3CCCCC3)[C@@H](C)CN([C@@H](C)CO)C(=O)c2c1'],,,,,
3859,BRD-K25940840,['54657946'],['CN(C)C(=O)C[C@@H]1CC[C@@H]2[C@H](COC[C@@H](O)CN2C(=O)c2ccncc2)O1'],,,,,
3860,BRD-K25955619,['54639138'],['OC[C@H]1O[C@@H](CC(=O)Nc2ccc(cc2)-c2ccccc2)CC[C@H]1NC(=O)Cc1cccnc1'],,,,,
3861,BRD-K25963301,['54657882'],['COc1cccc(c1)S(=O)(=O)N1C[C@@H](O)COC[C@@H]2O[C@@H](CC(=O)NCCCN3CCOCC3)CC[C@@H]12'],,,,,
3862,BRD-K25970159,['54646716'],['OC[C@H]1O[C@@H](CC(=O)NCc2ccc(Cl)cc2)C[C@@H]3[C@H]1Oc4ccc(NC(=O)CC5CC5)cc34'],,,,,
3863,BRD-K25979535,['1037728'],['CCOc1ccc(cc1)\\N=c1/scc(-c2ccc(C)c(C)c2)n1CC'],,,,,
3864,BRD-K25979847,['60190205'],['OC[C@@H]1[C@@H](c2ccccc2)C2(CN(Cc3nccs3)C2)N1CC1CCOCC1'],,,,,
3865,BRD-K25980346,['44504116'],['C[C@H](CO)N1C[C@@H](C)[C@@H](CN(C)S(=O)(=O)C)Oc2ccc(NC(=O)Nc3ccc(cc3)C(F)(F)F)cc2CC1=O'],,,,,
3866,BRD-K25989007,['54651235'],['CC(C)NC(=O)N1[C@@H](CO)[C@@H]([C@H]1CN(C)C(=O)c1ccccc1)c1ccccc1'],,,,,
3867,BRD-K25989885,['54664970'],['OC[C@@H]1Nc2ccc(cc2[C@@H]2[C@H]1CCN2C(=O)C1CCCCC1)-c1ccc(cc1)C#N'],,,,,
3868,BRD-K25990552,['44490005'],['C[C@H](CO)N1C[C@@H](C)[C@H](CN(C)C(=O)NC2CCCCC2)Oc3ccc(NC(=O)C4CCCCC4)cc3C1=O'],,,,,
3869,BRD-K25991217,['54654605'],['CN1[C@H]2CC[C@H](CC(=O)NCCc3ccncc3)O[C@H]2COc2ccc(NC(=O)Cc3cccs3)cc2C1=O'],,,,,
3870,BRD-K25991572,['44486386'],['CC(C)NC(=O)Nc1ccc2O[C@@H](C)CCCCO[C@H](CN(C)C(=O)c3ccncc3)[C@H](C)CN([C@@H](C)CO)C(=O)c2c1'],,,,,
3871,BRD-K25994126,['54645954'],['OC[C@@H]1O[C@H](CC(=O)NC2CCCC2)C[C@H]3[C@@H]1Oc4ccc(NC(=O)C5CCC5)cc34'],,,,,
3872,BRD-K25997353,['44496475'],['CNC[C@H]1OCCCC[C@H](C)Oc2ccc(NC(=O)CCCN(C)C)cc2C(=O)N(C[C@@H]1C)[C@H](C)CO'],,,,,
3873,BRD-K26003427,['54638398'],['CN(C)C(=O)C[C@H]1O[C@H](CO)[C@H](NC(=O)c2ccc(F)cc2)C=C1'],,,,,
3874,BRD-K26038019,['54638508'],['CC(C)NC(=O)N[C@@H]1C=C[C@@H](CC(=O)NC2Cc3ccccc3C2)O[C@@H]1CO'],,,,,
3875,BRD-K26041656,['54657924'],['O[C@@H]1COC[C@@H]2O[C@@H](CC(=O)NC3CCC3)CC[C@H]2N(C1)C(=O)Nc1ccc(Cl)c(Cl)c1'],,,,,
3876,BRD-K26045715,['54651414'],['OC[C@H]1[C@H]([C@H](CNCC2CCC2)N1CC1CC1)c1ccccc1'],,,,,
3877,BRD-K26048285,['2817045'],['Cc1cc(C)c2c3NC(=O)CN(C(=O)c3sc2n1)c4ccccc4C'],,,,,
3878,BRD-K26051610,['60184988'],['FC(F)(F)c1ccc(NC(=O)N2C[C@H]3N[C@@H](C2)[C@@H]3c2ccc(cc2)-c2cccc(c2)C#N)cc1'],,,,,
3879,BRD-K26053980,['54654306'],['CCNC(=O)Nc1ccc2OC[C@H]3O[C@H](CC(=O)N[C@H](C)c4ccccc4)CC[C@@H]3N(C)C(=O)c2c1'],,,,,
3880,BRD-K26066252,['60190218'],['COc1ccc2c3c([C@H](CO)N(CC4CC4)C[C@]33CN(C3)C(=O)CC3CC3)n(C)c2c1'],,,,,
3881,BRD-K26069906,['54652685'],['OC[C@H]1[C@@H]2[C@@H](CN(C(=O)C3CCOCC3)c3ccccc23)N1C(=O)Cc1ccccc1'],,,,,
3882,BRD-K26077185,['54646483'],['C[C@@H](NC(=O)C[C@H]1C[C@H]2[C@H](Oc3ccc(NC(=O)C4CCOCC4)cc23)[C@H](CO)O1)c5ccccc5'],,,,,
3883,BRD-K26095155,['54646345'],['COc1ccc(NC(=O)Nc2ccc3O[C@@H]4[C@@H](C[C@@H](CC(=O)N5CCN(C)CC5)O[C@H]4CO)c3c2)cc1'],,,,,
3884,BRD-K26119753,['60184001'],['COc1ccc2c3c([nH]c2c1)[C@@H](CO)N(C[C@]31CCN(Cc2cc(F)ccc2F)CC1)C(=O)Nc1ccc(F)cc1'],,,,,
3885,BRD-K26127000,['54639125'],['CN1CCN(CC1)C(=O)C[C@@H]1O[C@@H](CO)[C@H](NS(=O)(=O)c2cccc(F)c2)C=C1'],,,,,
3886,BRD-K26128727,['54638976'],['COc1ccccc1NC(=O)N[C@@H]1CC[C@H](CCNS(=O)(=O)c2ccccc2)O[C@H]1CO'],,,,,
3887,BRD-K26130452,['60190059'],['C\\C=C\\c1ccc(cc1)[C@H]1[C@@H](CO)N(CC2CC2)C11CN(C1)C(=O)c1ccc2OCOc2c1'],,,,,
3888,BRD-K26148755,['54660909'],['OC[C@H]1[C@@H]2Cn3c(ccc(-c4ccncc4)c3=O)[C@H]([C@@H]1C(O)=O)N2C(=O)C1CC1'],,,,,
3889,BRD-K26150272,['60189890'],['C\\C=C\\c1ccc(cc1)[C@H]1[C@@H](CO)N(C(=O)c2cnccn2)C11CN(C1)C(C)=O'],,,,,
3890,BRD-K26160061,['4780551'],['Cc1ccc(OCCOc2ccc(Cl)cc2Cl)c(n1)[N+](=O)[O-]'],,,,,
3891,BRD-K26160077,['54654351'],['COC(=O)C[C@H]1CC[C@@H]2[C@H](COc3ccc(NC(=O)c4cccc(Cl)c4)cc3C(=O)N2C)O1'],,,,,
3892,BRD-K26173688,['54638291'],['C[C@H](NC(=O)C[C@@H]1O[C@@H](CO)[C@H](NC(=O)Cc2ccccn2)C=C1)c1ccccc1'],,,,,
3893,BRD-K26193607,['54657515'],['O[C@@H]1COC[C@@H]2O[C@@H](CC(=O)NCC3CCCCC3)CC[C@H]2N(CCC(F)(F)F)C1'],,,,,
3894,BRD-K26199553,['54661282'],['OC[C@H]1[C@@H]2Cn3c(ccc(-c4cncnc4)c3=O)[C@@H]2N([C@@H]1C(=O)NCC1CC1)C(=O)NC1CCCC1'],,,,,
3895,BRD-K26205424,['54646724'],['COc1cccc(c1)S(=O)(=O)Nc2ccc3O[C@H]4[C@H](C[C@@H](CC(=O)NCc5ccc(Cl)cc5)O[C@H]4CO)c3c2'],,,,,
3896,BRD-K26211296,['44460136'],['COc1ccccc1-c1nnc(SCC#CCOC(=O)c2ccc(F)cc2)o1'],,,,,
3897,BRD-K26212796,['54646454'],['OC[C@@H]1O[C@H](CC(=O)NCc2cccc(F)c2)C[C@@H]3[C@H]1Oc4ccc(NC(=O)C5CCC5)cc34'],,,,,
3898,BRD-K26214610,['60192675'],['OC[C@@H]1[C@@H]([C@@H]2CN(CC(=O)N12)C(=O)C1CCCCC1)c1ccc(cc1)-c1ccc(cc1)C#N'],,,,,
3899,BRD-K26214776,['54618653'],['CCCN(C)C[C@@H]1Oc2ncc(cc2C(=O)N(C[C@@H]1C)[C@@H](C)CO)c3ccccc3'],,,,,
3900,BRD-K26233379,['60138094'],['Brc1ccc2oc(NC3=NC4=C(C(=O)CCC4)C4(CCCC4)N3)nc2c1'],,,,,
3901,BRD-K26252750,['54660862'],['OC[C@@H]1[C@H]2Cn3c(ccc(C4=CCCCC4)c3=O)[C@@H]([C@H]1C(O)=O)N2C(=O)Cc1ccccn1'],,,,,
3902,BRD-K26257340,['25161537'],['Cc1c(cccc1[N+](=O)[O-])C(=O)NNC(=O)c2csc(n2)N3CCOCC3'],,,,,
3903,BRD-K26258603,['44495000'],['CC(C)NC(=O)N(C)C[C@H]1OCCCC[C@H](C)Oc2ccc(NC(=O)Cc3ccccc3)cc2C(=O)N(C[C@@H]1C)[C@H](C)CO'],,,,,
3904,BRD-K26273696,['44486963'],['C[C@@H](CO)N1C[C@H](C)[C@H](CN(C)C(=O)Oc2ccc(C)cc2)OCc3cn(CCCC1=O)nn3'],,,,,
3905,BRD-K26277326,['54649468'],['CN(C)C(=O)c1ccc(cc1)-c1cccc(c1)-c1nc(cc2CN([C@@H](CCO)c12)[S@@](=O)C(C)(C)C)C(=O)NC1CCCC1'],,,,,
3906,BRD-K26298689,['54632046'],['CO[C@@H]1CN(C)C(=O)c2ccc(NC(=O)C3CCCC3)cc2OC[C@@H](C)N(C[C@H]1C)C(=O)CC1CC1'],,,,,
3907,BRD-K26301430,['56835203'],['CO[C@H](C(=O)N(C)C[C@@H]1OCc2ccccc2-c3ccccc3C(=O)N(C[C@H]1C)[C@@H](C)CO)c4ccccc4'],,,,,
3908,BRD-K26304855,['46907611'],['Cn1c2ccccc2c(OCCCC(=O)Nc2cc(ccn2)C(F)(F)F)cc1=O'],,,,,
3909,BRD-K26309991,['54618444'],['COc1cccc(NC(=O)N(C)C[C@@H]2Oc3ncc(C#Cc4ccncc4)cc3C(=O)N(C[C@H]2C)[C@@H](C)CO)c1'],,,,,
3910,BRD-K26319806,['54631561'],['CO[C@H]1CN(C)C(=O)c2cc(NC(C)=O)ccc2OC[C@@H](C)N(C[C@@H]1C)S(=O)(=O)c1cn(C)cn1'],,,,,
3911,BRD-K26327304,['54638296'],['C[C@@H](NC(=O)C[C@H]1O[C@@H](CO)[C@H](NC(=O)Cc2ccccn2)C=C1)c1ccccc1'],,,,,
3912,BRD-K26350615,['54654380'],['CC(C)NC(=O)Nc1ccc2OC[C@H]3O[C@H](CC(=O)NCc4ccc(F)cc4)CC[C@H]3N(C)C(=O)c2c1'],,,,,
3913,BRD-K26359746,['60189781'],['COc1ccc2c3c([C@@H](CO)N(C[C@]33CCN(CC3)C(=O)C3CCOCC3)C(C)=O)n(C)c2c1'],,,,,
3914,BRD-K26362026,['44487676'],['C[C@H](CO)N1C[C@@H](C)[C@H](CN(C)Cc2ccc(Cl)c(Cl)c2)Oc3ccc(NC(=O)CCC(F)(F)F)cc3C1=O'],,,,,
3915,BRD-K26367064,['2466259'],['CN(C)S(=O)(=O)c1ccc(N2CCCC2)c(c1)C(=O)N1CCN(CC1)c1ccccc1'],,,,,
3916,BRD-K26370510,['54630622'],['CCCNC(=O)N(C)C[C@@H]1Oc2cc(ccc2S(=O)(=O)N(C[C@H]1C)[C@H](C)CO)C3=CCCCC3'],,,,,
3917,BRD-K26381032,['44497835'],['C[C@@H](CO)N1C[C@@H](C)[C@H](CN(C)CC2CC2)Oc3ccc(NC(=O)CCCCCC(=O)Nc4ccccc4N)cc3CC1=O'],,,,,
3918,BRD-K26391060,['54616115'],['C[C@@H](CO)N1C[C@H](C)[C@H](CN(C)Cc2ccc(cc2)C(F)(F)F)OCCCC[C@H](C)Oc3ccc(NC(=O)Nc4cccc5ccccc45)cc3C1=O'],,,,,
3919,BRD-K26399147,['54638912'],['OC[C@H]1O[C@@H](CCNS(=O)(=O)c2ccc(Cl)cc2)CC[C@H]1NC(=O)c1ccccn1'],,,,,
3920,BRD-K26425257,['54637759'],['C[C@H](CO)N1C[C@@H](C)[C@@H](CN(C)C(=O)Nc2ccccc2C(F)(F)F)OCc3ccccc3-c4ccccc4C1=O'],,,,,
3921,BRD-K26427778,['54637785'],['C[C@@H](CO)N1C[C@H](C)[C@@H](CN(C)Cc2cccnc2)OCc3ccccc3-c4ccccc4C1=O'],,,,,
3922,BRD-K26441788,['60189790'],['COc1ccc2c3c([nH]c2c1)[C@H](CO)N(C[C@]31CCN(Cc2ccccc2F)CC1)S(=O)(=O)c1cn(C)cn1'],,,,,
3923,BRD-K26449125,['54618467'],['C[C@@H](O)C#Cc1cnc2O[C@H](CN(C)C(=O)Cc3ccncc3)[C@H](C)CN([C@H](C)CO)C(=O)c2c1'],,,,,
3924,BRD-K26457096,['60192682'],['OC[C@@H]1[C@@H]([C@@H]2CN(Cc3ccc(F)cc3)CC(=O)N12)c1ccc(cc1)-c1ccccc1'],,,,,
3925,BRD-K26461874,['54631391'],['CCCNC(=O)Nc1ccc2OC[C@@H](C)N(Cc3ccc(cc3)-c3ccccn3)C[C@H](C)[C@@H](CN(C)C(=O)c2c1)OC'],,,,,
3926,BRD-K26484639,['54645891'],['CN(C)C(=O)C[C@@H]1C[C@H]2[C@H](Oc3ccc(NC(=O)Nc4ccc(F)cc4)cc23)[C@@H](CO)O1'],,,,,
3927,BRD-K26484692,['54657725'],['O[C@H]1CN[C@H]2CC[C@H](CC(=O)NCCN3CCCCC3)O[C@@H]2COC1'],,,,,
3928,BRD-K26499328,['54666639'],['OC[C@@H]1[C@@H]([C@@H]2CN(Cc3cncnc3)CCCCN12)c1ccc(cc1)-c1ccccc1F'],,,,,
3929,BRD-K26507936,['54631499'],['CO[C@H]1CN(C)C(=O)c2ccc(NC(=O)Nc3cc(F)ccc3F)cc2OC[C@@H](C)N(C[C@H]1C)C(=O)c1cnccn1'],,,,,
3930,BRD-K26508045,['54646779'],['COc1ccc(NC(=O)Nc2ccc3O[C@H]4[C@H](C[C@H](CC(=O)NCc5ccncc5)O[C@@H]4CO)c3c2)cc1'],,,,,
3931,BRD-K26511533,['54660648'],['OC[C@H]1[C@@H]2Cn3c(cccc3=O)[C@@H]2N[C@@H]1C(=O)NC1Cc2ccccc2C1'],,,,,
3932,BRD-K26522558,['60190091'],['COc1ccc2c3c([C@@H](CO)N(C)C[C@]33CCN(CC3)C(=O)c3ccc4OCOc4c3)n(C)c2c1'],,,,,
3933,BRD-K26526202,['54651362'],['CN(C[C@@H]1[C@@H]([C@H](CO)N1C(C)=O)c1ccccc1)S(=O)(=O)c1ccccc1'],,,,,
3934,BRD-K26537262,['54650026'],['OC[C@@H]1[C@H]([C@@H](C#N)N1C(=O)c1ccc2OCOc2c1)c1ccccc1'],,,,,
3935,BRD-K26542939,['54666479'],['OC[C@@H]1[C@@H]([C@@H]2CN(CCCCN12)C(=O)Nc1cc(F)ccc1F)c1ccc(cc1)C1=CCCCC1'],,,,,
3936,BRD-K26545050,['54637797'],['COc1ccc(NC(=O)N(C)C[C@H]2OCc3ccccc3-c4c(C(=O)N(C[C@H]2C)[C@@H](C)CO)n(C)c5ccccc45)c(OC)c1'],,,,,
3937,BRD-K26545157,['71760052'],['COc1ccc2c3c([C@@H](CO)N(C[C@]33CCN(Cc4ccncc4)CC3)C(=O)CN3CCOCC3)n(C)c2c1'],,,,,
3938,BRD-K26553253,['54626030'],['C[C@H](CO)N1C[C@@H](C)[C@H](CN(C)Cc2ccc(F)cc2)Oc3ncc(cc3C1=O)c4ccccc4F'],,,,,
3939,BRD-K26555669,['54631875'],['CO[C@@H]1CN(C)C(=O)c2cc(NS(=O)(=O)c3cccc(F)c3)ccc2OC[C@H](C)NC[C@H]1C'],,,,,
3940,BRD-K26576471,['54637977'],['C[C@@H](CO)N1C[C@@H](C)[C@@H](CN(C)C(=O)[C@H](C)c2ccccc2)OCc3ccccc3-c4ccccc4C1=O'],,,,,
3941,BRD-K26581628,['44505004'],['C[C@@H](CO)N1C[C@H](C)[C@@H](CN(C)C(=O)Nc2ccccc2)OCc3cn(CCCC1=O)nn3'],,,,,
3942,BRD-K26583430,['54657617'],['CN(C)C(=O)C[C@H]1CC[C@@H]2[C@H](COC[C@H](O)CN2C(=O)C2CCCC2)O1'],,,,,
3943,BRD-K26586614,['54665027'],['CCC(=O)N1CC[C@H]2[C@@H]1c1cc(ccc1N[C@@H]2CO)C#Cc1ccccc1'],,,,,
3944,BRD-K26594332,['54645906'],['CS(=O)(=O)Nc1ccc2O[C@@H]3[C@@H](C[C@@H](CC(=O)NCCc4ccccc4)O[C@H]3CO)c2c1'],,,,,
3945,BRD-K26604645,['54660791'],['OC[C@@H]1[C@H]2Cn3c(ccc(-c4cccnc4)c3=O)[C@H]2N[C@H]1C(=O)NCCN1CCCCC1'],,,,,
3946,BRD-K26606423,['54639060'],['N[C@H]1CC[C@H](CCn2cc(nn2)-c2ccccn2)O[C@@H]1CO'],,,,,
3947,BRD-K26622714,['54646472'],['C[C@H](NC(=O)C[C@@H]1C[C@H]2[C@H](Oc3ccc(NC(=O)C4CCOCC4)cc23)[C@@H](CO)O1)c5ccccc5'],,,,,
3948,BRD-K26626929,['54637711'],['C[C@@H](CO)N1C[C@H](C)[C@@H](CN(C)C(=O)Cc2ccccc2)OCc3ccccc3-c4ccccc4C1=O'],,,,,
3949,BRD-K26631510,['54657651'],['O[C@H]1COC[C@H]2O[C@H](CC(=O)NCc3ccncn3)CC[C@@H]2N(C1)S(=O)(=O)c1cccc(F)c1'],,,,,
3950,BRD-K26654895,['54664814'],['OC[C@@H]1Nc2ccc(cc2[C@H]2[C@@H]1CCN2C(=O)c1cccc(F)c1)-c1ccccc1F'],,,,,
3951,BRD-K26663582,['54632122'],['CO[C@H]1CN(C)C(=O)c2ccc(NC(=O)C3CC3)cc2OC[C@@H](C)N(Cc2ccncc2)C[C@@H]1C'],,,,,
3952,BRD-K26666618,['54645996'],['COc1cccc(c1)S(=O)(=O)Nc2ccc3O[C@H]4[C@H](C[C@@H](CC(=O)NC5CCCCC5)O[C@@H]4CO)c3c2'],,,,,
3953,BRD-K26667087,['54664829'],['OC[C@H]1Nc2ccc(cc2[C@H]2[C@@H]1CCN2Cc1ccncc1)-c1cccc(F)c1'],,,,,
3954,BRD-K26684619,['1432578'],['OC(=O)c1cccnc1Nc2ccc(Cl)cc2'],,,,,
3955,BRD-K26694002,['54652437'],['OC[C@@H]1[C@H]2[C@H](CN(C(=O)Nc3ccc(F)cc3)c3ccccc23)N1C(=O)c1cccnc1'],,,,,
3956,BRD-K26715911,['54660785'],['COc1ccc(cc1)-c1ccc2[C@H]3[C@@H](Cn2c1=O)[C@H](CO)[C@H](N3CC1CCCC1)C(=O)N(C)C'],,,,,
3957,BRD-K26727724,['60192240'],['CCCNC(=O)N1CC2(C1)[C@@H]([C@@H](CO)N2CC1CCOCC1)c1ccccc1'],,,,,
3958,BRD-K26755359,['54666636'],['OC[C@H]1[C@H]([C@H]2CN(Cc3cncnc3)CCCCN12)c1ccc(cc1)-c1ccccc1F'],,,,,
3959,BRD-K26759399,['54618629'],['CCCC#Cc1ccc2c(O[C@H](CN(C)C(=O)Nc3ccccc3F)[C@H](C)CN([C@@H](C)CO)S2(=O)=O)c1'],,,,,
3960,BRD-K26766547,['54652495'],['CC(C)NC(=O)N1C[C@H]2[C@H]([C@H](CO)N2Cc2ccccn2)c2ccccc12'],,,,,
3961,BRD-K26767475,['44142043'],['CN(Cc1ccco1)c2ncnc3ccc(cc23)c4ccc5n(C)ccc5c4'],,,,,
3962,BRD-K26772093,['71760370'],['COc1ccc2c3c([nH]c2c1)[C@@H](CO)N(CC1CC1)C[C@]31CN(Cc2cc(F)ccc2F)C1'],,,,,
3963,BRD-K26778237,['54625812'],['COc1ccccc1C#Cc2ccc3c(O[C@@H](CN(C)Cc4ccccc4)[C@@H](C)CN([C@H](C)CO)S3(=O)=O)c2'],,,,,
3964,BRD-K26779385,['56835216'],['C[C@@H](CO)N1C[C@H](C)[C@H](CN(C)C(=O)Nc2c(C)noc2C)OCc3ccccc3-c4ccccc4C1=O'],,,,,
3965,BRD-K26785978,['54646009'],['COC(=O)C[C@@H]1C[C@@H]2[C@@H](Oc3ccc(NC(=O)C4CCOCC4)cc23)[C@H](CO)O1'],,,,,
3966,BRD-K26792953,['54646671'],['OC[C@@H]1O[C@@H](CC(=O)NC2CCCCC2)C[C@H]3[C@@H]1Oc4ccc(NS(=O)(=O)c5ccc(F)cc5)cc34'],,,,,
3967,BRD-K26798591,['60184969'],['COc1ccc2c3c([C@H](CO)N(C[C@]33CN(C3)C(=O)Cc3ccncc3)C(=O)Nc3ccc(F)cc3)n(C)c2c1'],,,,,
3968,BRD-K26799408,['54646169'],['CN1CCN(CC1)C(=O)C[C@H]2C[C@H]3[C@H](Oc4ccc(NC(=O)C5CCC5)cc34)[C@H](CO)O2'],,,,,
3969,BRD-K26815099,['60138108'],['CCOc1ccc(CCNC(=O)C2CCCCC2)cc1OCC'],,,,,
3970,BRD-K26822808,['44490354'],['C[C@H](CO)N1C[C@H](C)[C@@H](CN(C)C(=O)CCC(F)(F)F)OCCCC[C@H](C)Oc2ccc(NS(=O)(=O)c3ccccc3)cc2C1=O'],,,,,
3971,BRD-K26831771,['49835932'],['CC\\N=C1\\S\\C(=C\\c2cc(C)n(c2C)-c2ccc(Cl)cc2F)C(=O)N1CC'],,,,,
3972,BRD-K26835110,['56835436'],['C[C@@H](CO)N1C[C@H](C)[C@H](CN(C)C(=O)[C@H](Cc2ccccc2)N(C)C)OCc3ccccc3-c4ccccc4C1=O'],,,,,
3973,BRD-K26840329,['54638479'],['C[C@@H](NC(=O)C[C@@H]1CC[C@@H](NS(=O)(=O)c2cccc(F)c2)[C@@H](CO)O1)c1ccccc1'],,,,,
3974,BRD-K26857129,['54631784'],['CO[C@H]1CN(C)C(=O)c2cc(NC(=O)Nc3ccccc3)ccc2OC[C@@H](C)N(C[C@@H]1C)C(=O)CC1CC1'],,,,,
3975,BRD-K26862028,['54638856'],['COc1cccc(c1)-c1cn(CC[C@H]2CC[C@@H](NS(=O)(=O)Cc3ccccc3)[C@@H](CO)O2)nn1'],,,,,
3976,BRD-K26862321,['54657910'],['O[C@@H]1CN[C@H]2CC[C@@H](CC(=O)Nc3nccs3)O[C@@H]2COC1'],,,,,
3977,BRD-K26886657,['54651318'],['CCC(=O)NC[C@H]1[C@@H]([C@H](CO)N1Cc1ccccn1)c1ccc(\\C=C\\C)cc1'],,,,,
3978,BRD-K26893932,['60185117'],['COc1ccc2c3c([C@H](CO)N(C)C[C@]33CN(CC4CC4)C3)n(C)c2c1'],,,,,
3979,BRD-K26899819,['54658212'],['O[C@H]1COC[C@@H]2O[C@@H](CC(=O)N3CCc4ccccc4C3)CC[C@H]2N(Cc2cc(F)ccc2F)C1'],,,,,
3980,BRD-K26903971,['54650008'],['OC[C@H]1[C@@H]([C@@H](C#N)N1S(=O)(=O)c1ccccc1)c1ccc(cc1)C1=CCCCC1'],,,,,
3981,BRD-K26906367,['25243784'],['Fc1cccc(F)c1S(=O)(=O)NCCNS(=O)(=O)c2ccc3OCCOc3c2'],,,,,
3982,BRD-K26909795,['54650183'],['CCCNC(=O)N1[C@@H](CO)[C@H]([C@@H]1C#N)c1ccc(cc1)C1=CCCCC1'],,,,,
3983,BRD-K26924060,['54638407'],['COc1ccccc1NC(=O)N[C@H]1CC[C@H](CC(=O)NCc2ccc(Cl)c(Cl)c2)O[C@H]1CO'],,,,,
3984,BRD-K26945408,['54666533'],['Cc1cccc(c1)-c1ccc(cc1)[C@H]1[C@@H](CO)N2CCCCN(C[C@H]12)S(=O)(=O)c1ccccc1F'],,,,,
3985,BRD-K26947839,['81131'],['CC(=O)c1ccc2Sc3ccccc3Nc2c1'],,,,,
3986,BRD-K26952068,['54651233'],['CCNC[C@@H]1[C@@H]([C@H](CO)N1C(=O)Cc1ccccn1)c1ccccc1'],,,,,
3987,BRD-K26962314,['54654063'],['CN(C)CCCNC(=O)C[C@@H]1CC[C@H]2[C@@H](COc3ccc(NS(C)(=O)=O)cc3C(=O)N2C)O1'],,,,,
3988,BRD-K26968982,['44616886'],['C[C@@H](CO)N1C[C@H](C)[C@@H](CN(C)S(=O)(=O)c2ccccc2)OCCCC[C@@H](C)Oc3ccc(NC(=O)Nc4ccc(cc4)C(F)(F)F)cc3C1=O'],,,,,
3989,BRD-K27005217,['54650170'],['C\\C=C\\c1ccc(cc1)[C@H]1[C@@H](CO)N([C@H]1C#N)C(=O)c1cccnc1'],,,,,
3990,BRD-K27006579,['54654368'],['CN1CCN(CC1)C(=O)C[C@H]1CC[C@@H]2[C@@H](COc3ccc(NC(=O)C4CCOCC4)cc3C(=O)N2C)O1'],,,,,
3991,BRD-K27009196,['54625159'],['C[C@H](CO)N1C[C@H](C)[C@@H](CN(C)Cc2ccc3OCOc3c2)Oc4cc(C#CCN(C)C)ccc4S1(=O)=O'],,,,,
3992,BRD-K27014041,['44488065'],['C[C@H](CO)N1C[C@@H](C)[C@@H](CN(C)Cc2ccc(cc2)C(=O)O)Oc3c(NC(=O)Nc4cccc5ccccc45)cccc3C1=O'],,,,,
3993,BRD-K27049144,['54654419'],['CCS(=O)(=O)Nc1ccc2OC[C@@H]3O[C@H](CC(=O)N[C@H]4CCN(Cc5ccccc5)C4)CC[C@@H]3N(C)C(=O)c2c1'],,,,,
3994,BRD-K27064849,['44501750'],['C[C@@H](CO)N1C[C@H](C)[C@@H](CN(C)Cc2ccc(cc2)C(F)(F)F)Oc3ccc(NC(=O)Nc4cccc5ccccc45)cc3CC1=O'],,,,,
3995,BRD-K27066819,['54646186'],['COc1ccccc1CNC(=O)C[C@H]2C[C@H]3[C@H](Oc4ccc(NS(=O)(=O)c5ccc(F)cc5)cc34)[C@@H](CO)O2'],,,,,
3996,BRD-K27074404,['7211972'],['Cc1csc(NC(=O)CSc2ccc(nn2)c3ccccc3)n1'],,,,,
3997,BRD-K27084624,['54666396'],['COc1cccc(c1)S(=O)(=O)N1CCCCN2[C@@H](CO)[C@H]([C@H]2C1)c1ccc(cc1)C#CCC(C)C'],,,,,
3998,BRD-K27096101,['60182621'],['CCCNC(=O)N1[C@H](CO)[C@@H]([C@H]1CNC(C)C)c1ccc(cc1)C1=CCCCC1'],,,,,
3999,BRD-K27113545,['54661247'],['CCCN1[C@@H]([C@@H](CO)[C@@H]2Cn3c(ccc(-c4ccc(cc4)C(=O)N(C)C)c3=O)[C@H]12)C(=O)NCCOC'],,,,,
4000,BRD-K27133763,['60185181'],['COc1ccc2c3c([nH]c2c1)[C@H](CO)N(C[C@]31CCN(Cc2cc(on2)-c2ccccc2)CC1)C(C)=O'],,,,,
4001,BRD-K27141795,['54652452'],['CN1C[C@@H]2[C@@H]([C@@H](CO)N2C(=O)Nc2cccc(F)c2)c2ccccc12'],,,,,
4002,BRD-K27151060,['44494839'],['C[C@@H](CO)N1C[C@H](C)[C@H](CN(C)S(=O)(=O)c2ccc(Cl)cc2)Oc3c(NC(=O)Nc4ccc(F)cc4)cccc3C1=O'],,,,,
4003,BRD-K27161555,['54657542'],['C[C@@H](NC(=O)C[C@@H]1CC[C@H]2[C@@H](COC[C@@H](O)CN2C(=O)Nc2cccc(Cl)c2)O1)c1ccccc1'],,,,,
4004,BRD-K27161788,['54631587'],['CO[C@H]1CN(C)C(=O)c2ccc(NC(C)=O)cc2OC[C@H](C)N(Cc2cncnc2)C[C@H]1C'],,,,,
4005,BRD-K27161987,['54639046'],['COc1cccc(CNC(=O)C[C@@H]2CC[C@H](NC(C)=O)[C@@H](CO)O2)c1'],,,,,
4006,BRD-K27169919,['2980973'],['CCOC(=O)CS(=O)(=O)c1nc(cc(n1)C(F)(F)F)c2ccc(F)cc2'],,,,,
4007,BRD-K27170250,['1302558'],['Cc1cccnc1NC(=S)NC(=O)c2cncc(Br)c2'],,,,,
4008,BRD-K27173348,['44616695'],['COc1ccc(cc1)S(=O)(=O)Nc2ccc3O[C@@H](C)CCCCO[C@@H](CN(C)C)[C@@H](C)CN([C@@H](C)CO)C(=O)c3c2'],,,,,
4009,BRD-K27175304,['54654517'],['CN1[C@H]2CC[C@@H](CC(=O)NCC3CCCCC3)O[C@H]2COc2ccc(NC(=O)C3CCOCC3)cc2C1=O'],,,,,
4010,BRD-K27181648,['60191409'],['CS(=O)(=O)N1C[C@@H]2[C@@H]([C@@H](CO)N2C(=O)C1)c1ccc(cc1)C#CCC1CCCC1'],,,,,
4011,BRD-K27188211,['54664857'],['OC[C@H]1Nc2ccc(cc2[C@@H]2[C@H]1CCN2S(=O)(=O)c1ccc(F)cc1)-c1cccc(c1)C#N'],,,,,
4012,BRD-K27198330,['44485796'],['CNC[C@H]1OCCCC[C@@H](C)Oc2ccc(NS(=O)(=O)c3cccs3)cc2C(=O)N(C[C@H]1C)[C@H](C)CO'],,,,,
4013,BRD-K27198844,['54638475'],['COCc1cn(CC[C@H]2CC[C@H](NC(=O)Nc3ccc(cc3)C(F)(F)F)[C@@H](CO)O2)nn1'],,,,,
4014,BRD-K27209353,['54666388'],['OC[C@@H]1[C@@H]([C@@H]2CN(Cc3cncnc3)CCCCN12)c1ccc(cc1)C#CC1(O)CCCC1'],,,,,
4015,BRD-K27237215,['54661105'],['CCCNC(=O)[C@@H]1[C@@H](CO)[C@@H]2Cn3c(ccc(C4=CCCC4)c3=O)[C@H]1N2C(=O)CC'],,,,,
4016,BRD-K27237442,['130424'],['CN1CCc2cc(Cl)c(O)cc2[C@H](C1)c1cccc2ccoc12'],,,,,
4017,BRD-K27240704,['60191974'],['OC[C@H]1[C@@H](c2ccccc2)C2(CN(Cc3nccs3)C2)N1CCC(F)(F)F'],,,,,
4018,BRD-K27242547,['54666556'],['OC[C@H]1[C@H]([C@@H]2CN(CCCCN12)C(=O)c1cccc(F)c1)c1ccc(cc1)C#CC1(O)CCCC1'],,,,,
4019,BRD-K27263987,['54646176'],['OC[C@H]1O[C@H](CC(=O)NCC(F)(F)F)C[C@@H]2[C@H]1Oc3ccc(NC(=O)C4CCOCC4)cc23'],,,,,
4020,BRD-K27272622,['54664931'],['CN1[C@H](CO)[C@H]2CCN([C@H]2c2cc(ccc12)-c1cccc(c1)C#N)C(=O)CC1CC1'],,,,,
4021,BRD-K27290412,['49787911'],['Fc1ccc(cc1)C(=O)OCc1ccc(CSc2nnc(o2)-c2cccc3ccccc23)cc1'],,,,,
4022,BRD-K27292311,['54631942'],['CO[C@@H]1CN(C)C(=O)c2ccc(cc2OC[C@@H](C)NC[C@@H]1C)NS(=O)(=O)c1cccc(Cl)c1'],,,,,
4023,BRD-K27293696,['60191329'],['CS(=O)(=O)N1C[C@H]2[C@@H]([C@@H](CO)N2C(=O)C1)c1ccc(Br)cc1'],,,,,
4024,BRD-K27296582,['60190940'],['CS(=O)(=O)N1C[C@@H]2[C@@H]([C@@H](CO)N2C(=O)C1)c1ccc(cc1)C#Cc1ccc(F)cc1'],,,,,
4025,BRD-K27299383,['54638766'],['CC(C)NC(=O)NCC[C@H]1CC[C@@H](NS(=O)(=O)c2ccc(Oc3ccccc3)cc2)[C@@H](CO)O1'],,,,,
4026,BRD-K27304876,['60185175'],['Fc1cccc(c1)-c1ccc(cc1)[C@@H]1[C@@H]2CNC[C@H]1N2S(=O)(=O)c1ccc(Cl)cc1'],,,,,
4027,BRD-K27305388,['5911'],['C[N+]1(C)CCN(CC1)c2ccccc2'],,,,,
4028,BRD-K27332342,['73438902'],['Oc1c(\\C=N\\NC(=O)c2cc(n[nH]2)-c2cccc(c2)[N+]([O-])=O)ccc2ccccc12'],,,,,
4029,BRD-K27343142,['54657796'],['CN(C)CCCNC(=O)C[C@H]1CC[C@H]2[C@@H](COC[C@H](O)CN2CC2CCCC2)O1'],,,,,
4030,BRD-K27363274,['56835510'],['C[C@@H](CO)N1C[C@H](C)[C@@H](CN(C)C(=O)c2ccncc2)OCc3ccccc3-c4c(C1=O)n(C)c5ccccc45'],,,,,
4031,BRD-K27366480,['54666415'],['OC[C@H]1[C@@H]([C@H]2CN(CC3CCOCC3)CCCCN12)c1ccc(cc1)C#Cc1ccccc1F'],,,,,
4032,BRD-K27367875,['44497424'],['C[C@@H](CO)N1C[C@@H](C)[C@H](CN(C)Cc2ccc(cc2)c3ccccc3)Oc4c(cccc4C1=O)N(C)C'],,,,,
4033,BRD-K27376241,['60191598'],['CC(C)NC(=O)N1CC2(C1)[C@@H]([C@H](CO)N2CCC(F)(F)F)c1ccccc1'],,,,,
4034,BRD-K27395235,['60191439'],['COc1cccc(NC(=O)N2C[C@@H]3[C@H]([C@H](CO)N3C(=O)C2)c2ccc(cc2)C#CCC2CCCC2)c1'],,,,,
4035,BRD-K27398156,['60189977'],['COc1ccc2c3c([nH]c2c1)[C@H](CO)N(Cc1ccccc1Cl)C[C@]31CN(C1)C(=O)C1CC1'],,,,,
4036,BRD-K27411066,['54632017'],['CO[C@@H]1CN(C)C(=O)c2ccc(NC(C)=O)cc2OC[C@@H](C)N(Cc2ccccc2F)C[C@@H]1C'],,,,,
4037,BRD-K27411973,['44487588'],['CC(C)NC(=O)Nc1ccc2O[C@H](C)CCCCO[C@@H](CN(C)C(=O)Nc3ccccc3)[C@H](C)CN([C@H](C)CO)C(=O)c2c1'],,,,,
4038,BRD-K27424042,['54631481'],['CO[C@H]1CN(C)C(=O)c2ccc(NC(=O)c3nc4ccccc4s3)cc2OC[C@H](C)NC[C@@H]1C'],,,,,
4039,BRD-K27425684,['54666578'],['COc1ccccc1-c1ccc(cc1)[C@H]1[C@@H](CO)N2CCCCN(C[C@@H]12)C(=O)c1cccnc1'],,,,,
4040,BRD-K27428408,['54618420'],['C[C@H](O)C#Cc1cnc2O[C@H](CN(C)C(=O)Cc3ccncc3)[C@H](C)CN([C@H](C)CO)C(=O)c2c1'],,,,,
4041,BRD-K27429081,['44617502'],['C[C@@H](CO)N1C[C@H](C)[C@H](CN(C)C(=O)c2ccncc2)OCCCC[C@H](C)Oc3ccc(NC(=O)c4ccccc4)cc3C1=O'],,,,,
4042,BRD-K27431449,['54631223'],['C[C@@H](CO)N1C[C@H](C)[C@H](CN(C)C(=O)Nc2ccc(cc2)C(F)(F)F)Oc3cc(ccc3S1(=O)=O)c4ccc(C)cc4'],,,,,
4043,BRD-K27440500,['44142064'],['Cc1csc(CNc2ncnc3ccc(cc23)c4cccc(Cl)c4)c1'],,,,,
4044,BRD-K27442643,['54638242'],['OC[C@@H]1O[C@@H](CCNC(=O)c2ccc3OCOc3c2)CC[C@H]1NS(=O)(=O)c1ccc(Cl)cc1'],,,,,
4045,BRD-K27449529,['44492909'],['C[C@H](CO)N1C[C@H](C)[C@H](CN(C)C(=O)NC2CCCCC2)Oc3ccc(cc3C1=O)N(C)C'],,,,,
4046,BRD-K27451531,['54618472'],['CC(C)NC(=O)N(C)C[C@@H]1Oc2ncc(C#CC3CC3)cc2C(=O)N(C[C@@H]1C)[C@H](C)CO'],,,,,
4047,BRD-K27452198,['54637810'],['C[C@H](CO)N1C[C@H](C)[C@H](CN(C)C(=O)N[C@H](C)c2ccccc2)OCc3ccccc3-c4ccccc4C1=O'],,,,,
4048,BRD-K27459043,['60191437'],['COc1cccc(NC(=O)N2C[C@@H]3[C@@H]([C@H](CO)N3C(=O)C2)c2ccc(cc2)C#CCC2CCCC2)c1'],,,,,
4049,BRD-K27467349,['54631283'],['CO[C@H]1CN(C)C(=O)c2ccc(NS(=O)(=O)c3ccc(Oc4ccccc4)cc3)cc2OC[C@H](C)NC[C@H]1C'],,,,,
4050,BRD-K27475558,['44489726'],['C[C@H](CO)N1C[C@H](C)[C@H](CN(C)Cc2ccncc2)OCCCC[C@@H](C)Oc3ccc(NC(=O)Nc4ccccc4)cc3C1=O'],,,,,
4051,BRD-K27477764,['54652596'],['OC[C@H]1[C@@H]2[C@@H](CN(C(=O)Nc3cccc(Cl)c3)c3ccccc23)N1C(=O)c1ccncc1'],,,,,
4052,BRD-K27481961,['60191299'],['CN(C)C(=O)c1ccc(cc1)-c1ccc(cc1)[C@H]1[C@H](CO)N2[C@@H]1CN(CC2=O)C(=O)CC1CC1'],,,,,
4053,BRD-K27483344,['54638862'],['COc1ccccc1NC(=O)N[C@@H]1CC[C@H](CCn2cc(nn2)C2(O)CCCC2)O[C@H]1CO'],,,,,
4054,BRD-K27484191,['663290'],['Brc1ccc(CSc2nnc(c3ccccn3)n2Cc4ccco4)cc1'],,,,,
4055,BRD-K27493325,['60191244'],['OC[C@H]1[C@H]([C@H]2CN(CC(=O)N12)C(=O)C1CCOCC1)c1ccc(\\C=C\\c2ccccc2)cc1'],,,,,
4056,BRD-K27520107,['56643185'],['CCOC(=O)N1CCC(CC1)NCCNC(=O)c2cccc(F)c2'],,,,,
4057,BRD-K27530838,['60184855'],['CN(C)C(=O)c1cccc(c1)-c1ccc(cc1)[C@@H]1[C@H]2CN(C[C@@H]1N2)C(=O)c1cnccn1'],,,,,
4058,BRD-K27534253,['54664889'],['CN1[C@@H](CO)[C@@H]2CCN([C@@H]2c2cc(Br)ccc12)C(=O)Nc1ccccc1F'],,,,,
4059,BRD-K27539003,['54618607'],['C[C@H](O)C#Cc1cnc2O[C@@H](CN(C)C(=O)Cc3ccncc3)[C@H](C)CN([C@H](C)CO)C(=O)c2c1'],,,,,
4060,BRD-K27539181,['1261822'],['Cc1noc(NS(=O)(=O)c2ccc(NC(=O)c3cc(nc4c(C)cc(C)cc34)c5ccccn5)cc2)c1C'],,,,,
4061,BRD-K27539817,['54651283'],['CCN(C[C@H]1[C@@H]([C@H](CO)N1C(=O)COC)c1ccccc1)S(C)(=O)=O'],,,,,
4062,BRD-K27543325,['54618670'],['COc1cccc(NC(=O)N(C)C[C@H]2Oc3ncc(C#Cc4ccncc4)cc3C(=O)N(C[C@H]2C)[C@H](C)CO)c1'],,,,,
4063,BRD-K27559321,['60189869'],['COc1ccc2c3c([nH]c2c1)[C@H](CO)N(C[C@]31CCN(CC1)C(=O)Nc1ccccc1F)C(=O)Cc1ccccc1'],,,,,
4064,BRD-K27571934,['54631894'],['CCCC(=O)Nc1ccc2OC[C@H](C)N(C[C@H](C)[C@H](CN(C)C(=O)c2c1)OC)C(=O)c1ccccn1'],,,,,
4065,BRD-K27586026,['54650064'],['COCC(=O)N1[C@H](CO)[C@H]([C@@H]1C#N)c1ccc(cc1)-c1cccnc1'],,,,,
4066,BRD-K27586181,['60190169'],['COc1ccc2c3c([nH]c2c1)[C@H](CO)N(C[C@]31CN(C1)S(C)(=O)=O)C(=O)C1CCC1'],,,,,
4067,BRD-K27597389,['44495992'],['CC(C)NC(=O)N(C)C[C@H]1OCCCC[C@H](C)Oc2ccc(NC(=O)Cc3ccccc3)cc2C(=O)N(C[C@H]1C)[C@H](C)CO'],,,,,
4068,BRD-K27622376,['44485030'],['C[C@@H](CO)N1C[C@H](C)[C@H](CN(C)C(=O)NC2CCCCC2)Oc3c(cccc3C1=O)N(C)C'],,,,,
4069,BRD-K27622534,['44490229'],['C[C@H](CO)N1C[C@H](C)[C@@H](CN(C)C)OCCCC[C@@H](C)Oc2ccc(NS(=O)(=O)c3cn(C)cn3)cc2C1=O'],,,,,
4070,BRD-K27630390,['23807536'],['C[C@H](O)C(=O)Nc1ccc2N(CC=C)C(=O)[C@]3(O[C@H](CCO)[C@H]([C@@H]3C)[Si](C)(C)F)c2c1'],,,,,
4071,BRD-K27630941,['24747182'],['COc1ccccc1Nc2nc(nc(n2)N3CCOCC3)N4CCCC4'],,,,,
4072,BRD-K27635561,['54639128'],['Cc1ccc(cc1)S(=O)(=O)N[C@@H]1CC[C@@H](CC(=O)N2CCc3ccccc3C2)O[C@@H]1CO'],,,,,
4073,BRD-K27638907,['60188256'],['COc1ccccc1CN1C[C@H]2N[C@@H](C1)[C@@H]2c1ccc(cc1)-c1ccc(cc1)C#N'],,,,,
4074,BRD-K27647724,['54637990'],['COc1cccc(NC(=O)N(C)C[C@@H]2OCc3ccccc3-c4c(C(=O)N(C[C@H]2C)[C@H](C)CO)n(C)c5ccccc45)c1'],,,,,
4075,BRD-K27661070,['54646594'],['COc1cccc(c1)S(=O)(=O)Nc2ccc3O[C@H]4[C@H](C[C@H](CC(=O)NCCc5ccccc5)O[C@H]4CO)c3c2'],,,,,
4076,BRD-K27671514,['60184868'],['COc1ccc2c3c([C@@H](CO)NC[C@]33CN(Cc4ccc(cc4)-c4ccccn4)C3)n(C)c2c1'],,,,,
4077,BRD-K27675859,['44505841'],['C[C@H](CO)N1C[C@H](C)[C@H](CN(C)C(=O)Nc2cccc(c2)C(F)(F)F)OCc3cn(CCCC1=O)nn3'],,,,,
4078,BRD-K27679491,['54646229'],['OC[C@H]1O[C@H](CC(=O)NCc2ccncc2)C[C@@H]3[C@H]1Oc4ccc(NC(=O)NC5CCCC5)cc34'],,,,,
4079,BRD-K27682288,['60190086'],['COc1ccc2c3c([C@@H](CO)N(C[C@]33CN(C3)C(=O)Nc3ccc(F)cc3)C(=O)c3ccc(F)cc3)n(C)c2c1'],,,,,
4080,BRD-K27699706,['54638943'],['OC[C@@H]1O[C@@H](CC(=O)NC2CCC2)C=C[C@H]1NC(=O)C1CC1'],,,,,
4081,BRD-K27706744,['54645907'],['CS(=O)(=O)Nc1ccc2O[C@H]3[C@H](C[C@@H](CC(=O)NCCc4ccccc4)O[C@@H]3CO)c2c1'],,,,,
4082,BRD-K27709404,['54618228'],['COc1ccccc1c2cnc3O[C@@H](CN(C)CC4CCOCC4)[C@H](C)CN([C@H](C)CO)C(=O)c3c2'],,,,,
4083,BRD-K27711805,['60184869'],['COc1ccc2c3c([C@H](CO)NC[C@]33CN(Cc4ccc(cc4)-c4ccccn4)C3)n(C)c2c1'],,,,,
4084,BRD-K27718415,['54637778'],['C[C@@H](CO)N1C[C@H](C)[C@@H](CN(C)C(=O)[C@@H](Cc2ccccc2)N(C)C)OCc3ccccc3-c4ccccc4C1=O'],,,,,
4085,BRD-K27720649,['54638419'],['OC[C@@H]1O[C@H](CC(=O)NCC(F)(F)F)C=C[C@H]1NC(=O)CC1CC1'],,,,,
4086,BRD-K27732957,['54619971'],['C[C@H](CO)N1C[C@H](C)[C@H](CN(C)Cc2ccc(F)cc2)Oc3ncc(C#Cc4cccnc4)cc3C1=O'],,,,,
4087,BRD-K27742591,['44620743'],['C[C@H](CO)N1C[C@H](C)[C@@H](CN(C)Cc2ccncc2)Oc3ccc(NC(=O)CCC(F)(F)F)cc3CC1=O'],,,,,
4088,BRD-K27744061,['54657917'],['CCNC(=O)C[C@@H]1CC[C@@H]2[C@H](COC[C@H](O)CN2C(=O)C2CCOCC2)O1'],,,,,
4089,BRD-K27757818,['54639143'],['OC[C@H]1O[C@H](CC(=O)N2CCN(CC2)c2ccccc2)C=C[C@H]1NC(=O)c1ccncc1'],,,,,
4090,BRD-K27767004,['54638585'],['OC[C@H]1O[C@@H](CCNC(=O)c2cc(Cl)cc(Cl)c2)CC[C@@H]1NC(=O)C1CCOCC1'],,,,,
4091,BRD-K27788917,['54631512'],['CCS(=O)(=O)Nc1ccc2OC[C@H](C)N(CCC(F)(F)F)C[C@H](C)[C@@H](CN(C)C(=O)c2c1)OC'],,,,,
4092,BRD-K27798440,['54657883'],['COc1cccc(c1)S(=O)(=O)N1C[C@@H](O)COC[C@H]2O[C@@H](CC(=O)NCCCN3CCOCC3)CC[C@H]12'],,,,,
4093,BRD-K27803479,['125358'],['NCCCN1c2cc(Cl)ccc2Sc2cc(O)c(O)cc12'],,,,,
4094,BRD-K27803932,['54632138'],['COCC(=O)Nc1ccc2c(OC[C@@H](C)N(C[C@H](C)[C@H](CN(C)C2=O)OC)C(=O)NC(C)C)c1'],,,,,
4095,BRD-K27811024,['54631284'],['CO[C@H]1CN(C)C(=O)c2ccc(NC(=O)c3ccc(F)cc3)cc2OC[C@@H](C)N(C[C@H]1C)C(=O)CC1CC1'],,,,,
4096,BRD-K27817736,['54646045'],['COCCNC(=O)C[C@@H]1C[C@H]2[C@H](Oc3ccc(NC(=O)CN(C)C)cc23)[C@H](CO)O1'],,,,,
4097,BRD-K27817945,['54631941'],['CCCNC(=O)Nc1ccc2OC[C@@H](C)NC[C@@H](C)[C@H](CN(C)C(=O)c2c1)OC'],,,,,
4098,BRD-K27818252,['44499947'],['C[C@H](CO)N1C[C@@H](C)[C@@H](CN(C)Cc2ccc(cc2)c3ccccc3)Oc4c(cccc4C1=O)N(C)C'],,,,,
4099,BRD-K27824357,['54618409'],['C[C@H](O)C#Cc1cnc2O[C@@H](CN(C)CC3CCOCC3)[C@H](C)CN([C@H](C)CO)C(=O)c2c1'],,,,,
4100,BRD-K27827760,['54646672'],['COc1ccccc1CNC(=O)C[C@H]2C[C@H]3[C@H](Oc4ccc(NC(=O)CN(C)C)cc34)[C@@H](CO)O2'],,,,,
4101,BRD-K27835062,['44505633'],['COc1cccc(NC(=O)N(C)C[C@@H]2OCc3cn(CCCC(=O)N(C[C@@H]2C)[C@H](C)CO)nn3)c1'],,,,,
4102,BRD-K27837783,['54651322'],['C\\C=C\\c1ccc(cc1)[C@H]1[C@@H](CO)N[C@@H]1CN(CC(C)C)C(=O)c1ccccn1'],,,,,
4103,BRD-K27839561,['54646681'],['CN(C)CC(=O)Nc1ccc2O[C@@H]3[C@@H](C[C@@H](CC(=O)N4CCc5ccccc5C4)O[C@H]3CO)c2c1'],,,,,
4104,BRD-K27855499,['44495953'],['COc1ccc(cc1)S(=O)(=O)Nc2ccc3O[C@H](CN(C)S(=O)(=O)c4ccc(OC)cc4)[C@@H](C)CN([C@@H](C)CO)C(=O)Cc3c2'],,,,,
4105,BRD-K27865298,['56835578'],['CN1CCN(CC1)C(=O)c2cc3CN([C@H](CCO)c3c(n2)c4cccc(c4)c5cccc(F)c5)S(=O)C(C)(C)C'],,,,,
4106,BRD-K27872553,['54637719'],['C[C@H](CO)N1C[C@H](C)[C@@H](CN(C)S(=O)(=O)c2ccc(cc2)C(F)(F)F)OCc3ccccc3-c4ccccc4C1=O'],,,,,
4107,BRD-K27881911,['1287820'],['COc1ccc(Cn2c3ccc(Br)cc3c4nc5ccccc5nc24)cc1OC'],,,,,
4108,BRD-K27882424,['60189679'],['COc1ccc2c3c([nH]c2c1)[C@@H](CO)N(Cc1ccc(Cl)cc1)C[C@]31CN(C1)S(C)(=O)=O'],,,,,
4109,BRD-K27887926,['54649575'],['CO[C@H]1CC[C@H]2CCOc3c(cccc3C(=O)N(C)C[C@@H](C)C(=O)N(C)C[C@@H]1O2)C#N'],,,,,
4110,BRD-K27915767,['54657503'],['O[C@H]1COC[C@@H]2O[C@H](CC(=O)NC3CCCC3)CC[C@H]2N(C1)C(=O)c1ccc2OCOc2c1'],,,,,
4111,BRD-K27918075,['54618643'],['C[C@H](CO)N1C[C@@H](C)[C@@H](CN(C)S(=O)(=O)C)Oc2ncc(cc2C1=O)c3ccc(C)cc3'],,,,,
4112,BRD-K27919582,['54646747'],['OC[C@H]1O[C@H](CC(=O)NCCN2CCCCC2)C[C@H]3[C@@H]1Oc4ccc(NC(=O)c5cccnc5)cc34'],,,,,
4113,BRD-K27925875,['60190030'],['COc1ccc2c3c([C@H](CO)N(C[C@]33CCN(CC3)C(=O)Nc3cccc(F)c3)C(=O)CN3CCOCC3)n(C)c2c1'],,,,,
4114,BRD-K27927067,['54638692'],['OC[C@H]1O[C@@H](CC(=O)N2CCc3ccccc3C2)CC[C@@H]1NC(=O)Nc1cc(F)ccc1F'],,,,,
4115,BRD-K27935463,['54646374'],['CN(C)CC(=O)Nc1ccc2O[C@@H]3[C@@H](C[C@H](CC(=O)NCc4ccc(cc4)c5ccccc5)O[C@@H]3CO)c2c1'],,,,,
4116,BRD-K27951502,['54637941'],['CC(C)OC(=O)N(C)C[C@H]1OCc2ccccc2-c3ccccc3C(=O)N(C[C@@H]1C)[C@H](C)CO'],,,,,
4117,BRD-K27961885,['54620198'],['C/C=C/c1ccc2c(O[C@H](CN(C)Cc3cccc(F)c3)[C@H](C)CN([C@H](C)CO)S2(=O)=O)c1'],,,,,
4118,BRD-K27986637,['44505237'],['C[C@H](CO)N1C[C@H](C)[C@H](CN(C)Cc2ccc3OCCOc3c2)OCc4cn(CCCC1=O)nn4'],,,,,
4119,BRD-K27993001,['54646528'],['CN1CCN(CC1)C(=O)C[C@@H]2C[C@@H]3[C@@H](Oc4ccc(NC(=O)c5ccc6OCOc6c5)cc34)[C@@H](CO)O2'],,,,,
4120,BRD-K27998900,['54631382'],['CCCNC(=O)N1C[C@H](C)[C@@H](CN(C)C(=O)c2ccc(NS(=O)(=O)CC(F)(F)F)cc2OC[C@@H]1C)OC'],,,,,
4121,BRD-K28000085,['60191860'],['OC[C@@H]1[C@@H](c2ccccc2)C2(CN(C2)C(=O)C2CC2)N1Cc1ccc(Cl)cc1'],,,,,
4122,BRD-K28001518,['44489337'],['CC(C)NC(=O)N(C)C[C@@H]1OCCCC[C@H](C)Oc2ccc(cc2C(=O)N(C[C@@H]1C)[C@H](C)CO)N(C)C'],,,,,
4123,BRD-K28001738,['54661299'],['CCCN1[C@@H]2Cn3c(ccc(-c4ccccc4OC)c3=O)[C@H]1[C@H]([C@@H]2CO)C(=O)NCc1ccccn1'],,,,,
4124,BRD-K28004127,['44506877'],['C[C@H](CO)N1C[C@H](C)[C@@H](CN(C)S(=O)(=O)c2ccc(Cl)cc2)OCCCC[C@@H](C)Oc3ccc(NC(=O)CCCCCC(=O)Nc4ccccc4N)cc3C1=O'],,,,,
4125,BRD-K28013436,['54625689'],['C[C@H](CO)N1C[C@@H](C)[C@H](CN(C)Cc2cncnc2)Oc3cc(/C=C/c4ccccc4)ccc3S1(=O)=O'],,,,,
4126,BRD-K28018597,['54637905'],['COc1ccccc1S(=O)(=O)N(C)C[C@H]2OCc3ccccc3-c4c(C(=O)N(C[C@H]2C)[C@H](C)CO)n(C)c5ccccc45'],,,,,
4127,BRD-K28021369,['54631503'],['CCCNC(=O)Nc1ccc2OC[C@H](C)N(C[C@@H](C)[C@@H](CN(C)C(=O)c2c1)OC)C(=O)c1ccccc1F'],,,,,
4128,BRD-K28027757,['54660681'],['COc1cccc(CNC(=O)[C@H]2[C@H](CO)[C@H]3Cn4c(ccc(-c5cncnc5)c4=O)[C@@H]2N3C(C)=O)c1'],,,,,
4129,BRD-K28035139,['54650159'],['OC[C@@H]1N[C@@H](C#N)[C@@H]1c1ccc(cc1)C#CC1CCCCC1'],,,,,
4130,BRD-K28036193,['54627213'],['C[C@@H](CO)N1C[C@H](C)[C@H](CN(C)Cc2ccc(Oc3ccccc3)cc2)Oc4cc(ccc4S1(=O)=O)c5ccncc5'],,,,,
4131,BRD-K28040935,['60138118'],['Fc1ccc(F)c(OCCn2c(CCNC(=O)C3CCCCC3)nc3ccccc23)c1'],,,,,
4132,BRD-K28043081,['54646083'],['OC[C@@H]1O[C@H](CC(=O)NCc2ccccn2)C[C@@H]3[C@H]1Oc4ccc(NC(=O)C5CCC5)cc34'],,,,,
4133,BRD-K28049955,['54660694'],['OC[C@H]1[C@@H]2Cn3c(cccc3=O)[C@H]([C@@H]1C(=O)Nc1nccs1)N2C(=O)C1CCCC1'],,,,,
4134,BRD-K28065812,['54618680'],['C[C@@H](O)C#Cc1cnc2O[C@@H](CN(C)C(=O)Cc3ccncc3)[C@@H](C)CN([C@@H](C)CO)C(=O)c2c1'],,,,,
4135,BRD-K28066515,['54666488'],['C\\C=C\\c1ccc(cc1)[C@@H]1[C@H](CO)N2CCCCN(C[C@@H]12)C(=O)Cc1cccnc1'],,,,,
4136,BRD-K28073457,['54651210'],['OC[C@@H]1[C@H]([C@@H](CNC(=O)c2ccccn2)N1Cc1cccnc1)c1ccccc1'],,,,,
4137,BRD-K28076694,['54637657'],['CC(C)COC(=O)N(C)C[C@@H]1OCc2ccccc2-c3ccccc3C(=O)N(C[C@@H]1C)[C@H](C)CO'],,,,,
4138,BRD-K28080909,['54633555'],['CO[C@@H]1CN(C)C(=O)c2ccc(NC(=O)c3cccc(OC)c3)cc2OC[C@@H](C)N(CC2CC2)C[C@H]1C'],,,,,
4139,BRD-K28082924,['54651289'],['CCN(C[C@H]1[C@@H]([C@@H](CO)N1C(=O)COC)c1ccccc1)S(C)(=O)=O'],,,,,
4140,BRD-K28083085,['54615026'],['C[C@H](CO)N1C[C@H](C)[C@H](CN(C)S(=O)(=O)c2ccc(Cl)cc2)OCCCC[C@H](C)Oc3ccc(NC(=O)Nc4c(C)noc4C)cc3C1=O'],,,,,
4141,BRD-K28096758,['60190064'],['OC[C@@H]1[C@H](c2ccccc2)C2(CN(C2)C(=O)CC2CC2)N1S(=O)(=O)Cc1ccccc1'],,,,,
4142,BRD-K28100108,['273769'],['CCOC(=O)c1c2C(=O)c3ccccc3C(=O)c2n4ccccc14'],,,,,
4143,BRD-K28105726,['54646699'],['OC[C@@H]1O[C@@H](CC(=O)NCc2ccc3OCOc3c2)C[C@@H]4[C@H]1Oc5ccc(NC(=O)C6CCOCC6)cc45'],,,,,
4144,BRD-K28107603,['54665077'],['COc1ccc(cc1)-c1ccc2N(C)[C@H](CO)[C@@H]3CCN([C@@H]3c2c1)C(=O)Nc1ccccc1OC'],,,,,
4145,BRD-K28112059,['54654527'],['COC(=O)C[C@H]1CC[C@H]2[C@H](COc3ccc(NC(=O)c4ccccc4F)cc3C(=O)N2C)O1'],,,,,
4146,BRD-K28112517,['976135'],['CCOc1ccc(cc1OCC)c2nc(no2)c3ccncc3'],,,,,
4147,BRD-K28117690,['54654308'],['CCNC(=O)Nc1ccc2OC[C@@H]3O[C@@H](CC(=O)N[C@H](C)c4ccccc4)CC[C@@H]3N(C)C(=O)c2c1'],,,,,
4148,BRD-K28121452,['60184824'],['COc1ccc2c3c([nH]c2c1)[C@H](CO)N(Cc1ccc(Cl)cc1)C[C@]31CCN(Cc2nccs2)CC1'],,,,,
4149,BRD-K28138218,['60190122'],['COc1ccc2c3c([nH]c2c1)[C@@H](CO)N(C[C@]31CN(Cc2cc(F)ccc2F)C1)C(=O)Nc1ccc(F)cc1'],,,,,
4150,BRD-K28149578,['54661133'],['OC[C@H]1[C@@H]2Cn3c(ccc(-c4ccccc4F)c3=O)[C@H]([C@@H]1C(=O)NC1CCCC1)N2C(=O)CC1CC1'],,,,,
4151,BRD-K28154645,['44491957'],['C[C@H](CO)N1C[C@@H](C)[C@@H](CN(C)Cc2ccc(cc2)C(=O)O)Oc3c(NC(=O)NC4CCCCC4)cccc3C1=O'],,,,,
4152,BRD-K28162668,['60185149'],['Cc1cccc(c1)-c1ccc(cc1)[C@@H]1[C@H]2CN(C[C@@H]1N2)C(=O)c1ccncc1'],,,,,
4153,BRD-K28169522,['54645925'],['OC[C@H]1O[C@@H](CC(=O)NCCN2CCCCC2)C[C@@H]3[C@H]1Oc4ccc(NS(=O)(=O)c5ccc(F)cc5)cc34'],,,,,
4154,BRD-K28179362,['44506094'],['C[C@H](CO)N1C[C@H](C)[C@@H](CN(C)Cc2cccc3OCCCOc23)OCc4cnnn4CCCC1=O'],,,,,
4155,BRD-K28180706,['21179063'],['OC(c1ccc(NC(=O)c2ccc(Cl)cc2)cc1)(C(F)(F)F)C(F)(F)F'],,,,,
4156,BRD-K28184645,['44484287'],['C[C@@H](CO)N1C[C@H](C)[C@H](CN(C)Cc2ccc(cc2)C(F)(F)F)Oc3ccc(NC(=O)Nc4cccc5ccccc45)cc3C1=O'],,,,,
4157,BRD-K28185108,['44505896'],['COc1cccc(CN(C)C[C@@H]2OCc3cnnn3CCCC(=O)N(C[C@H]2C)[C@H](C)CO)c1'],,,,,
4158,BRD-K28190569,['60191361'],['CCC(=O)N1C[C@H]2[C@H]([C@H](CO)N2C(=O)C1)c1ccc(cc1)C#CCC(C)C'],,,,,
4159,BRD-K28208028,['54651419'],['CC(=O)N(CC1CCC1)C[C@@H]1N[C@@H](CO)[C@H]1c1ccc(cc1)C1=CCCC1'],,,,,
4160,BRD-K28215800,['60138127'],['CCOC(=O)C1CCN(CC1)C(=O)C(C)(C)NC(=O)Nc1ccc(Cl)cc1Cl'],,,,,
4161,BRD-K28223745,['54646012'],['COC(=O)C[C@@H]1C[C@@H]2[C@@H](Oc3ccc(NC(=O)C4CCOCC4)cc23)[C@@H](CO)O1'],,,,,
4162,BRD-K28249211,['44620644'],['C[C@@H](CO)N1C[C@H](C)[C@H](CN(C)Cc2ccc(cc2)C(F)(F)F)OCCCC[C@H](C)Oc3ccc(NC(=O)c4ccncc4)cc3C1=O'],,,,,
4163,BRD-K28250273,['54650056'],['OC[C@H]1[C@H]([C@H](C#N)N1C(=O)Nc1cccc(F)c1)c1ccccc1'],,,,,
4164,BRD-K28256231,['54631752'],['CO[C@H]1CN(C)C(=O)c2ccc(NC(=O)c3ccccc3OC)cc2OC[C@H](C)N(C[C@H]1C)C(C)=O'],,,,,
4165,BRD-K28282432,['44494405'],['C[C@H](CO)N1C[C@H](C)[C@H](CN(C)C(=O)Nc2ccccc2)OCCCC[C@@H](C)Oc3ccc(cc3C1=O)N(C)C'],,,,,
4166,BRD-K28282859,['54659592'],['CN1CCN(CC1)C(=O)C[C@@H]1CC[C@H]2[C@@H](COC[C@H](O)CN2Cc2ccc(Oc3ccccc3)cc2)O1'],,,,,
4167,BRD-K28284219,['3823393'],['OS(=O)(=O)CCN1C(=S)SC(=Cc2cn(nc2-c2ccc(OCc3ccccc3F)cc2)-c2ccccc2)C1=O'],,,,,
4168,BRD-K28293491,['23930394'],['O[C@@H]1[C@@H](O)[C@H](Oc2ccc(cc2)c3coc4cc(O)ccc4c3=O)O[C@@H]([C@H]1O)C(=O)O'],,,,,
4169,BRD-K28305693,['54649438'],['COc1cccc(CNC(=O)c2cc3CN([C@H](CCO)c3c(n2)-c2cccc(\\C=C\\C)c2)[S@](=O)C(C)(C)C)c1'],,,,,
4170,BRD-K28308851,['6603865'],['C[C@H](N)Cc1c[nH]cn1'],,,,,
4171,BRD-K28312904,['44486924'],['COc1ccc(CN(C)C[C@@H]2Oc3ccc(NC(=O)Cc4ccccc4)cc3CC(=O)N(C[C@@H]2C)[C@@H](C)CO)cc1'],,,,,
4172,BRD-K28317853,['54613802'],['COc1ccc(NC(=O)Nc2ccc3O[C@H](CN(C)CC4CCCCC4)[C@@H](C)CN([C@H](C)CO)C(=O)Cc3c2)cc1'],,,,,
4173,BRD-K28336972,['54632086'],['CO[C@H]1CN(C)C(=O)c2cc(NC(=O)c3ccc4OCOc4c3)ccc2OC[C@@H](C)N(CC2CC2)C[C@@H]1C'],,,,,
4174,BRD-K28344523,['54666563'],['CN(C)C(=O)c1cccc(c1)-c1ccc(cc1)[C@@H]1[C@@H](CO)N2CCCCN(CC3CCOCC3)C[C@@H]12'],,,,,
4175,BRD-K28358982,['54638777'],['COC(=O)C[C@H]1O[C@@H](CO)[C@H](NC(=O)Nc2ccc(cc2)C(F)(F)F)C=C1'],,,,,
4176,BRD-K28362289,['736269'],['CC(=O)N1CCN(CC1)c2ccc(N)cc2'],,,,,
4177,BRD-K28366444,['3234518'],['C(Nc1ncnc2ccc(cc12)c3cccnc3)c4cccnc4'],,,,,
4178,BRD-K28366633,['44142134'],['Cn1nnnc1Sc2ncnc3scc(c4ccc(cc4)C(F)(F)F)c23'],,,,,
4179,BRD-K28370158,['54631342'],['CO[C@@H]1CN(C)C(=O)c2ccc(NC(=O)c3nc4ccccc4s3)cc2OC[C@@H](C)NC[C@H]1C'],,,,,
4180,BRD-K28377013,['44496236'],['C[C@H](CO)N1C[C@@H](C)[C@@H](CN(C)S(=O)(=O)c2ccc(Cl)cc2)Oc3c(NC(=O)Nc4ccc(F)cc4)cccc3C1=O'],,,,,
4181,BRD-K28377322,['54631786'],['CCCNC(=O)N1C[C@@H](C)[C@H](CN(C)C(=O)c2ccc(NC(=O)C3CCC3)cc2OC[C@@H]1C)OC'],,,,,
4182,BRD-K28394201,['54618457'],['C/C=C/c1cnc2O[C@@H](CN(C)C(=O)Nc3ccc(F)cc3)[C@H](C)CN([C@@H](C)CO)C(=O)c2c1'],,,,,
4183,BRD-K28395853,['60191024'],['OC[C@@H]1[C@H]([C@H]2CN(CC(=O)N12)C(=O)Cc1ccccn1)c1ccc(cc1)C#CCC1CCCC1'],,,,,
4184,BRD-K28421747,['54639007'],['OC[C@H]1O[C@@H](CCNC(=O)CN2CCOCC2)CC[C@@H]1NS(=O)(=O)c1ccc(F)cc1'],,,,,
4185,BRD-K28430035,['54639040'],['Cc1ccc(cc1)S(=O)(=O)N[C@H]1C=C[C@H](CC(=O)NCCN2CCCCC2)O[C@@H]1CO'],,,,,
4186,BRD-K28431278,['44616759'],['C[C@H](CO)N1C[C@H](C)[C@@H](CN(C)C(=O)CCC(F)(F)F)OCCCC[C@H](C)Oc2ccc(NS(=O)(=O)c3ccc(Cl)cc3)cc2C1=O'],,,,,
4187,BRD-K28431554,['54631908'],['CCCC(=O)Nc1ccc2c(OC[C@H](C)N(C[C@@H](C)[C@@H](CN(C)C2=O)OC)C(=O)CN(C)C)c1'],,,,,
4188,BRD-K28436871,['60190204'],['OC[C@H]1[C@@H](c2ccccc2)C2(CN(Cc3nccs3)C2)N1CC1CCOCC1'],,,,,
4189,BRD-K28437309,['54649559'],['CO[C@@H]1CC[C@H]2CCOc3c(cccc3C(=O)N(C)CCCC(=O)N(C)C[C@H]1O2)C#N'],,,,,
4190,BRD-K28451547,['71759010'],['COc1ccc2c3c([C@H](CO)N(Cc4ccccc4OC)C[C@]33CCN(CC4CC4)CC3)n(C)c2c1'],,,,,
4191,BRD-K28452084,['5236771'],['O=C(NC1CCCCC1)C2(CCCCC2)N(Cc3cccs3)C(=O)c4ccccn4'],,,,,
4192,BRD-K28452359,['54652658'],['Cc1cccc(c1)S(=O)(=O)N1C[C@@H]2[C@@H]([C@H](CO)N2CC2CCOCC2)c2ccccc12'],,,,,
4193,BRD-K28460793,['54657677'],['O[C@@H]1CN[C@@H]2CC[C@H](CC(=O)Nc3ccc(cc3)-c3ccccc3)O[C@H]2COC1'],,,,,
4194,BRD-K28472299,['46912194'],['Cc1cc2n(C)c3c(cnn(Cc4cc(F)ccc4F)c3=O)c2s1'],,,,,
4195,BRD-K28484895,['44619297'],['C[C@@H](CO)N1C[C@H](C)[C@@H](CN(C)Cc2ccc(cc2)C(F)(F)F)OCCCC[C@@H](C)Oc3ccc(NS(=O)(=O)c4c(C)noc4C)cc3C1=O'],,,,,
4196,BRD-K28489983,['54631847'],['CCCN1C[C@@H](C)[C@H](CN(C)C(=O)c2ccc(NC(=O)c3ccccc3F)cc2OC[C@H]1C)OC'],,,,,
4197,BRD-K28497936,['44490230'],['C[C@H](CO)N1C[C@H](C)[C@@H](CN(C)C(=O)C2CCCCC2)OCCCC[C@@H](C)Oc3ccc(cc3C1=O)N(C)C'],,,,,
4198,BRD-K28508449,['54645935'],['OC[C@@H]1O[C@@H](CC(=O)NCc2cc(F)ccc2F)C[C@H]3[C@@H]1Oc4ccc(NC(=O)c5cccnc5)cc34'],,,,,
4199,BRD-K28513058,['54652612'],['COc1ccc(CN2[C@@H](CO)[C@@H]3[C@H]2CNc2ccccc32)cc1'],,,,,
4200,BRD-K28513938,['54649522'],['CO[C@@H]1CC[C@@H]2CCN(C)C(=O)[C@H](C)[C@H](CN(C)C(=O)c3cc(ccc3OC[C@H]1O2)C#N)OC'],,,,,
4201,BRD-K28530075,['54649897'],['OC[C@@H]1[C@H]([C@@H](C#N)N1C(=O)C1CCCC1)c1ccccc1'],,,,,
4202,BRD-K28568387,['54650060'],['CS(=O)(=O)N1[C@H](CO)[C@@H]([C@H]1C#N)c1ccc(\\C=C\\c2ccccc2)cc1'],,,,,
4203,BRD-K28573311,['44486680'],['C[C@@H](CO)N1C[C@@H](C)[C@@H](CN(C)Cc2ccncc2)Oc3ccc(NC(=O)CCN4CCOCC4)cc3C1=O'],,,,,
4204,BRD-K28576143,['54650027'],['OC[C@@H]1[C@@H]([C@H](C#N)N1C(=O)C1CCOCC1)c1ccc(cc1)C#Cc1cccc(F)c1'],,,,,
4205,BRD-K28578807,['44493918'],['C[C@H](CO)N1C[C@@H](C)[C@H](CN(C)C(=O)Nc2cccc3ccccc23)Oc4c(NS(=O)(=O)C)cccc4C1=O'],,,,,
4206,BRD-K28582709,['54654585'],['COc1cccc(c1)C(=O)Nc1ccc2OC[C@@H]3O[C@@H](CC(=O)NCCCN4CCOCC4)CC[C@@H]3N(C)C(=O)c2c1'],,,,,
4207,BRD-K28585560,['54638696'],['Cc1noc(C)c1NC(=O)NCC[C@H]1CC[C@@H](NC(=O)c2ccc(F)cc2)[C@@H](CO)O1'],,,,,
4208,BRD-K28589277,['54661404'],['CN(C)C(=O)[C@@H]1[C@@H](CO)[C@@H]2Cn3c(cccc3=O)[C@H]1N2C(=O)c1ccc(F)cc1'],,,,,
4209,BRD-K28594113,['54666637'],['OC[C@H]1[C@@H]([C@@H]2CN(Cc3cncnc3)CCCCN12)c1ccc(cc1)-c1ccccc1F'],,,,,
4210,BRD-K28615450,['54646780'],['COc1ccc(NC(=O)Nc2ccc3O[C@@H]4[C@@H](C[C@@H](CC(=O)NCc5ccncc5)O[C@H]4CO)c3c2)cc1'],,,,,
4211,BRD-K28623651,['54652682'],['OC[C@H]1[C@H]2[C@H](CN(C(=O)C3CCOCC3)c3ccccc23)N1C(=O)Cc1ccccc1'],,,,,
4212,BRD-K28636199,['54657572'],['O[C@@H]1COC[C@@H]2O[C@H](CC(=O)NCCCN3CCOCC3)CC[C@H]2N(C1)C(=O)c1ccccc1'],,,,,
4213,BRD-K28638920,['44505229'],['C[C@@H](CO)N1C[C@@H](C)[C@@H](CN(C)Cc2cccc(O)c2)OCc3cn(CCCC1=O)nn3'],,,,,
4214,BRD-K28646532,['54632035'],['CCCNC(=O)Nc1ccc2OC[C@@H](C)NC[C@H](C)[C@@H](CN(C)C(=O)c2c1)OC'],,,,,
4215,BRD-K28648950,['54646525'],['CN1CCN(CC1)C(=O)C[C@H]2C[C@@H]3[C@@H](Oc4ccc(NC(=O)c5ccc6OCOc6c5)cc34)[C@H](CO)O2'],,,,,
4216,BRD-K28649344,['54639101'],['COc1ccc(NC(=O)N[C@H]2CC[C@H](CC(=O)NC3CCC3)O[C@H]2CO)cc1'],,,,,
4217,BRD-K28649955,['44490250'],['CC(C)NC(=O)N(C)C[C@H]1OCCCC[C@@H](C)Oc2ccc(cc2C(=O)N(C[C@@H]1C)[C@H](C)CO)N(C)C'],,,,,
4218,BRD-K28658046,['54631956'],['CO[C@@H]1CN(C)C(=O)c2cc(NC(=O)Nc3cccc(Cl)c3)ccc2OC[C@@H](C)NC[C@H]1C'],,,,,
4219,BRD-K28663733,['56835554'],['COc1ccccc1CN(C)C[C@@H]2OCc3ccccc3-c4ccccc4C(=O)N(C[C@@H]2C)[C@@H](C)CO'],,,,,
4220,BRD-K28667054,['44490899'],['CC(C)NC(=O)N(C)C[C@H]1OCCCC[C@H](C)Oc2ccc(cc2C(=O)N(C[C@@H]1C)[C@@H](C)CO)N(C)C'],,,,,
4221,BRD-K28668737,['54660998'],['CCCN1[C@@H]([C@@H](CO)[C@@H]2Cn3c(ccc(-c4ccncc4)c3=O)[C@H]12)C(=O)NCCCN1CCOCC1'],,,,,
4222,BRD-K28680267,['107704'],['COC(=O)c1cc2c(cn1)[nH]c3ccccc32'],,,,,
4223,BRD-K28698886,['60191117'],['OC[C@H]1[C@@H]([C@H]2CN(CC(=O)N12)C(=O)Cc1ccccc1)c1ccc(cc1)-c1ccc(F)cc1'],,,,,
4224,BRD-K28738449,['54658073'],['O[C@H]1COC[C@H]2O[C@@H](CC(=O)NCCc3ccccc3)CC[C@@H]2N(Cc2ccc(Cl)cc2)C1'],,,,,
4225,BRD-K28739456,['54646706'],['CS(=O)(=O)Nc1ccc2O[C@H]3[C@H](C[C@@H](CC(=O)NCC4CC4)O[C@@H]3CO)c2c1'],,,,,
4226,BRD-K28743085,['54615089'],['C[C@@H](CO)N1C[C@@H](C)[C@@H](CN(C)CC2CC2)OCCCC[C@@H](C)Oc3ccc(NC(=O)Nc4c(C)noc4C)cc3C1=O'],,,,,
4227,BRD-K28746839,['60185179'],['COc1ccc2c3c([C@H](CO)N(CC4CC4)C[C@]33CCN(CC3)C(=O)NC3CCCC3)n(C)c2c1'],,,,,
4228,BRD-K28752165,['54631347'],['CCCNC(=O)Nc1ccc2OC[C@H](C)N(Cc3ccc(cc3)-c3ccccn3)C[C@@H](C)[C@H](CN(C)C(=O)c2c1)OC'],,,,,
4229,BRD-K28772322,['60191230'],['OC[C@@H]1[C@H]([C@H]2CNCC(=O)N12)c1ccc(Br)cc1'],,,,,
4230,BRD-K28774715,['24980924'],['[O-][N+](=O)c1ccccc1C(=O)NNC(=O)c2csc(n2)N3CCOCC3'],,,,,
4231,BRD-K28777623,['54631623'],['CO[C@@H]1CN(C)C(=O)c2cc(NC(=O)c3cccc(OC)c3)ccc2OC[C@H](C)N(CCc2ccccc2)C[C@H]1C'],,,,,
4232,BRD-K28782753,['60190310'],['COc1ccc2c3c([C@@H](CO)NC[C@]33CCN(CC3)S(=O)(=O)c3ccc(C)cc3)n(C)c2c1'],,,,,
4233,BRD-K28789065,['23863188'],['Oc1ccccc1N2C(=O)/C(=C/c3ccc(Br)cc3)/C=C2c4ccccc4'],,,,,
4234,BRD-K28800414,['44494873'],['C[C@@H](CO)N1C[C@H](C)[C@H](CN(C)Cc2ccc(Oc3ccccc3)cc2)Oc4c(NC(=O)c5ccncc5)cccc4C1=O'],,,,,
4235,BRD-K28812281,['56835531'],['C[C@H](CO)N1C[C@H](C)[C@@H](CN(C)C(=O)Cc2ccccc2)OCc3ccccc3-c4c(C1=O)n(C)c5ccccc45'],,,,,
4236,BRD-K28831272,['54631525'],['CO[C@@H]1CN(C)C(=O)c2cc(NC(=O)c3ccccc3F)ccc2OC[C@@H](C)N(CC2CCOCC2)C[C@H]1C'],,,,,
4237,BRD-K28841686,['54660888'],['COC(=O)[C@@H]1[C@@H](CO)[C@@H]2Cn3c(ccc(C4=CCCC4)c3=O)[C@@H]2N1C(=O)Cc1cccnc1'],,,,,
4238,BRD-K28851694,['54645876'],['OC[C@H]1O[C@H](CC(=O)N2CCc3ccccc3C2)C[C@@H]4[C@H]1Oc5ccc(NC(=O)c6ccc7OCOc7c6)cc45'],,,,,
4239,BRD-K28862107,['56835435'],['C[C@@H](CO)N1C[C@H](C)[C@H](CN(C)C(=O)CCN(C)C)OCc2ccccc2-c3ccccc3C1=O'],,,,,
4240,BRD-K28871766,['54631517'],['CO[C@H]1CN(C)C(=O)c2ccc(NC(=O)NC(C)C)cc2OC[C@@H](C)N(C)C[C@@H]1C'],,,,,
4241,BRD-K28882142,['46903692'],['COc1ccccc1C#Cc2cnc3O[C@H](CN(C)S(=O)(=O)c4cn(C)cn4)[C@@H](C)CN([C@H](C)CO)C(=O)c3c2'],,,,,
4242,BRD-K28883735,['54657587'],['O[C@@H]1CN[C@@H]2CC[C@H](CC(=O)NCc3ccc4OCOc4c3)O[C@H]2COC1'],,,,,
4243,BRD-K28884887,['54649939'],['C\\C=C\\c1ccc(cc1)[C@H]1[C@H](CO)N([C@H]1C#N)C(=O)CN1CCOCC1'],,,,,
4244,BRD-K28890604,['60185356'],['COCC(=O)N1C[C@@]2(C1)CN([C@H](CO)c1[nH]c3cc(OC)ccc3c21)C(=O)Nc1ccccc1F'],,,,,
4245,BRD-K28892486,['56643201'],['Cc1cccc(NS(=O)(=O)c2ccc3NC(=O)CCc3c2)c1'],,,,,
4246,BRD-K28907425,['44505122'],['C[C@H](CO)N1C[C@H](C)[C@H](CN(C)S(=O)(=O)c2ccccc2C)OCc3cnnn3CCCC1=O'],,,,,
4247,BRD-K28916077,['3164059'],['CCCc1nn(C)c2nc(=O)n(C)c(=O)c2n1'],,,,,
4248,BRD-K28918096,['54614982'],['C[C@H](CO)N1C[C@@H](C)[C@@H](CN(C)C(=O)c2ccccc2)OCCCC[C@@H](C)Oc3ccc(NC(=O)c4ccccc4)cc3C1=O'],,,,,
4249,BRD-K28924448,['60187469'],['COc1ccc2c3c([nH]c2c1)[C@@H](CO)N(Cc1nccs1)C[C@]31CN(Cc2ccncc2)C1'],,,,,
4250,BRD-K28925416,['23786458'],['CC(C)(O)CCc1c(O[C@@H]2O[C@H](CO)[C@@H](O)[C@H](O)[C@H]2O)cc(O)c3C(=O)[C@H](O)[C@H](Oc13)c4ccc(O)cc4'],,,,,
4251,BRD-K28934562,['71759739'],['COc1ccc2c3c([nH]c2c1)[C@@H](CO)N(C[C@]31CCN(Cc2cccc(F)c2)CC1)C(=O)C1CCOCC1'],,,,,
4252,BRD-K28945051,['44503722'],['COc1ccc(NC(=O)N(C)C[C@@H]2Oc3ccc(cc3CC(=O)N(C[C@@H]2C)[C@H](C)CO)N(C)C)cc1'],,,,,
4253,BRD-K28947191,['44493058'],['C[C@@H](CO)N1C[C@H](C)[C@@H](CN(C)S(=O)(=O)c2ccccc2)Oc3ccc(cc3CC1=O)N(C)C'],,,,,
4254,BRD-K28956095,['54666653'],['COCC#Cc1ccc(cc1)[C@@H]1[C@@H](CO)N2CCCCN(Cc3ccncc3)C[C@H]12'],,,,,
4255,BRD-K28968484,['54638831'],['COc1ccccc1S(=O)(=O)N[C@@H]1C=C[C@H](CC(=O)N2CCCCC2)O[C@H]1CO'],,,,,
4256,BRD-K28987821,['54654226'],['CN1[C@H]2CC[C@@H](CC(=O)N3CCc4ccccc4C3)O[C@H]2COc2ccc(NS(=O)(=O)c3cccc(F)c3)cc2C1=O'],,,,,
4257,BRD-K28991565,['54664992'],['COc1ccc(cc1)S(=O)(=O)N1CC[C@@H]2[C@H]1c1cc(ccc1N(C)[C@@H]2CO)-c1ccc(F)cc1'],,,,,
4258,BRD-K28995283,['44506617'],['C[C@H](CO)N1C[C@H](C)[C@H](CN(C)Cc2ccc(cc2)C(=O)Nc3ccccc3N)OCCCC[C@@H](C)Oc4ccc(NC(=O)Nc5ccc(F)cc5)cc4C1=O'],,,,,
4259,BRD-K29003210,['16446678'],['CCc1nnc(NC(=O)c2nc(ncc2Cl)S(=O)(=O)Cc3ccccc3)s1'],,,,,
4260,BRD-K29004135,['54632084'],['CO[C@H]1CN(C)C(=O)c2cc(NC(=O)Nc3cc(F)ccc3F)ccc2OC[C@@H](C)NC[C@@H]1C'],,,,,
4261,BRD-K29029059,['60185221'],['COc1ccc2c3c([nH]c2c1)[C@@H](CO)N(C[C@]31CN(Cc2ccccc2Cl)C1)C(C)=O'],,,,,
4262,BRD-K29033329,['44620462'],['C[C@@H](CO)N1C[C@H](C)[C@@H](CN(C)C(=O)C2CCCCC2)OCCCC[C@@H](C)Oc3ccc(NC(=O)Nc4ccc(cc4)C(F)(F)F)cc3C1=O'],,,,,
4263,BRD-K29035246,['54637966'],['C[C@@H](CO)N1C[C@@H](C)[C@@H](CN(C)C(=O)N[C@H](C)c2ccccc2)OCc3ccccc3-c4c(C1=O)n(C)c5ccccc45'],,,,,
4264,BRD-K29041589,['54646600'],['COc1ccc(cc1)S(=O)(=O)Nc2ccc3O[C@H]4[C@H](C[C@@H](CC(=O)NCC5CC5)O[C@H]4CO)c3c2'],,,,,
4265,BRD-K29054201,['54649492'],['CO[C@H]1CC[C@@H]2CCN(C)C(=O)[C@H](C)[C@@H](CN(C)C(=O)c3cccc(C#N)c3OC[C@@H]1O2)OC'],,,,,
4266,BRD-K29060081,['54618633'],['C/C=C/c1ccc2c(O[C@H](CN(C)C(=O)Cc3cccnc3)[C@@H](C)CN([C@H](C)CO)S2(=O)=O)c1'],,,,,
4267,BRD-K29063218,['54639073'],['COCC(=O)N[C@H]1C=C[C@@H](CC(=O)N2CCCCC2)O[C@@H]1CO'],,,,,
4268,BRD-K29094514,['60191281'],['OC[C@@H]1[C@@H]([C@@H]2CN(CC(=O)N12)C(=O)c1cccc(F)c1)c1ccc(cc1)C1=CCCCC1'],,,,,
4269,BRD-K29097491,['54620047'],['C[C@H](CO)N1C[C@@H](C)[C@H](CN(C)CC2CCCC2)Oc3cc(C#Cc4cccnc4)ccc3S1(=O)=O'],,,,,
4270,BRD-K29102147,['54650160'],['OC[C@@H]1N[C@@H](C#N)[C@H]1c1ccc(cc1)C#CC1CCCCC1'],,,,,
4271,BRD-K29110787,['54654085'],['CN1[C@@H]2CC[C@H](CC(=O)N3CCCCC3)O[C@H]2COc2ccc(NC(=O)c3cccs3)cc2C1=O'],,,,,
4272,BRD-K29125789,['54664958'],['CN1[C@@H](CO)[C@H]2CCN([C@H]2c2cc(Br)ccc12)C(=O)C1CCCCC1'],,,,,
4273,BRD-K29136476,['56835504'],['C[C@@H](CO)N1C[C@@H](C)[C@H](CN(C)S(=O)(=O)c2ccsc2)OCc3ccccc3-c4ccccc4C1=O'],,,,,
4274,BRD-K29137607,['54664854'],['OC[C@H]1Nc2ccc(cc2[C@H]2[C@@H]1CCN2C(=O)c1cccnc1)C1=CCCCC1'],,,,,
4275,BRD-K29138830,['44499735'],['C[C@@H](CO)N1C[C@@H](C)[C@@H](CN(C)Cc2ccccc2)Oc3c(NC(=O)c4ccncc4)cccc3C1=O'],,,,,
4276,BRD-K29140223,['44142124'],['Clc1cccc(Nc2nc(C#N)nc3n(cnc23)C4CCCC4)c1'],,,,,
4277,BRD-K29143341,['54617365'],['C[C@@H](CO)N1C[C@H](C)[C@@H](CN(C)C(=O)Nc2ccccc2)OCCCC[C@H](C)Oc3ccc(NC(=O)Nc4cccc5ccccc45)cc3C1=O'],,,,,
4278,BRD-K29150200,['54664961'],['COc1cccc(c1)-c1ccc2N[C@@H](CO)[C@@H]3CCN([C@@H]3c2c1)C(=O)Cc1ccccc1'],,,,,
4279,BRD-K29160485,['44607954'],['CS(=O)(=O)C(\\C#N)=C\\c1cccn1S(=O)(=O)c1ccc(cc1)[N+]([O-])=O'],,,,,
4280,BRD-K29162128,['44502673'],['C[C@H](CO)N1C[C@H](C)[C@@H](CN(C)CC2CC2)OCCCC[C@@H](C)Oc3ccc(NC(=O)Nc4c(C)noc4C)cc3C1=O'],,,,,
4281,BRD-K29181432,['54650135'],['OC[C@@H]1[C@@H]([C@@H](C#N)N1C(=O)Cc1ccncc1)c1ccc(cc1)C1=CCCCC1'],,,,,
4282,BRD-K29182094,['54664963'],['COc1cccc(c1)-c1ccc2N[C@H](CO)[C@@H]3CCN([C@@H]3c2c1)C(=O)Cc1ccccc1'],,,,,
4283,BRD-K29201528,['54646558'],['COc1cccc(c1)S(=O)(=O)Nc2ccc3O[C@H]4[C@H](C[C@H](CC(=O)N5CCCCC5)O[C@@H]4CO)c3c2'],,,,,
4284,BRD-K29243968,['60189760'],['COc1ccc2c3c([C@@H](CO)N(C[C@]33CCN(CC4CC4)CC3)C(=O)c3ccncc3)n(C)c2c1'],,,,,
4285,BRD-K29251608,['44500434'],['C[C@@H](CO)N1C[C@H](C)[C@H](CN(C)Cc2ccncc2)Oc3ccc(NC(=O)Cc4cn(C)c5ccccc45)cc3C1=O'],,,,,
4286,BRD-K29252735,['54666394'],['OC[C@@H]1[C@H]([C@H]2CN(Cc3cncnc3)CCCCN12)c1ccc(cc1)C#CC1(O)CCCC1'],,,,,
4287,BRD-K29253390,['54657549'],['COC(=O)C[C@H]1CC[C@H]2[C@@H](COC[C@@H](O)CN2S(=O)(=O)c2cn(C)cn2)O1'],,,,,
4288,BRD-K29255825,['54618601'],['C[C@@H](CO)N1C[C@H](C)[C@@H](CN(C)C(=O)c2ccc3OCOc3c2)Oc4ncc(cc4C1=O)C5=CCCC5'],,,,,
4289,BRD-K29256470,['54615063'],['C[C@H](CO)N1C[C@H](C)[C@@H](CN(C)CC2CC2)OCCCC[C@H](C)Oc3ccc(NC(=O)c4ccccc4)cc3C1=O'],,,,,
4290,BRD-K29258520,['54646424'],['CN(C)CC(=O)Nc1ccc2O[C@@H]3[C@@H](C[C@H](CC(=O)N4CCCCC4)O[C@H]3CO)c2c1'],,,,,
4291,BRD-K29266727,['54631995'],['CCC(=O)N1C[C@@H](C)[C@H](CN(C)C(=O)c2ccc(NC(=O)c3ccccc3)cc2OC[C@@H]1C)OC'],,,,,
4292,BRD-K29279625,['44484536'],['C[C@H](CO)N1C[C@@H](C)[C@@H](CN(C)Cc2cccc3OCCCOc23)OCc4cn(CCCC1=O)nn4'],,,,,
4293,BRD-K29280435,['56835360'],['C[C@H](CO)N1C[C@H](C)[C@@H](CN(C)C(=O)N[C@@H](C)c2ccccc2)OCc3ccccc3-c4c(C1=O)n(C)c5ccccc45'],,,,,
4294,BRD-K29286627,['54657527'],['O[C@H]1COC[C@H]2O[C@@H](CC(=O)N3CCN(CC3)c3ccccc3)CC[C@@H]2N(C1)C(=O)c1cnccn1'],,,,,
4295,BRD-K29290722,['54618609'],['C[C@H](CO)N1C[C@@H](C)[C@H](CN(C)Cc2ccc(Oc3ccccc3)cc2)Oc4ncc(cc4C1=O)c5cncnc5'],,,,,
4296,BRD-K29309835,['60184372'],['COc1ccc2c3c([C@@H](CO)N(C[C@]33CCN(CC3)S(=O)(=O)c3ccc(C)cc3)S(=O)(=O)c3ccc(C)cc3)n(C)c2c1'],,,,,
4297,BRD-K29311288,['54652467'],['COc1ccc(cc1)C(=O)N1C[C@H]2[C@H]([C@@H](CO)N2C(=O)NC(C)C)c2ccccc12'],,,,,
4298,BRD-K29312193,['54638309'],['OC[C@H]1O[C@@H](CCNS(=O)(=O)c2ccccc2Cl)CC[C@H]1NC(=O)Cc1cccnc1'],,,,,
4299,BRD-K29322455,['54649914'],['OC[C@@H]1[C@H]([C@H](C#N)N1c1nc(cs1)-c1ccccc1)c1ccc(cc1)C1=CCCC1'],,,,,
4300,BRD-K29324759,['54631753'],['CCCN1C[C@H](C)[C@H](CN(C)C(=O)c2cc(NC(=O)Nc3ccccc3F)ccc2OC[C@H]1C)OC'],,,,,
