,pert_iname,pubchem_cid_list,canonical_smiles_list,clinical_phase,moa,target,disease_area,indication
8602,BRD-K62697007,['54664983'],['OC[C@H]1Nc2ccc(cc2[C@H]2[C@@H]1CCN2Cc1ccc2OCOc2c1)-c1cccc(c1)C#N'],,,,,
8603,BRD-K62702428,['54666462'],['C[C@@H](O)C#Cc1ccc(cc1)[C@H]1[C@H](CO)N2CCCCN(C[C@@H]12)C(=O)c1ccc2OCOc2c1'],,,,,
8604,BRD-K62716919,['24747154'],['CC(C)n1nc(Cc2cccc3ccccc23)c(C#N)c1N'],,,,,
8605,BRD-K62719675,['44487010'],['C[C@@H](CO)N1C[C@@H](C)[C@@H](CN(C)C(=O)Nc2cccc3ccccc23)OCCCC[C@H](C)Oc4ccc(NC(=O)c5ccncc5)cc4C1=O'],,,,,
8606,BRD-K62724755,['54638366'],['OC[C@@H]1O[C@H](CC(=O)NCCN2CCCCC2)C=C[C@H]1NC(=O)c1cccnc1'],,,,,
8607,BRD-K62726279,['60191228'],['OC[C@H]1[C@H]([C@H]2CNCC(=O)N12)c1ccc(Br)cc1'],,,,,
8608,BRD-K62732905,['54649969'],['Cc1nc(sc1C)N1[C@@H](CO)[C@@H]([C@@H]1C#N)c1ccccc1'],,,,,
8609,BRD-K62732912,['54649361'],['CN1CCN(CC1)C(=O)c1cc2CN([C@@H](CCO)c2c(n1)-c1cccc(c1)C1=CCCC1)[S@@](=O)C(C)(C)C'],,,,,
8610,BRD-K62734359,['54657979'],['COc1ccccc1CNC(=O)C[C@@H]1CC[C@@H]2[C@H](COC[C@@H](O)CN2Cc2cccc(c2)-c2ccncc2)O1'],,,,,
8611,BRD-K62744999,['54652689'],['CC(C)NC(=O)N1[C@H](CO)[C@@H]2[C@H]1CN(C)c1ccccc21'],,,,,
8612,BRD-K62748060,['54631678'],['CO[C@@H]1CN(C)C(=O)c2cc(NC(C)=O)ccc2OC[C@@H](C)N(Cc2ccccc2OC)C[C@@H]1C'],,,,,
8613,BRD-K62748479,['44486180'],['C[C@H](CO)N1C[C@@H](C)[C@H](CN(C)C(=O)NC2CCCCC2)Oc3c(NC(=O)Nc4ccc(cc4)C(F)(F)F)cccc3C1=O'],,,,,
8614,BRD-K62753164,['54631414'],['CO[C@@H]1CN(C)C(=O)c2ccc(NC(=O)c3ccc(F)cc3)cc2OC[C@H](C)N(C[C@H]1C)C(=O)CC1CC1'],,,,,
8615,BRD-K62767164,['54665094'],['CC(C)NC(=O)N1CC[C@@H]2[C@H]1c1cc(Br)ccc1N(C)[C@@H]2CO'],,,,,
8616,BRD-K62768020,['73707344'],['ONC(=O)CCCCCC(=O)N/N=C/c1ccc(o1)S(=O)(=O)O'],,,,,
8617,BRD-K62768824,['60187516'],['COc1ccc2c3c([nH]c2c1)[C@H](CO)N(CC1CC1)C[C@]31CCN(CC1)S(=O)(=O)c1cccc(F)c1'],,,,,
8618,BRD-K62771544,['44491447'],['C[C@H](CO)N1C[C@@H](C)[C@@H](CN(C)S(=O)(=O)c2ccccc2)OCc3cn(CCCC1=O)nn3'],,,,,
8619,BRD-K62771975,['54652632'],['COc1ccccc1C(=O)N1C[C@@H]2[C@@H]([C@H](CO)N2C(=O)Nc2ccccc2)c2ccccc12'],,,,,
8620,BRD-K62773636,['54638743'],['OC[C@@H]1O[C@H](CC(=O)NCc2cc(F)cc(F)c2)CC[C@@H]1NC(=O)Nc1ccc(cc1)C(F)(F)F'],,,,,
8621,BRD-K62774106,['54665071'],['COc1cccc(c1)-c1ccc2N[C@H](CO)[C@@H]3CCN([C@@H]3c2c1)C(=O)c1ccc(F)cc1'],,,,,
8622,BRD-K62780697,['54618446'],['C[C@H](CO)N1C[C@H](C)[C@@H](CN(C)Cc2cccc(F)c2)Oc3ncc(C#CC(C)(C)O)cc3C1=O'],,,,,
8623,BRD-K62804700,['53382571'],['COC(=O)C[C@@H]1CC[C@H](NS(=O)(=O)c2ccccc2F)[C@@H](CO)O1'],,,,,
8624,BRD-K62814224,['54638516'],['CN(C)CCCNC(=O)C[C@@H]1CC[C@@H](NS(=O)(=O)c2ccc(C)cc2)[C@@H](CO)O1'],,,,,
8625,BRD-K62818989,['44618470'],['C[C@@H](CO)N1C[C@@H](C)[C@H](CN(C)Cc2ccc(cc2)C(=O)Nc3ccccc3N)Oc4ccc(cc4CC1=O)N(C)C'],,,,,
8626,BRD-K62836482,['54657920'],['CCNC(=O)C[C@@H]1CC[C@H]2[C@@H](COC[C@H](O)CN2C(=O)C2CCOCC2)O1'],,,,,
8627,BRD-K62836687,['54646025'],['OC[C@@H]1O[C@@H](CC(=O)N2CCCCC2)C[C@@H]3[C@H]1Oc4ccc(NC(=O)NC5CCCC5)cc34'],,,,,
8628,BRD-K62839271,['56835340'],['C[C@H](CO)N1C[C@H](C)[C@@H](CN(C)C)OCc2ccccc2-c3c(C1=O)n(C)c4ccccc34'],,,,,
8629,BRD-K62854197,['54630665'],['C[C@@H](CO)N1C[C@@H](C)[C@@H](CN(C)C(=O)c2ccc(F)cc2)Oc3cc(ccc3S1(=O)=O)C4=CCCCC4'],,,,,
8630,BRD-K62865272,['60188733'],['OC[C@H]1[C@@H]([C@H]2CN(CC(=O)N12)C(=O)Cc1cccnc1)c1ccc(cc1)C1=CCCC1'],,,,,
8631,BRD-K62875000,['44504973'],['C[C@@H](CO)N1C[C@@H](C)[C@@H](CN(C)C(=O)c2ccncc2)OCc3cn(CCCC1=O)nn3'],,,,,
8632,BRD-K62876373,['54658983'],['O[C@H]1COC[C@H]2O[C@H](CC(=O)NCCc3ccccc3)CC[C@@H]2N(Cc2ccc(cc2)C(F)(F)F)C1'],,,,,
8633,BRD-K62902879,['540740'],['COc1cc(ccc1OC(=O)C)C2=CCN(CC2)C(=O)C'],,,,,
8634,BRD-K62902932,['54661175'],['OC[C@@H]1[C@H]2Cn3c(cccc3=O)[C@@H]([C@H]1C(=O)NCc1ccncn1)N2CC1CC1'],,,,,
8635,BRD-K62917551,['54638885'],['Cc1ccccc1S(=O)(=O)NCC[C@@H]1CC[C@H](NS(=O)(=O)c2ccccc2C)[C@@H](CO)O1'],,,,,
8636,BRD-K62917576,['54649459'],['CC(C)(C)[S@@](=O)N1Cc2cc(nc(c2[C@H]1CCO)-c1cccc(c1)-c1ccccc1)C(=O)NCc1ccc2OCOc2c1'],,,,,
8637,BRD-K62919978,['60190071'],['COc1ccc2c3c([C@H](CO)N(C[C@]33CN(C3)S(=O)(=O)c3ccccc3)C(C)=O)n(C)c2c1'],,,,,
8638,BRD-K62932832,['60185059'],['COc1ccc2c3c([nH]c2c1)[C@@H](CO)N(Cc1ccncc1)C[C@]31CN(C1)C(=O)CN(C)C'],,,,,
8639,BRD-K62943397,['54646065'],['COCC(=O)Nc1ccc2O[C@@H]3[C@@H](C[C@@H](CC(=O)N[C@H](C)c4ccccc4)O[C@@H]3CO)c2c1'],,,,,
8640,BRD-K62957477,['54650142'],['OC[C@@H]1[C@H]([C@@H](C#N)N1C(=O)CCN1CCCCC1)c1ccccc1'],,,,,
8641,BRD-K62970326,['44502813'],['C[C@H](CO)N1C[C@H](C)[C@H](CN(C)S(=O)(=O)c2ccc(Cl)cc2)Oc3ccc(NC(=O)Nc4ccc(cc4)C(F)(F)F)cc3CC1=O'],,,,,
8642,BRD-K62975098,['54637718'],['COc1ccc(CNC(=O)N(C)C[C@H]2OCc3ccccc3-c4ccccc4C(=O)N(C[C@H]2C)[C@H](C)CO)cc1'],,,,,
8643,BRD-K62980388,['44505363'],['C[C@@H](CO)N1C[C@@H](C)[C@@H](CN(C)S(=O)(=O)c2cccc(C)c2)OCc3cnnn3CCCC1=O'],,,,,
8644,BRD-K62982188,['60189805'],['CN(C)CC(=O)N1[C@H](CO)[C@@H](c2ccccc2)C11CN(Cc2cc(F)ccc2F)C1'],,,,,
8645,BRD-K62985789,['54638684'],['CCS(=O)(=O)N[C@@H]1CC[C@@H](CC(=O)NCc2ccccn2)O[C@@H]1CO'],,,,,
8646,BRD-K62990480,['54646014'],['OC[C@H]1O[C@@H](CC(=O)NCCN2CCCCC2)C[C@H]3[C@@H]1Oc4ccc(NC(=O)c5ccc6OCOc6c5)cc34'],,,,,
8647,BRD-K62993927,['54654138'],['CN1[C@@H]2CC[C@@H](CC(=O)NCCN3CCCCC3)O[C@H]2COc2ccc(NS(=O)(=O)c3cccc(F)c3)cc2C1=O'],,,,,
8648,BRD-K62995317,['54657522'],['CCCNC(=O)N1C[C@H](O)COC[C@H]2O[C@H](CC(O)=O)CC[C@H]12'],,,,,
8649,BRD-K62999057,['54664835'],['CN1[C@@H](CO)[C@@H]2CCN([C@@H]2c2cc(Br)ccc12)C(=O)CN1CCOCC1'],,,,,
8650,BRD-K63000292,['54657604'],['O[C@H]1COC[C@H]2O[C@@H](CC(=O)Nc3ccc(cc3)-c3ccccc3)CC[C@@H]2N(Cc2ccc3OCOc3c2)C1'],,,,,
8651,BRD-K63017287,['44618293'],['CCCN(C)C[C@H]1OCCCC[C@H](C)Oc2ccc(NC(=O)CCC(F)(F)F)cc2C(=O)N(C[C@@H]1C)[C@H](C)CO'],,,,,
8652,BRD-K63025696,['54646477'],['C[C@H](NC(=O)C[C@H]1C[C@@H]2[C@@H](Oc3ccc(NC(=O)C4CCOCC4)cc23)[C@@H](CO)O1)c5ccccc5'],,,,,
8653,BRD-K63030439,['54650127'],['OC[C@@H]1[C@@H]([C@@H](C#N)N1S(=O)(=O)c1ccc(F)cc1)c1ccccc1'],,,,,
8654,BRD-K63047641,['54632134'],['CO[C@H]1CN(C)C(=O)c2ccc(NC(=O)C3CC3)cc2OC[C@@H](C)N(C[C@H]1C)C(=O)c1ccccn1'],,,,,
8655,BRD-K63072081,['54657564'],['COc1ccc(CN2C[C@H](O)COC[C@H]3O[C@@H](CC(=O)NCCN4CCCC4)CC[C@H]23)cc1'],,,,,
8656,BRD-K63077891,['44484343'],['C[C@@H](CO)N1C[C@@H](C)[C@H](CN(C)C(=O)Nc2c(C)noc2C)Oc3ccc(NC(=O)Cc4ccccc4)cc3C1=O'],,,,,
8657,BRD-K63090665,['54660760'],['OC[C@@H]1[C@H]2Cn3c(ccc(-c4ccc(F)cc4)c3=O)[C@H](N2)[C@H]1C(=O)NCCc1ccncc1'],,,,,
8658,BRD-K63091163,['54646588'],['COc1cccc(c1)S(=O)(=O)Nc2ccc3O[C@H]4[C@H](C[C@H](CC(=O)NCCc5ccccc5)O[C@@H]4CO)c3c2'],,,,,
8659,BRD-K63096635,['49843125'],['C[C@@H](CO)N1C[C@@H](C)[C@H](CN(C)CC2CC2)OCCCC[C@H](C)Oc3ccc(NC(=O)NC4CCCCC4)cc3C1=O'],,,,,
8660,BRD-K63116520,['735894'],['NCc1cccc(O)c1'],,,,,
8661,BRD-K63129749,['44237408'],['OC(c1ccc(NS(=O)(=O)c2cccc3ccccc23)cc1)(C(F)(F)F)C(F)(F)F'],,,,,
8662,BRD-K63140065,['54637841'],['COc1ccc(CNC(=O)N(C)C[C@@H]2OCc3ccccc3-c4c(C(=O)N(C[C@H]2C)[C@@H](C)CO)n(C)c5ccccc45)cc1'],,,,,
8663,BRD-K63157263,['24747339'],['COc1ccccc1c2nc(no2)c3ccc(cc3)C(=O)O'],,,,,
8664,BRD-K63157607,['54619030'],['C[C@H](CO)N1C[C@H](C)[C@@H](CN(C)C(=O)Nc2cc(F)ccc2F)Oc3cc(C#CC4CCCC4)ccc3S1(=O)=O'],,,,,
8665,BRD-K63158888,['54666625'],['COc1ccc(cc1)S(=O)(=O)N1CCCCN2[C@@H](CO)[C@@H]([C@@H]2C1)c1ccc(cc1)\\C=C\\C'],,,,,
8666,BRD-K63164430,['54658063'],['O[C@H]1COC[C@H]2O[C@H](CC(=O)NCc3ccc(F)cc3)CC[C@@H]2N(CC2CCCCC2)C1'],,,,,
8667,BRD-K63164901,['56835516'],['COc1ccc(OC(=O)N(C)C[C@@H]2OCc3ccccc3-c4ccccc4C(=O)N(C[C@H]2C)[C@H](C)CO)cc1'],,,,,
8668,BRD-K63175663,['669117'],['COc1ccc(cc1)C(=O)Nc2cccc(NC(=O)C)c2'],,,,,
8669,BRD-K63178889,['350929'],['COc1ccc2Nc3cc(Cl)ccc3Sc2c1'],,,,,
8670,BRD-K63181962,['44142057'],['Cc1cccc(c1)c2ccc3ncnc(NCc4cccnc4)c3c2'],,,,,
8671,BRD-K63197664,['60185169'],['Fc1ccc(cc1)C(=O)N1C[C@@H]2N[C@H](C1)[C@@H]2c1ccc(cc1)-c1cccnc1'],,,,,
8672,BRD-K63201679,['54637805'],['C[C@H](CO)N1C[C@H](C)[C@@H](CN(C)C(=O)Nc2ccc3OCOc3c2)OCc4ccccc4-c5ccccc5C1=O'],,,,,
8673,BRD-K63211622,['54638975'],['COc1ccccc1NC(=O)N[C@H]1CC[C@@H](CCNS(=O)(=O)c2ccccc2)O[C@@H]1CO'],,,,,
8674,BRD-K63220166,['976690'],['Cc1ccc2n(CCN3CCOCC3)c4nc5ccccc5nc4c2c1'],,,,,
8675,BRD-K63227090,['54664871'],['COc1ccccc1-c1ccc2N[C@H](CO)[C@H]3CCN([C@H]3c2c1)C(=O)C1CCCCC1'],,,,,
8676,BRD-K63233328,['54645923'],['OC[C@H]1O[C@H](CC(=O)NCCN2CCCCC2)C[C@H]3[C@@H]1Oc4ccc(NS(=O)(=O)c5ccc(F)cc5)cc34'],,,,,
8677,BRD-K63239300,['46907689'],['CC(C)Oc1ccc(cc1)-c1csc(n1)N1CCC(CC1)C(N)=O'],,,,,
8678,BRD-K63245238,['1797892'],['CCOC(=O)c1c(NC(=S)NC(=O)c2ccc(OC)c(c2)[N+](=O)[O-])sc3CCCc13'],,,,,
8679,BRD-K63250790,['60191601'],['OC[C@H]1[C@@H](c2ccccc2)C2(CN(CCC(F)(F)F)C2)N1C(=O)C1CCC1'],,,,,
8680,BRD-K63261117,['60187613'],['COc1ccc2c3c([C@@H](CO)NC[C@]33CCN(Cc4ccc(cc4)-c4ccccn4)CC3)n(C)c2c1'],,,,,
8681,BRD-K63269129,['54638979'],['COc1ccccc1NC(=O)N[C@H]1CC[C@@H](CCNS(=O)(=O)c2ccccc2)O[C@H]1CO'],,,,,
8682,BRD-K63270290,['54658005'],['O[C@@H]1COC[C@H]2O[C@@H](CC(=O)NCC3CC3)CC[C@@H]2N(CC2CCOCC2)C1'],,,,,
8683,BRD-K63279176,['54649223'],['CO[C@@H](CN(C)S(=O)(=O)c1ccc(F)cc1)[C@H](C)CN([C@H](C)CO)S(=O)(=O)c1cccc(Cl)c1'],,,,,
8684,BRD-K63285694,['54638861'],['COc1ccccc1NC(=O)N[C@H]1CC[C@H](CCn2cc(nn2)C2(O)CCCC2)O[C@H]1CO'],,,,,
8685,BRD-K63301075,['54649989'],['COc1ccccc1-c1ccc(cc1)[C@@H]1[C@H](CO)N([C@H]1C#N)C(=O)CN(C)C'],,,,,
8686,BRD-K63303938,['60191853'],['OC[C@H]1[C@@H](c2ccccc2)C2(CN(C2)C(=O)NC2CCCCC2)N1S(=O)(=O)Cc1ccccc1'],,,,,
8687,BRD-K63308290,['60138120'],['Cc1cc(C)nc(NC(=S)N2CCN(CC2)c2ncc(cc2Cl)C(F)(F)F)c1'],,,,,
8688,BRD-K63325940,['60184861'],['C\\C=C\\c1ccc(cc1)[C@@H]1[C@@H]2CNC[C@H]1N2C(=O)Nc1ccccc1Cl'],,,,,
8689,BRD-K63336416,['54646641'],['C[C@H](NC(=O)C[C@H]1C[C@@H]2[C@@H](Oc3ccc(NC(=O)c4cccnc4)cc23)[C@@H](CO)O1)c5ccccc5'],,,,,
8690,BRD-K63337793,['54654395'],['CCS(=O)(=O)Nc1ccc2OC[C@H]3O[C@H](CC(=O)NCCOC)CC[C@H]3N(C)C(=O)c2c1'],,,,,
8691,BRD-K63350243,['2989846'],['Fc1ccc2n(Cc3ccccc3)c4nc(SCCN5CCOCC5)nnc4c2c1'],,,,,
8692,BRD-K63366453,['54632217'],['COCC(=O)N1C[C@@H](C)[C@H](CN(C)C(=O)c2cc(NC(=O)c3cc(C)on3)ccc2OC[C@H]1C)OC'],,,,,
8693,BRD-K63366817,['54639012'],['OC[C@H]1O[C@@H](CC(=O)NCC2CC2)CC[C@H]1NC(=O)C1CCC1'],,,,,
8694,BRD-K63368502,['44485319'],['C[C@H](CO)N1C[C@@H](C)[C@H](CN(C)Cc2ccc(cc2)C(F)(F)F)Oc3ccc(NC(=O)Nc4ccccc4)cc3C1=O'],,,,,
8695,BRD-K63374765,['54649363'],['CC(C)(C)[S@@](=O)N1Cc2cc(nc(c2[C@H]1CCO)-c1cccc(c1)-c1ccc(cc1)C#N)C(=O)NCCc1ccncc1'],,,,,
8696,BRD-K63375110,['44486621'],['C[C@@H](CO)N1C[C@@H](C)[C@@H](CN(C)Cc2ccc(cc2)C(F)(F)F)Oc3ccc(NC(=O)Nc4cccc5ccccc45)cc3C1=O'],,,,,
8697,BRD-K63376220,['54638431'],['COc1ccccc1CNC(=O)C[C@H]1O[C@H](CO)[C@H](NC(=O)CN(C)C)C=C1'],,,,,
8698,BRD-K63383460,['44487464'],['C[C@H](CO)N1C[C@H](C)[C@@H](CN(C)C(=O)Nc2ccccc2)OCCCC[C@H](C)Oc3ccc(NC(=O)Nc4ccccc4)cc3C1=O'],,,,,
8699,BRD-K63388446,['44488301'],['C[C@@H](CO)N1C[C@@H](C)[C@H](CN(C)C(=O)NC2CCCCC2)Oc3ccc(NC(=O)C4CCCCC4)cc3C1=O'],,,,,
8700,BRD-K63399564,['44491148'],['C[C@@H](CO)N1C[C@H](C)[C@@H](CN(C)Cc2ccc(cc2)c3ccccc3)Oc4ccc(NC(=O)c5ccncc5)cc4C1=O'],,,,,
8701,BRD-K63403474,['54632022'],['CO[C@@H]1CN(C)C(=O)c2cc(NS(=O)(=O)CC(F)(F)F)ccc2OC[C@H](C)N(C[C@H]1C)C(=O)NC(C)C'],,,,,
8702,BRD-K63406873,['44490694'],['C[C@H](CO)N1C[C@@H](C)[C@@H](CN(C)C(=O)Nc2ccc(F)cc2)Oc3ccc(NC(=O)C4CC4)cc3C1=O'],,,,,
8703,BRD-K63415335,['54631419'],['CO[C@H]1CN(C)C(=O)c2cc(NC(=O)c3nc4ccccc4s3)ccc2OC[C@@H](C)N(Cc2cncnc2)C[C@H]1C'],,,,,
8704,BRD-K63423329,['54666687'],['OC[C@H]1[C@H]([C@H]2CN(Cc3cccnc3)CCCCN12)c1ccc(\\C=C\\c2ccccc2)cc1'],,,,,
8705,BRD-K63424643,['54637688'],['C[C@@H](CO)N1C[C@@H](C)[C@@H](CN(C)S(=O)(=O)c2c(C)noc2C)OCc3ccccc3-c4c(C1=O)n(C)c5ccccc45'],,,,,
8706,BRD-K63425657,['6476406'],['COc1cc(/C=C/2\\Oc3cc(O)cc(O)c3C2=O)cc(OC)c1O'],,,,,
8707,BRD-K63435201,['54660972'],['C[C@H](NC(=O)[C@H]1[C@H](CO)[C@H]2Cn3c(cccc3=O)[C@H]2N1S(C)(=O)=O)c1ccccc1'],,,,,
8708,BRD-K63435718,['44491171'],['C[C@H](CO)N1C[C@H](C)[C@H](CN(C)C)Oc2ccc(NC(=O)Nc3ccccc3)cc2C1=O'],,,,,
8709,BRD-K63442512,['44493722'],['C[C@H](CO)N1C[C@@H](C)[C@H](CN(C)C(=O)NC2CCCCC2)Oc3ccc(NC(=O)CCCN(C)C)cc3C1=O'],,,,,
8710,BRD-K63446165,['54651453'],['COCC(=O)N(C[C@@H]1[C@H]([C@H](CO)N1C(C)=O)c1ccc(cc1)\\C=C\\C)C(C)C'],,,,,
8711,BRD-K63455741,['54651209'],['CC(C)N(C[C@H]1N[C@H](CO)[C@@H]1c1ccccc1)C(=O)CN1CCOCC1'],,,,,
8712,BRD-K63458711,['54631665'],['CCCC(=O)Nc1ccc2c(OC[C@@H](C)N(C[C@H](C)[C@H](CN(C)C2=O)OC)C(=O)CN(C)C)c1'],,,,,
8713,BRD-K63473855,['44505862'],['C[C@H](CO)N1C[C@H](C)[C@@H](CN(C)C(=O)Nc2ccc3OCCOc3c2)OCc4cn(CCCC1=O)nn4'],,,,,
8714,BRD-K63484733,['54631783'],['CCCNC(=O)Nc1ccc2c(OC[C@@H](C)N(CCC(F)(F)F)C[C@@H](C)[C@H](CN(C)C2=O)OC)c1'],,,,,
8715,BRD-K63494246,['54637682'],['C[C@@H](CO)N1C[C@@H](C)[C@@H](CN(C)C(=O)[C@H]2CCCN2C)OCc3ccccc3-c4c(C1=O)n(C)c5ccccc45'],,,,,
8716,BRD-K63513868,['1523656'],['Cc1cccn2cc(COc3ccc(cc3)c4ccccc4)nc12'],,,,,
8717,BRD-K63521250,['54649342'],['COCCNC(=O)c1cc2CN([C@@H](CCO)c2c(n1)-c1cccc(c1)C1=CCCC1)[S@@](=O)C(C)(C)C'],,,,,
8718,BRD-K63521663,['54649453'],['COc1cccc(c1)-c1cccc(c1)-c1nc(cc2CN([C@H](CCO)c12)[S@](=O)C(C)(C)C)C(=O)NCC(F)(F)F'],,,,,
8719,BRD-K63523728,['54646178'],['COc1ccccc1CNC(=O)C[C@H]2C[C@H]3[C@H](Oc4ccc(NC(=O)C5CCOCC5)cc34)[C@@H](CO)O2'],,,,,
8720,BRD-K63531989,['54638639'],['OC[C@@H]1O[C@@H](CC(=O)NCc2ccc(Cl)c(Cl)c2)C=C[C@@H]1NS(=O)(=O)c1ccccc1'],,,,,
8721,BRD-K63532493,['54657944'],['O[C@@H]1COC[C@@H]2O[C@@H](CC(=O)NCC3CCCCC3)CC[C@H]2N(Cc2cccc(Cl)c2)C1'],,,,,
8722,BRD-K63539924,['54618651'],['C[C@H](CO)N1C[C@@H](C)[C@@H](CN(C)C(=O)Cc2ccccn2)Oc3ncc(cc3C1=O)c4ccc(F)cc4'],,,,,
8723,BRD-K63549648,['23863791'],['COc1ccc(CCNC(=O)[C@]2(C)[C@@H](N(C(=O)c3ccccc32)c4ccc(C)cn4)c5ccc(CO)cc5)cc1'],,,,,
8724,BRD-K63550534,['44142042'],['OC(=O)CN1C(=O)N/C(=C\\c2cccn2c3ccc(cc3)P(=O)(O)O)/C1=O'],,,,,
8725,BRD-K63559825,['54651370'],['COCCN(C[C@@H]1[C@H]([C@@H](CO)N1C(C)=O)c1ccccc1)C(=O)c1cccnc1'],,,,,
8726,BRD-K63565086,['60189738'],['CCS(=O)(=O)N1C[C@@]2(C1)CN([C@H](CO)c1[nH]c3cc(OC)ccc3c21)S(=O)(=O)c1cccc(OC)c1'],,,,,
8727,BRD-K63569039,['3235086'],['COc1cccc(c1)c2ccc3ncnc(NCc4cccnc4)c3c2'],,,,,
8728,BRD-K63585449,['54646349'],['COc1ccc(NC(=O)Nc2ccc3O[C@H]4[C@H](C[C@@H](CC(=O)N5CCN(C)CC5)O[C@H]4CO)c3c2)cc1'],,,,,
8729,BRD-K63587518,['362743'],['COc1ccc(cc1)S(=O)(=O)N(C)CC(=O)O'],,,,,
8730,BRD-K63591202,['54638018'],['C[C@@H](CO)N1C[C@@H](C)[C@@H](CN(C)C(=O)CCN(C)C)OCc2ccccc2-c3c(C1=O)n(C)c4ccccc34'],,,,,
8731,BRD-K63596086,['60190152'],['COc1ccc2c3c([nH]c2c1)[C@@H](CO)N(CC1CCCC1)C[C@]31CN(C)C1'],,,,,
8732,BRD-K63602071,['54645983'],['OC[C@@H]1O[C@H](CC(=O)NCc2ccccc2)C[C@H]3[C@@H]1Oc4ccc(NC(=O)Nc5ccccc5)cc34'],,,,,
8733,BRD-K63607326,['54649524'],['CO[C@@H]1CC[C@@H]2CCN(C)C(=O)[C@H](C)[C@@H](CN(C)C(=O)c3cc(ccc3OC[C@H]1O2)C#N)OC'],,,,,
8734,BRD-K63614890,['54666492'],['CC(C)CC#Cc1ccc(cc1)[C@H]1[C@H](CO)N2CCCCN(C[C@@H]12)C(=O)Cc1ccccn1'],,,,,
8735,BRD-K63618292,['54638310'],['OC[C@@H]1O[C@H](CCNS(=O)(=O)c2ccccc2Cl)CC[C@@H]1NC(=O)Cc1cccnc1'],,,,,
8736,BRD-K63628486,['60191449'],['COc1ccc(cc1)C#Cc1ccc(cc1)[C@H]1[C@H](CO)N2[C@H]1CN(CC2=O)C(=O)NC(C)C'],,,,,
8737,BRD-K63651474,['54632068'],['CO[C@@H]1CN(C)C(=O)c2cc(NS(=O)(=O)c3cccc(F)c3)ccc2OC[C@H](C)N(C[C@H]1C)C(=O)Cc1cccnc1'],,,,,
8738,BRD-K63662683,['60182656'],['CCCNC(=O)N1[C@H](CO)[C@@H]([C@@H]1CNC(C)C)c1ccc(cc1)C1=CCCCC1'],,,,,
8739,BRD-K63671514,['54638432'],['COc1ccccc1CNC(=O)C[C@@H]1O[C@@H](CO)[C@@H](NC(=O)CN(C)C)C=C1'],,,,,
8740,BRD-K63684048,['60189961'],['COCC(=O)N1C[C@@]2(C1)CN(Cc1cccc(F)c1)[C@@H](CO)c1c2c2ccc(OC)cc2n1C'],,,,,
8741,BRD-K63686806,['56835207'],['C[C@@H](CO)N1C[C@H](C)[C@H](CN(C)Cc2ccncc2)OCc3ccccc3-c4ccccc4C1=O'],,,,,
8742,BRD-K63697730,['23955913'],['CC(=CCc1c(O[C@@H]2O[C@H](COC(=O)CC(=O)O)[C@@H](O)[C@H](O)[C@H]2O)cc(O)c3C(=O)C[C@H](Oc13)c4ccc(O)cc4)C'],,,,,
8743,BRD-K63711119,['54665092'],['COc1ccc(NC(=O)N2CC[C@@H]3[C@H]2c2cc(Br)ccc2N(C)[C@H]3CO)cc1'],,,,,
8744,BRD-K63712590,['1374043'],['COc1ccc(cc1)-c1csc(NC(=O)CSc2nnc3c(C)cc4ccccc4n23)n1'],,,,,
8745,BRD-K63724542,['54649942'],['C\\C=C\\c1ccc(cc1)[C@@H]1[C@H](CO)N([C@@H]1C#N)C(=O)CN1CCOCC1'],,,,,
8746,BRD-K63731274,['54654522'],['COC(=O)C[C@@H]1CC[C@@H]2[C@H](COc3ccc(NC(=O)c4ccccc4F)cc3C(=O)N2C)O1'],,,,,
8747,BRD-K63733272,['44505062'],['COc1cccc(CN(C)C[C@@H]2OCc3cn(CCCC(=O)N(C[C@@H]2C)[C@@H](C)CO)nn3)c1'],,,,,
8748,BRD-K63764020,['54652623'],['CCCNC(=O)N1C[C@@H]2[C@@H]([C@H](CO)N2CC2CCCCC2)c2ccccc12'],,,,,
8749,BRD-K63770300,['56643207'],['Oc1cccc2cc(cnc12)-c1ccncc1'],,,,,
8750,BRD-K63798874,['54638447'],['OC[C@H]1O[C@H](CC(=O)N2CCC(Cc3ccccc3)CC2)C=C[C@H]1NC(=O)c1cnccn1'],,,,,
8751,BRD-K63801873,['44507262'],['C[C@@H](CO)N1C[C@H](C)[C@@H](CN(C)Cc2ccc(Oc3ccccc3)cc2)Oc4ccc(NC(=O)CCCCCC(=O)Nc5ccccc5N)cc4CC1=O'],,,,,
8752,BRD-K63806140,['54665042'],['CN1[C@@H](CO)[C@H]2CCN([C@H]2c2cc(ccc12)-c1ccc(cc1)C#N)C(C)=O'],,,,,
8753,BRD-K63809549,['54649427'],['CC(C)(C)[S@@](=O)N1Cc2cc(nc(c2[C@H]1CCO)-c1cccc(c1)-c1ccncc1)C(=O)NCc1ccc2OCOc2c1'],,,,,
8754,BRD-K63811860,['54638529'],['OC[C@H]1O[C@@H](CCNC(=O)Cc2ccccn2)CC[C@H]1NC(=O)Nc1ccc(Cl)cc1'],,,,,
8755,BRD-K63813530,['54638891'],['C[C@@H](NC(=O)C[C@H]1CC[C@H](NC(=O)c2cccnc2)[C@H](CO)O1)c1ccccc1'],,,,,
8756,BRD-K63818532,['54657614'],['O[C@@H]1COC[C@@H]2O[C@H](CC(=O)NCc3ccc(Cl)cc3)CC[C@H]2N(Cc2cc(F)ccc2F)C1'],,,,,
8757,BRD-K63827443,['54657854'],['COc1ccc(cc1)S(=O)(=O)N1C[C@H](O)COC[C@H]2O[C@@H](CC(=O)N[C@H]3CCN(Cc4ccccc4)C3)CC[C@H]12'],,,,,
8758,BRD-K63828515,['44488739'],['CC(C)NC(=O)Nc1ccc2O[C@@H](C)CCCCO[C@@H](CN(C)C(=O)c3ccncc3)[C@@H](C)CN([C@@H](C)CO)C(=O)c2c1'],,,,,
8759,BRD-K63832750,['54637655'],['COc1cccc(NC(=O)N(C)C[C@H]2OCc3ccccc3-c4ccccc4C(=O)N(C[C@H]2C)[C@H](C)CO)c1'],,,,,
8760,BRD-K63837190,['56835387'],['C[C@H](CO)N1C[C@H](C)[C@@H](CN(C)Cc2cccc(c2)C(=O)O)OCc3ccccc3-c4c(C1=O)n(C)c5ccccc45'],,,,,
8761,BRD-K63841469,['54631984'],['CO[C@H]1CN(C)C(=O)c2ccc(NC(=O)Nc3cccc(F)c3)cc2OC[C@@H](C)NC[C@H]1C'],,,,,
8762,BRD-K63843509,['54646394'],['OC[C@@H]1O[C@H](CC(=O)NCCc2ccccc2)C[C@@H]3[C@H]1Oc4ccc(NC(=O)C5CCC5)cc34'],,,,,
8763,BRD-K63851915,['54666445'],['COCC#Cc1ccc(cc1)[C@@H]1[C@H](CO)N2CCCCN(C[C@@H]12)C(=O)NC1CCCC1'],,,,,
8764,BRD-K63853782,['54660700'],['C[C@H](NC(=O)[C@@H]1[C@@H](CO)[C@@H]2Cn3c(cccc3=O)[C@H]1N2CCC(F)(F)F)c1ccccc1'],,,,,
8765,BRD-K63860984,['54654241'],['CN1[C@@H]2CC[C@@H](CC(=O)N[C@@H]3CCN(Cc4ccccc4)C3)O[C@H]2COc2ccc(NC(=O)Nc3c(C)noc3C)cc2C1=O'],,,,,
8766,BRD-K63874400,['60187750'],['COc1ccc2c3c([C@H](CO)NC[C@]33CN(Cc4cc(on4)-c4ccccc4)C3)n(C)c2c1'],,,,,
8767,BRD-K63880531,['54615105'],['C[C@@H](CO)N1C[C@@H](C)[C@H](CN(C)C(=O)c2ccncc2)OCCCC[C@@H](C)Oc3ccc(NC(=O)c4ccccc4)cc3C1=O'],,,,,
8768,BRD-K63898109,['54650093'],['CC(C)NC(=O)N1[C@@H](CO)[C@@H]([C@@H]1C#N)c1ccc(cc1)-c1ccc(F)cc1'],,,,,
8769,BRD-K63900355,['60191123'],['COCC#Cc1ccc(cc1)[C@H]1[C@H](CO)N2[C@@H]1CN(CC2=O)C(=O)C1CCCCC1'],,,,,
8770,BRD-K63903580,['54631339'],['CO[C@H]1CN(C)C(=O)c2cc(NS(=O)(=O)c3ccc(C)cc3)ccc2OC[C@@H](C)N(C[C@@H]1C)C(=O)NC(C)C'],,,,,
8771,BRD-K63915987,['6610300'],['Nc1nc(N)c(nc1Cl)C(=O)NC(=N)NCc1ccc(Cl)cc1Cl'],,,,,
8772,BRD-K63921140,['54632147'],['CO[C@H]1CN(C)C(=O)c2cc(NS(=O)(=O)Cc3ccccc3)ccc2OC[C@H](C)NC[C@H]1C'],,,,,
8773,BRD-K63922933,['54638498'],['OC[C@@H]1O[C@H](CCNS(=O)(=O)Cc2ccccc2)CC[C@@H]1NS(=O)(=O)c1ccc(F)cc1'],,,,,
8774,BRD-K63923428,['60191087'],['OC[C@H]1[C@H]([C@@H]2CN(CC(=O)N12)C(=O)Nc1ccc(F)cc1)c1ccc(cc1)-c1cccc(F)c1'],,,,,
8775,BRD-K63926219,['54646623'],['COC(=O)C[C@@H]1C[C@@H]2[C@@H](Oc3ccc(NC(=O)NC4CCCC4)cc23)[C@H](CO)O1'],,,,,
8776,BRD-K63933178,['54657625'],['O[C@@H]1COC[C@H]2O[C@@H](CC(=O)NC3Cc4ccccc4C3)CC[C@@H]2N(C1)C(=O)Cc1ccccc1'],,,,,
8777,BRD-K63938446,['54631280'],['CCCN1C[C@H](C)[C@@H](CN(C)C(=O)c2cc(NC(=O)c3cnccn3)ccc2OC[C@H]1C)OC'],,,,,
8778,BRD-K63938928,['4020695'],['COC(=O)c1cc(OC)c(=O)c2c(OC)c(OC)ccc2c1'],,,,,
8779,BRD-K63944563,['54650154'],['CCc1cnc(s1)N1[C@@H](CO)[C@@H]([C@H]1C#N)c1ccc(cc1)C1=CCCCC1'],,,,,
8780,BRD-K63946052,['54637789'],['C[C@H](CO)N1C[C@H](C)[C@H](CN(C)S(=O)(=O)CC(F)(F)F)OCc2ccccc2-c3ccccc3C1=O'],,,,,
8781,BRD-K63947990,['54658327'],['C[C@@H](NC(=O)C[C@@H]1CC[C@@H]2[C@H](COC[C@H](O)CN2Cc2ccc(cc2)C(F)(F)F)O1)c1ccccc1'],,,,,
8782,BRD-K63954456,['2202512'],['COc1cc(cc(Br)c1OCC(=O)O)c2nc3ccccc3s2'],,,,,
8783,BRD-K63964021,['54654053'],['CN1[C@@H]2CC[C@H](CC(=O)NCc3ccc4OCOc4c3)O[C@@H]2COc2ccc(NC(=O)c3ccccc3F)cc2C1=O'],,,,,
8784,BRD-K63979920,['44490830'],['COc1ccc(cc1)S(=O)(=O)N(C)C[C@@H]2Oc3c(NC(=O)NC4CCCCC4)cccc3C(=O)N(C[C@@H]2C)[C@@H](C)CO'],,,,,
8785,BRD-K63987424,['54657959'],['COc1ccccc1NC(=O)N1C[C@H](O)COC[C@H]2O[C@H](CC(=O)NCCc3ccncc3)CC[C@H]12'],,,,,
8786,BRD-K63993117,['5897'],['CC(=O)Nc1ccc-2c(Cc3ccccc-23)c1'],,,,,
8787,BRD-K64021372,['54646124'],['C[C@@H](NC(=O)C[C@@H]1C[C@@H]2[C@@H](Oc3ccc(NC(=O)c4ccc5OCOc5c4)cc23)[C@H](CO)O1)c6ccccc6'],,,,,
8788,BRD-K64023191,['54632216'],['CO[C@@H]1CN(C)C(=O)c2ccc(NC(=O)C3CCC3)cc2OC[C@@H](C)N(CC2CCCCC2)C[C@@H]1C'],,,,,
8789,BRD-K64024097,['73055061'],['CC(=O)Nc1ccc(cc1)C(=O)Nc2ccc(C)cc2N'],,,,,
8790,BRD-K64034190,['54649463'],['COc1ccc(CNC(=O)c2cc3CN([C@H](CCO)c3c(n2)-c2cccc(c2)-c2ccc(cc2)C#N)[S@](=O)C(C)(C)C)cc1'],,,,,
8791,BRD-K64040351,['54654291'],['CN1[C@@H]2CC[C@H](CC(=O)NC3Cc4ccccc4C3)O[C@H]2COc2ccc(NC(=O)c3ccc(cc3)C(F)(F)F)cc2C1=O'],,,,,
8792,BRD-K64058329,['44500012'],['COc1ccc(cc1)S(=O)(=O)N(C)C[C@@H]2Oc3c(NC(=O)Nc4ccccc4)cccc3C(=O)N(C[C@H]2C)[C@@H](C)CO'],,,,,
8793,BRD-K64062072,['54666626'],['COc1ccc(cc1)S(=O)(=O)N1CCCCN2[C@@H](CO)[C@@H]([C@H]2C1)c1ccc(cc1)\\C=C\\C'],,,,,
8794,BRD-K64070950,['54632170'],['CO[C@@H]1CN(C)C(=O)c2ccc(NC(=O)Nc3c(C)noc3C)cc2OC[C@@H](C)N(CC2CC2)C[C@H]1C'],,,,,
8795,BRD-K64075070,['54638003'],['C[C@H](CO)N1C[C@@H](C)[C@H](CN(C)C(=O)C2CC2)OCc3ccccc3-c4c(C1=O)n(C)c5ccccc45'],,,,,
8796,BRD-K64099269,['44492383'],['C[C@@H](CO)N1C[C@H](C)[C@H](CN(C)Cc2ccc(Cl)c(Cl)c2)Oc3ccc(NC(=O)c4ccncc4)cc3C1=O'],,,,,
8797,BRD-K64106162,['7060079'],['C[C@@H]1CC(=O)NN=C1c1ccc(N)c(c1)[N+]([O-])=O'],,,,,
8798,BRD-K64120525,['54638881'],['OC[C@H]1O[C@@H](CC(=O)NCC2CC2)C=C[C@@H]1NC(=O)c1ccncc1'],,,,,
8799,BRD-K64122011,['54651439'],['CCC(=O)N(C)C[C@H]1[C@@H]([C@@H](CO)N1C(=O)NC(C)C)c1ccc(cc1)\\C=C\\C'],,,,,
8800,BRD-K64133040,['54661235'],['COC(=O)[C@H]1[C@H](CO)[C@H]2Cn3c(ccc(-c4ccccc4OC)c3=O)[C@@H]1N2Cc1ccccc1'],,,,,
8801,BRD-K64136010,['54657621'],['CN(C)C(=O)C[C@H]1CC[C@H]2[C@@H](COC[C@@H](O)CN2C(=O)C2CCCC2)O1'],,,,,
8802,BRD-K64147688,['54646088'],['OC[C@H]1O[C@H](CC(=O)NCc2ccccn2)C[C@@H]3[C@H]1Oc4ccc(NC(=O)C5CCC5)cc34'],,,,,
8803,BRD-K64169482,['54637686'],['C[C@H](CO)N1C[C@@H](C)[C@H](CN(C)S(=O)(=O)c2c(C)noc2C)OCc3ccccc3-c4c(C1=O)n(C)c5ccccc45'],,,,,
8804,BRD-K64190282,['54649995'],['COc1cccc(c1)C#Cc1ccc(cc1)[C@H]1[C@@H](CO)N([C@H]1C#N)C(=O)c1ccccn1'],,,,,
8805,BRD-K64217932,['54618541'],['C[C@@H](CO)N1C[C@@H](C)[C@H](CN(C)Cc2cccc(F)c2)Oc3ncc(C#CC(C)(C)O)cc3C1=O'],,,,,
8806,BRD-K64247367,['44490884'],['CC(C)NC(=O)N(C)C[C@H]1OCCCC[C@@H](C)Oc2ccc(cc2C(=O)N(C[C@H]1C)[C@H](C)CO)N(C)C'],,,,,
8807,BRD-K64249376,['44491457'],['C[C@@H](CO)N1C[C@@H](C)[C@@H](CN(C)C(=O)Nc2ccccc2F)OCc3cn(CCCC1=O)nn3'],,,,,
8808,BRD-K64255844,['44483541'],['C[C@H](CO)N1C[C@H](C)[C@H](CN(C)Cc2ccncc2)Oc3ccc(NC(=O)Nc4cccc5ccccc45)cc3C1=O'],,,,,
8809,BRD-K64256554,['71759415'],['COc1ccc2c3c([C@H](CO)NC[C@]33CN(Cc4cc(F)ccc4F)C3)n(C)c2c1'],,,,,
8810,BRD-K64272762,['54615115'],['COc1ccc(cc1)S(=O)(=O)N(C)C[C@@H]2OCCCC[C@H](C)Oc3ccc(NS(=O)(=O)c4cn(C)cn4)cc3C(=O)N(C[C@@H]2C)[C@@H](C)CO'],,,,,
8811,BRD-K64273758,['54652524'],['OC[C@@H]1[C@H]2[C@H](CN(C(=O)Cc3ccccc3)c3ccccc23)N1C(=O)c1cccc(F)c1'],,,,,
8812,BRD-K64279463,['60185160'],['COc1cccc(CN2C[C@]3(CN(C)C3)c3c([C@@H]2CO)n(C)c2cc(OC)ccc32)c1'],,,,,
8813,BRD-K64285892,['54657774'],['CCC(=O)N1C[C@@H](O)COC[C@@H]2O[C@H](CC(=O)NCc3cc(F)cc(F)c3)CC[C@@H]12'],,,,,
8814,BRD-K64302818,['54660683'],['CN(C)C(=O)c1cccc(c1)-c1ccc2[C@@H]3N[C@H](Cn2c1=O)[C@@H](CO)[C@@H]3C(=O)NC1CCC1'],,,,,
8815,BRD-K64304398,['44487321'],['C[C@@H](CO)N1C[C@H](C)[C@H](CN(C)S(=O)(=O)c2ccccc2)Oc3ccc(NC(=O)Nc4ccc(cc4)C(F)(F)F)cc3C1=O'],,,,,
8816,BRD-K64305210,['54649920'],['CCS(=O)(=O)N1[C@H](CO)[C@@H]([C@@H]1C#N)c1ccc(cc1)C#CCC1CCCC1'],,,,,
8817,BRD-K64314806,['44460139'],['Fc1ccc(cc1)C(=O)OCC#CCSc1nnc(o1)-c1ccc(Cl)cc1'],,,,,
8818,BRD-K64320360,['60189968'],['CCC(=O)N1CC2(C1)[C@H]([C@@H](CO)N2C(=O)NC(C)C)c1ccccc1'],,,,,
8819,BRD-K64326023,['54650006'],['OC[C@@H]1[C@@H]([C@@H](C#N)N1S(=O)(=O)c1ccccc1)c1ccc(cc1)C1=CCCCC1'],,,,,
8820,BRD-K64341172,['56835322'],['C[C@@H](CO)N1C[C@H](C)[C@@H](CN(C)Cc2cccnc2)OCc3ccccc3-c4c(C1=O)n(C)c5ccccc45'],,,,,
8821,BRD-K64344970,['54638248'],['COC(=O)C[C@H]1O[C@@H](CO)[C@H](N)C=C1'],,,,,
8822,BRD-K64366758,['44492448'],['C[C@@H](CO)N1C[C@@H](C)[C@H](CN(C)Cc2ccc(Oc3ccccc3)cc2)Oc4c(NC(=O)c5ccncc5)cccc4C1=O'],,,,,
8823,BRD-K64368934,['44487909'],['C[C@@H](CO)N1C[C@@H](C)[C@@H](CN(C)S(=O)(=O)C)Oc2ccc(NC(=O)CCCN(C)C)cc2C1=O'],,,,,
8824,BRD-K64380185,['54645912'],['CS(=O)(=O)Nc1ccc2O[C@H]3[C@H](C[C@H](CC(=O)NCCc4ccccc4)O[C@H]3CO)c2c1'],,,,,
8825,BRD-K64380616,['53382703'],['COCC(=O)N1C[C@@H](C)[C@H](CN(C)C(=O)c2ccc(NC(=O)c3cnccn3)cc2OC[C@H]1C)OC'],,,,,
8826,BRD-K64391475,['54658007'],['O[C@H]1COC[C@H]2O[C@H](CC(=O)NCC3CC3)CC[C@@H]2N(CC2CCOCC2)C1'],,,,,
8827,BRD-K64398524,['60191200'],['OC[C@@H]1[C@H]([C@H]2CN(CC(=O)N12)C(=O)c1cnccn1)c1ccc(\\C=C\\c2ccccc2)cc1'],,,,,
8828,BRD-K64402699,['54652696'],['COc1ccccc1CN1[C@@H](CO)[C@H]2[C@@H]1CN(C(=O)c1cccnc1)c1ccccc21'],,,,,
8829,BRD-K64404931,['60189971'],['COc1ccc2c3c([C@H](CO)N(C[C@]33CCN(C)CC3)S(=O)(=O)c3cn(C)cn3)n(C)c2c1'],,,,,
8830,BRD-K64409112,['54646549'],['CN1CCN(CC1)C(=O)C[C@H]2C[C@H]3[C@H](Oc4ccc(NC(=O)Cc5ccncc5)cc34)[C@H](CO)O2'],,,,,
8831,BRD-K64416059,['60184817'],['COc1ccc2c3c([nH]c2c1)[C@@H](CO)N(Cc1ccccc1F)C[C@]31CN(CC2CC2)C1'],,,,,
8832,BRD-K64418359,['54657555'],['COC(=O)C[C@H]1CC[C@H]2[C@@H](COC[C@H](O)CN2S(=O)(=O)c2cn(C)cn2)O1'],,,,,
8833,BRD-K64428314,['54632038'],['CO[C@@H]1CN(C)C(=O)c2cc(NC(=O)Cc3ccccc3)ccc2OC[C@H](C)N(C[C@H]1C)C(C)=O'],,,,,
8834,BRD-K64469479,['54666544'],['COc1ccc(NC(=O)N2CCCCN3[C@@H](CO)[C@H]([C@H]3C2)c2ccc(cc2)-c2ccccc2F)cc1'],,,,,
8835,BRD-K64478751,['54631869'],['CO[C@@H]1CN(C)C(=O)c2cc(NC(=O)Cc3ccccc3)ccc2OC[C@H](C)NC[C@@H]1C'],,,,,
8836,BRD-K64497770,['54638928'],['CC(C)NC(=O)N[C@H]1CC[C@@H](CCN)O[C@H]1CO'],,,,,
8837,BRD-K64508546,['44490497'],['CC(C)NC(=O)Nc1ccc2O[C@H](CN(C)Cc3ccc(cc3)c4ccccc4)[C@@H](C)CN([C@H](C)CO)C(=O)c2c1'],,,,,
8838,BRD-K64513711,['54650002'],['COCC#Cc1ccc(cc1)[C@H]1[C@H](CO)N([C@H]1C#N)C(=O)Cc1ccccc1'],,,,,
8839,BRD-K64520484,['56835328'],['C[C@@H](CO)N1C[C@H](C)[C@@H](CN(C)C(=O)Nc2ccc(F)cc2)OCc3ccccc3-c4c(C1=O)n(C)c5ccccc45'],,,,,
8840,BRD-K64523453,['44486132'],['C[C@@H](CO)N1C[C@H](C)[C@H](CN(C)Cc2ccc(Oc3ccccc3)cc2)Oc4ccc(NC(=O)CCCN(C)C)cc4C1=O'],,,,,
8841,BRD-K64525051,['6731173'],['COCCOC(=O)N1C(=O)[C@]2([C@@H]([C@@H]3N([C@@H]2c4ccc(OCCO)cc4)[C@H]([C@H](OC3=O)c5ccccc5)c6ccccc6)C(=O)NCC=C)c7cc(C#CCC(C(=O)OC)C(=O)OC)ccc17'],,,,,
8842,BRD-K64537516,['54646035'],['CS(=O)(=O)Nc1ccc2O[C@H]3[C@H](C[C@@H](CC(=O)NCc4cc(F)ccc4F)O[C@H]3CO)c2c1'],,,,,
8843,BRD-K64544620,['54654140'],['CN1[C@@H]2CC[C@H](CC(=O)NCCN3CCCCC3)O[C@H]2COc2ccc(NS(=O)(=O)c3cccc(F)c3)cc2C1=O'],,,,,
8844,BRD-K64549867,['54638568'],['CCCNC(=O)N[C@@H]1CC[C@@H](CCn2cc(nn2)-c2cccc(F)c2)O[C@H]1CO'],,,,,
8845,BRD-K64551656,['54646128'],['C[C@@H](NC(=O)C[C@H]1C[C@H]2[C@H](Oc3ccc(NC(=O)c4ccc5OCOc5c4)cc23)[C@H](CO)O1)c6ccccc6'],,,,,
8846,BRD-K64551861,['60184193'],['COc1ccc2c3c([C@@H](CO)N(CC4CC4)C[C@]33CCN(CC3)C(=O)c3ccc4OCOc4c3)n(C)c2c1'],,,,,
8847,BRD-K64552378,['54618593'],['CC(C)NC(=O)N(C)C[C@@H]1Oc2ncc(C#CC3CC3)cc2C(=O)N(C[C@@H]1C)[C@@H](C)CO'],,,,,
8848,BRD-K64556793,['54638981'],['OC[C@H]1O[C@H](CC(=O)NCCN2CCCC2)CC[C@H]1NC(=O)c1cccc(F)c1'],,,,,
8849,BRD-K64579699,['60189658'],['CC(=O)N1CC2(C1)[C@@H]([C@H](CO)N2C(=O)CC1CC1)c1ccc(cc1)-c1ccccc1C'],,,,,
8850,BRD-K64582453,['54649926'],['CN(C)C(=O)c1ccc(cc1)-c1ccc(cc1)[C@@H]1[C@H](CO)N([C@H]1C#N)S(C)(=O)=O'],,,,,
8851,BRD-K64589075,['60184865'],['COCC(=O)N1C[C@@]2(C1)CN([C@@H](CO)c1[nH]c3cc(OC)ccc3c21)C(=O)Nc1ccccc1F'],,,,,
8852,BRD-K64597663,['60191926'],['CCCNC(=O)N1CC2(C1)[C@H]([C@H](CO)N2C(=O)CC1CC1)c1ccccc1'],,,,,
8853,BRD-K64601990,['60189987'],['C\\C=C\\c1ccc(cc1)[C@H]1[C@@H](CO)N(Cc2cncnc2)C11CN(C1)C(=O)CC1CC1'],,,,,
8854,BRD-K64607642,['71760478'],['COc1ccc2c3c([C@@H](CO)N(Cc4ccccc4)C[C@]33CN(CC4CC4)C3)n(C)c2c1'],,,,,
8855,BRD-K64609558,['60191225'],['OC[C@@H]1[C@@H]([C@@H]2CNCC(=O)N12)c1ccc(cc1)C#Cc1cccnc1'],,,,,
8856,BRD-K64615396,['44618702'],['C[C@@H](CO)N1C[C@@H](C)[C@H](CN(C)Cc2ccc(cc2)C(F)(F)F)OCCCC[C@@H](C)Oc3ccc(NC(=O)c4ccncc4)cc3C1=O'],,,,,
8857,BRD-K64618192,['54619218'],['C/C=C/c1ccc2c(O[C@H](CN(C)CC3CCOCC3)[C@H](C)CN([C@H](C)CO)S2(=O)=O)c1'],,,,,
8858,BRD-K64619734,['54657861'],['COCCNC(=O)C[C@@H]1CC[C@H]2[C@@H](COC[C@@H](O)CN2S(=O)(=O)c2ccccc2F)O1'],,,,,
8859,BRD-K64622657,['54657485'],['CN1CCN(CC1)C(=O)C[C@H]1CC[C@@H]2[C@H](COC[C@@H](O)CN2CC2CCOCC2)O1'],,,,,
8860,BRD-K64630692,['54631629'],['CO[C@@H]1CN(C)C(=O)c2cc(NC(=O)C3CCC3)ccc2OC[C@H](C)N(C)C[C@H]1C'],,,,,
8861,BRD-K64639565,['60185231'],['COc1ccccc1CN1[C@H]2CNC[C@@H]1[C@H]2c1ccc(cc1)-c1cccnc1'],,,,,
8862,BRD-K64641861,['54650109'],['COc1ccccc1NC(=O)N1[C@@H](CO)[C@@H]([C@H]1C#N)c1ccccc1'],,,,,
8863,BRD-K64643280,['54616134'],['COc1ccc(CN(C)C[C@H]2OCCCC[C@@H](C)Oc3ccc(NS(=O)(=O)c4cccs4)cc3C(=O)N(C[C@@H]2C)[C@@H](C)CO)cc1'],,,,,
8864,BRD-K64645183,['54645832'],['OC[C@H]1O[C@@H](CC(=O)N2CCc3ccccc3C2)C[C@@H]4[C@H]1Oc5ccc(NC(=O)Nc6ccc(cc6)C(F)(F)F)cc45'],,,,,
8865,BRD-K64649040,['54649328'],['CO[C@@H](CN(C)S(=O)(=O)c1ccc(Cl)cc1)[C@@H](C)CN([C@H](C)CO)S(=O)(=O)c1cccc(Cl)c1'],,,,,
8866,BRD-K64665684,['54659755'],['O[C@H]1COC[C@@H]2O[C@@H](CC[C@H]2N(C1)C(=O)Nc1ccccc1)CC(=O)NCCc1ccncc1'],,,,,
8867,BRD-K64668459,['44484570'],['C[C@@H](CO)N1C[C@H](C)[C@H](CN(C)Cc2ccncc2)OCCCC[C@@H](C)Oc3ccc(NC(=O)Nc4ccccc4)cc3C1=O'],,,,,
8868,BRD-K64682090,['53382727'],['CCCNC(=O)N[C@H]1CC[C@@H](CCn2cc(nn2)-c2cccc(F)c2)O[C@@H]1CO'],,,,,
8869,BRD-K64687628,['60192116'],['CN(C)CC(=O)N1[C@H](CO)[C@@H](c2ccccc2)C11CN(CCC(F)(F)F)C1'],,,,,
8870,BRD-K64693729,['54616296'],['COc1ccc(CN(C)C[C@H]2OCCCC[C@H](C)Oc3ccc(NC(=O)Nc4cccc5ccccc45)cc3C(=O)N(C[C@@H]2C)[C@@H](C)CO)cc1'],,,,,
8871,BRD-K64694541,['54654222'],['CN1[C@@H]2CC[C@@H](CC(=O)N3CCc4ccccc4C3)O[C@H]2COc2ccc(NS(=O)(=O)c3cccc(F)c3)cc2C1=O'],,,,,
8872,BRD-K64701969,['54637733'],['C[C@@H](CO)N1C[C@@H](C)[C@@H](CN(C)C(=O)Nc2ccc3OCOc3c2)OCc4ccccc4-c5c(C1=O)n(C)c6ccccc56'],,,,,
8873,BRD-K64704452,['54638724'],['COc1ccc(cc1)-c1cn(CC[C@@H]2CC[C@@H](NC(=O)CCN3CCCCC3)[C@H](CO)O2)nn1'],,,,,
8874,BRD-K64706654,['54639136'],['OC[C@H]1O[C@H](CC(=O)Nc2ccc(cc2)-c2ccccc2)CC[C@H]1NC(=O)Cc1cccnc1'],,,,,
8875,BRD-K64716493,['60190100'],['CCCC(=O)N1CC[C@@]2(CC1)CN[C@@H](CO)c1[nH]c3cc(OC)ccc3c21'],,,,,
8876,BRD-K64716911,['54666527'],['COc1ccccc1C#Cc1ccc(cc1)[C@H]1[C@@H](CO)N2CCCCN(C[C@H]12)C(=O)C1CCC1'],,,,,
8877,BRD-K64738596,['2225472'],['[O-][N+](=O)c1ccc2c(Cl)c(sc2c1)C(=O)NCCCN3CCOCC3'],,,,,
8878,BRD-K64741770,['54664951'],['CN(C)C(=O)c1cccc(c1)-c1ccc2N[C@@H](CO)[C@@H]3CCN([C@@H]3c2c1)S(=O)(=O)c1ccc(C)cc1'],,,,,
8879,BRD-K64751695,['44492321'],['C[C@@H](CO)N1C[C@@H](C)[C@@H](CN(C)Cc2ccc(Oc3ccccc3)cc2)Oc4ccc(NC(=O)CCCN(C)C)cc4C1=O'],,,,,
8880,BRD-K64751731,['60191103'],['COCC#Cc1ccc(cc1)[C@@H]1[C@H](CO)N2[C@@H]1CN(CC2=O)C(=O)C1CCCCC1'],,,,,
8881,BRD-K64754843,['44489685'],['C[C@H](CO)N1C[C@H](C)[C@H](CN(C)S(=O)(=O)c2c(C)noc2C)Oc3c(NC(=O)c4nc5ccccc5s4)cccc3C1=O'],,,,,
8882,BRD-K64778483,['54631570'],['CO[C@@H]1CN(C)C(=O)c2ccc(NC(C)=O)cc2OC[C@H](C)N(C[C@@H]1C)C(=O)Cc1ccccn1'],,,,,
8883,BRD-K64780785,['6622243'],['CCc1ccc(cc1)c2nc(CSCC(=O)NC3CC3)c(C)o2'],,,,,
8884,BRD-K64790987,['44503776'],['C[C@H](CO)N1C[C@@H](C)[C@H](CN(C)C(=O)Nc2cccc3ccccc23)Oc4ccc(NS(=O)(=O)C)cc4CC1=O'],,,,,
8885,BRD-K64801282,['54649356'],['COc1ccccc1-c1cccc(c1)-c1nc(cc2CN([C@H](CCO)c12)[S@](=O)C(C)(C)C)C(=O)N1CCCCC1'],,,,,
8886,BRD-K64864583,['54638465'],['OC[C@H]1O[C@H](CC(=O)N2CCOCC2)CC[C@@H]1NC(=O)c1ccccn1'],,,,,
8887,BRD-K64873832,['54657565'],['COc1ccc(CN2C[C@H](O)COC[C@@H]3O[C@H](CC(=O)NCCN4CCCC4)CC[C@@H]23)cc1'],,,,,
8888,BRD-K64877338,['24239644'],['O=C(N1CCc2ccccc2C1)C1=CC=CN2CCS(=O)(=O)N=C12'],,,,,
8889,BRD-K64881093,['44607969'],['CC(C)(C)S(=O)(=O)C(=C\\c1cccn1S(=O)(=O)c1ccccc1)\\C#N'],,,,,
8890,BRD-K64885524,['936254'],['CCc1ccc2n(CC(=O)OC)c3nc4ccccc4nc3c2c1'],,,,,
8891,BRD-K64892842,['54666487'],['C\\C=C\\c1ccc(cc1)[C@@H]1[C@@H](CO)N2CCCCN(C[C@H]12)C(=O)Cc1cccnc1'],,,,,
8892,BRD-K64900763,['56835288'],['C[C@@H](CO)N1C[C@@H](C)[C@H](CN(C)C(=O)CCC(F)(F)F)OCc2ccccc2-c3ccccc3C1=O'],,,,,
8893,BRD-K64920356,['54649339'],['CN1CCN(CC1)C(=O)c1cc2CN([C@@H](CCO)c2c(n1)-c1cccc(c1)-c1ccc(cc1)C#N)[S@@](=O)C(C)(C)C'],,,,,
8894,BRD-K64937432,['54661313'],['CCC(=O)N1[C@H]([C@H](CO)[C@H]2Cn3c(ccc(C4=CCCCC4)c3=O)[C@@H]12)C(=O)NCc1ccc(F)cc1'],,,,,
8895,BRD-K64939621,['54631882'],['CO[C@@H]1CN(C)C(=O)c2cc(NC(=O)C3CCC3)ccc2OC[C@H](C)N(C)C[C@@H]1C'],,,,,
8896,BRD-K64951577,['54615020'],['CC(C)NC(=O)Nc1ccc2O[C@H](C)CCCCO[C@H](CN(C)C(=O)NC3CCCCC3)[C@H](C)CN([C@H](C)CO)C(=O)c2c1'],,,,,
8897,BRD-K64955433,['54631398'],['CO[C@@H]1CN(C)C(=O)c2cc(NC(=O)NC3CCCCC3)ccc2OC[C@H](C)N(CCc2ccccc2)C[C@H]1C'],,,,,
8898,BRD-K64968742,['44490883'],['CC(C)NC(=O)Nc1ccc2O[C@H](C)CCCCO[C@H](CN(C)C)[C@H](C)CN([C@H](C)CO)C(=O)c2c1'],,,,,
8899,BRD-K64970062,['6875690'],['Cc1ccc(NC(=O)CCC(=O)N/N=C/c2ccc(o2)[N+](=O)[O-])cc1C'],,,,,
8900,BRD-K64979116,['44552569'],['Fc1cccc2nc(SCC(=O)Nc3ccc4CCCc4c3)n(-c3ccccc3)c(=O)c12'],,,,,
8901,BRD-K64984926,['60191353'],['COCC(=O)N1C[C@@H]2[C@@H]([C@H](CO)N2C(=O)C1)c1ccc(cc1)C#CC1CC1'],,,,,
8902,BRD-K64985742,['971629'],['COc1ccc(Cl)cc1NC(=S)NCCn2cc(Cl)cn2'],,,,,
8903,BRD-K64997042,['54646628'],['COC(=O)C[C@H]1C[C@H]2[C@H](Oc3ccc(NC(=O)NC4CCCC4)cc23)[C@H](CO)O1'],,,,,
8904,BRD-K65000194,['44487159'],['COc1ccc(NC(=O)Nc2ccc3O[C@H](CN(C)Cc4ccc5OCOc5c4)[C@@H](C)CN([C@@H](C)CO)C(=O)c3c2)cc1'],,,,,
8905,BRD-K65003634,['60185134'],['COc1ccccc1NC(=O)N1[C@H]2CNC[C@@H]1[C@@H]2c1ccc(cc1)-c1ccccc1C'],,,,,
8906,BRD-K65012833,['54657638'],['CN(C)C(=O)C[C@@H]1CC[C@@H]2[C@H](COC[C@H](O)CN2Cc2ccc(cc2)C(F)(F)F)O1'],,,,,
8907,BRD-K65037509,['44616386'],['C[C@@H](CO)N1C[C@@H](C)[C@H](CN(C)CC2CC2)OCCCC[C@H](C)Oc3ccc(NS(=O)(=O)c4ccc(F)cc4)cc3C1=O'],,,,,
8908,BRD-K65044501,['60185153'],['Cc1cccc(c1)S(=O)(=O)N1C[C@H]2N[C@@H](C1)[C@H]2c1ccc(cc1)-c1ccccc1C'],,,,,
8909,BRD-K65049758,['54661000'],['OC[C@@H]1[C@H]2Cn3c(ccc(-c4ccccc4F)c3=O)[C@@H]([C@H]1C(=O)N1CCCCC1)N2C(=O)C1CCC1'],,,,,
8910,BRD-K65050353,['2857183'],['Cn1c2ccccc2c3nnc(SCCN4CCCCC4)nc13'],,,,,
8911,BRD-K65065275,['54649576'],['CO[C@@H]1CC[C@@H]2CCOc3c(cccc3C(=O)N(C)C[C@H](C)C(=O)N(C)C[C@@H]1O2)C#N'],,,,,
8912,BRD-K65067638,['44505365'],['C[C@@H](CO)N1C[C@@H](C)[C@H](CN(C)S(=O)(=O)c2ccc3ccccc3c2)OCc4cn(CCCC1=O)nn4'],,,,,
8913,BRD-K65077386,['54646151'],['CN(C)c1ccc2O[C@@H]3[C@@H](C[C@@H](CC(=O)NCCc4ccccc4)O[C@H]3CO)c2c1'],,,,,
8914,BRD-K65081680,['54654681'],['COc1cccc(c1)C(=O)Nc1ccc2OC[C@H]3O[C@@H](CC(=O)Nc4ccc5CCCCc5c4)CC[C@@H]3N(C)C(=O)c2c1'],,,,,
8915,BRD-K65085267,['60184879'],['O=C(NC1CCCC1)N1[C@H]2CNC[C@@H]1[C@H]2c1ccc(cc1)-c1cccnc1'],,,,,
8916,BRD-K65093687,['54613965'],['C[C@H](CO)N1C[C@@H](C)[C@@H](CN(C)Cc2ccc3OCOc3c2)Oc4ccc(NC(=O)Cc5cn(C)c6ccccc56)cc4C1=O'],,,,,
8917,BRD-K65124350,['54654193'],['CN1[C@H]2CC[C@@H](CC(=O)NCCN3CCCCC3)O[C@@H]2COc2ccc(NC(=O)Nc3ccc(Cl)cc3)cc2C1=O'],,,,,
8918,BRD-K65124508,['44496471'],['C[C@@H](CO)N1C[C@@H](C)[C@@H](CN(C)CC2CC2)OCCCC[C@@H](C)Oc3ccc(NC(=O)Nc4ccccc4)cc3C1=O'],,,,,
8919,BRD-K65126127,['60185225'],['COCC(=O)N1C[C@@]2(C1)CN([C@@H](CO)c1c2c2ccc(OC)cc2n1C)C(=O)NC1CCCC1'],,,,,
8920,BRD-K65127260,['54631480'],['CO[C@@H]1CN(C)C(=O)c2ccc(NC(=O)C3CCOCC3)cc2OC[C@H](C)NC[C@H]1C'],,,,,
8921,BRD-K65134192,['44484881'],['C[C@@H](CO)N1C[C@H](C)[C@H](CN(C)Cc2ccc(Cl)c(Cl)c2)Oc3ccc(NC(=O)Nc4ccccc4)cc3C1=O'],,,,,
8922,BRD-K65134227,['54651460'],['C\\C=C\\c1ccc(cc1)[C@@H]1[C@H](CO)N(Cc2cccnc2)[C@@H]1CNC(C)C'],,,,,
8923,BRD-K65138538,['60185283'],['O=C(C1CC1)N1C[C@H]2N[C@@H](C1)[C@H]2c1ccc(cc1)-c1cncnc1'],,,,,
8924,BRD-K65139432,['60191161'],['CC(C)CC#Cc1ccc(cc1)[C@@H]1[C@H](CO)N2[C@@H]1CN(CC2=O)C(=O)c1cccc(F)c1'],,,,,
8925,BRD-K65148580,['44502929'],['C[C@H](CO)N1C[C@H](C)[C@@H](CN(C)Cc2ccc(cc2)C(F)(F)F)OCCCC[C@@H](C)Oc3ccc(NS(=O)(=O)c4c(C)noc4C)cc3C1=O'],,,,,
8926,BRD-K65148867,['46916168'],['CC(C)(C)c1ccc(cc1)C(=O)Nc1cc(Cl)ccc1-c1nn[nH]n1'],,,,,
8927,BRD-K65158783,['44504669'],['COc1ccc(CN(C)C[C@H]2Oc3ccc(NC(=O)NC4CCCCC4)cc3CC(=O)N(C[C@@H]2C)[C@@H](C)CO)cc1'],,,,,
8928,BRD-K65160163,['54661176'],['CN(C)C(=O)[C@H]1N[C@@H]2[C@@H](Cn3c2ccc(-c2ccc(F)cc2)c3=O)[C@@H]1CO'],,,,,
8929,BRD-K65160467,['44484478'],['COc1ccc(CN(C)C[C@H]2Oc3ccc(NC(=O)Cc4ccccc4)cc3CC(=O)N(C[C@H]2C)[C@@H](C)CO)cc1'],,,,,
8930,BRD-K65165610,['44498654'],['CC(C)NC(=O)Nc1ccc2O[C@@H](C)CCCCO[C@@H](CN(C)Cc3ccncc3)[C@H](C)CN([C@@H](C)CO)C(=O)c2c1'],,,,,
8931,BRD-K65200617,['1151030'],['CC[C@@H]1CN2CCc3cc(OC)c(OC)cc3[C@H]2C[C@H]1C[C@@H]1NCCc2cc(OC)c(OC)cc12'],,,,,
8932,BRD-K65213718,['73707577'],['C[C@]12N[C@H](Cc3ccccc13)c1ccc(cc21)[Si](C)(C)C'],,,,,
8933,BRD-K65222708,['54637927'],['C[C@H](CO)N1C[C@H](C)[C@H](CN(C)S(=O)(=O)c2ccsc2)OCc3ccccc3-c4ccccc4C1=O'],,,,,
8934,BRD-K65240553,['54657577'],['O[C@@H]1COC[C@H]2O[C@H](CC(=O)NCCCN3CCOCC3)CC[C@@H]2N(C1)C(=O)c1ccccc1'],,,,,
8935,BRD-K65242613,['44142093'],['COc1ccc(cc1OCC2CC2)C3=Nn4c(nnc4SC3)c5ccccc5Cl'],,,,,
8936,BRD-K65243627,['54620488'],['COc1ccc(C#Cc2cnc3O[C@H](CN(C)CC4CCCC4)[C@H](C)CN([C@@H](C)CO)C(=O)c3c2)cc1'],,,,,
8937,BRD-K65257681,['44488509'],['C[C@@H](CO)N1C[C@H](C)[C@H](CN(C)Cc2ccncc2)Oc3ccc(NC(=O)Nc4cccc5ccccc45)cc3C1=O'],,,,,
8938,BRD-K65257892,['60184973'],['COc1ccc2c3c([C@H](CO)N(C[C@]33CCN(C)CC3)S(=O)(=O)c3ccc(C)cc3)n(C)c2c1'],,,,,
8939,BRD-K65258912,['2345373'],['CCc1nc2sc3CCCCc3c2c(=O)n1NC(=O)CCl'],,,,,
8940,BRD-K65283978,['46912090'],['COc1cccc(c1)-c1cc2nc(cc(N3CCN(CC3)C(C)=O)n2n1)-c1ccco1'],,,,,
8941,BRD-K65290386,['54651704'],['COCC(=O)N(C[C@@H]1N[C@@H](CO)[C@@H]1c1ccc(cc1)C1=CCCCC1)C(C)C'],,,,,
8942,BRD-K65300017,['54637878'],['C[C@@H](CO)N1C[C@@H](C)[C@@H](CN(C)S(=O)(=O)Cc2ccccc2)OCc3ccccc3-c4c(C1=O)n(C)c5ccccc45'],,,,,
8943,BRD-K65309966,['71758998'],['COc1ccc2c3c([C@@H](CO)N(C[C@]33CN(C3)C(=O)c3ccccc3F)C(=O)Nc3ccccc3F)n(C)c2c1'],,,,,
8944,BRD-K65310032,['54654426'],['CCS(=O)(=O)Nc1ccc2OC[C@@H]3O[C@@H](CC(=O)N[C@@H]4CCN(Cc5ccccc5)C4)CC[C@H]3N(C)C(=O)c2c1'],,,,,
8945,BRD-K65315692,['54658855'],['O[C@@H]1COC[C@@H]2O[C@@H](CC(=O)NCc3ccc(Oc4ccccc4)cc3)CC[C@H]2N(Cc2nccs2)C1'],,,,,
8946,BRD-K65342196,['54631619'],['CO[C@@H]1CN(C)C(=O)c2cc(NC(=O)c3cc(C)on3)ccc2OC[C@H](C)N(CC2CC2)C[C@@H]1C'],,,,,
8947,BRD-K65342895,['6731816'],['COCCOC(=O)N1C(=O)[C@]2([C@@H]([C@@H]3N([C@@H]2c4ccccc4OCCO)[C@H]([C@H](OC3=O)c5ccccc5)c6ccccc6)C(=O)N7CCN(CC7)c8ncccn8)c9cc(C#CCC(C(=O)OC)C(=O)OC)ccc19'],,,,,
8948,BRD-K65343560,['60190947'],['CC(C)C#Cc1ccc(cc1)[C@@H]1[C@@H](CO)N2[C@@H]1CN(CC2=O)C(=O)NC1CCCC1'],,,,,
8949,BRD-K65367823,['54651476'],['OC[C@H]1N[C@H](CNC(=O)C2CCCC2)[C@H]1c1ccccc1'],,,,,
8950,BRD-K65368843,['54639111'],['OC[C@H]1O[C@@H](CC(O)=O)CC[C@@H]1NC(=O)c1ccncc1'],,,,,
8951,BRD-K65373229,['54649502'],['CO[C@@H]1CC[C@H]2CCN(C)C(=O)[C@H](C)[C@H](CN(C)C(=O)c3cccc(C#N)c3OC[C@H]1O2)OC'],,,,,
8952,BRD-K65378566,['54638690'],['OC[C@H]1O[C@H](CC(=O)N2CCc3ccccc3C2)CC[C@@H]1NC(=O)Nc1cc(F)ccc1F'],,,,,
8953,BRD-K65385622,['54665025'],['OC[C@H]1Nc2ccc(cc2[C@@H]2[C@H]1CCN2C(=O)c1ccccc1F)-c1cccc(c1)C#N'],,,,,
8954,BRD-K65392546,['54666498'],['OC[C@H]1[C@H]([C@H]2CN(Cc3ccccn3)CCCCN12)c1ccc(Br)cc1'],,,,,
8955,BRD-K65393151,['60189741'],['COc1ccc2c3c([C@H](CO)N(Cc4ccncc4)C[C@]33CCN(CC3)C(=O)Cc3ccncc3)n(C)c2c1'],,,,,
8956,BRD-K65395273,['54638224'],['COc1ccc(cc1)S(=O)(=O)N[C@@H]1C=C[C@H](CC(=O)NCCc2ccncc2)O[C@@H]1CO'],,,,,
8957,BRD-K65395967,['60185133'],['O=C(Nc1ccc2OCOc2c1)N1C[C@H]2N[C@@H](C1)[C@H]2c1ccc(cc1)-c1ccc(cc1)C#N'],,,,,
8958,BRD-K65402741,['60185172'],['CN(C)C(=O)c1ccc(cc1)-c1ccc(cc1)[C@H]1[C@H]2CN(C[C@@H]1N2)C(=O)C1CCC1'],,,,,
8959,BRD-K65404805,['44607850'],['C[C@@H](CO)N1C[C@@H](C)[C@H](CN(C)Cc2ccc3OCOc3c2)OCCCC[C@@H](C)Oc4ccc(cc4C1=O)N(C)C'],,,,,
8960,BRD-K65409714,['54618482'],['C[C@H](CO)N1C[C@@H](C)[C@@H](CN(C)S(=O)(=O)c2cccc(F)c2)Oc3cc(C#CCN(C)C)ccc3S1(=O)=O'],,,,,
8961,BRD-K65411918,['92859'],['N[C@@H](Cc1cc(I)c(Oc2ccc(O)cc2)c(I)c1)C(O)=O'],,,,,
8962,BRD-K65416438,['60184935'],['CN(C)C(=O)c1ccc(cc1)-c1ccc(cc1)[C@H]1[C@@H]2CNC[C@H]1N2Cc1ccccn1'],,,,,
8963,BRD-K65416492,['56835305'],['COc1cccc(NC(=O)N(C)C[C@@H]2OCc3ccccc3-c4c(C(=O)N(C[C@H]2C)[C@@H](C)CO)n(C)c5ccccc45)c1'],,,,,
8964,BRD-K65418120,['54658085'],['CCCNC(=O)N1C[C@@H](O)COC[C@H]2O[C@@H](CC(=O)N[C@@H]3CCN(Cc4ccccc4)C3)CC[C@H]12'],,,,,
8965,BRD-K65426421,['60189964'],['CS(=O)(=O)N1CC2(C1)[C@H]([C@@H](CO)N2Cc1ccccn1)c1ccccc1'],,,,,
8966,BRD-K65437607,['54638319'],['COc1ccc(cc1)S(=O)(=O)N[C@H]1CC[C@H](CC(=O)N2CCC(Cc3ccccc3)CC2)O[C@@H]1CO'],,,,,
8967,BRD-K65455015,['44496000'],['C[C@H](CO)N1C[C@@H](C)[C@@H](CN(C)S(=O)(=O)c2ccccc2)OCCCC[C@H](C)Oc3ccc(NC(=O)CCCN(C)C)cc3C1=O'],,,,,
8968,BRD-K65456352,['54645909'],['CS(=O)(=O)Nc1ccc2O[C@@H]3[C@@H](C[C@H](CC(=O)NCCc4ccccc4)O[C@@H]3CO)c2c1'],,,,,
8969,BRD-K65464785,['25047668'],['Cc1ccc(cc1)S(=O)(=O)N[C@@H](Cc2ccccc2)C(=O)NCCn3cc(CN4[C@@H](COCC4=O)c5ccccc5)nn3'],,,,,
8970,BRD-K65466135,['44506046'],['C[C@H](CO)N1C[C@@H](C)[C@H](CN(C)Cc2ccc(cc2)c3ccccc3)OCc4cnnn4CCCC1=O'],,,,,
8971,BRD-K65481562,['54649992'],['COc1ccccc1-c1ccc(cc1)[C@@H]1[C@@H](CO)N([C@@H]1C#N)C(=O)CN(C)C'],,,,,
8972,BRD-K65482654,['54657630'],['O[C@@H]1COC[C@@H]2O[C@@H](CC(=O)NC3Cc4ccccc4C3)CC[C@H]2N(C1)C(=O)Cc1ccccc1'],,,,,
8973,BRD-K65485797,['54646249'],['OC[C@@H]1O[C@@H](CC(=O)NCc2ccc3OCOc3c2)C[C@@H]4[C@H]1Oc5ccc(NC(=O)Nc6ccccc6F)cc45'],,,,,
8974,BRD-K65494396,['54615933'],['COc1ccc(NC(=O)N(C)C[C@H]2OCCCC[C@H](C)Oc3ccc(NC(=O)C4CCCCC4)cc3C(=O)N(C[C@@H]2C)[C@@H](C)CO)cc1'],,,,,
8975,BRD-K65504774,['54646096'],['OC[C@H]1O[C@H](CC(=O)N2CCOCC2)C[C@@H]3[C@H]1Oc4ccc(NC(=O)Nc5ccccc5F)cc34'],,,,,
8976,BRD-K65506786,['54650194'],['CC(C)NC(=O)N1[C@H](CO)[C@@H]([C@H]1C#N)c1ccc(cc1)C#CC1CCCCC1'],,,,,
8977,BRD-K65514600,['44503376'],['CC(C)NC(=O)N(C)C[C@H]1OCCCC[C@@H](C)Oc2ccc(NS(=O)(=O)c3cn(C)cn3)cc2C(=O)N(C[C@@H]1C)[C@H](C)CO'],,,,,
8978,BRD-K65517548,['54631955'],['CO[C@@H]1CN(C)C(=O)c2ccc(NC(=O)Nc3cc(F)ccc3F)cc2OC[C@H](C)N(C)C[C@H]1C'],,,,,
8979,BRD-K65526065,['60191411'],['CS(=O)(=O)N1C[C@H]2[C@@H]([C@H](CO)N2C(=O)C1)c1ccc(cc1)C#CCC1CCCC1'],,,,,
8980,BRD-K65536202,['44500117'],['C[C@@H](CO)N1C[C@@H](C)[C@@H](CN(C)Cc2ccc(cc2)c3ccccc3)Oc4c(cccc4C1=O)N(C)C'],,,,,
8981,BRD-K65540587,['44486384'],['CC(C)NC(=O)Nc1ccc2O[C@@H](C)CCCCO[C@H](CN(C)C(=O)Nc3ccccc3)[C@H](C)CN([C@@H](C)CO)C(=O)c2c1'],,,,,
8982,BRD-K65541951,['54661364'],['OC[C@@H]1[C@H]2Cn3c(cccc3=O)[C@H]2N([C@H]1C(=O)NCC(F)(F)F)C(=O)C1CC1'],,,,,
8983,BRD-K65567503,['60185388'],['COc1ccccc1CN1C[C@H]2N[C@@H](C1)[C@H]2c1ccc(cc1)-c1cccnc1'],,,,,
8984,BRD-K65572849,['44490381'],['C[C@@H](CO)N1C[C@@H](C)[C@H](CN(C)C(=O)CCCN(C)C)OCCCC[C@H](C)Oc2ccc(NS(=O)(=O)c3ccccc3)cc2C1=O'],,,,,
8985,BRD-K65598260,['54665064'],['CN1[C@@H](CO)[C@H]2CCN([C@H]2c2cc(ccc12)-c1cccc(F)c1)C(=O)Cc1cccnc1'],,,,,
8986,BRD-K65603160,['54649591'],['CO[C@@H]1CC[C@H]2CCOc3c(cccc3C(=O)N(C)[C@@H](C)C(=O)N(C)C[C@@H]1O2)C#N'],,,,,
8987,BRD-K65608865,['54638364'],['OC[C@@H]1O[C@@H](CC(=O)NCCN2CCCCC2)C=C[C@H]1NC(=O)c1cccnc1'],,,,,
8988,BRD-K65617817,['54651424'],['C\\C=C\\c1ccc(cc1)[C@@H]1[C@@H](CO)N([C@H]1CN(C)C(=O)NC1CCCC1)C(C)=O'],,,,,
8989,BRD-K65617968,['54664924'],['COCC(=O)N1CC[C@@H]2[C@H]1c1cc(ccc1N(C)[C@@H]2CO)-c1ccc(F)cc1'],,,,,
8990,BRD-K65633533,['54652644'],['COCC(=O)N1[C@@H](CO)[C@@H]2[C@H]1CNc1ccccc21'],,,,,
8991,BRD-K65655554,['60191247'],['OC[C@@H]1[C@H]([C@@H]2CN(CC(=O)N12)C(=O)C1CCOCC1)c1ccc(\\C=C\\c2ccccc2)cc1'],,,,,
8992,BRD-K65657366,['54658042'],['Cc1ccccc1S(=O)(=O)N1C[C@H](O)COC[C@H]2O[C@@H](CC(=O)NCc3ccccc3Cl)CC[C@H]12'],,,,,
8993,BRD-K65677539,['54664914'],['COc1cccc(c1)C#Cc1ccc2N(C)[C@H](CO)[C@@H]3CCN([C@@H]3c2c1)C(=O)c1ccccc1F'],,,,,
8994,BRD-K65715788,['44487905'],['C[C@@H](CO)N1C[C@@H](C)[C@@H](CN(C)Cc2ccc(Cl)c(Cl)c2)Oc3ccc(NC(=O)CCN4CCOCC4)cc3C1=O'],,,,,
8995,BRD-K65716211,['54651294'],['COCC(=O)NC[C@H]1[C@@H]([C@@H](CO)N1C(=O)C1CC1)c1ccc(cc1)C1=CCCC1'],,,,,
8996,BRD-K65729053,['54661145'],['OC[C@H]1[C@@H]2Cn3c(ccc(-c4cccnc4)c3=O)[C@H]([C@@H]1C(O)=O)N2C(=O)Nc1cc(F)ccc1F'],,,,,
8997,BRD-K65730939,['54646037'],['CS(=O)(=O)Nc1ccc2O[C@H]3[C@H](C[C@H](CC(=O)NCc4cc(F)ccc4F)O[C@H]3CO)c2c1'],,,,,
8998,BRD-K65735929,['54638290'],['C[C@@H](NC(=O)C[C@H]1O[C@H](CO)[C@@H](NC(=O)Cc2ccccn2)C=C1)c1ccccc1'],,,,,
8999,BRD-K65738831,['60185198'],['COc1ccc2c3c([C@@H](CO)N(C[C@]33CN(CC4CCOCC4)C3)C(=O)c3ccc(F)cc3)n(C)c2c1'],,,,,
9000,BRD-K65742362,['5040456'],['CN(C)S(=O)(=O)c1cccc(c1)n2sc3ccccc3c2=O'],,,,,
9001,BRD-K65750227,['54632078'],['CO[C@H]1CN(C)C(=O)c2cc(NC(=O)C3CC3)ccc2OC[C@@H](C)N(CCC(F)(F)F)C[C@H]1C'],,,,,
9002,BRD-K65750468,['54652572'],['OC[C@H]1[C@@H]2[C@@H](CN(C(=O)c3ccncc3)c3ccccc23)N1Cc1ccccc1F'],,,,,
9003,BRD-K65752719,['54637764'],['C[C@H](CO)N1C[C@H](C)[C@H](CN(C)C(=O)c2c(C)noc2C)OCc3ccccc3-c4ccccc4C1=O'],,,,,
9004,BRD-K65761985,['54661324'],['CN1CCN(CC1)C(=O)[C@H]1[C@H](CO)[C@H]2Cn3c(cccc3=O)[C@@H]1N2Cc1ccncc1'],,,,,
9005,BRD-K65766198,['54646143'],['CS(=O)(=O)Nc1ccc2O[C@@H]3[C@@H](C[C@@H](CC(=O)NC4CCCC4)O[C@H]3CO)c2c1'],,,,,
9006,BRD-K65774694,['44634542'],['Cc1c(c2ccccc2n1C)P(=O)(c1ccccc1)c1ccccc1'],,,,,
9007,BRD-K65778372,['54646021'],['OC[C@@H]1O[C@@H](CC(=O)NCCN2CCCCC2)C[C@H]3[C@@H]1Oc4ccc(NC(=O)c5ccc6OCOc6c5)cc34'],,,,,
9008,BRD-K65778880,['56835290'],['C[C@@H](CO)N1C[C@@H](C)[C@H](CN(C)C(=O)c2ccncc2)OCc3ccccc3-c4ccccc4C1=O'],,,,,
9009,BRD-K65790118,['44486951'],['C[C@@H](CO)N1C[C@H](C)[C@H](CN(C)C(=O)c2cc(on2)c3ccccc3)OCc4cn(CCCC1=O)nn4'],,,,,
9010,BRD-K65801064,['60185196'],['COc1ccc2c3c([nH]c2c1)[C@H](CO)N(C[C@]31CCN(CC1)S(=O)(=O)c1cccc(C)c1)C(=O)Nc1cccc(F)c1'],,,,,
9011,BRD-K65809558,['54625722'],['C[C@@H](CO)N1C[C@H](C)[C@@H](CN(C)Cc2ccccc2)Oc3cc(C#CCN(C)C)ccc3S1(=O)=O'],,,,,
9012,BRD-K65824347,['54654364'],['CN1[C@H]2CC[C@H](CC(=O)NC3Cc4ccccc4C3)O[C@@H]2COc2ccc(NS(=O)(=O)c3ccccc3F)cc2C1=O'],,,,,
9013,BRD-K65836281,['54661383'],['CN(C)C(=O)[C@H]1[C@H](CO)[C@H]2Cn3c(ccc(-c4ccccc4)c3=O)[C@@H]1N2C(=O)C1CCC1'],,,,,
9014,BRD-K65837806,['44505398'],['C[C@H](CO)N1C[C@H](C)[C@H](CN(C)C(=O)Oc2cccc3ccccc23)OCc4cn(CCCC1=O)nn4'],,,,,
9015,BRD-K65851733,['54654561'],['COC(=O)C[C@H]1CC[C@H]2[C@H](COc3ccc(NC(=O)Cc4cccs4)cc3C(=O)N2C)O1'],,,,,
9016,BRD-K65857447,['60184717'],['Cc1ccc(cc1)-c1ccc(cc1)[C@H]1[C@@H]2CNC[C@H]1N2S(=O)(=O)c1ccc(C)cc1'],,,,,
9017,BRD-K65862059,['54649424'],['CN(C)C(=O)c1ccc(cc1)-c1cccc(c1)-c1nc(cc2CN([C@H](CCO)c12)[S@](=O)C(C)(C)C)C(=O)N(C)C'],,,,,
9018,BRD-K65900075,['54631976'],['CO[C@@H]1CN(C)C(=O)c2ccc(NC(=O)NC(C)C)cc2OC[C@H](C)N(Cc2ccccn2)C[C@H]1C'],,,,,
9019,BRD-K65904652,['44506810'],['C[C@@H](CO)N1C[C@H](C)[C@@H](CN(C)S(=O)(=O)c2ccc(Cl)cc2)Oc3c(NC(=O)CCCCCC(=O)Nc4ccccc4N)cccc3C1=O'],,,,,
9020,BRD-K65909937,['54658006'],['O[C@H]1COC[C@@H]2O[C@@H](CC(=O)NCC3CC3)CC[C@H]2N(CC2CCOCC2)C1'],,,,,
9021,BRD-K65913932,['54646348'],['COc1ccc(NC(=O)Nc2ccc3O[C@@H]4[C@@H](C[C@H](CC(=O)N5CCN(C)CC5)O[C@@H]4CO)c3c2)cc1'],,,,,
9022,BRD-K65920478,['60190188'],['COc1cccc(CN2C[C@]3(CN(CC4CCOCC4)C3)c3c([nH]c4cc(OC)ccc34)[C@H]2CO)c1'],,,,,
9023,BRD-K65922289,['54645887'],['OC[C@H]1O[C@H](CC(=O)NCc2ccccc2F)C[C@@H]3[C@H]1Oc4ccc(NC(=O)NC5CCCC5)cc34'],,,,,
9024,BRD-K65927019,['54666599'],['CN(C)CC#Cc1ccc(cc1)[C@@H]1[C@H](CO)N2CCCCN(C[C@@H]12)C(=O)Nc1ccccc1F'],,,,,
9025,BRD-K65927786,['54658104'],['O[C@@H]1COC[C@H]2O[C@H](CC(=O)NCc3cccc(F)c3)CC[C@@H]2N(C1)C(=O)c1ccncc1'],,,,,
9026,BRD-K65946722,['60184991'],['COc1ccc2c3c([nH]c2c1)[C@H](CO)N(C[C@]31CN(Cc2ccc(F)cc2)C1)C(=O)NC(C)C'],,,,,
9027,BRD-K65955264,['5716367'],['CCCCCC[n+]1ccccc1\\C=C\\c1ccc(cc1)N(C)C'],,,,,
9028,BRD-K65959597,['44506886'],['C[C@H](CO)N1C[C@H](C)[C@H](CN(C)Cc2ccc(cc2)C(F)(F)F)OCCCC[C@@H](C)Oc3ccc(NC(=O)CCCCCC(=O)Nc4ccccc4N)cc3C1=O'],,,,,
9029,BRD-K65968843,['54649948'],['OC[C@H]1[C@H]([C@@H](C#N)N1C(=O)c1cccc(F)c1)c1ccc(cc1)C1=CCCCC1'],,,,,
9030,BRD-K65968856,['54637814'],['C[C@H](CO)N1C[C@@H](C)[C@@H](CN(C)C(=O)N[C@H](C)c2ccccc2)OCc3ccccc3-c4ccccc4C1=O'],,,,,
9031,BRD-K65971331,['25330436'],['COc1cccc(CN(C)C(=O)c2ccc(OCc3cn4cccc(C)c4n3)cc2)c1OC'],,,,,
9032,BRD-K65974287,['54646624'],['COC(=O)C[C@@H]1C[C@H]2[C@H](Oc3ccc(NC(=O)NC4CCCC4)cc23)[C@@H](CO)O1'],,,,,
9033,BRD-K65981456,['121051'],['CC(=O)NCCc1ccc(O)cc1'],,,,,
9034,BRD-K65981470,['54645815'],['OC[C@H]1O[C@H](CC(=O)NCCN2CCCCC2)C[C@H]3[C@@H]1Oc4ccc(NC(=O)C5CCOCC5)cc34'],,,,,
9035,BRD-K65983169,['60185224'],['COc1ccc2c3c([nH]c2c1)[C@@H](CO)N(C[C@]31CN(CC2CCOCC2)C1)C(=O)Nc1c(C)noc1C'],,,,,
9036,BRD-K65983740,['44487505'],['C[C@@H](CO)N1C[C@@H](C)[C@H](CN(C)C(=O)Nc2cccc3ccccc23)OCCCC[C@H](C)Oc4ccc(NC(=O)c5ccncc5)cc4C1=O'],,,,,
9037,BRD-K65988431,['54657561'],['O[C@@H]1COC[C@H]2O[C@@H](CC(=O)N3CCCCC3)CC[C@@H]2N(C1)S(=O)(=O)c1cccc(Cl)c1'],,,,,
9038,BRD-K65997856,['54618712'],['CNC[C@@H]1Oc2ncc(/C=C/c3ccccc3)cc2C(=O)N(C[C@@H]1C)[C@H](C)CO'],,,,,
9039,BRD-K66033125,['54657801'],['COc1cccc(NC(=O)N2C[C@@H](O)COC[C@@H]3O[C@H](CC(=O)N(C)C)CC[C@@H]23)c1'],,,,,
9040,BRD-K66035321,['44485060'],['C[C@@H](CO)N1C[C@@H](C)[C@H](CN(C)C(=O)Cc2ccccc2)OCc3cn(CCCC1=O)nn3'],,,,,
9041,BRD-K66037923,['44142148'],['Cn1nnnc1Sc2ncnc3scc(c4cccc(c4)S(=O)(=O)C)c23'],,,,,
9042,BRD-K66046471,['54631344'],['CO[C@@H]1CN(C)C(=O)c2cc(NC(=O)c3cccc(F)c3)ccc2OC[C@H](C)N(C)C[C@@H]1C'],,,,,
9043,BRD-K66046647,['60185036'],['COc1ccc2c3c([nH]c2c1)[C@@H](CO)N(C[C@]31CN(C1)C(=O)c1ccccc1F)C(=O)Nc1ccc(F)cc1'],,,,,
9044,BRD-K66052559,['54646682'],['CN(C)CC(=O)Nc1ccc2O[C@H]3[C@H](C[C@@H](CC(=O)N4CCc5ccccc5C4)O[C@@H]3CO)c2c1'],,,,,
9045,BRD-K66064682,['54660702'],['OC[C@@H]1[C@H]2Cn3c(=O)c(\\C=C\\c4ccccc4)ccc3[C@H]2N(Cc2ccc3OCOc3c2)[C@H]1C(O)=O'],,,,,
9046,BRD-K66084396,['54649996'],['COc1cccc(c1)C#Cc1ccc(cc1)[C@H]1[C@@H](CO)N([C@@H]1C#N)C(=O)c1ccccn1'],,,,,
9047,BRD-K66123981,['54666438'],['OC[C@@H]1[C@H]([C@H]2CN(CCCCN12)S(=O)(=O)c1ccc(F)cc1)c1ccc(cc1)-c1cncnc1'],,,,,
9048,BRD-K66131980,['54646235'],['C[C@H](NC(=O)C[C@H]1C[C@@H]2[C@@H](Oc3ccc(NC(=O)Nc4ccc(cc4)C(F)(F)F)cc23)[C@@H](CO)O1)c5ccccc5'],,,,,
9049,BRD-K66142238,['54654580'],['COc1ccccc1C(=O)Nc1ccc2OC[C@@H]3O[C@@H](CC(=O)NCCc4ccncc4)CC[C@@H]3N(C)C(=O)c2c1'],,,,,
9050,BRD-K66147676,['54631802'],['CO[C@@H]1CN(C)C(=O)c2cc(NC(=O)Nc3ccccc3OC)ccc2OC[C@@H](C)N(C)C[C@H]1C'],,,,,
9051,BRD-K66149656,['54638675'],['OC[C@@H]1O[C@H](CCNC(=O)Cc2ccncc2)CC[C@H]1NC(=O)C1CCC1'],,,,,
9052,BRD-K66177994,['60191080'],['CC(C)NC(=O)N1C[C@@H]2[C@H]([C@H](CO)N2C(=O)C1)c1ccc(\\C=C\\c2ccccc2)cc1'],,,,,
9053,BRD-K66184091,['54638768'],['CC(C)NC(=O)NCC[C@@H]1CC[C@H](NS(=O)(=O)c2ccc(Oc3ccccc3)cc2)[C@@H](CO)O1'],,,,,
9054,BRD-K66185150,['44487401'],['CC(C)NC(=O)N(C)C[C@@H]1OCCCC[C@@H](C)Oc2ccc(NC(=O)CCCN(C)C)cc2C(=O)N(C[C@@H]1C)[C@H](C)CO'],,,,,
9055,BRD-K66185487,['54638704'],['OC[C@H]1O[C@@H](CC(=O)Nc2nccs2)C=C[C@H]1NC(=O)c1cccc(F)c1'],,,,,
9056,BRD-K66187495,['60185118'],['COc1ccc2c3c([C@@H](CO)N(C)C[C@]33CN(CC4CC4)C3)n(C)c2c1'],,,,,
9057,BRD-K66191602,['44500488'],['CC(C)NC(=O)Nc1ccc2O[C@H](CN(C)Cc3ccc4OCOc4c3)[C@H](C)CN([C@@H](C)CO)C(=O)Cc2c1'],,,,,
9058,BRD-K66199575,['56835350'],['C[C@@H](CO)N1C[C@@H](C)[C@H](CN(C)C(=O)c2ccncc2)OCc3ccccc3-c4c(C1=O)n(C)c5ccccc45'],,,,,
9059,BRD-K66204187,['54618500'],['C[C@H](CO)N1C[C@H](C)[C@@H](CN(C)C(=O)C2CCCCC2)Oc3ncc(C#Cc4ccccc4F)cc3C1=O'],,,,,
9060,BRD-K66205522,['54646221'],['CN(C)c1ccc2O[C@@H]3[C@@H](C[C@H](CC(=O)NCc4ccc(Oc5ccccc5)cc4)O[C@@H]3CO)c2c1'],,,,,
9061,BRD-K66221011,['44490393'],['CC(C)NC(=O)Nc1ccc2O[C@H](C)CCCCO[C@@H](CN(C)C(=O)CCCN(C)C)[C@H](C)CN([C@@H](C)CO)C(=O)c2c1'],,,,,
9062,BRD-K66224104,['3477497'],['Cc1ccc(NCn2c(=O)oc3ccccc23)cc1'],,,,,
9063,BRD-K66253082,['54664933'],['CCCC#Cc1ccc2N(C)[C@H](CO)[C@@H]3CCN([C@@H]3c2c1)S(=O)(=O)c1ccccc1'],,,,,
9064,BRD-K66261897,['54616981'],['C[C@@H](CO)N1C[C@H](C)[C@@H](CN(C)S(=O)(=O)c2ccc(Cl)cc2)OCCCC[C@@H](C)Oc3ccc(NC(=O)CCC(F)(F)F)cc3C1=O'],,,,,
9065,BRD-K66271478,['54651337'],['CCN(C[C@@H]1N[C@@H](CO)[C@H]1c1ccc(cc1)\\C=C\\C)C(=O)CN1CCOCC1'],,,,,
9066,BRD-K66295388,['60185235'],['COc1ccc2c3c([C@H](CO)N(C[C@]33CCN(CC3)C(=O)Nc3cccc(F)c3)S(C)(=O)=O)n(C)c2c1'],,,,,
9067,BRD-K66295580,['44492330'],['CNC[C@H]1Oc2ccc(NC(=O)Nc3ccccc3)cc2C(=O)N(C[C@H]1C)[C@@H](C)CO'],,,,,
9068,BRD-K66299073,['54658083'],['CCCNC(=O)N1C[C@H](O)COC[C@H]2O[C@@H](CC(=O)N[C@H]3CCN(Cc4ccccc4)C3)CC[C@H]12'],,,,,
9069,BRD-K66328731,['54645888'],['OC[C@@H]1O[C@@H](CC(=O)NCc2ccccc2F)C[C@H]3[C@@H]1Oc4ccc(NC(=O)NC5CCCC5)cc34'],,,,,
9070,BRD-K66333474,['54652435'],['OC[C@@H]1[C@@H]2[C@@H](CN(C(=O)Nc3ccc(F)cc3)c3ccccc23)N1C(=O)c1cccnc1'],,,,,
9071,BRD-K66340791,['60184921'],['COCC(=O)N1CC[C@@]2(CC1)CN(Cc1cc(F)ccc1F)[C@H](CO)c1c2c2ccc(OC)cc2n1C'],,,,,
9072,BRD-K66344816,['54646566'],['OC[C@@H]1O[C@H](CC(=O)NCc2ccccn2)C[C@@H]3[C@H]1Oc4ccc(NC(=O)Cc5ccncc5)cc34'],,,,,
9073,BRD-K66356233,['54657616'],['O[C@H]1COC[C@@H]2O[C@@H](CC(=O)NCc3ccc(Cl)cc3)CC[C@H]2N(Cc2cc(F)ccc2F)C1'],,,,,
9074,BRD-K66357706,['56835469'],['C[C@@H](CO)N1C[C@@H](C)[C@H](CN(C)Cc2ccncc2)OCc3ccccc3-c4ccccc4C1=O'],,,,,
9075,BRD-K66359319,['845368'],['CCc1ccc2nc(Nc3nc(=O)c4ccccc4[nH]3)nc(C)c2c1'],,,,,
9076,BRD-K66363099,['44495439'],['C[C@@H](CO)N1C[C@H](C)[C@H](CN(C)Cc2ccncc2)OCc3cnnn3CCCC1=O'],,,,,
9077,BRD-K66378473,['54638882'],['OC[C@@H]1O[C@H](CC(=O)NCC2CC2)C=C[C@H]1NC(=O)c1ccncc1'],,,,,
9078,BRD-K66381707,['15993715'],['Cn1c2ccc(/N=C/c3ccccc3O)cc2c4nc5ccccc5nc14'],,,,,
9079,BRD-K66383562,['54654477'],['CN1[C@H]2CC[C@@H](CC(=O)NCc3ccc(cc3)-c3ccccc3)O[C@H]2COc2ccc(NC(=O)c3cc(C)on3)cc2C1=O'],,,,,
9080,BRD-K66390767,['54651307'],['OC[C@H]1[C@@H]([C@@H](CNC(=O)C2CCC2)N1C(=O)Cc1ccncc1)c1ccccc1'],,,,,
9081,BRD-K66401835,['54632066'],['COCC(=O)Nc1ccc2c(OC[C@H](C)N(C[C@@H](C)[C@@H](CN(C)C2=O)OC)C(=O)NC(C)C)c1'],,,,,
9082,BRD-K66413861,['54646709'],['CS(=O)(=O)Nc1ccc2O[C@H]3[C@H](C[C@@H](CC(=O)NCC4CC4)O[C@H]3CO)c2c1'],,,,,
9083,BRD-K66426634,['6729040'],['NC(=O)NCC#Cc1ccc2NC(=O)[C@@]3([C@H]([C@H]4N([C@H]3c5ccc(OCCO)cc5)[C@@H]([C@@H](OC4=O)c6ccccc6)c7ccccc7)C(=O)NCC=C)c2c1'],,,,,
9084,BRD-K66438357,['24747175'],['OCCNc1nc(Nc2ccccc2C(F)(F)F)nc(n1)N3CCCC3'],,,,,
9085,BRD-K66442181,['54637684'],['C[C@H](CO)N1C[C@@H](C)[C@@H](CN(C)C(=O)[C@@H]2CCCN2C)OCc3ccccc3-c4c(C1=O)n(C)c5ccccc45'],,,,,
9086,BRD-K66446284,['44537751'],['C[C@@H](CO)N1C[C@@H](C)[C@H](CN(C)S(=O)(=O)c2cccs2)Oc3ccc(NC(=O)Nc4ccc(cc4)C(F)(F)F)cc3CC1=O'],,,,,
9087,BRD-K66448556,['44460135'],['Fc1ccc(cc1)C(=O)OCC#CCSc1nnc(o1)-c1ccccc1Cl'],,,,,
9088,BRD-K66480544,['54661013'],['OC[C@@H]1[C@H]2Cn3c(=O)cccc3[C@H]2N(Cc2ncoc2)[C@H]1C(=O)N1CCC(CC1)Cc1ccccc1'],,,,,
9089,BRD-K66521855,['54649450'],['CN(C)C(=O)c1cccc(c1)-c1cccc(c1)-c1nc(cc2CN([C@@H](CCO)c12)[S@@](=O)C(C)(C)C)C(=O)N1CCN(C)CC1'],,,,,
9090,BRD-K66533845,['54631562'],['CO[C@H]1CN(C)C(=O)c2cc(NC(=O)c3cccc(OC)c3)ccc2OC[C@@H](C)NC[C@@H]1C'],,,,,
9091,BRD-K66536842,['44617311'],['C[C@H](CO)N1C[C@@H](C)[C@H](CN(C)C(=O)c2ccccc2)OCCCC[C@H](C)Oc3ccc(NC(=O)c4ccccc4)cc3C1=O'],,,,,
9092,BRD-K66555134,['44484515'],['C[C@H](CO)N1C[C@H](C)[C@H](CN(C)C(=O)c2ccc(cc2)N3CCN(C)CC3)OCc4cn(CCCC1=O)nn4'],,,,,
9093,BRD-K66555411,['4064091'],['Cc1ccc(cc1)-c1nn(cc1C=C1SC(=S)N(CCS(O)(=O)=O)C1=O)-c1ccccc1'],,,,,
9094,BRD-K66559265,['54637760'],['CNC[C@H]1OCc2ccccc2-c3ccccc3C(=O)N(C[C@@H]1C)[C@H](C)CO'],,,,,
9095,BRD-K66566233,['54646729'],['OC[C@H]1O[C@H](CC(=O)N2CCCCC2)C[C@H]3[C@@H]1Oc4ccc(NC(=O)C5CCOCC5)cc34'],,,,,
9096,BRD-K66586010,['44618790'],['COc1ccc(cc1)S(=O)(=O)N(C)C[C@H]2OCCCC[C@H](C)Oc3ccc(NS(=O)(=O)c4cn(C)cn4)cc3C(=O)N(C[C@@H]2C)[C@@H](C)CO'],,,,,
9097,BRD-K66598898,['44494563'],['C[C@@H](CO)N1C[C@@H](C)[C@H](CN(C)S(=O)(=O)c2ccccc2)OCCCC[C@@H](C)Oc3ccc(NC(=O)CCCN(C)C)cc3C1=O'],,,,,
9098,BRD-K66602457,['54661261'],['CCCN1[C@H]([C@H](CO)[C@H]2Cn3c(ccc(-c4cccc(F)c4)c3=O)[C@@H]12)C(=O)N[C@H](C)c1ccccc1'],,,,,
9099,BRD-K66618978,['54646480'],['C[C@H](NC(=O)C[C@@H]1C[C@@H]2[C@@H](Oc3ccc(NC(=O)C4CCOCC4)cc23)[C@@H](CO)O1)c5ccccc5'],,,,,
9100,BRD-K66621600,['54664790'],['OC[C@H]1Nc2ccc(cc2[C@@H]2[C@H]1CCN2Cc1ccc2OCOc2c1)C#Cc1ccc(F)cc1'],,,,,
9101,BRD-K66626628,['54665059'],['COc1cccc(c1)-c1ccc2N(C)[C@@H](CO)[C@@H]3CCN([C@@H]3c2c1)C(=O)c1ccc2OCOc2c1'],,,,,
9102,BRD-K66633149,['56835217'],['C[C@@H](CO)N1C[C@H](C)[C@H](CN(C)Cc2cccnc2)OCc3ccccc3-c4ccccc4C1=O'],,,,,
9103,BRD-K66634822,['1167615'],['Clc1ccc(cc1)S(=O)(=O)N[C@H]1CCCC[C@@H]1N1CCOCC1'],,,,,
9104,BRD-K66640841,['54638424'],['CN(C)CCCNC(=O)C[C@@H]1O[C@@H](CO)[C@@H](NC(=O)Nc2c(C)noc2C)C=C1'],,,,,
9105,BRD-K66642908,['54649943'],['C\\C=C\\c1ccc(cc1)[C@H]1[C@H](CO)N([C@@H]1C#N)C(=O)CN1CCOCC1'],,,,,
9106,BRD-K66643665,['44494607'],['CC(C)NC(=O)N(C)C[C@@H]1OCCCC[C@@H](C)Oc2ccc(NC(=O)Cc3ccccc3)cc2C(=O)N(C[C@H]1C)[C@H](C)CO'],,,,,
9107,BRD-K66646581,['54645945'],['C[C@H](NC(=O)C[C@@H]1C[C@@H]2[C@@H](Oc3ccc(NS(=O)(=O)c4ccc(F)cc4)cc23)[C@@H](CO)O1)c5ccccc5'],,,,,
9108,BRD-K66658536,['60189690'],['COc1ccc2c3c([C@H](CO)N(Cc4ccccc4OC)C[C@]33CN(C)C3)n(C)c2c1'],,,,,
9109,BRD-K66681850,['44486795'],['CNC[C@@H]1Oc2c(NS(=O)(=O)c3ccc(OC)cc3)cccc2C(=O)N(C[C@H]1C)[C@H](C)CO'],,,,,
9110,BRD-K66686673,['46916205'],['COc1ccc(cc1Cl)C(=O)N[C@H](C(=O)N1CCC[C@H]1C(=O)N[C@@H](CC(O)=O)C#N)C(C)(C)C'],,,,,
9111,BRD-K66687431,['54631351'],['CO[C@H]1CN(C)C(=O)c2cc(NC(=O)C3CC3)ccc2OC[C@H](C)N(C[C@H]1C)C(=O)c1cccnc1'],,,,,
9112,BRD-K66689236,['54646288'],['OC[C@H]1O[C@H](CC(=O)NC2CCCCC2)C[C@@H]3[C@H]1Oc4ccc(NC(=O)Nc5ccccc5F)cc34'],,,,,
9113,BRD-K66694259,['60189804'],['CC(=O)N1[C@H](CO)[C@@H](c2ccc(cc2)-c2ccc(cc2)C#N)C11CN(C1)C(=O)C1CC1'],,,,,
9114,BRD-K66710853,['60190145'],['COc1cccc(NC(=O)N2CC3(C2)[C@H]([C@@H](CO)N3C(C)=O)c2ccccc2)c1'],,,,,
9115,BRD-K66714409,['54631388'],['CCS(=O)(=O)Nc1ccc2OC[C@H](C)N(C[C@H](C)[C@H](CN(C)C(=O)c2c1)OC)C(=O)c1ccc2OCOc2c1'],,,,,
9116,BRD-K66729212,['54650010'],['OC[C@@H]1[C@H]([C@H](C#N)N1S(=O)(=O)c1ccccc1)c1ccc(cc1)C1=CCCCC1'],,,,,
9117,BRD-K66732164,['60190448'],['COc1ccc2c3c([C@H](CO)NC[C@]33CCN(Cc4ccc(Cl)cc4)CC3)n(C)c2c1'],,,,,
9118,BRD-K66732564,['54654285'],['COc1ccccc1NC(=O)Nc1ccc2OC[C@H]3O[C@@H](CC(=O)Nc4ccc5COCc5c4)CC[C@@H]3N(C)C(=O)c2c1'],,,,,
9119,BRD-K66740714,['54654569'],['CN1[C@@H]2CC[C@@H](CC(=O)N3CCOCC3)O[C@H]2COc2ccc(NS(C)(=O)=O)cc2C1=O'],,,,,
9120,BRD-K66750772,['54652669'],['COc1cccc(c1)C(=O)N1C[C@H]2[C@H]([C@H](CO)N2C(=O)c2ccc(F)cc2)c2ccccc12'],,,,,
9121,BRD-K66755238,['54631578'],['CO[C@H]1CN(C)C(=O)c2cc(NC(=O)c3cccc(F)c3)ccc2OC[C@H](C)N(C)C[C@@H]1C'],,,,,
9122,BRD-K66757073,['60190167'],['COc1ccc2c3c([nH]c2c1)[C@@H](CO)N(C[C@]31CN(C1)C(=O)Nc1cccc(F)c1)C(=O)NC1CCCC1'],,,,,
9123,BRD-K66757832,['54646647'],['C[C@H](NC(=O)C[C@H]1C[C@H]2[C@H](Oc3ccc(NC(=O)Cc4ccncc4)cc23)[C@@H](CO)O1)c5ccccc5'],,,,,
9124,BRD-K66761585,['60191351'],['COCC(=O)N1C[C@H]2[C@H]([C@H](CO)N2C(=O)C1)c1ccc(cc1)C#CC1CC1'],,,,,
9125,BRD-K66771647,['54637820'],['C[C@@H](CO)N1C[C@@H](C)[C@@H](CN(C)C(=O)Nc2c(C)noc2C)OCc3ccccc3-c4c(C1=O)n(C)c5ccccc45'],,,,,
9126,BRD-K66775134,['54658058'],['CCNC(=O)C[C@H]1CC[C@H]2[C@@H](COC[C@H](O)CN2Cc2ccncc2)O1'],,,,,
9127,BRD-K66783461,['60190953'],['COc1ccccc1NC(=O)N1C[C@@H]2[C@@H]([C@@H](CO)N2C(=O)C1)c1ccc(cc1)C#CC(C)C'],,,,,
9128,BRD-K66805710,['44486405'],['C[C@@H](CO)N1C[C@@H](C)[C@@H](CN(C)Cc2ccccc2)OCCCC[C@@H](C)Oc3ccc(cc3C1=O)N(C)C'],,,,,
9129,BRD-K66808842,['54666439'],['OC[C@H]1[C@H]([C@H]2CN(CCCCN12)S(=O)(=O)c1ccc(F)cc1)c1ccc(cc1)-c1cncnc1'],,,,,
9130,BRD-K66809950,['44504919'],['C[C@H](CO)N1C[C@H](C)[C@@H](CN(C)S(=O)(=O)c2ccc(C)cc2)OCc3cnnn3CCCC1=O'],,,,,
9131,BRD-K66812281,['54615088'],['C[C@@H](CO)N1C[C@@H](C)[C@@H](CN(C)CC2CC2)OCCCC[C@@H](C)Oc3ccc(NS(=O)(=O)c4cn(C)cn4)cc3C1=O'],,,,,
9132,BRD-K66814954,['54650131'],['OC[C@@H]1[C@H]([C@@H](C#N)N1S(=O)(=O)c1ccc(F)cc1)c1ccccc1'],,,,,
9133,BRD-K66836247,['54646069'],['OC[C@H]1O[C@@H](CC(=O)NCC(F)(F)F)C[C@H]2[C@@H]1Oc3ccc(NS(=O)(=O)c4ccccc4)cc23'],,,,,
9134,BRD-K66850406,['54631852'],['CO[C@@H]1CN(C)C(=O)c2cc(NC(=O)c3ccno3)ccc2OC[C@@H](C)N(C[C@H]1C)S(C)(=O)=O'],,,,,
9135,BRD-K66857873,['54649532'],['CO[C@@H]1CC[C@H]2CCN(C)C(=O)[C@@H](C)[C@H](CN(C)C(=O)c3cc(ccc3OC[C@H]1O2)C#N)OC'],,,,,
9136,BRD-K66860235,['54661237'],['CN1[C@@H]2Cn3c(ccc(-c4ccc(F)cc4)c3=O)[C@H]1[C@H]([C@@H]2CO)C(=O)NC1CCC1'],,,,,
9137,BRD-K66866270,['44488175'],['C[C@H](CO)N1C[C@H](C)[C@H](CN(C)C(=O)Nc2ccccc2)OCCCC[C@H](C)Oc3ccc(NC(=O)CCC(F)(F)F)cc3C1=O'],,,,,
9138,BRD-K66866904,['44494948'],['CC(C)NC(=O)Nc1ccc2O[C@@H](C)CCCCO[C@@H](CN(C)Cc3ccncc3)[C@@H](C)CN([C@@H](C)CO)C(=O)c2c1'],,,,,
9139,BRD-K66877406,['54637783'],['C[C@@H](CO)N1C[C@@H](C)[C@@H](CN(C)C(=O)[C@@H](Cc2ccccc2)N(C)C)OCc3ccccc3-c4ccccc4C1=O'],,,,,
9140,BRD-K66884694,['9266740'],['Cn1nnnc1Sc2ncnc3scc(c4ccc(Cl)cc4)c23'],,,,,
9141,BRD-K66888355,['44501791'],['CC(C)NC(=O)Nc1ccc2O[C@H](C)CCCCO[C@@H](CN(C)CC3CCCCC3)[C@@H](C)CN([C@H](C)CO)C(=O)c2c1'],,,,,
9142,BRD-K66898048,['54666548'],['COc1ccc(NC(=O)N2CCCCN3[C@H](CO)[C@H]([C@@H]3C2)c2ccc(cc2)-c2ccccc2F)cc1'],,,,,
9143,BRD-K66902379,['2090194'],['CN(C)S(=O)(=O)c1cccc(c1)C(=O)N1CCN(CC1)c1cccc(C)c1C'],,,,,
9144,BRD-K66908362,['1261290'],['Cc1noc(NS(=O)(=O)c2ccc(NC(=O)c3cc(nc4c(C)cc(C)cc34)c5cccnc5)cc2)c1C'],,,,,
9145,BRD-K66909449,['44460140'],['Oc1cc2ccccc2cc1-c1nnc(SCC#CCOC(=O)c2ccc(F)cc2)o1'],,,,,
9146,BRD-K66910993,['54638897'],['C[C@@H](NC(=O)C[C@@H]1CC[C@H](NC(=O)c2cccnc2)[C@H](CO)O1)c1ccccc1'],,,,,
9147,BRD-K66944475,['54631346'],['CCCC(=O)Nc1ccc2OC[C@@H](C)N(CC3CCCC3)C[C@H](C)[C@H](CN(C)C(=O)c2c1)OC'],,,,,
9148,BRD-K66947316,['60191849'],['C\\C=C\\c1ccc(cc1)[C@H]1[C@@H](CO)N(C(=O)C2CCCCC2)C11CN(C1)C(=O)NC(C)C'],,,,,
9149,BRD-K66960754,['54631767'],['CCC(=O)N1C[C@@H](C)[C@H](CN(C)C(=O)c2ccc(NC(=O)Nc3ccc(Cl)cc3)cc2OC[C@H]1C)OC'],,,,,
9150,BRD-K66966735,['54613911'],['C[C@H](CO)N1C[C@@H](C)[C@H](CN(C)Cc2ccc(cc2)C(F)(F)F)Oc3ccc(NC(=O)Cn4cnnn4)cc3C1=O'],,,,,
9151,BRD-K66975725,['54631296'],['CO[C@H]1CN(C)C(=O)c2ccc(NC(=O)c3nc4ccccc4s3)cc2OC[C@@H](C)NC[C@H]1C'],,,,,
9152,BRD-K67010098,['23891087'],['CN(C)CCCNC(=O)[C@H]1[C@@H](N(C(=O)c2ccccc12)c3ccc(C)cn3)c4ccc(CO)cc4'],,,,,
9153,BRD-K67015214,['54652616'],['CN1[C@H](CO)[C@@H]2[C@H]1CN(C(=O)Nc1ccccc1F)c1ccccc21'],,,,,
9154,BRD-K67037986,['56835396'],['C[C@@H](CO)N1C[C@H](C)[C@@H](CN(C)C(=O)N[C@H](C)c2ccccc2)OCc3ccccc3-c4c(C1=O)n(C)c5ccccc45'],,,,,
9155,BRD-K67053230,['60185174'],['C\\C=C\\c1ccc(cc1)[C@@H]1[C@H]2CN(C[C@@H]1N2)C(=O)Nc1ccc2OCOc2c1'],,,,,
9156,BRD-K67058688,['54657991'],['CN1CCN(CC1)C(=O)C[C@H]1CC[C@H]2[C@@H](COC[C@H](O)CN2Cc2cccc(F)c2)O1'],,,,,
9157,BRD-K67069164,['44494521'],['CC(C)NC(=O)Nc1ccc2O[C@H](C)CCCCO[C@@H](CN(C)C(=O)CCC(F)(F)F)[C@@H](C)CN([C@@H](C)CO)C(=O)c2c1'],,,,,
9158,BRD-K67074672,['60185249'],['COc1cccc(c1)-c1ccc(cc1)[C@H]1[C@H]2CN(C[C@@H]1N2)C(=O)Nc1ccccc1F'],,,,,
9159,BRD-K67086788,['54661144'],['COc1cccc(c1)-c1ccc2[C@@H]3[C@H](Cn2c1=O)[C@@H](CO)[C@@H](N3C(=O)C1CC1)C(=O)N(C)C'],,,,,
9160,BRD-K67087659,['60191003'],['COCC(=O)N1C[C@@H]2[C@H]([C@H](CO)N2C(=O)C1)c1ccc(cc1)-c1ccccc1F'],,,,,
9161,BRD-K67087978,['54654208'],['COc1ccccc1CNC(=O)C[C@H]1CC[C@H]2[C@H](COc3ccc(NS(=O)(=O)c4ccc(C)cc4)cc3C(=O)N2C)O1'],,,,,
9162,BRD-K67090983,['44506705'],['C[C@H](CO)N1C[C@H](C)[C@H](CN(C)Cc2ccc(cc2)C(=O)Nc3ccccc3N)Oc4c(NC(=O)C5CCCCC5)cccc4C1=O'],,,,,
9163,BRD-K67094066,['54646246'],['COc1ccc(NC(=O)Nc2ccc3O[C@H]4[C@H](C[C@H](CC(=O)NCc5ccccn5)O[C@H]4CO)c3c2)cc1'],,,,,
9164,BRD-K67099101,['54652493'],['CC(C)NC(=O)N1C[C@@H]2[C@@H]([C@H](CO)N2Cc2ccccn2)c2ccccc12'],,,,,
9165,BRD-K67118123,['25199560'],['CCCCn1c(O)c(N=Nc2ccccc2O)c3ccccc13'],,,,,
9166,BRD-K67123444,['54638023'],['C[C@H](CO)N1C[C@H](C)[C@@H](CN(C)Cc2cccc(F)c2)OCc3ccccc3-c4ccccc4C1=O'],,,,,
9167,BRD-K67155745,['44485082'],['C[C@H](CO)N1C[C@H](C)[C@@H](CN(C)Cc2cccc3OCCCOc23)OCc4cn(CCCC1=O)nn4'],,,,,
9168,BRD-K67187917,['54631288'],['CCCNC(=O)N1C[C@@H](C)[C@H](CN(C)C(=O)c2ccc(NS(=O)(=O)CC(F)(F)F)cc2OC[C@H]1C)OC'],,,,,
9169,BRD-K67188562,['54651349'],['COCC(=O)N1[C@H](CO)[C@@H]([C@@H]1CNC(=O)c1ccccn1)c1ccccc1'],,,,,
9170,BRD-K67190692,['54654528'],['CN1[C@H]2CC[C@@H](CC(O)=O)O[C@H]2COc2ccc(NC(=O)c3cccc(c3)C(F)(F)F)cc2C1=O'],,,,,
9171,BRD-K67192456,['44504449'],['CC(C)NC(=O)Nc1ccc2O[C@H](CN(C)C)[C@@H](C)CN([C@@H](C)CO)C(=O)Cc2c1'],,,,,
9172,BRD-K67209190,['54618526'],['C[C@H](CO)N1C[C@@H](C)[C@H](CN(C)C(=O)Nc2ccc(F)cc2)Oc3cc(ccc3S1(=O)=O)c4ccccc4C'],,,,,
9173,BRD-K67215204,['60189731'],['COCC(=O)N1C[C@@]2(C1)CN([C@@H](CO)c1c2c2ccc(OC)cc2n1C)S(C)(=O)=O'],,,,,
9174,BRD-K67215210,['54632053'],['CO[C@@H]1CN(C)C(=O)c2cc(NC(=O)Nc3cc(F)ccc3F)ccc2OC[C@H](C)NC[C@H]1C'],,,,,
9175,BRD-K67236726,['54650011'],['OC[C@H]1[C@@H]([C@H](C#N)N1S(=O)(=O)c1ccccc1)c1ccc(cc1)C1=CCCCC1'],,,,,
9176,BRD-K67236950,['54649403'],['CCNC(=O)c1cc2CN([C@@H](CCO)c2c(n1)-c1cccc(c1)-c1cccc(OC)c1)[S@@](=O)C(C)(C)C'],,,,,
9177,BRD-K67242881,['54654403'],['COc1ccc(cc1)C(=O)Nc1ccc2OC[C@H]3O[C@@H](CC(=O)NCC4CC4)CC[C@H]3N(C)C(=O)c2c1'],,,,,
9178,BRD-K67258146,['1510389'],['Cc1ccc(C)c(c1)-n1sc2cc(F)ccc2c1=O'],,,,,
9179,BRD-K67258928,['44488905'],['COc1ccc(NC(=O)N(C)C[C@@H]2Oc3ccc(cc3C(=O)N(C[C@H]2C)[C@H](C)CO)N(C)C)cc1'],,,,,
9180,BRD-K67260071,['54654282'],['CN1[C@H]2CC[C@@H](CC(=O)N3CCOCC3)O[C@@H]2COc2ccc(NC(=O)c3ccc(F)c(F)c3)cc2C1=O'],,,,,
9181,BRD-K67269534,['44485769'],['CNC[C@@H]1OCc2cn(CCCC(=O)N(C[C@H]1C)[C@H](C)CO)nn2'],,,,,
9182,BRD-K67271639,['44485929'],['COc1ccc(CN(C)C[C@H]2Oc3ccc(NC(=O)Cc4ccccc4)cc3C(=O)N(C[C@@H]2C)[C@@H](C)CO)cc1'],,,,,
9183,BRD-K67285049,['54639049'],['COc1cccc(CNC(=O)C[C@@H]2CC[C@@H](NC(C)=O)[C@H](CO)O2)c1'],,,,,
9184,BRD-K67287181,['54665001'],['CN1[C@@H](CO)[C@@H]2CCN([C@@H]2c2cc(ccc12)-c1cccc(c1)C#N)S(=O)(=O)c1ccccc1C'],,,,,
9185,BRD-K67301423,['60189737'],['COc1ccc2c3c([nH]c2c1)[C@H](CO)N(Cc1cc(F)ccc1F)C[C@]31CN(C)C1'],,,,,
9186,BRD-K67306351,['24747153'],['Nc1c(C#N)c(Cc2cccc3ccccc23)nn1CCO'],,,,,
9187,BRD-K67319066,['54638480'],['C[C@@H](NC(=O)C[C@H]1CC[C@H](NS(=O)(=O)c2cccc(F)c2)[C@H](CO)O1)c1ccccc1'],,,,,
9188,BRD-K67321912,['54618486'],['C[C@H](CO)N1C[C@H](C)[C@H](CN(C)Cc2ccccc2C(=O)O)Oc3cc(ccc3S1(=O)=O)c4ccc(F)cc4'],,,,,
9189,BRD-K67322403,['54631695'],['CO[C@@H]1CN(C)C(=O)c2cc(NC(C)=O)ccc2OC[C@@H](C)N(C[C@H]1C)C(=O)c1cnccn1'],,,,,
9190,BRD-K67328514,['54639010'],['OC[C@H]1O[C@H](CC(=O)NCC2CC2)CC[C@H]1NC(=O)C1CCC1'],,,,,
9191,BRD-K67336565,['54664826'],['CN1[C@H](CO)[C@H]2CCN([C@H]2c2cc(ccc12)C#Cc1ccccc1F)C(=O)c1cnccn1'],,,,,
9192,BRD-K67348888,['54646279'],['CN(C)c1ccc2O[C@@H]3[C@@H](C[C@H](CC(=O)NCC4CC4)O[C@@H]3CO)c2c1'],,,,,
9193,BRD-K67359324,['54638740'],['OC[C@@H]1O[C@@H](CC(=O)NCc2cc(F)cc(F)c2)CC[C@@H]1NC(=O)Nc1ccc(cc1)C(F)(F)F'],,,,,
9194,BRD-K67365258,['54618687'],['COc1ccccc1C#Cc2cnc3O[C@@H](CN(C)S(=O)(=O)c4cn(C)cn4)[C@@H](C)CN([C@@H](C)CO)C(=O)c3c2'],,,,,
9195,BRD-K67374281,['54637859'],['C[C@H](CO)N1C[C@H](C)[C@@H](CN(C)C(=O)c2ccncc2)OCc3ccccc3-c4ccccc4C1=O'],,,,,
9196,BRD-K67392692,['54652470'],['OC[C@H]1[C@H]2[C@H](CN(C(=O)Cc3ccccc3)c3ccccc23)N1S(=O)(=O)c1ccccc1'],,,,,
9197,BRD-K67399667,['54638352'],['Cn1cnc(c1)S(=O)(=O)N[C@@H]1C=C[C@@H](CC(=O)N2CCN(CC2)c2ccccc2)O[C@@H]1CO'],,,,,
9198,BRD-K67402106,['54654174'],['COc1cccc(CNC(=O)C[C@@H]2CC[C@H]3[C@H](COc4ccc(NC(=O)c5cccs5)cc4C(=O)N3C)O2)c1'],,,,,
9199,BRD-K67414432,['44493466'],['C[C@H](CO)N1C[C@H](C)[C@H](CN(C)Cc2ccc(Cl)c(Cl)c2)Oc3c(NS(=O)(=O)c4cccs4)cccc3C1=O'],,,,,
9200,BRD-K67433929,['54649307'],['CO[C@@H](CN(C)Cc1cc(F)ccc1F)[C@@H](C)CN([C@@H](C)CO)S(=O)(=O)c1ccc(F)cc1'],,,,,
9201,BRD-K67454499,['60191101'],['COCC#Cc1ccc(cc1)[C@H]1[C@H](CO)N2[C@H]1CN(CC2=O)C(=O)C1CCCCC1'],,,,,
9202,BRD-K67470788,['14165'],['[O-][N+](=O)c1ccc(/C=N/NC(=O)CN2CCOCC2)o1'],,,,,
9203,BRD-K67484450,['54615049'],['C[C@H](CO)N1C[C@@H](C)[C@H](CN(C)CC2CC2)OCCCC[C@H](C)Oc3ccc(NS(=O)(=O)C)cc3C1=O'],,,,,
9204,BRD-K67484673,['100493'],['OC(=O)c1nn(Cc2ccc(Cl)cc2)c2ccccc12'],,,,,
9205,BRD-K67485291,['60190026'],['CCCNC(=O)N1C[C@]2(CCN(CC2)S(=O)(=O)CC)c2c([nH]c3cc(OC)ccc23)[C@H]1CO'],,,,,
9206,BRD-K67489890,['54660728'],['OC[C@@H]1[C@H]2Cn3c(ccc(C4=CCCC4)c3=O)[C@H]2N(CC2CC2)[C@H]1C(=O)N1CCCCC1'],,,,,
9207,BRD-K67498554,['60187519'],['COCC(=O)N1C[C@@]2(C1)CN(Cc1ccc3OCOc3c1)[C@@H](CO)c1c2c2ccc(OC)cc2n1C'],,,,,
9208,BRD-K67502058,['54646068'],['COCC(=O)Nc1ccc2O[C@H]3[C@H](C[C@H](CC(=O)N[C@H](C)c4ccccc4)O[C@H]3CO)c2c1'],,,,,
9209,BRD-K67507121,['60190149'],['OC[C@@H]1[C@@H](c2ccccc2)C2(CN(C2)C(=O)CC2CC2)N1S(=O)(=O)Cc1ccccc1'],,,,,
9210,BRD-K67514995,['54649910'],['C\\C=C\\c1ccc(cc1)[C@H]1[C@@H](CO)N([C@@H]1C#N)S(=O)(=O)c1cccc(F)c1'],,,,,
9211,BRD-K67518269,['54638999'],['COc1ccccc1S(=O)(=O)N[C@@H]1CC[C@H](CCn2cc(nn2)C2CCCCC2)O[C@@H]1CO'],,,,,
9212,BRD-K67519589,['44483827'],['C[C@H](CO)N1C[C@H](C)[C@H](CN(C)C(=O)Nc2cccc3ccccc23)OCCCC[C@@H](C)Oc4ccc(NC(=O)c5ccncc5)cc4C1=O'],,,,,
9213,BRD-K67520049,['54664964'],['COc1ccccc1S(=O)(=O)N1CC[C@@H]2[C@H]1c1cc(ccc1N[C@@H]2CO)-c1ccc(cc1)C#N'],,,,,
9214,BRD-K67526586,['60186793'],['COCC(=O)N1C[C@@]2(C1)CN(Cc1cccc(Cl)c1)[C@H](CO)c1[nH]c3cc(OC)ccc3c21'],,,,,
9215,BRD-K67544217,['60184880'],['COc1ccc(cc1)-c1ccc(cc1)[C@@H]1[C@H]2CN(C[C@@H]1N2)S(=O)(=O)c1ccccc1C'],,,,,
9216,BRD-K67550673,['4174238'],['CCOc1ccc(cc1)c2nc(CSCC(=O)NC3CC3)c(C)o2'],,,,,
9217,BRD-K67559633,['44501373'],['C[C@@H](CO)N1C[C@@H](C)[C@@H](CN(C)CC2CCCCC2)Oc3ccc(NS(=O)(=O)c4ccc(C)cc4)cc3CC1=O'],,,,,
9218,BRD-K67575276,['54667051'],['OC[C@H]1[C@H]([C@@H]2CN(Cc3ccccn3)CCCCN12)c1ccc(cc1)-c1cccnc1'],,,,,
9219,BRD-K67582595,['5311191'],['CCCN1CCc2cccc-3c2[C@@H]1Cc1ccc(O)c(O)c-31'],,,,,
9220,BRD-K67583114,['54660752'],['OC[C@H]1[C@@H]2Cn3c(cccc3=O)[C@@H](N2)[C@@H]1C(=O)NCc1cc(F)cc(F)c1'],,,,,
9221,BRD-K67601479,['54652659'],['Cc1cccc(c1)S(=O)(=O)N1C[C@@H]2[C@@H]([C@@H](CO)N2CC2CCOCC2)c2ccccc12'],,,,,
9222,BRD-K67619794,['44241382'],['OC(c1ccc(NC(=O)c2c(F)cccc2F)cc1)(C(F)(F)F)C(F)(F)F'],,,,,
9223,BRD-K67622458,['60191083'],['CC(C)NC(=O)N1C[C@H]2[C@H]([C@@H](CO)N2C(=O)C1)c1ccc(\\C=C\\c2ccccc2)cc1'],,,,,
9224,BRD-K67628477,['54631333'],['CO[C@H]1CN(C)C(=O)c2cc(NC(=O)Nc3ccc(cc3)C(F)(F)F)ccc2OC[C@@H](C)NC[C@H]1C'],,,,,
9225,BRD-K67641117,['54631881'],['CCCC(=O)Nc1ccc2OC[C@@H](C)N(C[C@@H](C)[C@@H](CN(C)C(=O)c2c1)OC)C(=O)c1ccccn1'],,,,,
9226,BRD-K67653084,['60191248'],['CS(=O)(=O)N1C[C@H]2[C@H]([C@H](CO)N2C(=O)C1)c1ccc(Br)cc1'],,,,,
9227,BRD-K67655178,['54657600'],['COc1ccccc1NC(=O)N1C[C@H](O)COC[C@H]2O[C@H](CC(=O)N3CCC(Cc4ccccc4)CC3)CC[C@H]12'],,,,,
9228,BRD-K67660075,['54631839'],['CCCN1C[C@@H](C)[C@H](CN(C)C(=O)c2cc(NS(=O)(=O)c3ccccc3)ccc2OC[C@H]1C)OC'],,,,,
9229,BRD-K67661368,['54638769'],['CC(C)NC(=O)NCC[C@@H]1CC[C@@H](NS(=O)(=O)c2ccc(Oc3ccccc3)cc2)[C@H](CO)O1'],,,,,
9230,BRD-K67662618,['60191387'],['OC[C@H]1[C@@H]([C@H]2CN(CC(=O)N12)C(=O)C1CCC1)c1ccc(Br)cc1'],,,,,
9231,BRD-K67663786,['54638733'],['OC[C@H]1O[C@H](CC(O)=O)C=C[C@H]1NC(=O)c1ccccc1F'],,,,,
9232,BRD-K67673602,['54638877'],['OC[C@@H]1O[C@@H](CC(=O)NCC2CC2)C=C[C@@H]1NC(=O)c1ccncc1'],,,,,
9233,BRD-K67678077,['49787091'],['Fc1ccc2c(c1)nc1sc(Nc3ccc4CCCc4c3)nn1c2=O'],,,,,
9234,BRD-K67694126,['54638560'],['OC[C@H]1O[C@@H](CC(=O)NCc2cccc(F)c2)CC[C@@H]1NC(=O)CN1CCOCC1'],,,,,
9235,BRD-K67697926,['54658043'],['Cc1ccccc1S(=O)(=O)N1C[C@@H](O)COC[C@H]2O[C@H](CC(=O)NCc3ccccc3Cl)CC[C@H]12'],,,,,
9236,BRD-K67716641,['54638306'],['OC[C@@H]1O[C@@H](CCNS(=O)(=O)c2ccccc2Cl)CC[C@@H]1NC(=O)Cc1cccnc1'],,,,,
9237,BRD-K67718916,['54631861'],['CO[C@H]1CN(C)C(=O)c2cc(NS(=O)(=O)c3ccccc3OC)ccc2OC[C@@H](C)NC[C@H]1C'],,,,,
9238,BRD-K67733157,['53382626'],['CO[C@@H]1CN(C)C(=O)c2cc(NC(=O)NC3CCCCC3)ccc2OC[C@@H](C)N(CCc2ccccc2)C[C@H]1C'],,,,,
9239,BRD-K67733357,['54652664'],['COc1ccc(cc1)C(=O)N1C[C@@H]2[C@@H]([C@@H](CO)N2Cc2ccc(Cl)cc2)c2ccccc12'],,,,,
9240,BRD-K67737641,['60185186'],['COc1ccc2c3c([nH]c2c1)[C@H](CO)N(C[C@]31CN(C1)C(=O)Nc1cccc(F)c1)C(=O)c1cccnc1'],,,,,
9241,BRD-K67742177,['46905000'],['O=C(N1CCN(CC1)c1cc(nc2cc(nn12)-c1ccco1)-c1ccco1)c1ccoc1'],,,,,
9242,BRD-K67763841,['54652439'],['OC[C@@H]1[C@H]2[C@H](CN(C(=O)C3CCOCC3)c3ccccc23)N1C(=O)Nc1ccccc1F'],,,,,
9243,BRD-K67765874,['54646597'],['COc1ccc(cc1)S(=O)(=O)Nc2ccc3O[C@H]4[C@H](C[C@@H](CC(=O)NCC5CC5)O[C@@H]4CO)c3c2'],,,,,
9244,BRD-K67766243,['54637696'],['C[C@H](CO)N1C[C@@H](C)[C@H](CN(C)C(=O)[C@@H](Cc2ccccc2)N(C)C)OCc3ccccc3-c4c(C1=O)n(C)c5ccccc45'],,,,,
9245,BRD-K67769696,['54650079'],['COc1ccccc1C#Cc1ccc(cc1)[C@H]1[C@H](CO)N([C@H]1C#N)C(=O)C1CC1'],,,,,
9246,BRD-K67774729,['54645916'],['OC[C@@H]1O[C@@H](CC(=O)NCc2ccc(Oc3ccccc3)cc2)C[C@@H]4[C@H]1Oc5ccc(NC(=O)c6ccc7OCOc7c6)cc45'],,,,,
9247,BRD-K67778494,['7694069'],['O=C(Cn1c2ccccc2c3nc4SCCn4c(=O)c13)N5CCCC5'],,,,,
9248,BRD-K67780021,['54638225'],['COc1ccc(cc1)S(=O)(=O)N[C@H]1C=C[C@@H](CC(=O)NCCc2ccncc2)O[C@H]1CO'],,,,,
9249,BRD-K67780580,['54645922'],['OC[C@@H]1O[C@H](CC(=O)NCCN2CCCCC2)C[C@@H]3[C@H]1Oc4ccc(NS(=O)(=O)c5ccc(F)cc5)cc34'],,,,,
9250,BRD-K67786373,['54631748'],['CO[C@H]1CN(C)C(=O)c2cc(NS(=O)(=O)CC(F)(F)F)ccc2OC[C@H](C)N(CC2CCCCC2)C[C@@H]1C'],,,,,
9251,BRD-K67787765,['44619149'],['CC(C)NC(=O)N(C)C[C@H]1OCCCC[C@@H](C)Oc2ccc(NC(=O)C3CCCCC3)cc2C(=O)N(C[C@H]1C)[C@@H](C)CO'],,,,,
9252,BRD-K67788404,['54645812'],['CN(C)c1ccc2O[C@H]3[C@H](C[C@H](CC(=O)NCc4cccc(F)c4)O[C@H]3CO)c2c1'],,,,,
9253,BRD-K67794838,['60187817'],['COc1cccc(c1)-c1ccc2N[C@H](CO)[C@@H]3CCN([C@@H]3c2c1)C(=O)C1CCCCC1'],,,,,
9254,BRD-K67795523,['60190138'],['COc1ccc2c3c([C@H](CO)N(C[C@]33CCN(CC3)C(=O)c3ccccc3F)C(=O)Nc3ccc(F)cc3)n(C)c2c1'],,,,,
9255,BRD-K67798612,['44495835'],['C[C@H](CO)N1C[C@H](C)[C@H](CN(C)Cc2ccc(Oc3ccccc3)cc2)Oc4c(NC(=O)c5ccncc5)cccc4C1=O'],,,,,
9256,BRD-K67808578,['768699'],['COc1ccc2oc(=N)c(cc2c1)c3nc4ccccc4[nH]3'],,,,,
9257,BRD-K67829818,['44503657'],['CC(C)NC(=O)N(C)C[C@@H]1OCCCC[C@@H](C)Oc2ccc(NC(=O)C3CCCCC3)cc2C(=O)N(C[C@@H]1C)[C@H](C)CO'],,,,,
9258,BRD-K67839548,['54631781'],['CCCNC(=O)Nc1ccc2c(OC[C@@H](C)N(CCC(F)(F)F)C[C@H](C)[C@@H](CN(C)C2=O)OC)c1'],,,,,
9259,BRD-K67851959,['54646398'],['OC[C@@H]1O[C@H](CC(=O)NCCc2ccccc2)C[C@H]3[C@@H]1Oc4ccc(NC(=O)C5CCC5)cc34'],,,,,
9260,BRD-K67857349,['60184857'],['Cc1ccccc1-c1ccc(cc1)[C@H]1[C@H]2CN(C[C@@H]1N2)C(=O)NC1CCCCC1'],,,,,
9261,BRD-K67862512,['54645919'],['OC[C@H]1O[C@H](CC(=O)NCc2ccc(Oc3ccccc3)cc2)C[C@@H]4[C@H]1Oc5ccc(NC(=O)c6ccc7OCOc7c6)cc45'],,,,,
9262,BRD-K67863009,['54649982'],['COc1ccc(cc1)-c1ccc(cc1)[C@H]1[C@H](CO)N([C@H]1C#N)C(=O)NC1CCCCC1'],,,,,
9263,BRD-K67868064,['44618276'],['COc1ccc(NC(=O)Nc2ccc3O[C@@H](C)CCCCO[C@H](CN(C)Cc4ccc(Cl)c(Cl)c4)[C@@H](C)CN([C@@H](C)CO)C(=O)c3c2)cc1'],,,,,
9264,BRD-K67887361,['60189796'],['CCCNC(=O)N1C[C@]2(CN(C2)C(=O)c2cnccn2)c2c([nH]c3cc(OC)ccc23)[C@H]1CO'],,,,,
9265,BRD-K67889001,['60191075'],['Cc1ccccc1-c1ccc(cc1)[C@@H]1[C@H](CO)N2[C@@H]1CN(CC2=O)C(=O)c1ccncc1'],,,,,
9266,BRD-K67925802,['54621292'],['CCCN(C)C[C@H]1Oc2cc(C#Cc3ccccc3F)ccc2S(=O)(=O)N(C[C@H]1C)[C@@H](C)CO'],,,,,
9267,BRD-K67936348,['54618506'],['C[C@@H](CO)N1C[C@@H](C)[C@@H](CN(C)C(=O)Cc2ccccn2)Oc3ncc(cc3C1=O)c4ccc(F)cc4'],,,,,
9268,BRD-K67941506,['23648028'],['OCCNc1nc(Nc2ccccc2OC(F)(F)F)nc(n1)N3CCCC3'],,,,,
9269,BRD-K67943760,['54664925'],['COCC(=O)N1CC[C@@H]2[C@H]1c1cc(ccc1N(C)[C@H]2CO)-c1ccc(F)cc1'],,,,,
9270,BRD-K67959996,['54646464'],['COCC(=O)Nc1ccc2O[C@@H]3[C@@H](C[C@H](CC(=O)NCc4ccccc4F)O[C@@H]3CO)c2c1'],,,,,
9271,BRD-K67983441,['54657886'],['COc1cccc(c1)S(=O)(=O)N1C[C@H](O)COC[C@@H]2O[C@H](CC(=O)NCCCN3CCOCC3)CC[C@@H]12'],,,,,
9272,BRD-K67985577,['60190046'],['CCC(=O)N1CC2(C1)[C@H]([C@@H](CO)N2Cc1cccc(F)c1)c1ccc(\\C=C\\C)cc1'],,,,,
9273,BRD-K68007071,['54638355'],['Cn1cnc(c1)S(=O)(=O)N[C@H]1C=C[C@@H](CC(=O)N2CCN(CC2)c2ccccc2)O[C@@H]1CO'],,,,,
9274,BRD-K68007270,['44618858'],['C[C@@H](CO)N1C[C@@H](C)[C@H](CN(C)Cc2ccc(cc2)c3ccccc3)Oc4ccc(NC(=O)CCCCCC(=O)Nc5ccccc5N)cc4CC1=O'],,,,,
9275,BRD-K68018568,['54654392'],['CCS(=O)(=O)Nc1ccc2OC[C@H]3O[C@H](CC(=O)NCCOC)CC[C@@H]3N(C)C(=O)c2c1'],,,,,
9276,BRD-K68020183,['46907754'],['Brc1ccc(cc1)-c1csc(n1)N1CCC(CC1)c1nn[nH]n1'],,,,,
9277,BRD-K68038686,['44497912'],['C[C@H](CO)N1C[C@H](C)[C@H](CN(C)S(=O)(=O)c2ccc(Cl)cc2)Oc3c(NC(=O)Nc4ccc(F)cc4)cccc3C1=O'],,,,,
9278,BRD-K68047011,['54646750'],['OC[C@@H]1O[C@H](CC(=O)NCCN2CCCCC2)C[C@H]3[C@@H]1Oc4ccc(NC(=O)c5cccnc5)cc34'],,,,,
9279,BRD-K68057497,['54631836'],['CCCC(=O)Nc1ccc2OC[C@@H](C)N(C[C@H](C)[C@H](CN(C)C(=O)c2c1)OC)C(=O)c1ccccn1'],,,,,
9280,BRD-K68061938,['44486798'],['COc1ccc(CN(C)C[C@@H]2Oc3c(NS(=O)(=O)C)cccc3C(=O)N(C[C@H]2C)[C@H](C)CO)cc1'],,,,,
9281,BRD-K68078697,['54666540'],['COc1ccc(cc1)C#Cc1ccc(cc1)[C@@H]1[C@@H](CO)N2CCCCN(C)C[C@H]12'],,,,,
9282,BRD-K68085828,['54649421'],['CN(C)C(=O)c1ccc(cc1)-c1cccc(c1)-c1nc(cc2CN([C@@H](CCO)c12)[S@@](=O)C(C)(C)C)C(=O)NC1CCC1'],,,,,
9283,BRD-K68095812,['54639086'],['OC[C@H]1O[C@@H](CC(=O)N2CCC(Cc3ccccc3)CC2)CC[C@H]1NC(=O)CCN1CCCCC1'],,,,,
9284,BRD-K68097207,['44495476'],['C[C@@H](CO)N1C[C@H](C)[C@@H](CN(C)Cc2ccncc2)OCCCC[C@H](C)Oc3ccc(NC(=O)c4ccncc4)cc3C1=O'],,,,,
9285,BRD-K68102868,['3364609'],['CC(=O)Oc1ccccc1C(=O)Nc2ccccc2'],,,,,
9286,BRD-K68103836,['54646370'],['CN(C)CC(=O)Nc1ccc2O[C@H]3[C@H](C[C@H](CC(=O)NCc4ccc(cc4)c5ccccc5)O[C@@H]3CO)c2c1'],,,,,
9287,BRD-K68108628,['60190097'],['CCC(=O)N1C[C@]2(CCN(CC2)C(=O)Cc2ccccc2)c2c([C@H]1CO)n(C)c1cc(OC)ccc21'],,,,,
9288,BRD-K68118564,['54632104'],['CCC(=O)Nc1ccc2c(OC[C@H](C)N(C[C@H](C)[C@@H](CN(C)C2=O)OC)C(=O)c2ccc(F)cc2)c1'],,,,,
9289,BRD-K68120955,['54646640'],['C[C@@H](NC(=O)C[C@H]1C[C@@H]2[C@@H](Oc3ccc(NC(=O)c4cccnc4)cc23)[C@@H](CO)O1)c5ccccc5'],,,,,
9290,BRD-K68121359,['60185148'],['Cc1cccc(c1)-c1ccc(cc1)[C@H]1[C@H]2CN(Cc3cccc(F)c3)C[C@@H]1N2'],,,,,
9291,BRD-K68148111,['54657620'],['CN(C)C(=O)C[C@@H]1CC[C@@H]2[C@H](COC[C@@H](O)CN2C(=O)C2CCCC2)O1'],,,,,
9292,BRD-K68158690,['44142076'],['Nc1oc(nc1C#N)c2cccc3ccccc23'],,,,,
9293,BRD-K68166950,['54654436'],['CN1[C@@H]2CC[C@@H](CC(=O)N[C@@H]3CCN(Cc4ccccc4)C3)O[C@H]2COc2ccc(NC(=O)Cc3cccs3)cc2C1=O'],,,,,
9294,BRD-K68167702,['54654078'],['COc1cccc(c1)C(=O)Nc1ccc2OC[C@H]3O[C@H](CC(=O)NCC(F)(F)F)CC[C@H]3N(C)C(=O)c2c1'],,,,,
9295,BRD-K68178066,['54646135'],['OC[C@@H]1O[C@@H](CC(=O)NC2CCCCC2)C[C@H]3[C@@H]1Oc4ccc(NC(=O)c5cccnc5)cc34'],,,,,
9296,BRD-K68185250,['54649988'],['Cc1ccccc1S(=O)(=O)N1[C@H](CO)[C@H]([C@@H]1C#N)c1ccc(cc1)C#CC1CC1'],,,,,
9297,BRD-K68190084,['71759354'],['COc1ccc2c3c([C@@H](CO)N(Cc4ccccc4)C[C@]33CN(C3)S(=O)(=O)c3ccc(C)cc3)n(C)c2c1'],,,,,
9298,BRD-K68191033,['44499430'],['C[C@@H](CO)N1C[C@H](C)[C@H](CN(C)S(=O)(=O)c2ccc(F)cc2)Oc3c(NC(=O)Nc4ccc5OCOc5c4)cccc3C1=O'],,,,,
9299,BRD-K68200852,['54654229'],['CN1[C@@H]2CC[C@H](CC(=O)N[C@H]3CCN(Cc4ccccc4)C3)O[C@H]2COc2ccc(NC(=O)Nc3c(C)noc3C)cc2C1=O'],,,,,
9300,BRD-K68201904,['54638801'],['Cc1ccc(cc1)S(=O)(=O)NCC[C@@H]1CC[C@@H](NC(=O)CC2CC2)[C@H](CO)O1'],,,,,
9301,BRD-K68208040,['60191149'],['COc1ccc(cc1)-c1ccc(cc1)[C@@H]1[C@@H](CO)N2[C@H]1CN(Cc1ccccc1)CC2=O'],,,,,
9302,BRD-K68211814,['60190998'],['CCCNC(=O)N1C[C@@H]2[C@H]([C@@H](CO)N2C(=O)C1)c1ccc(cc1)C#Cc1cccc(OC)c1'],,,,,
9303,BRD-K68223173,['60189946'],['COc1ccc2c3c([C@H](CO)NC[C@]33CN(Cc4ccc(F)cc4)C3)n(C)c2c1'],,,,,
9304,BRD-K68233995,['54618618'],['C[C@H](CO)N1C[C@@H](C)[C@@H](CN(C)C(=O)c2ccc3OCOc3c2)Oc4ncc(cc4C1=O)C5=CCCC5'],,,,,
9305,BRD-K68236123,['54631688'],['CO[C@@H]1CN(C)C(=O)c2ccc(NC(=O)NC3CCCCC3)cc2OC[C@@H](C)NC[C@H]1C'],,,,,
9306,BRD-K68246261,['44504958'],['C[C@@H](CO)N1C[C@@H](C)[C@@H](CN(C)S(=O)(=O)c2ccccc2F)OCc3cn(CCCC1=O)nn3'],,,,,
9307,BRD-K68253248,['44504736'],['COc1ccc(CN(C)C[C@@H]2OCCCC[C@@H](C)Oc3ccc(NC(=O)C4CCCCC4)cc3C(=O)N(C[C@@H]2C)[C@H](C)CO)cc1'],,,,,
9308,BRD-K68278258,['44619326'],['C[C@H](CO)N1C[C@@H](C)[C@H](CN(C)C(=O)c2ccncc2)OCCCC[C@H](C)Oc3ccc(NC(=O)c4ccccc4)cc3C1=O'],,,,,
9309,BRD-K68279832,['54660795'],['OC[C@H]1[C@@H]2Cn3c(cccc3=O)[C@H]([C@@H]1C(=O)NC1CCC1)N2Cc1cc(F)ccc1F'],,,,,
9310,BRD-K68287477,['60185239'],['COc1ccc2c3c([C@H](CO)N(C[C@]33CCN(CC3)S(=O)(=O)c3cccc(C)c3)C(=O)Nc3ccc(F)cc3)n(C)c2c1'],,,,,
9311,BRD-K68302437,['54646562'],['COc1cccc(c1)S(=O)(=O)Nc2ccc3O[C@@H]4[C@@H](C[C@H](CC(=O)N5CCCCC5)O[C@@H]4CO)c3c2'],,,,,
9312,BRD-K68303822,['54661264'],['CCCN1[C@@H]([C@@H](CO)[C@@H]2Cn3c(ccc(-c4cccc(F)c4)c3=O)[C@H]12)C(=O)N[C@@H](C)c1ccccc1'],,,,,
9313,BRD-K68311329,['54618461'],['C[C@H](CO)N1C[C@H](C)[C@@H](CN(C)C(=O)c2ccc3OCOc3c2)Oc4ncc(cc4C1=O)C5=CCCC5'],,,,,
9314,BRD-K68313733,['2449454'],['ClCC(=O)N(Cc1ccccc1OCC=C)c2ccc3OCOc3c2'],,,,,
9315,BRD-K68315360,['54620037'],['C[C@H](CO)N1C[C@H](C)[C@H](CN(C)CC2CCOCC2)Oc3cc(C#Cc4ccccc4F)ccc3S1(=O)=O'],,,,,
9316,BRD-K68319707,['44618781'],['C[C@H](CO)N1C[C@@H](C)[C@@H](CN(C)C(=O)CCC(F)(F)F)OCCCC[C@@H](C)Oc2ccc(NS(=O)(=O)c3ccc(Cl)cc3)cc2C1=O'],,,,,
9317,BRD-K68320080,['54632007'],['CO[C@H]1CN(C)C(=O)c2ccc(NC(=O)Nc3c(C)noc3C)cc2OC[C@@H](C)N(CC2CC2)C[C@@H]1C'],,,,,
9318,BRD-K68325161,['54614979'],['CC(C)NC(=O)Nc1ccc2O[C@@H](C)CCCCO[C@H](CN(C)C(=O)NC(C)C)[C@H](C)CN([C@H](C)CO)C(=O)c2c1'],,,,,
9319,BRD-K68325500,['54649965'],['OC[C@@H]1[C@@H]([C@H](C#N)N1C(=O)Cc1ccccn1)c1ccc(cc1)C#CC1CC1'],,,,,
9320,BRD-K68326515,['44503616'],['C[C@H](CO)N1C[C@H](C)[C@@H](CN(C)S(=O)(=O)c2ccc(Cl)cc2)OCCCC[C@@H](C)Oc3ccc(NC(=O)Nc4c(C)noc4C)cc3C1=O'],,,,,
9321,BRD-K68327489,['56835268'],['C[C@@H](CO)N1C[C@H](C)[C@H](CN(C)Cc2cccc(F)c2)OCc3ccccc3-c4ccccc4C1=O'],,,,,
9322,BRD-K68338581,['60185008'],['O=C(N1C[C@H]2N[C@@H](C1)[C@H]2c1ccc(cc1)-c1cccc(c1)C#N)c1cccnc1'],,,,,
9323,BRD-K68340318,['54638276'],['Cn1cnc(c1)S(=O)(=O)N[C@H]1CC[C@@H](CC(=O)NCC2CCCCC2)O[C@H]1CO'],,,,,
9324,BRD-K68350686,['44505498'],['COc1ccc(CN(C)C[C@@H]2OCc3cnnn3CCCC(=O)N(C[C@H]2C)[C@@H](C)CO)cc1'],,,,,
9325,BRD-K68359762,['44505225'],['C[C@@H](CO)N1C[C@@H](C)[C@H](CN(C)Cc2ccccc2C)OCc3cnnn3CCCC1=O'],,,,,
9326,BRD-K68368772,['54645992'],['OC[C@H]1O[C@H](CC(=O)N2CCc3ccccc3C2)C[C@@H]4[C@H]1Oc5ccc(NS(=O)(=O)c6ccc(F)cc6)cc45'],,,,,
9327,BRD-K68370959,['54638303'],['CN1CCN(CC1)C(=O)C[C@H]1CC[C@H](NC(=O)Nc2c(C)noc2C)[C@@H](CO)O1'],,,,,
9328,BRD-K68409203,['54638597'],['Cc1cccc(c1)S(=O)(=O)N[C@@H]1CC[C@H](CCNC(=O)c2cnccn2)O[C@@H]1CO'],,,,,
9329,BRD-K68421632,['44506015'],['C[C@H](CO)N1C[C@@H](C)[C@H](CN(C)C(=O)Nc2ccc(cc2)C(F)(F)F)OCc3cn(CCCC1=O)nn3'],,,,,
9330,BRD-K68445037,['54657805'],['Cc1ccc(cc1)S(=O)(=O)N1C[C@@H](O)COC[C@@H]2O[C@H](CC(=O)NCc3ccc4OCOc4c3)CC[C@@H]12'],,,,,
9331,BRD-K68455755,['44486391'],['CNC[C@H]1OCCCC[C@@H](C)Oc2ccc(NS(=O)(=O)c3cccs3)cc2C(=O)N(C[C@H]1C)[C@@H](C)CO'],,,,,
9332,BRD-K68494763,['54645837'],['COc1ccc(CNC(=O)C[C@@H]2C[C@@H]3[C@@H](Oc4ccc(NC(=O)C5CCC5)cc34)[C@H](CO)O2)cc1'],,,,,
9333,BRD-K68495126,['2017368'],['O=C(OCC#CCSc1nnc(o1)c2cccc3ccccc23)c4cc5ccccc5o4'],,,,,
9334,BRD-K68496959,['60184936'],['C\\C=C\\c1ccc(cc1)[C@H]1[C@H]2CN(C[C@@H]1N2)C(=O)Nc1ccccc1F'],,,,,
9335,BRD-K68504618,['54646673'],['COc1ccccc1CNC(=O)C[C@@H]2C[C@@H]3[C@@H](Oc4ccc(NC(=O)CN(C)C)cc34)[C@H](CO)O2'],,,,,
9336,BRD-K68522303,['54654523'],['COC(=O)C[C@H]1CC[C@@H]2[C@H](COc3ccc(NC(=O)c4ccccc4F)cc3C(=O)N2C)O1'],,,,,
9337,BRD-K68536005,['54646290'],['OC[C@H]1O[C@@H](CC(=O)NCc2cc(F)ccc2F)C[C@H]3[C@@H]1Oc4ccc(NC(=O)Nc5ccc(cc5)C(F)(F)F)cc34'],,,,,
9338,BRD-K68541237,['54626408'],['C[C@H](CO)N1C[C@@H](C)[C@@H](CN(C)CC2CC2)Oc3cc(ccc3S1(=O)=O)c4ccc(C#N)cc4'],,,,,
9339,BRD-K68548958,['1285940'],['CC1=NN(C(=O)C\\1=C\\c1ccc(o1)-c1cc(C)c(C)cc1[N+]([O-])=O)c1ccc(cc1)C(O)=O'],,,,,
9340,BRD-K68552135,['54632071'],['COCC(=O)N1C[C@@H](C)[C@H](CN(C)C(=O)c2ccc(NC(=O)c3cnccn3)cc2OC[C@@H]1C)OC'],,,,,
9341,BRD-K68554461,['54649918'],['COc1cccc(c1)-c1ccc(cc1)[C@@H]1[C@H](CO)N(C(=O)Cc2ccncc2)[C@H]1C#N'],,,,,
9342,BRD-K68565044,['44487195'],['CNC[C@H]1Oc2ccc(NC(=O)Nc3ccccc3)cc2C(=O)N(C[C@@H]1C)[C@@H](C)CO'],,,,,
9343,BRD-K68588778,['800760'],['Cc1c(C=O)c(C=O)c(C)n1Cc2ccccc2'],,,,,
9344,BRD-K68589684,['60189702'],['OC[C@@H]1[C@@H](c2ccccc2)C2(CN(C2)C(=O)C2CCOCC2)N1CCC(F)(F)F'],,,,,
9345,BRD-K68594214,['49835913'],['OC(=O)CCN1C(=S)S\\C(=C/c2ccc(F)cc2F)C1=O'],,,,,
9346,BRD-K68597821,['44501475'],['CC(C)NC(=O)Nc1ccc2O[C@@H](CN(C)C(=O)NC3CCCCC3)[C@@H](C)CN([C@@H](C)CO)C(=O)Cc2c1'],,,,,
9347,BRD-K68614469,['54657484'],['COC(=O)C[C@@H]1CC[C@@H]2NC[C@H](O)COC[C@H]2O1'],,,,,
9348,BRD-K68629330,['54631960'],['CO[C@H]1CN(C)C(=O)c2cc(NC(=O)C3CCOCC3)ccc2OC[C@@H](C)N(CC2CC2)C[C@@H]1C'],,,,,
9349,BRD-K68630394,['44616955'],['C[C@H](CO)N1C[C@H](C)[C@@H](CN(C)CC2CC2)OCCCC[C@@H](C)Oc3ccc(NC(=O)Nc4ccccc4)cc3C1=O'],,,,,
9350,BRD-K68638497,['54666545'],['COc1ccc(NC(=O)N2CCCCN3[C@H](CO)[C@@H]([C@H]3C2)c2ccc(cc2)-c2ccccc2F)cc1'],,,,,
9351,BRD-K68644714,['54638689'],['OC[C@@H]1O[C@H](CC(=O)N2CCc3ccccc3C2)CC[C@@H]1NC(=O)Nc1cc(F)ccc1F'],,,,,
9352,BRD-K68655663,['54654130'],['CN1[C@H]2CC[C@H](CC(=O)NCC3CC3)O[C@H]2COc2ccc(NC(=O)NC3CCCC3)cc2C1=O'],,,,,
9353,BRD-K68657207,['44488420'],['C[C@H](CO)N1C[C@@H](C)[C@@H](CN(C)C(=O)Nc2ccc(F)cc2)Oc3ccc(NS(=O)(=O)c4ccccc4)cc3C1=O'],,,,,
9354,BRD-K68664718,['53382646'],['OC[C@H]1O[C@H](CC(=O)N2CCC(Cc3ccccc3)CC2)C=C[C@@H]1NC(=O)c1cnccn1'],,,,,
9355,BRD-K68682056,['54646006'],['CN(C)C(=O)C[C@H]1C[C@@H]2[C@@H](Oc3ccc(NC(=O)c4cccnc4)cc23)[C@@H](CO)O1'],,,,,
9356,BRD-K68687385,['54632174'],['CCCN1C[C@H](C)[C@H](CN(C)C(=O)c2ccc(NS(=O)(=O)c3cn(C)cn3)cc2OC[C@H]1C)OC'],,,,,
9357,BRD-K68689263,['44491852'],['C[C@@H](CO)N1C[C@H](C)[C@H](CN(C)CC2CCCCC2)Oc3ccc(NS(=O)(=O)c4ccc(C)cc4)cc3C1=O'],,,,,
9358,BRD-K68690198,['54631247'],['C[C@H](CO)N1C[C@H](C)[C@H](CN(C)Cc2ccc(Oc3ccccc3)cc2)Oc4c(NC(=O)NC5CCCCC5)cccc4C1=O'],,,,,
9359,BRD-K68698887,['60190056'],['OC[C@H]1[C@@H](c2ccccc2)C2(CN(C2)C(=O)C2CCC2)N1C(=O)c1ccccn1'],,,,,
9360,BRD-K68718973,['60191238'],['OC[C@H]1[C@@H]([C@H]2CN(CC(=O)N12)C(=O)Cc1cccnc1)c1ccc(cc1)C#CC1CCCCC1'],,,,,
9361,BRD-K68730107,['54651338'],['CCN(C[C@H]1N[C@H](CO)[C@@H]1c1ccc(cc1)\\C=C\\C)C(=O)CN1CCOCC1'],,,,,
9362,BRD-K68731139,['54646698'],['OC[C@H]1O[C@H](CC(=O)NCc2ccc3OCOc3c2)C[C@H]4[C@@H]1Oc5ccc(NC(=O)C6CCOCC6)cc45'],,,,,
9363,BRD-K68735643,['54650055'],['OC[C@H]1[C@@H]([C@@H](C#N)N1C(=O)Nc1cccc(F)c1)c1ccccc1'],,,,,
9364,BRD-K68737064,['54639037'],['Cc1ccc(cc1)S(=O)(=O)N[C@H]1C=C[C@@H](CC(=O)NCCN2CCCCC2)O[C@H]1CO'],,,,,
9365,BRD-K68756928,['54666601'],['CN(C)CC#Cc1ccc(cc1)[C@H]1[C@@H](CO)N2CCCCN(C[C@@H]12)C(=O)Nc1ccccc1F'],,,,,
9366,BRD-K68774060,['54649298'],['CO[C@H](CN(C)S(=O)(=O)c1ccc(F)cc1)[C@@H](C)CN([C@@H](C)CO)C(=O)Nc1ccccc1F'],,,,,
9367,BRD-K68776823,['54632146'],['CO[C@@H]1CN(C)C(=O)c2cc(NS(C)(=O)=O)ccc2OC[C@@H](C)N(C)C[C@H]1C'],,,,,
9368,BRD-K68780601,['54657950'],['CN(C)C(=O)C[C@H]1CC[C@@H]2[C@H](COC[C@H](O)CN2C(=O)c2ccncc2)O1'],,,,,
9369,BRD-K68782403,['54657772'],['CCC(=O)N1C[C@H](O)COC[C@@H]2O[C@@H](CC(=O)NCc3cc(F)cc(F)c3)CC[C@@H]12'],,,,,
9370,BRD-K68783079,['60138079'],['Cc1nc(CNc2ncnc3ccc(cc23)-c2ccc3OCOc3c2)cs1'],,,,,
9371,BRD-K68796015,['54649432'],['COc1ccccc1-c1cccc(c1)-c1nc(cc2CN([C@@H](CCO)c12)[S@@](=O)C(C)(C)C)C(=O)N1CCN(C)CC1'],,,,,
9372,BRD-K68826049,['25243735'],['C[C@H]1CN(CCN1S(=O)(=O)c2ccc3OCCOc3c2)S(=O)(=O)c4c(F)cccc4F'],,,,,
9373,BRD-K68831362,['54652406'],['OC[C@H]1[C@@H]2[C@@H](CNc3ccccc23)N1Cc1cccnc1'],,,,,
9374,BRD-K68833544,['44246394'],['CCCN1CNc2c(C1)c(=O)[nH]c(=S)n2CCc1cccc(Cl)c1Cl'],,,,,
9375,BRD-K68836298,['54631434'],['CO[C@H]1CN(C)C(=O)c2cc(NC(=O)Nc3ccc(cc3)C(F)(F)F)ccc2OC[C@H](C)NC[C@H]1C'],,,,,
9376,BRD-K68844146,['54660824'],['COc1cccc(c1)-c1ccc2[C@H]3[C@H]([C@H](CO)[C@@H](Cn2c1=O)N3Cc1ccccc1F)C(O)=O'],,,,,
9377,BRD-K68849294,['54649402'],['CN(C)C(=O)c1cc2CN([C@@H](CCO)c2c(n1)-c1cccc(c1)C1=CCCC1)[S@@](=O)C(C)(C)C'],,,,,
9378,BRD-K68855692,['54666532'],['Cc1cccc(c1)-c1ccc(cc1)[C@@H]1[C@@H](CO)N2CCCCN(C[C@@H]12)S(=O)(=O)c1ccccc1F'],,,,,
9379,BRD-K68863575,['44241444'],['OC(c1ccc(NS(=O)(=O)c2ccc(s2)S(=O)(=O)c2ccccc2)cc1)(C(F)(F)F)C(F)(F)F'],,,,,
9380,BRD-K68864067,['54646116'],['COC(=O)C[C@H]1C[C@@H]2[C@@H](Oc3ccc(N)cc23)[C@@H](CO)O1'],,,,,
9381,BRD-K68866125,['3290072'],['Cc1ccc2[nH]/c(=N\\C(=O)C(C)(C)C)/sc2c1'],,,,,
9382,BRD-K68870366,['54638220'],['OC[C@H]1O[C@@H](CC(=O)Nc2ccccc2)CC[C@@H]1NC(=O)C1CC1'],,,,,
9383,BRD-K68876477,['54618563'],['C[C@H](CO)N1C[C@H](C)[C@@H](CN(C)S(=O)(=O)C)Oc2ncc(cc2C1=O)c3ccc(C)cc3'],,,,,
9384,BRD-K68887696,['54631331'],['CCCC(=O)Nc1ccc2OC[C@H](C)N(CC3CCCC3)C[C@H](C)[C@@H](CN(C)C(=O)c2c1)OC'],,,,,
9385,BRD-K68903590,['54631558'],['COCC(=O)Nc1ccc2OC[C@@H](C)N(C[C@H](C)[C@@H](CN(C)C(=O)c2c1)OC)C(=O)Cc1cccnc1'],,,,,
9386,BRD-K68906258,['54666691'],['OC[C@@H]1[C@H]([C@@H]2CN(Cc3cccnc3)CCCCN12)c1ccc(\\C=C\\c2ccccc2)cc1'],,,,,
9387,BRD-K68907515,['54649561'],['CO[C@H]1CC[C@@H]2CCOc3c(cccc3C(=O)N(C)CC3(CCCCC3)CC(=O)N(C)C[C@@H]1O2)C#N'],,,,,
9388,BRD-K68908437,['54661198'],['CN(C)CC(=O)N1[C@H]2Cn3c(ccc(-c4cccnc4)c3=O)[C@@H]1[C@@H]([C@H]2CO)C(=O)NC1CCC1'],,,,,
9389,BRD-K68911617,['44619926'],['CC(C)NC(=O)Nc1ccc2O[C@@H](C)CCCCO[C@H](CN(C)C(=O)NC3CCCCC3)[C@@H](C)CN([C@@H](C)CO)C(=O)c2c1'],,,,,
9390,BRD-K68915174,['54664878'],['COc1ccc(cc1)-c1ccc2N(C)[C@H](CO)[C@@H]3CCN([C@@H]3c2c1)C(=O)NC1CCCCC1'],,,,,
9391,BRD-K68921379,['54631694'],['COCC(=O)Nc1ccc2c(OC[C@H](C)N(CC3CC3)C[C@H](C)[C@@H](CN(C)C2=O)OC)c1'],,,,,
9392,BRD-K68935991,['60190197'],['OC[C@H]1[C@@H](c2ccccc2)C2(CN(C2)C(=O)C2CC2)N1S(=O)(=O)c1ccccc1'],,,,,
9393,BRD-K68937023,['44501811'],['COc1ccc(NC(=O)N(C)C[C@@H]2OCCCC[C@@H](C)Oc3ccc(NC(=O)C4CCCCC4)cc3C(=O)N(C[C@@H]2C)[C@H](C)CO)cc1'],,,,,
9394,BRD-K68937579,['54664985'],['CN1[C@H](CO)[C@H]2CCN([C@H]2c2cc(Br)ccc12)C(=O)c1cccc(F)c1'],,,,,
9395,BRD-K68937877,['60189813'],['OC[C@@H]1N(C(=O)C2CCCC2)C2(CN(Cc3ccc(F)cc3)C2)[C@@H]1c1ccccc1'],,,,,
9396,BRD-K68945047,['44500591'],['COc1ccc(NC(=O)N(C)C[C@@H]2Oc3ccc(cc3CC(=O)N(C[C@H]2C)[C@H](C)CO)N(C)C)cc1'],,,,,
9397,BRD-K68948289,['60191078'],['CC(C)NC(=O)N1C[C@@H]2[C@@H]([C@@H](CO)N2C(=O)C1)c1ccc(\\C=C\\c2ccccc2)cc1'],,,,,
9398,BRD-K68950762,['60191611'],['COCC(=O)N1CC2(C1)[C@@H]([C@@H](CO)N2C(=O)C1CC1)c1ccc(cc1)-c1cccc(C)c1'],,,,,
9399,BRD-K68955961,['54631756'],['CO[C@@H]1CN(C)C(=O)c2cc(NC(=O)C3CCOCC3)ccc2OC[C@H](C)N(Cc2cccnc2)C[C@@H]1C'],,,,,
9400,BRD-K68971353,['60192959'],['OC[C@H]1N[C@H](CNC(=O)C2CCC2)[C@H]1c1ccc(cc1)C1=CCCC1'],,,,,
9401,BRD-K68989144,['44484345'],['C[C@H](CO)N1C[C@@H](C)[C@H](CN(C)C)Oc2ccc(NS(=O)(=O)c3ccccc3)cc2C1=O'],,,,,
9402,BRD-K69003436,['733669'],['O=C(Cn1nnc2sc3CCCCc3c2c1=O)NCc4ccco4'],,,,,
9403,BRD-K69006460,['54639067'],['OC[C@@H]1O[C@H](CC(=O)NCc2ccc(Oc3ccccc3)cc2)C=C[C@H]1NC(=O)c1ccccc1'],,,,,
9404,BRD-K69014051,['54654530'],['CN1[C@@H]2CC[C@@H](CC(O)=O)O[C@@H]2COc2ccc(NC(=O)c3cccc(c3)C(F)(F)F)cc2C1=O'],,,,,
9405,BRD-K69021148,['54631610'],['CO[C@@H]1CN(C)C(=O)c2ccc(NS(=O)(=O)c3cccc(OC)c3)cc2OC[C@@H](C)N(Cc2ccccc2F)C[C@@H]1C'],,,,,
9406,BRD-K69021489,['44488070'],['C[C@@H](CO)N1C[C@H](C)[C@H](CN(C)S(=O)(=O)c2c(C)noc2C)Oc3c(NC(=O)c4nc5ccccc5s4)cccc3C1=O'],,,,,
9407,BRD-K69040870,['54651449'],['CCCN(C[C@H]1N[C@H](CO)[C@@H]1c1ccc(cc1)-c1cccnc1)C(C)=O'],,,,,
9408,BRD-K69048063,['54666683'],['COc1cccc(c1)-c1ccc(cc1)[C@H]1[C@H](CO)N2CCCCN(C[C@H]12)C(=O)c1ccc(F)cc1'],,,,,
9409,BRD-K69048763,['54665070'],['COc1cccc(c1)-c1ccc2N[C@@H](CO)[C@@H]3CCN([C@@H]3c2c1)C(=O)c1ccc(F)cc1'],,,,,
9410,BRD-K69073546,['54649578'],['CO[C@@H]1CC[C@H]2CCOc3c(cccc3C(=O)N(C)C[C@H](C)C(=O)N(C)C[C@@H]1O2)C#N'],,,,,
9411,BRD-K69075782,['54651411'],['C\\C=C\\c1ccc(cc1)[C@H]1[C@H](CO)N([C@H]1CN(C)C(=O)c1ccccn1)C(C)=O'],,,,,
9412,BRD-K69077316,['54664911'],['OC[C@@H]1Nc2ccc(cc2[C@H]2[C@@H]1CCN2C(=O)c1ccc(F)cc1)C#Cc1ccccc1F'],,,,,
9413,BRD-K69096174,['54618368'],['C[C@@H](CO)N1C[C@@H](C)[C@@H](CN(C)C(=O)Nc2ccc(cc2)C(F)(F)F)Oc3ncc(cc3C1=O)c4ccc(C#N)cc4'],,,,,
9414,BRD-K69159985,['44499548'],['C[C@@H](CO)N1C[C@@H](C)[C@@H](CN(C)Cc2ccc(Oc3ccccc3)cc2)Oc4c(NC(=O)NC5CCCCC5)cccc4C1=O'],,,,,
9415,BRD-K69174517,['54649504'],['CO[C@@H]1CC[C@H]2CCN(C)C(=O)[C@@H](C)[C@@H](CN(C)C(=O)c3cccc(C#N)c3OC[C@H]1O2)OC'],,,,,
9416,BRD-K69178842,['54657871'],['O[C@@H]1COC[C@H]2O[C@H](CC(=O)N3CCOCC3)CC[C@@H]2N(C1)C(=O)Nc1cc(Cl)cc(Cl)c1'],,,,,
9417,BRD-K69194443,['54618642'],['COc1ccc(C#Cc2ccc3c(O[C@H](CN(C)C(=O)CN4CCOCC4)[C@H](C)CN([C@H](C)CO)S3(=O)=O)c2)cc1'],,,,,
9418,BRD-K69197522,['54666399'],['COc1cccc(c1)S(=O)(=O)N1CCCCN2[C@H](CO)[C@@H]([C@H]2C1)c1ccc(cc1)C#CCC(C)C'],,,,,
9419,BRD-K69197680,['54638697'],['Cc1noc(C)c1NC(=O)NCC[C@H]1CC[C@@H](NC(=O)c2ccc(F)cc2)[C@H](CO)O1'],,,,,
9420,BRD-K69200251,['54652661'],['Cc1cccc(c1)S(=O)(=O)N1C[C@H]2[C@H]([C@H](CO)N2CC2CCOCC2)c2ccccc12'],,,,,
9421,BRD-K69206710,['44490276'],['C[C@H](CO)N1C[C@H](C)[C@H](CN(C)C(=O)CCC(F)(F)F)OCCCC[C@@H](C)Oc2ccc(cc2C1=O)N(C)C'],,,,,
9422,BRD-K69218883,['44488642'],['CC(C)NC(=O)N(C)C[C@@H]1Oc2ccc(cc2CC(=O)N(C[C@@H]1C)[C@H](C)CO)N(C)C'],,,,,
9423,BRD-K69231968,['56643186'],['CCOC(=O)N1CCC(CC1)NCCNC(=O)c2ccc(F)c(F)c2'],,,,,
9424,BRD-K69236395,['60190515'],['COc1ccc(cc1)S(=O)(=O)N1C[C@@]2(C1)CN(Cc1ccccc1OC)[C@H](CO)c1[nH]c3cc(OC)ccc3c21'],,,,,
9425,BRD-K69237309,['60189952'],['CCS(=O)(=O)N1C[C@@]2(C1)CN([C@@H](CO)c1c2c2ccc(OC)cc2n1C)C(=O)c1ccc(F)cc1'],,,,,
9426,BRD-K69261014,['60191194'],['CC(C)C#Cc1ccc(cc1)[C@@H]1[C@@H](CO)N2[C@H]1CN(CC2=O)S(=O)(=O)c1ccccc1'],,,,,
9427,BRD-K69276764,['54654307'],['CCNC(=O)Nc1ccc2OC[C@@H]3O[C@H](CC(=O)N[C@H](C)c4ccccc4)CC[C@H]3N(C)C(=O)c2c1'],,,,,
9428,BRD-K69280720,['54638659'],['COc1cccc(CNC(=O)C[C@@H]2O[C@H](CO)[C@@H](NC(=O)C3CCC3)C=C2)c1'],,,,,
9429,BRD-K69286267,['44503471'],['C[C@H](CO)N1C[C@@H](C)[C@@H](CN(C)Cc2ccc(cc2)C(F)(F)F)Oc3ccc(NC(=O)Nc4ccccc4)cc3CC1=O'],,,,,
9430,BRD-K69291665,['60191028'],['OC[C@@H]1[C@H]([C@H]2CN(CC(=O)N12)C(=O)c1cccc(F)c1)c1ccc(\\C=C\\c2ccccc2)cc1'],,,,,
9431,BRD-K69293497,['54631726'],['CO[C@@H]1CN(C)C(=O)c2cc(NC(=O)NC(C)C)ccc2OC[C@H](C)N(C[C@H]1C)C(=O)C1CCC1'],,,,,
9432,BRD-K69295800,['44616949'],['C[C@H](CO)N1C[C@H](C)[C@@H](CN(C)C(=O)Nc2cccc3ccccc23)Oc4ccc(NS(=O)(=O)C)cc4C1=O'],,,,,
9433,BRD-K69304050,['25243777'],['FC(F)(F)c1cccc(c1)S(=O)(=O)N2CCN(CC2)S(=O)(=O)c3ccc4OCCOc4c3'],,,,,
9434,BRD-K69306987,['54652636'],['COCC(=O)N1C[C@@H]2[C@@H]([C@H](CO)N2C(=O)c2ccccc2F)c2ccccc12'],,,,,
9435,BRD-K69310574,['54631621'],['CCC(=O)Nc1ccc2OC[C@H](C)N(Cc3ccncc3)C[C@@H](C)[C@@H](CN(C)C(=O)c2c1)OC'],,,,,
9436,BRD-K69317358,['54654051'],['CN1[C@H]2CC[C@H](CC(=O)NCc3ccc4OCOc4c3)O[C@H]2COc2ccc(NC(=O)c3ccccc3F)cc2C1=O'],,,,,
9437,BRD-K69318356,['54637979'],['CC(C)[C@H](C)NC(=O)N(C)C[C@H]1OCc2ccccc2-c3ccccc3C(=O)N(C[C@@H]1C)[C@H](C)CO'],,,,,
9438,BRD-K69332942,['54660919'],['OC[C@H]1[C@@H]2Cn3c(ccc(-c4cccnc4)c3=O)[C@H]([C@@H]1C(=O)NCc1cccc(F)c1)N2CC1CC1'],,,,,
9439,BRD-K69343050,['44505534'],['C[C@@H](CO)N1C[C@@H](C)[C@H](CN(C)S(=O)(=O)c2ccccc2C)OCc3cnnn3CCCC1=O'],,,,,
9440,BRD-K69344898,['54660669'],['OC[C@H]1[C@@H]2Cn3c(ccc(-c4ccncc4)c3=O)[C@H]([C@@H]1C(=O)NCC1CC1)N2Cc1nccs1'],,,,,
9441,BRD-K69347381,['44486732'],['C[C@H](CO)N1C[C@@H](C)[C@@H](CN(C)Cc2ccc(cc2)C(F)(F)F)Oc3ccc(NC(=O)Nc4ccccc4)cc3C1=O'],,,,,
9442,BRD-K69349639,['54618690'],['C[C@H](CO)N1C[C@H](C)[C@@H](CN(C)CC2CCOCC2)Oc3cc(ccc3S1(=O)=O)c4cccnc4'],,,,,
9443,BRD-K69367836,['54631898'],['CO[C@H]1CN(C)C(=O)c2cc(NC(=O)Nc3ccccc3)ccc2OC[C@H](C)N(C[C@@H]1C)C(=O)CC1CC1'],,,,,
9444,BRD-K69372544,['60191933'],['OC[C@H]1[C@H](c2ccccc2)C2(CN(C2)C(=O)CC2CC2)N1CC1CCOCC1'],,,,,
9445,BRD-K69396629,['4573811'],['Cc1cc(C)n2ncc(C(=O)Nc3ccc4CCCc4c3)c2n1'],,,,,
9446,BRD-K69406317,['44617510'],['COc1ccc(CN(C)C[C@@H]2OCCCC[C@@H](C)Oc3ccc(NC(=O)Nc4ccc(cc4)C(F)(F)F)cc3C(=O)N(C[C@@H]2C)[C@@H](C)CO)cc1'],,,,,
9447,BRD-K69414416,['54631649'],['CCS(=O)(=O)Nc1ccc2OC[C@@H](C)N(CCC(F)(F)F)C[C@@H](C)[C@H](CN(C)C(=O)c2c1)OC'],,,,,
9448,BRD-K69420053,['54631631'],['CO[C@H]1CN(C)C(=O)c2cc(NC(=O)Nc3ccccc3OC)ccc2OC[C@@H](C)N(C)C[C@@H]1C'],,,,,
9449,BRD-K69422440,['50898056'],['CCCOc1ccc(cc1)-c1nc(CSCC(=O)NC2CC2)c(C)o1'],,,,,
9450,BRD-K69423345,['44493884'],['C[C@@H](CO)N1C[C@H](C)[C@H](CN(C)Cc2ccncc2)Oc3ccc(NC(=O)CCN4CCOCC4)cc3C1=O'],,,,,
9451,BRD-K69425327,['54661330'],['CCN1[C@@H]2Cn3c(ccc(\\C=C\\c4ccccc4)c3=O)[C@H]1[C@H]([C@@H]2CO)C(=O)N1CCCCC1'],,,,,
9452,BRD-K69431670,['44505762'],['CC(C)COC(=O)N(C)C[C@H]1OCc2cn(CCCC(=O)N(C[C@@H]1C)[C@@H](C)CO)nn2'],,,,,
9453,BRD-K69441986,['54631878'],['CO[C@H]1CN(C)C(=O)c2ccc(NC(=O)c3ccc(cc3)-c3ccccc3)cc2OC[C@H](C)NC[C@H]1C'],,,,,
9454,BRD-K69449860,['54665022'],['CN(C)CC(=O)N1CC[C@H]2[C@@H]1c1cc(ccc1N[C@H]2CO)-c1ccc(cc1)C(=O)N(C)C'],,,,,
9455,BRD-K69449918,['54654004'],['COc1cccc(NC(=O)C[C@@H]2CC[C@@H]3[C@H](COc4ccc(NC(=O)C5CCOCC5)cc4C(=O)N3C)O2)c1'],,,,,
9456,BRD-K69464603,['54660833'],['OC[C@H]1[C@@H]2Cn3c(ccc(-c4ccncc4)c3=O)[C@@H]2N(Cc2cocn2)[C@@H]1C(=O)N1CCCCC1'],,,,,
9457,BRD-K69480620,['54652428'],['CCCNC(=O)N1C[C@@H]2[C@@H]([C@H](CO)N2Cc2cccc(OC)c2)c2ccccc12'],,,,,
9458,BRD-K69487032,['54631877'],['CCCN1C[C@@H](C)[C@H](CN(C)C(=O)c2cc(NS(=O)(=O)c3ccccc3)ccc2OC[C@@H]1C)OC'],,,,,
9459,BRD-K69493165,['54661169'],['OC[C@H]1[C@@H]2Cn3c(ccc(-c4ccccc4)c3=O)[C@@H]2N(Cc2ccccc2F)[C@@H]1C(O)=O'],,,,,
9460,BRD-K69496360,['2211279'],['COc1ccc(Cl)cc1NC(=S)NCCCN2CCCC2=O'],,,,,
9461,BRD-K69498175,['54638297'],['CN1CCN(CC1)C(=O)C[C@@H]1CC[C@@H](NC(=O)Nc2c(C)noc2C)[C@@H](CO)O1'],,,,,
9462,BRD-K69500068,['54666561'],['CN(C)C(=O)c1cccc(c1)-c1ccc(cc1)[C@@H]1[C@@H](CO)N2CCCCN(CC3CCOCC3)C[C@H]12'],,,,,
9463,BRD-K69501658,['24031702'],['COC(=O)CCCCCCC(=O)N/N=C/c1ccccc1Cl'],,,,,
9464,BRD-K69506839,['54661020'],['CN1[C@@H]([C@@H](CO)[C@@H]2Cn3c(ccc(-c4ccccc4)c3=O)[C@H]12)C(=O)N1CCc2ccccc2C1'],,,,,
9465,BRD-K69510236,['60184827'],['CCCNC(=O)N1C[C@H]2N[C@@H](C1)[C@H]2c1ccc(cc1)-c1cccc(F)c1'],,,,,
9466,BRD-K69510309,['54652660'],['Cc1cccc(c1)S(=O)(=O)N1C[C@H]2[C@H]([C@@H](CO)N2CC2CCOCC2)c2ccccc12'],,,,,
9467,BRD-K69510809,['54652545'],['CN1C[C@H]2[C@H]([C@@H](CO)N2C(=O)C2CCOCC2)c2ccccc12'],,,,,
9468,BRD-K69516039,['17460708'],['O=C(Nc1cc(ccc1N1CCCC1)S(=O)(=O)N1CCOCC1)c1cc2CCCCc2s1'],,,,,
9469,BRD-K69516264,['54618603'],['C[C@@H](CO)N1C[C@@H](C)[C@@H](CN(C)Cc2ccc(Oc3ccccc3)cc2)Oc4ncc(cc4C1=O)c5cncnc5'],,,,,
9470,BRD-K69521358,['54661283'],['CCCN1[C@H]([C@H](CO)[C@H]2Cn3c(ccc(-c4cccnc4)c3=O)[C@@H]12)C(=O)NC1CCC1'],,,,,
9471,BRD-K69546841,['54664801'],['OC[C@H]1Nc2ccc(Br)cc2[C@@H]2[C@H]1CCN2C(=O)C1CCOCC1'],,,,,
9472,BRD-K69548259,['54657857'],['COc1ccc(cc1)S(=O)(=O)N1C[C@@H](O)COC[C@@H]2O[C@H](CC(=O)N[C@@H]3CCN(Cc4ccccc4)C3)CC[C@@H]12'],,,,,
9473,BRD-K69557760,['60189782'],['COCC(=O)N1CC2(C1)[C@@H]([C@H](CO)N2C(=O)NC1CCCC1)c1ccccc1'],,,,,
9474,BRD-K69569876,['1201976'],['Nc1nc(CSc2nnnn2c3ccccc3)nc(Nc4ccccc4)n1'],,,,,
9475,BRD-K69572618,['60189834'],['COc1ccc2c3c([nH]c2c1)[C@H](CO)N(C[C@]31CCN(CC1)C(=O)c1ccccn1)C(=O)Nc1ccc(F)cc1'],,,,,
9476,BRD-K69573138,['54631519'],['CO[C@H]1CN(C)C(=O)c2cc(NS(=O)(=O)CC(F)(F)F)ccc2OC[C@H](C)N(Cc2nccs2)C[C@H]1C'],,,,,
9477,BRD-K69586787,['54649326'],['CO[C@H](CN(C)S(=O)(=O)c1ccc(Cl)cc1)[C@H](C)CN([C@@H](C)CO)S(=O)(=O)c1cccc(Cl)c1'],,,,,
9478,BRD-K69589246,['54631566'],['CO[C@@H]1CN(C)C(=O)c2ccc(NS(=O)(=O)c3ccc(Oc4ccccc4)cc3)cc2OC[C@@H](C)NC[C@@H]1C'],,,,,
9479,BRD-K69598982,['54615012'],['CC(C)NC(=O)N(C)C[C@H]1OCCCC[C@H](C)Oc2ccc(NC(=O)c3ccccc3)cc2C(=O)N(C[C@@H]1C)[C@@H](C)CO'],,,,,
9480,BRD-K69603398,['44495013'],['C[C@@H](CO)N1C[C@@H](C)[C@H](CN(C)S(=O)(=O)c2ccccc2)OCCCC[C@H](C)Oc3ccc(NC(=O)CCCN(C)C)cc3C1=O'],,,,,
9481,BRD-K69611470,['60191564'],['CCCNC(=O)N1[C@H](CO)[C@H](c2ccccc2)C11CN(C1)C(=O)c1cccnc1'],,,,,
9482,BRD-K69616553,['54654564'],['COC(=O)C[C@@H]1CC[C@@H]2[C@@H](COc3ccc(NC(=O)Cc4cccs4)cc3C(=O)N2C)O1'],,,,,
9483,BRD-K69649444,['54649539'],['CO[C@@H]1CC[C@@H]2CCOc3c(cccc3C(=O)N(C)C[C@H](CC(=O)N(C)C[C@@H]1O2)c1ccccc1)C#N'],,,,,
9484,BRD-K69661816,['54649973'],['OC[C@@H]1[C@@H]([C@H](C#N)N1S(=O)(=O)Cc1ccccc1)c1ccccc1'],,,,,
9485,BRD-K69664985,['54650193'],['CC(C)NC(=O)N1[C@H](CO)[C@@H]([C@@H]1C#N)c1ccc(cc1)C#CC1CCCCC1'],,,,,
9486,BRD-K69672023,['44619837'],['C[C@H](CO)N1C[C@@H](C)[C@H](CN(C)Cc2ccc(Cl)c(Cl)c2)OCCCC[C@@H](C)Oc3ccc(NC(=O)C4CCCCC4)cc3C1=O'],,,,,
9487,BRD-K69672299,['54618562'],['C[C@H](CO)N1C[C@H](C)[C@H](CN(C)C(=O)C2CCCCC2)Oc3ncc(C#Cc4ccccc4F)cc3C1=O'],,,,,
9488,BRD-K69672581,['54638499'],['OC[C@@H]1O[C@H](CCNS(=O)(=O)Cc2ccccc2)CC[C@H]1NS(=O)(=O)c1ccc(F)cc1'],,,,,
9489,BRD-K69676861,['20862025'],['Cc1cc(Br)ccc1NC(=O)CCCOc1cc(=O)n(C)c2ccccc12'],,,,,
9490,BRD-K69681876,['54651341'],['OC[C@@H]1N[C@@H](CNC(=O)CN2CCOCC2)[C@H]1c1ccc(cc1)-c1ccccc1'],,,,,
9491,BRD-K69682028,['60185138'],['Fc1cccc(CN2C[C@H]3N[C@@H](C2)[C@H]3c2ccc(\\C=C\\c3ccccc3)cc2)c1'],,,,,
9492,BRD-K69692345,['56835519'],['C[C@@H](CO)N1C[C@H](C)[C@H](CN(C)Cc2ccc3OCOc3c2)OCc4ccccc4-c5ccccc5C1=O'],,,,,
9493,BRD-K69694842,['60191364'],['CCC(=O)N1C[C@@H]2[C@H]([C@@H](CO)N2C(=O)C1)c1ccc(cc1)C#CCC(C)C'],,,,,
9494,BRD-K69695287,['53338807'],['OP(O)(=O)c1ccc2-c3ccccc3C(=O)c2c1'],,,,,
9495,BRD-K69696272,['54646285'],['OC[C@@H]1O[C@@H](CC(=O)NC2CCCCC2)C[C@@H]3[C@H]1Oc4ccc(NC(=O)Nc5ccccc5F)cc34'],,,,,
9496,BRD-K69697800,['54618487'],['C[C@@H](CO)N1C[C@H](C)[C@H](CN(C)C(=O)Nc2ccc(F)cc2)Oc3cc(ccc3S1(=O)=O)c4ccccc4C'],,,,,
9497,BRD-K69698931,['60189652'],['CCC(=O)N1[C@H](CO)[C@@H](c2ccccc2)C11CN(C1)C(=O)c1ccc2OCOc2c1'],,,,,
9498,BRD-K69705756,['54649324'],['CO[C@@H](CN(C)S(=O)(=O)c1ccc(Cl)cc1)[C@H](C)CN([C@@H](C)CO)S(=O)(=O)c1cccc(Cl)c1'],,,,,
9499,BRD-K69711545,['54666455'],['OC[C@H]1[C@H]([C@H]2CN(Cc3ccccc3F)CCCCN12)c1ccc(cc1)-c1cccc(c1)C#N'],,,,,
9500,BRD-K69719543,['54646049'],['COc1ccccc1CNC(=O)C[C@H]2C[C@@H]3[C@@H](Oc4ccc(cc34)N(C)C)[C@@H](CO)O2'],,,,,
9501,BRD-K69719681,['54654439'],['CN1[C@@H]2CC[C@@H](CC(=O)N[C@@H]3CCN(Cc4ccccc4)C3)O[C@@H]2COc2ccc(NC(=O)Cc3cccs3)cc2C1=O'],,,,,
9502,BRD-K69722708,['54638718'],['COc1ccc(cc1)-c1cn(CC[C@H]2CC[C@H](NC(=O)CCN3CCCCC3)[C@H](CO)O2)nn1'],,,,,
9503,BRD-K69724418,['54646582'],['COc1ccc(NC(=O)Nc2ccc3O[C@@H]4[C@@H](C[C@H](CC(=O)O)O[C@H]4CO)c3c2)cc1'],,,,,
9504,BRD-K69729196,['60184882'],['CN(C)C(=O)c1cccc(c1)-c1ccc(cc1)[C@H]1[C@H]2CN(Cc3ccccc3F)C[C@@H]1N2'],,,,,
9505,BRD-K69735552,['54650071'],['OC[C@H]1[C@@H]([C@H](C#N)N1C(=O)c1ccccc1F)c1ccccc1'],,,,,
9506,BRD-K69747917,['44490348'],['CC(C)NC(=O)N(C)C[C@H]1OCCCC[C@H](C)Oc2ccc(cc2C(=O)N(C[C@@H]1C)[C@H](C)CO)N(C)C'],,,,,
9507,BRD-K69760878,['44497988'],['CC(C)NC(=O)Nc1cccc2C(=O)N(C[C@@H](C)[C@@H](CN(C)C)Oc12)[C@H](C)CO'],,,,,
9508,BRD-K69768745,['54651368'],['COCCN(C[C@H]1[C@@H]([C@@H](CO)N1C(C)=O)c1ccccc1)C(=O)c1cccnc1'],,,,,
9509,BRD-K69790925,['54660647'],['OC[C@@H]1[C@H]2Cn3c(cccc3=O)[C@H]2N[C@H]1C(=O)NC1Cc2ccccc2C1'],,,,,
9510,BRD-K69791739,['44202600'],['C[C@H](CO)N1C[C@H](C)[C@@H](CN(C)C(=O)NC2CCCCC2)Oc3c(cccc3C1=O)N(C)C'],,,,,
9511,BRD-K69792693,['54645844'],['COC(=O)C[C@H]1C[C@H]2[C@H](Oc3ccc(N)cc23)[C@H](CO)O1'],,,,,
9512,BRD-K69792860,['44506093'],['C[C@H](CO)N1C[C@@H](C)[C@H](CN(C)Cc2cccc3OCCCOc23)OCc4cnnn4CCCC1=O'],,,,,
9513,BRD-K69795440,['44246520'],['CN(Cc1ccco1)Cc2ccc(O)c3ncccc23'],,,,,
9514,BRD-K69803214,['54652463'],['OC[C@H]1[C@H]2[C@H](CN(C(=O)c3ccc4OCOc4c3)c3ccccc23)N1C(=O)CC1CC1'],,,,,
9515,BRD-K69805180,['54618504'],['C[C@@H](CO)N1C[C@H](C)[C@@H](CN(C)C(=O)c2ccncc2)Oc3ncc(cc3C1=O)c4ccc(cc4)C(=O)N(C)C'],,,,,
9516,BRD-K69806016,['54646448'],['OC[C@@H]1O[C@@H](CC(=O)NC2CCCCC2)C[C@@H]3[C@H]1Oc4ccc(NC(=O)c5ccc6OCOc6c5)cc34'],,,,,
9517,BRD-K69827766,['54618216'],['C[C@H](CO)N1C[C@H](C)[C@@H](CN(C)C(=O)Nc2ccc(cc2)C(F)(F)F)Oc3ncc(cc3C1=O)c4ccc(C#N)cc4'],,,,,
9518,BRD-K69834151,['25243750'],['Cc1cc2n(C)c3c(cnn(Cc4ccc(F)cc4F)c3=O)c2s1'],,,,,
9519,BRD-K69837023,['54631599'],['COCC(=O)N1C[C@@H](C)[C@H](CN(C)C(=O)c2ccc(NS(C)(=O)=O)cc2OC[C@H]1C)OC'],,,,,
9520,BRD-K69841970,['44488050'],['CC(C)NC(=O)Nc1cccc2C(=O)N(C[C@H](C)[C@H](CN(C)Cc3ccc(Cl)c(Cl)c3)Oc12)[C@H](C)CO'],,,,,
9521,BRD-K69845975,['54646029'],['OC[C@@H]1O[C@@H](CC(=O)N2CCCCC2)C[C@H]3[C@@H]1Oc4ccc(NC(=O)NC5CCCC5)cc34'],,,,,
9522,BRD-K69869536,['54664831'],['CN1[C@@H](CO)[C@H]2CCN([C@H]2c2cc(ccc12)-c1ccc(cc1)C#N)S(=O)(=O)c1ccc(C)cc1'],,,,,
9523,BRD-K69873182,['54646508'],['OC[C@H]1O[C@@H](CC(=O)NCc2cc(F)ccc2F)C[C@H]3[C@@H]1Oc4ccc(NC(=O)c5ccc6OCOc6c5)cc34'],,,,,
9524,BRD-K69886508,['54638317'],['COc1ccc(cc1)S(=O)(=O)N[C@H]1CC[C@@H](CC(=O)N2CCC(Cc3ccccc3)CC2)O[C@@H]1CO'],,,,,
9525,BRD-K69888333,['44506582'],['C[C@H](CO)N1C[C@H](C)[C@H](CN(C)Cc2ccc(cc2)C(=O)Nc3ccccc3N)Oc4c(NC(=O)c5ccc(cc5)c6nccs6)cccc4C1=O'],,,,,
9526,BRD-K69892607,['54618824'],['C[C@H](CO)N1C[C@H](C)[C@@H](CN(C)CC2CCCC2)Oc3ncc(C#Cc4ccccn4)cc3C1=O'],,,,,
9527,BRD-K69894866,['54651242'],['CN(C[C@H]1N[C@@H](CO)[C@@H]1c1ccc(cc1)C1=CCCC1)C(=O)c1ccccn1'],,,,,
9528,BRD-K69936404,['54620069'],['C[C@@H](CO)N1C[C@@H](C)[C@H](CN(C)CC2CCOCC2)Oc3cc(C#Cc4ccccc4F)ccc3S1(=O)=O'],,,,,
9529,BRD-K69936629,['54650150'],['CC(C)C#Cc1ccc(cc1)[C@H]1[C@H](CO)N([C@@H]1C#N)C(=O)c1cccc(F)c1'],,,,,
9530,BRD-K69947829,['56835595'],['CN1CCN(CC1)C(=O)c2cc3CN([C@@H](CCO)c3c(n2)c4cccc(C#CCC5CCCC5)c4)S(=O)C(C)(C)C'],,,,,
9531,BRD-K69951274,['54654385'],['CN1[C@@H]2CC[C@H](CC(=O)NCC(F)(F)F)O[C@@H]2COc2ccc(NC(=O)Nc3ccc(C)cc3)cc2C1=O'],,,,,
9532,BRD-K69962604,['54631760'],['CO[C@@H]1CN(C)C(=O)c2cc(NC(=O)NC(C)C)ccc2OC[C@H](C)N(C[C@@H]1C)C(=O)C1CCC1'],,,,,
9533,BRD-K69980290,['54653999'],['CCS(=O)(=O)Nc1ccc2OC[C@H]3O[C@@H](CC(=O)N4CCN(C)CC4)CC[C@H]3N(C)C(=O)c2c1'],,,,,
9534,BRD-K70003473,['54658020'],['COc1cccc(c1)S(=O)(=O)N1C[C@H](O)COC[C@@H]2O[C@H](CC(=O)N3CCN(CC3)c3ccccc3)CC[C@@H]12'],,,,,
9535,BRD-K70012251,['54631970'],['CO[C@H]1CN(C)C(=O)c2cc(NC(=O)C3CC3)ccc2OC[C@@H](C)N(CCC(F)(F)F)C[C@@H]1C'],,,,,
9536,BRD-K70016992,['56835407'],['C[C@H](CO)N1C[C@H](C)[C@@H](CN(C)S(=O)(=O)c2cccc(F)c2)OCc3ccccc3-c4c(C1=O)n(C)c5ccccc45'],,,,,
9537,BRD-K70036333,['56835544'],['C[C@@H](CO)N1C[C@H](C)[C@H](CN(C)S(=O)(=O)c2ccccc2F)OCc3ccccc3-c4ccccc4C1=O'],,,,,
9538,BRD-K70052069,['44620299'],['C[C@@H](CO)N1C[C@H](C)[C@@H](CN(C)CC2CCCCC2)OCCCC[C@H](C)Oc3ccc(NC(=O)c4ccccc4)cc3C1=O'],,,,,
9539,BRD-K70052774,['611101'],['NCCN1CCN(CC(=O)N2c3ccccc3C(=O)Nc4cccnc24)CC1'],,,,,
9540,BRD-K70053541,['60185074'],['CCCNC(=O)N1C[C@]2(CN(Cc3cccnc3)C2)c2c([C@H]1CO)n(C)c1cc(OC)ccc21'],,,,,
9541,BRD-K70068422,['54632034'],['CO[C@@H]1CN(C)C(=O)c2cc(NC(=O)c3ccccc3F)ccc2OC[C@@H](C)N(C[C@@H]1C)C(C)=O'],,,,,
9542,BRD-K70068608,['54631219'],['C[C@H](CO)N1C[C@@H](C)[C@H](CN(C)C(=O)Nc2ccc(cc2)C(F)(F)F)Oc3cc(ccc3S1(=O)=O)c4ccc(C)cc4'],,,,,
9543,BRD-K70074151,['54649461'],['CC(C)(C)[S@@](=O)N1Cc2cc(nc(c2[C@H]1CCO)-c1cccc(c1)-c1cccc(c1)C#N)C(=O)NCCc1ccncc1'],,,,,
9544,BRD-K70075321,['60191560'],['CN(C)CC(=O)N1[C@H](CO)[C@@H](c2ccccc2)C11CN(C1)C(=O)c1ccc(F)cc1'],,,,,
9545,BRD-K70077013,['54654255'],['CN1[C@@H]2CC[C@H](CC(=O)Nc3cn(C)nc3C)O[C@@H]2COc2ccc(NC(=O)c3cccc(F)c3)cc2C1=O'],,,,,
9546,BRD-K70086257,['6732081'],['COCCOC(=O)N1C(=O)[C@]2([C@@H]([C@@H]3N([C@@H]2c4ccc(O)cc4)[C@H]([C@H](OC3=O)c5ccccc5)c6ccccc6)C(=O)Nc7nc8ccccc8s7)c9cc(C#CCCO)ccc19'],,,,,
9547,BRD-K70102743,['44505755'],['CC(C)COC(=O)N(C)C[C@@H]1OCc2cnnn2CCCC(=O)N(C[C@H]1C)[C@H](C)CO'],,,,,
9548,BRD-K70108530,['44489463'],['CC(C)NC(=O)Nc1ccc2O[C@@H](CN(C)C(=O)NC3CCCCC3)[C@H](C)CN([C@@H](C)CO)C(=O)c2c1'],,,,,
9549,BRD-K70109596,['60184900'],['COc1ccc2c3c([nH]c2c1)[C@H](CO)N(C[C@]31CCN(CC2CCCCC2)CC1)S(=O)(=O)c1cn(C)cn1'],,,,,
9550,BRD-K70115829,['44483532'],['CC(C)NC(=O)Nc1ccc2O[C@@H](CN(C)C)[C@@H](C)CN([C@H](C)CO)C(=O)c2c1'],,,,,
9551,BRD-K70117295,['54654108'],['CN1[C@@H]2CC[C@H](CC(=O)NCc3ccccc3F)O[C@@H]2COc2ccc(NC(=O)C3CCCCC3)cc2C1=O'],,,,,
9552,BRD-K70125131,['60185048'],['COc1ccc2c3c([C@@H](CO)NC[C@]33CCN(Cc4cc(on4)-c4ccccc4)CC3)n(C)c2c1'],,,,,
9553,BRD-K70153099,['54658214'],['O[C@@H]1COC[C@H]2O[C@@H](CC(=O)N3CCc4ccccc4C3)CC[C@@H]2N(Cc2cc(F)ccc2F)C1'],,,,,
9554,BRD-K70161581,['5720066'],['Oc1cccc(/C=N/NC(=O)c2ccccc2O)c1O'],,,,,
9555,BRD-K70165037,['60184950'],['CN(C)CC(=O)N1C[C@@H]2N[C@H](C1)[C@H]2c1ccc(cc1)-c1ccncc1'],,,,,
9556,BRD-K70165913,['60190155'],['COc1ccc2c3c([C@H](CO)N(C[C@]33CCN(CC3)C(=O)CN(C)C)C(=O)C3CC3)n(C)c2c1'],,,,,
9557,BRD-K70166659,['54657799'],['COc1cccc(NC(=O)N2C[C@H](O)COC[C@H]3O[C@H](CC(=O)N(C)C)CC[C@H]23)c1'],,,,,
9558,BRD-K70179603,['54649375'],['CCCNC(=O)c1cc2CN([C@@H](CCO)c2c(n1)-c1cccc(c1)-c1ccc(F)cc1)[S@@](=O)C(C)(C)C'],,,,,
9559,BRD-K70200040,['54658033'],['O[C@@H]1CN[C@H]2CC[C@@H](CC(=O)NC3Cc4ccccc4C3)O[C@@H]2COC1'],,,,,
9560,BRD-K70201679,['54649365'],['CN(C)C(=O)c1cccc(c1)-c1cccc(c1)-c1nc(cc2CN([C@H](CCO)c12)[S@](=O)C(C)(C)C)C(=O)NCc1ccccc1'],,,,,
9561,BRD-K70202431,['54637879'],['C[C@@H](CO)N1C[C@H](C)[C@H](CN(C)S(=O)(=O)Cc2ccccc2)OCc3ccccc3-c4c(C1=O)n(C)c5ccccc45'],,,,,
9562,BRD-K70210716,['60190072'],['COc1ccc2c3c([nH]c2c1)[C@H](CO)N(Cc1ccccc1)C[C@]31CN(C1)S(=O)(=O)c1ccc(C)cc1'],,,,,
9563,BRD-K70229243,['24747148'],['CCOC(=O)C(Cc1cc(OC)cc(OC)c1)(Cc2cc(OC)cc(OC)c2)C#N'],,,,,
9564,BRD-K70231266,['54646643'],['C[C@H](NC(=O)C[C@@H]1C[C@H]2[C@H](Oc3ccc(NC(=O)c4cccnc4)cc23)[C@H](CO)O1)c5ccccc5'],,,,,
9565,BRD-K70237789,['54638966'],['OC[C@@H]1O[C@@H](CCNC(=O)c2ccc(F)cc2)CC[C@@H]1NC(=O)Nc1ccc(Cl)c(Cl)c1'],,,,,
9566,BRD-K70243592,['56835324'],['COc1ccccc1S(=O)(=O)N(C)C[C@H]2OCc3ccccc3-c4c(C(=O)N(C[C@@H]2C)[C@@H](C)CO)n(C)c5ccccc45'],,,,,
9567,BRD-K70252286,['54651260'],['CCN(C[C@@H]1[C@H]([C@@H](CO)N1CC1CC1)c1ccc(cc1)C1=CCCCC1)C(C)=O'],,,,,
9568,BRD-K70260471,['54631691'],['CCCNC(=O)Nc1ccc2c(OC[C@H](C)N(Cc3cccnc3)C[C@@H](C)[C@H](CN(C)C2=O)OC)c1'],,,,,
9569,BRD-K70260503,['60185068'],['COc1ccc2c3c([nH]c2c1)[C@H](CO)N(C[C@]31CCN(CC1)C(=O)CN(C)C)C(=O)c1cccnc1'],,,,,
9570,BRD-K70273200,['60189991'],['OC[C@@H]1N(Cc2ccccn2)C2(CN(C2)C(=O)c2cccc(F)c2)[C@H]1c1ccccc1'],,,,,
9571,BRD-K70276339,['60191109'],['OC[C@@H]1[C@H]([C@@H]2CN(CC(=O)N12)C(=O)Cc1cccnc1)c1ccc(\\C=C\\c2ccccc2)cc1'],,,,,
9572,BRD-K70284064,['44492229'],['CC(C)NC(=O)Nc1ccc2O[C@H](CN(C)C(=O)NC3CCCCC3)[C@@H](C)CN([C@@H](C)CO)C(=O)c2c1'],,,,,
9573,BRD-K70316332,['60185136'],['CN(C)C(=O)c1cccc(c1)-c1ccc(cc1)[C@@H]1[C@@H]2CNC[C@H]1N2Cc1ccc2OCOc2c1'],,,,,
9574,BRD-K70318404,['54631749'],['CCCC(=O)Nc1ccc2c(OC[C@H](C)NC[C@@H](C)[C@H](CN(C)C2=O)OC)c1'],,,,,
9575,BRD-K70330256,['54666386'],['CC(=O)N1CCCCN2[C@@H](CO)[C@H]([C@@H]2C1)c1ccc(cc1)-c1ccccc1'],,,,,
9576,BRD-K70337365,['54616023'],['C[C@H](CO)N1C[C@@H](C)[C@@H](CN(C)Cc2ccc(Cl)c(Cl)c2)OCCCC[C@H](C)Oc3ccc(NC(=O)Nc4ccc5OCOc5c4)cc3C1=O'],,,,,
9577,BRD-K70345064,['44497255'],['C[C@H](CO)N1C[C@H](C)[C@@H](CN(C)C(=O)Nc2cccc(c2)C(F)(F)F)OCc3cn(CCCC1=O)nn3'],,,,,
9578,BRD-K70358157,['56835556'],['C[C@@H](CO)N1C[C@H](C)[C@H](CN(C)S(=O)(=O)c2ccccc2C#N)OCc3ccccc3-c4ccccc4C1=O'],,,,,
9579,BRD-K70369221,['2215989'],['Fc1ccc(cc1)C(=O)CSc2nnc(c3cccc(Br)c3)n2c4ccccc4'],,,,,
9580,BRD-K70377370,['54637776'],['C[C@H](CO)N1C[C@@H](C)[C@@H](CN(C)C(=O)[C@@H]2CCCN2C)OCc3ccccc3-c4ccccc4C1=O'],,,,,
9581,BRD-K70397964,['44617670'],['C[C@@H](CO)N1C[C@H](C)[C@@H](CN(C)Cc2ccc(cc2)C(F)(F)F)OCCCC[C@@H](C)Oc3ccc(NC(=O)Nc4ccc(F)cc4)cc3C1=O'],,,,,
9582,BRD-K70399291,['54650157'],['CCc1cnc(s1)N1[C@@H](CO)[C@H]([C@@H]1C#N)c1ccc(cc1)C1=CCCCC1'],,,,,
9583,BRD-K70415218,['24747177'],['CCCCOc1ccc(Cl)cc1Nc2nc(NCCO)nc(n2)N3CCCC3'],,,,,
9584,BRD-K70416046,['60184846'],['COc1ccc2c3c([C@@H](CO)N(Cc4cccc(F)c4)C[C@]33CCN(CC3)C(=O)Cc3ccccc3)n(C)c2c1'],,,,,
9585,BRD-K70433089,['54637647'],['C[C@H](CO)N1C[C@H](C)[C@H](CN(C)S(=O)(=O)c2ccccc2C#N)OCc3ccccc3-c4c(C1=O)n(C)c5ccccc45'],,,,,
9586,BRD-K70435062,['54649449'],['CN(C)C(=O)c1cccc(c1)-c1cccc(c1)-c1nc(cc2CN([C@H](CCO)c12)[S@](=O)C(C)(C)C)C(=O)N1CCN(C)CC1'],,,,,
9587,BRD-K70447364,['54638936'],['OC[C@H]1O[C@@H](CC(=O)NCc2ccc(Cl)c(Cl)c2)CC[C@@H]1NS(=O)(=O)c1ccc(F)cc1'],,,,,
9588,BRD-K70459579,['54631545'],['CO[C@@H]1CN(C)C(=O)c2ccc(N)cc2OC[C@@H](C)NC[C@H]1C'],,,,,
9589,BRD-K70469022,['54649370'],['CN(C)C(=O)c1cccc(c1)-c1cccc(c1)-c1nc(cc2CN([C@@H](CCO)c12)[S@@](=O)C(C)(C)C)C(=O)N1CCOCC1'],,,,,
9590,BRD-K70470333,['54650025'],['OC[C@H]1[C@H]([C@@H](C#N)N1C(=O)c1ccc2OCOc2c1)c1ccccc1'],,,,,
9591,BRD-K70489510,['54617932'],['C[C@@H](CO)N1C[C@H](C)[C@@H](CN(C)CC2CCCCC2)OCCCC[C@H](C)Oc3ccc(NS(=O)(=O)c4ccc(Cl)cc4)cc3C1=O'],,,,,
9592,BRD-K70492429,['54625700'],['C[C@@H](CO)N1C[C@@H](C)[C@@H](CN(C)Cc2ccccc2)Oc3cc(C#CC4CC4)ccc3S1(=O)=O'],,,,,
9593,BRD-K70495648,['44617819'],['C[C@H](CO)N1C[C@@H](C)[C@H](CN(C)C(=O)c2ccncc2)OCCCC[C@@H](C)Oc3ccc(NC(=O)c4ccccc4)cc3C1=O'],,,,,
9594,BRD-K70496443,['54614986'],['CC(C)NC(=O)N(C)C[C@H]1OCCCC[C@H](C)Oc2ccc(NC(=O)c3ccccc3)cc2C(=O)N(C[C@H]1C)[C@@H](C)CO'],,,,,
9595,BRD-K70503895,['44142067'],['Cc1csc(CNc2ncnc3ccc(cc23)c4ccc5OCOc5c4)c1'],,,,,
9596,BRD-K70508482,['44494628'],['C[C@H](CO)N1C[C@H](C)[C@@H](CN(C)Cc2ccc(Oc3ccccc3)cc2)Oc4c(NC(=O)NC5CCCCC5)cccc4C1=O'],,,,,
9597,BRD-K70512038,['54660838'],['COCCNC(=O)[C@H]1[C@H](CO)[C@H]2Cn3c(ccc(-c4cccc(F)c4)c3=O)[C@@H]1N2C(=O)NC(C)C'],,,,,
9598,BRD-K70524666,['2300608'],['Clc1cc(Cl)cc(c1)-c1ccc(\\C=c2/sc3nc4cc(Br)cnc4n3c2=O)o1'],,,,,
9599,BRD-K70539465,['60185078'],['COc1ccc2c3c([nH]c2c1)[C@H](CO)N(C)C[C@]31CCN(CC1)C(=O)c1ccccc1F'],,,,,
9600,BRD-K70550435,['54646602'],['COCCNC(=O)C[C@H]1C[C@H]2[C@H](Oc3ccc(NS(=O)(=O)c4ccccc4)cc23)[C@@H](CO)O1'],,,,,
9601,BRD-K70551857,['54654487'],['CN1[C@H]2CC[C@H](CC(O)=O)O[C@@H]2COc2ccc(NC(=O)Nc3ccccc3)cc2C1=O'],,,,,
9602,BRD-K70559158,['54615828'],['C[C@@H](CO)N1C[C@H](C)[C@@H](CN(C)Cc2ccc(cc2)C(F)(F)F)OCCCC[C@@H](C)Oc3ccc(NS(=O)(=O)c4cn(C)cn4)cc3C1=O'],,,,,
9603,BRD-K70581786,['54639087'],['OC[C@@H]1O[C@H](CC(=O)N2CCC(Cc3ccccc3)CC2)CC[C@@H]1NC(=O)CCN1CCCCC1'],,,,,
9604,BRD-K70588377,['54651388'],['CCC(=O)N1[C@H](CO)[C@@H]([C@H]1CN(C)C(=O)c1ccccc1F)c1ccccc1'],,,,,
9605,BRD-K70590207,['54615118'],['COc1ccc(cc1)S(=O)(=O)N(C)C[C@@H]2OCCCC[C@H](C)Oc3ccc(NS(=O)(=O)c4cn(C)cn4)cc3C(=O)N(C[C@@H]2C)[C@H](C)CO'],,,,,
9606,BRD-K70595525,['54659297'],['O[C@H]1COC[C@H]2O[C@H](CC(=O)N3CCCCC3)CC[C@@H]2N(Cc2ccc(Oc3ccccc3)cc2)C1'],,,,,
9607,BRD-K70595737,['54615069'],['C[C@@H](CO)N1C[C@@H](C)[C@@H](CN(C)CC2CC2)OCCCC[C@@H](C)Oc3ccc(NC(=O)Cc4ccccc4)cc3C1=O'],,,,,
9608,BRD-K70617194,['54657834'],['O[C@H]1COC[C@H]2O[C@H](CC(=O)NC3CCC3)CC[C@@H]2N(Cc2ccccc2F)C1'],,,,,
9609,BRD-K70630513,['54638595'],['Cc1cccc(c1)S(=O)(=O)N[C@@H]1CC[C@@H](CCNC(=O)c2cnccn2)O[C@@H]1CO'],,,,,
9610,BRD-K70631162,['54658080'],['CCCNC(=O)N1C[C@H](O)COC[C@@H]2O[C@@H](CC(=O)N[C@@H]3CCN(Cc4ccccc4)C3)CC[C@@H]12'],,,,,
9611,BRD-K70633610,['54631316'],['CO[C@@H]1CN(C)C(=O)c2ccc(NC(=O)NC(C)C)cc2OC[C@H](C)N(C)C[C@H]1C'],,,,,
9612,BRD-K70638773,['44483604'],['C[C@@H](CO)N1C[C@H](C)[C@H](CN(C)Cc2ccc(cc2)C(F)(F)F)Oc3ccc(NC(=O)Nc4c(C)noc4C)cc3C1=O'],,,,,
9613,BRD-K70646792,['44142068'],['Cc1csc(CNc2ncnc3ccc(cc23)c4ccc5OCCOc5c4)c1'],,,,,
9614,BRD-K70647219,['44502244'],['COc1ccc(cc1)S(=O)(=O)N(C)C[C@H]2OCCCC[C@@H](C)Oc3ccc(NS(=O)(=O)c4cn(C)cn4)cc3C(=O)N(C[C@@H]2C)[C@H](C)CO'],,,,,
9615,BRD-K70653194,['54658065'],['O[C@@H]1COC[C@H]2O[C@H](CC(=O)NCc3ccc(F)cc3)CC[C@@H]2N(CC2CCCCC2)C1'],,,,,
9616,BRD-K70657810,['56835493'],['C[C@H](CO)N1C[C@@H](C)[C@H](CN(C)S(=O)(=O)c2ccccc2C)OCc3ccccc3-c4ccccc4C1=O'],,,,,
9617,BRD-K70663894,['54657914'],['CCNC(=O)C[C@@H]1CC[C@H]2[C@@H](COC[C@@H](O)CN2C(=O)C2CCOCC2)O1'],,,,,
9618,BRD-K70669970,['60190974'],['COc1ccccc1NC(=O)N1C[C@@H]2[C@H]([C@@H](CO)N2C(=O)C1)c1ccc(cc1)C#CC(C)C'],,,,,
9619,BRD-K70685076,['60192184'],['CC(C)NC(=O)N1CC2(C1)[C@@H]([C@H](CO)N2C(=O)c1ccccn1)c1ccccc1'],,,,,
9620,BRD-K70689011,['54639117'],['Cc1ccc(cc1)S(=O)(=O)N[C@@H]1CC[C@H](CCNC(=O)c2ccccc2F)O[C@@H]1CO'],,,,,
9621,BRD-K70690367,['54666397'],['COc1cccc(c1)S(=O)(=O)N1CCCCN2[C@@H](CO)[C@@H]([C@@H]2C1)c1ccc(cc1)C#CCC(C)C'],,,,,
9622,BRD-K70693222,['3232621'],['C(Nc1ncnc2ccc(cc12)c3ccc4OCOc4c3)c5cccs5'],,,,,
9623,BRD-K70697816,['60189691'],['CCCNC(=O)N1C[C@@]2(C1)CN([C@@H](CO)c1[nH]c3cc(OC)ccc3c21)C(=O)Nc1ccc(F)cc1'],,,,,
9624,BRD-K70711508,['44497291'],['C[C@@H](CO)N1C[C@@H](C)[C@@H](CN(C)CC2CC2)OCCCC[C@@H](C)Oc3ccc(NC(=O)CCC(F)(F)F)cc3C1=O'],,,,,
9625,BRD-K70714754,['44506661'],['C[C@@H](CO)N1C[C@@H](C)[C@@H](CN(C)Cc2ccc(cc2)C(=O)Nc3ccccc3N)Oc4ccc(NC(=O)Nc5ccc(cc5)C(F)(F)F)cc4CC1=O'],,,,,
9626,BRD-K70727050,['60189677'],['COc1ccc2c3c([nH]c2c1)[C@H](CO)N(Cc1ccc(Cl)cc1)C[C@]31CN(C1)S(C)(=O)=O'],,,,,
9627,BRD-K70751730,['459617'],['OC(=O)c1ccc(O)c2ncccc12'],,,,,
9628,BRD-K70751797,['54631546'],['COCC(=O)Nc1ccc2OC[C@@H](C)N(Cc3ccccn3)C[C@@H](C)[C@@H](CN(C)C(=O)c2c1)OC'],,,,,
9629,BRD-K70756309,['56835485'],['C[C@H](CO)N1C[C@@H](C)[C@H](CN(C)C(=O)Nc2cccc(c2)C(F)(F)F)OCc3ccccc3-c4ccccc4C1=O'],,,,,
9630,BRD-K70759550,['60185104'],['Fc1ccccc1-c1ccc(cc1)[C@@H]1[C@H]2CN(C[C@@H]1N2)C(=O)C1CCOCC1'],,,,,
9631,BRD-K70765133,['54639011'],['OC[C@@H]1O[C@@H](CC(=O)NCC2CC2)CC[C@@H]1NC(=O)C1CCC1'],,,,,
9632,BRD-K70766049,['54638946'],['OC[C@H]1O[C@H](CCn2cc(nn2)-c2ccccc2)CC[C@H]1NC(=O)Cc1ccccn1'],,,,,
9633,BRD-K70771662,['1471787'],['Clc1ccc(cc1)C(=O)Nc2ccc(Sc3ccccc3)c(C#N)c2'],,,,,
9634,BRD-K70783031,['54646032'],['CS(=O)(=O)Nc1ccc2O[C@H]3[C@H](C[C@@H](CC(=O)NCc4cc(F)ccc4F)O[C@@H]3CO)c2c1'],,,,,
9635,BRD-K70794677,['44508000'],['COc1ccc(NC(=O)Nc2ccc3O[C@H](C)CCCCO[C@@H](CN(C)Cc4ccc(cc4)C(=O)Nc5ccccc5N)[C@@H](C)CN([C@H](C)CO)C(=O)c3c2)cc1'],,,,,
9636,BRD-K70797508,['54658097'],['O[C@@H]1COC[C@H]2O[C@H](CC(=O)N3CCCCC3)CC[C@@H]2N(Cc2ccc3OCOc3c2)C1'],,,,,
9637,BRD-K70802145,['54654218'],['CCNC(=O)C[C@H]1CC[C@H]2[C@H](COc3ccc(NC(C)=O)cc3C(=O)N2C)O1'],,,,,
9638,BRD-K70804088,['54614176'],['C[C@H](CO)N1C[C@@H](C)[C@H](CN(C)CC2CCCCC2)Oc3ccc(NS(=O)(=O)c4ccc(F)cc4)cc3CC1=O'],,,,,
9639,BRD-K70810261,['54657479'],['COC(=O)C[C@@H]1CC[C@H]2NC[C@@H](O)COC[C@@H]2O1'],,,,,
9640,BRD-K70821391,['54657780'],['O[C@@H]1CN[C@@H]2CC[C@@H](CC(=O)N3CCc4ccccc4C3)O[C@H]2COC1'],,,,,
9641,BRD-K70821460,['37463'],['Cc1nc[nH]c1CCN'],,,,,
9642,BRD-K70831943,['2327953'],['Cc1ccc(cc1S(=O)(=O)N2CCCCC2)n3sc4ccccc4c3=O'],,,,,
9643,BRD-K70836798,['44618191'],['COc1ccc(CN(C)C[C@@H]2OCCCC[C@H](C)Oc3ccc(NC(=O)C4CCCCC4)cc3C(=O)N(C[C@H]2C)[C@@H](C)CO)cc1'],,,,,
9644,BRD-K70839030,['6729328'],['COC(=O)C(CC#Cc1ccc2NC(=O)[C@@]3([C@H]([C@H]4N([C@H]3c5ccc(O)cc5)[C@@H]([C@@H](OC4=O)c6ccccc6)c7ccccc7)C(=O)N8CCCCCCC8)c2c1)C(=O)OC'],,,,,
9645,BRD-K70842558,['60189943'],['CCCNC(=O)N1CC[C@@]2(CC1)CN([C@@H](CO)c1[nH]c3cc(OC)ccc3c21)C(=O)COC'],,,,,
9646,BRD-K70852733,['54657531'],['O[C@H]1COC[C@@H]2O[C@@H](CC(=O)N3CCN(CC3)c3ccccc3)CC[C@H]2N(C1)C(=O)c1cnccn1'],,,,,
9647,BRD-K70860307,['54631997'],['CO[C@@H]1CN(C)C(=O)c2ccc(NS(C)(=O)=O)cc2OC[C@H](C)N(Cc2nccs2)C[C@@H]1C'],,,,,
9648,BRD-K70861166,['54657809'],['Cc1ccc(cc1)S(=O)(=O)N1C[C@H](O)COC[C@@H]2O[C@H](CC(=O)NCc3ccc4OCOc4c3)CC[C@@H]12'],,,,,
9649,BRD-K70868165,['54638650'],['COc1cccc(NC(=O)N[C@@H]2CC[C@H](CC(=O)N3CCCCC3)O[C@H]2CO)c1'],,,,,
9650,BRD-K70868272,['54645816'],['OC[C@@H]1O[C@@H](CC(=O)NCCN2CCCCC2)C[C@@H]3[C@H]1Oc4ccc(NC(=O)C5CCOCC5)cc34'],,,,,
9651,BRD-K70874643,['54638610'],['Cc1ccc(cc1)S(=O)(=O)N[C@@H]1CC[C@@H](CCn2cc(nn2)-c2cccnc2)O[C@H]1CO'],,,,,
9652,BRD-K70875408,['54654159'],['CN1CCN(CC1)C(=O)C[C@@H]1CC[C@H]2[C@@H](COc3ccc(NC(=O)c4cscn4)cc3C(=O)N2C)O1'],,,,,
9653,BRD-K70880645,['60184192'],['COc1ccc2c3c([nH]c2c1)[C@H](CO)N(Cc1cc(F)ccc1F)C[C@]31CCN(CC1)C(=O)C1CCC1'],,,,,
9654,BRD-K70891562,['5417654'],['Clc1ccc(OCC(=O)N\\N=C\\c2ccc[nH]2)c(Cl)c1'],,,,,
9655,BRD-K70896405,['54664997'],['CN(C)C(=O)c1ccc(cc1)-c1ccc2N[C@H](CO)[C@H]3CCN(Cc4ccc5OCOc5c4)[C@H]3c2c1'],,,,,
9656,BRD-K70899691,['54646657'],['COc1ccccc1CNC(=O)C[C@H]2C[C@@H]3[C@@H](Oc4ccc(NC(=O)c5cccnc5)cc34)[C@@H](CO)O2'],,,,,
9657,BRD-K70900504,['60191006'],['CCC(=O)N1C[C@@H]2[C@@H]([C@@H](CO)N2C(=O)C1)c1ccc(cc1)C#Cc1cccnc1'],,,,,
9658,BRD-K70901996,['44491614'],['C[C@@H](CO)N1C[C@@H](C)[C@H](CN(C)Cc2ccncc2)Oc3ccc(NC(=O)Cc4cn(C)c5ccccc45)cc3C1=O'],,,,,
9659,BRD-K70917163,['1259573'],['COc1ccc(CCn2c(N)cc(=O)[nH]c2=S)cc1OC'],,,,,
9660,BRD-K70918484,['54649531'],['CO[C@H]1CC[C@@H]2CCN(C)C(=O)[C@H](C)[C@@H](CN(C)C(=O)c3cc(ccc3OC[C@H]1O2)C#N)OC'],,,,,
9661,BRD-K70918941,['16188892'],['Oc1ccccc1/C=C/c2noc(n2)c3ccccc3O'],,,,,
9662,BRD-K70923866,['60182794'],['CCC(=O)N1[C@H](CO)[C@@H]([C@H]1CNCC1CCC1)c1ccc(cc1)C1=CCCCC1'],,,,,
9663,BRD-K70940447,['44486374'],['CNC[C@@H]1OCc2cn(CCCC(=O)N(C[C@@H]1C)[C@H](C)CO)nn2'],,,,,
9664,BRD-K70947604,['6729782'],['NC(=O)[C@@H]1[C@@H]2N([C@H](c3ccc(OCCO)cc3)[C@@]14C(=O)Nc5ccccc54)[C@H]([C@H](OC2=O)c6ccccc6)c7ccccc7'],,,,,
9665,BRD-K70960308,['1817779'],['Cn1nnnc1SCCNC/C=C/c2ccccc2'],,,,,
9666,BRD-K70974948,['44497549'],['C[C@H](CO)N1C[C@@H](C)[C@@H](CN(C)Cc2ccc(Cl)c(Cl)c2)Oc3c(NC(=O)C4CC4)cccc3C1=O'],,,,,
9667,BRD-K70977695,['44142050'],['Cc1cccc(c1)c2ccc3ncnc(NCc4cccs4)c3c2'],,,,,
9668,BRD-K70980943,['74490'],['COc1ccc2Sc3ccccc3Nc2c1'],,,,,
9669,BRD-K70983703,['54638338'],['OC[C@@H]1O[C@@H](CCn2cc(nn2)C2CCCCC2)CC[C@H]1NC(=O)CN1CCOCC1'],,,,,
9670,BRD-K71004332,['54618335'],['C[C@@H](CO)N1C[C@H](C)[C@@H](CN(C)Cc2ccccn2)Oc3cc(ccc3S1(=O)=O)C4=CCCC4'],,,,,
9671,BRD-K71006572,['54631158'],['C[C@@H](CO)N1C[C@@H](C)[C@H](CN(C)C(=O)C2CCCCC2)Oc3ncc(C#CC4CCCCC4)cc3C1=O'],,,,,
9672,BRD-K71006848,['44486300'],['C[C@H](CO)N1C[C@@H](C)[C@H](CN(C)Cc2ccncc2)Oc3ccc(NC(=O)CCN4CCOCC4)cc3CC1=O'],,,,,
9673,BRD-K71029018,['44820564'],['CC(=O)NCCCNC(=S)NCCCN(Cc1ccc(Cl)cc1)c1ccc(Br)cn1'],,,,,
9674,BRD-K71031872,['54646224'],['CN(C)c1ccc2O[C@H]3[C@H](C[C@H](CC(=O)NCc4ccc(Oc5ccccc5)cc4)O[C@H]3CO)c2c1'],,,,,
9675,BRD-K71032175,['54638349'],['OC[C@@H]1O[C@@H](CC(=O)NCCCN2CCOCC2)CC[C@H]1NC(=O)Nc1ccc2OCOc2c1'],,,,,
9676,BRD-K71035792,['54639052'],['OC[C@H]1O[C@@H](CCNC(=O)C2CCC2)CC[C@H]1NS(=O)(=O)Cc1ccccc1'],,,,,
9677,BRD-K71038516,['54652478'],['OC[C@@H]1[C@@H]2[C@@H](CN(C(=O)CC(F)(F)F)c3ccccc23)N1Cc1cccnc1'],,,,,
9678,BRD-K71040278,['54637901'],['COc1ccccc1S(=O)(=O)N(C)C[C@@H]2OCc3ccccc3-c4c(C(=O)N(C[C@H]2C)[C@H](C)CO)n(C)c5ccccc45'],,,,,
9679,BRD-K71045429,['54654104'],['COc1ccc(CNC(=O)C[C@H]2CC[C@@H]3[C@@H](COc4ccc(NC(=O)C(C)C)cc4C(=O)N3C)O2)cc1'],,,,,
9680,BRD-K71059148,['54630618'],['C[C@H](CO)N1C[C@@H](C)[C@@H](CN(C)Cc2ccccc2F)Oc3cc(ccc3S1(=O)=O)C4=CCCC4'],,,,,
9681,BRD-K71073890,['54631421'],['COCC(=O)Nc1ccc2c(OC[C@@H](C)N(Cc3cccc(F)c3)C[C@@H](C)[C@@H](CN(C)C2=O)OC)c1'],,,,,
9682,BRD-K71087530,['54660904'],['OC[C@@H]1[C@H]2Cn3c(ccc(-c4ccccc4)c3=O)[C@H](N2)[C@H]1C(=O)N1CCCCC1'],,,,,
9683,BRD-K71100175,['54657939'],['O[C@H]1COC[C@H]2O[C@@H](CC(=O)NCC3CCCCC3)CC[C@@H]2N(Cc2cccc(Cl)c2)C1'],,,,,
9684,BRD-K71101608,['60190230'],['COc1ccc2c3c([C@@H](CO)N(C[C@]33CCN(Cc4cncnc4)CC3)C(=O)CN(C)C)n(C)c2c1'],,,,,
9685,BRD-K71104315,['54654067'],['COC(=O)C[C@H]1CC[C@H]2[C@H](COc3ccc(NS(=O)(=O)c4ccc(F)cc4)cc3C(=O)N2C)O1'],,,,,
9686,BRD-K71138616,['44483723'],['COc1ccc(cc1)S(=O)(=O)N(C)C[C@H]2Oc3c(NC(=O)Nc4cccc5ccccc45)cccc3C(=O)N(C[C@@H]2C)[C@H](C)CO'],,,,,
9687,BRD-K71138839,['54664796'],['CN1[C@H](CO)[C@@H]2CCN[C@@H]2c2cc(Br)ccc12'],,,,,
9688,BRD-K71140693,['25243776'],['Fc1cccc(F)c1S(=O)(=O)N[C@H]2CC[C@H](CC2)NS(=O)(=O)c3ccc4OCCOc4c3'],,,,,
9689,BRD-K71142328,['49835836'],['C(c1ncco1)n1nc(-c2ccccc2)c2ccccc12'],,,,,
9690,BRD-K71151012,['54649529'],['CO[C@H]1CC[C@@H]2CCN(C)C(=O)[C@H](C)[C@H](CN(C)C(=O)c3cc(ccc3OC[C@H]1O2)C#N)OC'],,,,,
9691,BRD-K71153796,['60191137'],['CCCC#Cc1ccc(cc1)[C@H]1[C@H](CO)N2[C@@H]1CN(CC2=O)C(=O)Nc1cccc(F)c1'],,,,,
9692,BRD-K71156053,['54638388'],['COCCNC(=O)C[C@H]1CC[C@H](NC(=O)NC2CCCCC2)[C@@H](CO)O1'],,,,,
9693,BRD-K71166745,['54650121'],['CCS(=O)(=O)N1[C@H](CO)[C@@H]([C@@H]1C#N)c1ccc(cc1)C#Cc1ccccc1F'],,,,,
9694,BRD-K71169857,['54651333'],['CCC(=O)NC[C@@H]1[C@H]([C@@H](CO)N1C(=O)C1CCC1)c1ccccc1'],,,,,
9695,BRD-K71169984,['25243729'],['Fc1cccc(F)c1S(=O)(=O)N2CCN(CC2)C(=O)c3ccc4OCCOc4c3'],,,,,
9696,BRD-K71172276,['24747245'],['COc1ccc(Nc2nc(nc(n2)N3CCOCC3)N4CCCC4)cc1'],,,,,
9697,BRD-K71182391,['44620891'],['Cc1ccc(OCCCOc2ccc(Cl)cc2Cl)c(n1)[N+]([O-])=O'],,,,,
9698,BRD-K71182858,['54660943'],['OC[C@H]1[C@@H]2Cn3c(ccc(-c4cccc(F)c4)c3=O)[C@@H]2N[C@@H]1C(=O)NC1CCCCC1'],,,,,
9699,BRD-K71188711,['44507286'],['C[C@@H](CO)N1C[C@@H](C)[C@@H](CN(C)CC2CCCCC2)Oc3ccc(NC(=O)CCCCCC(=O)Nc4ccccc4N)cc3CC1=O'],,,,,
9700,BRD-K71195237,['54637914'],['C[C@H](CO)N1C[C@H](C)[C@H](CN(C)Cc2cccc(c2)C(=O)O)OCc3ccccc3-c4c(C1=O)n(C)c5ccccc45'],,,,,
9701,BRD-K71204485,['54637651'],['COc1ccccc1CN(C)C[C@@H]2OCc3ccccc3-c4ccccc4C(=O)N(C[C@@H]2C)[C@H](C)CO'],,,,,
9702,BRD-K71205264,['54632010'],['CO[C@@H]1CN(C)C(=O)c2cc(NC(=O)Nc3cccc(Cl)c3)ccc2OC[C@@H](C)NC[C@@H]1C'],,,,,
9703,BRD-K71214345,['60189704'],['C\\C=C\\c1ccc(cc1)[C@@H]1[C@H](CO)N(C(=O)C2CCOCC2)C11CN(C1)C(=O)NC(C)C'],,,,,
9704,BRD-K71225733,['54650140'],['OC[C@H]1[C@H]([C@H](C#N)N1C(=O)CCN1CCCCC1)c1ccccc1'],,,,,
9705,BRD-K71227259,['60185080'],['Cc1ccccc1S(=O)(=O)N1C[C@H]2N[C@@H](C1)[C@H]2c1ccc(cc1)-c1cccc(c1)C#N'],,,,,
9706,BRD-K71240454,['44485809'],['C[C@H](CO)N1C[C@@H](C)[C@@H](CN(C)C)OCCCC[C@@H](C)Oc2ccc(NC(=O)C3CCCCC3)cc2C1=O'],,,,,
9707,BRD-K71249580,['54646382'],['CCCNC(=O)C[C@H]1C[C@@H]2[C@@H](Oc3ccc(NC(=O)NC4CCCCC4)cc23)[C@@H](CO)O1'],,,,,
9708,BRD-K71254586,['54646700'],['OC[C@H]1O[C@@H](CC(=O)NCc2ccc3OCOc3c2)C[C@@H]4[C@H]1Oc5ccc(NC(=O)C6CCOCC6)cc45'],,,,,
9709,BRD-K71259673,['54646443'],['OC[C@@H]1O[C@H](CC(=O)NCc2ccc(Oc3ccccc3)cc2)C[C@H]4[C@@H]1Oc5ccc(NC(=O)C6CCOCC6)cc45'],,,,,
9710,BRD-K71265179,['576989'],['Cc1ccc(cc1)C(=O)n2c3ccccc3c4ccccc24'],,,,,
9711,BRD-K71271296,['54646551'],['CN(C)C(=O)C[C@@H]1C[C@@H]2[C@@H](Oc3ccc(NC(=O)CC4CC4)cc23)[C@H](CO)O1'],,,,,
9712,BRD-K71278614,['54657896'],['O[C@@H]1COC[C@H]2O[C@@H](CC(=O)NCc3ccc(Oc4ccccc4)cc3)CC[C@@H]2N(CCC(F)(F)F)C1'],,,,,
9713,BRD-K71287386,['56835199'],['C[C@@H](CO)N1C[C@@H](C)[C@H](CN(C)S(=O)(=O)c2cccc(C#N)c2)OCc3ccccc3-c4ccccc4C1=O'],,,,,
9714,BRD-K71292008,['23863734'],['CC(C)C[C@@H]1NC(=O)[C@@H]2C[C@@H]([C@@H](N2C1=O)c3ccc(O)cc3)C(=O)OCCOc4ccc(cc4)[C@@H]5N6[C@H]([C@H](C(=O)OCC=C)[C@@]57C(=O)Nc8ccccc87)C(=O)O[C@H]([C@H]6c9ccccc9)c%10ccccc%10'],,,,,
9715,BRD-K71302181,['54638351'],['OC[C@@H]1O[C@H](CC(=O)NCCCN2CCOCC2)CC[C@H]1NC(=O)Nc1ccc2OCOc2c1'],,,,,
9716,BRD-K71303366,['44617484'],['C[C@H](CO)N1C[C@H](C)[C@@H](CN(C)Cc2ccc(cc2)C(=O)Nc3ccccc3N)Oc4ccc(cc4CC1=O)N(C)C'],,,,,
9717,BRD-K71328603,['54625726'],['C[C@@H](CO)N1C[C@H](C)[C@H](CN(C)Cc2ccccc2)Oc3cc(C#CCN(C)C)ccc3S1(=O)=O'],,,,,
9718,BRD-K71334452,['54645884'],['OC[C@H]1O[C@H](CC(=O)NCc2ccccc2F)C[C@H]3[C@@H]1Oc4ccc(NC(=O)NC5CCCC5)cc34'],,,,,
9719,BRD-K71339761,['107410'],['CNCCCN1c2ccc(O)cc2Sc2ccc(Cl)cc12'],,,,,
9720,BRD-K71346068,['54646034'],['CS(=O)(=O)Nc1ccc2O[C@@H]3[C@@H](C[C@H](CC(=O)NCc4cc(F)ccc4F)O[C@@H]3CO)c2c1'],,,,,
9721,BRD-K71353154,['54660751'],['OC[C@@H]1[C@H]2Cn3c(ccc(-c4ccccc4)c3=O)[C@@H]([C@H]1C(=O)NC1CCCC1)N2CCc1ccccc1'],,,,,
9722,BRD-K71357056,['54637929'],['C[C@H](CO)N1C[C@H](C)[C@@H](CN(C)S(=O)(=O)c2cccc(F)c2)OCc3ccccc3-c4ccccc4C1=O'],,,,,
9723,BRD-K71361154,['54654206'],['COc1ccccc1CNC(=O)C[C@@H]1CC[C@H]2[C@@H](COc3ccc(NS(=O)(=O)c4ccc(C)cc4)cc3C(=O)N2C)O1'],,,,,
9724,BRD-K71379723,['54658467'],['O[C@H]1COC[C@H]2O[C@H](CC(=O)NCc3ccc(Cl)cc3)CC[C@@H]2N(Cc2cccc(c2)C(F)(F)F)C1'],,,,,
9725,BRD-K71380401,['5336448'],['CCc1ccc2NC(=O)/C(=C/3\\NC(=S)NC3=O)/c2c1'],,,,,
9726,BRD-K71382703,['9581010'],['COC(=O)c1cnn(c1C=NN=C(S)Nc1ccc(Cl)cc1)-c1ccc(F)cc1F'],,,,,
9727,BRD-K71386122,['54646739'],['OC[C@@H]1O[C@H](CC(=O)NCCc2ccccc2)C[C@@H]3[C@H]1Oc4ccc(NC(=O)c5ccc6OCOc6c5)cc34'],,,,,
9728,BRD-K71387353,['54649313'],['CO[C@H](CN(C)Cc1cc(F)ccc1F)[C@@H](C)CN([C@@H](C)CO)S(=O)(=O)c1ccc(F)cc1'],,,,,
9729,BRD-K71397492,['56835417'],['C[C@H](CO)N1C[C@@H](C)[C@H](CN(C)C(=O)Nc2ccnc(c2)N3CCOCC3)OCc4ccccc4-c5ccccc5C1=O'],,,,,
9730,BRD-K71401720,['54649437'],['COc1cccc(CNC(=O)c2cc3CN([C@@H](CCO)c3c(n2)-c2cccc(\\C=C\\C)c2)[S@@](=O)C(C)(C)C)c1'],,,,,
9731,BRD-K71404640,['44502971'],['C[C@H](CO)N1C[C@H](C)[C@H](CN(C)CC2CC2)OCCCC[C@@H](C)Oc3ccc(NS(=O)(=O)c4ccccc4)cc3C1=O'],,,,,
9732,BRD-K71424167,['60189886'],['CC(=O)N1CC2(C1)[C@H]([C@@H](CO)N2CCC(F)(F)F)c1ccc(cc1)-c1cccc(c1)C#N'],,,,,
9733,BRD-K71424888,['60184853'],['C(N1C[C@H]2N[C@@H](C1)[C@H]2c1ccc(cc1)-c1cccnc1)c1ccc2OCOc2c1'],,,,,
9734,BRD-K71427192,['44176347'],['CC(C)[C@H](NC(=O)[C@H](C)N)C(=O)N[C@@H](C)C(=O)Nc1cccc2ccccc12'],,,,,
9735,BRD-K71448503,['54619269'],['C[C@H](CO)N1C[C@@H](C)[C@@H](CN(C)C(=O)Nc2cc(F)ccc2F)Oc3cc(C#CC4CCCC4)ccc3S1(=O)=O'],,,,,
9736,BRD-K71452159,['60191032'],['OC[C@@H]1[C@@H]([C@H]2CN(CC(=O)N12)C(=O)Nc1ccc(F)cc1)c1ccc(cc1)C1=CCCC1'],,,,,
9737,BRD-K71477834,['54650067'],['OC[C@@H]1[C@@H]([C@@H](C#N)N1C(=O)c1ccccc1F)c1ccccc1'],,,,,
9738,BRD-K71479066,['54652415'],['CN1C[C@@H]2[C@@H]([C@@H](CO)N2Cc2ccccc2Cl)c2ccccc12'],,,,,
9739,BRD-K71485313,['54646491'],['C[C@H](NC(=O)C[C@H]1C[C@H]2[C@H](Oc3ccc(NC(=O)NC4CCCCC4)cc23)[C@H](CO)O1)c5ccccc5'],,,,,
9740,BRD-K71489464,['44495539'],['C[C@H](CO)N1C[C@H](C)[C@@H](CN(C)S(=O)(=O)c2ccccc2)Oc3ccc(cc3CC1=O)N(C)C'],,,,,
9741,BRD-K71489689,['46947875'],['CC(C)(C)c1ccc(cc1)C(=O)Nc1cc(Cl)c(Cl)cc1C(O)=O'],,,,,
9742,BRD-K71498541,['44491776'],['C[C@@H](CO)N1C[C@@H](C)[C@@H](CN(C)C(=O)NC2CCCCC2)Oc3ccc(NC(=O)C4CCCCC4)cc3C1=O'],,,,,
9743,BRD-K71499021,['60192190'],['CCC(=O)N1[C@@H](CO)[C@@H](c2ccc(cc2)\\C=C\\C)C11CN(CCC(F)(F)F)C1'],,,,,
9744,BRD-K71504944,['54657609'],['O[C@@H]1COC[C@@H]2O[C@@H](CC(=O)Nc3ccc(cc3)-c3ccccc3)CC[C@H]2N(Cc2ccc3OCOc3c2)C1'],,,,,
9745,BRD-K71505729,['54632149'],['CO[C@H]1CN(C)C(=O)c2ccc(NS(C)(=O)=O)cc2OC[C@@H](C)N(Cc2nccs2)C[C@@H]1C'],,,,,
9746,BRD-K71520313,['54631835'],['CCC(=O)Nc1ccc2OC[C@H](C)N(Cc3ccncc3)C[C@H](C)[C@H](CN(C)C(=O)c2c1)OC'],,,,,
9747,BRD-K71523760,['44820542'],['NCCCNC(=S)NCCCN(Cc1ccc(Cl)cc1)c1ccc(Br)cn1'],,,,,
9748,BRD-K71531260,['54638437'],['COc1ccccc1CNC(=O)C[C@@H]1O[C@H](CO)[C@@H](NC(=O)CN(C)C)C=C1'],,,,,
9749,BRD-K71532462,['54637772'],['C[C@@H](CO)N1C[C@H](C)[C@@H](CN(C)C(=O)[C@@H]2CCCN2C)OCc3ccccc3-c4ccccc4C1=O'],,,,,
9750,BRD-K71533863,['54661268'],['COC(=O)[C@@H]1[C@@H](CO)[C@@H]2Cn3c(cccc3=O)[C@H]1N2CCc1ccccc1'],,,,,
9751,BRD-K71540055,['53338835'],['CN1CCN(CC1)c1ccc(cc1)-c1csc(n1)N1CCC(CC1)C(N)=O'],,,,,
9752,BRD-K71540580,['54657832'],['O[C@@H]1COC[C@@H]2O[C@@H](CC(=O)NC3CCC3)CC[C@H]2N(Cc2ccccc2F)C1'],,,,,
9753,BRD-K71550516,['54632157'],['CCC(=O)Nc1ccc2OC[C@@H](C)N(C[C@@H](C)[C@@H](CN(C)C(=O)c2c1)OC)C(=O)Nc1ccccc1F'],,,,,
9754,BRD-K71552149,['54638905'],['C[C@@H](NC(=O)C[C@@H]1CC[C@@H](NC(=O)c2cccnc2)[C@H](CO)O1)c1ccccc1'],,,,,
9755,BRD-K71552321,['54649469'],['CN(C)C(=O)c1ccc(cc1)-c1cccc(c1)-c1nc(cc2CN([C@H](CCO)c12)[S@](=O)C(C)(C)C)C(=O)NC1CCCC1'],,,,,
9756,BRD-K71555338,['44486037'],['COc1ccc(NC(=O)N(C)C[C@@H]2Oc3ccc(cc3C(=O)N(C[C@@H]2C)[C@H](C)CO)N(C)C)cc1'],,,,,
9757,BRD-K71571889,['54654328'],['CN1[C@@H]2CC[C@H](CC(=O)N[C@H]3CCN(Cc4ccccc4)C3)O[C@H]2COc2ccc(NC(=O)c3ccc(F)c(F)c3)cc2C1=O'],,,,,
9758,BRD-K71574320,['706531'],['C(Cn1c2nc(cn2c3ccccc13)c4ccccc4)N5CCOCC5'],,,,,
9759,BRD-K71590271,['60185284'],['CCC(=O)N1C[C@]2(CCN(Cc3ccc(Cl)cc3)CC2)c2c([C@@H]1CO)n(C)c1cc(OC)ccc21'],,,,,
9760,BRD-K71599932,['44490330'],['C[C@@H](CO)N1C[C@H](C)[C@@H](CN(C)C(=O)Nc2ccccc2)OCCCC[C@@H](C)Oc3ccc(NC(=O)C4CCCCC4)cc3C1=O'],,,,,
9761,BRD-K71611609,['54646226'],['OC[C@@H]1O[C@H](CC(=O)NCc2ccncc2)C[C@@H]3[C@H]1Oc4ccc(NC(=O)NC5CCCC5)cc34'],,,,,
9762,BRD-K71614913,['44620686'],['C[C@@H](CO)N1C[C@H](C)[C@@H](CN(C)CC2CCCCC2)OCCCC[C@H](C)Oc3ccc(NS(=O)(=O)C)cc3C1=O'],,,,,
9763,BRD-K71631401,['54649439'],['CC(C)(C)[S@@](=O)N1Cc2cc(nc(c2[C@H]1CCO)-c1cccc(c1)-c1ccncc1)C(=O)NCCc1ccncc1'],,,,,
9764,BRD-K71636675,['60191274'],['CCCC#Cc1ccc(cc1)[C@H]1[C@@H](CO)N2[C@@H]1CN(CC2=O)C(=O)Nc1cccc(F)c1'],,,,,
9765,BRD-K71650306,['54658101'],['O[C@@H]1COC[C@H]2O[C@@H](CC(=O)NCc3cccc(F)c3)CC[C@@H]2N(C1)C(=O)c1ccncc1'],,,,,
9766,BRD-K71670746,['24868572'],['OCCCOc1ccc(cc1)C2=N[C@]3(CC=C)[C@H](O2)c4ccccc4CN(CCS(=O)(=O)c5ccccc5)C3=O'],,,,,
9767,BRD-K71672626,['54652431'],['Cc1cccc(c1)S(=O)(=O)N1C[C@@H]2[C@@H]([C@H](CO)N2C(=O)C2CC2)c2ccccc12'],,,,,
9768,BRD-K71672862,['44490511'],['C[C@H](CO)N1C[C@@H](C)[C@@H](CN(C)C)Oc2ccc(NC(=O)Nc3ccccc3)cc2C1=O'],,,,,
9769,BRD-K71673735,['60190116'],['COc1ccc(NC(=O)N2C[C@@]3(C2)CN([C@H](CO)c2[nH]c4cc(OC)ccc4c32)C(C)=O)cc1'],,,,,
9770,BRD-K71674109,['54645863'],['COCC(=O)Nc1ccc2O[C@@H]3[C@@H](C[C@@H](CC(=O)NCc4ccc5OCOc5c4)O[C@H]3CO)c2c1'],,,,,
9771,BRD-K71701252,['6626036'],['CC(=O)N1CCOc2cc(ccc12)S(=O)(=O)NCC3CCC(CC3)C(=O)Nc4cccc(C)c4'],,,,,
9772,BRD-K71710045,['54637981'],['CC(C)[C@H](C)NC(=O)N(C)C[C@H]1OCc2ccccc2-c3ccccc3C(=O)N(C[C@@H]1C)[C@@H](C)CO'],,,,,
9773,BRD-K71714567,['54660375'],['O[C@@H]1COC[C@H]2O[C@@H](CC(=O)NCc3ccccc3)CC[C@@H]2N(C1)C(=O)c1ccccc1F'],,,,,
9774,BRD-K71718338,['54654603'],['CN1[C@@H]2CC[C@@H](CC(=O)NCCc3ccncc3)O[C@H]2COc2ccc(NC(=O)Cc3cccs3)cc2C1=O'],,,,,
9775,BRD-K71726959,['6610355'],['CC(C)n1cnc2c(NCc3ccccc3)nc(NCCO)nc12'],,,,,
9776,BRD-K71732099,['54646330'],['OC[C@@H]1O[C@@H](CC(=O)N2CCc3ccccc3C2)C[C@H]4[C@@H]1Oc5ccc(NC(=O)C6CCOCC6)cc45'],,,,,
9777,BRD-K71742078,['44485525'],['CC(C)NC(=O)Nc1ccc2O[C@@H](CN(C)Cc3ccc(cc3)c4ccccc4)[C@@H](C)CN([C@@H](C)CO)C(=O)c2c1'],,,,,
9778,BRD-K71742963,['54646646'],['C[C@@H](NC(=O)C[C@H]1C[C@H]2[C@H](Oc3ccc(NC(=O)c4cccnc4)cc23)[C@H](CO)O1)c5ccccc5'],,,,,
9779,BRD-K71746288,['44494883'],['C[C@@H](CO)N1C[C@H](C)[C@H](CN(C)Cc2ccc(Cl)c(Cl)c2)Oc3c(NS(=O)(=O)c4cccs4)cccc3C1=O'],,,,,
9780,BRD-K71746704,['10402601'],['CCOC(=O)CCc1cnccc1c2cccc(OC)c2O'],,,,,
9781,BRD-K71752918,['54638486'],['C[C@@H](NC(=O)C[C@@H]1CC[C@H](NS(=O)(=O)c2cccc(F)c2)[C@@H](CO)O1)c1ccccc1'],,,,,
9782,BRD-K71761811,['54654504'],['CN1[C@H]2CC[C@@H](CC(=O)NC3CCCCC3)O[C@H]2COc2ccc(NS(C)(=O)=O)cc2C1=O'],,,,,
9783,BRD-K71777270,['54649929'],['CN(C)C(=O)c1ccc(cc1)-c1ccc(cc1)[C@@H]1[C@H](CO)N([C@@H]1C#N)S(C)(=O)=O'],,,,,
9784,BRD-K71779338,['54638251'],['CC(C)NC(=O)NCC[C@H]1CC[C@@H](NC(=O)CCN2CCCCC2)[C@@H](CO)O1'],,,,,
9785,BRD-K71781760,['54632026'],['CO[C@@H]1CN(C)C(=O)c2ccc(NC(=O)C3CC3)cc2OC[C@@H](C)N(C[C@@H]1C)C(=O)c1ccccn1'],,,,,
9786,BRD-K71795383,['54649377'],['CC(C)(C)[S@](=O)N1Cc2cc(nc(c2[C@@H]1CCO)-c1cccc(c1)-c1cccc(c1)C#N)C(=O)N1CCCCC1'],,,,,
9787,BRD-K71799397,['54638974'],['COc1ccccc1NC(=O)N[C@H]1CC[C@H](CCNS(=O)(=O)c2ccccc2)O[C@H]1CO'],,,,,
9788,BRD-K71805031,['54650065'],['COCC(=O)N1[C@@H](CO)[C@H]([C@H]1C#N)c1ccc(cc1)-c1cccnc1'],,,,,
9789,BRD-K71819159,['54618658'],['COCC(=O)N(C)C[C@H]1Oc2cc(ccc2S(=O)(=O)N(C[C@H]1C)[C@H](C)CO)c3ccccc3F'],,,,,
9790,BRD-K71835137,['2778741'],['CCOC(=O)c1sc(SCc2ccccc2)c3C(=O)CC(C)(C)Cc13'],,,,,
9791,BRD-K71838325,['60184814'],['COc1cccc(c1)S(=O)(=O)N1C[C@]2(CCN(C)CC2)c2c([nH]c3cc(OC)ccc23)[C@H]1CO'],,,,,
9792,BRD-K71839385,['54618530'],['C[C@H](CO)N1C[C@H](C)[C@@H](CN(C)C(=O)c2ccc(F)cc2)Oc3cc(ccc3S1(=O)=O)C4=CCCC4'],,,,,
9793,BRD-K71841447,['54632041'],['CO[C@@H]1CN(C)C(=O)c2cc(NC(=O)C3CC3)ccc2OC[C@H](C)N(CCC(F)(F)F)C[C@H]1C'],,,,,
9794,BRD-K71855031,['54654058'],['CN1[C@H]2CC[C@H](CC(=O)NCc3ccc4OCOc4c3)O[C@@H]2COc2ccc(NC(=O)c3ccccc3F)cc2C1=O'],,,,,
9795,BRD-K71855503,['54624990'],['C[C@@H](CO)N1C[C@H](C)[C@H](CN(C)C(=O)C2CCCCC2)Oc3cc(ccc3S1(=O)=O)C4=CCCC4'],,,,,
9796,BRD-K71857815,['54631560'],['CO[C@H]1CN(C)C(=O)c2cc(NS(=O)(=O)c3cn(C)cn3)ccc2OC[C@H](C)N(CC2CC2)C[C@H]1C'],,,,,
9797,BRD-K71859938,['56835460'],['COc1ccc(CNC(=O)N(C)C[C@@H]2OCc3ccccc3-c4ccccc4C(=O)N(C[C@H]2C)[C@H](C)CO)cc1'],,,,,
9798,BRD-K71877850,['54632226'],['CO[C@@H]1CN(C)C(=O)c2cc(NS(=O)(=O)CC(F)(F)F)ccc2OC[C@H](C)N(C[C@@H]1C)C(=O)NC(C)C'],,,,,
9799,BRD-K71879957,['44237406'],['COC(=O)c1sccc1S(=O)(=O)Nc1ccc(cc1)C(O)(C(F)(F)F)C(F)(F)F'],,,,,
9800,BRD-K71894218,['54627210'],['C[C@H](CO)N1C[C@H](C)[C@H](CN(C)Cc2ccc(Oc3ccccc3)cc2)Oc4cc(ccc4S1(=O)=O)c5ccncc5'],,,,,
9801,BRD-K71904020,['54631332'],['CO[C@@H]1CN(C)C(=O)c2cc(NS(=O)(=O)c3ccc(C)cc3)ccc2OC[C@H](C)N(C[C@H]1C)C(=O)NC(C)C'],,,,,
9802,BRD-K71915010,['44495852'],['C[C@@H](CO)N1C[C@@H](C)[C@@H](CN(C)Cc2ccc(Cl)c(Cl)c2)Oc3c(NS(=O)(=O)c4cccs4)cccc3C1=O'],,,,,
9803,BRD-K71917235,['18378031'],['NC(=O)c1ccc(O)c2ncccc12'],,,,,
9804,BRD-K71921803,['54638626'],['CN1CCN(CC1)C(=O)C[C@H]1O[C@@H](CO)[C@H](NC(=O)Nc2ccccc2F)C=C1'],,,,,
9805,BRD-K71932341,['44619561'],['CC(C)NC(=O)Nc1ccc2O[C@@H](C)CCCCO[C@@H](CN(C)CC3CCCCC3)[C@H](C)CN([C@@H](C)CO)C(=O)c2c1'],,,,,
9806,BRD-K71935468,['6729245'],['COC(=O)C(CC#Cc1ccc2NC(=O)[C@@]3([C@H]([C@H]4N([C@H]3c5ccccc5OCCO)[C@@H]([C@@H](OC4=O)c6ccccc6)c7ccccc7)C(=O)N8CCN(CC8)c9ncccn9)c2c1)C(=O)OC'],,,,,
9807,BRD-K71935941,['44619511'],['C[C@@H](CO)N1C[C@@H](C)[C@@H](CN(C)S(=O)(=O)c2ccc(Cl)cc2)OCCCC[C@H](C)Oc3ccc(NC(=O)Nc4c(C)noc4C)cc3C1=O'],,,,,
9808,BRD-K71943487,['54654295'],['CN1[C@@H]2CC[C@H](CC(=O)NCCCN3CCOCC3)O[C@@H]2COc2ccc(NC(=O)Cc3cccs3)cc2C1=O'],,,,,
9809,BRD-K71944426,['54637898'],['C[C@@H](CO)N1C[C@H](C)[C@@H](CN(C)CC2CC2)OCc3ccccc3-c4ccccc4C1=O'],,,,,
9810,BRD-K71947697,['54664877'],['COc1ccc(cc1)-c1ccc2N(C)[C@@H](CO)[C@H]3CCN([C@H]3c2c1)C(=O)NC1CCCCC1'],,,,,
9811,BRD-K71963262,['54646371'],['CN(C)CC(=O)Nc1ccc2O[C@@H]3[C@@H](C[C@@H](CC(=O)NCc4ccc(cc4)c5ccccc5)O[C@H]3CO)c2c1'],,,,,
9812,BRD-K71970656,['12135546'],['CN(C)S(=O)(=O)c1ccc2CCc3ccc(cc3C(=O)c2c1)S(=O)(=O)N(C)C'],,,,,
9813,BRD-K71994465,['60190014'],['CCC(=O)N1CC2(C1)[C@@H]([C@@H](CO)N2S(C)(=O)=O)c1ccc(cc1)\\C=C\\C'],,,,,
9814,BRD-K72001456,['54664864'],['CN1[C@@H](CO)[C@@H]2CCN([C@@H]2c2cc(ccc12)-c1ccccc1F)C(=O)Cc1ccccn1'],,,,,
9815,BRD-K72010491,['60190186'],['COc1ccc2c3c([nH]c2c1)[C@@H](CO)N(C[C@]31CN(C1)C(=O)c1cccnc1)C(=O)NC(C)C'],,,,,
9816,BRD-K72014243,['56835577'],['CN1CCN(CC1)C(=O)c2cc3CN([C@@H](CCO)c3c(n2)c4cccc(c4)c5cccc(F)c5)S(=O)C(C)(C)C'],,,,,
9817,BRD-K72015216,['190006'],['Cc1ccc2c(CCN)c[nH]c2c1'],,,,,
9818,BRD-K72042177,['44501831'],['C[C@H](CO)N1C[C@H](C)[C@H](CN(C)C(=O)c2ccncc2)OCCCC[C@@H](C)Oc3ccc(NC(=O)c4ccccc4)cc3C1=O'],,,,,
9819,BRD-K72051249,['54632072'],['CO[C@H]1CN(C)C(=O)c2cc(NS(C)(=O)=O)ccc2OC[C@H](C)N(C)C[C@@H]1C'],,,,,
9820,BRD-K72055444,['54619462'],['C[C@@H](CO)N1C[C@H](C)[C@H](CN(C)Cc2cccc(F)c2)Oc3ncc(cc3C1=O)c4ccccc4F'],,,,,
9821,BRD-K72061918,['60185125'],['CCCNC(=O)N1C[C@H]2N[C@@H](C1)[C@H]2c1ccc(cc1)-c1ccc(OC)cc1'],,,,,
9822,BRD-K72064822,['54654369'],['CN1CCN(CC1)C(=O)C[C@H]1CC[C@H]2[C@H](COc3ccc(NC(=O)C4CCOCC4)cc3C(=O)N2C)O1'],,,,,
9823,BRD-K72072435,['54632192'],['CO[C@H]1CN(C)C(=O)c2cc(NS(=O)(=O)CC(F)(F)F)ccc2OC[C@@H](C)N(C[C@H]1C)C(=O)NC(C)C'],,,,,
9824,BRD-K72072919,['54660651'],['CN(C)CCCNC(=O)[C@H]1[C@H](CO)[C@H]2Cn3c(cccc3=O)[C@@H]1N2C(=O)Nc1cc(F)ccc1F'],,,,,
9825,BRD-K72081524,['54645905'],['CS(=O)(=O)Nc1ccc2O[C@H]3[C@H](C[C@H](CC(=O)NCCc4ccccc4)O[C@@H]3CO)c2c1'],,,,,
9826,BRD-K72095065,['54637828'],['CCCN(C)C[C@H]1OCc2ccccc2-c3ccccc3C(=O)N(C[C@H]1C)[C@@H](C)CO'],,,,,
9827,BRD-K72109199,['54657866'],['O[C@@H]1COC[C@@H]2O[C@@H](CC(=O)N3CCOCC3)CC[C@H]2N(C1)C(=O)Nc1cc(Cl)cc(Cl)c1'],,,,,
9828,BRD-K72114074,['54652634'],['COCC(=O)N1C[C@H]2[C@H]([C@H](CO)N2C(=O)c2ccccc2F)c2ccccc12'],,,,,
9829,BRD-K72118202,['54654347'],['COc1cccc(NC(=O)Nc2ccc3OC[C@H]4O[C@H](CC(=O)NCCc5ccccc5)CC[C@H]4N(C)C(=O)c3c2)c1'],,,,,
9830,BRD-K72147201,['54629095'],['C[C@@H](CO)N1C[C@@H](C)[C@@H](CN(C)S(=O)(=O)c2ccc(F)cc2)Oc3cc(ccc3S1(=O)=O)C4=CCCC4'],,,,,
9831,BRD-K72150200,['54658039'],['Cc1ccccc1S(=O)(=O)N1C[C@@H](O)COC[C@@H]2O[C@H](CC(=O)NCc3ccccc3Cl)CC[C@@H]12'],,,,,
9832,BRD-K72193580,['44488424'],['C[C@H](CO)N1C[C@@H](C)[C@@H](CN(C)C(=O)Nc2c(C)noc2C)Oc3ccc(NC(=O)CCC(F)(F)F)cc3C1=O'],,,,,
9833,BRD-K72199653,['54654503'],['CN1[C@H]2CC[C@H](CC(=O)Nc3cn(C)nc3C)O[C@@H]2COc2ccc(NC(=O)C3CCOCC3)cc2C1=O'],,,,,
9834,BRD-K72204100,['54637867'],['C[C@H](CO)N1C[C@H](C)[C@H](CN(C)C(=O)Nc2cccc(c2)C(F)(F)F)OCc3ccccc3-c4ccccc4C1=O'],,,,,
9835,BRD-K72217541,['54657897'],['O[C@H]1COC[C@H]2O[C@H](CC(=O)NCc3ccc(Oc4ccccc4)cc3)CC[C@@H]2N(CCC(F)(F)F)C1'],,,,,
9836,BRD-K72219469,['44617016'],['C[C@@H](CO)N1C[C@H](C)[C@@H](CN(C)S(=O)(=O)c2ccccc2)OCCCC[C@H](C)Oc3ccc(NS(=O)(=O)c4c(C)noc4C)cc3C1=O'],,,,,
9837,BRD-K72232421,['54631949'],['CO[C@H]1CN(C)C(=O)c2cc(NS(C)(=O)=O)ccc2OC[C@@H](C)N(C)C[C@H]1C'],,,,,
9838,BRD-K72241566,['54631536'],['CCC(=O)Nc1ccc2OC[C@H](C)N(C[C@@H](C)[C@@H](CN(C)C(=O)c2c1)OC)C(=O)CC'],,,,,
9839,BRD-K72267874,['54654354'],['COC(=O)C[C@@H]1CC[C@@H]2[C@H](COc3ccc(NC(=O)c4cccc(Cl)c4)cc3C(=O)N2C)O1'],,,,,
9840,BRD-K72269288,['44490467'],['CC(C)NC(=O)Nc1ccc2O[C@H](C)CCCCO[C@@H](CN(C)C(=O)Cc3ccccc3)[C@H](C)CN([C@H](C)CO)C(=O)c2c1'],,,,,
9841,BRD-K72271119,['54654340'],['CN1[C@H]2CC[C@H](CC(=O)N[C@@H]3CCN(Cc4ccccc4)C3)O[C@@H]2COc2ccc(NC(=O)c3ccc(F)c(F)c3)cc2C1=O'],,,,,
9842,BRD-K72282141,['54649475'],['CO[C@@H]1CC[C@@H]2CCN(C)C(=O)[C@@H](C)[C@@H](CN(C)C(=O)c3cccc(C#N)c3OC[C@@H]1O2)OC'],,,,,
9843,BRD-K72299443,['54638259'],['OC[C@H]1O[C@@H](CC(=O)NCc2ccc3OCOc3c2)C=C[C@H]1NC(=O)Nc1cc(F)ccc1F'],,,,,
9844,BRD-K72303429,['54637712'],['C[C@H](CO)N1C[C@@H](C)[C@@H](CN(C)C(=O)Cc2ccccc2)OCc3ccccc3-c4ccccc4C1=O'],,,,,
9845,BRD-K72307842,['44216737'],['Oc1nc(SCc2ccc(OC(F)(F)F)cc2)nc2CCCc12'],,,,,
9846,BRD-K72316999,['54631928'],['CO[C@H]1CN(C)C(=O)c2cc(NC(=O)Nc3cccc(Cl)c3)ccc2OC[C@H](C)NC[C@H]1C'],,,,,
9847,BRD-K72324716,['54654128'],['CN1[C@@H]2CC[C@H](CC(=O)NCCc3ccncc3)O[C@H]2COc2ccc(NS(=O)(=O)c3ccc(C)cc3)cc2C1=O'],,,,,
9848,BRD-K72343629,['60190977'],['COCC(=O)N1C[C@@H]2[C@@H]([C@@H](CO)N2C(=O)C1)c1ccc(cc1)-c1ccccc1F'],,,,,
9849,BRD-K72345505,['60187247'],['COc1ccc2c3c([C@H](CO)NC[C@]33CCN(CC3)S(=O)(=O)c3ccccc3)n(C)c2c1'],,,,,
9850,BRD-K72347310,['54638435'],['COc1ccccc1CNC(=O)C[C@H]1O[C@H](CO)[C@@H](NC(=O)CN(C)C)C=C1'],,,,,
9851,BRD-K72352929,['54657865'],['O[C@@H]1COC[C@@H]2O[C@H](CC(=O)N3CCOCC3)CC[C@H]2N(C1)C(=O)Nc1cc(Cl)cc(Cl)c1'],,,,,
9852,BRD-K72354054,['54650208'],['OC[C@H]1[C@@H]([C@H](C#N)N1C(=O)CN1CCOCC1)c1ccc(cc1)-c1cccc(F)c1'],,,,,
9853,BRD-K72360839,['54631935'],['CCC(=O)Nc1ccc2c(OC[C@H](C)N(C[C@@H](C)[C@H](CN(C)C2=O)OC)C(=O)c2ccc(F)cc2)c1'],,,,,
9854,BRD-K72375447,['54646237'],['C[C@H](NC(=O)C[C@@H]1C[C@@H]2[C@@H](Oc3ccc(NC(=O)Nc4ccc(cc4)C(F)(F)F)cc23)[C@@H](CO)O1)c5ccccc5'],,,,,
9855,BRD-K72381041,['44490380'],['C[C@@H](CO)N1C[C@@H](C)[C@H](CN(C)C(=O)CCC(F)(F)F)OCCCC[C@H](C)Oc2ccc(NC(=O)CCC(F)(F)F)cc2C1=O'],,,,,
9856,BRD-K72382350,['54649466'],['CN(C)C(=O)c1ccc(cc1)-c1cccc(c1)-c1nc(cc2CN([C@H](CCO)c12)[S@](=O)C(C)(C)C)C(=O)NC1CCCCC1'],,,,,
9857,BRD-K72383170,['54661458'],['COC(=O)[C@@H]1[C@@H](CO)[C@@H]2Cn3c(ccc(-c4ccccc4)c3=O)[C@@H]2N1Cc1ccccn1'],,,,,
9858,BRD-K72391864,['44505337'],['C[C@H](CO)N1C[C@H](C)[C@@H](CN(C)S(=O)(=O)c2cccc(F)c2)OCc3cnnn3CCCC1=O'],,,,,
9859,BRD-K72424685,['54638695'],['Cc1noc(C)c1NC(=O)NCC[C@H]1CC[C@H](NC(=O)c2ccc(F)cc2)[C@H](CO)O1'],,,,,
9860,BRD-K72425572,['44506224'],['C[C@@H](CO)N1C[C@H](C)[C@@H](CN(C)CC2CCCCC2)Oc3ccc(NC(=O)CCCCCC(=O)Nc4ccccc4N)cc3C1=O'],,,,,
9861,BRD-K72429558,['44487546'],['C[C@@H](CO)N1C[C@@H](C)[C@H](CN(C)C(=O)Nc2ccc(cc2)C(F)(F)F)OCCCC[C@@H](C)Oc3ccc(NS(=O)(=O)C)cc3C1=O'],,,,,
9862,BRD-K72443777,['54638500'],['OC[C@H]1O[C@H](CC(=O)NCc2ccc(Oc3ccccc3)cc2)CC[C@H]1NC(=O)c1ccc2OCOc2c1'],,,,,
9863,BRD-K72449498,['44483436'],['C[C@@H](CO)N1C[C@H](C)[C@@H](CN(C)C)Oc2ccc(NC(=O)C3CC3)cc2C1=O'],,,,,
9864,BRD-K72451865,['24868588'],['CC(C)(C)OC(=O)CC[C@]12N=C(O[C@@H]2c3ccccc3CN(CCS(=O)(=O)c4ccccc4)C1=O)c5ccc(OCCCO)cc5'],,,,,
9865,BRD-K72452617,['54664978'],['Cc1ccccc1S(=O)(=O)N1CC[C@H]2[C@@H]1c1cc(ccc1N[C@@H]2CO)C#Cc1ccccc1'],,,,,
9866,BRD-K72460946,['44486643'],['C[C@@H](CO)N1C[C@@H](C)[C@@H](CN(C)Cc2ccc(cc2)C(F)(F)F)Oc3ccc(NC(=O)Nc4c(C)noc4C)cc3C1=O'],,,,,
9867,BRD-K72461570,['54638347'],['OC[C@@H]1O[C@H](CC(=O)NCCCN2CCOCC2)CC[C@@H]1NC(=O)Nc1ccc2OCOc2c1'],,,,,
9868,BRD-K72462751,['3545'],['O=S(=O)(N1CCNCC1)c1cccc2cnccc12'],,,,,
9869,BRD-K72462994,['719365'],['O=C(Nc1ccc(cc1)N2CCCCC2)c3ccncc3'],,,,,
9870,BRD-K72490684,['44487879'],['COc1ccc(NC(=O)Nc2ccc3O[C@H](CN(C)Cc4ccc5OCOc5c4)[C@H](C)CN([C@@H](C)CO)C(=O)c3c2)cc1'],,,,,
9871,BRD-K72500499,['54666598'],['CN(C)CC#Cc1ccc(cc1)[C@@H]1[C@H](CO)N2CCCCN(C[C@H]12)C(=O)Nc1ccccc1F'],,,,,
9872,BRD-K72502177,['54657760'],['O[C@H]1COC[C@H]2O[C@H](CC(=O)NCC3CCCCC3)CC[C@@H]2N(C1)C(=O)Nc1ccc(Cl)cc1'],,,,,
9873,BRD-K72504866,['2440433'],['CN(C)S(=O)(=O)c1ccc(N2CCCC2)c(c1)C(=O)N3CCN(CC3)c4cccc(C)c4C'],,,,,
9874,BRD-K72505034,['44507722'],['C[C@@H](O)[C@@H](O)[C@@H](O)C/C=N/NC(=O)CCCCCC(=O)Nc1ccccc1O'],,,,,
9875,BRD-K72505722,['44496386'],['CC(C)NC(=O)Nc1ccc2O[C@@H](CN(C)CC3CC3)[C@@H](C)CN([C@@H](C)CO)C(=O)Cc2c1'],,,,,
9876,BRD-K72515004,['54618556'],['COc1cccc(c1)S(=O)(=O)N(C)C[C@@H]2Oc3cc(ccc3S(=O)(=O)N(C[C@@H]2C)[C@H](C)CO)C4=CCCCC4'],,,,,
9877,BRD-K72516992,['44485914'],['C[C@@H](CO)N1C[C@H](C)[C@@H](CN(C)C(=O)NC2CCCCC2)Oc3ccc(cc3C1=O)N(C)C'],,,,,
9878,BRD-K72539944,['54617742'],['C[C@@H](CO)N1C[C@H](C)[C@@H](CN(C)Cc2ccccc2)OCCCC[C@@H](C)Oc3ccc(NC(=O)Cc4ccccc4)cc3C1=O'],,,,,
9879,BRD-K72567746,['60185282'],['C(N1[C@H]2CNC[C@@H]1[C@@H]2c1ccc(\\C=C\\c2ccccc2)cc1)c1cncnc1'],,,,,
9880,BRD-K72587701,['44483758'],['CC(C)NC(=O)Nc1cccc2C(=O)N(C[C@@H](C)[C@H](CN(C)Cc3ccc(Cl)c(Cl)c3)Oc12)[C@H](C)CO'],,,,,
9881,BRD-K72615639,['6711315'],['Oc1ccccc1C(=O)N/N=C/c2cc(Br)cc(Br)c2O'],,,,,
9882,BRD-K72620090,['54657988'],['CN1CCN(CC1)C(=O)C[C@@H]1CC[C@@H]2[C@H](COC[C@@H](O)CN2Cc2cccc(F)c2)O1'],,,,,
9883,BRD-K72623425,['54618533'],['COCC(=O)N(C)C[C@H]1Oc2ncc(C#CC(C)(C)O)cc2C(=O)N(C[C@@H]1C)[C@@H](C)CO'],,,,,
9884,BRD-K72624437,['60185237'],['COc1ccc2c3c([nH]c2c1)[C@@H](CO)NC[C@]31CCN(Cc2ccc(F)cc2)CC1'],,,,,
9885,BRD-K72636868,['54651376'],['CN(C[C@H]1[C@@H]([C@@H](CO)N1CC1CC1)c1ccccc1)C(=O)c1cccc(F)c1'],,,,,
9886,BRD-K72644754,['60185256'],['Fc1cccc(c1)-c1ccc(cc1)[C@@H]1[C@H]2CN(Cc3cncnc3)C[C@@H]1N2'],,,,,
9887,BRD-K72663966,['60191330'],['CS(=O)(=O)N1C[C@H]2[C@H]([C@@H](CO)N2C(=O)C1)c1ccc(Br)cc1'],,,,,
9888,BRD-K72676786,['24747271'],['CSc1ncc(CNc2cc(ccc2C)[N+](=O)[O-])c(N)n1'],,,,,
9889,BRD-K72692763,['54664971'],['OC[C@H]1Nc2ccc(cc2[C@H]2[C@@H]1CCN2C(=O)C1CCCCC1)-c1ccc(cc1)C#N'],,,,,
9890,BRD-K72694250,['54649327'],['CO[C@H](CN(C)S(=O)(=O)c1ccc(Cl)cc1)[C@@H](C)CN([C@@H](C)CO)S(=O)(=O)c1cccc(Cl)c1'],,,,,
9891,BRD-K72699596,['44493831'],['C[C@H](CO)N1C[C@@H](C)[C@@H](CN(C)C(=O)NC2CCCCC2)Oc3ccc(NC(=O)CCCN(C)C)cc3C1=O'],,,,,
9892,BRD-K72713245,['54652675'],['CN1C[C@@H]2[C@@H]([C@H](CO)N2S(=O)(=O)c2ccccc2)c2ccccc12'],,,,,
9893,BRD-K72732164,['44494372'],['C[C@H](CO)N1C[C@H](C)[C@@H](CN(C)S(=O)(=O)c2ccccc2)OCCCC[C@@H](C)Oc3ccc(NC(=O)CCCN(C)C)cc3C1=O'],,,,,
9894,BRD-K72739597,['54646311'],['COc1cccc(c1)S(=O)(=O)Nc2ccc3O[C@@H]4[C@@H](C[C@@H](CC(=O)NCc5ccccc5F)O[C@H]4CO)c3c2'],,,,,
9895,BRD-K72760455,['54649535'],['CO[C@@H]1CC[C@H]2CCN(C)C(=O)[C@H](C)[C@@H](CN(C)C(=O)c3cc(ccc3OC[C@H]1O2)C#N)OC'],,,,,
9896,BRD-K72765192,['60185248'],['COc1ccccc1NC(=O)N1C[C@H]2N[C@@H](C1)[C@H]2c1ccc(\\C=C\\c2ccccc2)cc1'],,,,,
9897,BRD-K72766058,['54618417'],['C[C@H](CO)N1C[C@@H](C)[C@H](CN(C)CC2CCCCC2)Oc3ncc(cc3C1=O)c4ccc(C#N)cc4'],,,,,
9898,BRD-K72772617,['54658010'],['Cn1cnc(c1)S(=O)(=O)N1C[C@@H](O)COC[C@@H]2O[C@H](CC(=O)NCc3cccc(F)c3)CC[C@@H]12'],,,,,
9899,BRD-K72780683,['54658018'],['COc1cccc(c1)S(=O)(=O)N1C[C@H](O)COC[C@H]2O[C@H](CC(=O)N3CCN(CC3)c3ccccc3)CC[C@H]12'],,,,,
9900,BRD-K72783054,['44505438'],['COc1ccc(NC(=O)N(C)C[C@H]2OCc3cn(CCCC(=O)N(C[C@H]2C)[C@H](C)CO)nn3)c(OC)c1'],,,,,
9901,BRD-K72785431,['54646362'],['CS(=O)(=O)Nc1ccc2O[C@H]3[C@H](C[C@H](CC(=O)NCc4ccc(Cl)cc4)O[C@@H]3CO)c2c1'],,,,,
9902,BRD-K72787121,['4758734'],['OC(=O)c1ccc(NC(=O)CCCN2C(=S)SC(=Cc3ccc4OCOc4c3)C2=O)cc1O'],,,,,
9903,BRD-K72798501,['54660893'],['COc1ccc(cc1)-c1ccc2[C@@H]3[C@@H]([C@@H](CO)[C@H](Cn2c1=O)N3C(=O)c1cnccn1)C(=O)N(C)C'],,,,,
9904,BRD-K72814870,['54666434'],['COc1cccc(CN2CCCCN3[C@@H](CO)[C@H]([C@H]3C2)c2ccc(cc2)-c2cccnc2)c1'],,,,,
9905,BRD-K72817452,['1998811'],['O=C(OCC#CCSc1nnc(o1)-c1cccc2ccccc12)c1ccccc1'],,,,,
9906,BRD-K72827150,['54651321'],['CCNC[C@@H]1[C@@H]([C@H](CO)N1c1nc(C)c(C)s1)c1ccc(cc1)\\C=C\\C'],,,,,
9907,BRD-K72837898,['44494853'],['C[C@@H](CO)N1C[C@H](C)[C@H](CN(C)Cc2ccc(Oc3ccccc3)cc2)Oc4c(NC(=O)c5nc6ccccc6s5)cccc4C1=O'],,,,,
9908,BRD-K72864428,['44607958'],['CS(=O)(=O)C(=C\\c1cccn1S(=O)(=O)c1cccc2ccccc12)\\C#N'],,,,,
9909,BRD-K72872827,['54631911'],['CO[C@@H]1CN(C)C(=O)c2cc(NC(=O)Nc3ccccc3OC)ccc2OC[C@@H](C)N(C)C[C@@H]1C'],,,,,
9910,BRD-K72875756,['54646568'],['OC[C@@H]1O[C@@H](CC(=O)NCc2ccccn2)C[C@@H]3[C@H]1Oc4ccc(NC(=O)Cc5ccncc5)cc34'],,,,,
9911,BRD-K72883421,['24747338'],['OC(=O)c1ccc(cc1)c2noc(n2)c3cccc(c3)C(F)(F)F'],,,,,
9912,BRD-K72913684,['44497297'],['C[C@@H](CO)N1C[C@@H](C)[C@@H](CN(C)CC2CC2)OCCCC[C@@H](C)Oc3ccc(cc3C1=O)N(C)C'],,,,,
9913,BRD-K72913953,['54615070'],['C[C@H](CO)N1C[C@@H](C)[C@@H](CN(C)CC2CCCCC2)OCCCC[C@H](C)Oc3ccc(NC(=O)c4ccncc4)cc3C1=O'],,,,,
9914,BRD-K72915790,['54638443'],['NCC[C@H]1CC[C@@H](NC(=O)c2ccccc2F)[C@@H](CO)O1'],,,,,
9915,BRD-K72947048,['54665096'],['CC(C)NC(=O)N1CC[C@@H]2[C@H]1c1cc(Br)ccc1N(C)[C@H]2CO'],,,,,
9916,BRD-K72956282,['54661295'],['OC[C@@H]1[C@H]2Cn3c(ccc(-c4ccccc4F)c3=O)[C@H]2N[C@H]1C(=O)NCC1CCCCC1'],,,,,
9917,BRD-K72960152,['44492157'],['C[C@H](CO)N1C[C@H](C)[C@@H](CN(C)Cc2ccncc2)Oc3ccc(NC(=O)Cc4cn(C)c5ccccc45)cc3C1=O'],,,,,
9918,BRD-K72966614,['54646164'],['CN1CCN(CC1)C(=O)C[C@@H]2C[C@H]3[C@H](Oc4ccc(NC(=O)C5CCC5)cc34)[C@@H](CO)O2'],,,,,
9919,BRD-K72967213,['54651345'],['CC(C)N(C[C@H]1[C@H]([C@H](CO)N1S(C)(=O)=O)c1ccccc1)C(=O)CN(C)C'],,,,,
9920,BRD-K72972600,['54650166'],['OC[C@H]1[C@H]([C@@H](C#N)N1C(=O)c1ccccn1)c1ccc(cc1)C1=CCCC1'],,,,,
9921,BRD-K72980353,['54658031'],['O[C@H]1CN[C@@H]2CC[C@H](CC(=O)NC3Cc4ccccc4C3)O[C@H]2COC1'],,,,,
9922,BRD-K72980834,['54618539'],['C[C@@H](CO)N1C[C@H](C)[C@@H](CN(C)Cc2ccc(Oc3ccccc3)cc2)Oc4ncc(cc4C1=O)c5cncnc5'],,,,,
9923,BRD-K72988703,['54646495'],['CN(C)CC(=O)Nc1ccc2O[C@@H]3[C@@H](C[C@H](CC(=O)NC4CCCCC4)O[C@H]3CO)c2c1'],,,,,
9924,BRD-K72993421,['54631698'],['CCCN1C[C@@H](C)[C@@H](CN(C)C(=O)c2cc(NS(=O)(=O)c3ccccc3)ccc2OC[C@H]1C)OC'],,,,,
9925,BRD-K73004613,['44246514'],['Cn1c2cc(Br)sc2c3cnn(Cc4ccc(F)cc4F)c(=O)c13'],,,,,
9926,BRD-K73005792,['54652615'],['CN1[C@@H](CO)[C@H]2[C@@H]1CN(C(=O)Nc1ccccc1F)c1ccccc21'],,,,,
9927,BRD-K73006286,['54664860'],['OC[C@H]1Nc2ccc(cc2[C@H]2[C@@H]1CCN2S(=O)(=O)c1ccc(F)cc1)-c1cccc(c1)C#N'],,,,,
9928,BRD-K73008154,['54666534'],['Cc1cccc(c1)-c1ccc(cc1)[C@@H]1[C@@H](CO)N2CCCCN(C[C@H]12)S(=O)(=O)c1ccccc1F'],,,,,
9929,BRD-K73028742,['60187472'],['COc1ccc2c3c([nH]c2c1)[C@H](CO)N(C[C@]31CN(Cc2cccnc2)C1)C(=O)CC1CC1'],,,,,
9930,BRD-K73044562,['54638313'],['COc1ccc(cc1)S(=O)(=O)N[C@@H]1CC[C@@H](CC(=O)N2CCC(Cc3ccccc3)CC2)O[C@@H]1CO'],,,,,
9931,BRD-K73045999,['54666422'],['OC[C@@H]1[C@@H]([C@@H]2CN(CCCCN12)C(=O)Nc1cccc(F)c1)c1ccc(cc1)C#Cc1cccnc1'],,,,,
9932,BRD-K73059376,['44485145'],['CC(C)NC(=O)N(C)C[C@@H]1OCCCC[C@H](C)Oc2ccc(NC(=O)CCCN(C)C)cc2C(=O)N(C[C@H]1C)[C@@H](C)CO'],,,,,
9933,BRD-K73061717,['54639031'],['OC[C@@H]1O[C@H](CCn2cc(Cc3ccccc3)nn2)CC[C@@H]1NC(=O)Nc1cccc(Cl)c1'],,,,,
9934,BRD-K73080020,['54619020'],['COc1ccccc1S(=O)(=O)N(C)C[C@H]2Oc3cc(C#CCC4CCCC4)ccc3S(=O)(=O)N(C[C@@H]2C)[C@H](C)CO'],,,,,
9935,BRD-K73082254,['54658090'],['CCCNC(=O)N1C[C@@H](O)COC[C@H]2O[C@@H](CC(=O)N[C@H]3CCN(Cc4ccccc4)C3)CC[C@H]12'],,,,,
9936,BRD-K73082558,['46916204'],['Cc1ccccc1C(=O)N[C@H](C(=O)N1CCC[C@H]1C(=O)N[C@@H](CC(O)=O)C#N)C(C)(C)C'],,,,,
9937,BRD-K73096789,['60191235'],['OC[C@@H]1[C@H]([C@@H]2CN(CC(=O)N12)C(=O)Cc1cccnc1)c1ccc(cc1)C#CC1CCCCC1'],,,,,
9938,BRD-K73099734,['2513861'],['Fc1ccc(cc1Cl)-n1c(SCC(=O)Nc2ccc3CCCc3c2)nc2ccccc2c1=O'],,,,,
9939,BRD-K73104592,['54649353'],['COc1ccc(CNC(=O)c2cc3CN([C@H](CCO)c3c(n2)-c2cccc(\\C=C\\C)c2)[S@](=O)C(C)(C)C)cc1'],,,,,
9940,BRD-K73118655,['54639104'],['COc1ccc(NC(=O)N[C@H]2CC[C@H](CC(=O)NC3CCC3)O[C@@H]2CO)cc1'],,,,,
9941,BRD-K73125384,['5401876'],['COc1ccccc1N(N=C2Sc3ccccc3C2=O)C(=O)C'],,,,,
9942,BRD-K73127443,['54639081'],['COc1ccccc1S(=O)(=O)N[C@@H]1CC[C@H](CC(=O)NCc2cccc(F)c2)O[C@H]1CO'],,,,,
9943,BRD-K73141149,['54631696'],['CCCN1C[C@H](C)[C@H](CN(C)C(=O)c2cc(NS(=O)(=O)c3ccccc3)ccc2OC[C@H]1C)OC'],,,,,
9944,BRD-K73143149,['54666576'],['COc1ccccc1-c1ccc(cc1)[C@@H]1[C@H](CO)N2CCCCN(C[C@H]12)C(=O)c1cccnc1'],,,,,
9945,BRD-K73143528,['2013455'],['Brc1ccc(cc1)C(=O)OCC#CCSc2nnc(o2)c3cccc4ccccc34'],,,,,
9946,BRD-K73146135,['54631310'],['CO[C@H]1CN(C)C(=O)c2cc(NC(=O)NC3CCCCC3)ccc2OC[C@H](C)N(CCc2ccccc2)C[C@@H]1C'],,,,,
9947,BRD-K73155123,['24869094'],['COc1ccc(cc1)[Si](C)(C)[C@@H]2[C@@H](C)[C@@]3(O[C@H]2CCn4cc(CCO)nn4)C(=O)N(C)c5c3cc(C)cc5Br'],,,,,
9948,BRD-K73162352,['46903710'],['COc1ccccc1S(=O)(=O)N(C)C[C@H]2Oc3cc(Br)ccc3S(=O)(=O)N(C[C@H]2C)[C@@H](C)CO'],,,,,
9949,BRD-K73166612,['54658030'],['O[C@H]1COC[C@H]2O[C@@H](CC(=O)NCCN3CCCCC3)CC[C@@H]2N(C1)S(=O)(=O)c1ccccc1'],,,,,
9950,BRD-K73171326,['54646079'],['CN1CCN(CC1)C(=O)C[C@@H]2C[C@H]3[C@H](Oc4ccc(NS(=O)(=O)C)cc34)[C@H](CO)O2'],,,,,
9951,BRD-K73184677,['54652719'],['CC(C)NC(=O)N1[C@@H](CO)[C@H]2[C@@H]1CNc1ccccc21'],,,,,
9952,BRD-K73199200,['54613923'],['C[C@@H](CO)N1C[C@H](C)[C@H](CN(C)C(=O)Nc2ccc3OCOc3c2)Oc4ccc(NC(=O)CCCN(C)C)cc4C1=O'],,,,,
9953,BRD-K73205140,['44491711'],['C[C@H](CO)N1C[C@H](C)[C@H](CN(C)Cc2ccc3OCOc3c2)Oc4ccc(NC(=O)Cc5ccccc5)cc4C1=O'],,,,,
9954,BRD-K73224765,['60182993'],['COC(=O)c1ccc(CN2C[C@@H]3[C@H]([C@H](CO)N3C(=O)C2)c2ccc(Br)cc2)cc1'],,,,,
9955,BRD-K73233900,['54666618'],['COc1ccc(cc1)-c1ccc(cc1)[C@H]1[C@H](CO)N2CCCCN(C[C@H]12)C(=O)Cc1ccncc1'],,,,,
9956,BRD-K73238422,['2258411'],['Clc1ccccc1\\C=c1/sc2nc3cc(Br)cnc3n2c1=O'],,,,,
9957,BRD-K73261664,['54639140'],['OC[C@H]1O[C@H](CC(=O)Nc2ccc(cc2)-c2ccccc2)CC[C@@H]1NC(=O)Cc1cccnc1'],,,,,
9958,BRD-K73261812,['11238147'],['Oc1ccc(C[C@@H]2N3[C@H](CN(Cc4cccc5ccccc45)C2=O)N(CCC3=O)C(=O)NCc2ccccc2)cc1'],,,,,
9959,BRD-K73276569,['54651426'],['COCC(=O)NC[C@H]1N[C@H](CO)[C@@H]1c1ccc(cc1)-c1ccccc1F'],,,,,
9960,BRD-K73281599,['54667822'],['COc1ccccc1NC(=O)N1CCCCN2[C@@H](CO)[C@@H]([C@@H]2C1)c1ccc(cc1)-c1cccc(F)c1'],,,,,
9961,BRD-K73285375,['44460123'],['FC(F)(F)c1ccc(cc1)C(=O)OCC#CCSc1nnc(o1)-c1cccc2ccccc12'],,,,,
9962,BRD-K73288268,['54660749'],['OC[C@@H]1[C@H]2Cn3c(ccc(C4=CCCC4)c3=O)[C@@H]([C@H]1C(=O)N1CCOCC1)N2C(=O)c1ccncc1'],,,,,
9963,BRD-K73297432,['44494956'],['C[C@@H](CO)N1C[C@H](C)[C@@H](CN(C)Cc2ccccc2)OCCCC[C@H](C)Oc3ccc(NC(=O)CCC(F)(F)F)cc3C1=O'],,,,,
9964,BRD-K73304092,['3234184'],['Clc1ccccc1c2ccc3ncnc(NCc4cccnc4)c3c2'],,,,,
9965,BRD-K73307873,['54632120'],['CO[C@H]1CN(C)C(=O)c2ccc(NS(=O)(=O)c3ccccc3F)cc2OC[C@H](C)NC[C@H]1C'],,,,,
9966,BRD-K73310446,['54646614'],['OC[C@@H]1O[C@H](CC(=O)N2CCc3ccccc3C2)C[C@H]4[C@@H]1Oc5ccc(NC(=O)c6cccnc6)cc45'],,,,,
9967,BRD-K73315009,['23612548'],['O=C(Cc1ccc2OCOc2c1)N1CCC(CC1)n1nc(oc1=O)-c1ccccc1'],,,,,
9968,BRD-K73329392,['60184972'],['COc1ccc2c3c([C@@H](CO)N(C[C@]33CCN(C)CC3)S(=O)(=O)c3ccc(C)cc3)n(C)c2c1'],,,,,
9969,BRD-K73334096,['54645843'],['COC(=O)C[C@@H]1C[C@@H]2[C@@H](Oc3ccc(N)cc23)[C@@H](CO)O1'],,,,,
9970,BRD-K73334721,['20862086'],['CSc1cccc(NC(=O)CCCOc2cc(=O)n(C)c3ccccc23)c1'],,,,,
9971,BRD-K73336648,['54638662'],['OC[C@H]1O[C@@H](CC(=O)NCC2CCCCC2)C=C[C@H]1NC(=O)Nc1cccc(F)c1'],,,,,
9972,BRD-K73340768,['54638886'],['Cc1ccccc1S(=O)(=O)NCC[C@H]1CC[C@@H](NS(=O)(=O)c2ccccc2C)[C@H](CO)O1'],,,,,
9973,BRD-K73360774,['54618423'],['C[C@@H](CO)N1C[C@@H](C)[C@H](CN(C)C(=O)Nc2ccc(F)cc2)Oc3cc(ccc3S1(=O)=O)c4ccccc4C'],,,,,
9974,BRD-K73365449,['54627288'],['C/C=C/c1cnc2O[C@H](CN(C)S(=O)(=O)c3ccccc3)[C@@H](C)CN([C@@H](C)CO)C(=O)c2c1'],,,,,
9975,BRD-K73388067,['44490327'],['CC(C)NC(=O)N(C)C[C@H]1OCCCC[C@@H](C)Oc2ccc(cc2C(=O)N(C[C@@H]1C)[C@@H](C)CO)N(C)C'],,,,,
9976,BRD-K73388776,['54615099'],['C[C@H](CO)N1C[C@H](C)[C@H](CN(C)C(=O)c2ccncc2)OCCCC[C@H](C)Oc3ccc(NC(=O)c4ccccc4)cc3C1=O'],,,,,
9977,BRD-K73397518,['60190976'],['COCC(=O)N1C[C@H]2[C@@H]([C@H](CO)N2C(=O)C1)c1ccc(cc1)-c1ccccc1F'],,,,,
9978,BRD-K73400194,['54638783'],['OC[C@@H]1O[C@H](C=C[C@H]1NC(=O)Cc1cccnc1)CC(=O)Nc1ccccc1'],,,,,
9979,BRD-K73418978,['23806106'],['CN(C)CCCCCCNC(=O)[C@@H]1C[C@H]2N([C@@H]1c3cccc(OCCO)c3)C(=O)CNC2=O'],,,,,
9980,BRD-K73423175,['54666682'],['COc1cccc(c1)-c1ccc(cc1)[C@@H]1[C@@H](CO)N2CCCCN(C[C@H]12)C(=O)c1ccc(F)cc1'],,,,,
9981,BRD-K73423421,['54652475'],['OC[C@@H]1[C@@H]2[C@@H](CN(C(=O)c3ccncc3)c3ccccc23)N1C(=O)c1ccccn1'],,,,,
9982,BRD-K73427206,['54632054'],['CO[C@H]1CN(C)C(=O)c2cc(NC(=O)Nc3cc(F)ccc3F)ccc2OC[C@@H](C)NC[C@H]1C'],,,,,
9983,BRD-K73428213,['54660935'],['OC[C@H]1[C@@H]2Cn3c(cccc3=O)[C@@H]2N([C@@H]1C(=O)NC1Cc2ccccc2C1)C(=O)c1cnccn1'],,,,,
9984,BRD-K73434853,['54620983'],['C[C@H](CO)N1C[C@@H](C)[C@H](CN(C)C(=O)CC2CC2)Oc3cc(ccc3S1(=O)=O)C4=CCCCC4'],,,,,
9985,BRD-K73434976,['54615047'],['C[C@@H](CO)N1C[C@H](C)[C@@H](CN(C)CC2CC2)OCCCC[C@H](C)Oc3ccc(NS(=O)(=O)C)cc3C1=O'],,,,,
9986,BRD-K73439593,['44618167'],['COc1ccc(CN(C)C[C@H]2OCCCC[C@H](C)Oc3ccc(NS(=O)(=O)c4ccc(Cl)cc4)cc3C(=O)N(C[C@@H]2C)[C@@H](C)CO)cc1'],,,,,
9987,BRD-K73451477,['54652656'],['OC[C@H]1[C@@H]2[C@@H](CN(C(=O)CC(F)(F)F)c3ccccc23)N1CC1CCOCC1'],,,,,
9988,BRD-K73453061,['44617787'],['C[C@@H](CO)N1C[C@H](C)[C@@H](CN(C)C(=O)c2ccccc2)OCCCC[C@@H](C)Oc3ccc(NC(=O)Nc4ccc(cc4)C(F)(F)F)cc3C1=O'],,,,,
9989,BRD-K73459720,['44618970'],['C[C@H](CO)N1C[C@@H](C)[C@H](CN(C)CC2CC2)OCCCC[C@@H](C)Oc3ccc(NC(=O)Nc4ccc5OCOc5c4)cc3C1=O'],,,,,
9990,BRD-K73474555,['54631537'],['CO[C@@H]1CN(C)C(=O)c2cc(NC(C)=O)ccc2OC[C@H](C)N(C[C@@H]1C)C(=O)c1ccc(F)cc1'],,,,,
9991,BRD-K73478880,['54632178'],['CO[C@@H]1CN(C)C(=O)c2cc(NC(=O)C3CCCCC3)ccc2OC[C@H](C)NC[C@@H]1C'],,,,,
9992,BRD-K73481389,['665654'],['CNC(=O)CCc1nc(no1)c2ccc(cc2)C(C)(C)C'],,,,,
9993,BRD-K73483999,['54639096'],['OC[C@H]1O[C@@H](CCNC(=O)c2cnccn2)CC[C@H]1NC(=O)c1ccc2OCOc2c1'],,,,,
9994,BRD-K73500089,['54645830'],['OC[C@H]1O[C@H](CC(=O)N2CCc3ccccc3C2)C[C@H]4[C@@H]1Oc5ccc(NC(=O)Nc6ccc(cc6)C(F)(F)F)cc45'],,,,,
9995,BRD-K73504196,['54631734'],['COCC(=O)Nc1ccc2OC[C@H](C)N(C[C@H](C)[C@@H](CN(C)C(=O)c2c1)OC)C(=O)c1ccccc1'],,,,,
9996,BRD-K73517214,['54661252'],['COc1ccc(cc1)-c1ccc2[C@H]3[C@H]([C@H](CO)[C@@H](Cn2c1=O)N3C(=O)c1ccccc1F)C(O)=O'],,,,,
9997,BRD-K73517272,['54615006'],['CC(C)NC(=O)Nc1ccc2O[C@@H](C)CCCCO[C@H](CN(C)C(=O)CCC(F)(F)F)[C@H](C)CN([C@H](C)CO)C(=O)c2c1'],,,,,
9998,BRD-K73522157,['54654471'],['CCS(=O)(=O)Nc1ccc2OC[C@H]3O[C@@H](CC(=O)NCc4ccccc4F)CC[C@@H]3N(C)C(=O)c2c1'],,,,,
9999,BRD-K73532097,['44494074'],['COC(=O)N(C)C[C@@H]1OCc2cnnn2CCCC(=O)N(C[C@H]1C)[C@H](C)CO'],,,,,
10000,BRD-K73533033,['60184890'],['COc1ccc2c3c([C@@H](CO)NC[C@]33CCN(CC3)C(=O)Nc3ccc4OCOc4c3)n(C)c2c1'],,,,,
10001,BRD-K73543260,['60191082'],['CC(C)NC(=O)N1C[C@H]2[C@@H]([C@@H](CO)N2C(=O)C1)c1ccc(\\C=C\\c2ccccc2)cc1'],,,,,
10002,BRD-K73548235,['60189788'],['COc1ccc2c3c([nH]c2c1)[C@@H](CO)N(C[C@]31CCN(Cc2ccccc2F)CC1)S(=O)(=O)c1cn(C)cn1'],,,,,
10003,BRD-K73555595,['54631687'],['CO[C@@H]1CN(C)C(=O)c2cc(NS(=O)(=O)c3ccccc3OC)ccc2OC[C@@H](C)NC[C@@H]1C'],,,,,
10004,BRD-K73558711,['54646270'],['COc1ccc(NC(=O)Nc2ccc3O[C@@H]4[C@@H](C[C@@H](CC(=O)NCCc5ccccc5)O[C@H]4CO)c3c2)cc1'],,,,,
10005,BRD-K73567619,['44142120'],['O=C(NNC(=O)c1cc2ccccc2[nH]1)OCc3ccccc3'],,,,,
10006,BRD-K73573525,['54638961'],['C[C@H](NC(=O)C[C@@H]1O[C@@H](CO)[C@H](NC(=O)Nc2ccc3OCOc3c2)C=C1)c1ccccc1'],,,,,
10007,BRD-K73575094,['54649340'],['CN1CCN(CC1)C(=O)c1cc2CN([C@H](CCO)c2c(n1)-c1cccc(c1)-c1ccc(cc1)C#N)[S@](=O)C(C)(C)C'],,,,,
10008,BRD-K73592400,['44488757'],['CNC[C@@H]1OCCCC[C@H](C)Oc2ccc(NS(=O)(=O)c3cccs3)cc2C(=O)N(C[C@@H]1C)[C@@H](C)CO'],,,,,
10009,BRD-K73601942,['49842952'],['C[C@@H](CO)N1C[C@@H](C)[C@H](CN(C)Cc2ccc(cc2)C(F)(F)F)OCCCC[C@H](C)Oc3ccc(NC(=O)C4CCCCC4)cc3C1=O'],,,,,
10010,BRD-K73602693,['44502292'],['CCCN(C)C[C@H]1OCCCC[C@@H](C)Oc2ccc(NC(=O)C3CCCCC3)cc2C(=O)N(C[C@@H]1C)[C@H](C)CO'],,,,,
10011,BRD-K73610817,['3426979'],['Oc1c(CN2CCCC2)cc(COCc3ccccc3)c4cccnc14'],,,,,
10012,BRD-K73627655,['54658047'],['COC(=O)C[C@H]1CC[C@@H]2[C@H](COC[C@@H](O)CN2CCC(F)(F)F)O1'],,,,,
10013,BRD-K73639776,['54638563'],['CCCNC(=O)N[C@H]1CC[C@H](CCn2cc(nn2)-c2cccc(F)c2)O[C@H]1CO'],,,,,
10014,BRD-K73642355,['54651227'],['CCN(C[C@@H]1N[C@@H](CO)[C@H]1c1ccccc1)C(=O)c1ccncc1'],,,,,
10015,BRD-K73650939,['54646652'],['C[C@H](NC(=O)C[C@H]1C[C@H]2[C@H](Oc3ccc(NC(=O)Cc4ccncc4)cc23)[C@H](CO)O1)c5ccccc5'],,,,,
10016,BRD-K73658839,['54638008'],['C[C@H](CO)N1C[C@H](C)[C@@H](CN(C)Cc2ccncc2)OCc3ccccc3-c4ccccc4C1=O'],,,,,
10017,BRD-K73664775,['44502750'],['C[C@H](CO)N1C[C@H](C)[C@H](CN(C)CC2CCCCC2)OCCCC[C@@H](C)Oc3ccc(NS(=O)(=O)c4ccc(C)cc4)cc3C1=O'],,,,,
10018,BRD-K73671483,['54632087'],['CCCC(=O)Nc1ccc2c(OC[C@@H](C)N(C[C@H](C)[C@H](CN(C)C2=O)OC)C(=O)c2cccnc2)c1'],,,,,
10019,BRD-K73674426,['44501793'],['COc1ccc(NC(=O)Nc2ccc3O[C@H](C)CCCCO[C@@H](CN(C)CC4CC4)[C@@H](C)CN([C@H](C)CO)C(=O)c3c2)cc1'],,,,,
10020,BRD-K73679670,['54651256'],['CCN(C[C@H]1N[C@H](CO)[C@@H]1c1ccc(cc1)-c1cccc(F)c1)C(=O)CN(C)C'],,,,,
10021,BRD-K73680494,['54654443'],['COC(=O)C[C@H]1CC[C@@H]2[C@H](COc3ccc(NS(=O)(=O)c4ccccc4Cl)cc3C(=O)N2C)O1'],,,,,
10022,BRD-K73700643,['70547'],['CC(=O)NCCc1c[nH]c2ccccc12'],,,,,
10023,BRD-K73701301,['54638858'],['COc1cccc(c1)-c1cn(CC[C@H]2CC[C@H](NS(=O)(=O)Cc3ccccc3)[C@@H](CO)O2)nn1'],,,,,
10024,BRD-K73701691,['54654357'],['CN1[C@H]2CC[C@@H](CC(=O)NC3Cc4ccccc4C3)O[C@H]2COc2ccc(NS(=O)(=O)c3ccccc3F)cc2C1=O'],,,,,
10025,BRD-K73707305,['882273'],['N#Cc1ccc(Oc2cccnc2)cc1C#N'],,,,,
10026,BRD-K73709114,['26450846'],['Cc1ccc(cc1)S(=O)(=O)N1CCN(CC1)c1nc(nc2ccccc12)-c1cccs1'],,,,,
10027,BRD-K73716473,['54649579'],['CO[C@@H]1CC[C@@H]2CCOc3c(cccc3C(=O)N(C)C[C@@H](C)C(=O)N(C)C[C@@H]1O2)C#N'],,,,,
10028,BRD-K73722380,['60184822'],['COc1ccc2c3c([nH]c2c1)[C@H](CO)N(CC1CC1)C[C@]31CCN(CC1)C(=O)Nc1cccc(F)c1'],,,,,
10029,BRD-K73737710,['44489717'],['C[C@H](CO)N1C[C@H](C)[C@@H](CN(C)Cc2ccncc2)OCCCC[C@@H](C)Oc3ccc(NC(=O)Nc4ccccc4)cc3C1=O'],,,,,
10030,BRD-K73769216,['54649972'],['OC[C@@H]1[C@@H]([C@@H](C#N)N1S(=O)(=O)Cc1ccccc1)c1ccccc1'],,,,,
10031,BRD-K73788182,['60193408'],['CCCN1[C@H](CO)[C@@H]([C@H]1CN(CC)C(=O)c1ccccn1)c1ccc(\\C=C\\C)cc1'],,,,,
10032,BRD-K73804145,['44485978'],['COc1ccc(CN(C)C[C@@H]2Oc3ccc(NC(=O)Cn4cnnn4)cc3C(=O)N(C[C@@H]2C)[C@H](C)CO)cc1'],,,,,
10033,BRD-K73804157,['54638511'],['CC(C)NC(=O)N[C@H]1C=C[C@@H](CC(=O)NC2Cc3ccccc3C2)O[C@H]1CO'],,,,,
10034,BRD-K73819439,['6872741'],['[O-][N+](=O)c1ccc(/C=N/NC(=O)CNc2cccc(c2)[N+](=O)[O-])o1'],,,,,
10035,BRD-K73824371,['54637999'],['C[C@H](CO)N1C[C@H](C)[C@@H](CN(C)C(=O)C2CC2)OCc3ccccc3-c4ccccc4C1=O'],,,,,
10036,BRD-K73825454,['60185047'],['COc1ccc2c3c([C@H](CO)NC[C@]33CCN(Cc4cc(on4)-c4ccccc4)CC3)n(C)c2c1'],,,,,
10037,BRD-K73832524,['44484081'],['C[C@@H](CO)N1C[C@H](C)[C@@H](CN(C)Cc2ccc(cc2)C(F)(F)F)Oc3ccc(NC(=O)CCN4CCOCC4)cc3C1=O'],,,,,
10038,BRD-K73837493,['54649447'],['CCCNC(=O)c1cc2CN([C@H](CCO)c2c(n1)-c1cccc(c1)-c1cccc(F)c1)[S@](=O)C(C)(C)C'],,,,,
10039,BRD-K73838803,['54652641'],['OC[C@H]1[C@H]2[C@H](CN(C(=O)c3cccc(F)c3)c3ccccc23)N1C(=O)C1CCOCC1'],,,,,
10040,BRD-K73843002,['54650076'],['COc1ccccc1C#Cc1ccc(cc1)[C@@H]1[C@@H](CO)N([C@H]1C#N)C(=O)C1CC1'],,,,,
10041,BRD-K73860091,['54638584'],['OC[C@H]1O[C@H](CCNC(=O)c2cc(Cl)cc(Cl)c2)CC[C@@H]1NC(=O)C1CCOCC1'],,,,,
10042,BRD-K73873786,['54638250'],['CC(C)NC(=O)NCC[C@H]1CC[C@H](NC(=O)CCN2CCCCC2)[C@H](CO)O1'],,,,,
10043,BRD-K73876582,['54638469'],['COCc1cn(CC[C@@H]2CC[C@@H](NC(=O)Nc3ccc(cc3)C(F)(F)F)[C@@H](CO)O2)nn1'],,,,,
10044,BRD-K73888531,['44486204'],['C[C@@H](CO)N1C[C@H](C)[C@@H](CN(C)CC2CC2)Oc3c(NC(=O)Nc4ccc(cc4)C(F)(F)F)cccc3C1=O'],,,,,
10045,BRD-K73895377,['54664932'],['CN1[C@@H](CO)[C@@H]2CCN([C@@H]2c2cc(ccc12)-c1cccc(c1)C#N)C(=O)CC1CC1'],,,,,
10046,BRD-K73898073,['54631727'],['CO[C@H]1CN(C)C(=O)c2cc(NC(C)=O)ccc2OC[C@H](C)N(Cc2ccccc2OC)C[C@H]1C'],,,,,
10047,BRD-K73919378,['54652629'],['CCCNC(=O)N1C[C@@H]2[C@@H]([C@@H](CO)N2C(=O)CN2CCOCC2)c2ccccc12'],,,,,
10048,BRD-K73937887,['71760777'],['CCCNC(=O)N1C[C@]2(CCN(CC2)C(=O)Nc2cccc(F)c2)c2c([C@H]1CO)n(C)c1cc(OC)ccc21'],,,,,
10049,BRD-K73939795,['44487002'],['CNC[C@H]1OCCCC[C@H](C)Oc2ccc(NS(=O)(=O)c3cccs3)cc2C(=O)N(C[C@H]1C)[C@@H](C)CO'],,,,,
10050,BRD-K73945663,['44506745'],['C[C@H](CO)N1C[C@@H](C)[C@@H](CN(C)S(=O)(=O)c2ccc(Cl)cc2)Oc3c(NC(=O)CCCCCC(=O)Nc4ccccc4N)cccc3C1=O'],,,,,
10051,BRD-K73951926,['44607573'],['Cc1cccc(C)c1NC(=O)c1ccc(o1)-c1cc(F)ccc1F'],,,,,
10052,BRD-K73952419,['54667054'],['OC[C@@H]1[C@H]([C@H]2CN(Cc3ccccn3)CCCCN12)c1ccc(cc1)-c1cccnc1'],,,,,
10053,BRD-K73969578,['54631803'],['COCC(=O)N1C[C@H](C)[C@H](CN(C)C(=O)c2ccc(NC(=O)c3ccc(OC)cc3)cc2OC[C@H]1C)OC'],,,,,
10054,BRD-K73994412,['54651429'],['CCC(=O)N(CC(C)C)C[C@H]1[C@@H]([C@@H](CO)N1C(=O)C1CCC1)c1ccccc1'],,,,,
10055,BRD-K74009886,['54638996'],['OC[C@@H]1O[C@H](CC(=O)NCCc2ccncc2)CC[C@H]1NC(=O)Cc1ccccn1'],,,,,
10056,BRD-K74010885,['44487900'],['C[C@@H](CO)N1C[C@@H](C)[C@@H](CN(C)Cc2ccc3OCOc3c2)Oc4ccc(NC(=O)Cc5ccccc5)cc4C1=O'],,,,,
10057,BRD-K74020160,['54614525'],['C[C@@H](CO)N1C[C@H](C)[C@H](CN(C)Cc2ccc(cc2)C(F)(F)F)Oc3ccc(NS(=O)(=O)c4ccc(C)cc4)cc3C1=O'],,,,,
10058,BRD-K74029109,['2055451'],['OCCNc1nc(Nc2ccc(Cl)cc2)nc(n1)N3CCCC3'],,,,,
10059,BRD-K74042281,['54638738'],['OC[C@H]1O[C@@H](CC(O)=O)C=C[C@@H]1NC(=O)c1ccccc1F'],,,,,
10060,BRD-K74042299,['54621859'],['C/C=C/c1ccc2c(O[C@H](CN(C)C(=O)Nc3ccc(cc3)C(F)(F)F)[C@@H](C)CN([C@@H](C)CO)S2(=O)=O)c1'],,,,,
10061,BRD-K74043769,['54661345'],['COCC(=O)N1[C@@H]([C@@H](CO)[C@@H]2Cn3c(cccc3=O)[C@H]12)C(=O)NCc1ccccc1'],,,,,
10062,BRD-K74046820,['44489703'],['CC(C)NC(=O)Nc1ccc2O[C@H](C)CCCCO[C@H](CN(C)C(=O)c3ccncc3)[C@@H](C)CN([C@H](C)CO)C(=O)c2c1'],,,,,
10063,BRD-K74055572,['44505153'],['C[C@@H](CO)N1C[C@@H](C)[C@@H](CN(C)S(=O)(=O)c2ccc3ccccc3c2)OCc4cn(CCCC1=O)nn4'],,,,,
10064,BRD-K74066682,['54661136'],['CN1CCN(CC1)C(=O)[C@H]1[C@H](CO)[C@H]2Cn3c(ccc(C4=CCCCC4)c3=O)[C@@H]1N2S(C)(=O)=O'],,,,,
10065,BRD-K74083848,['54639043'],['COc1cccc(CNC(=O)C[C@H]2CC[C@H](NC(C)=O)[C@H](CO)O2)c1'],,,,,
10066,BRD-K74085580,['54666614'],['COc1ccc(cc1)-c1ccc(cc1)[C@H]1[C@@H](CO)N2CCCCN(C[C@H]12)C(=O)Cc1ccncc1'],,,,,
10067,BRD-K74094800,['54649400'],['COc1cccc(CNC(=O)c2cc3CN([C@@H](CCO)c3c(n2)-c2cccc(c2)-c2ccncc2)[S@@](=O)C(C)(C)C)c1'],,,,,
10068,BRD-K74109131,['23891544'],['OCc1ccc(cc1)[C@@H]2N(Cc3ccccc3C(F)(F)F)C(=O)c4ccccc4[C@]2(Cc5ccccc5I)C(=O)NCC(F)(F)F'],,,,,
10069,BRD-K74121411,['44619499'],['C[C@H](CO)N1C[C@H](C)[C@H](CN(C)CC2CC2)OCCCC[C@H](C)Oc3ccc(NC(=O)Nc4c(C)noc4C)cc3C1=O'],,,,,
10070,BRD-K74126469,['7217946'],['Cc1ccc(cc1[N+]([O-])=O)C(=O)Oc1coc(CSc2ncccn2)cc1=O'],,,,,
10071,BRD-K74127463,['49843150'],['CC(C)NC(=O)Nc1ccc2O[C@@H](C)CCCCO[C@@H](CN(C)C(=O)CCC(F)(F)F)[C@H](C)CN([C@@H](C)CO)C(=O)c2c1'],,,,,
10072,BRD-K74133758,['60190048'],['CC(C)NC(=O)N1[C@@H](CO)[C@@H](c2ccccc2)C11CN(Cc2cc(F)cc(F)c2)C1'],,,,,
10073,BRD-K74140407,['54638951'],['OC[C@H]1O[C@H](CCn2cc(nn2)-c2ccccc2)CC[C@@H]1NC(=O)Cc1ccccn1'],,,,,
10074,BRD-K74144406,['60184939'],['COc1ccc2c3c([C@@H](CO)N(C[C@]33CCN(CC3)S(C)(=O)=O)C(=O)CN(C)C)n(C)c2c1'],,,,,
10075,BRD-K74144927,['54651383'],['CCC(=O)N1[C@@H](CO)[C@H]([C@H]1CN(C(C)C)S(C)(=O)=O)c1ccccc1'],,,,,
10076,BRD-K74149575,['54646089'],['OC[C@@H]1O[C@@H](CC(=O)NCc2ccccn2)C[C@H]3[C@@H]1Oc4ccc(NC(=O)C5CCC5)cc34'],,,,,
10077,BRD-K74152422,['54661380'],['OC[C@@H]1[C@H]2Cn3c(cccc3=O)[C@H]2N(CCC(F)(F)F)[C@H]1C(=O)NCc1ccc(F)cc1'],,,,,
10078,BRD-K74152472,['54652448'],['COc1ccccc1CN1[C@H](CO)[C@@H]2[C@H]1CN(C(=O)C1CCCCC1)c1ccccc21'],,,,,
10079,BRD-K74155249,['44495181'],['C[C@H](CO)N1C[C@@H](C)[C@H](CN(C)Cc2ccccc2)Oc3c(NC(=O)c4ccncc4)cccc3C1=O'],,,,,
10080,BRD-K74162965,['54631415'],['COCC(=O)Nc1ccc2OC[C@H](C)N(Cc3ccccn3)C[C@H](C)[C@H](CN(C)C(=O)c2c1)OC'],,,,,
10081,BRD-K74163137,['44490437'],['C[C@H](CO)N1C[C@@H](C)[C@H](CN(C)C(=O)Nc2ccccc2)OCCCC[C@H](C)Oc3ccc(NC(=O)C4CCCCC4)cc3C1=O'],,,,,
10082,BRD-K74176341,['60184943'],['COc1ccc2c3c([C@H](CO)N(C)C[C@]33CN(C3)S(=O)(=O)c3cccs3)n(C)c2c1'],,,,,
10083,BRD-K74176882,['201986'],['OC(=O)c1ccccc1Nc2ccc(cc2)[N+](=O)[O-]'],,,,,
10084,BRD-K74185228,['54652700'],['OC[C@H]1[C@@H]2[C@@H](CN(C(=O)Nc3cc(F)ccc3F)c3ccccc23)N1Cc1cccnc1'],,,,,
10085,BRD-K74189021,['7217942'],['Cc1ccnc(SCc2cc(=O)c(OC(=O)c3ccc(cc3)[N+]([O-])=O)co2)n1'],,,,,
10086,BRD-K74192638,['54638673'],['OC[C@H]1O[C@@H](CCNC(=O)Cc2ccncc2)CC[C@H]1NC(=O)C1CCC1'],,,,,
10087,BRD-K74198494,['60192245'],['OC[C@H]1[C@H](c2ccccc2)C2(CN(C2)C(=O)c2ccccc2F)N1CC1CC1'],,,,,
10088,BRD-K74200139,['54625815'],['COc1ccccc1C#Cc2ccc3c(O[C@@H](CN(C)Cc4ccccc4)[C@@H](C)CN([C@@H](C)CO)S3(=O)=O)c2'],,,,,
10089,BRD-K74206117,['54651415'],['OC[C@@H]1[C@H]([C@@H](CNCC2CCC2)N1CC1CC1)c1ccccc1'],,,,,
10090,BRD-K74227932,['60191184'],['COc1cccc(c1)-c1ccc(cc1)[C@H]1[C@H](CO)N2[C@@H]1CN(CC2=O)C(=O)c1cccnc1'],,,,,
10091,BRD-K74228917,['1635461'],['CCOc1ccc2NC(C)(C)c3ss/c(=N\\c4ccc(NC(=O)C)cc4)/c3-c2c1'],,,,,
10092,BRD-K74245085,['54657481'],['COC(=O)C[C@H]1CC[C@@H]2NC[C@@H](O)COC[C@H]2O1'],,,,,
10093,BRD-K74248891,['60190942'],['CC(C)C#Cc1ccc(cc1)[C@@H]1[C@@H](CO)N2[C@H]1CN(CC2=O)C(=O)NC1CCCC1'],,,,,
10094,BRD-K74260000,['54650163'],['OC[C@H]1N[C@@H](C#N)[C@@H]1c1ccc(cc1)C#CC1CCCCC1'],,,,,
10095,BRD-K74260403,['54631918'],['CO[C@@H]1CN(C)C(=O)c2cc(NS(C)(=O)=O)ccc2OC[C@H](C)N(C)C[C@@H]1C'],,,,,
10096,BRD-K74271701,['44489593'],['C[C@H](CO)N1C[C@@H](C)[C@@H](CN(C)Cc2ccc(Cl)c(Cl)c2)Oc3ccc(NC(=O)c4ccncc4)cc3C1=O'],,,,,
10097,BRD-K74287511,['54645804'],['COC(=O)C[C@@H]1C[C@H]2[C@H](Oc3ccc(NC(=O)c4ccc5OCOc5c4)cc23)[C@H](CO)O1'],,,,,
10098,BRD-K74291148,['54646412'],['CN(C)c1ccc2O[C@@H]3[C@@H](C[C@H](CC(=O)N4CCc5ccccc5C4)O[C@@H]3CO)c2c1'],,,,,
10099,BRD-K74292317,['3235398'],['COc1cccc(c1)c2ccc3ncnc(NCc4cccs4)c3c2'],,,,,
10100,BRD-K74316684,['54651401'],['CCN(C[C@H]1N[C@@H](CO)[C@@H]1c1ccc(cc1)C1=CCCC1)C(=O)c1cccnc1'],,,,,
10101,BRD-K74318028,['56835306'],['C[C@@H](CO)N1C[C@@H](C)[C@H](CN(C)C(=O)Nc2c(C)noc2C)OCc3ccccc3-c4c(C1=O)n(C)c5ccccc45'],,,,,
10102,BRD-K74327009,['54665073'],['OC[C@@H]1Nc2ccc(cc2[C@H]2[C@@H]1CCN2C(=O)CC1CC1)-c1ccccc1'],,,,,
10103,BRD-K74329753,['44620812'],['C[C@@H](CO)N1C[C@H](C)[C@@H](CN(C)CC2CCCCC2)OCCCC[C@H](C)Oc3ccc(NC(=O)c4ccncc4)cc3C1=O'],,,,,
10104,BRD-K74341727,['54657655'],['COc1ccccc1CNC(=O)C[C@@H]1CC[C@@H]2[C@H](COC[C@@H](O)CN2C(=O)Nc2ccc(F)cc2)O1'],,,,,
10105,BRD-K74345748,['54631498'],['CO[C@@H]1CN(C)C(=O)c2ccc(NC(C)=O)cc2OC[C@@H](C)N(Cc2cncnc2)C[C@H]1C'],,,,,
10106,BRD-K74348865,['44142157'],['Fc1cc(F)c(c(F)c1)S(=O)(=O)N2CCN(CC2)S(=O)(=O)c3ccc4OCCOc4c3'],,,,,
10107,BRD-K74370838,['54638677'],['CCCNC(=O)N[C@H]1C=C[C@H](CC(=O)NCCc2ccccc2)O[C@H]1CO'],,,,,
10108,BRD-K74378303,['54631485'],['CO[C@H]1CN(C)C(=O)c2cc(NS(=O)(=O)c3cn(C)cn3)ccc2OC[C@@H](C)N(CC2CC2)C[C@@H]1C'],,,,,
10109,BRD-K74390607,['54638817'],['COCC(=O)N[C@@H]1C=C[C@H](O[C@H]1CO)CC(=O)NCc1ccc(Cl)cc1'],,,,,
10110,BRD-K74407269,['44620790'],['COc1ccc(CN(C)C[C@H]2OCCCC[C@@H](C)Oc3ccc(NC(=O)C4CCCCC4)cc3C(=O)N(C[C@H]2C)[C@@H](C)CO)cc1'],,,,,
10111,BRD-K74415279,['60185026'],['C\\C=C\\c1ccc(cc1)[C@@H]1[C@@H]2CNC[C@H]1N2S(=O)(=O)c1ccc(Cl)cc1'],,,,,
10112,BRD-K74428993,['54657833'],['O[C@H]1COC[C@H]2O[C@@H](CC(=O)NC3CCC3)CC[C@@H]2N(Cc2ccccc2F)C1'],,,,,
10113,BRD-K74429632,['54654000'],['CCS(=O)(=O)Nc1ccc2OC[C@@H]3O[C@H](CC(=O)N4CCN(C)CC4)CC[C@@H]3N(C)C(=O)c2c1'],,,,,
10114,BRD-K74436011,['60191441'],['COc1cccc(NC(=O)N2C[C@H]3[C@H]([C@H](CO)N3C(=O)C2)c2ccc(cc2)C#CCC2CCCC2)c1'],,,,,
10115,BRD-K74446951,['44490286'],['CC(C)NC(=O)N(C)C[C@@H]1OCCCC[C@@H](C)Oc2ccc(cc2C(=O)N(C[C@@H]1C)[C@H](C)CO)N(C)C'],,,,,
10116,BRD-K74447990,['60138069'],['CC(=O)c1cccc(NC(=O)c2cnn3c(C)cc(C)nc23)c1'],,,,,
10117,BRD-K74452256,['54665049'],['OC[C@@H]1Nc2ccc(Br)cc2[C@@H]2[C@H]1CCN2C(=O)c1ccccn1'],,,,,
10118,BRD-K74455073,['54646071'],['OC[C@@H]1O[C@@H](CC(=O)NCC(F)(F)F)C[C@@H]2[C@H]1Oc3ccc(NS(=O)(=O)c4ccccc4)cc23'],,,,,
10119,BRD-K74458364,['54646020'],['OC[C@H]1O[C@H](CC(=O)NCCN2CCCCC2)C[C@@H]3[C@H]1Oc4ccc(NC(=O)c5ccc6OCOc6c5)cc34'],,,,,
10120,BRD-K74461819,['54666677'],['CN(C)CC(=O)N1CCCCN2[C@H](CO)[C@H]([C@@H]2C1)c1ccc(\\C=C\\c2ccccc2)cc1'],,,,,
10121,BRD-K74470016,['54664853'],['CN1[C@H](CO)[C@@H]2CCN([C@@H]2c2cc(Br)ccc12)S(=O)(=O)c1cccc(F)c1'],,,,,
10122,BRD-K74475430,['54664841'],['OC[C@@H]1Nc2ccc(cc2[C@H]2[C@@H]1CCN2C(=O)c1ccc2OCOc2c1)-c1ccc(cc1)C#N'],,,,,
10123,BRD-K74486276,['44506811'],['C[C@@H](CO)N1C[C@@H](C)[C@@H](CN(C)S(=O)(=O)c2ccc(Cl)cc2)Oc3c(NC(=O)CCCCCC(=O)Nc4ccccc4N)cccc3C1=O'],,,,,
10124,BRD-K74489738,['54668868'],['OC[C@H]1[C@@H]([C@@H]2CN(CCCCN12)C(=O)Cc1ccncc1)c1ccc(cc1)-c1cccc(c1)C#N'],,,,,
10125,BRD-K74495399,['60191027'],['OC[C@H]1[C@H]([C@H]2CN(CC(=O)N12)C(=O)c1cccc(F)c1)c1ccc(\\C=C\\c2ccccc2)cc1'],,,,,
10126,BRD-K74504761,['44490870'],['C[C@H](CO)N1C[C@@H](C)[C@@H](CN(C)Cc2ccccc2)OCc3cn(CCCC1=O)nn3'],,,,,
10127,BRD-K74506609,['54631778'],['CCCC(=O)Nc1ccc2OC[C@@H](C)N(Cc3ccccc3C(O)=O)C[C@@H](C)[C@@H](CN(C)C(=O)c2c1)OC'],,,,,
10128,BRD-K74507776,['44494597'],['C[C@H](CO)N1C[C@@H](C)[C@H](CN(C)S(=O)(=O)c2ccccc2)OCCCC[C@@H](C)Oc3ccc(NC(=O)CCCN(C)C)cc3C1=O'],,,,,
10129,BRD-K74511610,['54638874'],['OC[C@@H]1O[C@H](CCNC(=O)C2CCC2)CC[C@@H]1NC(=O)CN1CCOCC1'],,,,,
10130,BRD-K74513776,['54638636'],['CC(C)c1cn(CC[C@H]2CC[C@H](NC(=O)C3CC3)[C@@H](CO)O2)nn1'],,,,,
10131,BRD-K74530260,['54661086'],['CN(C)C(=O)c1ccc(cc1)-c1ccc2[C@H]3N[C@H]([C@H](CO)[C@H]3Cn2c1=O)C(=O)NCCc1ccccc1'],,,,,
10132,BRD-K74534237,['17104'],['CC(C)c1cc(c(C)cc1OC(=O)N1CCCCC1)[N+](C)(C)C'],,,,,
10133,BRD-K74548617,['54657899'],['O[C@H]1COC[C@@H]2O[C@H](CC(=O)NCc3ccc(Oc4ccccc4)cc3)CC[C@H]2N(CCC(F)(F)F)C1'],,,,,
10134,BRD-K74550836,['54638335'],['OC[C@H]1O[C@H](CC(=O)NCCc2cscn2)C=C[C@@H]1NC(=O)C1CCOCC1'],,,,,
10135,BRD-K74553461,['54657775'],['O[C@H]1CN[C@H]2CC[C@@H](CC(=O)N3CCc4ccccc4C3)O[C@@H]2COC1'],,,,,
10136,BRD-K74556269,['56835433'],['C[C@@H](CO)N1C[C@H](C)[C@H](CN(C)C(=O)C)OCc2ccccc2-c3ccccc3C1=O'],,,,,
10137,BRD-K74561903,['53338837'],['NC(=O)C1CCN(CC1)c1nc(cs1)-c1ccc2OCCCOc2c1'],,,,,
10138,BRD-K74566474,['54658979'],['O[C@@H]1COC[C@H]2O[C@H](CC(=O)NCCc3ccccc3)CC[C@@H]2N(Cc2ccc(cc2)C(F)(F)F)C1'],,,,,
10139,BRD-K74569352,['6729815'],['NC(=O)[C@@H]1[C@@H]2N([C@H](c3ccc(O)cc3)[C@@]14C(=O)Nc5ccccc54)[C@H]([C@H](OC2=O)c6ccccc6)c7ccccc7'],,,,,
10140,BRD-K74582039,['54654269'],['C[C@H](NC(=O)C[C@@H]1CC[C@@H]2[C@@H](COc3ccc(NS(=O)(=O)c4ccc(Cl)cc4)cc3C(=O)N2C)O1)c1ccccc1'],,,,,
10141,BRD-K74591286,['54631396'],['CO[C@@H]1CN(C)C(=O)c2cc(NC(=O)Nc3ccc(cc3)C(F)(F)F)ccc2OC[C@H](C)NC[C@H]1C'],,,,,
10142,BRD-K74594501,['54638397'],['COc1ccccc1S(=O)(=O)N[C@@H]1CC[C@@H](CCNC(=O)C2CCOCC2)O[C@H]1CO'],,,,,
10143,BRD-K74596421,['44460138'],['Fc1ccc(cc1)C(=O)OCC#CCSc1nnc(o1)-c1ccc(F)cc1'],,,,,
10144,BRD-K74606027,['590707'],['OC(=O)CSc1c[nH]c2ccccc12'],,,,,
10145,BRD-K74623475,['44619327'],['COc1ccc(CN(C)C[C@@H]2OCCCC[C@H](C)Oc3ccc(NC(=O)Nc4ccc(cc4)C(F)(F)F)cc3C(=O)N(C[C@H]2C)[C@H](C)CO)cc1'],,,,,
10146,BRD-K74625930,['54645893'],['CN(C)C(=O)C[C@H]1C[C@@H]2[C@@H](Oc3ccc(NC(=O)Nc4ccc(F)cc4)cc23)[C@@H](CO)O1'],,,,,
10147,BRD-K74634175,['60191321'],['OC[C@@H]1[C@H]([C@H]2CNCC(=O)N12)c1ccc(cc1)-c1ccc(cc1)C#N'],,,,,
10148,BRD-K74636477,['54646098'],['COc1ccc(cc1)S(=O)(=O)Nc2ccc3O[C@H]4[C@H](C[C@H](CC(=O)N(C)C)O[C@@H]4CO)c3c2'],,,,,
10149,BRD-K74639017,['54645800'],['COC(=O)C[C@@H]1C[C@@H]2[C@@H](Oc3ccc(NC(=O)c4ccc5OCOc5c4)cc23)[C@H](CO)O1'],,,,,
10150,BRD-K74647590,['54621027'],['C[C@@H](CO)N1C[C@H](C)[C@@H](CN(C)Cc2cccc(F)c2)Oc3ncc(cc3C1=O)C4=CCCCC4'],,,,,
10151,BRD-K74656908,['54650161'],['OC[C@H]1N[C@H](C#N)[C@@H]1c1ccc(cc1)C#CC1CCCCC1'],,,,,
10152,BRD-K74659043,['54646039'],['OC[C@@H]1O[C@H](CC(=O)O)C[C@@H]2[C@H]1Oc3ccc(NC(=O)Cc4ccncc4)cc23'],,,,,
10153,BRD-K74659851,['44486992'],['C[C@H](CO)N1C[C@H](C)[C@H](CN(C)C)OCCCC[C@H](C)Oc2ccc(NC(=O)C3CCCCC3)cc2C1=O'],,,,,
10154,BRD-K74663820,['60185278'],['C(N1C[C@H]2N[C@@H](C1)[C@@H]2c1ccc(cc1)-c1ccccc1)c1cccnc1'],,,,,
10155,BRD-K74667984,['54647077'],['OC[C@H]1O[C@@H](CC(=O)NCc2cccc(F)c2)C[C@H]3[C@@H]1Oc4ccc(NC(=O)c5ccc6OCOc6c5)cc34'],,,,,
10156,BRD-K74690444,['44224144'],['O=C(C1CCN(CC1)c1ncnc2sccc12)c1cccs1'],,,,,
10157,BRD-K74702716,['54658066'],['O[C@H]1COC[C@@H]2O[C@H](CC(=O)NCc3ccc(F)cc3)CC[C@H]2N(CC2CCCCC2)C1'],,,,,
10158,BRD-K74704013,['60189821'],['COc1ccc2c3c([C@@H](CO)N(Cc4ccccc4)C[C@]33CN(C3)C(=O)c3ccccc3F)n(C)c2c1'],,,,,
10159,BRD-K74711277,['54631593'],['CCCNC(=O)N1C[C@@H](C)[C@@H](CN(C)C(=O)c2ccc(NS(=O)(=O)CC(F)(F)F)cc2OC[C@@H]1C)OC'],,,,,
10160,BRD-K74711637,['44503361'],['COc1ccc(NC(=O)Nc2ccc3O[C@H](CN(C)C(=O)Nc4ccccc4)[C@@H](C)CN([C@@H](C)CO)C(=O)Cc3c2)cc1'],,,,,
10161,BRD-K74712058,['56835312'],['C[C@@H](CO)N1C[C@H](C)[C@@H](CN(C)C)OCc2ccccc2-c3c(C1=O)n(C)c4ccccc34'],,,,,
10162,BRD-K74728819,['60184998'],['O=C(N1C[C@H]2N[C@@H](C1)[C@@H]2c1ccc(cc1)-c1cncnc1)c1ccc2OCOc2c1'],,,,,
10163,BRD-K74732057,['54661089'],['CN(C)C(=O)[C@H]1[C@H](CO)[C@H]2Cn3c(ccc(-c4cccc(F)c4)c3=O)[C@@H]1N2Cc1ccccc1'],,,,,
10164,BRD-K74757268,['54626406'],['C[C@H](CO)N1C[C@H](C)[C@H](CN(C)CC2CC2)Oc3cc(ccc3S1(=O)=O)c4ccc(C#N)cc4'],,,,,
10165,BRD-K74767048,['44483690'],['C[C@@H](CO)N1C[C@@H](C)[C@H](CN(C)CC2CCCCC2)Oc3ccc(NC(=O)Nc4ccc5OCOc5c4)cc3C1=O'],,,,,
10166,BRD-K74773935,['23492'],['Cn1cc(CCN)c2ccccc12'],,,,,
10167,BRD-K74777906,['44241411'],['COc1ccsc1S(=O)(=O)Nc1ccc(cc1)C(O)(C(F)(F)F)C(F)(F)F'],,,,,
10168,BRD-K74782274,['60189925'],['COc1ccc2c(c1)n(C)c1[C@@H](CO)N(C[C@]3(CCN(C)CC3)c21)C(=O)c1ccc(F)cc1'],,,,,
10169,BRD-K74790646,['60191405'],['CS(=O)(=O)N1C[C@@H]2[C@@H]([C@H](CO)N2C(=O)C1)c1ccc(cc1)C#CCC1CCCC1'],,,,,
10170,BRD-K74794453,['60184823'],['COc1ccc2c3c([nH]c2c1)[C@@H](CO)N(CC1CC1)C[C@]31CCN(CC1)C(=O)Nc1cccc(F)c1'],,,,,
10171,BRD-K74796495,['54645882'],['OC[C@H]1O[C@@H](CC(=O)NCc2ccccc2F)C[C@H]3[C@@H]1Oc4ccc(NC(=O)NC5CCCC5)cc34'],,,,,
10172,BRD-K74799293,['54661294'],['CN1[C@@H]([C@@H](CO)[C@@H]2Cn3c(ccc(-c4cncnc4)c3=O)[C@H]12)C(=O)NC1Cc2ccccc2C1'],,,,,
10173,BRD-K74817145,['54631699'],['CO[C@@H]1CN(C)C(=O)c2ccc(NC(=O)c3ccccc3OC)cc2OC[C@H](C)N(C[C@H]1C)C(C)=O'],,,,,
10174,BRD-K74823182,['60189660'],['COc1cccc(c1)-c1ccc(cc1)[C@@H]1[C@@H](CO)N(C(=O)C2CC2)C11CN(C1)C(C)=O'],,,,,
10175,BRD-K74823284,['54646361'],['CN(C)c1ccc2O[C@@H]3[C@@H](C[C@@H](CC(=O)NCc4ccccn4)O[C@@H]3CO)c2c1'],,,,,
10176,BRD-K74830065,['54639122'],['CN1CCN(CC1)C(=O)C[C@@H]1O[C@@H](CO)[C@@H](NS(=O)(=O)c2cccc(F)c2)C=C1'],,,,,
10177,BRD-K74832096,['54660650'],['COCC(=O)N1[C@H]2Cn3c(ccc(\\C=C\\c4ccccc4)c3=O)[C@@H]1[C@@H]([C@H]2CO)C(=O)N1CCOCC1'],,,,,
10178,BRD-K74833731,['54666494'],['CC(C)CC#Cc1ccc(cc1)[C@H]1[C@@H](CO)N2CCCCN(C[C@H]12)C(=O)Cc1ccccn1'],,,,,
10179,BRD-K74835229,['54661275'],['CCCNC(=O)N1[C@H]2Cn3c(cccc3=O)[C@@H]1[C@@H]([C@H]2CO)C(=O)NCC(F)(F)F'],,,,,
10180,BRD-K74840245,['973303'],['CCOC(=O)Nc1cccc(NC(=O)c2cc(OC)cc(OC)c2)c1'],,,,,
10181,BRD-K74842589,['44506899'],['C[C@H](CO)N1C[C@@H](C)[C@H](CN(C)CC2CCCCC2)Oc3ccc(NC(=O)CCCCCC(=O)Nc4ccccc4N)cc3CC1=O'],,,,,
10182,BRD-K74852367,['54632161'],['COCC(=O)N1C[C@@H](C)[C@@H](CN(C)C(=O)c2cc(NC(=O)Nc3cccc(F)c3)ccc2OC[C@H]1C)OC'],,,,,
10183,BRD-K74864389,['44489177'],['C[C@H](CO)N1C[C@@H](C)[C@H](CN(C)Cc2ccc3OCOc3c2)Oc4c(NS(=O)(=O)C)cccc4C1=O'],,,,,
10184,BRD-K74868206,['44507287'],['CC(C)NC(=O)Nc1ccc2O[C@H](CN(C)Cc3ccc(cc3)C(=O)Nc4ccccc4N)[C@H](C)CN([C@H](C)CO)C(=O)Cc2c1'],,,,,
10185,BRD-K74889969,['54666385'],['CC(=O)N1CCCCN2[C@@H](CO)[C@H]([C@H]2C1)c1ccc(cc1)-c1ccccc1'],,,,,
10186,BRD-K74894470,['54657493'],['Cc1noc(C)c1NC(=O)N1C[C@@H](O)COC[C@@H]2O[C@@H](CC(=O)N3CCc4ccccc4C3)CC[C@@H]12'],,,,,
10187,BRD-K74900896,['54639057'],['OC[C@@H]1O[C@H](CCNC(=O)C2CCC2)CC[C@H]1NS(=O)(=O)Cc1ccccc1'],,,,,
10188,BRD-K74902280,['54646721'],['COc1cccc(c1)S(=O)(=O)Nc2ccc3O[C@H]4[C@H](C[C@@H](CC(=O)NCc5ccc(Cl)cc5)O[C@@H]4CO)c3c2'],,,,,
10189,BRD-K74919500,['54664989'],['CC(C)NC(=O)N1CC[C@@H]2[C@H]1c1cc(ccc1N(C)[C@@H]2CO)C#Cc1ccccc1'],,,,,
10190,BRD-K74923162,['60192676'],['OC[C@H]1[C@@H]([C@@H]2CN(CC(=O)N12)C(=O)C1CCCCC1)c1ccc(cc1)-c1ccc(cc1)C#N'],,,,,
10191,BRD-K74931283,['44494269'],['C[C@@H](CO)N1C[C@H](C)[C@@H](CN(C)Cc2ccc(Cl)c(Cl)c2)Oc3c(NC(=O)Nc4ccc(F)cc4)cccc3C1=O'],,,,,
10192,BRD-K74949371,['44499123'],['C[C@H](CO)N1C[C@H](C)[C@H](CN(C)C(=O)Nc2ccc(cc2)C(F)(F)F)Oc3c(NC(=O)c4ccc(cc4)c5nccs5)cccc3C1=O'],,,,,
10193,BRD-K74951051,['54649433'],['CC(C)(C)[S@](=O)N1Cc2cc(nc(c2[C@@H]1CCO)-c1cccc(c1)-c1cccnc1)C(=O)NCc1ccccc1F'],,,,,
10194,BRD-K74954602,['54666654'],['COCC#Cc1ccc(cc1)[C@H]1[C@H](CO)N2CCCCN(Cc3ccncc3)C[C@@H]12'],,,,,
10195,BRD-K74962003,['54618471'],['C[C@H](CO)N1C[C@H](C)[C@H](CN(C)C(=O)Nc2ccc(F)cc2)Oc3cc(ccc3S1(=O)=O)c4ccccc4C'],,,,,
10196,BRD-K74964997,['54638384'],['COCCNC(=O)C[C@H]1CC[C@@H](NC(=O)NC2CCCCC2)[C@@H](CO)O1'],,,,,
10197,BRD-K74965436,['44490620'],['C[C@H](CO)N1C[C@H](C)[C@H](CN(C)Cc2ccc(Oc3ccccc3)cc2)Oc4ccc(NC(=O)CCCN(C)C)cc4C1=O'],,,,,
10198,BRD-K74972903,['60189849'],['OC[C@@H]1[C@H](c2ccccc2)C2(CN(C2)C(=O)Cc2cccnc2)N1C(=O)C1CCOCC1'],,,,,
10199,BRD-K74980345,['56643211'],['Cc1ccc(CNc2ncnc3ccc(cc23)-c2ccoc2C)o1'],,,,,
10200,BRD-K74989018,['53338834'],['NC(=O)C1CCN(CC1)c1nc(cs1)-c1ccc(OCc2ccccc2)cc1'],,,,,
10201,BRD-K74998149,['44506347'],['C[C@H](CO)N1C[C@H](C)[C@H](CN(C)Cc2ccc(cc2)C(=O)Nc3ccccc3N)Oc4ccc(NC(=O)Nc5ccc(cc5)C(F)(F)F)cc4C1=O'],,,,,
10202,BRD-K75000753,['54652671'],['CN1C[C@H]2[C@H]([C@@H](CO)N2C(=O)c2cccnc2)c2ccccc12'],,,,,
10203,BRD-K75012089,['56835569'],['CCOC(=O)c1cc2CN([C@H](CCO)c2c(n1)c3cccc(C#CCN(C)C)c3)S(=O)C(C)(C)C'],,,,,
10204,BRD-K75023015,['44498562'],['C[C@H](CO)N1C[C@H](C)[C@@H](CN(C)Cc2ccc(cc2)C(=O)Nc3ccccc3N)OCc4cn(CCCC1=O)nn4'],,,,,
10205,BRD-K75034919,['54652600'],['COc1ccccc1NC(=O)N1C[C@@H]2[C@@H]([C@H](CO)N2C(C)=O)c2ccccc12'],,,,,
10206,BRD-K75035820,['54615032'],['C[C@@H](CO)N1C[C@H](C)[C@@H](CN(C)S(=O)(=O)C)OCCCC[C@H](C)Oc2ccc(NC(=O)c3ccncc3)cc2C1=O'],,,,,
10207,BRD-K75040614,['44607581'],['Cc1cscc1-c1ccc(o1)C(=O)Nc1c(C)cccc1C'],,,,,
10208,BRD-K75048204,['54651205'],['CC(C)CN(C[C@@H]1[C@H]([C@H](CO)N1C(C)=O)c1ccccc1)C(=O)c1ccccn1'],,,,,
10209,BRD-K75051049,['54614602'],['C[C@@H](CO)N1C[C@@H](C)[C@H](CN(C)Cc2ccc(cc2)C(=O)Nc3ccccc3N)Oc4ccc(NS(=O)(=O)c5ccccc5)cc4CC1=O'],,,,,
10210,BRD-K75061326,['54646351'],['COc1ccc(NC(=O)Nc2ccc3O[C@H]4[C@H](C[C@H](CC(=O)N5CCN(C)CC5)O[C@H]4CO)c3c2)cc1'],,,,,
10211,BRD-K75065443,['60190385'],['COc1ccc2c3c([C@@H](CO)NC[C@]33CCN(CC3)C(=O)c3ccccc3)n(C)c2c1'],,,,,
10212,BRD-K75081836,['73707351'],['ONC(=O)CCCCCCC(=O)N/N=C/c1ccccc1[N+](=O)[O-]'],,,,,
10213,BRD-K75085700,['54651360'],['CC(=O)N1[C@H](CO)[C@@H]([C@H]1CNC(=O)CN1CCOCC1)c1ccccc1'],,,,,
10214,BRD-K75090653,['44489329'],['C[C@H](CO)N1C[C@H](C)[C@H](CN(C)C)OCCCC[C@H](C)Oc2ccc(NS(=O)(=O)c3cn(C)cn3)cc2C1=O'],,,,,
10215,BRD-K75091523,['54645839'],['COc1ccc(CNC(=O)C[C@H]2C[C@@H]3[C@@H](Oc4ccc(NC(=O)C5CCC5)cc34)[C@H](CO)O2)cc1'],,,,,
10216,BRD-K75094920,['54660873'],['CC(=O)N1[C@H]([C@H](CO)[C@H]2Cn3c(cccc3=O)[C@@H]12)C(=O)NCc1ccccc1F'],,,,,
10217,BRD-K75095704,['54638854'],['COc1cccc(c1)-c1cn(CC[C@@H]2CC[C@@H](NS(=O)(=O)Cc3ccccc3)[C@@H](CO)O2)nn1'],,,,,
10218,BRD-K75100604,['60192183'],['CC(C)NC(=O)N1CC2(C1)[C@H]([C@@H](CO)N2C(=O)c1ccccn1)c1ccccc1'],,,,,
10219,BRD-K75101679,['54652561'],['OC[C@H]1[C@H]2[C@H](CN(C(=O)c3ccccc3)c3ccccc23)N1C(=O)Nc1ccccc1Cl'],,,,,
10220,BRD-K75111717,['54638656'],['COc1cccc(CNC(=O)C[C@H]2O[C@@H](CO)[C@@H](NC(=O)C3CCC3)C=C2)c1'],,,,,
10221,BRD-K75117691,['54652650'],['OC[C@H]1[C@@H]2[C@@H](CN(C(=O)Nc3ccccc3)c3ccccc23)N1Cc1ccccc1Cl'],,,,,
10222,BRD-K75128590,['44492456'],['C[C@@H](CO)N1C[C@@H](C)[C@H](CN(C)Cc2ccc(Cl)c(Cl)c2)Oc3c(NC(=O)C4CCOCC4)cccc3C1=O'],,,,,
10223,BRD-K75145803,['60185208'],['COc1ccc2c3c([nH]c2c1)[C@H](CO)N(Cc1ccc(F)cc1)C[C@]31CCN(C)CC1'],,,,,
10224,BRD-K75155876,['60190990'],['OC[C@H]1[C@H]([C@H]2CN(CC(=O)N12)C(=O)c1cnccn1)c1ccc(cc1)-c1cccc(F)c1'],,,,,
10225,BRD-K75179331,['54649493'],['CO[C@H]1CC[C@H]2CCN(C)C(=O)[C@H](C)[C@@H](CN(C)C(=O)c3cccc(C#N)c3OC[C@@H]1O2)OC'],,,,,
10226,BRD-K75199888,['54632047'],['CO[C@@H]1CN(C)C(=O)c2cc(NS(=O)(=O)c3cccc(F)c3)ccc2OC[C@@H](C)N(C[C@@H]1C)C(=O)Cc1cccnc1'],,,,,
10227,BRD-K75234292,['23834916'],['COC(=O)[C@@H]1N=C(O[C@@H]1c2ccccc2N=[N+]=[N-])c3ccc(OCCCO)cc3'],,,,,
10228,BRD-K75252623,['56835333'],['C[C@@H](CO)N1C[C@H](C)[C@@H](CN(C)S(=O)(=O)c2cccs2)OCc3ccccc3-c4c(C1=O)n(C)c5ccccc45'],,,,,
10229,BRD-K75264577,['54651213'],['OC[C@H]1[C@H]([C@H](CNC(=O)c2ccccn2)N1Cc1cccnc1)c1ccccc1'],,,,,
10230,BRD-K75265238,['44486740'],['C[C@@H](CO)N1C[C@@H](C)[C@H](CN(C)Cc2ccc(cc2)C(=O)O)Oc3ccc(NC(=O)C4CC4)cc3C1=O'],,,,,
10231,BRD-K75265760,['54651325'],['C\\C=C\\c1ccc(cc1)[C@H]1[C@H](CO)N[C@H]1CN(CC(C)C)C(=O)c1ccccn1'],,,,,
10232,BRD-K75291656,['44485745'],['C[C@@H](CO)N1C[C@@H](C)[C@@H](CN(C)C(=O)c2cc(on2)c3ccccc3)OCc4cn(CCCC1=O)nn4'],,,,,
10233,BRD-K75296800,['44486382'],['C[C@@H](CO)N1C[C@@H](C)[C@@H](CN(C)S(=O)(=O)c2ccc(F)cc2)OCCCC[C@H](C)Oc3ccc(NC(=O)Nc4ccccc4)cc3C1=O'],,,,,
10234,BRD-K75297646,['54651350'],['COCC(=O)N1[C@H](CO)[C@H]([C@@H]1CNC(=O)c1ccccn1)c1ccccc1'],,,,,
10235,BRD-K75302809,['3913840'],['Cc1ccc(C=NNC(=O)CCC(=O)Nc2ccc(C)cc2C)o1'],,,,,
10236,BRD-K75304533,['1434956'],['Cc1nc(N2CCN(CC2)C(=O)c3cccs3)c4c5CCCCc5sc4n1'],,,,,
10237,BRD-K75308057,['54637920'],['C[C@@H](CO)N1C[C@H](C)[C@H](CN(C)C(=O)Nc2ccc(F)cc2)OCc3ccccc3-c4c(C1=O)n(C)c5ccccc45'],,,,,
10238,BRD-K75308990,['20876331'],['COc1ccc(OC)c(CCNC(=O)c2ccc3SCCN(Cc4ccc(F)cc4)c3c2)c1'],,,,,
10239,BRD-K75313893,['60184920'],['COc1ccc2c3c([nH]c2c1)[C@H](CO)N(C[C@]31CCN(C)CC1)C(=O)C1CCCCC1'],,,,,
10240,BRD-K75315865,['44825304'],['CC(=O)c1ccc(cc1)N1CCN(CC1)S(=O)(=O)c1ccc2NC(=O)C(Cl)(Cl)c2c1'],,,,,
10241,BRD-K75323473,['60185045'],['COc1ccc2c3c([C@H](CO)N(Cc4ccncc4)C[C@]33CN(C3)C(=O)C3CCCCC3)n(C)c2c1'],,,,,
10242,BRD-K75329208,['2222011'],['Cc1ccc(c(C)c1)S(=O)(=O)NC(=O)COc2cccc3ccccc23'],,,,,
10243,BRD-K75353513,['54638304'],['CN1CCN(CC1)C(=O)C[C@@H]1CC[C@@H](NC(=O)Nc2c(C)noc2C)[C@H](CO)O1'],,,,,
10244,BRD-K75369250,['54664910'],['COc1cccc(c1)-c1ccc2N(C)[C@H](CO)[C@@H]3CCN([C@@H]3c2c1)S(=O)(=O)c1ccccc1F'],,,,,
10245,BRD-K75371115,['54664876'],['COCC(=O)N1CC[C@H]2[C@@H]1c1cc(ccc1N[C@H]2CO)-c1cccc(c1)C(=O)N(C)C'],,,,,
10246,BRD-K75381775,['54631742'],['CO[C@H]1CN(C)C(=O)c2cc(NC(=O)C3CCC3)ccc2OC[C@H](C)N(C)C[C@@H]1C'],,,,,
10247,BRD-K75383594,['54646055'],['COCC(=O)Nc1ccc2O[C@@H]3[C@@H](C[C@@H](CC(=O)N[C@@H](C)c4ccccc4)O[C@H]3CO)c2c1'],,,,,
10248,BRD-K75387817,['60185097'],['COc1cccc(c1)-c1ccc(cc1)[C@H]1[C@@H]2CNC[C@H]1N2Cc1ccccc1F'],,,,,
10249,BRD-K75394059,['54660734'],['CN1[C@@H]2Cn3c(ccc(C4=CCCCC4)c3=O)[C@H]1[C@H]([C@@H]2CO)C(=O)NCc1cc(F)cc(F)c1'],,,,,
10250,BRD-K75395214,['54639075'],['COCC(=O)N[C@@H]1C=C[C@@H](CC(=O)N2CCCCC2)O[C@H]1CO'],,,,,
10251,BRD-K75403700,['54637765'],['C[C@H](CO)N1C[C@@H](C)[C@@H](CN(C)C(=O)c2c(C)noc2C)OCc3ccccc3-c4ccccc4C1=O'],,,,,
10252,BRD-K75405605,['54646621'],['OC[C@H]1O[C@H](CC(=O)NCc2cccnc2)C[C@@H]3[C@H]1Oc4ccc(NC(=O)c5ccc6OCOc6c5)cc34'],,,,,
10253,BRD-K75413841,['54657773'],['CCC(=O)N1C[C@H](O)COC[C@@H]2O[C@H](CC(=O)NCc3cc(F)cc(F)c3)CC[C@@H]12'],,,,,
10254,BRD-K75416754,['54657556'],['COC(=O)C[C@@H]1CC[C@@H]2[C@H](COC[C@@H](O)CN2S(=O)(=O)c2cn(C)cn2)O1'],,,,,
10255,BRD-K75418381,['1189620'],['COc1ccc(C)cc1NC(=O)c2ccc(OCC(=O)Nc3cc(Cl)ccc3Cl)cc2'],,,,,
10256,BRD-K75418563,['54618673'],['CCCN(C)C[C@H]1Oc2cc(C#Cc3cccc(OC)c3)ccc2S(=O)(=O)N(C[C@H]1C)[C@@H](C)CO'],,,,,
10257,BRD-K75425370,['54658008'],['Cn1cnc(c1)S(=O)(=O)N1C[C@@H](O)COC[C@H]2O[C@H](CC(=O)NCc3cccc(F)c3)CC[C@H]12'],,,,,
10258,BRD-K75426909,['44489749'],['CC(C)NC(=O)Nc1ccc2O[C@H](C)CCCCO[C@@H](CN(C)C(=O)Nc3ccccc3)[C@@H](C)CN([C@H](C)CO)C(=O)c2c1'],,,,,
10259,BRD-K75430629,['9908783'],['Cc1ccccc1n2c(Cn3cnc4c(N)ncnc34)nc5cccc(C)c5c2=O'],,,,,
10260,BRD-K75436517,['60185193'],['COc1ccc2c3c([nH]c2c1)[C@H](CO)NC[C@]31CN(C1)C(=O)Nc1ccc2OCOc2c1'],,,,,
10261,BRD-K75449859,['60184828'],['CN(C)C(=O)c1ccc(cc1)-c1ccc(cc1)[C@H]1[C@H]2CN(C[C@@H]1N2)S(=O)(=O)Cc1ccccc1'],,,,,
10262,BRD-K75455321,['54657554'],['COC(=O)C[C@@H]1CC[C@@H]2[C@H](COC[C@H](O)CN2S(=O)(=O)c2cn(C)cn2)O1'],,,,,
10263,BRD-K75458636,['1304563'],['Clc1c(sc2ccccc12)C(=O)Nc3sc4CCCc4c3C(=O)NCc5ccco5'],,,,,
10264,BRD-K75467206,['54638649'],['COc1cccc(NC(=O)N[C@H]2CC[C@@H](CC(=O)N3CCCCC3)O[C@@H]2CO)c1'],,,,,
10265,BRD-K75477256,['3610226'],['C(N1CCN(CC1)c1ncnc2sccc12)c1ccccc1'],,,,,
10266,BRD-K75486920,['54631816'],['CO[C@@H]1CN(C)C(=O)c2cc(NC(=O)C3CCOCC3)ccc2OC[C@H](C)N(Cc2cccnc2)C[C@H]1C'],,,,,
10267,BRD-K75512942,['60191362'],['CCC(=O)N1C[C@@H]2[C@@H]([C@@H](CO)N2C(=O)C1)c1ccc(cc1)C#CCC(C)C'],,,,,
10268,BRD-K75514176,['54666646'],['C\\C=C\\c1ccc(cc1)[C@@H]1[C@H](CO)N2CCCCN(C[C@H]12)C(=O)Nc1ccc(F)cc1'],,,,,
10269,BRD-K75576199,['54645862'],['COCC(=O)Nc1ccc2O[C@H]3[C@H](C[C@H](CC(=O)NCc4ccc5OCOc5c4)O[C@@H]3CO)c2c1'],,,,,
10270,BRD-K75579936,['60190141'],['COc1ccc2c3c([nH]c2c1)[C@H](CO)N(C[C@]31CN(C1)C(=O)CN1CCOCC1)C(C)=O'],,,,,
10271,BRD-K75580081,['44492053'],['COC(=O)N(C)C[C@@H]1OCc2cn(CCCC(=O)N(C[C@@H]1C)[C@@H](C)CO)nn2'],,,,,
10272,BRD-K75596743,['54631402'],['CO[C@H]1CN(C)C(=O)c2cc(NS(=O)(=O)c3c(C)noc3C)ccc2OC[C@H](C)NC[C@@H]1C'],,,,,
10273,BRD-K75609900,['54660958'],['CCN1[C@@H]([C@@H](CO)[C@@H]2Cn3c(ccc(C4=CCCC4)c3=O)[C@H]12)C(=O)NCc1cccc(OC)c1'],,,,,
10274,BRD-K75614533,['56835241'],['C[C@@H](CO)N1C[C@H](C)[C@H](CN(C)S(=O)(=O)c2ccc(Cl)cc2)OCc3ccccc3-c4ccccc4C1=O'],,,,,
10275,BRD-K75627148,['54646518'],['OC[C@@H]1O[C@@H](CC(=O)NCc2ccc(Oc3ccccc3)cc2)C[C@@H]4[C@H]1Oc5ccc(NS(=O)(=O)c6ccc(F)cc6)cc45'],,,,,
10276,BRD-K75633187,['54657723'],['O[C@@H]1CN[C@@H]2CC[C@@H](CC(=O)NCCN3CCCCC3)O[C@H]2COC1'],,,,,
10277,BRD-K75636693,['54651218'],['CCCNC(=O)N1[C@@H](CO)[C@@H]([C@H]1CNC(=O)c1ccc(F)cc1)c1ccccc1'],,,,,
10278,BRD-K75639577,['54658013'],['Cn1cnc(c1)S(=O)(=O)N1C[C@H](O)COC[C@H]2O[C@H](CC(=O)NCc3cccc(F)c3)CC[C@H]12'],,,,,
10279,BRD-K75641083,['20862056'],['CCc1ccc(NC(=O)CCCOc2cc(=O)n(C)c3ccccc23)cc1'],,,,,
10280,BRD-K75644678,['23640021'],['CCCCOc1cccc2c1ccn(CC(=O)Nc1ccc3OCCOc3c1)c2=O'],,,,,
10281,BRD-K75648471,['54652420'],['OC[C@H]1[C@@H]2[C@@H](CN(C(=O)Nc3cccc(Cl)c3)c3ccccc23)N1CC1CCOCC1'],,,,,
10282,BRD-K75666689,['44487498'],['CC(C)NC(=O)Nc1ccc2O[C@@H](C)CCCCO[C@@H](CN(C)C(=O)c3ccncc3)[C@H](C)CN([C@@H](C)CO)C(=O)c2c1'],,,,,
10283,BRD-K75669394,['44504316'],['C[C@H](CO)N1C[C@H](C)[C@H](CN(C)S(=O)(=O)C)OCCCC[C@@H](C)Oc2ccc(cc2C1=O)N(C)C'],,,,,
10284,BRD-K75688794,['60191276'],['C\\C=C\\c1ccc(cc1)[C@H]1[C@H](CO)N2[C@H]1CN(CC2=O)C(=O)Nc1ccc(F)cc1'],,,,,
10285,BRD-K75703168,['54638226'],['COc1ccc(cc1)S(=O)(=O)N[C@H]1C=C[C@@H](CC(=O)NCCc2ccncc2)O[C@@H]1CO'],,,,,
10286,BRD-K75707803,['44485754'],['C[C@H](CO)N1C[C@@H](C)[C@H](CN(C)C(=O)Nc2ccnc(c2)N3CCOCC3)OCc4cn(CCCC1=O)nn4'],,,,,
10287,BRD-K75717096,['54631375'],['CCN1C[C@@H](C)[C@@H](CN(C)C(=O)c2ccc(NC(=O)c3ccno3)cc2OC[C@H]1C)OC'],,,,,
10288,BRD-K75725000,['44493247'],['CC(C)NC(=O)Nc1ccc2O[C@@H](CN(C)C(=O)NC3CCCCC3)[C@@H](C)CN([C@H](C)CO)C(=O)c2c1'],,,,,
10289,BRD-K75725875,['60183411'],['COc1ccccc1-c1ccc2N[C@@H](CO)[C@H]3CCN([C@H]3c2c1)C(=O)C1CCCC1'],,,,,
10290,BRD-K75732649,['54657998'],['CN1CCN(CC1)C(=O)C[C@H]1CC[C@H]2[C@@H](COC[C@@H](O)CN2S(=O)(=O)c2ccccc2C)O1'],,,,,
10291,BRD-K75733071,['54637925'],['C[C@H](CO)N1C[C@@H](C)[C@@H](CN(C)Cc2ccc(F)cc2)OCc3ccccc3-c4ccccc4C1=O'],,,,,
10292,BRD-K75744810,['54652707'],['CC(C)NC(=O)N1C[C@H]2[C@H]([C@H](CO)N2C(=O)C2CCCC2)c2ccccc12'],,,,,
10293,BRD-K75745425,['56835492'],['C[C@H](CO)N1C[C@@H](C)[C@H](CN(C)C(=O)[C@H](C)c2ccccc2)OCc3ccccc3-c4ccccc4C1=O'],,,,,
10294,BRD-K75749796,['56835423'],['CC(C)[C@H](C)NC(=O)N(C)C[C@@H]1OCc2ccccc2-c3ccccc3C(=O)N(C[C@H]1C)[C@H](C)CO'],,,,,
10295,BRD-K75750101,['54645813'],['OC[C@H]1O[C@@H](CC(=O)NCCN2CCCCC2)C[C@H]3[C@@H]1Oc4ccc(NC(=O)C5CCOCC5)cc34'],,,,,
10296,BRD-K75755028,['44505387'],['C[C@H](CO)N1C[C@@H](C)[C@H](CN(C)C(=O)c2cc(on2)c3ccccc3)OCc4cnnn4CCCC1=O'],,,,,
10297,BRD-K75781834,['54615122'],['C[C@@H](CO)N1C[C@H](C)[C@H](CN(C)C(=O)CCC(F)(F)F)OCCCC[C@@H](C)Oc2ccc(NS(=O)(=O)c3ccc(Cl)cc3)cc2C1=O'],,,,,
10298,BRD-K75784474,['60138083'],['Fc1c2OCOc2ccc1-c1ccc2ncnc(NCc3cccs3)c2c1'],,,,,
10299,BRD-K75809222,['54639113'],['Cc1ccc(cc1)S(=O)(=O)N[C@@H]1CC[C@@H](CCNC(=O)c2ccccc2F)O[C@@H]1CO'],,,,,
10300,BRD-K75813018,['54657754'],['CNC(=O)C[C@@H]1CC[C@@H]2[C@H](COC[C@H](O)CN2Cc2ccc(Cl)c(Cl)c2)O1'],,,,,
10301,BRD-K75819331,['54645820'],['OC[C@@H]1O[C@@H](CC(=O)NCCN2CCCCC2)C[C@H]3[C@@H]1Oc4ccc(NC(=O)C5CCOCC5)cc34'],,,,,
10302,BRD-K75828577,['54654776'],['CN1[C@H]2CC[C@H](CC(=O)NC3CCCC3)O[C@H]2COc2ccc(NC(=O)c3ccccc3)cc2C1=O'],,,,,
10303,BRD-K75843415,['54657789'],['COCCNC(=O)C[C@@H]1CC[C@H]2[C@@H](COC[C@H](O)CN2C(=O)c2cc(Cl)cc(Cl)c2)O1'],,,,,
10304,BRD-K75845944,['44497076'],['COc1ccc(NC(=O)N(C)C[C@H]2Oc3c(NC(=O)c4cc(C)nn4C)cccc3C(=O)N(C[C@@H]2C)[C@@H](C)CO)cc1'],,,,,
10305,BRD-K75852825,['60185112'],['COCC(=O)N1C[C@@]2(C1)CN(Cc1nccs1)[C@@H](CO)c1c2c2ccc(OC)cc2n1C'],,,,,
10306,BRD-K75856618,['54626409'],['C[C@@H](CO)N1C[C@H](C)[C@H](CN(C)CC2CC2)Oc3cc(ccc3S1(=O)=O)c4ccc(C#N)cc4'],,,,,
10307,BRD-K75867134,['54632067'],['CO[C@H]1CN(C)C(=O)c2ccc(NS(C)(=O)=O)cc2OC[C@H](C)N(Cc2nccs2)C[C@@H]1C'],,,,,
10308,BRD-K75872636,['60189822'],['CCCC(=O)N1C[C@]2(CN(C2)S(C)(=O)=O)c2c([nH]c3cc(OC)ccc23)[C@@H]1CO'],,,,,
10309,BRD-K75880427,['60189712'],['COCC(=O)N1CC2(C1)[C@@H]([C@@H](CO)N2C(=O)NC1CCCC1)c1ccccc1'],,,,,
10310,BRD-K75882457,['54661120'],['COC(=O)[C@@H]1[C@@H](CO)[C@@H]2Cn3c(cccc3=O)[C@H]1N2C(=O)C1CC1'],,,,,
10311,BRD-K75884310,['54651301'],['CC(=O)NC[C@@H]1[C@H]([C@H](CO)N1Cc1cccnc1)c1ccc(cc1)C1=CCCC1'],,,,,
10312,BRD-K75887136,['44617378'],['C[C@H](CO)N1C[C@H](C)[C@H](CN(C)CC2CC2)OCCCC[C@H](C)Oc3ccc(NC(=O)Cc4ccccc4)cc3C1=O'],,,,,
10313,BRD-K75894982,['54638713'],['CCC(=O)N[C@H]1CC[C@@H](CC(=O)NCc2ccccc2F)O[C@H]1CO'],,,,,
10314,BRD-K75899251,['54664862'],['CN1[C@@H](CO)[C@@H]2CCN([C@@H]2c2cc(ccc12)-c1ccc(cc1)C#N)C(=O)Nc1cccc(F)c1'],,,,,
10315,BRD-K75900905,['60191613'],['OC[C@@H]1[C@@H](c2ccccc2)C2(CN(C2)C(=O)CC2CC2)N1C(=O)c1cnccn1'],,,,,
10316,BRD-K75903201,['2186104'],['CCCCC(=O)Nc1cccc(NC(=O)c2ccccc2Br)c1'],,,,,
10317,BRD-K75906982,['54660921'],['CN1[C@H]2Cn3c(cccc3=O)[C@@H]1[C@@H]([C@H]2CO)C(=O)NCC1CC1'],,,,,
10318,BRD-K75907833,['60184978'],['C(C1CCCCC1)N1[C@H]2CNC[C@@H]1[C@@H]2c1ccc(cc1)-c1ccncc1'],,,,,
10319,BRD-K75912549,['44490824'],['C[C@@H](CO)N1C[C@H](C)[C@H](CN(C)Cc2ccncc2)Oc3c(NC(=O)Nc4c(C)noc4C)cccc3C1=O'],,,,,
10320,BRD-K75938736,['54638962'],['C[C@@H](NC(=O)C[C@@H]1O[C@H](CO)[C@@H](NC(=O)Nc2ccc3OCOc3c2)C=C1)c1ccccc1'],,,,,
10321,BRD-K75940587,['50897777'],['CCC(=O)Nc1ccc(Cl)cc1C(=O)c1ccc[nH]1'],,,,,
10322,BRD-K75949681,['54616027'],['C[C@@H](CO)N1C[C@@H](C)[C@H](CN(C)Cc2ccc(Cl)c(Cl)c2)OCCCC[C@@H](C)Oc3ccc(NC(=O)Nc4ccc5OCOc5c4)cc3C1=O'],,,,,
10323,BRD-K75961033,['56835541'],['C[C@H](CO)N1C[C@@H](C)[C@H](CN(C)C(=O)[C@H](Cc2ccccc2)N(C)C)OCc3ccccc3-c4ccccc4C1=O'],,,,,
10324,BRD-K75964506,['60185008'],['O=C(N1C[C@H]2N[C@@H](C1)[C@@H]2c1ccc(cc1)-c1cccc(c1)C#N)c1cccnc1'],,,,,
10325,BRD-K75964914,['54646158'],['OC[C@H]1O[C@@H](CC(=O)NCCN2CCCCC2)C[C@@H]3[C@H]1Oc4ccc(NC(=O)Cc5ccncc5)cc34'],,,,,
10326,BRD-K75965029,['44505149'],['C[C@@H](CO)N1C[C@@H](C)[C@H](CN(C)S(=O)(=O)c2cccc(C)c2)OCc3cn(CCCC1=O)nn3'],,,,,
10327,BRD-K75969390,['44616453'],['C[C@@H](CO)N1C[C@H](C)[C@H](CN(C)CC2CCCCC2)OCCCC[C@H](C)Oc3ccc(NS(=O)(=O)c4ccc(C)cc4)cc3C1=O'],,,,,
10328,BRD-K75971499,['12333107'],['OCCN1CCN(CCCN2c3cc(Cl)ccc3Sc3cc(O)c(O)cc23)CC1'],,,,,
10329,BRD-K75972810,['44486060'],['C[C@@H](CO)N1C[C@@H](C)[C@@H](CN(C)Cc2ccncc2)Oc3ccc(NC(=O)Nc4cccc5ccccc45)cc3C1=O'],,,,,
10330,BRD-K75976016,['54665074'],['OC[C@@H]1Nc2ccc(cc2[C@@H]2[C@H]1CCN2C(=O)CC1CC1)-c1ccccc1'],,,,,
10331,BRD-K75985729,['54631719'],['CCC(=O)N1C[C@@H](C)[C@@H](CN(C)C(=O)c2ccc(NC(=O)Nc3ccc(Cl)cc3)cc2OC[C@H]1C)OC'],,,,,
10332,BRD-K75990826,['44506065'],['C[C@H](CO)N1C[C@H](C)[C@@H](CN(C)Cc2cccc(C)c2)OCc3cn(CCCC1=O)nn3'],,,,,
10333,BRD-K75990896,['54661112'],['CCCN1[C@H]2Cn3c(ccc(C4=CCCCC4)c3=O)[C@@H]1[C@@H]([C@H]2CO)C(=O)N1CCc2ccccc2C1'],,,,,
10334,BRD-K75992528,['54666389'],['OC[C@H]1[C@@H]([C@H]2CN(Cc3cncnc3)CCCCN12)c1ccc(cc1)C#CC1(O)CCCC1'],,,,,
10335,BRD-K75996234,['54638736'],['OC[C@H]1O[C@H](CC(O)=O)C=C[C@@H]1NC(=O)c1ccccc1F'],,,,,
10336,BRD-K75999307,['44142131'],['Cn1nnnc1Sc2ncnc3scc(c4cccc(F)c4)c23'],,,,,
10337,BRD-K76005220,['44487007'],['C[C@@H](CO)N1C[C@@H](C)[C@@H](CN(C)C(=O)Nc2cccc3ccccc23)OCCCC[C@H](C)Oc4ccc(cc4C1=O)N(C)C'],,,,,
10338,BRD-K76005262,['54649949'],['OC[C@H]1[C@@H]([C@H](C#N)N1C(=O)c1cccc(F)c1)c1ccc(cc1)C1=CCCCC1'],,,,,
10339,BRD-K76021727,['60138114'],['Cc1ccc(OCCn2c(CCNC(=O)C3CCCCCC3)nc3ccccc23)cc1'],,,,,
10340,BRD-K76028541,['54660672'],['Cn1cnc(CCNC(=O)[C@H]2[C@H](CO)[C@H]3Cn4c(cccc4=O)[C@H]3N2C(=O)Nc2ccccc2)c1'],,,,,
10341,BRD-K76047634,['44489897'],['C[C@H](CO)N1C[C@@H](C)[C@H](CN(C)Cc2ccncc2)OCCCC[C@@H](C)Oc3ccc(NC(=O)Nc4ccccc4)cc3C1=O'],,,,,
10342,BRD-K76050206,['60189664'],['COc1ccc2c3c([C@@H](CO)N(Cc4ccc(F)cc4)C[C@]33CCN(C)CC3)n(C)c2c1'],,,,,
10343,BRD-K76052538,['5290633'],['C(CN1CCCCC1)Sc2nnc3c4ccccc4[nH]c3n2'],,,,,
10344,BRD-K76060215,['60185069'],['COc1ccc2c3c([nH]c2c1)[C@@H](CO)N(C[C@]31CCN(CC1)C(=O)CN(C)C)C(=O)c1cccnc1'],,,,,
10345,BRD-K76073118,['44490929'],['C[C@@H](CO)N1C[C@@H](C)[C@H](CN(C)C(=O)CCCN(C)C)OCCCC[C@H](C)Oc2ccc(NS(=O)(=O)c3cccs3)cc2C1=O'],,,,,
10346,BRD-K76073136,['60185358'],['COc1ccc2c3c([nH]c2c1)[C@H](CO)N(Cc1ccccn1)C[C@]31CN(C1)C(=O)CC1CC1'],,,,,
10347,BRD-K76079827,['49837819'],['O=C(N1CCCC1)n1cc(nn1)-c1ccc(cc1)-c1ccccc1'],,,,,
10348,BRD-K76087404,['54646133'],['OC[C@@H]1O[C@H](CC(=O)NC2CCCCC2)C[C@H]3[C@@H]1Oc4ccc(NC(=O)c5cccnc5)cc34'],,,,,
10349,BRD-K76103428,['44620846'],['CC(C)NC(=O)Nc1ccc2O[C@H](C)CCCCO[C@@H](CN(C)CC3CCCCC3)[C@H](C)CN([C@@H](C)CO)C(=O)c2c1'],,,,,
10350,BRD-K76103468,['56835479'],['C[C@@H](CO)N1C[C@@H](C)[C@H](CN(C)CC2CC2)OCc3ccccc3-c4ccccc4C1=O'],,,,,
10351,BRD-K76108747,['10265481'],['CN(C)Cc1ccccc1Sc1ccc(F)cc1N'],,,,,
10352,BRD-K76132250,['17581618'],['Clc1ccc(CCNC(=O)Cn2c3ccccc3c3nc4SCCn4c(=O)c23)cc1'],,,,,
10353,BRD-K76138094,['44487519'],['CNC[C@@H]1OCCCC[C@H](C)Oc2ccc(NS(=O)(=O)c3cccs3)cc2C(=O)N(C[C@H]1C)[C@@H](C)CO'],,,,,
10354,BRD-K76150323,['44491416'],['C[C@@H](CO)N1C[C@H](C)[C@@H](CN(C)C)Oc2ccc(NC(=O)C3CC3)cc2CC1=O'],,,,,
10355,BRD-K76150628,['60191925'],['CCC(=O)N1[C@@H](CO)[C@@H](c2ccc(\\C=C\\C)cc2)C11CN(C1)C(=O)c1ccccc1'],,,,,
10356,BRD-K76166520,['54638853'],['OC[C@@H]1O[C@H](CCNC(=O)C2CCCCC2)CC[C@H]1NC(=O)Nc1ccccc1F'],,,,,
10357,BRD-K76188144,['5288998'],['OC(=O)[C@@H](Cc1ccccc1)NC(=O)C(O)=O'],,,,,
10358,BRD-K76193256,['54664787'],['OC[C@H]1Nc2ccc(cc2[C@H]2[C@@H]1CCN2Cc1ccc2OCOc2c1)C#Cc1ccc(F)cc1'],,,,,
10359,BRD-K76202646,['60190192'],['OC[C@@H]1[C@@H](c2ccccc2)C2(CN(C2)C(=O)c2ccncc2)N1CC1CCOCC1'],,,,,
10360,BRD-K76211160,['1118253'],['Fc1ccc(cc1)C(=O)Nc2cccnc2'],,,,,
10361,BRD-K76211354,['60185056'],['C(N1C[C@H]2N[C@@H](C1)[C@@H]2c1ccc(\\C=C\\c2ccccc2)cc1)c1ccc2OCOc2c1'],,,,,
10362,BRD-K76223260,['54638373'],['OC[C@H]1O[C@@H](CC(=O)NCc2ccncn2)CC[C@@H]1NC(=O)c1ccc(F)cc1'],,,,,
10363,BRD-K76224440,['54631320'],['CCS(=O)(=O)Nc1ccc2OC[C@@H](C)N(C[C@H](C)[C@H](CN(C)C(=O)c2c1)OC)C(=O)c1ccc2OCOc2c1'],,,,,
10364,BRD-K76236182,['44506700'],['C[C@@H](CO)N1C[C@H](C)[C@H](CN(C)Cc2ccc(cc2)C(=O)Nc3ccccc3N)Oc4c(NC(=O)c5ccc(cc5)c6nccs6)cccc4C1=O'],,,,,
10365,BRD-K76237504,['54666588'],['CC(C)(O)C#Cc1ccc(cc1)[C@H]1[C@@H](CO)N2CCCCN(C[C@H]12)S(C)(=O)=O'],,,,,
10366,BRD-K76243153,['60190078'],['COc1ccc2c3c([C@@H](CO)N(Cc4cc(OC)cc(OC)c4)C[C@]33CCN(CC3)C(=O)Nc3c(C)noc3C)n(C)c2c1'],,,,,
10367,BRD-K76243603,['54649552'],['CO[C@@H]1CC[C@H]2CCOc3c(cccc3C(=O)N(C)C[C@@H](CC(=O)N(C)C[C@H]1O2)c1ccccc1)C#N'],,,,,
10368,BRD-K76252019,['54651180'],['OC[C@H]1N(Cc2ccccn2)[C@H](CN(C)S(C)(=O)=O)[C@H]1c1ccccc1'],,,,,
10369,BRD-K76257309,['54646523'],['CN1CCN(CC1)C(=O)C[C@@H]2C[C@@H]3[C@@H](Oc4ccc(NC(=O)c5ccc6OCOc6c5)cc34)[C@H](CO)O2'],,,,,
10370,BRD-K76257863,['54632063'],['CO[C@H]1CN(C)C(=O)c2ccc(NC(=O)C3CCC3)cc2OC[C@H](C)N(CC2CCCCC2)C[C@H]1C'],,,,,
10371,BRD-K76258424,['54631335'],['CO[C@@H]1CN(C)C(=O)c2cc(NC(=O)c3cccc(F)c3)ccc2OC[C@H](C)N(C)C[C@H]1C'],,,,,
10372,BRD-K76263948,['60189955'],['COc1ccc2c3c([C@@H](CO)NC[C@]33CCN(CC3)C(=O)c3ccc(F)cc3)n(C)c2c1'],,,,,
10373,BRD-K76264608,['60191008'],['CCC(=O)N1C[C@@H]2[C@H]([C@H](CO)N2C(=O)C1)c1ccc(cc1)C#Cc1cccnc1'],,,,,
10374,BRD-K76266174,['44486986'],['CC(C)NC(=O)Nc1ccc2O[C@@H](C)CCCCO[C@@H](CN(C)C(=O)c3ccncc3)[C@@H](C)CN([C@H](C)CO)C(=O)c2c1'],,,,,
10375,BRD-K76269493,['54646117'],['CCCNC(=O)C[C@@H]1C[C@H]2[C@H](Oc3ccc(NC(=O)COC)cc23)[C@@H](CO)O1'],,,,,
10376,BRD-K76269942,['54660806'],['CCCN1[C@H]([C@H](CO)[C@H]2Cn3c(ccc(C4=CCCCC4)c3=O)[C@@H]12)C(=O)NC1Cc2ccccc2C1'],,,,,
10377,BRD-K76276139,['54660999'],['CCCN1[C@H]([C@H](CO)[C@H]2Cn3c(ccc(-c4ccncc4)c3=O)[C@@H]12)C(=O)NCCCN1CCOCC1'],,,,,
10378,BRD-K76285876,['54639079'],['COc1ccccc1S(=O)(=O)N[C@H]1CC[C@@H](CC(=O)NCc2cccc(F)c2)O[C@@H]1CO'],,,,,
10379,BRD-K76293253,['54631813'],['CO[C@@H]1CN(C)C(=O)c2cc(NC(=O)c3cc(C)on3)ccc2OC[C@@H](C)N(CC2CC2)C[C@H]1C'],,,,,
10380,BRD-K76293260,['6433346'],['CCCCC/C=C\\C/C=C\\CCCCCCCC(=O)NCC(=O)O'],,,,,
10381,BRD-K76318793,['44617376'],['CC(C)NC(=O)Nc1ccc2O[C@@H](C)CCCCO[C@@H](CN(C)CC3CCCCC3)[C@@H](C)CN([C@H](C)CO)C(=O)c2c1'],,,,,
10382,BRD-K76325726,['44493554'],['C[C@H](CO)N1C[C@@H](C)[C@H](CN(C)S(=O)(=O)c2ccccc2)Oc3ccc(cc3CC1=O)N(C)C'],,,,,
10383,BRD-K76351896,['54652446'],['COc1ccccc1CN1[C@@H](CO)[C@@H]2[C@H]1CN(C(=O)C1CCCCC1)c1ccccc21'],,,,,
10384,BRD-K76352008,['44504031'],['C[C@H](CO)N1C[C@H](C)[C@@H](CN(C)C(=O)CCC(F)(F)F)OCCCC[C@@H](C)Oc2ccc(NS(=O)(=O)c3ccc(Cl)cc3)cc2C1=O'],,,,,
10385,BRD-K76352755,['54657606'],['O[C@@H]1COC[C@@H]2O[C@H](CC(=O)Nc3ccc(cc3)-c3ccccc3)CC[C@H]2N(Cc2ccc3OCOc3c2)C1'],,,,,
10386,BRD-K76355933,['54652606'],['OC[C@H]1[C@@H]2[C@@H](CN(C(=O)Nc3cccc(F)c3)c3ccccc23)N1C(=O)Cc1ccccn1'],,,,,
10387,BRD-K76357752,['7693333'],['CC1CCN(CC1)C(=O)Cn2c3ccc(F)cc3c4nc5SCCCn5c(=O)c24'],,,,,
10388,BRD-K76358141,['54657798'],['COc1cccc(NC(=O)N2C[C@@H](O)COC[C@H]3O[C@@H](CC(=O)N(C)C)CC[C@H]23)c1'],,,,,
10389,BRD-K76363932,['46907656'],['CN(C)c1cccc(c1)-c1nccc(n1)N1CCC(CC1)C(N)=O'],,,,,
10390,BRD-K76366810,['54638244'],['OC[C@@H]1O[C@H](CCNC(=O)c2ccc3OCOc3c2)CC[C@@H]1NS(=O)(=O)c1ccc(Cl)cc1'],,,,,
10391,BRD-K76369294,['54657566'],['COc1ccc(CN2C[C@@H](O)COC[C@@H]3O[C@H](CC(=O)NCCN4CCCC4)CC[C@@H]23)cc1'],,,,,
10392,BRD-K76373654,['60189762'],['COc1ccc2c3c([C@@H](CO)N(C[C@]33CCN(CC3)C(=O)c3cnccn3)C(C)=O)n(C)c2c1'],,,,,
10393,BRD-K76379937,['54654231'],['CN1[C@H]2CC[C@@H](CC(=O)N[C@H]3CCN(Cc4ccccc4)C3)O[C@@H]2COc2ccc(NC(=O)Nc3c(C)noc3C)cc2C1=O'],,,,,
10394,BRD-K76381171,['44501031'],['C[C@H](CO)N1C[C@@H](C)[C@H](CN(C)Cc2ccc(Cl)c(Cl)c2)Oc3ccc(NC(=O)c4ccncc4)cc3CC1=O'],,,,,
10395,BRD-K76390333,['60185110'],['N#Cc1cccc(c1)-c1ccc(cc1)[C@H]1[C@H]2CN(Cc3ccccc3)C[C@@H]1N2'],,,,,
10396,BRD-K76397886,['60189666'],['COc1ccc2c3c([nH]c2c1)[C@H](CO)N(Cc1ccncc1)C[C@]31CCN(Cc2ccc(cc2)-c2ccccn2)CC1'],,,,,
10397,BRD-K76403391,['54632182'],['CO[C@H]1CN(C)C(=O)c2cc(NC(=O)Nc3cccc(Cl)c3)ccc2OC[C@H](C)NC[C@@H]1C'],,,,,
10398,BRD-K76411754,['60191074'],['Cc1ccccc1-c1ccc(cc1)[C@H]1[C@@H](CO)N2[C@H]1CN(CC2=O)C(=O)c1ccncc1'],,,,,
10399,BRD-K76415725,['54651273'],['CC(C)N(C[C@H]1N[C@H](CO)[C@H]1c1ccccc1)S(=O)(=O)c1ccccc1'],,,,,
10400,BRD-K76418961,['44487739'],['C[C@@H](CO)N1C[C@H](C)[C@@H](CN(C)Cc2ccncc2)Oc3ccc(NC(=O)Cc4cn(C)c5ccccc45)cc3C1=O'],,,,,
10401,BRD-K76423693,['54651336'],['CCN(C[C@H]1N[C@H](CO)[C@H]1c1ccc(cc1)\\C=C\\C)C(=O)CN1CCOCC1'],,,,,
10402,BRD-K76425766,['2047223'],['Oc1nc(SCc2ccc(Cl)cc2)nc3CCCc31'],,,,,
10403,BRD-K76425827,['3823393'],['OS(=O)(=O)CCN1C(=S)S\\C(=C/c2cn(nc2-c2ccc(OCc3ccccc3F)cc2)-c2ccccc2)C1=O'],,,,,
10404,BRD-K76436920,['54658102'],['O[C@H]1COC[C@H]2O[C@@H](CC(=O)NCc3cccc(F)c3)CC[C@@H]2N(C1)C(=O)c1ccncc1'],,,,,
10405,BRD-K76438898,['46903884'],['C[C@@H](CO)N1C[C@H](C)[C@@H](CN(C)Cc2ccc(cc2)C(F)(F)F)OCCCC[C@H](C)Oc3ccc(NS(=O)(=O)c4c(C)noc4C)cc3C1=O'],,,,,
10406,BRD-K76439996,['54649405'],['CC(C)(C)[S@@](=O)N1Cc2cc(nc(c2[C@H]1CCO)-c1cccc(c1)-c1cccc(c1)C#N)C(=O)NCc1ccncc1'],,,,,
10407,BRD-K76454674,['54638455'],['OC[C@@H]1O[C@@H](CC(=O)NCCCN2CCOCC2)C=C[C@@H]1NS(=O)(=O)c1ccccc1F'],,,,,
10408,BRD-K76462626,['54638867'],['COc1ccccc1NC(=O)N[C@@H]1CC[C@@H](CCn2cc(nn2)C2(O)CCCC2)O[C@H]1CO'],,,,,
10409,BRD-K76472157,['54631663'],['CCCNC(=O)Nc1ccc2c(OC[C@@H](C)N(Cc3cccnc3)C[C@H](C)[C@@H](CN(C)C2=O)OC)c1'],,,,,
10410,BRD-K76494382,['60191659'],['OC[C@@H]1[C@H](c2ccccc2)C2(CN(C2)C(=O)C2CCC2)N1C(=O)NC1CCCC1'],,,,,
10411,BRD-K76510844,['54632164'],['CO[C@@H]1CN(C)C(=O)c2cc(NC(=O)C3CC3)ccc2OC[C@@H](C)N(CCC(F)(F)F)C[C@@H]1C'],,,,,
10412,BRD-K76512739,['44496432'],['C[C@H](CO)N1C[C@H](C)[C@H](CN(C)S(=O)(=O)c2ccc(F)cc2)OCCCC[C@H](C)Oc3ccc(NC(=O)C4CCCCC4)cc3C1=O'],,,,,
10413,BRD-K76527508,['54631805'],['CCCN1C[C@@H](C)[C@@H](CN(C)C(=O)c2ccc(NC(=O)c3ccccc3F)cc2OC[C@H]1C)OC'],,,,,
10414,BRD-K76527818,['53382636'],['OC[C@H]1O[C@H](CC(=O)NCC2CCCCC2)C=C[C@H]1NC(=O)Nc1cccc(F)c1'],,,,,
10415,BRD-K76528265,['60183353'],['CN(C)CC#Cc1ccc(cc1)[C@H]1[C@@H](CO)N2[C@H]1CN(CC2=O)C(=O)c1ccc(F)cc1'],,,,,
10416,BRD-K76547245,['54618521'],['C[C@H](CO)N1C[C@@H](C)[C@H](CN(C)S(=O)(=O)C)Oc2ncc(cc2C1=O)c3ccc(C)cc3'],,,,,
10417,BRD-K76559855,['44483463'],['C[C@@H](CO)N1C[C@H](C)[C@@H](CN(C)Cc2ccc(cc2)C(F)(F)F)Oc3ccc(NC(=O)Nc4c(C)noc4C)cc3C1=O'],,,,,
10418,BRD-K76571344,['54632102'],['CO[C@@H]1CN(C)C(=O)c2cc(NC(=O)c3ccccc3F)ccc2OC[C@H](C)N(C[C@@H]1C)C(C)=O'],,,,,
10419,BRD-K76574148,['54638825'],['OC[C@@H]1O[C@H](CC(=O)NCc2ccc(Cl)cc2)CC[C@H]1NC(=O)CC1CC1'],,,,,
10420,BRD-K76578350,['54645828'],['OC[C@H]1O[C@@H](CC(=O)N2CCc3ccccc3C2)C[C@H]4[C@@H]1Oc5ccc(NC(=O)Nc6ccc(cc6)C(F)(F)F)cc45'],,,,,
10421,BRD-K76581294,['56835211'],['C[C@H](CO)N1C[C@@H](C)[C@H](CN(C)C(=O)[C@@H]2CCCN2C)OCc3ccccc3-c4ccccc4C1=O'],,,,,
10422,BRD-K76583861,['44487884'],['C[C@@H](CO)N1C[C@@H](C)[C@@H](CN(C)Cc2ccc(cc2)C(F)(F)F)Oc3ccc(NC(=O)CCN4CCOCC4)cc3C1=O'],,,,,
10423,BRD-K76595177,['7345532'],['Cc1ccc(C)c(OCCn2cc(C(=O)O)c3ccccc23)c1'],,,,,
10424,BRD-K76595742,['54661327'],['CCNC(=O)[C@H]1[C@H](CO)[C@H]2Cn3c(cccc3=O)[C@H]2N1CC1CCCCC1'],,,,,
10425,BRD-K76612204,['44460121'],['FC(F)Oc1ccc(cc1)C(=O)OCC#CCSc1nnc(o1)-c1cccc2ccccc12'],,,,,
10426,BRD-K76624532,['54657807'],['Cc1ccc(cc1)S(=O)(=O)N1C[C@H](O)COC[C@H]2O[C@@H](CC(=O)NCc3ccc4OCOc4c3)CC[C@H]12'],,,,,
10427,BRD-K76636716,['54649312'],['CO[C@@H](CN(C)Cc1cc(F)ccc1F)[C@@H](C)CN([C@H](C)CO)S(=O)(=O)c1ccc(F)cc1'],,,,,
10428,BRD-K76637414,['54657873'],['O[C@@H]1COC[C@H]2O[C@@H](CC(=O)NCc3ccc(F)cc3)CC[C@@H]2N(C1)C(=O)c1cnccn1'],,,,,
10429,BRD-K76644587,['54638283'],['C[C@@H](NC(=O)C[C@@H]1O[C@@H](CO)[C@@H](NC(=O)Cc2ccccn2)C=C1)c1ccccc1'],,,,,
10430,BRD-K76656279,['60189735'],['CCCNC(=O)N1C[C@]2(CN(C2)S(C)(=O)=O)c2c([C@H]1CO)n(C)c1cc(OC)ccc21'],,,,,
10431,BRD-K76662562,['54645971'],['COc1ccccc1CNC(=O)C[C@H]2C[C@H]3[C@H](Oc4ccc(NC(=O)Nc5ccc(cc5)C(F)(F)F)cc34)[C@H](CO)O2'],,,,,
10432,BRD-K76665419,['54658092'],['O[C@H]1COC[C@@H]2O[C@H](CC(=O)N3CCCCC3)CC[C@H]2N(Cc2ccc3OCOc3c2)C1'],,,,,
10433,BRD-K76665741,['54657811'],['Cc1ccc(cc1)S(=O)(=O)N1C[C@H](O)COC[C@H]2O[C@H](CC(=O)NCc3ccc4OCOc4c3)CC[C@H]12'],,,,,
10434,BRD-K76688030,['54638778'],['OC[C@H]1O[C@@H](C=C[C@H]1NC(=O)Cc1cccnc1)CC(=O)Nc1ccccc1'],,,,,
10435,BRD-K76688397,['54638528'],['OC[C@H]1O[C@@H](CCNC(=O)Cc2ccccn2)CC[C@@H]1NC(=O)Nc1ccc(Cl)cc1'],,,,,
10436,BRD-K76688996,['54638390'],['COc1ccccc1S(=O)(=O)N[C@@H]1CC[C@@H](CCNC(=O)C2CCOCC2)O[C@@H]1CO'],,,,,
10437,BRD-K76691125,['44496299'],['C[C@H](CO)N1C[C@@H](C)[C@H](CN(C)S(=O)(=O)c2ccc(Cl)cc2)Oc3c(NC(=O)Nc4ccc(F)cc4)cccc3C1=O'],,,,,
10438,BRD-K76703685,['44505597'],['C[C@H](CO)N1C[C@@H](C)[C@H](CN(C)C(=O)NC2CCCCC2)OCc3cn(CCCC1=O)nn3'],,,,,
10439,BRD-K76710817,['54621324'],['CNC[C@@H]1Oc2cc(ccc2S(=O)(=O)N(C[C@H]1C)[C@H](C)CO)c3ccccc3OC'],,,,,
10440,BRD-K76712687,['44503602'],['C[C@H](CO)N1C[C@H](C)[C@@H](CN(C)Cc2ccc(Oc3ccccc3)cc2)Oc4ccc(NC(=O)CCCN(C)C)cc4C1=O'],,,,,
10441,BRD-K76729250,['54657868'],['O[C@H]1COC[C@H]2O[C@@H](CC(=O)N3CCOCC3)CC[C@@H]2N(C1)C(=O)Nc1cc(Cl)cc(Cl)c1'],,,,,
10442,BRD-K76749891,['54637825'],['COc1cccc(c1)S(=O)(=O)N(C)C[C@H]2OCc3ccccc3-c4c(C(=O)N(C[C@H]2C)[C@@H](C)CO)n(C)c5ccccc45'],,,,,
10443,BRD-K76758536,['54615958'],['C[C@@H](CO)N1C[C@H](C)[C@@H](CN(C)S(=O)(=O)c2ccc(C)cc2)OCCCC[C@@H](C)Oc3ccc(NC(=O)Nc4ccccc4)cc3C1=O'],,,,,
10444,BRD-K76764002,['54666662'],['OC[C@@H]1[C@@H]([C@H]2CN(CCCCN12)C(=O)NC1CCCC1)c1ccc(cc1)-c1cccnc1'],,,,,
10445,BRD-K76765843,['54654559'],['COC(=O)C[C@@H]1CC[C@H]2[C@@H](COc3ccc(NC(=O)Cc4cccs4)cc3C(=O)N2C)O1'],,,,,
10446,BRD-K76772814,['49835927'],['CNC1=NC(=O)\\C(S1)=C/c1cc(C)n(c1C)-c1ccccc1F'],,,,,
10447,BRD-K76779710,['54652609'],['OC[C@@H]1[C@@H]2[C@@H](CN(C(=O)Nc3ccccc3F)c3ccccc23)N1C(=O)Cc1cccnc1'],,,,,
10448,BRD-K76784707,['54649336'],['CN(C)C(=O)c1cccc(c1)-c1cccc(c1)-c1nc(cc2CN([C@@H](CCO)c12)[S@@](=O)C(C)(C)C)C(=O)NC1CCCCC1'],,,,,
10449,BRD-K76786157,['54652638'],['OC[C@@H]1[C@@H]2[C@@H](CN(C(=O)c3cccc(F)c3)c3ccccc23)N1C(=O)C1CCOCC1'],,,,,
10450,BRD-K76811126,['60185070'],['COc1ccc2c3c([C@@H](CO)N(Cc4cccc(Cl)c4)C[C@]33CCN(CC3)C(=O)C3CC3)n(C)c2c1'],,,,,
10451,BRD-K76812993,['44489466'],['C[C@@H](CO)N1C[C@@H](C)[C@H](CN(C)C)Oc2ccc(NC(=O)Nc3ccccc3)cc2C1=O'],,,,,
10452,BRD-K76820571,['54650207'],['CCc1cnc(s1)N1[C@@H](CO)[C@H]([C@@H]1C#N)c1ccc(cc1)-c1cccc(F)c1'],,,,,
10453,BRD-K76825413,['44496828'],['COc1ccccc1NC(=O)N(C)C[C@H]2OCc3cn(CCCC(=O)N(C[C@H]2C)[C@H](C)CO)nn3'],,,,,
10454,BRD-K76836103,['60190970'],['CCCNC(=O)N1C[C@H]2[C@H]([C@@H](CO)N2C(=O)C1)c1ccc(cc1)C#Cc1cccc(OC)c1'],,,,,
10455,BRD-K76846644,['56643204'],['CCOC(=O)C[C@H](NC(=O)[C@@H]1CCCN1C(=O)[C@@H](NC(=O)c1ccc(N)c(Cl)c1)C(C)(C)C)C#N'],,,,,
10456,BRD-K76850979,['54615079'],['COc1ccc(NC(=O)Nc2ccc3O[C@H](C)CCCCO[C@@H](CN(C)CC4CC4)[C@H](C)CN([C@@H](C)CO)C(=O)c3c2)cc1'],,,,,
10457,BRD-K76856691,['54650182'],['CCCNC(=O)N1[C@H](CO)[C@@H]([C@@H]1C#N)c1ccc(cc1)C1=CCCCC1'],,,,,
10458,BRD-K76859558,['54615010'],['COc1ccc(cc1)S(=O)(=O)Nc2ccc3O[C@H](C)CCCCO[C@H](CN(C)C)[C@H](C)CN([C@@H](C)CO)C(=O)c3c2'],,,,,
10459,BRD-K76876037,['54638513'],['CC(C)NC(=O)N[C@@H]1C=C[C@H](CC(=O)NC2Cc3ccccc3C2)O[C@H]1CO'],,,,,
10460,BRD-K76880231,['54665006'],['COc1ccc(cc1)C#Cc1ccc2N[C@H](CO)[C@@H]3CCN([C@@H]3c2c1)C(=O)C1CCOCC1'],,,,,
10461,BRD-K76882503,['54646607'],['COCCNC(=O)C[C@@H]1C[C@H]2[C@H](Oc3ccc(NS(=O)(=O)c4ccccc4)cc23)[C@H](CO)O1'],,,,,
10462,BRD-K76882924,['44486917'],['C[C@@H](CO)N1C[C@H](C)[C@H](CN(C)CC2CC2)Oc3ccc(NC(=O)Nc4ccc(F)cc4)cc3CC1=O'],,,,,
10463,BRD-K76885481,['54654089'],['CN1[C@H]2CC[C@H](CC(=O)N3CCCCC3)O[C@@H]2COc2ccc(NC(=O)c3cccs3)cc2C1=O'],,,,,
10464,BRD-K76896049,['54639065'],['OC[C@@H]1O[C@@H](CC(=O)NCc2ccc(Oc3ccccc3)cc2)C=C[C@H]1NC(=O)c1ccccc1'],,,,,
10465,BRD-K76896099,['54651226'],['CCN(C[C@@H]1N[C@H](CO)[C@H]1c1ccccc1)C(=O)c1ccncc1'],,,,,
10466,BRD-K76896292,['5584298'],['Cc1ccc(NC(=O)CN2C(=O)N/C(=C\\c3ccco3)/C2=O)cc1'],,,,,
10467,BRD-K76904146,['54645958'],['COCC(=O)Nc1ccc2O[C@@H]3[C@@H](C[C@@H](CC(=O)N4CCOCC4)O[C@H]3CO)c2c1'],,,,,
10468,BRD-K76909981,['60191975'],['OC[C@@H]1[C@@H](c2ccccc2)C2(CN(Cc3nccs3)C2)N1CCC(F)(F)F'],,,,,
10469,BRD-K76915833,['60190999'],['CCCNC(=O)N1C[C@@H]2[C@@H]([C@H](CO)N2C(=O)C1)c1ccc(cc1)C#Cc1cccc(OC)c1'],,,,,
10470,BRD-K76925500,['44484201'],['C[C@@H](CO)N1C[C@H](C)[C@H](CN(C)C(=O)NC2CCCCC2)Oc3ccc(cc3C1=O)N(C)C'],,,,,
10471,BRD-K76926998,['44634603'],['COc1cc(/C=C/C=N/NC(=O)CCCCCC(=O)Nc2ccccc2O)ccc1O'],,,,,
10472,BRD-K76933066,['44142045'],['COc1cccc(c1)c2ccc3ncnc(NCc4cccc(C)c4)c3c2'],,,,,
10473,BRD-K76935234,['53338843'],['Fc1ccc(cc1)C(=O)OCC#CCSc1nnc(o1)-c1c[nH]c2ccccc12'],,,,,
10474,BRD-K76938712,['44506577'],['C[C@@H](CO)N1C[C@@H](C)[C@H](CN(C)Cc2ccc(cc2)C(=O)Nc3ccccc3N)Oc4c(NC(=O)c5ccc(cc5)c6nccs6)cccc4C1=O'],,,,,
10475,BRD-K76941385,['53487027'],['COc1cc2[C@H]3C[C@@H](O)[C@H](CC(C)C)CN3CCc2cc1O'],,,,,
10476,BRD-K76950673,['60191196'],['OC[C@H]1[C@@H]([C@@H]2CN(CC(=O)N12)C(=O)c1cnccn1)c1ccc(\\C=C\\c2ccccc2)cc1'],,,,,
10477,BRD-K76951091,['53338839'],['CC(C)COc1ccc(cc1)-c1csc(n1)N1CCC(CC1)C(N)=O'],,,,,
10478,BRD-K76951133,['60185278'],['C(N1C[C@H]2N[C@@H](C1)[C@H]2c1ccc(cc1)-c1ccccc1)c1cccnc1'],,,,,
10479,BRD-K76959261,['44493785'],['C[C@H](CO)N1C[C@H](C)[C@H](CN(C)Cc2ccc(cc2)C(=O)O)Oc3ccc(NC(=O)Cc4ccccc4)cc3C1=O'],,,,,
10480,BRD-K76964118,['44489269'],['C[C@H](CO)N1C[C@H](C)[C@@H](CN(C)C(=O)Nc2ccc(cc2)N3CCCCC3)OCc4cn(CCCC1=O)nn4'],,,,,
10481,BRD-K76970388,['54619466'],['CNC[C@H]1Oc2cc(ccc2S(=O)(=O)N(C[C@H]1C)[C@@H](C)CO)c3ccccc3F'],,,,,
10482,BRD-K76987587,['60191660'],['OC[C@H]1[C@@H](c2ccccc2)C2(CN(C2)C(=O)C2CCC2)N1C(=O)NC1CCCC1'],,,,,
10483,BRD-K76988892,['54646031'],['CS(=O)(=O)Nc1ccc2O[C@@H]3[C@@H](C[C@@H](CC(=O)NCc4cc(F)ccc4F)O[C@H]3CO)c2c1'],,,,,
10484,BRD-K76991985,['54661083'],['OC[C@H]1[C@@H]2Cn3c(ccc(-c4ccc(F)cc4)c3=O)[C@@H]2N(Cc2ccccn2)[C@@H]1C(=O)NC1CCC1'],,,,,
10485,BRD-K76999748,['44489837'],['C[C@@H](CO)N1C[C@H](C)[C@H](CN(C)C(=O)CCC(F)(F)F)OCCCC[C@H](C)Oc2ccc(NS(=O)(=O)c3ccccc3)cc2C1=O'],,,,,
10486,BRD-K77006185,['44485797'],['C[C@H](CO)N1C[C@@H](C)[C@@H](CN(C)C(=O)Nc2ccccc2)OCCCC[C@@H](C)Oc3ccc(NC(=O)Nc4ccccc4)cc3C1=O'],,,,,
10487,BRD-K77007746,['60191312'],['CC(C)CC#Cc1ccc(cc1)[C@H]1[C@H](CO)N2[C@@H]1CN(CC2=O)C(=O)Nc1cc(F)ccc1F'],,,,,
10488,BRD-K77014406,['946943'],['COc1cccc(c1)c2nc(OC(C)C)c3ccccc3n2'],,,,,
10489,BRD-K77032321,['25243782'],['Fc1cccc(F)c1S(=O)(=O)NCCCCCNS(=O)(=O)c2ccc3OCCOc3c2'],,,,,
10490,BRD-K77051246,['54631159'],['C[C@H](CO)N1C[C@@H](C)[C@H](CN(C)C(=O)C2CCCCC2)Oc3ncc(C#CC4CCCCC4)cc3C1=O'],,,,,
10491,BRD-K77053153,['54639118'],['Cc1ccc(cc1)S(=O)(=O)N[C@H]1CC[C@@H](CCNC(=O)c2ccccc2F)O[C@H]1CO'],,,,,
10492,BRD-K77070775,['54638243'],['OC[C@H]1O[C@@H](CCNC(=O)c2ccc3OCOc3c2)CC[C@@H]1NS(=O)(=O)c1ccc(Cl)cc1'],,,,,
10493,BRD-K77093925,['54646314'],['COc1cccc(c1)S(=O)(=O)Nc2ccc3O[C@@H]4[C@@H](C[C@H](CC(=O)NCc5ccccc5F)O[C@@H]4CO)c3c2'],,,,,
10494,BRD-K77100270,['54645873'],['OC[C@@H]1O[C@@H](CC(=O)N2CCc3ccccc3C2)C[C@@H]4[C@H]1Oc5ccc(NC(=O)c6ccc7OCOc7c6)cc45'],,,,,
10495,BRD-K77106209,['54646007'],['CN(C)C(=O)C[C@@H]1C[C@H]2[C@H](Oc3ccc(NC(=O)c4cccnc4)cc23)[C@H](CO)O1'],,,,,
10496,BRD-K77144444,['60185249'],['COc1cccc(c1)-c1ccc(cc1)[C@@H]1[C@H]2CN(C[C@@H]1N2)C(=O)Nc1ccccc1F'],,,,,
10497,BRD-K77144489,['44503006'],['COc1ccc(NC(=O)Nc2ccc3O[C@H](CN(C)Cc4ccc(cc4)C(F)(F)F)[C@H](C)CN([C@H](C)CO)C(=O)Cc3c2)cc1'],,,,,
10498,BRD-K77162730,['54638481'],['C[C@@H](NC(=O)C[C@H]1CC[C@@H](NS(=O)(=O)c2cccc(F)c2)[C@@H](CO)O1)c1ccccc1'],,,,,
10499,BRD-K77165899,['54664955'],['COc1ccccc1NC(=O)N1CC[C@@H]2[C@H]1c1cc(ccc1N(C)[C@@H]2CO)C#Cc1cccc(F)c1'],,,,,
10500,BRD-K77182083,['54638895'],['C[C@@H](NC(=O)C[C@H]1CC[C@@H](NC(=O)c2cccnc2)[C@@H](CO)O1)c1ccccc1'],,,,,
10501,BRD-K77191339,['71759789'],['CC(C)NC[C@@H]1[C@H]([C@@H](CO)N1C(=O)CC1CC1)c1ccc(cc1)C1=CCCCC1'],,,,,
10502,BRD-K77221189,['54638901'],['C[C@H](NC(=O)C[C@H]1CC[C@@H](NC(=O)c2cccnc2)[C@H](CO)O1)c1ccccc1'],,,,,
10503,BRD-K77221801,['54613910'],['C[C@H](CO)N1C[C@H](C)[C@@H](CN(C)Cc2ccc(cc2)C(F)(F)F)Oc3ccc(NC(=O)Cn4cnnn4)cc3C1=O'],,,,,
10504,BRD-K77229048,['44498543'],['C[C@H](CO)N1C[C@@H](C)[C@H](CN(C)C(=O)Cc2ccccc2)OCc3cnnn3CCCC1=O'],,,,,
10505,BRD-K77229182,['54650091'],['CC(C)NC(=O)N1[C@H](CO)[C@@H]([C@@H]1C#N)c1ccc(cc1)-c1ccc(F)cc1'],,,,,
10506,BRD-K77233343,['54649908'],['CCc1cnc(s1)N1[C@H](CO)[C@H]([C@H]1C#N)c1ccc(cc1)C#CC(C)C'],,,,,
10507,BRD-K77239206,['44142117'],['FC(F)(F)c1ccc(Cl)c(NC(=O)Cn2cc(CNC(=O)C3CCCCC3)nn2)c1'],,,,,
10508,BRD-K77264230,['54618340'],['CCCC#Cc1ccc2c(O[C@H](CN(C)CC3CCOCC3)[C@H](C)CN([C@@H](C)CO)S2(=O)=O)c1'],,,,,
10509,BRD-K77264557,['44487168'],['C[C@@H](CO)N1C[C@H](C)[C@@H](CN(C)Cc2ccncc2)Oc3ccc(NC(=O)Nc4cccc5ccccc45)cc3C1=O'],,,,,
10510,BRD-K77273736,['54638773'],['COC(=O)C[C@H]1O[C@@H](CO)[C@@H](NC(=O)Nc2ccc(cc2)C(F)(F)F)C=C1'],,,,,
10511,BRD-K77282409,['54618622'],['COc1ccccc1C#Cc2cnc3O[C@@H](CN(C)C(=O)c4ccc5OCOc5c4)[C@@H](C)CN([C@H](C)CO)C(=O)c3c2'],,,,,
10512,BRD-K77287734,['54657551'],['COC(=O)C[C@H]1CC[C@@H]2[C@H](COC[C@@H](O)CN2S(=O)(=O)c2cn(C)cn2)O1'],,,,,
10513,BRD-K77295570,['60184898'],['CCS(=O)(=O)N1C[C@@]2(C1)CN([C@@H](CO)c1[nH]c3cc(OC)ccc3c21)C(=O)Cc1ccccn1'],,,,,
10514,BRD-K77301526,['54666457'],['OC[C@@H]1[C@@H]([C@@H]2CN(Cc3ccccc3F)CCCCN12)c1ccc(cc1)-c1cccc(c1)C#N'],,,,,
10515,BRD-K77304272,['54618425'],['COc1cccc(c1)S(=O)(=O)N(C)C[C@@H]2Oc3cc(ccc3S(=O)(=O)N(C[C@@H]2C)[C@@H](C)CO)C4=CCCCC4'],,,,,
10516,BRD-K77314783,['54638572'],['COc1cccc(c1)S(=O)(=O)N[C@H]1CC[C@H](CCN)O[C@H]1CO'],,,,,
10517,BRD-K77316712,['54649296'],['CO[C@H](CN(C)S(=O)(=O)c1ccc(F)cc1)[C@@H](C)CN([C@H](C)CO)C(=O)Nc1ccccc1F'],,,,,
10518,BRD-K77318689,['54661057'],['COc1cccc(CNC(=O)[C@@H]2[C@@H](CO)[C@@H]3Cn4c(cccc4=O)[C@H]2N3C(=O)C2CCCCC2)c1'],,,,,
10519,BRD-K77320816,['54666621'],['COc1ccc(cc1)S(=O)(=O)N1CCCCN2[C@H](CO)[C@@H]([C@H]2C1)c1ccc(cc1)\\C=C\\C'],,,,,
10520,BRD-K77323800,['44505133'],['COc1ccccc1S(=O)(=O)N(C)C[C@@H]2OCc3cnnn3CCCC(=O)N(C[C@@H]2C)[C@H](C)CO'],,,,,
10521,BRD-K77326001,['49843262'],['C[C@@H](CO)N1C[C@@H](C)[C@H](CN(C)C(=O)CCC(F)(F)F)OCCCC[C@H](C)Oc2ccc(NS(=O)(=O)c3ccc(Cl)cc3)cc2C1=O'],,,,,
10522,BRD-K77328005,['54649557'],['CO[C@@H]1CC[C@@H]2CCOc3c(cccc3C(=O)N(C)CCCC(=O)N(C)C[C@@H]1O2)C#N'],,,,,
10523,BRD-K77349332,['60191232'],['CCCC#Cc1ccc(cc1)[C@@H]1[C@@H](CO)N2[C@H]1CN(CC2=O)C(=O)Nc1cccc(F)c1'],,,,,
10524,BRD-K77381468,['54637872'],['C[C@H](CO)N1C[C@@H](C)[C@@H](CN(C)C(=O)Nc2c(C)noc2C)OCc3ccccc3-c4ccccc4C1=O'],,,,,
10525,BRD-K77402297,['54632112'],['CO[C@H]1CN(C)C(=O)c2cc(NC(=O)c3ccc4OCOc4c3)ccc2OC[C@@H](C)N(CC2CC2)C[C@H]1C'],,,,,
10526,BRD-K77403604,['60184933'],['FC(F)(F)c1cccc(CN2[C@H]3CNC[C@@H]2[C@H]3c2ccc(cc2)-c2cccnc2)c1'],,,,,
10527,BRD-K77411261,['54654525'],['COC(=O)C[C@H]1CC[C@@H]2[C@@H](COc3ccc(NC(=O)c4ccccc4F)cc3C(=O)N2C)O1'],,,,,
10528,BRD-K77422873,['54618591'],['C[C@H](O)C#Cc1cnc2O[C@@H](CN(C)C(=O)Cc3ccncc3)[C@@H](C)CN([C@@H](C)CO)C(=O)c2c1'],,,,,
10529,BRD-K77425389,['54645934'],['OC[C@H]1O[C@H](CC(=O)NCc2cc(F)ccc2F)C[C@@H]3[C@H]1Oc4ccc(NC(=O)c5cccnc5)cc34'],,,,,
10530,BRD-K77429897,['54639108'],['OC[C@@H]1O[C@@H](CC(O)=O)CC[C@@H]1NC(=O)c1ccncc1'],,,,,
10531,BRD-K77432048,['704129'],['COc1ccc(Nc2nc(N)nc(CN3CCCCC3)n2)cc1'],,,,,
10532,BRD-K77433548,['60187467'],['COc1ccc2c3c([nH]c2c1)[C@H](CO)N(Cc1nccs1)C[C@]31CN(Cc2ccncc2)C1'],,,,,
10533,BRD-K77434972,['56835430'],['CO[C@H](C(=O)N(C)C[C@@H]1OCc2ccccc2-c3ccccc3C(=O)N(C[C@@H]1C)[C@@H](C)CO)c4ccccc4'],,,,,
10534,BRD-K77444669,['60191271'],['OC[C@@H]1[C@H]([C@H]2CN(CC(=O)N12)C(=O)Cc1cccnc1)c1ccc(cc1)C1=CCCCC1'],,,,,
10535,BRD-K77456132,['60192119'],['CCC(=O)N1CC2(C1)[C@@H]([C@@H](CO)N2S(C)(=O)=O)c1ccc(cc1)-c1cccc(C)c1'],,,,,
10536,BRD-K77480336,['1191868'],['COc1ccc(/N=c/2\\cc(oc3ccc(O)cc23)c4ccc(OC)cc4)cc1'],,,,,
10537,BRD-K77502932,['60185189'],['COc1ccc2c3c([C@H](CO)N(C[C@]33CN(C3)C(=O)c3ccccn3)S(=O)(=O)c3ccc(C)cc3)n(C)c2c1'],,,,,
10538,BRD-K77508012,['610065'],['Cc1nn(C)c(C)c1Nc2nc(N)n[nH]2'],,,,,
10539,BRD-K77517292,['44486957'],['C[C@@H](CO)N1C[C@H](C)[C@@H](CN(C)C(=O)c2ccccc2)OCc3cn(CCCC1=O)nn3'],,,,,
10540,BRD-K77525326,['54664915'],['COc1ccc(cc1)S(=O)(=O)N1CC[C@@H]2[C@H]1c1cc(ccc1N[C@@H]2CO)C#Cc1cccc(OC)c1'],,,,,
10541,BRD-K77537540,['60184826'],['Cc1ccccc1S(=O)(=O)N1[C@H]2CNC[C@@H]1[C@@H]2c1ccc(cc1)-c1cccnc1'],,,,,
10542,BRD-K77547509,['45100448'],['FC(F)(F)c1cccc(c1)N1CCN(CC1)c1cc(=O)n(C2CCCCC2)c(=O)[nH]1'],,,,,
10543,BRD-K77547920,['31055126'],['Cn1nnnc1Sc2ncnc3scc(c4ccc(Br)cc4)c23'],,,,,
10544,BRD-K77564294,['54638950'],['OC[C@@H]1O[C@H](CCn2cc(nn2)-c2ccccc2)CC[C@@H]1NC(=O)Cc1ccccn1'],,,,,
10545,BRD-K77579348,['56835482'],['C[C@H](CO)N1C[C@@H](C)[C@H](CN(C)C(=O)N[C@@H](C)c2ccccc2)OCc3ccccc3-c4ccccc4C1=O'],,,,,
10546,BRD-K77596469,['54649368'],['CC(C)(C)[S@](=O)N1Cc2cc(nc(c2[C@@H]1CCO)-c1cccc(c1)-c1cccnc1)C(=O)NCc1ccc2OCOc2c1'],,,,,
10547,BRD-K77608452,['54666417'],['OC[C@@H]1[C@@H]([C@H]2CN(CC3CCOCC3)CCCCN12)c1ccc(cc1)C#Cc1ccccc1F'],,,,,
10548,BRD-K77608736,['54637757'],['C[C@H](CO)N1C[C@H](C)[C@H](CN(C)C(=O)Nc2ccccc2C(F)(F)F)OCc3ccccc3-c4ccccc4C1=O'],,,,,
10549,BRD-K77621546,['54646387'],['COC(=O)C[C@@H]1C[C@H]2[C@H](Oc3ccc(NS(=O)(=O)C)cc23)[C@@H](CO)O1'],,,,,
10550,BRD-K77629773,['54632190'],['CO[C@@H]1CN(C)C(=O)c2cc(NC(=O)Nc3cccc(F)c3)ccc2OC[C@H](C)N(C[C@H]1C)C(=O)Nc1c(C)noc1C'],,,,,
10551,BRD-K77631079,['54646172'],['OC[C@H]1O[C@H](CC(=O)O)C[C@@H]2[C@H]1Oc3ccc(NS(=O)(=O)c4ccc(F)cc4)cc23'],,,,,
10552,BRD-K77634909,['698112'],['NS(=O)(=O)c1nn2cc(nc2s1)-c1ccccc1'],,,,,
10553,BRD-K77640397,['54654482'],['CN1[C@@H]2CC[C@H](CC(O)=O)O[C@@H]2COc2ccc(NC(=O)Nc3ccccc3)cc2C1=O'],,,,,
10554,BRD-K77644833,['44491589'],['C[C@H](CO)N1C[C@H](C)[C@@H](CN(C)Cc2ccc(cc2)C(F)(F)F)Oc3ccc(NC(=O)Nc4c(C)noc4C)cc3C1=O'],,,,,
10555,BRD-K77644960,['54618558'],['C[C@@H](CO)N1C[C@H](C)[C@@H](CN(C)CC2CCOCC2)Oc3cc(ccc3S1(=O)=O)c4cccnc4'],,,,,
10556,BRD-K77658626,['44487363'],['CNC[C@@H]1Oc2c(NS(=O)(=O)c3ccc(OC)cc3)cccc2C(=O)N(C[C@@H]1C)[C@@H](C)CO'],,,,,
10557,BRD-K77660367,['54638894'],['C[C@@H](NC(=O)C[C@@H]1CC[C@@H](NC(=O)c2cccnc2)[C@@H](CO)O1)c1ccccc1'],,,,,
10558,BRD-K77663706,['60190019'],['OC[C@@H]1[C@H](c2ccccc2)C2(CN(C2)S(=O)(=O)c2ccccc2)N1CC1CCCC1'],,,,,
10559,BRD-K77681376,['45100431'],['[O-][N+](=O)c1cccc2[nH]c(CNc3nc(nc4n(cnc34)-c3ccsc3)N3CCOCC3)nc12'],,,,,
10560,BRD-K77687238,['60184965'],['COc1cccc(CN2C[C@@]3(C2)CN([C@H](CO)c2[nH]c4cc(OC)ccc4c32)S(C)(=O)=O)c1'],,,,,
10561,BRD-K77690805,['56643198'],['Cc1ccc(NS(=O)(=O)c2ccc3NC(=O)CCc3c2)cc1C'],,,,,
10562,BRD-K77700305,['54631418'],['CO[C@@H]1CN(C)C(=O)c2cc(NC(=O)c3cccc(OC)c3)ccc2OC[C@H](C)NC[C@@H]1C'],,,,,
10563,BRD-K77705921,['44487562'],['CC(C)NC(=O)Nc1ccc2O[C@H](C)CCCCO[C@@H](CN(C)C(=O)c3ccncc3)[C@H](C)CN([C@@H](C)CO)C(=O)c2c1'],,,,,
10564,BRD-K77709215,['54639023'],['CN1CCN(CC1)C(=O)C[C@H]1CC[C@@H](NC(=O)c2ccc3OCOc3c2)[C@H](CO)O1'],,,,,
10565,BRD-K77719922,['54631974'],['CO[C@H]1CN(C)C(=O)c2ccc(cc2OC[C@@H](C)NC[C@H]1C)NS(=O)(=O)c1cccc(Cl)c1'],,,,,
10566,BRD-K77726270,['54632185'],['CCS(=O)(=O)Nc1ccc2OC[C@H](C)N(Cc3ccccn3)C[C@H](C)[C@H](CN(C)C(=O)c2c1)OC'],,,,,
10567,BRD-K77729938,['54653996'],['CCS(=O)(=O)Nc1ccc2OC[C@H]3O[C@@H](CC(=O)N4CCN(C)CC4)CC[C@@H]3N(C)C(=O)c2c1'],,,,,
10568,BRD-K77741497,['54615101'],['C[C@H](CO)N1C[C@@H](C)[C@@H](CN(C)C(=O)c2ccncc2)OCCCC[C@H](C)Oc3ccc(NC(=O)c4ccccc4)cc3C1=O'],,,,,
10569,BRD-K77750380,['44620728'],['C[C@@H](CO)N1C[C@@H](C)[C@H](CN(C)C(=O)CCC(F)(F)F)OCCCC[C@@H](C)Oc2ccc(NS(=O)(=O)c3ccc(Cl)cc3)cc2C1=O'],,,,,
10570,BRD-K77758624,['60187473'],['COc1ccc2c3c([nH]c2c1)[C@@H](CO)N(Cc1ccccc1F)C[C@]31CCN(CC1)C(=O)C1CC1'],,,,,
10571,BRD-K77760488,['54625502'],['C[C@H](CO)N1C[C@H](C)[C@H](CN(C)CC2CC2)Oc3cc(ccc3S1(=O)=O)c4ccc(F)cc4'],,,,,
10572,BRD-K77762110,['25243786'],['Fc1cccc(F)c1S(=O)(=O)NCCCCNS(=O)(=O)c2ccc3OCCOc3c2'],,,,,
10573,BRD-K77774562,['54657520'],['O[C@@H]1COC[C@@H]2O[C@H](CC(=O)NCC3CCCCC3)CC[C@H]2N(CCC(F)(F)F)C1'],,,,,
10574,BRD-K77786391,['54657486'],['CN1CCN(CC1)C(=O)C[C@H]1CC[C@H]2[C@@H](COC[C@H](O)CN2CC2CCOCC2)O1'],,,,,
10575,BRD-K77789137,['44488519'],['C[C@H](CO)N1C[C@H](C)[C@@H](CN(C)Cc2ccc(cc2)C(=O)O)Oc3ccc(NC(=O)C4CC4)cc3C1=O'],,,,,
10576,BRD-K77790153,['60185137'],['N#Cc1ccc(cc1)-c1ccc(cc1)[C@H]1[C@H]2CN(Cc3cocn3)C[C@@H]1N2'],,,,,
10577,BRD-K77791851,['54637715'],['C[C@H](CO)N1C[C@@H](C)[C@@H](CN(C)Cc2cccc(c2)C(=O)O)OCc3ccccc3-c4ccccc4C1=O'],,,,,
10578,BRD-K77793090,['54631447'],['CCCN1C[C@@H](C)[C@H](CN(C)C(=O)c2ccc(NC(=O)Nc3cccc(OC)c3)cc2OC[C@@H]1C)OC'],,,,,
10579,BRD-K77800502,['54666608'],['CCS(=O)(=O)N1CCCCN2[C@H](CO)[C@@H]([C@H]2C1)c1ccc(cc1)-c1ccc(cc1)C(=O)N(C)C'],,,,,
10580,BRD-K77804886,['54654217'],['CCNC(=O)C[C@@H]1CC[C@H]2[C@H](COc3ccc(NC(C)=O)cc3C(=O)N2C)O1'],,,,,
10581,BRD-K77811363,['54649359'],['CN(C)C(=O)c1cc2CN([C@H](CCO)c2c(n1)-c1cccc(c1)-c1ccc(F)cc1)[S@](=O)C(C)(C)C'],,,,,
10582,BRD-K77827548,['54646606'],['COCCNC(=O)C[C@H]1C[C@@H]2[C@@H](Oc3ccc(NS(=O)(=O)c4ccccc4)cc23)[C@@H](CO)O1'],,,,,
10583,BRD-K77831863,['54638496'],['OC[C@H]1O[C@@H](CCNS(=O)(=O)Cc2ccccc2)CC[C@@H]1NS(=O)(=O)c1ccc(F)cc1'],,,,,
10584,BRD-K77835518,['54638660'],['COc1cccc(CNC(=O)C[C@H]2O[C@@H](CO)[C@H](NC(=O)C3CCC3)C=C2)c1'],,,,,
10585,BRD-K77845911,['44202483'],['C[C@H](CO)N1C[C@H](C)[C@@H](CN(C)C(=O)Nc2c(C)noc2C)Oc3ccc(NC(=O)Cc4ccccc4)cc3C1=O'],,,,,
10586,BRD-K77871059,['54651387'],['CCC(=O)N1[C@@H](CO)[C@H]([C@@H]1CN(C)C(=O)c1ccccc1F)c1ccccc1'],,,,,
10587,BRD-K77874118,['54666585'],['CC(C)(O)C#Cc1ccc(cc1)[C@@H]1[C@H](CO)N2CCCCN(C[C@H]12)S(C)(=O)=O'],,,,,
10588,BRD-K77877235,['60190198'],['CCS(=O)(=O)N1CC2(C1)[C@@H]([C@H](CO)N2Cc1ccc(F)cc1)c1ccccc1'],,,,,
10589,BRD-K77888550,['54632214'],['CO[C@H]1CN(C)C(=O)c2cc(NC(=O)Nc3cccc(OC)c3)ccc2OC[C@@H](C)N(CC2CC2)C[C@@H]1C'],,,,,
10590,BRD-K77888593,['60191600'],['OC[C@@H]1[C@@H](c2ccccc2)C2(CN(CCC(F)(F)F)C2)N1C(=O)C1CCC1'],,,,,
10591,BRD-K77908171,['54660907'],['CS(=O)(=O)N1[C@H]([C@H](CO)[C@H]2Cn3c(ccc(-c4ccc(F)cc4)c3=O)[C@@H]12)C(O)=O'],,,,,
10592,BRD-K77909743,['54657680'],['CN(C)CCCNC(=O)C[C@@H]1CC[C@@H]2[C@H](COC[C@H](O)CN2S(=O)(=O)c2ccc(Cl)cc2)O1'],,,,,
10593,BRD-K77918164,['54638957'],['C[C@@H](NC(=O)C[C@H]1O[C@@H](CO)[C@@H](NC(=O)Nc2ccc3OCOc3c2)C=C1)c1ccccc1'],,,,,
10594,BRD-K77922066,['44620546'],['C[C@@H](CO)N1C[C@@H](C)[C@@H](CN(C)Cc2ccc(cc2)C(F)(F)F)OCCCC[C@H](C)Oc3ccc(NS(=O)(=O)c4c(C)noc4C)cc3C1=O'],,,,,
10595,BRD-K77924862,['54618495'],['COc1ccc(C#Cc2ccc3c(O[C@H](CN(C)C(=O)CN4CCOCC4)[C@H](C)CN([C@@H](C)CO)S3(=O)=O)c2)cc1'],,,,,
10596,BRD-K77931347,['54638573'],['COc1cccc(c1)S(=O)(=O)N[C@@H]1CC[C@H](CCN)O[C@@H]1CO'],,,,,
10597,BRD-K77933659,['54646494'],['CN(C)CC(=O)Nc1ccc2O[C@H]3[C@H](C[C@@H](CC(=O)NC4CCCCC4)O[C@@H]3CO)c2c1'],,,,,
10598,BRD-K77939573,['44620313'],['COc1ccc(cc1)S(=O)(=O)N(C)C[C@H]2OCCCC[C@H](C)Oc3ccc(cc3C(=O)N(C[C@@H]2C)[C@H](C)CO)N(C)C'],,,,,
10599,BRD-K77943850,['54650052'],['CN(C)CC(=O)N1[C@H](CO)[C@@H]([C@H]1C#N)c1ccc(cc1)C#Cc1cccnc1'],,,,,
10600,BRD-K77953075,['54646077'],['CN1CCN(CC1)C(=O)C[C@H]2C[C@@H]3[C@@H](Oc4ccc(NS(=O)(=O)C)cc34)[C@H](CO)O2'],,,,,
10601,BRD-K77966217,['54631670'],['CO[C@@H]1CN(C)C(=O)c2cc(NC(=O)C3CCOCC3)ccc2OC[C@@H](C)N(Cc2cccnc2)C[C@H]1C'],,,,,
10602,BRD-K77970970,['54638312'],['OC[C@@H]1O[C@H](CCNS(=O)(=O)c2ccccc2Cl)CC[C@H]1NC(=O)Cc1cccnc1'],,,,,
10603,BRD-K77983109,['44490239'],['CC(C)NC(=O)Nc1ccc2O[C@H](C)CCCCO[C@H](CN(C)C(=O)Cc3ccccc3)[C@@H](C)CN([C@H](C)CO)C(=O)c2c1'],,,,,
10604,BRD-K77984885,['54652708'],['CCCC(=O)N1C[C@@H]2[C@@H]([C@H](CO)N2Cc2cocn2)c2ccccc12'],,,,,
10605,BRD-K77987559,['54618489'],['CCCC#Cc1ccc2c(O[C@@H](CN(C)C(=O)Nc3ccccc3F)[C@H](C)CN([C@@H](C)CO)S2(=O)=O)c1'],,,,,
10606,BRD-K77987635,['44485164'],['C[C@H](CO)N1C[C@H](C)[C@@H](CN(C)CC2CC2)Oc3ccc(NC(=O)Nc4cccc5ccccc45)cc3CC1=O'],,,,,
10607,BRD-K77995433,['44494067'],['C[C@@H](CO)N1C[C@H](C)[C@H](CN(C)S(=O)(=O)c2ccccc2)Oc3ccc(cc3CC1=O)N(C)C'],,,,,
10608,BRD-K78013650,['44497470'],['C[C@H](CO)N1C[C@H](C)[C@H](CN(C)Cc2ccccc2)Oc3c(NC(=O)c4nc5ccccc5s4)cccc3C1=O'],,,,,
10609,BRD-K78014537,['60190368'],['COc1ccc2c3c([C@@H](CO)NC[C@]33CN(Cc4cc(F)ccc4F)C3)n(C)c2c1'],,,,,
10610,BRD-K78018080,['60185214'],['CCCC(=O)N1C[C@@]2(C1)CN([C@H](CO)c1[nH]c3cc(OC)ccc3c21)C(=O)c1ccc(F)cc1'],,,,,
10611,BRD-K78023266,['54657890'],['O[C@H]1COC[C@@H]2O[C@H](CC(=O)NCc3ccncn3)CC[C@H]2N(C1)C(=O)Nc1ccccc1'],,,,,
10612,BRD-K78025571,['44488942'],['C[C@H](CO)N1C[C@@H](C)[C@H](CN(C)C(=O)Nc2ccc(F)cc2)Oc3ccc(NS(=O)(=O)c4ccccc4)cc3C1=O'],,,,,
10613,BRD-K78032863,['60184902'],['COc1ccc2c3c([C@H](CO)N(C[C@]33CCN(Cc4nccs4)CC3)C(=O)NC(C)C)n(C)c2c1'],,,,,
10614,BRD-K78056905,['1400246'],['Cc1cccc(c1)c2nnc(SCC(=O)c3ccc(O)c(O)c3)n2CC=C'],,,,,
10615,BRD-K78062244,['6545175'],['COC(=O)[C@@H]1Cc2c([nH]c3ccccc23)C(C)(C)N1C(=O)CCl'],,,,,
10616,BRD-K78075916,['74981'],['NCCCN1c2ccccc2Sc2ccc(Cl)cc12'],,,,,
10617,BRD-K78088483,['60190951'],['COc1ccccc1NC(=O)N1C[C@H]2[C@@H]([C@@H](CO)N2C(=O)C1)c1ccc(cc1)C#CC(C)C'],,,,,
10618,BRD-K78094112,['54649960'],['CCCNC(=O)N1[C@@H](CO)[C@@H]([C@H]1C#N)c1ccc(cc1)-c1ccccc1F'],,,,,
10619,BRD-K78097639,['54649379'],['CC(C)(C)[S@@](=O)N1Cc2cc(nc(c2[C@H]1CCO)-c1cccc(c1)-c1cccnc1)C(=O)NCCc1ccncc1'],,,,,
10620,BRD-K78099132,['44491477'],['CC(C)NC(=O)Nc1ccc2O[C@@H](C)CCCCO[C@H](CN(C)C)[C@H](C)CN([C@H](C)CO)C(=O)c2c1'],,,,,
10621,BRD-K78105568,['60184885'],['COc1ccc(CN2C[C@]3(CN(C3)C(=O)c3ccccc3)c3c([nH]c4cc(OC)ccc34)[C@H]2CO)cc1'],,,,,
10622,BRD-K78121324,['54660691'],['OC[C@H]1[C@@H]2Cn3c(ccc(-c4cncnc4)c3=O)[C@@H]2N([C@@H]1C(O)=O)C(=O)C1CCCCC1'],,,,,
10623,BRD-K78122632,['54637846'],['COc1cccc(c1)S(=O)(=O)N(C)C[C@H]2OCc3ccccc3-c4ccccc4C(=O)N(C[C@@H]2C)[C@@H](C)CO'],,,,,
10624,BRD-K78124775,['60190076'],['CCS(=O)(=O)N1C[C@@]2(C1)CN([C@@H](CO)c1[nH]c3cc(OC)ccc3c21)S(=O)(=O)c1cn(C)cn1'],,,,,
10625,BRD-K78128989,['54654033'],['CN(C)C(=O)C[C@H]1CC[C@@H]2[C@H](COc3ccc(NC(=O)NCc4ccccc4)cc3C(=O)N2C)O1'],,,,,
10626,BRD-K78130859,['60185141'],['COc1ccc2c3c([C@H](CO)N(CC4CCCC4)C[C@]33CN(C3)C(=O)Nc3ccccc3)n(C)c2c1'],,,,,
10627,BRD-K78132017,['60185151'],['COc1ccccc1-c1ccc(cc1)[C@H]1[C@@H]2CNC[C@H]1N2Cc1ccc(F)cc1'],,,,,
10628,BRD-K78133682,['54649454'],['COc1cccc(c1)-c1cccc(c1)-c1nc(cc2CN([C@@H](CCO)c12)[S@@](=O)C(C)(C)C)C(=O)NCC(F)(F)F'],,,,,
10629,BRD-K78160105,['54664974'],['COc1ccccc1CN1CC[C@H]2[C@@H]1c1cc(ccc1N[C@@H]2CO)C#Cc1ccccc1'],,,,,
10630,BRD-K78160230,['54664842'],['OC[C@@H]1Nc2ccc(cc2[C@@H]2[C@H]1CCN2C(=O)c1ccc2OCOc2c1)-c1ccc(cc1)C#N'],,,,,
10631,BRD-K78167523,['46930975'],['C[n+]1cc(n2ccccc12)C(O)(c1ccccc1)c1ccccc1'],,,,,
10632,BRD-K78173425,['44498549'],['COc1cccc(NC(=O)N(C)C[C@@H]2OCc3cn(CCCC(=O)N(C[C@@H]2C)[C@@H](C)CO)nn3)c1'],,,,,
10633,BRD-K78189262,['3235537'],['Cc1cccc(CNc2ncnc3ccc(cc23)c4cccnc4)c1'],,,,,
10634,BRD-K78197930,['60185173'],['FC(F)(F)c1ccc(NC(=O)N2C[C@H]3N[C@@H](C2)[C@H]3c2ccc(cc2)-c2cccnc2)cc1'],,,,,
10635,BRD-K78206606,['44460134'],['Fc1ccc(cc1)C(=O)OCC#CCSc1nnc(o1)-c1ccccc1F'],,,,,
10636,BRD-K78207246,['54664942'],['OC[C@H]1Nc2ccc(cc2[C@H]2[C@@H]1CCN2S(=O)(=O)c1ccccc1F)-c1ccccc1F'],,,,,
10637,BRD-K78217164,['54665051'],['CN1[C@H](CO)[C@H]2CCN([C@H]2c2cc(ccc12)-c1ccccc1F)S(=O)(=O)c1cccc(C)c1'],,,,,
10638,BRD-K78223772,['44197159'],['Cc1ccc(C)n1-c1cccc(c1)-c1nn[nH]n1'],,,,,
10639,BRD-K78226445,['54631884'],['CO[C@H]1CN(C)C(=O)c2cc(NS(=O)(=O)c3cccc(F)c3)ccc2OC[C@H](C)NC[C@@H]1C'],,,,,
10640,BRD-K78227082,['54638746'],['OC[C@H]1O[C@@H](CC(=O)NCc2cc(F)cc(F)c2)CC[C@@H]1NC(=O)Nc1ccc(cc1)C(F)(F)F'],,,,,
10641,BRD-K78228015,['56835529'],['C[C@@H](CO)N1C[C@@H](C)[C@H](CN(C)C(=O)[C@H](C)c2ccccc2)OCc3ccccc3-c4ccccc4C1=O'],,,,,
10642,BRD-K78229216,['54638300'],['CN1CCN(CC1)C(=O)C[C@@H]1CC[C@H](NC(=O)Nc2c(C)noc2C)[C@H](CO)O1'],,,,,
10643,BRD-K78235165,['60182852'],['OC[C@H]1N[C@H](CNC(=O)C2CCCCC2)[C@H]1c1ccc(cc1)-c1cncnc1'],,,,,
10644,BRD-K78246556,['54652502'],['OC[C@H]1[C@@H]2[C@@H](CNc3ccccc23)N1C(=O)Nc1ccc(F)cc1'],,,,,
10645,BRD-K78247419,['54661200'],['OC[C@H]1[C@@H]2Cn3c(ccc(\\C=C\\c4ccccc4)c3=O)[C@H]([C@@H]1C(=O)NCC1CC1)N2C(=O)C1CCC1'],,,,,
10646,BRD-K78268279,['71759014'],['COc1ccc2c3c([nH]c2c1)[C@H](CO)N(Cc1ccccc1OC)C[C@]31CN(C1)C(C)=O'],,,,,
10647,BRD-K78276903,['44492670'],['C[C@H](CO)N1C[C@H](C)[C@@H](CN(C)Cc2ccc3OCOc3c2)Oc4ccc(NC(=O)Cc5ccccc5)cc4C1=O'],,,,,
10648,BRD-K78300612,['54637768'],['C[C@H](CO)N1C[C@H](C)[C@H](CN(C)S(=O)(=O)c2cn(C)cn2)OCc3ccccc3-c4ccccc4C1=O'],,,,,
10649,BRD-K78310246,['54646576'],['CN(C)CC(=O)Nc1ccc2O[C@@H]3[C@@H](C[C@H](CC(=O)NCc4cc(F)ccc4F)O[C@H]3CO)c2c1'],,,,,
10650,BRD-K78316354,['54657582'],['O[C@H]1COC[C@H]2O[C@@H](CC(=O)N3CCOCC3)CC[C@@H]2N(Cc2cccc(c2)-c2ccncc2)C1'],,,,,
10651,BRD-K78327149,['60190219'],['COc1ccc2c3c([C@@H](CO)N(CC4CC4)C[C@]33CN(C3)C(=O)CC3CC3)n(C)c2c1'],,,,,
10652,BRD-K78343029,['54638293'],['C[C@H](NC(=O)C[C@@H]1O[C@H](CO)[C@@H](NC(=O)Cc2ccccn2)C=C1)c1ccccc1'],,,,,
10653,BRD-K78352220,['44488704'],['C[C@H](CO)N1C[C@H](C)[C@@H](CN(C)Cc2ccc(Cl)c(Cl)c2)OCc3cn(CCCC1=O)nn3'],,,,,
10654,BRD-K78380066,['54618637'],['C[C@H](CO)N1C[C@@H](C)[C@@H](CN(C)Cc2ccccc2C(=O)O)Oc3cc(ccc3S1(=O)=O)c4ccc(F)cc4'],,,,,
10655,BRD-K78385490,['56643206'],['Oc1cccc2cc(Nc3ccccc3)cnc12'],,,,,
10656,BRD-K78386932,['54649486'],['CO[C@H]1CC[C@H]2CCN(C)C(=O)[C@@H](C)[C@@H](CN(C)C(=O)c3cccc(C#N)c3OC[C@H]1O2)OC'],,,,,
10657,BRD-K78388870,['715698'],['Clc1nssc1=Nc2ccc(C#N)cc2'],,,,,
10658,BRD-K78419283,['54638898'],['C[C@H](NC(=O)C[C@@H]1CC[C@H](NC(=O)c2cccnc2)[C@H](CO)O1)c1ccccc1'],,,,,
10659,BRD-K78420710,['54649588'],['CO[C@@H]1CC[C@@H]2CCOc3c(cccc3C(=O)N(C)[C@@H](C)C(=O)N(C)C[C@H]1O2)C#N'],,,,,
10660,BRD-K78432605,['44503844'],['CC(C)NC(=O)Nc1ccc2O[C@H](C)CCCCO[C@@H](CN(C)C(=O)Nc3ccc(cc3)C(F)(F)F)[C@@H](C)CN([C@H](C)CO)C(=O)c2c1'],,,,,
10661,BRD-K78438907,['54646948'],['OC[C@@H]1O[C@H](CC(=O)NCC2CC2)C[C@@H]3[C@H]1Oc4ccc(NC(=O)Nc5ccc(cc5)C(F)(F)F)cc34'],,,,,
10662,BRD-K78449133,['54654460'],['CN1[C@H]2CC[C@H](CC(=O)NCc3ccc(cc3)-c3ccccc3)O[C@H]2COc2ccc(NS(C)(=O)=O)cc2C1=O'],,,,,
10663,BRD-K78451750,['54654543'],['CN1[C@@H]2CC[C@H](CC(=O)NCCCN3CCOCC3)O[C@H]2COc2ccc(NC(=O)Nc3ccccc3Cl)cc2C1=O'],,,,,
10664,BRD-K78467731,['54638793'],['OC[C@@H]1O[C@H](CC(=O)N2CCCCC2)C=C[C@H]1NC(=O)c1ccc2OCOc2c1'],,,,,
10665,BRD-K78477072,['60191570'],['OC[C@H]1[C@H](c2ccccc2)C2(CN(C2)C(=O)C2CCOCC2)N1Cc1ccccc1F'],,,,,
10666,BRD-K78481586,['24747192'],['Nc1[nH]nc(Cc2cccc3ccccc23)c1C#N'],,,,,
10667,BRD-K78483792,['54657727'],['O[C@H]1CN[C@@H]2CC[C@H](CC(=O)NCCN3CCCCC3)O[C@H]2COC1'],,,,,
10668,BRD-K78484446,['54616384'],['C[C@H](CO)N1C[C@@H](C)[C@@H](CN(C)Cc2ccc3OCOc3c2)OCCCC[C@H](C)Oc4ccc(NS(=O)(=O)c5c(C)noc5C)cc4C1=O'],,,,,
10669,BRD-K78486523,['60185268'],['CCS(=O)(=O)N1C[C@@]2(C1)CN(CC1CCOCC1)[C@H](CO)c1c2c2ccc(OC)cc2n1C'],,,,,
10670,BRD-K78487432,['54657763'],['O[C@@H]1COC[C@H]2O[C@@H](CC(=O)NCC3CCCCC3)CC[C@@H]2N(C1)C(=O)Nc1ccc(Cl)cc1'],,,,,
10671,BRD-K78496556,['54627254'],['C[C@H](CO)N1C[C@H](C)[C@@H](CN(C)C(=O)C2CC2)Oc3cc(ccc3S1(=O)=O)c4cccc(C#N)c4'],,,,,
10672,BRD-K78518750,['54625501'],['C[C@@H](CO)N1C[C@@H](C)[C@H](CN(C)CC2CC2)Oc3cc(ccc3S1(=O)=O)c4ccc(F)cc4'],,,,,
10673,BRD-K78524708,['44499583'],['COc1ccc(cc1)S(=O)(=O)N(C)C[C@H]2Oc3c(NC(=O)Nc4ccccc4)cccc3C(=O)N(C[C@H]2C)[C@@H](C)CO'],,,,,
10674,BRD-K78525220,['44619374'],['C[C@@H](CO)N1C[C@H](C)[C@H](CN(C)C(=O)Cc2ccccc2)OCCCC[C@@H](C)Oc3ccc(NC(=O)Nc4ccc(cc4)C(F)(F)F)cc3C1=O'],,,,,
10675,BRD-K78528600,['54638482'],['C[C@H](NC(=O)C[C@H]1CC[C@@H](NS(=O)(=O)c2cccc(F)c2)[C@@H](CO)O1)c1ccccc1'],,,,,
10676,BRD-K78542975,['54637721'],['C[C@H](CO)N1C[C@H](C)[C@H](CN(C)S(=O)(=O)c2ccc(cc2)C(F)(F)F)OCc3ccccc3-c4ccccc4C1=O'],,,,,
10677,BRD-K78544941,['54615054'],['C[C@@H](CO)N1C[C@H](C)[C@@H](CN(C)CC2CC2)OCCCC[C@H](C)Oc3ccc(NC(=O)Nc4ccccc4)cc3C1=O'],,,,,
10678,BRD-K78559095,['44492502'],['C[C@H](CO)N1C[C@@H](C)[C@@H](CN(C)S(=O)(=O)c2c(C)noc2C)Oc3c(NC(=O)c4cnccn4)cccc3C1=O'],,,,,
10679,BRD-K78574388,['60191189'],['OC[C@@H]1[C@H]([C@H]2CNCC(=O)N12)c1ccc(cc1)C#Cc1cccnc1'],,,,,
10680,BRD-K78584123,['54638668'],['OC[C@H]1O[C@H](CCNC(=O)Cc2ccncc2)CC[C@H]1NC(=O)C1CCC1'],,,,,
10681,BRD-K78586486,['54660861'],['CN(C)C(=O)[C@H]1[C@H](CO)[C@H]2Cn3c(cccc3=O)[C@H]2N1C(=O)C1CCC1'],,,,,
10682,BRD-K78596368,['44498245'],['C[C@H](CO)N1C[C@@H](C)[C@H](CN(C)Cc2ccc(cc2)C(=O)O)OCCCC[C@@H](C)Oc3ccc(NC(=O)Nc4ccc(cc4)C(F)(F)F)cc3C1=O'],,,,,
10683,BRD-K78603235,['44488725'],['CCCN(C)C[C@@H]1Oc2ncc(cc2C(=O)N(C[C@@H]1C)[C@H](C)CO)c3ccccc3'],,,,,
10684,BRD-K78603557,['44499449'],['C[C@H](CO)N1C[C@H](C)[C@@H](CN(C)Cc2ccc(Cl)c(Cl)c2)Oc3c(NC(=O)Nc4ccc(F)cc4)cccc3C1=O'],,,,,
10685,BRD-K78627754,['44490613'],['C[C@H](CO)N1C[C@H](C)[C@H](CN(C)C(=O)Nc2ccc3OCOc3c2)Oc4ccc(NC(=O)CCCN(C)C)cc4C1=O'],,,,,
10686,BRD-K78636275,['60184966'],['COc1ccc2c3c([nH]c2c1)[C@H](CO)N(C[C@]31CN(C1)S(=O)(=O)c1ccccc1)C(=O)c1cnccn1'],,,,,
10687,BRD-K78655498,['54650086'],['CCCC#Cc1ccc(cc1)[C@@H]1[C@@H](CO)N([C@H]1C#N)S(C)(=O)=O'],,,,,
10688,BRD-K78657294,['54618676'],['CCCN(C)C[C@H]1Oc2ncc(cc2C(=O)N(C[C@@H]1C)[C@@H](C)CO)c3ccccc3'],,,,,
10689,BRD-K78687850,['44492218'],['C[C@H](CO)N1C[C@@H](C)[C@H](CN(C)Cc2ccc(cc2)C(=O)O)Oc3ccc(NC(=O)Cc4ccccc4)cc3C1=O'],,,,,
10690,BRD-K78699095,['54631329'],['CCC(=O)Nc1ccc2OC[C@H](C)N(C[C@H](C)[C@@H](CN(C)C(=O)c2c1)OC)C(=O)CC'],,,,,
10691,BRD-K78701355,['2201555'],['COc1ccc(OC)c(c1)S(=O)(=O)ON2C(=O)c3ccccc3C2=O'],,,,,
10692,BRD-K78704198,['54661417'],['OC[C@H]1[C@@H]2Cn3c(ccc(-c4ccncc4)c3=O)[C@H]([C@@H]1C(O)=O)N2S(=O)(=O)c1ccccc1F'],,,,,
10693,BRD-K78710535,['54654178'],['COc1cccc(CNC(=O)C[C@H]2CC[C@@H]3[C@@H](COc4ccc(NC(=O)c5cccs5)cc4C(=O)N3C)O2)c1'],,,,,
10694,BRD-K78714545,['54651203'],['CC(C)CN(C[C@H]1[C@H]([C@@H](CO)N1C(C)=O)c1ccccc1)C(=O)c1ccccn1'],,,,,
10695,BRD-K78716413,['952391'],['CCc1nnc2sc(nn12)c3ccc(N)cc3'],,,,,
10696,BRD-K78717223,['54651211'],['OC[C@@H]1[C@H]([C@H](CNC(=O)c2ccccn2)N1Cc1cccnc1)c1ccccc1'],,,,,
10697,BRD-K78738487,['44488951'],['C[C@H](CO)N1C[C@@H](C)[C@H](CN(C)C(=O)Nc2ccc(F)cc2)Oc3ccc(NC(=O)C4CC4)cc3C1=O'],,,,,
10698,BRD-K78757578,['54652674'],['CN1C[C@H]2[C@H]([C@@H](CO)N2S(=O)(=O)c2ccccc2)c2ccccc12'],,,,,
10699,BRD-K78761249,['54645870'],['OC[C@H]1O[C@@H](CC(=O)N2CCc3ccccc3C2)C[C@H]4[C@@H]1Oc5ccc(NC(=O)c6ccc7OCOc7c6)cc45'],,,,,
10700,BRD-K78764313,['54618428'],['CC(C)NC(=O)N(C)C[C@@H]1Oc2ncc(C#CC3CC3)cc2C(=O)N(C[C@H]1C)[C@H](C)CO'],,,,,
10701,BRD-K78777980,['54620917'],['C/C=C/c1ccc2c(O[C@H](CN(C)Cc3ccccc3F)[C@H](C)CN([C@@H](C)CO)S2(=O)=O)c1'],,,,,
10702,BRD-K78778188,['44495520'],['C[C@H](CO)N1C[C@@H](C)[C@H](CN(C)C)OCCCC[C@H](C)Oc2ccc(NC(=O)Nc3ccc(cc3)C(F)(F)F)cc2C1=O'],,,,,
10703,BRD-K78778476,['56835404'],['C[C@H](CO)N1C[C@@H](C)[C@H](CN(C)S(=O)(=O)c2cccs2)OCc3ccccc3-c4ccccc4C1=O'],,,,,
10704,BRD-K78780288,['44496758'],['CC(C)NC(=O)Nc1ccc2O[C@@H](CN(C)C)[C@@H](C)CN([C@H](C)CO)C(=O)Cc2c1'],,,,,
10705,BRD-K78787424,['54652102'],['CCN(C[C@@H]1N[C@@H](CO)[C@H]1c1ccc(cc1)C1=CCCC1)C(=O)c1ccncc1'],,,,,
10706,BRD-K78792702,['54646408'],['C[C@@H](NC(=O)C[C@H]1C[C@H]2[C@H](Oc3ccc(cc23)N(C)C)[C@H](CO)O1)c4ccccc4'],,,,,
10707,BRD-K78797196,['4292126'],['O=C(Nc1cccc(c1)S(=O)(=O)N2CCOCC2)c3ccc(cc3)N4CCCC4=O'],,,,,
10708,BRD-K78800374,['44484616'],['C[C@H](CO)N1C[C@@H](C)[C@H](CN(C)Cc2ccncc2)Oc3ccc(NC(=O)Nc4cccc5ccccc45)cc3C1=O'],,,,,
10709,BRD-K78812164,['49835833'],['COc1ccc(cc1)S(=O)(=O)N(C)C[C@@H]2Oc3ncc(/C=C/c4ccccc4)cc3C(=O)N(C[C@H]2C)[C@H](C)CO'],,,,,
10710,BRD-K78816294,['60184941'],['COc1ccc2c3c([nH]c2c1)[C@@H](CO)N(C[C@]31CCN(CC1)C(=O)Cc1cccnc1)S(=O)(=O)c1ccc(C)cc1'],,,,,
10711,BRD-K78822312,['60185038'],['COc1ccc2c3c([nH]c2c1)[C@H](CO)N(C)C[C@]31CCN(CC1)S(=O)(=O)c1ccc(C)cc1'],,,,,
10712,BRD-K78822642,['54637697'],['C[C@H](CO)N1C[C@@H](C)[C@H](CN(C)C(=O)[C@H](Cc2ccccc2)N(C)C)OCc3ccccc3-c4c(C1=O)n(C)c5ccccc45'],,,,,
10713,BRD-K78824440,['44505071'],['CNC[C@H]1OCc2cnnn2CCCC(=O)N(C[C@@H]1C)[C@H](C)CO'],,,,,
10714,BRD-K78826848,['60191313'],['CC(C)CC#Cc1ccc(cc1)[C@@H]1[C@H](CO)N2[C@H]1CN(CC2=O)C(=O)Nc1cc(F)ccc1F'],,,,,
10715,BRD-K78830924,['54638818'],['OC[C@H]1O[C@H](CC(=O)NCc2ccc(Cl)cc2)CC[C@H]1NC(=O)CC1CC1'],,,,,
10716,BRD-K78843060,['56643191'],['CS(=O)(=O)c1ccc(cc1[N+]([O-])=O)C(=O)OCC(=O)N1CCN(CCC2CCCCC2)CC1'],,,,,
10717,BRD-K78844995,['127898'],['Ic1ccc(cc1)C(=O)NCCN1CCCCC1'],,,,,
10718,BRD-K78845122,['54661292'],['CN(C)C(=O)[C@@H]1[C@@H](CO)[C@@H]2Cn3c(ccc(\\C=C\\c4ccccc4)c3=O)[C@H]1N2C(C)=O'],,,,,
10719,BRD-K78849449,['54638485'],['C[C@H](NC(=O)C[C@@H]1CC[C@H](NS(=O)(=O)c2cccc(F)c2)[C@@H](CO)O1)c1ccccc1'],,,,,
10720,BRD-K78853683,['54654088'],['CN1[C@@H]2CC[C@@H](CC(=O)N3CCCCC3)O[C@H]2COc2ccc(NC(=O)c3cccs3)cc2C1=O'],,,,,
10721,BRD-K78869873,['60189899'],['COc1cccc(CN2[C@@H](CO)[C@H](c3ccccc3)C22CN(C2)C(=O)C2CCCCC2)c1'],,,,,
10722,BRD-K78883024,['56643192'],['Cc1c([n+]2ccccc2n1C)P(=S)(c3ccccc3)c4ccccc4'],,,,,
10723,BRD-K78891011,['54645890'],['CN(C)C(=O)C[C@@H]1C[C@@H]2[C@@H](Oc3ccc(NC(=O)Nc4ccc(F)cc4)cc23)[C@H](CO)O1'],,,,,
10724,BRD-K78904620,['44487694'],['C[C@H](CO)N1C[C@@H](C)[C@H](CN(C)C)Oc2ccc(NC(=O)Nc3ccccc3)cc2C1=O'],,,,,
10725,BRD-K78908189,['54618571'],['COc1ccc(C#Cc2ccc3c(O[C@@H](CN(C)C(=O)CN4CCOCC4)[C@@H](C)CN([C@@H](C)CO)S3(=O)=O)c2)cc1'],,,,,
10726,BRD-K78913846,['54632123'],['CO[C@@H]1CN(C)C(=O)c2ccc(NS(C)(=O)=O)cc2OC[C@@H](C)N(Cc2nccs2)C[C@@H]1C'],,,,,
10727,BRD-K78914942,['54657663'],['O[C@@H]1COC[C@@H]2O[C@H](CC(O)=O)CC[C@H]2N(C1)S(=O)(=O)c1ccc(Oc2ccccc2)cc1'],,,,,
10728,BRD-K78915806,['44507165'],['C[C@@H](CO)N1C[C@@H](C)[C@H](CN(C)Cc2ccc(Cl)c(Cl)c2)Oc3c(NC(=O)CCCCCC(=O)Nc4ccccc4N)cccc3C1=O'],,,,,
10729,BRD-K78918239,['54649366'],['CN(C)C(=O)c1cccc(c1)-c1cccc(c1)-c1nc(cc2CN([C@@H](CCO)c12)[S@@](=O)C(C)(C)C)C(=O)NCc1ccccc1'],,,,,
10730,BRD-K78921480,['44489267'],['COC(=O)N(C)C[C@@H]1OCc2cn(CCCC(=O)N(C[C@@H]1C)[C@H](C)CO)nn2'],,,,,
10731,BRD-K78939963,['54646082'],['OC[C@H]1O[C@@H](CC(=O)NCc2ccccn2)C[C@H]3[C@@H]1Oc4ccc(NC(=O)C5CCC5)cc34'],,,,,
10732,BRD-K78944321,['44620704'],['C[C@@H](CO)N1C[C@H](C)[C@@H](CN(C)S(=O)(=O)c2c(C)noc2C)OCCCC[C@@H](C)Oc3ccc(NC(=O)Nc4ccc(cc4)C(F)(F)F)cc3C1=O'],,,,,
10733,BRD-K78948132,['54646011'],['COC(=O)C[C@@H]1C[C@H]2[C@H](Oc3ccc(NC(=O)C4CCOCC4)cc23)[C@H](CO)O1'],,,,,
10734,BRD-K78957196,['60190001'],['COc1ccc2c3c([C@@H](CO)N(C[C@]33CCN(CC3)C(=O)Nc3ccccc3F)C(C)=O)n(C)c2c1'],,,,,
10735,BRD-K78959251,['54665040'],['CN1[C@H](CO)[C@@H]2CCN([C@@H]2c2cc(ccc12)-c1cccc(F)c1)C(=O)c1ccccc1F'],,,,,
10736,BRD-K78970311,['54632004'],['CO[C@H]1CN(C)C(=O)c2ccc(NC(=O)c3cnccn3)cc2OC[C@@H](C)N(CCc2ccccc2)C[C@@H]1C'],,,,,
10737,BRD-K78976513,['54618623'],['C[C@H](CO)N1C[C@H](C)[C@H](CN(C)S(=O)(=O)c2cccc(F)c2)Oc3cc(C#CCN(C)C)ccc3S1(=O)=O'],,,,,
10738,BRD-K78984681,['60138067'],['Cc1cc(C)n2ncc(C(=O)Nc3ccc4OCCOc4c3)c2n1'],,,,,
10739,BRD-K78987935,['60191135'],['OC[C@H]1[C@H]([C@H]2CN(CC(=O)N12)C(=O)c1cccnc1)c1ccc(cc1)-c1ccccc1F'],,,,,
10740,BRD-K78989575,['60190049'],['CS(=O)(=O)N1[C@H](CO)[C@H](c2ccccc2)C11CN(C1)C(=O)c1ccccc1F'],,,,,
10741,BRD-K79001525,['60191132'],['OC[C@H]1[C@H]([C@@H]2CN(CC(=O)N12)C(=O)c1cccnc1)c1ccc(cc1)-c1ccccc1F'],,,,,
10742,BRD-K79004751,['54654245'],['COc1cccc(CNC(=O)C[C@H]2CC[C@@H]3[C@@H](COc4ccc(NS(=O)(=O)c5ccccc5F)cc4C(=O)N3C)O2)c1'],,,,,
10743,BRD-K79025148,['54661329'],['OC[C@H]1[C@@H]2Cn3c(ccc(C4=CCCCC4)c3=O)[C@H]([C@@H]1C(O)=O)N2CCc1ccccc1'],,,,,
10744,BRD-K79027739,['54637912'],['C[C@@H](CO)N1C[C@@H](C)[C@@H](CN(C)C(=O)CCN(C)C)OCc2ccccc2-c3ccccc3C1=O'],,,,,
10745,BRD-K79027750,['54631823'],['CO[C@H]1CN(C)C(=O)c2ccc(NS(=O)(=O)CC(F)(F)F)cc2OC[C@H](C)NC[C@H]1C'],,,,,
10746,BRD-K79035462,['54652564'],['OC[C@@H]1[C@@H]2[C@@H](CNc3ccccc23)N1C(=O)Cc1ccccn1'],,,,,
10747,BRD-K79052598,['73707598'],['C[C@H](NC(=O)OC(C)(C)C)C(=O)N[C@@H](C)C(=O)NCCc1cc(O)c(O)cc1O'],,,,,
10748,BRD-K79064338,['54657724'],['O[C@@H]1CN[C@@H]2CC[C@H](CC(=O)NCCN3CCCCC3)O[C@H]2COC1'],,,,,
10749,BRD-K79064458,['54618565'],['C[C@@H](CO)N1C[C@H](C)[C@@H](CN(C)S(=O)(=O)C)Oc2ncc(cc2C1=O)c3ccc(C)cc3'],,,,,
10750,BRD-K79080366,['54619464'],['CCCN(C)C[C@@H]1Oc2ncc(C#Cc3ccccc3OC)cc2C(=O)N(C[C@@H]1C)[C@H](C)CO'],,,,,
10751,BRD-K79090110,['54654316'],['COC(=O)C[C@@H]1CC[C@@H]2[C@H](COc3ccc(NC(=O)Nc4cc(C)cc(C)c4)cc3C(=O)N2C)O1'],,,,,
10752,BRD-K79094264,['60189723'],['CCCC(=O)N1C[C@@]2(C1)CN(Cc1cccnc1)[C@H](CO)c1[nH]c3cc(OC)ccc3c21'],,,,,
10753,BRD-K79095355,['60185082'],['COc1cccc(c1)-c1ccc(cc1)[C@@H]1[C@H]2CN(C[C@@H]1N2)S(=O)(=O)c1cn(C)cn1'],,,,,
10754,BRD-K79102010,['44489122'],['C[C@@H](CO)N1C[C@@H](C)[C@H](CN(C)Cc2ccncc2)Oc3c(NC(=O)Nc4c(C)noc4C)cccc3C1=O'],,,,,
10755,BRD-K79106006,['54660922'],['CN1[C@@H]2Cn3c(cccc3=O)[C@H]1[C@H]([C@@H]2CO)C(=O)NCC1CC1'],,,,,
10756,BRD-K79106177,['54631912'],['CO[C@H]1CN(C)C(=O)c2cc(NS(=O)(=O)c3cccc(F)c3)ccc2OC[C@@H](C)NC[C@@H]1C'],,,,,
10757,BRD-K79112806,['54615000'],['CC(C)NC(=O)Nc1ccc2O[C@@H](C)CCCCO[C@H](CN(C)C(=O)NC(C)C)[C@@H](C)CN([C@H](C)CO)C(=O)c2c1'],,,,,
10758,BRD-K79116978,['54654139'],['CN1[C@H]2CC[C@@H](CC(=O)NCCN3CCCCC3)O[C@H]2COc2ccc(NS(=O)(=O)c3cccc(F)c3)cc2C1=O'],,,,,
10759,BRD-K79131144,['54614991'],['C[C@@H](CO)N1C[C@H](C)[C@H](CN(C)C(=O)c2ccccc2)OCCCC[C@@H](C)Oc3ccc(NC(=O)c4ccccc4)cc3C1=O'],,,,,
10760,BRD-K79131428,['44487559'],['C[C@@H](CO)N1C[C@@H](C)[C@H](CN(C)S(=O)(=O)c2ccc(F)cc2)OCCCC[C@@H](C)Oc3ccc(NC(=O)Nc4ccccc4)cc3C1=O'],,,,,
10761,BRD-K79138145,['54666505'],['OC[C@@H]1[C@@H]([C@H]2CN(CCCCN12)C(=O)CN1CCOCC1)c1ccc(Br)cc1'],,,,,
10762,BRD-K79145303,['54638716'],['CCC(=O)N[C@@H]1CC[C@@H](CC(=O)NCc2ccccc2F)O[C@H]1CO'],,,,,
10763,BRD-K79149684,['54666446'],['COCC#Cc1ccc(cc1)[C@H]1[C@@H](CO)N2CCCCN(C[C@@H]12)C(=O)NC1CCCC1'],,,,,
10764,BRD-K79153888,['54654461'],['CN1[C@H]2CC[C@@H](CC(=O)NCc3ccc(cc3)-c3ccccc3)O[C@H]2COc2ccc(NS(C)(=O)=O)cc2C1=O'],,,,,
10765,BRD-K79157597,['54631722'],['CO[C@H]1CN(C)C(=O)c2cc(NC(=O)Nc3ccccc3)ccc2OC[C@H](C)N(C[C@H]1C)C(=O)CC1CC1'],,,,,
10766,BRD-K79181721,['60190944'],['CC(C)C#Cc1ccc(cc1)[C@H]1[C@H](CO)N2[C@@H]1CN(CC2=O)C(=O)NC1CCCC1'],,,,,
10767,BRD-K79184162,['54638240'],['OC[C@@H]1O[C@@H](CCNC(=O)c2ccc3OCOc3c2)CC[C@@H]1NS(=O)(=O)c1ccc(Cl)cc1'],,,,,
10768,BRD-K79199685,['54657483'],['COC(=O)C[C@@H]1CC[C@H]2NC[C@H](O)COC[C@@H]2O1'],,,,,
10769,BRD-K79219981,['54653977'],['CN1[C@@H]2CC[C@H](CC(=O)NCCCN3CCOCC3)O[C@H]2COc2ccc(NC(=O)Cc3cccs3)cc2C1=O'],,,,,
10770,BRD-K79222491,['45100452'],['FC(F)(F)c1ccc2[nH]c(CNc3nc(nc4n(cnc34)-c3ccsc3)N3CCOCC3)nc2c1'],,,,,
10771,BRD-K79235289,['56835228'],['C[C@@H](CO)N1C[C@@H](C)[C@H](CN(C)S(=O)(=O)c2ccc(cc2)C(F)(F)F)OCc3ccccc3-c4ccccc4C1=O'],,,,,
10772,BRD-K79235952,['2778748'],['CCOC(=O)c1sc(SC)c2C(=O)CCCc12'],,,,,
10773,BRD-K79251086,['53338815'],['Oc1ccc(CNc2ccccn2)c2cccnc12'],,,,,
10774,BRD-K79259004,['44484364'],['COc1ccc(CN(C)C[C@H]2Oc3c(NS(=O)(=O)C)cccc3C(=O)N(C[C@@H]2C)[C@H](C)CO)cc1'],,,,,
10775,BRD-K79259704,['60185255'],['C\\C=C\\c1ccc(cc1)[C@H]1[C@H]2CN(Cc3ccccn3)C[C@@H]1N2'],,,,,
10776,BRD-K79260617,['54657532'],['O[C@H]1COC[C@@H]2O[C@H](CC(=O)N3CCN(CC3)c3ccccc3)CC[C@H]2N(C1)C(=O)c1cnccn1'],,,,,
10777,BRD-K79260832,['54614992'],['C[C@H](CO)N1C[C@@H](C)[C@H](CN(C)C(=O)c2ccccc2)OCCCC[C@@H](C)Oc3ccc(NC(=O)c4ccccc4)cc3C1=O'],,,,,
10778,BRD-K79275879,['54618449'],['C[C@@H](CO)N1C[C@@H](C)[C@H](CN(C)Cc2ccccc2C(=O)O)Oc3cc(ccc3S1(=O)=O)c4ccc(F)cc4'],,,,,
10779,BRD-K79277758,['54638707'],['OC[C@@H]1O[C@@H](CC(=O)Nc2nccs2)C=C[C@H]1NC(=O)c1cccc(F)c1'],,,,,
10780,BRD-K79302166,['54638269'],['COc1ccccc1-c1cn(CC[C@H]2CC[C@@H](NC(=O)c3cnccn3)[C@@H](CO)O2)nn1'],,,,,
10781,BRD-K79326278,['44618270'],['CC(C)NC(=O)N(C)C[C@H]1OCCCC[C@@H](C)Oc2ccc(NC(=O)c3ccccc3)cc2C(=O)N(C[C@H]1C)[C@H](C)CO'],,,,,
10782,BRD-K79330967,['54631305'],['CCCC(=O)Nc1ccc2OC[C@H](C)N(CC3CCCC3)C[C@H](C)[C@H](CN(C)C(=O)c2c1)OC'],,,,,
10783,BRD-K79333016,['54649584'],['CO[C@H]1CC[C@H]2CCOc3c(cccc3C(=O)N(C)[C@@H](C)C(=O)N(C)C[C@H]1O2)C#N'],,,,,
10784,BRD-K79339982,['54646632'],['OC[C@H]1O[C@@H](CC(=O)NCC(F)(F)F)C[C@@H]2[C@H]1Oc3ccc(NC(=O)c4cccnc4)cc23'],,,,,
10785,BRD-K79342257,['9795907'],['Nc1scc2c(nn(c3ccccc3)c(=O)c12)C(=O)O'],,,,,
10786,BRD-K79355010,['44493589'],['C[C@H](CO)N1C[C@H](C)[C@H](CN(C)Cc2ccncc2)OCCCC[C@H](C)Oc3ccc(NC(=O)c4ccncc4)cc3C1=O'],,,,,
10787,BRD-K79356120,['60189799'],['CCCNC(=O)N1C[C@]2(CCN(Cc3cccc(OC)c3)CC2)c2c([C@H]1CO)n(C)c1cc(OC)ccc21'],,,,,
10788,BRD-K79367177,['53382701'],['CO[C@@H]1CN(C)C(=O)c2cc(NC(=O)C3CC3)ccc2OC[C@H](C)N(C[C@@H]1C)C(=O)CN1CCOCC1'],,,,,
10789,BRD-K79367755,['54618627'],['C[C@H](CO)N1C[C@@H](C)[C@H](CN(C)S(=O)(=O)c2cccc(F)c2)Oc3cc(C#CCN(C)C)ccc3S1(=O)=O'],,,,,
10790,BRD-K79381128,['44460120'],['FC(F)(F)Sc1ccc(cc1)C(=O)OCC#CCSc1nnc(o1)-c1cccc2ccccc12'],,,,,
10791,BRD-K79382100,['54638548'],['OC[C@@H]1O[C@@H](CCNS(=O)(=O)c2cccc(Cl)c2)CC[C@H]1NC(=O)Nc1cccc(F)c1'],,,,,
10792,BRD-K79390395,['2442307'],['Cc1cc(C(=O)CCl)c(C)n1CCc2ccc(Cl)cc2'],,,,,
10793,BRD-K79410674,['54638399'],['CN(C)C(=O)C[C@@H]1O[C@H](CO)[C@H](NC(=O)c2ccc(F)cc2)C=C1'],,,,,
10794,BRD-K79414420,['60138126'],['CCOC(=O)C1CCN(CC1)C(=O)C(C)(C)NC(=O)Nc1ccc(OC)c(Cl)c1'],,,,,
10795,BRD-K79422060,['54652527'],['OC[C@H]1[C@@H]2[C@@H](CN(C(=O)c3cccnc3)c3ccccc23)N1C(=O)CN1CCOCC1'],,,,,
10796,BRD-K79426639,['44485018'],['COc1ccc(CN(C)C[C@H]2Oc3c(NS(=O)(=O)C)cccc3C(=O)N(C[C@H]2C)[C@H](C)CO)cc1'],,,,,
10797,BRD-K79435297,['60192117'],['CCC(=O)N1CC2(C1)[C@H]([C@@H](CO)N2S(C)(=O)=O)c1ccc(cc1)-c1cccc(C)c1'],,,,,
10798,BRD-K79437423,['54657983'],['COc1ccccc1CNC(=O)C[C@H]1CC[C@H]2[C@@H](COC[C@H](O)CN2Cc2cccc(c2)-c2ccncc2)O1'],,,,,
10799,BRD-K79459005,['44491473'],['C[C@H](CO)N1C[C@@H](C)[C@@H](CN(C)C(=O)Nc2ccccc2)OCCCC[C@H](C)Oc3ccc(NC(=O)C4CCCCC4)cc3C1=O'],,,,,
10800,BRD-K79460683,['60184904'],['COc1ccc2c3c([C@H](CO)N(CC4CC4)C[C@]33CN(C3)C(=O)c3ccc4OCOc4c3)n(C)c2c1'],,,,,
10801,BRD-K79489641,['54615083'],['C[C@@H](CO)N1C[C@@H](C)[C@H](CN(C)CC2CC2)OCCCC[C@@H](C)Oc3ccc(NS(=O)(=O)c4ccc(F)cc4)cc3C1=O'],,,,,
10802,BRD-K79490177,['54657845'],['COc1ccc(cc1)S(=O)(=O)N1C[C@@H](O)COC[C@@H]2O[C@@H](CC(=O)N[C@H]3CCN(Cc4ccccc4)C3)CC[C@@H]12'],,,,,
10803,BRD-K79491139,['3234028'],['Cc1cccc(CNc2ncnc3ccc(cc23)c4ccc5OCOc5c4)c1'],,,,,
10804,BRD-K79498538,['54645835'],['OC[C@@H]1O[C@@H](CC(=O)N2CCc3ccccc3C2)C[C@H]4[C@@H]1Oc5ccc(NC(=O)Nc6ccc(cc6)C(F)(F)F)cc45'],,,,,
10805,BRD-K79500219,['60185022'],['Fc1cccc(c1)S(=O)(=O)N1[C@H]2CNC[C@@H]1[C@@H]2c1ccc(cc1)-c1ccccc1F'],,,,,
10806,BRD-K79511609,['8974'],['Nc1nc(Cl)nc2n(cnc12)[C@@H]3O[C@H](CO)[C@@H](O)[C@H]3O'],,,,,
10807,BRD-K79512815,['54631409'],['CO[C@H]1CN(C)C(=O)c2cc(NC(=O)c3cccc(F)c3)ccc2OC[C@H](C)N(C)C[C@H]1C'],,,,,
10808,BRD-K79516068,['54631359'],['CO[C@H]1CN(C)C(=O)c2ccc(NC(=O)C3CC3)cc2OC[C@@H](C)N(Cc2cc(F)ccc2F)C[C@@H]1C'],,,,,
10809,BRD-K79522563,['54646685'],['CN(C)CC(=O)Nc1ccc2O[C@H]3[C@H](C[C@@H](CC(=O)N4CCc5ccccc5C4)O[C@H]3CO)c2c1'],,,,,
10810,BRD-K79527000,['54652498'],['CN1[C@H](CO)[C@H]2[C@@H]1CN(C(=O)c1ccc(F)cc1)c1ccccc21'],,,,,
10811,BRD-K79532217,['44485612'],['CNC[C@H]1Oc2c(NS(=O)(=O)c3ccc(OC)cc3)cccc2C(=O)N(C[C@H]1C)[C@@H](C)CO'],,,,,
10812,BRD-K79552375,['54666547'],['COc1ccc(NC(=O)N2CCCCN3[C@@H](CO)[C@H]([C@@H]3C2)c2ccc(cc2)-c2ccccc2F)cc1'],,,,,
10813,BRD-K79554012,['1556232'],['CCCCOC(=O)CCN1C(=S)S\\C(=C/c2ccccc2)C1=O'],,,,,
10814,BRD-K79579182,['60190081'],['COc1cccc(CN2C[C@@]3(C2)CN([C@H](CO)c2[nH]c4cc(OC)ccc4c32)C(=O)C2CC2)c1'],,,,,
10815,BRD-K79596575,['54639089'],['OC[C@@H]1O[C@@H](CC(=O)N2CCC(Cc3ccccc3)CC2)CC[C@H]1NC(=O)CCN1CCCCC1'],,,,,
10816,BRD-K79600112,['60190024'],['CCC(=O)N1CC[C@@]2(CC1)CN([C@@H](CO)c1[nH]c3cc(OC)ccc3c21)S(=O)(=O)c1ccccc1'],,,,,
10817,BRD-K79609340,['54652582'],['OC[C@@H]1[C@H]2[C@H](CN(C(=O)c3cccnc3)c3ccccc23)N1Cc1ccc2OCOc2c1'],,,,,
10818,BRD-K79615119,['54657643'],['CN1CCN(CC1)C(=O)C[C@@H]1CC[C@@H]2[C@H](COC[C@@H](O)CN2C(=O)Nc2ccc3OCOc3c2)O1'],,,,,
10819,BRD-K79619196,['44507621'],['Oc1ccccc1NC(=O)CCCCCC(=O)N/N=C/c2cc(F)ccc2O'],,,,,
10820,BRD-K79625260,['60191037'],['CCC(=O)N1C[C@@H]2[C@@H]([C@H](CO)N2C(=O)C1)c1ccc(cc1)C#Cc1cccnc1'],,,,,
10821,BRD-K79651181,['44489421'],['COc1ccc(NC(=O)N(C)C[C@@H]2Oc3ccc(cc3C(=O)N(C[C@H]2C)[C@@H](C)CO)N(C)C)cc1'],,,,,
10822,BRD-K79652816,['54637749'],['C[C@H](CO)N1C[C@@H](C)[C@@H](CN(C)S(=O)(=O)c2cccc(C#N)c2)OCc3ccccc3-c4ccccc4C1=O'],,,,,
10823,BRD-K79657514,['54649472'],['CC(C)(C)[S@](=O)N1Cc2cc(nc(c2[C@@H]1CCO)-c1cccc(c1)-c1ccc(cc1)C#N)C(=O)NCCN1CCCCC1'],,,,,
10824,BRD-K79664955,['54646048'],['COc1ccccc1CNC(=O)C[C@H]2C[C@H]3[C@H](Oc4ccc(cc34)N(C)C)[C@@H](CO)O2'],,,,,
10825,BRD-K79684588,['60191158'],['CC(C)CC#Cc1ccc(cc1)[C@H]1[C@H](CO)N2[C@@H]1CN(CC2=O)C(=O)c1cccc(F)c1'],,,,,
10826,BRD-K79719155,['54631769'],['CCCC(=O)Nc1ccc2c(OC[C@H](C)N(Cc3ccc(F)cc3)C[C@H](C)[C@H](CN(C)C2=O)OC)c1'],,,,,
10827,BRD-K79732306,['44496473'],['CCCN(C)C[C@H]1OCCCC[C@@H](C)Oc2ccc(NC(=O)NC(C)C)cc2C(=O)N(C[C@H]1C)[C@@H](C)CO'],,,,,
10828,BRD-K79746073,['54651391'],['C\\C=C\\c1ccc(cc1)[C@H]1[C@@H](CO)N([C@H]1CNC(C)=O)C(=O)Cc1cccnc1'],,,,,
10829,BRD-K79748109,['54664874'],['COCC(=O)N1CC[C@H]2[C@@H]1c1cc(ccc1N[C@@H]2CO)-c1cccc(c1)C(=O)N(C)C'],,,,,
10830,BRD-K79750489,['54646267'],['OC[C@H]1O[C@H](CC(=O)NCCN2CCCCC2)C[C@@H]3[C@H]1Oc4ccc(NC(=O)Nc5ccccc5)cc34'],,,,,
10831,BRD-K79758054,['54613932'],['C[C@@H](CO)N1C[C@@H](C)[C@H](CN(C)Cc2ccc(Cl)c(Cl)c2)Oc3ccc(NS(=O)(=O)C)cc3CC1=O'],,,,,
10832,BRD-K79768170,['44494423'],['C[C@H](CO)N1C[C@H](C)[C@H](CN(C)S(=O)(=O)c2ccccc2)OCCCC[C@@H](C)Oc3ccc(cc3C1=O)N(C)C'],,,,,
10833,BRD-K79779816,['44493356'],['C[C@H](CO)N1C[C@@H](C)[C@@H](CN(C)Cc2ccc(Oc3ccccc3)cc2)Oc4ccc(NC(=O)Nc5c(C)noc5C)cc4C1=O'],,,,,
10834,BRD-K79780092,['56835302'],['COc1cccc(c1)S(=O)(=O)N(C)C[C@@H]2OCc3ccccc3-c4c(C(=O)N(C[C@H]2C)[C@@H](C)CO)n(C)c5ccccc45'],,,,,
10835,BRD-K79781870,['54649362'],['CN1CCN(CC1)C(=O)c1cc2CN([C@H](CCO)c2c(n1)-c1cccc(c1)C1=CCCC1)[S@](=O)C(C)(C)C'],,,,,
10836,BRD-K79788021,['44620098'],['CC(C)NC(=O)Nc1ccc2O[C@H](C)CCCCO[C@@H](CN(C)C(=O)CCC(F)(F)F)[C@H](C)CN([C@H](C)CO)C(=O)c2c1'],,,,,
10837,BRD-K79793338,['54631502'],['CCC(=O)Nc1ccc2OC[C@@H](C)N(C[C@H](C)[C@@H](CN(C)C(=O)c2c1)OC)C(=O)CC'],,,,,
10838,BRD-K79793579,['54666667'],['CN1CCCCN2[C@@H](CO)[C@@H]([C@@H]2C1)c1ccc(cc1)-c1ccc(F)cc1'],,,,,
10839,BRD-K79797318,['54667061'],['COc1ccc(NC(=O)N2CCCCN3[C@@H](CO)[C@@H]([C@@H]3C2)c2ccc(cc2)C#CCC(C)C)cc1'],,,,,
10840,BRD-K79797751,['44620081'],['C[C@@H](CO)N1C[C@@H](C)[C@H](CN(C)CC2CCCCC2)OCCCC[C@H](C)Oc3ccc(NC(=O)c4ccncc4)cc3C1=O'],,,,,
10841,BRD-K79826210,['44496852'],['C[C@H](CO)N1C[C@H](C)[C@H](CN(C)S(=O)(=O)c2ccc(C#N)cc2)Oc3ncc(C#Cc4ccc(cc4)C(F)(F)F)cc3C1=O'],,,,,
10842,BRD-K79838525,['60190151'],['CCS(=O)(=O)N1CC2(C1)[C@@H]([C@@H](CO)N2C(=O)c1ccccc1)c1ccccc1'],,,,,
10843,BRD-K79841204,['54649566'],['CO[C@@H]1CC[C@H]2CCOc3c(cccc3C(=O)N(C)CC3(CCCCC3)CC(=O)N(C)C[C@H]1O2)C#N'],,,,,
10844,BRD-K79854633,['60184964'],['COc1ccccc1CN1C[C@H]2N[C@@H](C1)[C@@H]2c1ccc(cc1)-c1ccncc1'],,,,,
10845,BRD-K79857601,['602897'],['COc1cc(N=c2ssnc2Cl)c(OC)cc1Cl'],,,,,
10846,BRD-K79873567,['73707444'],['CC(C)[C@H]1c2ccc(F)cc2CC[C@@]1(CCN(C)CCCc1nc2ccccc2[nH]1)OC(=O)CCCC#C'],,,,,
10847,BRD-K79881395,['54631433'],['CO[C@@H]1CN(C)C(=O)c2cc(NC(=O)C3CCOCC3)ccc2OC[C@@H](C)N(C[C@H]1C)S(=O)(=O)c1ccc(Cl)cc1'],,,,,
10848,BRD-K79900369,['54661203'],['OC[C@H]1[C@@H]2Cn3c(ccc(C4=CCCCC4)c3=O)[C@H]([C@@H]1C(=O)NCCc1ccncc1)N2CC1CC1'],,,,,
10849,BRD-K79906422,['54664913'],['OC[C@H]1Nc2ccc(cc2[C@@H]2[C@H]1CCN2C(=O)c1ccc(F)cc1)C#Cc1ccccc1F'],,,,,
10850,BRD-K79917113,['54654457'],['CN1[C@@H]2CC[C@@H](CC(=O)NCc3ccc(cc3)-c3ccccc3)O[C@@H]2COc2ccc(NS(C)(=O)=O)cc2C1=O'],,,,,
10851,BRD-K79927100,['54646490'],['C[C@H](NC(=O)C[C@@H]1C[C@@H]2[C@@H](Oc3ccc(NC(=O)NC4CCCCC4)cc23)[C@@H](CO)O1)c5ccccc5'],,,,,
10852,BRD-K79929772,['54654459'],['CN1[C@@H]2CC[C@@H](CC(=O)NCc3ccc(cc3)-c3ccccc3)O[C@H]2COc2ccc(NS(C)(=O)=O)cc2C1=O'],,,,,
10853,BRD-K79944151,['54638393'],['COc1ccccc1S(=O)(=O)N[C@@H]1CC[C@H](CCNC(=O)C2CCOCC2)O[C@H]1CO'],,,,,
10854,BRD-K79947405,['44619125'],['C[C@@H](CO)N1C[C@H](C)[C@H](CN(C)Cc2ccc(cc2)C(F)(F)F)OCCCC[C@@H](C)Oc3ccc(NS(=O)(=O)c4c(C)noc4C)cc3C1=O'],,,,,
10855,BRD-K79947616,['54649902'],['CCc1cnc(s1)N1[C@H](CO)[C@@H]([C@H]1C#N)c1ccc(cc1)C#CC(C)C'],,,,,
10856,BRD-K79962460,['60184930'],['COc1ccc2c3c([C@@H](CO)N(Cc4ccccc4F)C[C@]33CCN(CC3)C(=O)C3CCOCC3)n(C)c2c1'],,,,,
10857,BRD-K79967274,['54637874'],['C[C@@H](CO)N1C[C@H](C)[C@@H](CN(C)C(=O)NC2CCCCC2)OCc3ccccc3-c4ccccc4C1=O'],,,,,
10858,BRD-K79968414,['54660684'],['CN(C)C(=O)c1cccc(c1)-c1ccc2[C@H]3N[C@@H](Cn2c1=O)[C@H](CO)[C@H]3C(=O)NC1CCC1'],,,,,
10859,BRD-K79983157,['54660923'],['OC[C@H]1[C@@H]2Cn3c(ccc(C4=CCCC4)c3=O)[C@H]([C@@H]1C(=O)NCC1CC1)N2CCC(F)(F)F'],,,,,
10860,BRD-K79986209,['54638014'],['C[C@@H](CO)N1C[C@@H](C)[C@@H](CN(C)S(=O)(=O)c2ccccc2C)OCc3ccccc3-c4ccccc4C1=O'],,,,,
10861,BRD-K79997126,['54638228'],['COc1ccc(cc1)S(=O)(=O)N[C@H]1C=C[C@H](CC(=O)NCCc2ccncc2)O[C@@H]1CO'],,,,,
10862,BRD-K79998087,['54665085'],['COc1ccc(cc1)C#Cc1ccc2N[C@H](CO)[C@@H]3CCN([C@@H]3c2c1)C(=O)c1cccc(F)c1'],,,,,
10863,BRD-K79998171,['54665058'],['COc1cccc(c1)-c1ccc2N(C)[C@H](CO)[C@H]3CCN([C@H]3c2c1)C(=O)c1ccc2OCOc2c1'],,,,,
10864,BRD-K80012633,['54658324'],['C[C@@H](NC(=O)C[C@H]1CC[C@@H]2[C@H](COC[C@H](O)CN2Cc2ccc(cc2)C(F)(F)F)O1)c1ccccc1'],,,,,
10865,BRD-K80019738,['54638549'],['OC[C@H]1O[C@@H](CCNS(=O)(=O)c2cccc(Cl)c2)CC[C@H]1NC(=O)Nc1cccc(F)c1'],,,,,
10866,BRD-K80021597,['60185028'],['CN(C)C(=O)c1cccc(c1)-c1ccc(cc1)[C@@H]1[C@H]2CN(C[C@@H]1N2)C(=O)CN1CCOCC1'],,,,,
10867,BRD-K80033497,['54664981'],['Cc1ccccc1S(=O)(=O)N1CC[C@@H]2[C@H]1c1cc(ccc1N[C@H]2CO)C#Cc1ccccc1'],,,,,
10868,BRD-K80044001,['54650016'],['OC[C@H]1N[C@@H](C#N)[C@@H]1c1ccc(cc1)-c1cccc(F)c1'],,,,,
10869,BRD-K80045183,['54654296'],['CN1[C@H]2CC[C@@H](CC(=O)NCC3CCCCC3)O[C@H]2COc2ccc(NC(=O)c3cccc(F)c3)cc2C1=O'],,,,,
10870,BRD-K80058142,['44483487'],['CC(C)NC(=O)Nc1ccc2O[C@H](CN(C)C(=O)Nc3cccc4ccccc34)[C@@H](C)CN([C@@H](C)CO)C(=O)c2c1'],,,,,
10871,BRD-K80058284,['54615078'],['COc1ccc(NC(=O)Nc2ccc3O[C@@H](C)CCCCO[C@H](CN(C)CC4CC4)[C@@H](C)CN([C@H](C)CO)C(=O)c3c2)cc1'],,,,,
10872,BRD-K80059960,['54632021'],['CCS(=O)(=O)Nc1ccc2OC[C@@H](C)N(Cc3ccccn3)C[C@H](C)[C@@H](CN(C)C(=O)c2c1)OC'],,,,,
10873,BRD-K80062189,['21115409'],['COc1ccc2N(CCCN(C)C)c3cc(Cl)ccc3Sc2c1'],,,,,
10874,BRD-K80065513,['54650104'],['COc1ccccc1NC(=O)N1[C@H](CO)[C@H]([C@@H]1C#N)c1ccccc1'],,,,,
10875,BRD-K80070306,['44143090'],['CCn1cnc2c(Nc3cccc(Cl)c3)nc(C#N)nc12'],,,,,
10876,BRD-K80076202,['54651421'],['CN(C)CC(=O)NC[C@@H]1[C@H]([C@H](CO)N1C(C)=O)c1ccc(cc1)C1=CCCCC1'],,,,,
10877,BRD-K80092909,['44617800'],['C[C@@H](CO)N1C[C@@H](C)[C@H](CN(C)C(=O)c2ccncc2)OCCCC[C@H](C)Oc3ccc(NC(=O)c4ccncc4)cc3C1=O'],,,,,
10878,BRD-K80094052,['54637834'],['C[C@H](CO)N1C[C@H](C)[C@H](CN(C)S(=O)(=O)c2cccs2)OCc3ccccc3-c4ccccc4C1=O'],,,,,
10879,BRD-K80094086,['44507145'],['C[C@H](CO)N1C[C@@H](C)[C@H](CN(C)Cc2ccc(cc2)C(=O)Nc3ccccc3N)Oc4c(NC(=O)Nc5ccccc5)cccc4C1=O'],,,,,
10880,BRD-K80101280,['54638735'],['OC[C@@H]1O[C@H](CC(O)=O)C=C[C@@H]1NC(=O)c1ccccc1F'],,,,,
10881,BRD-K80104673,['60191442'],['COc1cccc(NC(=O)N2C[C@H]3[C@H]([C@@H](CO)N3C(=O)C2)c2ccc(cc2)C#CCC2CCCC2)c1'],,,,,
10882,BRD-K80110842,['54652603'],['OC[C@@H]1[C@H]2[C@H](CN(C(=O)Nc3cccc(F)c3)c3ccccc23)N1C(=O)Cc1ccccn1'],,,,,
10883,BRD-K80112796,['44505860'],['COc1ccccc1NC(=O)N(C)C[C@H]2OCc3cn(CCCC(=O)N(C[C@@H]2C)[C@H](C)CO)nn3'],,,,,
10884,BRD-K80126354,['44142061'],['C(Nc1ncnc2ccc(cc12)c3cccnc3)c4ccc5OCOc5c4'],,,,,
10885,BRD-K80128321,['60185171'],['Fc1ccc(NC(=O)N2C[C@H]3N[C@@H](C2)[C@@H]3c2ccc(\\C=C\\c3ccccc3)cc2)cc1'],,,,,
10886,BRD-K80138901,['54615002'],['COc1ccc(cc1)S(=O)(=O)Nc2ccc3O[C@@H](C)CCCCO[C@H](CN(C)C)[C@H](C)CN([C@@H](C)CO)C(=O)c3c2'],,,,,
10887,BRD-K80150641,['60185029'],['Cc1ccccc1-c1ccc(cc1)[C@H]1[C@H]2CN(Cc3ccc4OCOc4c3)C[C@@H]1N2'],,,,,
10888,BRD-K80169513,['54657746'],['Cc1cccc(c1)S(=O)(=O)N1C[C@H](O)COC[C@@H]2O[C@@H](CC(=O)Nc3ccc(cc3)-c3ccccc3)CC[C@@H]12'],,,,,
10889,BRD-K80171496,['54638453'],['OC[C@@H]1O[C@H](CC(=O)N2CCC(Cc3ccccc3)CC2)C=C[C@H]1NC(=O)c1cnccn1'],,,,,
10890,BRD-K80174954,['56835235'],['CO[C@@H](C(=O)N(C)C[C@@H]1OCc2ccccc2-c3ccccc3C(=O)N(C[C@H]1C)[C@H](C)CO)c4ccccc4'],,,,,
10891,BRD-K80193146,['54654532'],['CN1[C@H]2CC[C@@H](CC(O)=O)O[C@@H]2COc2ccc(NC(=O)c3cccc(c3)C(F)(F)F)cc2C1=O'],,,,,
10892,BRD-K80195617,['56835476'],['COc1ccccc1NC(=O)N(C)C[C@@H]2OCc3ccccc3-c4ccccc4C(=O)N(C[C@H]2C)[C@@H](C)CO'],,,,,
10893,BRD-K80197532,['44493495'],['C[C@@H](CO)N1C[C@H](C)[C@H](CN(C)Cc2ccc3OCOc3c2)Oc4c(NC(=O)Nc5cccc6ccccc56)cccc4C1=O'],,,,,
10894,BRD-K80201761,['54661048'],['CCNC(=O)[C@@H]1[C@@H](CO)[C@@H]2Cn3c(ccc(C4=CCCC4)c3=O)[C@@H]2N1C(=O)C1CC1'],,,,,
10895,BRD-K80204570,['54661004'],['CCC(=O)N1[C@@H]2Cn3c(ccc(-c4ccncc4)c3=O)[C@H]1[C@H]([C@@H]2CO)C(=O)NC1Cc2ccccc2C1'],,,,,
10896,BRD-K80204885,['54652637'],['COCC(=O)N1C[C@H]2[C@H]([C@@H](CO)N2C(=O)c2ccccc2F)c2ccccc12'],,,,,
10897,BRD-K80211979,['54637662'],['C[C@@H](CO)N1C[C@H](C)[C@H](CN(C)Cc2cccnc2)OCc3ccccc3-c4c(C1=O)n(C)c5ccccc45'],,,,,
10898,BRD-K80213755,['54638843'],['OC[C@@H]1O[C@H](CCn2cc(nn2)-c2ccccc2F)CC[C@@H]1NC(=O)c1ccc2OCOc2c1'],,,,,
10899,BRD-K80223377,['54657530'],['O[C@@H]1COC[C@@H]2O[C@H](CC(=O)N3CCN(CC3)c3ccccc3)CC[C@H]2N(C1)C(=O)c1cnccn1'],,,,,
10900,BRD-K80226949,['54646540'],['CN(C)c1ccc2O[C@H]3[C@H](C[C@@H](CC(=O)NCc4ccc5OCOc5c4)O[C@H]3CO)c2c1'],,,,,
10901,BRD-K80230516,['44494822'],['C[C@@H](CO)N1C[C@H](C)[C@H](CN(C)Cc2ccc(Cl)c(Cl)c2)Oc3c(NC(=O)c4nc5ccccc5s4)cccc3C1=O'],,,,,
10902,BRD-K80232076,['54638539'],['OC[C@H]1O[C@H](CC(=O)NCc2cc(F)cc(F)c2)C=C[C@H]1NC(=O)c1ccccn1'],,,,,
10903,BRD-K80236176,['54666580'],['COc1ccccc1-c1ccc(cc1)[C@H]1[C@H](CO)N2CCCCN(C[C@@H]12)C(=O)c1cccnc1'],,,,,
10904,BRD-K80247389,['54664960'],['COc1cccc(c1)-c1ccc2N[C@H](CO)[C@H]3CCN([C@H]3c2c1)C(=O)Cc1ccccc1'],,,,,
10905,BRD-K80278608,['54657499'],['O[C@@H]1COC[C@H]2O[C@H](CC(=O)Nc3nccs3)CC[C@@H]2N(Cc2cc(F)cc(F)c2)C1'],,,,,
10906,BRD-K80281472,['44495964'],['C[C@@H](CO)N1C[C@@H](C)[C@@H](CN(C)Cc2ccncc2)OCc3cnnn3CCCC1=O'],,,,,
10907,BRD-K80284099,['54651285'],['CCN(C[C@@H]1[C@@H]([C@H](CO)N1C(=O)COC)c1ccccc1)S(C)(=O)=O'],,,,,
10908,BRD-K80301668,['54646696'],['OC[C@H]1O[C@@H](CC(=O)NCc2ccc3OCOc3c2)C[C@H]4[C@@H]1Oc5ccc(NC(=O)C6CCOCC6)cc45'],,,,,
10909,BRD-K80313395,['54661250'],['CCN1[C@@H]2Cn3c(ccc(-c4ccccc4)c3=O)[C@H]1[C@H]([C@@H]2CO)C(=O)NCCCN1CCOCC1'],,,,,
10910,BRD-K80324403,['54646101'],['COc1ccc(cc1)S(=O)(=O)Nc2ccc3O[C@@H]4[C@@H](C[C@H](CC(=O)N(C)C)O[C@@H]4CO)c3c2'],,,,,
10911,BRD-K80342168,['54637795'],['C[C@@H](CO)N1C[C@@H](C)[C@@H](CN(C)Cc2cccc3OCCCOc23)OCc4ccccc4-c5ccccc5C1=O'],,,,,
10912,BRD-K80346834,['5938151'],['Cc1ccc2nc([nH]c2c1)/C(=C/c3ccc(o3)[N+](=O)[O-])/C#N'],,,,,
10913,BRD-K80362711,['54646591'],['COc1cccc(c1)S(=O)(=O)Nc2ccc3O[C@@H]4[C@@H](C[C@H](CC(=O)NCCc5ccccc5)O[C@H]4CO)c3c2'],,,,,
10914,BRD-K80368509,['16330153'],['COc1ccccc1NC(=O)c2cccc(c2)S(=O)(=O)N3CCN(CC3)c4ccccc4'],,,,,
10915,BRD-K80391949,['54637746'],['C[C@@H](CO)N1C[C@H](C)[C@@H](CN(C)S(=O)(=O)c2cccc(C#N)c2)OCc3ccccc3-c4ccccc4C1=O'],,,,,
10916,BRD-K80398603,['54657784'],['COCCNC(=O)C[C@@H]1CC[C@@H]2[C@H](COC[C@H](O)CN2C(=O)c2cc(Cl)cc(Cl)c2)O1'],,,,,
10917,BRD-K80400482,['54650187'],['CCCNC(=O)N1[C@@H](CO)[C@@H]([C@@H]1C#N)c1ccc(cc1)C1=CCCCC1'],,,,,
10918,BRD-K80408402,['54638461'],['OC[C@H]1O[C@H](CC(=O)N2CCOCC2)CC[C@H]1NC(=O)c1ccccn1'],,,,,
10919,BRD-K80408519,['54657968'],['Cc1noc(C)c1NC(=O)N1C[C@H](O)COC[C@H]2O[C@H](CC(=O)NCC3CC3)CC[C@H]12'],,,,,
10920,BRD-K80410762,['54637896'],['C[C@H](CO)N1C[C@@H](C)[C@@H](CN(C)S(=O)(=O)c2ccccc2F)OCc3ccccc3-c4ccccc4C1=O'],,,,,
10921,BRD-K80412673,['54631967'],['CO[C@@H]1CN(C)C(=O)c2cc(NC(=O)c3ccc4OCOc4c3)ccc2OC[C@H](C)N(CC2CC2)C[C@@H]1C'],,,,,
10922,BRD-K80427968,['54666467'],['C[C@H](O)C#Cc1ccc(cc1)[C@@H]1[C@@H](CO)N2CCCCN(C[C@@H]12)C(=O)c1ccc2OCOc2c1'],,,,,
10923,BRD-K80439608,['44502213'],['C[C@H](CO)N1C[C@H](C)[C@@H](CN(C)CC2CC2)OCCCC[C@@H](C)Oc3ccc(NC(=O)Cc4ccccc4)cc3C1=O'],,,,,
10924,BRD-K80457386,['54638593'],['OC[C@H]1O[C@@H](CC(=O)NC2CCCCC2)C=C[C@@H]1NS(=O)(=O)c1ccc(F)cc1'],,,,,
10925,BRD-K80472040,['54666536'],['COc1ccc(cc1)C#Cc1ccc(cc1)[C@H]1[C@@H](CO)N2CCCCN(C)C[C@@H]12'],,,,,
10926,BRD-K80472474,['54631501'],['CO[C@@H]1CN(C)C(=O)c2cc(NC(=O)c3ccccc3F)ccc2OC[C@H](C)N(CC2CCOCC2)C[C@@H]1C'],,,,,
10927,BRD-K80494270,['54665033'],['CN(C)C(=O)c1ccc(cc1)-c1ccc2N(C)[C@H](CO)[C@H]3CCN([C@H]3c2c1)C(=O)C1CCC1'],,,,,
10928,BRD-K80496944,['54657674'],['O[C@H]1CN[C@@H]2CC[C@@H](CC(=O)Nc3ccc(cc3)-c3ccccc3)O[C@H]2COC1'],,,,,
10929,BRD-K80514140,['54638329'],['OC[C@@H]1O[C@@H](CCn2cc(Cc3ccccc3)nn2)CC[C@H]1NS(=O)(=O)c1ccccc1F'],,,,,
10930,BRD-K80550858,['54631384'],['CCCN1C[C@H](C)[C@H](CN(C)C(=O)c2cc(NC(=O)c3cnccn3)ccc2OC[C@H]1C)OC'],,,,,
10931,BRD-K80553643,['44490909'],['CC(C)NC(=O)N(C)C[C@H]1OCCCC[C@@H](C)Oc2ccc(NC(=O)CCC(F)(F)F)cc2C(=O)N(C[C@@H]1C)[C@@H](C)CO'],,,,,
10932,BRD-K80559952,['54657958'],['COc1ccccc1NC(=O)N1C[C@@H](O)COC[C@H]2O[C@@H](CC(=O)NCCc3ccncc3)CC[C@H]12'],,,,,
10933,BRD-K80563095,['54654219'],['CCNC(=O)C[C@@H]1CC[C@@H]2[C@H](COc3ccc(NC(C)=O)cc3C(=O)N2C)O1'],,,,,
10934,BRD-K80574047,['44493694'],['C[C@@H](CO)N1C[C@@H](C)[C@H](CN(C)C(=O)NC2CCCCC2)Oc3ccc(NC(=O)CCCN(C)C)cc3C1=O'],,,,,
10935,BRD-K80576525,['54646196'],['COC(=O)C[C@H]1C[C@@H]2[C@@H](Oc3ccc(NC(=O)Nc4ccccc4)cc23)[C@H](CO)O1'],,,,,
10936,BRD-K80579043,['60185094'],['COCC(=O)N1C[C@]2(CCN(CC2)C(=O)c2ccccn2)c2c([C@@H]1CO)n(C)c1cc(OC)ccc21'],,,,,
10937,BRD-K80579245,['54651247'],['CCN(C[C@H]1[C@@H]([C@@H](CO)N1C(C)=O)c1ccc(cc1)-c1cccnc1)C(C)=O'],,,,,
10938,BRD-K80597067,['54652673'],['CN1C[C@H]2[C@H]([C@H](CO)N2S(=O)(=O)c2ccccc2)c2ccccc12'],,,,,
10939,BRD-K80598371,['54615984'],['C[C@@H](CO)N1C[C@@H](C)[C@@H](CN(C)C(=O)C2CCCCC2)OCCCC[C@@H](C)Oc3ccc(NC(=O)CCC(F)(F)F)cc3C1=O'],,,,,
10940,BRD-K80602561,['44483807'],['C[C@H](CO)N1C[C@@H](C)[C@@H](CN(C)S(=O)(=O)c2c(C)noc2C)Oc3c(NC(=O)c4nc5ccccc5s4)cccc3C1=O'],,,,,
10941,BRD-K80603893,['54631448'],['CO[C@@H]1CN(C)C(=O)c2ccc(NS(C)(=O)=O)cc2OC[C@H](C)N(CC2CCCCC2)C[C@H]1C'],,,,,
10942,BRD-K80621614,['54646736'],['CN(C)c1ccc2O[C@@H]3[C@@H](C[C@@H](CC(=O)NCc4cc(F)ccc4F)O[C@@H]3CO)c2c1'],,,,,
10943,BRD-K80622828,['44620796'],['C[C@H](CO)N1C[C@@H](C)[C@@H](CN(C)Cc2ccccc2)OCCCC[C@H](C)Oc3ccc(NC(=O)c4ccncc4)cc3C1=O'],,,,,
10944,BRD-K80630466,['54631883'],['CCCN1C[C@@H](C)[C@@H](CN(C)C(=O)c2cc(NC(=O)Nc3ccccc3F)ccc2OC[C@H]1C)OC'],,,,,
10945,BRD-K80648041,['54650179'],['OC[C@H]1N[C@H](C#N)[C@@H]1c1ccc(cc1)C#Cc1ccccc1F'],,,,,
10946,BRD-K80649837,['54618451'],['C[C@H](CO)N1C[C@@H](C)[C@H](CN(C)C(=O)c2ccc(F)cc2)Oc3cc(ccc3S1(=O)=O)C4=CCCC4'],,,,,
10947,BRD-K80666761,['54660826'],['OC[C@H]1[C@@H]2Cn3c(cccc3=O)[C@H]([C@@H]1C(=O)NCCN1CCCC1)N2C(=O)c1ccccc1'],,,,,
10948,BRD-K80674743,['60185202'],['Cc1ccccc1-c1ccc(cc1)[C@@H]1[C@H]2CN(C[C@@H]1N2)C(=O)Cc1ccncc1'],,,,,
10949,BRD-K80676896,['60184892'],['COc1ccc2c3c([C@H](CO)N(C[C@]33CCN(CC3)C(=O)C3CCCC3)S(C)(=O)=O)n(C)c2c1'],,,,,
10950,BRD-K80686274,['54657589'],['O[C@H]1CN[C@H]2CC[C@@H](CC(=O)NCc3ccc4OCOc4c3)O[C@@H]2COC1'],,,,,
10951,BRD-K80686631,['54646179'],['COc1ccccc1CNC(=O)C[C@@H]2C[C@@H]3[C@@H](Oc4ccc(NC(=O)C5CCOCC5)cc34)[C@H](CO)O2'],,,,,
10952,BRD-K80694691,['54618620'],['CCCN(C)C[C@H]1Oc2ncc(cc2C(=O)N(C[C@H]1C)[C@H](C)CO)c3ccccc3'],,,,,
10953,BRD-K80711156,['44505852'],['COc1cccc(NC(=O)N(C)C[C@H]2OCc3cn(CCCC(=O)N(C[C@@H]2C)[C@H](C)CO)nn3)c1'],,,,,
10954,BRD-K80718156,['44483963'],['C[C@@H](CO)N1C[C@@H](C)[C@@H](CN(C)C(=O)Nc2ccc(F)cc2)OCCCC[C@H](C)Oc3ccc(NS(=O)(=O)c4ccccc4)cc3C1=O'],,,,,
10955,BRD-K80723382,['54638350'],['OC[C@H]1O[C@@H](CC(=O)NCCCN2CCOCC2)CC[C@@H]1NC(=O)Nc1ccc2OCOc2c1'],,,,,
10956,BRD-K80723690,['44484185'],['COc1ccc(NC(=O)Nc2ccc3O[C@H](CN(C)Cc4ccc5OCOc5c4)[C@H](C)CN([C@H](C)CO)C(=O)c3c2)cc1'],,,,,
10957,BRD-K80724940,['54651183'],['OC[C@H]1N[C@H](CNC(=O)c2ccccc2F)[C@H]1c1ccccc1'],,,,,
10958,BRD-K80726792,['54638444'],['NCC[C@@H]1CC[C@H](NC(=O)c2ccccc2F)[C@H](CO)O1'],,,,,
10959,BRD-K80728817,['44489063'],['COc1ccc(CN(C)C[C@H]2Oc3ccc(NC(=O)Cc4ccccc4)cc3C(=O)N(C[C@@H]2C)[C@H](C)CO)cc1'],,,,,
10960,BRD-K80732408,['54650024'],['OC[C@@H]1[C@H]([C@H](C#N)N1C(=O)c1ccc2OCOc2c1)c1ccccc1'],,,,,
10961,BRD-K80738071,['54652552'],['CC(=O)N1[C@H](CO)[C@@H]2[C@H]1CN(c1ccccc21)S(=O)(=O)c1ccc(F)cc1'],,,,,
10962,BRD-K80741006,['54657993'],['CN1CCN(CC1)C(=O)C[C@@H]1CC[C@H]2[C@@H](COC[C@H](O)CN2S(=O)(=O)c2ccccc2C)O1'],,,,,
10963,BRD-K80747759,['54618327'],['C[C@H](CO)N1C[C@@H](C)[C@H](CN(C)C(=O)Nc2ccc3OCOc3c2)Oc4cc(ccc4S1(=O)=O)C5=CCCCC5'],,,,,
10964,BRD-K80749795,['60189883'],['COc1ccc2c3c([C@@H](CO)N(Cc4ccc(Cl)cc4)C[C@]33CCN(CC4CC4)CC3)n(C)c2c1'],,,,,
10965,BRD-K80767319,['54630770'],['C[C@@H](CO)N1C[C@H](C)[C@@H](CN(C)Cc2cccnc2)Oc3cc(ccc3S1(=O)=O)C4=CCCC4'],,,,,
10966,BRD-K80777319,['54645847'],['OC[C@@H]1O[C@H](CC(=O)NCc2cccnc2)C[C@@H]3[C@H]1Oc4ccc(NS(=O)(=O)c5ccc(F)cc5)cc34'],,,,,
10967,BRD-K80779790,['54666529'],['Cc1cccc(c1)-c1ccc(cc1)[C@@H]1[C@H](CO)N2CCCCN(C[C@@H]12)S(=O)(=O)c1ccccc1F'],,,,,
10968,BRD-K80786583,['44616501'],['COc1ccc(CN(C)C[C@H]2OCCCC[C@@H](C)Oc3ccc(NC(=O)Nc4ccc(cc4)C(F)(F)F)cc3C(=O)N(C[C@@H]2C)[C@@H](C)CO)cc1'],,,,,
10969,BRD-K80789291,['54645952'],['OC[C@@H]1O[C@@H](CC(=O)NC2CCCC2)C[C@@H]3[C@H]1Oc4ccc(NC(=O)C5CCC5)cc34'],,,,,
10970,BRD-K80806019,['54665079'],['CN1[C@@H](CO)[C@@H]2CCN([C@@H]2c2cc(ccc12)C#Cc1cccnc1)S(=O)(=O)c1ccccc1F'],,,,,
10971,BRD-K80806285,['54657842'],['O[C@H]1COC[C@H]2O[C@@H](CC(=O)NCC3CCCCC3)CC[C@@H]2N(C1)S(=O)(=O)c1ccc(F)cc1'],,,,,
10972,BRD-K80807816,['54646738'],['OC[C@H]1O[C@@H](CC(=O)NCCc2ccccc2)C[C@H]3[C@@H]1Oc4ccc(NC(=O)c5ccc6OCOc6c5)cc34'],,,,,
10973,BRD-K80818838,['44484916'],['C[C@@H](CO)N1C[C@@H](C)[C@@H](CN(C)Cc2ccc(cc2)C(=O)O)Oc3ccc(NC(=O)C4CC4)cc3C1=O'],,,,,
10974,BRD-K80821495,['54638602'],['Cc1cccc(c1)S(=O)(=O)N[C@@H]1CC[C@@H](CCNC(=O)c2cnccn2)O[C@H]1CO'],,,,,
10975,BRD-K80822897,['44142110'],['CC(C)(C)n1ncc2c(=O)n(Cc3cccc(Cn4cnc5n(ncc5c4=O)C(C)(C)C)c3F)cnc12'],,,,,
10976,BRD-K80831196,['54646730'],['OC[C@@H]1O[C@@H](CC(=O)N2CCCCC2)C[C@@H]3[C@H]1Oc4ccc(NC(=O)C5CCOCC5)cc34'],,,,,
10977,BRD-K80832371,['44485842'],['COc1ccc(CN(C)C[C@H]2Oc3ccc(NC(=O)NC(C)C)cc3C(=O)N(C[C@@H]2C)[C@H](C)CO)cc1'],,,,,
10978,BRD-K80832690,['54658559'],['O[C@H]1COC[C@@H]2O[C@@H](CC(=O)NCc3ccc(Cl)cc3)CC[C@H]2N(CC2CCOCC2)C1'],,,,,
10979,BRD-K80841398,['54649512'],['CO[C@@H]1CC[C@@H]2CCN(C)C(=O)[C@H](C)[C@H](CN(C)C(=O)c3cc(ccc3OC[C@@H]1O2)C#N)OC'],,,,,
10980,BRD-K80843514,['54631822'],['CO[C@H]1CN(C)C(=O)c2cc(NC(=O)C3CCC3)ccc2OC[C@@H](C)N(C)C[C@H]1C'],,,,,
10981,BRD-K80848452,['44503867'],['C[C@H](CO)N1C[C@H](C)[C@H](CN(C)CC2CC2)OCCCC[C@@H](C)Oc3ccc(NC(=O)Cc4ccccc4)cc3C1=O'],,,,,
10982,BRD-K80852934,['54657951'],['CN(C)C(=O)C[C@H]1CC[C@@H]2[C@H](COC[C@@H](O)CN2C(=O)c2ccncc2)O1'],,,,,
10983,BRD-K80866887,['54631400'],['CO[C@H]1CN(C)C(=O)c2cc(NS(=O)(=O)c3cn(C)cn3)ccc2OC[C@@H](C)N(CC2CC2)C[C@H]1C'],,,,,
10984,BRD-K80879725,['54664899'],['OC[C@@H]1Nc2ccc(Br)cc2[C@H]2[C@@H]1CCN2S(=O)(=O)c1ccccc1'],,,,,
10985,BRD-K80881992,['54649448'],['CCCNC(=O)c1cc2CN([C@@H](CCO)c2c(n1)-c1cccc(c1)-c1cccc(F)c1)[S@@](=O)C(C)(C)C'],,,,,
10986,BRD-K80883001,['44494800'],['COc1ccc(NC(=O)N(C)C[C@H]2Oc3c(NC(=O)c4cc(C)nn4C)cccc3C(=O)N(C[C@H]2C)[C@H](C)CO)cc1'],,,,,
10987,BRD-K80890401,['54631526'],['CCCNC(=O)N1C[C@@H](C)[C@@H](CN(C)C(=O)c2ccc(NS(=O)(=O)CC(F)(F)F)cc2OC[C@H]1C)OC'],,,,,
10988,BRD-K80893668,['54638942'],['OC[C@H]1O[C@H](CC(=O)NC2CCC2)C=C[C@@H]1NC(=O)C1CC1'],,,,,
10989,BRD-K80907598,['60189829'],['COc1ccc2c3c([nH]c2c1)[C@H](CO)N(C[C@]31CCN(CC1)C(=O)c1ccncc1)S(C)(=O)=O'],,,,,
10990,BRD-K80913219,['54666391'],['OC[C@H]1[C@H]([C@@H]2CN(Cc3cncnc3)CCCCN12)c1ccc(cc1)C#CC1(O)CCCC1'],,,,,
10991,BRD-K80926963,['54650124'],['CCS(=O)(=O)N1[C@@H](CO)[C@H]([C@H]1C#N)c1ccc(cc1)C#Cc1ccccc1F'],,,,,
10992,BRD-K80932888,['54631543'],['CO[C@@H]1CN(C)C(=O)c2ccc(NC(=O)C3CCOCC3)cc2OC[C@@H](C)NC[C@H]1C'],,,,,
10993,BRD-K80940272,['54646046'],['COCCNC(=O)C[C@@H]1C[C@@H]2[C@@H](Oc3ccc(NC(=O)CN(C)C)cc23)[C@@H](CO)O1'],,,,,
10994,BRD-K80954162,['44485120'],['C[C@@H](CO)N1C[C@H](C)[C@@H](CN(C)C(=O)Nc2ccccc2)OCCCC[C@H](C)Oc3ccc(NC(=O)Nc4ccccc4)cc3C1=O'],,,,,
10995,BRD-K80962769,['53338851'],['CC(C)N1CCc2c(C1)scc2-c1nc2ccccc2s1'],,,,,
10996,BRD-K80976693,['54649514'],['CO[C@@H]1CC[C@@H]2CCN(C)C(=O)[C@@H](C)[C@H](CN(C)C(=O)c3cc(ccc3OC[C@@H]1O2)C#N)OC'],,,,,
10997,BRD-K80988607,['44487713'],['C[C@@H](CO)N1C[C@H](C)[C@@H](CN(C)Cc2ccc3OCOc3c2)Oc4ccc(NS(=O)(=O)C)cc4C1=O'],,,,,
10998,BRD-K80991460,['54651248'],['CCN(C[C@@H]1[C@H]([C@@H](CO)N1C(C)=O)c1ccc(cc1)-c1cccnc1)C(C)=O'],,,,,
10999,BRD-K80998388,['54653988'],['CN1[C@H]2CC[C@H](CC(=O)NCCc3ccncc3)O[C@@H]2COc2ccc(NC(=O)Nc3ccccc3F)cc2C1=O'],,,,,
11000,BRD-K80999199,['54649971'],['Cc1nc(sc1C)N1[C@@H](CO)[C@H]([C@@H]1C#N)c1ccccc1'],,,,,
11001,BRD-K81019664,['60191070'],['CCCNC(=O)N1C[C@@H]2[C@H]([C@H](CO)N2C(=O)C1)c1ccc(cc1)C#Cc1cccc(OC)c1'],,,,,
11002,BRD-K81029835,['71760106'],['COc1ccc2c3c([C@H](CO)N(C[C@]33CN(Cc4ccncc4)C3)C(=O)CC3CC3)n(C)c2c1'],,,,,
11003,BRD-K81031294,['60184925'],['COc1ccc2c3c([nH]c2c1)[C@H](CO)N(C[C@]31CCN(CC1)S(=O)(=O)c1cn(C)cn1)C(=O)Nc1ccc(F)cc1'],,,,,
11004,BRD-K81052803,['60190231'],['COc1ccc2c3c([C@@H](CO)N(C[C@]33CN(C3)C(=O)CN3CCOCC3)C(=O)Nc3ccc(F)cc3)n(C)c2c1'],,,,,
11005,BRD-K81054062,['54661453'],['OC[C@H]1[C@@H]2Cn3c(ccc(C4=CCCCC4)c3=O)[C@@H](N2)[C@@H]1C(=O)NCc1ccc(F)cc1'],,,,,
11006,BRD-K81060234,['44484464'],['C[C@@H](CO)N1C[C@@H](C)[C@@H](CN(C)Cc2ccncc2)Oc3ccc(NC(=O)CCN4CCOCC4)cc3CC1=O'],,,,,
11007,BRD-K81068628,['44202599'],['C[C@H](CO)N1C[C@H](C)[C@@H](CN(C)C(=O)Nc2c(C)noc2C)Oc3ccc(NC(=O)CCC(F)(F)F)cc3C1=O'],,,,,
11008,BRD-K81079621,['60191115'],['OC[C@@H]1[C@H]([C@H]2CN(CC(=O)N12)C(=O)Cc1ccccc1)c1ccc(cc1)-c1ccc(F)cc1'],,,,,
11009,BRD-K81080300,['54618531'],['C[C@H](CO)N1C[C@@H](C)[C@@H](CN(C)C(=O)C2CCCCC2)Oc3ncc(C#Cc4ccccc4F)cc3C1=O'],,,,,
11010,BRD-K81109082,['54645824'],['CCCNC(=O)C[C@H]1C[C@@H]2[C@@H](Oc3ccc(NC(=O)Nc4ccccc4F)cc23)[C@@H](CO)O1'],,,,,
11011,BRD-K81112982,['54654499'],['CN1[C@H]2CC[C@@H](CC(=O)Nc3cn(C)nc3C)O[C@H]2COc2ccc(NC(=O)C3CCOCC3)cc2C1=O'],,,,,
11012,BRD-K81119027,['60187720'],['COc1ccc2c3c([nH]c2c1)[C@@H](CO)N(Cc1cccc(Cl)c1)C[C@]31CN(C)C1'],,,,,
11013,BRD-K81121951,['54618632'],['C[C@@H](CO)N1C[C@H](C)[C@@H](CN(C)S(=O)(=O)c2cccc(F)c2)Oc3cc(C#CCN(C)C)ccc3S1(=O)=O'],,,,,
11014,BRD-K81123598,['54650122'],['CCS(=O)(=O)N1[C@H](CO)[C@@H]([C@H]1C#N)c1ccc(cc1)C#Cc1ccccc1F'],,,,,
11015,BRD-K81131579,['44483616'],['C[C@@H](CO)N1C[C@H](C)[C@H](CN(C)C(=O)Nc2ccc(F)cc2)Oc3ccc(NS(=O)(=O)c4ccccc4)cc3C1=O'],,,,,
11016,BRD-K81140509,['54631944'],['CO[C@@H]1CN(C)C(=O)c2ccc(NS(=O)(=O)c3ccccc3F)cc2OC[C@H](C)NC[C@H]1C'],,,,,
11017,BRD-K81141085,['44491737'],['C[C@H](CO)N1C[C@H](C)[C@H](CN(C)Cc2ccc3OCOc3c2)Oc4ccc(NS(=O)(=O)C)cc4C1=O'],,,,,
11018,BRD-K81146041,['54652601'],['COc1ccccc1NC(=O)N1C[C@H]2[C@H]([C@H](CO)N2C(C)=O)c2ccccc12'],,,,,
11019,BRD-K81146569,['60184839'],['Fc1ccc(NC(=O)N2[C@H]3CNC[C@@H]2[C@H]3c2ccc(cc2)-c2cccnc2)cc1'],,,,,
11020,BRD-K81156227,['54649470'],['CC(C)(C)[S@@](=O)N1Cc2cc(nc(c2[C@H]1CCO)-c1cccc(c1)-c1cccc(c1)C#N)C(=O)NCCN1CCCC1'],,,,,
11021,BRD-K81164606,['54649959'],['CCCNC(=O)N1[C@@H](CO)[C@H]([C@H]1C#N)c1ccc(cc1)-c1ccccc1F'],,,,,
11022,BRD-K81189877,['54638965'],['OC[C@H]1O[C@H](CCNC(=O)c2ccc(F)cc2)CC[C@H]1NC(=O)Nc1ccc(Cl)c(Cl)c1'],,,,,
11023,BRD-K81202141,['60191039'],['OC[C@@H]1[C@H]([C@@H]2CN(CC(=O)N12)C(=O)Nc1ccc(F)cc1)c1ccc(cc1)-c1cccc(F)c1'],,,,,
11024,BRD-K81210389,['60184877'],['Cc1ccccc1-c1ccc(cc1)[C@H]1[C@@H]2CNC[C@H]1N2S(=O)(=O)c1ccccc1'],,,,,
11025,BRD-K81214387,['60138076'],['C(Nc1ncnc2ccc(cc12)-c1ccc2OCOc2c1)C1CC1'],,,,,
11026,BRD-K81218586,['44502164'],['C[C@@H](CO)N1C[C@H](C)[C@H](CN(C)Cc2ccc(Cl)c(Cl)c2)Oc3ccc(NC(=O)c4ccncc4)cc3CC1=O'],,,,,
11027,BRD-K81224183,['44493090'],['CNC[C@@H]1Oc2ncc(C#CCN(C)C)cc2C(=O)N(C[C@@H]1C)[C@H](C)CO'],,,,,
11028,BRD-K81227048,['60185264'],['COCC(=O)N1CC[C@@]2(CC1)CN(Cc1ccccc1Cl)[C@H](CO)c1[nH]c3cc(OC)ccc3c21'],,,,,
11029,BRD-K81249055,['60187614'],['COc1ccc2c3c([C@H](CO)NC[C@]33CCN(Cc4ccc(cc4)-c4ccccn4)CC3)n(C)c2c1'],,,,,
11030,BRD-K81249836,['44484589'],['C[C@H](CO)N1C[C@H](C)[C@H](CN(C)C(=O)Nc2cccc3ccccc23)OCCCC[C@H](C)Oc4ccc(NC(=O)c5ccncc5)cc4C1=O'],,,,,
11031,BRD-K81261525,['60192688'],['C\\C=C\\c1ccc2N[C@@H](CO)[C@H]3CCN([C@H]3c2c1)C(=O)c1ccc(F)cc1'],,,,,
11032,BRD-K81284476,['54651438'],['CCC(=O)N(C)C[C@H]1[C@H]([C@@H](CO)N1C(=O)NC(C)C)c1ccc(cc1)\\C=C\\C'],,,,,
11033,BRD-K81288057,['54638328'],['OC[C@H]1O[C@H](CCn2cc(Cc3ccccc3)nn2)CC[C@@H]1NS(=O)(=O)c1ccccc1F'],,,,,
11034,BRD-K81300454,['44142083'],['COc1ccccc1C(=O)OCC#CCSc2nnc(o2)c3cccc4ccccc34'],,,,,
11035,BRD-K81311598,['60185102'],['CN(C)CC(=O)N1C[C@H]2N[C@@H](C1)[C@H]2c1ccc(cc1)C1=CCCCC1'],,,,,
11036,BRD-K81312543,['54664817'],['C\\C=C\\c1ccc2N(C)[C@@H](CO)[C@@H]3CCN([C@@H]3c2c1)C(=O)Cc1cccnc1'],,,,,
11037,BRD-K81313552,['573894'],['OC(=O)CCC(=O)Nc1cccc(F)c1'],,,,,
11038,BRD-K81313903,['44486306'],['C[C@H](CO)N1C[C@@H](C)[C@H](CN(C)Cc2ccc(cc2)c3ccccc3)Oc4ccc(NS(=O)(=O)C)cc4CC1=O'],,,,,
11039,BRD-K81314178,['23891566'],['COCCCNC(=O)[C@H]1[C@@H](N(C(=O)c2ccccc12)c3ccc(C)cn3)c4ccc(CO)cc4'],,,,,
11040,BRD-K81331655,['54654472'],['CN1[C@H]2CC[C@H](CC(=O)NCc3ccc4OCOc4c3)O[C@@H]2COc2ccc(NC(=O)c3ccc(cc3)C#N)cc2C1=O'],,,,,
11041,BRD-K81332148,['44501897'],['C[C@@H](CO)N1C[C@@H](C)[C@@H](CN(C)C(=O)Nc2ccc(cc2)C(F)(F)F)Oc3ccc(NC(=O)Nc4cccc5ccccc45)cc3CC1=O'],,,,,
11042,BRD-K81332205,['54637827'],['COc1cccc(c1)S(=O)(=O)N(C)C[C@H]2OCc3ccccc3-c4c(C(=O)N(C[C@H]2C)[C@H](C)CO)n(C)c5ccccc45'],,,,,
11043,BRD-K81335986,['60185114'],['COc1ccc2c3c([nH]c2c1)[C@H](CO)N(C[C@]31CCN(Cc2nccs2)CC1)S(=O)(=O)c1ccc(C)cc1'],,,,,
11044,BRD-K81365479,['54596116'],['COCCNC(=O)[C@H]1[C@H](CO)[C@H]2Cn3c(cccc3=O)[C@@H]1N2S(=O)(=O)c1ccccc1C'],,,,,
11045,BRD-K81392055,['56835432'],['C[C@@H](CO)N1C[C@H](C)[C@H](CN(C)C(=O)CCC(F)(F)F)OCc2ccccc2-c3ccccc3C1=O'],,,,,
11046,BRD-K81397638,['9550286'],['O=C(N1CCN(Cc2ccccc2)CC1)c3ccc(CNS(=O)(=O)c4ccccc4)cc3'],,,,,
11047,BRD-K81403739,['54631829'],['CO[C@@H]1CN(C)C(=O)c2cc(NC(=O)Nc3ccccc3)ccc2OC[C@H](C)N(C[C@H]1C)C(=O)CC1CC1'],,,,,
11048,BRD-K81408913,['60185142'],['COc1ccc2c3c([C@@H](CO)N(CC4CCCC4)C[C@]33CN(C3)C(=O)Nc3ccccc3)n(C)c2c1'],,,,,
11049,BRD-K81415316,['56835514'],['C[C@@H](CO)N1C[C@H](C)[C@@H](CN(C)C(=O)[C@H]2CCCN2C)OCc3ccccc3-c4c(C1=O)n(C)c5ccccc45'],,,,,
11050,BRD-K81417919,['44503145'],['C[C@H](CO)N1C[C@H](C)[C@H](CN(C)S(=O)(=O)c2ccc(Cl)cc2)OCCCC[C@@H](C)Oc3ccc(NC(=O)Nc4c(C)noc4C)cc3C1=O'],,,,,
11051,BRD-K81438145,['54666466'],['C[C@H](O)C#Cc1ccc(cc1)[C@H]1[C@@H](CO)N2CCCCN(C[C@@H]12)C(=O)c1ccc2OCOc2c1'],,,,,
11052,BRD-K81438250,['54649496'],['CO[C@H]1CC[C@H]2CCN(C)C(=O)[C@H](C)[C@H](CN(C)C(=O)c3cccc(C#N)c3OC[C@@H]1O2)OC'],,,,,
11053,BRD-K81440797,['44488205'],['CC(C)NC(=O)N(C)C[C@H]1OCCCC[C@@H](C)Oc2ccc(cc2C(=O)N(C[C@H]1C)[C@@H](C)CO)N(C)C'],,,,,
11054,BRD-K81441552,['1188388'],['COc1ccc(cc1)C(=O)Nc2ccc(cc2)C(O)(C(F)(F)F)C(F)(F)F'],,,,,
11055,BRD-K81461172,['44487458'],['C[C@H](CO)N1C[C@H](C)[C@@H](CN(C)Cc2ccccc2)OCCCC[C@H](C)Oc3ccc(cc3C1=O)N(C)C'],,,,,
11056,BRD-K81468789,['54660839'],['COCCNC(=O)[C@@H]1[C@@H](CO)[C@@H]2Cn3c(ccc(-c4cccc(F)c4)c3=O)[C@H]1N2C(=O)NC(C)C'],,,,,
11057,BRD-K81469015,['54651423'],['CN(C)CC(=O)NC[C@H]1[C@H]([C@@H](CO)N1C(C)=O)c1ccc(cc1)C1=CCCCC1'],,,,,
11058,BRD-K81476029,['54660836'],['CN(C)C(=O)[C@H]1[C@H](CO)[C@H]2Cn3c(ccc(-c4cncnc4)c3=O)[C@H]2N1Cc1cc(F)ccc1F'],,,,,
11059,BRD-K81496150,['44618662'],['C[C@H](CO)N1C[C@@H](C)[C@@H](CN(C)CC2CC2)OCCCC[C@H](C)Oc3ccc(NS(=O)(=O)c4ccccc4)cc3C1=O'],,,,,
11060,BRD-K81500599,['71760812'],['CCCNC(=O)N1CC[C@@]2(CC1)CN([C@@H](CO)c1c2c2ccc(OC)cc2n1C)C(=O)CC1CC1'],,,,,
11061,BRD-K81514393,['44491491'],['C[C@@H](CO)N1C[C@H](C)[C@@H](CN(C)C(=O)Nc2ccc(F)cc2)OCCCC[C@H](C)Oc3ccc(NS(=O)(=O)c4ccccc4)cc3C1=O'],,,,,
11062,BRD-K81524996,['60190306'],['COc1ccc2c3c([C@@H](CO)NC[C@]33CCN(Cc4ccccc4F)CC3)n(C)c2c1'],,,,,
11063,BRD-K81527737,['54649490'],['CO[C@H]1CC[C@H]2CCN(C)C(=O)[C@@H](C)[C@@H](CN(C)C(=O)c3cccc(C#N)c3OC[C@@H]1O2)OC'],,,,,
11064,BRD-K81538844,['654376'],['Cc1cc2n(C)c3c(=O)n(Cc4ccccc4F)ncc3c2s1'],,,,,
11065,BRD-K81543190,['54646026'],['OC[C@H]1O[C@@H](CC(=O)N2CCCCC2)C[C@@H]3[C@H]1Oc4ccc(NC(=O)NC5CCCC5)cc34'],,,,,
11066,BRD-K81545342,['54632141'],['CO[C@H]1CN(C)C(=O)c2cc(NS(=O)(=O)Cc3ccccc3)ccc2OC[C@@H](C)NC[C@@H]1C'],,,,,
11067,BRD-K81550430,['60189809'],['OC[C@@H]1[C@@H](c2ccccc2)C2(CN(C2)C(=O)c2cccc(F)c2)N1C(=O)C1CCCCC1'],,,,,
11068,BRD-K81554246,['44491217'],['C[C@@H](CO)N1C[C@@H](C)[C@@H](CN(C)Cc2ccc(cc2)C(F)(F)F)Oc3ccc(NC(=O)Cn4cnnn4)cc3C1=O'],,,,,
11069,BRD-K81559336,['54638751'],['OC[C@@H]1O[C@H](CCNC(=O)CCN2CCCCC2)CC[C@@H]1NS(=O)(=O)c1cccc(Cl)c1'],,,,,
11070,BRD-K81574109,['44483569'],['C[C@@H](CO)N1C[C@@H](C)[C@@H](CN(C)Cc2ccc3OCOc3c2)Oc4ccc(NS(=O)(=O)C)cc4C1=O'],,,,,
11071,BRD-K81582767,['54646193'],['COc1ccccc1CNC(=O)C[C@H]2C[C@H]3[C@H](Oc4ccc(NS(=O)(=O)c5ccc(F)cc5)cc34)[C@H](CO)O2'],,,,,
11072,BRD-K81606899,['54631607'],['CO[C@@H]1CN(C)C(=O)c2cc(NS(=O)(=O)c3cccc(F)c3)ccc2OC[C@@H](C)NC[C@@H]1C'],,,,,
11073,BRD-K81609421,['989617'],['Cn1c(=O)n(C)c2nc(NCc3cccnc3)n(Cc4cccc(Br)c4)c2c1=O'],,,,,
11074,BRD-K81614512,['60190115'],['COc1ccc2c3c([C@@H](CO)N(C[C@]33CN(Cc4nccs4)C3)C(=O)CN(C)C)n(C)c2c1'],,,,,
11075,BRD-K81631939,['54651326'],['CCC(=O)NC[C@H]1[C@H]([C@@H](CO)N1C(=O)C1CCC1)c1ccccc1'],,,,,
11076,BRD-K81636483,['54660974'],['C[C@@H](NC(=O)[C@H]1[C@H](CO)[C@H]2Cn3c(cccc3=O)[C@H]2N1S(C)(=O)=O)c1ccccc1'],,,,,
11077,BRD-K81641277,['54654009'],['COc1cccc(NC(=O)C[C@H]2CC[C@@H]3[C@H](COc4ccc(NC(=O)C5CCOCC5)cc4C(=O)N3C)O2)c1'],,,,,
11078,BRD-K81646882,['44618802'],['C[C@@H](CO)N1C[C@H](C)[C@@H](CN(C)Cc2ccc(Cl)c(Cl)c2)OCCCC[C@@H](C)Oc3ccc(cc3C1=O)N(C)C'],,,,,
11079,BRD-K81647657,['1673'],['Cn1cnc(=N)c2nc[nH]c12'],,,,,
11080,BRD-K81654062,['54619536'],['C[C@H](CO)N1C[C@H](C)[C@H](CN(C)C(=O)Nc2cc(F)ccc2F)Oc3cc(/C=C/c4ccccc4)ccc3S1(=O)=O'],,,,,
11081,BRD-K81658138,['54649583'],['CO[C@@H]1CC[C@H]2CCOc3c(cccc3C(=O)N(C)[C@@H](C)C(=O)N(C)C[C@H]1O2)C#N'],,,,,
11082,BRD-K81658952,['54645902'],['OC[C@@H]1O[C@H](CC(=O)NCc2cccnc2)C[C@H]3[C@@H]1Oc4ccc(NC(=O)C5CCOCC5)cc34'],,,,,
11083,BRD-K81662460,['54654263'],['C[C@@H](NC(=O)C[C@@H]1CC[C@H]2[C@@H](COc3ccc(NS(=O)(=O)c4ccc(Cl)cc4)cc3C(=O)N2C)O1)c1ccccc1'],,,,,
11084,BRD-K81665681,['54615696'],['C[C@@H](CO)N1C[C@H](C)[C@@H](CN(C)Cc2ccc3OCOc3c2)OCCCC[C@@H](C)Oc4ccc(NC(=O)C5CCCCC5)cc4C1=O'],,,,,
11085,BRD-K81666293,['54657874'],['O[C@H]1COC[C@@H]2O[C@H](CC(=O)NCc3ccc(F)cc3)CC[C@H]2N(C1)C(=O)c1cnccn1'],,,,,
11086,BRD-K81674214,['54654095'],['COCCNC(=O)C[C@H]1CC[C@@H]2[C@H](COc3ccc(NC(=O)Cc4ccccc4)cc3C(=O)N2C)O1'],,,,,
11087,BRD-K81678234,['54645904'],['OC[C@@H]1O[C@@H](CC(=O)NCc2cccnc2)C[C@H]3[C@@H]1Oc4ccc(NC(=O)C5CCOCC5)cc34'],,,,,
11088,BRD-K81699431,['54654246'],['COc1cccc(CNC(=O)C[C@H]2CC[C@H]3[C@H](COc4ccc(NS(=O)(=O)c5ccccc5F)cc4C(=O)N3C)O2)c1'],,,,,
11089,BRD-K81701287,['60184899'],['COc1ccc2c3c([nH]c2c1)[C@@H](CO)N(C[C@]31CCN(CC2CCCCC2)CC1)S(=O)(=O)c1cn(C)cn1'],,,,,
11090,BRD-K81706693,['54654121'],['CCCC(=O)Nc1ccc2OC[C@H]3O[C@@H](CC(=O)NCc4cccc(F)c4)CC[C@@H]3N(C)C(=O)c2c1'],,,,,
11091,BRD-K81721884,['54631357'],['COCC(=O)Nc1ccc2c(OC[C@@H](C)N(Cc3cccc(F)c3)C[C@H](C)[C@H](CN(C)C2=O)OC)c1'],,,,,
11092,BRD-K81732150,['54619535'],['C[C@@H](CO)N1C[C@@H](C)[C@@H](CN(C)C(=O)Nc2cc(F)ccc2F)Oc3cc(/C=C/c4ccccc4)ccc3S1(=O)=O'],,,,,
11093,BRD-K81736443,['54645966'],['COc1ccccc1CNC(=O)C[C@@H]2C[C@@H]3[C@@H](Oc4ccc(NC(=O)Nc5ccc(cc5)C(F)(F)F)cc34)[C@H](CO)O2'],,,,,
11094,BRD-K81739235,['60189909'],['COc1ccc2c3c([nH]c2c1)[C@H](CO)N(C[C@]31CCN(CC1)S(=O)(=O)c1ccccc1)C(C)=O'],,,,,
11095,BRD-K81751891,['44142058'],['C(Nc1ncnc2ccc(cc12)c3ccc4OCOc4c3)c5cccnc5'],,,,,
11096,BRD-K81752795,['54660835'],['OC[C@@H]1[C@H]2Cn3c(ccc(-c4ccc(F)cc4)c3=O)[C@H]2N(CC2CC2)[C@H]1C(=O)NCc1ccncn1'],,,,,
11097,BRD-K81763433,['54664872'],['COc1cccc(c1)-c1ccc2N(C)[C@@H](CO)[C@H]3CCN([C@H]3c2c1)C(=O)Cc1ccncc1'],,,,,
11098,BRD-K81793693,['60185230'],['C\\C=C\\c1ccc(cc1)[C@H]1[C@@H]2CNC[C@H]1N2Cc1ccccn1'],,,,,
11099,BRD-K81795824,['45099945'],['N(c1nc(cs1)-c1ccccc1)c1nc(nnc1-c1ccccc1)-c1ccccn1'],,,,,
11100,BRD-K81799166,['54637791'],['C[C@H](CO)N1C[C@@H](C)[C@@H](CN(C)S(=O)(=O)CC(F)(F)F)OCc2ccccc2-c3ccccc3C1=O'],,,,,
11101,BRD-K81807412,['102175'],['CNc1ncnc2n(cnc12)[C@@H]1O[C@H](CO)[C@@H](O)[C@H]1O'],,,,,
11102,BRD-K81810761,['54631350'],['CO[C@@H]1CN(C)C(=O)c2ccc(NC(=O)c3ccc(F)cc3)cc2OC[C@@H](C)N(C[C@H]1C)C(=O)CC1CC1'],,,,,
11103,BRD-K81812196,['54652604'],['OC[C@@H]1[C@@H]2[C@@H](CN(C(=O)Nc3cccc(F)c3)c3ccccc23)N1C(=O)Cc1ccccn1'],,,,,
11104,BRD-K81813927,['6729775'],['COc1cc2CCN(Cc2cc1OC)C(=O)[C@H]3[C@H]4N([C@@H](c5ccc(O)cc5)[C@]36C(=O)Nc7ccccc76)[C@@H]([C@@H](OC4=O)c8ccccc8)c9ccccc9'],,,,,
11105,BRD-K81814927,['46907621'],['Cn1c2ccccc2c(OCCCC(=O)Nc2cc(ccn2)-c2cn[nH]c2)cc1=O'],,,,,
11106,BRD-K81821583,['44505056'],['C[C@H](CO)N1C[C@H](C)[C@@H](CN(C)CC2CC2)OCc3cnnn3CCCC1=O'],,,,,
11107,BRD-K81826010,['54654538'],['CN1[C@H]2CC[C@@H](CC(=O)NCC3CCCCC3)O[C@H]2COc2ccc(NC(=O)c3cnccn3)cc2C1=O'],,,,,
11108,BRD-K81838897,['54664800'],['OC[C@@H]1Nc2ccc(Br)cc2[C@@H]2[C@H]1CCN2C(=O)C1CCOCC1'],,,,,
11109,BRD-K81858438,['44505902'],['C[C@H](CO)N1C[C@@H](C)[C@H](CN(C)Cc2ccccc2C(F)(F)F)OCc3cnnn3CCCC1=O'],,,,,
11110,BRD-K81858524,['49842987'],['C[C@@H](CO)N1C[C@@H](C)[C@H](CN(C)C(=O)Cc2ccccc2)OCCCC[C@H](C)Oc3ccc(NC(=O)Nc4ccc(cc4)C(F)(F)F)cc3C1=O'],,,,,
11111,BRD-K81859633,['54618664'],['C[C@H](CO)N1C[C@@H](C)[C@H](CN(C)C(=O)Cc2ccccn2)Oc3ncc(cc3C1=O)c4ccc(F)cc4'],,,,,
11112,BRD-K81860076,['60185247'],['COCC(=O)N1C[C@@]2(C1)CN([C@H](CO)c1c2c2ccc(OC)cc2n1C)C(=O)NC1CCCC1'],,,,,
11113,BRD-K81873565,['54654132'],['CN1[C@@H]2CC[C@H](CC(=O)NCC3CC3)O[C@@H]2COc2ccc(NC(=O)NC3CCCC3)cc2C1=O'],,,,,
11114,BRD-K81882789,['54654326'],['CN1[C@H]2CC[C@@H](CC(=O)N[C@H]3CCN(Cc4ccccc4)C3)O[C@@H]2COc2ccc(NC(=O)c3ccc(F)c(F)c3)cc2C1=O'],,,,,
11115,BRD-K81904610,['44491139'],['CC(C)NC(=O)Nc1ccc2O[C@H](CN(C)C)[C@@H](C)CN([C@@H](C)CO)C(=O)c2c1'],,,,,
11116,BRD-K81921806,['54651230'],['CCN(C[C@@H]1N[C@@H](CO)[C@@H]1c1ccccc1)C(=O)c1ccncc1'],,,,,
11117,BRD-K81927853,['44490407'],['C[C@@H](CO)N1C[C@@H](C)[C@H](CN(C)C(=O)CCC(F)(F)F)OCCCC[C@@H](C)Oc2ccc(NS(=O)(=O)c3ccccc3)cc2C1=O'],,,,,
11118,BRD-K81933000,['5067281'],['Cc1cc(nc2ccc(NC(=O)C3CCCCC3)cc12)N1CCOCC1'],,,,,
11119,BRD-K81940726,['54649586'],['CO[C@H]1CC[C@@H]2CCOc3c(cccc3C(=O)N(C)[C@@H](C)C(=O)N(C)C[C@H]1O2)C#N'],,,,,
11120,BRD-K81943679,['54646636'],['C[C@@H](NC(=O)C[C@@H]1C[C@@H]2[C@@H](Oc3ccc(NC(=O)c4cccnc4)cc23)[C@H](CO)O1)c5ccccc5'],,,,,
11121,BRD-K81945689,['54637876'],['C[C@@H](CO)N1C[C@@H](C)[C@@H](CN(C)C(=O)NC2CCCCC2)OCc3ccccc3-c4ccccc4C1=O'],,,,,
11122,BRD-K81953058,['60190082'],['COc1cccc(CN2C[C@@]3(C2)CN([C@@H](CO)c2[nH]c4cc(OC)ccc4c32)C(=O)C2CC2)c1'],,,,,
11123,BRD-K81954574,['54638559'],['OC[C@@H]1O[C@@H](CC(=O)NCc2cccc(F)c2)CC[C@H]1NC(=O)CN1CCOCC1'],,,,,
11124,BRD-K81974123,['54631801'],['COCC(=O)N1C[C@@H](C)[C@@H](CN(C)C(=O)c2ccc(NC(=O)c3ccc(OC)cc3)cc2OC[C@@H]1C)OC'],,,,,
11125,BRD-K82003968,['54638655'],['COc1cccc(CNC(=O)C[C@@H]2O[C@H](CO)[C@H](NC(=O)C3CCC3)C=C2)c1'],,,,,
11126,BRD-K82004089,['54646705'],['CS(=O)(=O)Nc1ccc2O[C@@H]3[C@@H](C[C@@H](CC(=O)NCC4CC4)O[C@H]3CO)c2c1'],,,,,
11127,BRD-K82004360,['44497542'],['CNC[C@H]1Oc2c(NC(=O)NC(C)C)cccc2C(=O)N(C[C@H]1C)[C@H](C)CO'],,,,,
11128,BRD-K82005490,['54649560'],['CO[C@H]1CC[C@H]2CCOc3c(cccc3C(=O)N(C)CCCC(=O)N(C)C[C@H]1O2)C#N'],,,,,
11129,BRD-K82014438,['54649979'],['OC[C@H]1[C@@H]([C@@H](C#N)N1S(=O)(=O)Cc1ccccc1)c1ccccc1'],,,,,
11130,BRD-K82015643,['44503579'],['CC(C)NC(=O)Nc1ccc2O[C@H](CN(C)S(=O)(=O)c3ccccc3)[C@@H](C)CN([C@@H](C)CO)C(=O)Cc2c1'],,,,,
11131,BRD-K82019527,['54661171'],['CCCNC(=O)[C@H]1[C@H](CO)[C@H]2Cn3c(ccc(-c4ccncc4)c3=O)[C@@H]1N2Cc1ccccc1F'],,,,,
11132,BRD-K82024442,['56643208'],['Oc1ccc(NS(=O)(=O)c2ccccc2F)c2cccnc12'],,,,,
11133,BRD-K82034465,['2914104'],['CC(=Cc1ccccc1)C=C1SC(=S)N(CCCC(=O)Nc2ccc(C(O)=O)c(O)c2)C1=O'],,,,,
11134,BRD-K82041810,['54638614'],['OC[C@H]1O[C@@H](CCNC(=O)Nc2ccc(cc2)C(F)(F)F)CC[C@@H]1NC(=O)c1cccnc1'],,,,,
11135,BRD-K82048228,['54651271'],['CCN(C[C@@H]1[C@H]([C@@H](CO)N1C(C)=O)c1ccccc1)C(=O)NC1CCCC1'],,,,,
11136,BRD-K82053812,['54631441'],['CO[C@H]1CN(C)C(=O)c2ccc(NC(=O)c3ccc4OCOc4c3)cc2OC[C@H](C)N(CCC(F)(F)F)C[C@@H]1C'],,,,,
11137,BRD-K82062373,['54638908'],['OC[C@@H]1O[C@@H](CCNS(=O)(=O)c2ccc(Cl)cc2)CC[C@@H]1NC(=O)c1ccccn1'],,,,,
11138,BRD-K82062446,['54631443'],['CO[C@H]1CN(C)C(=O)c2cc(NC(=O)c3nc4ccccc4s3)ccc2OC[C@H](C)N(Cc2cncnc2)C[C@H]1C'],,,,,
11139,BRD-K82071478,['54638468'],['OC[C@@H]1O[C@H](CC(=O)N2CCOCC2)CC[C@H]1NC(=O)c1ccccn1'],,,,,
11140,BRD-K82078087,['60189975'],['COc1cccc(CN2C[C@]3(CCN(CC3)S(C)(=O)=O)c3c([C@H]2CO)n(C)c2cc(OC)ccc32)c1'],,,,,
11141,BRD-K82083906,['54637978'],['C[C@H](CO)N1C[C@@H](C)[C@@H](CN(C)C(=O)[C@@H](C)c2ccccc2)OCc3ccccc3-c4ccccc4C1=O'],,,,,
11142,BRD-K82092559,['44493436'],['C[C@@H](CO)N1C[C@H](C)[C@@H](CN(C)Cc2ccc(Oc3ccccc3)cc2)Oc4c(NC(=O)c5ccncc5)cccc4C1=O'],,,,,
11143,BRD-K82096551,['54638823'],['OC[C@@H]1O[C@@H](CC(=O)NCc2ccc(Cl)cc2)CC[C@H]1NC(=O)CC1CC1'],,,,,
11144,BRD-K82110567,['60190037'],['COc1ccc2c3c([nH]c2c1)[C@H](CO)N(Cc1cc(OC)cc(OC)c1)C[C@]31CN(C1)C(=O)Nc1c(C)noc1C'],,,,,
11145,BRD-K82118272,['60185229'],['Fc1ccccc1-c1ccc(cc1)[C@H]1[C@H]2CN(Cc3ccccc3)C[C@@H]1N2'],,,,,
11146,BRD-K82118651,['54638809'],['CN(C)Cc1cn(CC[C@@H]2CC[C@@H](NC(=O)Cc3cccnc3)[C@H](CO)O2)nn1'],,,,,
11147,BRD-K82121314,['54654052'],['CN1[C@H]2CC[C@@H](CC(=O)NCc3ccc4OCOc4c3)O[C@H]2COc2ccc(NC(=O)c3ccccc3F)cc2C1=O'],,,,,
11148,BRD-K82137294,['44202729'],['C[C@H](CO)N1C[C@H](C)[C@@H](CN(C)S(=O)(=O)c2ccccc2)Oc3ccc(NC(=O)Nc4ccc(cc4)C(F)(F)F)cc3C1=O'],,,,,
11149,BRD-K82140622,['44142056'],['Clc1cccc(c1)c2ccc3ncnc(NCc4cccnc4)c3c2'],,,,,
11150,BRD-K82151990,['54660903'],['OC[C@H]1[C@@H]2Cn3c(ccc(-c4ccccc4)c3=O)[C@@H](N2)[C@@H]1C(=O)N1CCCCC1'],,,,,
11151,BRD-K82154894,['54658082'],['CCCNC(=O)N1C[C@H](O)COC[C@@H]2O[C@H](CC(=O)N[C@@H]3CCN(Cc4ccccc4)C3)CC[C@@H]12'],,,,,
11152,BRD-K82158149,['54652631'],['COc1ccccc1C(=O)N1C[C@H]2[C@H]([C@H](CO)N2C(=O)Nc2ccccc2)c2ccccc12'],,,,,
11153,BRD-K82161520,['44498639'],['C[C@@H](CO)N1C[C@H](C)[C@@H](CN(C)C(=O)c2ccccc2)OCCCC[C@@H](C)Oc3ccc(NC(=O)c4ccccc4)cc3C1=O'],,,,,
11154,BRD-K82166043,['54646535'],['COCC(=O)Nc1ccc2O[C@H]3[C@H](C[C@@H](CC(=O)NCc4cccnc4)O[C@H]3CO)c2c1'],,,,,
11155,BRD-K82176569,['54631950'],['CO[C@@H]1CN(C)C(=O)c2ccc(NS(=O)(=O)CC(F)(F)F)cc2OC[C@H](C)N(Cc2cccnc2)C[C@H]1C'],,,,,
11156,BRD-K82185908,['60138106'],['CCOc1ccc(CCNC(=O)c2ccc3[nH]ccc3c2)cc1OCC'],,,,,
11157,BRD-K82195532,['60185232'],['CCCC(=O)N1C[C@]2(CN(C2)C(=O)C2CC2)c2c([C@@H]1CO)n(C)c1cc(OC)ccc21'],,,,,
11158,BRD-K82196068,['44495699'],['COc1ccc(cc1)S(=O)(=O)N(C)C[C@@H]2Oc3c(NC(=O)Nc4ccccc4)cccc3C(=O)N(C[C@H]2C)[C@H](C)CO'],,,,,
11159,BRD-K82204596,['54645805'],['COC(=O)C[C@@H]1C[C@@H]2[C@@H](Oc3ccc(NC(=O)c4ccc5OCOc5c4)cc23)[C@@H](CO)O1'],,,,,
11160,BRD-K82206012,['10357822'],['C[C@]12CC[C@H]3[C@@H](C[C@H](F)C4=CC(=O)CC[C@]34C)[C@@H]1CC[C@@H]2O'],,,,,
11161,BRD-K82210103,['44484277'],['C[C@@H](CO)N1C[C@H](C)[C@H](CN(C)Cc2ccc(Cl)c(Cl)c2)Oc3ccc(NC(=O)CCC(F)(F)F)cc3C1=O'],,,,,
11162,BRD-K82226238,['44490427'],['C[C@H](CO)N1C[C@@H](C)[C@H](CN(C)C(=O)CCC(F)(F)F)OCCCC[C@H](C)Oc2ccc(NC(=O)CCC(F)(F)F)cc2C1=O'],,,,,
11163,BRD-K82230692,['2741632'],['CC(C)(C)NC(=O)N1CCN(CC1)c2ncccc2C(F)(F)F'],,,,,
11164,BRD-K82234732,['54657578'],['O[C@@H]1COC[C@@H]2O[C@@H](CC(=O)N3CCOCC3)CC[C@H]2N(Cc2cccc(c2)-c2ccncc2)C1'],,,,,
11165,BRD-K82246602,['54646375'],['CN(C)CC(=O)Nc1ccc2O[C@H]3[C@H](C[C@@H](CC(=O)NCc4ccc(cc4)c5ccccc5)O[C@H]3CO)c2c1'],,,,,
11166,BRD-K82249256,['54646259'],['OC[C@H]1O[C@H](CC(=O)NCc2ccccn2)C[C@@H]3[C@H]1Oc4ccc(NC(=O)c5ccc6OCOc6c5)cc34'],,,,,
11167,BRD-K82263627,['54624431'],['C/C=C/c1ccc2c(O[C@H](CN(C)C)[C@@H](C)CN([C@H](C)CO)S2(=O)=O)c1'],,,,,
11168,BRD-K82276260,['54666491'],['CC(C)CC#Cc1ccc(cc1)[C@@H]1[C@@H](CO)N2CCCCN(C[C@H]12)C(=O)Cc1ccccn1'],,,,,
11169,BRD-K82276852,['54652440'],['OC[C@H]1[C@H]2[C@H](CN(C(=O)C3CCOCC3)c3ccccc23)N1C(=O)Nc1ccccc1F'],,,,,
11170,BRD-K82279920,['54632064'],['COCC(=O)Nc1ccc2c(OC[C@@H](C)N(C[C@H](C)[C@@H](CN(C)C2=O)OC)C(=O)NC(C)C)c1'],,,,,
11171,BRD-K82284120,['54645927'],['OC[C@H]1O[C@H](CC(=O)NCCN2CCCCC2)C[C@@H]3[C@H]1Oc4ccc(NS(=O)(=O)c5ccc(F)cc5)cc34'],,,,,
11172,BRD-K82326223,['73707582'],['CCCN(CC#C)[C@H]1CCc2cccc(O)c2C1'],,,,,
11173,BRD-K82328933,['54649325'],['CO[C@H](CN(C)S(=O)(=O)c1ccc(Cl)cc1)[C@@H](C)CN([C@H](C)CO)S(=O)(=O)c1cccc(Cl)c1'],,,,,
11174,BRD-K82332258,['54661082'],['OC[C@H]1[C@@H]2Cn3c(ccc(-c4cccc(F)c4)c3=O)[C@@H]2N(CC2CCOCC2)[C@@H]1C(=O)NCC1CC1'],,,,,
11175,BRD-K82365559,['54645938'],['C[C@H](NC(=O)C[C@@H]1C[C@H]2[C@H](Oc3ccc(NS(=O)(=O)c4ccc(F)cc4)cc23)[C@@H](CO)O1)c5ccccc5'],,,,,
11176,BRD-K82367827,['54618550'],['C[C@@H](CO)N1C[C@H](C)[C@@H](CN(C)CC2CCCCC2)Oc3ncc(cc3C1=O)c4ccc(C#N)cc4'],,,,,
11177,BRD-K82368009,['54664954'],['COc1ccc(cc1)NC(=O)N1CC[C@H]2[C@H](CO)N(C)c3ccc(cc3[C@@H]12)-c1cccc(c1)C(=O)N(C)C'],,,,,
11178,BRD-K82370171,['54646184'],['COc1ccccc1CNC(=O)C[C@@H]2C[C@@H]3[C@@H](Oc4ccc(NC(=O)C5CCOCC5)cc34)[C@@H](CO)O2'],,,,,
11179,BRD-K82374143,['54664923'],['OC[C@H]1Nc2ccc(Br)cc2[C@H]2[C@@H]1CCN2C(=O)c1ccccc1F'],,,,,
11180,BRD-K82384352,['44820550'],['Clc1ccc(CN(CCCNC(=S)NCCCc2c[nH]cn2)c2ccc(Br)cn2)cc1'],,,,,
11181,BRD-K82399474,['54639064'],['OC[C@H]1O[C@H](CC(=O)NCc2ccc(Oc3ccccc3)cc2)C=C[C@@H]1NC(=O)c1ccccc1'],,,,,
11182,BRD-K82414981,['60185245'],['CCCNC(=O)N1C[C@]2(CCN(CC2)C(=O)C2CCOCC2)c2c([nH]c3cc(OC)ccc23)[C@H]1CO'],,,,,
11183,BRD-K82423177,['71760799'],['COc1ccc2c3c([nH]c2c1)[C@@H](CO)N(C[C@]31CN(Cc2ccc(F)cc2)C1)C(=O)NC(C)C'],,,,,
11184,BRD-K82435102,['44487426'],['C[C@@H](CO)N1C[C@H](C)[C@@H](CN(C)Cc2ccncc2)OCCCC[C@H](C)Oc3ccc(NC(=O)Nc4ccccc4)cc3C1=O'],,,,,
11185,BRD-K82447793,['54631909'],['CO[C@H]1CN(C)C(=O)c2ccc(NC(=O)c3ccccc3OC)cc2OC[C@@H](C)N(C[C@@H]1C)C(C)=O'],,,,,
11186,BRD-K82462147,['54632019'],['CO[C@@H]1CN(C)C(=O)c2ccc(NC(=O)Nc3cc(F)ccc3F)cc2OC[C@@H](C)N(C)C[C@@H]1C'],,,,,
11187,BRD-K82462389,['54638747'],['OC[C@@H]1O[C@H](CC(=O)NCc2cc(F)cc(F)c2)CC[C@H]1NC(=O)Nc1ccc(cc1)C(F)(F)F'],,,,,
11188,BRD-K82469533,['54666490'],['C\\C=C\\c1ccc(cc1)[C@H]1[C@@H](CO)N2CCCCN(C[C@@H]12)C(=O)Cc1cccnc1'],,,,,
11189,BRD-K82488679,['54638819'],['OC[C@@H]1O[C@@H](CC(=O)NCc2ccc(Cl)cc2)CC[C@@H]1NC(=O)CC1CC1'],,,,,
11190,BRD-K82492171,['1265060'],['CN(c1ccc(OCC(=O)O)cc1)S(=O)(=O)c2ccc(F)cc2'],,,,,
11191,BRD-K82494420,['54661054'],['CCCN1[C@@H]2Cn3c(cccc3=O)[C@H]1[C@H]([C@@H]2CO)C(=O)N(C)C'],,,,,
11192,BRD-K82502275,['54646016'],['OC[C@H]1O[C@H](CC(=O)NCCN2CCCCC2)C[C@H]3[C@@H]1Oc4ccc(NC(=O)c5ccc6OCOc6c5)cc34'],,,,,
11193,BRD-K82504171,['44484438'],['C[C@H](CO)N1C[C@H](C)[C@H](CN(C)Cc2ccc(cc2)c3ccccc3)Oc4ccc(NS(=O)(=O)C)cc4CC1=O'],,,,,
11194,BRD-K82524003,['44485039'],['CCCN(C)C[C@@H]1OCCCC[C@@H](C)Oc2ccc(NS(=O)(=O)c3ccc(OC)cc3)cc2C(=O)N(C[C@@H]1C)[C@H](C)CO'],,,,,
11195,BRD-K82544341,['60193563'],['OC[C@@H]1[C@H]2Cn3c(ccc(C4=CCCCC4)c3=O)[C@H]2N(CC2CC2)[C@H]1C(=O)NC1Cc2ccccc2C1'],,,,,
11196,BRD-K82558986,['44489135'],['C[C@@H](CO)N1C[C@@H](C)[C@H](CN(C)Cc2ccc(cc2)C(=O)O)Oc3c(NC(=O)NC4CCCCC4)cccc3C1=O'],,,,,
11197,BRD-K82560670,['54649903'],['CCc1cnc(s1)N1[C@@H](CO)[C@@H]([C@@H]1C#N)c1ccc(cc1)C#CC(C)C'],,,,,
11198,BRD-K82580504,['44141938'],['Clc1ccc(cc1)C(=O)C1CCN(CC1)c1ncnc2sccc12'],,,,,
11199,BRD-K82582276,['54654038'],['CN1[C@H]2CC[C@H](CC(=O)NCc3ccccc3Cl)O[C@H]2COc2ccc(NC(=O)Nc3cccc(C)c3)cc2C1=O'],,,,,
11200,BRD-K82593502,['60185025'],['C(N1C[C@H]2N[C@@H](C1)[C@@H]2c1ccc(\\C=C\\c2ccccc2)cc1)c1nccs1'],,,,,
11201,BRD-K82594686,['44507983'],['C[C@H](CO)N1C[C@@H](C)[C@@H](CN(C)Cc2ccc(cc2)C(=O)Nc3ccccc3N)Oc4c(NC(=O)C5CCCCC5)cccc4C1=O'],,,,,
11202,BRD-K82599388,['54631508'],['CO[C@@H]1CN(C)C(=O)c2cc(NC(=O)Nc3c(C)noc3C)ccc2OC[C@@H](C)N(CCC(F)(F)F)C[C@H]1C'],,,,,
11203,BRD-K82602524,['54654377'],['CC(C)NC(=O)Nc1ccc2OC[C@@H]3O[C@@H](CC(=O)NCc4ccc(F)cc4)CC[C@@H]3N(C)C(=O)c2c1'],,,,,
11204,BRD-K82621995,['54638024'],['C[C@H](CO)N1C[C@H](C)[C@H](CN(C)Cc2cccc(F)c2)OCc3ccccc3-c4ccccc4C1=O'],,,,,
11205,BRD-K82633701,['44490385'],['CC(C)NC(=O)Nc1ccc2O[C@@H](C)CCCCO[C@@H](CN(C)C(=O)CCCN(C)C)[C@H](C)CN([C@@H](C)CO)C(=O)c2c1'],,,,,
11206,BRD-K82637111,['54666464'],['C[C@H](O)C#Cc1ccc(cc1)[C@H]1[C@H](CO)N2CCCCN(C[C@@H]12)C(=O)c1ccc2OCOc2c1'],,,,,
11207,BRD-K82644788,['54631859'],['COCC(=O)Nc1ccc2c(OC[C@@H](C)N(CC3CC3)C[C@H](C)[C@@H](CN(C)C2=O)OC)c1'],,,,,
11208,BRD-K82651890,['44487474'],['CC(C)NC(=O)Nc1ccc2O[C@@H](C)CCCCO[C@H](CN(C)C(=O)c3ccncc3)[C@@H](C)CN([C@H](C)CO)C(=O)c2c1'],,,,,
11209,BRD-K82666260,['44491409'],['COc1ccc(CN(C)C[C@H]2Oc3ccc(NC(=O)c4ccncc4)cc3CC(=O)N(C[C@@H]2C)[C@@H](C)CO)cc1'],,,,,
11210,BRD-K82669795,['54657482'],['COC(=O)C[C@H]1CC[C@@H]2NC[C@H](O)COC[C@H]2O1'],,,,,
11211,BRD-K82670191,['60184840'],['CS(=O)(=O)N1[C@H]2CNC[C@@H]1[C@H]2c1ccc(cc1)-c1ccccc1'],,,,,
11212,BRD-K82685933,['9583102'],['CN(C)/C=N/c1nnc(Sc2cc(C)nc3ccccc23)s1'],,,,,
11213,BRD-K82710433,['54631907'],['CCC(=O)Nc1ccc2c(OC[C@H](C)N(CCc3ccccc3)C[C@@H](C)[C@H](CN(C)C2=O)OC)c1'],,,,,
11214,BRD-K82726072,['54652489'],['OC[C@H]1[C@@H]2[C@@H](CNc3ccccc23)N1CC1CCOCC1'],,,,,
11215,BRD-K82727027,['54657683'],['O[C@@H]1COC[C@H]2O[C@H](CC(=O)NCc3ccccc3Cl)CC[C@@H]2N(Cc2nccs2)C1'],,,,,
11216,BRD-K82732294,['44142138'],['Cn1nnnc1Sc2ncnc3scc(c4ccc(C#N)cc4)c23'],,,,,
11217,BRD-K82736385,['54646420'],['OC[C@H]1O[C@H](CC(=O)NCc2cccc(F)c2)C[C@@H]3[C@H]1Oc4ccc(NC(=O)Cc5ccncc5)cc34'],,,,,
11218,BRD-K82747512,['3242997'],['O=C(CCNS(=O)(=O)c1cccc2nsnc12)N3CCN(CC3)c4ccccn4'],,,,,
11219,BRD-K82750814,['60182963'],['COC(=O)c1ccc(CN2C[C@@H]3[C@H]([C@@H](CO)N3C(=O)C2)c2ccc(Br)cc2)cc1'],,,,,
11220,BRD-K82758569,['54646411'],['CN(C)c1ccc2O[C@@H]3[C@@H](C[C@H](CC(=O)N4CCc5ccccc5C4)O[C@H]3CO)c2c1'],,,,,
11221,BRD-K82761903,['44487794'],['C[C@H](CO)N1C[C@H](C)[C@H](CN(C)Cc2ccc(cc2)C(F)(F)F)Oc3ccc(NC(=O)Cn4cnnn4)cc3C1=O'],,,,,
11222,BRD-K82765406,['54639097'],['OC[C@@H]1O[C@H](CCNC(=O)c2cnccn2)CC[C@@H]1NC(=O)c1ccc2OCOc2c1'],,,,,
11223,BRD-K82768082,['44241408'],['OC(c1ccc(NS(=O)(=O)c2ccc(s2)-c2ccccc2)cc1)(C(F)(F)F)C(F)(F)F'],,,,,
11224,BRD-K82768800,['54646332'],['CN(C)c1ccc2O[C@@H]3[C@@H](C[C@H](CC(=O)NCCN4CCCCC4)O[C@H]3CO)c2c1'],,,,,
11225,BRD-K82769855,['44490823'],['C[C@@H](CO)N1C[C@H](C)[C@H](CN(C)Cc2ccc3OCOc3c2)Oc4c(NS(=O)(=O)C)cccc4C1=O'],,,,,
11226,BRD-K82772827,['54631841'],['CO[C@@H]1CN(C)C(=O)c2cc(NS(=O)(=O)c3cccc(F)c3)ccc2OC[C@H](C)NC[C@@H]1C'],,,,,
11227,BRD-K82777549,['44492080'],['C[C@@H](CO)N1C[C@@H](C)[C@@H](CN(C)C)OCCCC[C@@H](C)Oc2ccc(NS(=O)(=O)c3cn(C)cn3)cc2C1=O'],,,,,
11228,BRD-K82794234,['54645946'],['C[C@@H](NC(=O)C[C@@H]1C[C@@H]2[C@@H](Oc3ccc(NS(=O)(=O)c4ccc(F)cc4)cc23)[C@@H](CO)O1)c5ccccc5'],,,,,
11229,BRD-K82803470,['54631750'],['CO[C@H]1CN(C)C(=O)c2cc(NC(=O)c3cc(C)on3)ccc2OC[C@@H](C)N(CC2CC2)C[C@@H]1C'],,,,,
11230,BRD-K82814298,['54638541'],['OC[C@H]1O[C@@H](CC(=O)NCc2cc(F)cc(F)c2)C=C[C@H]1NC(=O)c1ccccn1'],,,,,
11231,BRD-K82822203,['54639054'],['OC[C@@H]1O[C@@H](CCNC(=O)C2CCC2)CC[C@H]1NS(=O)(=O)Cc1ccccc1'],,,,,
11232,BRD-K82824976,['54631993'],['CO[C@H]1CN(C)C(=O)c2cc(NS(=O)(=O)CC(F)(F)F)ccc2OC[C@H](C)N(C[C@H]1C)C(=O)NC(C)C'],,,,,
11233,BRD-K82830100,['54638998'],['COc1ccccc1S(=O)(=O)N[C@H]1CC[C@H](CCn2cc(nn2)C2CCCCC2)O[C@H]1CO'],,,,,
11234,BRD-K82837433,['5386755'],['Oc1ccccc1C(=O)N/N=C/c2cc(Cl)cc(Cl)c2O'],,,,,
11235,BRD-K82869179,['54631554'],['CO[C@@H]1CN(C)C(=O)c2cc(NC(=O)NC3CCCCC3)ccc2OC[C@H](C)N(CCc2ccccc2)C[C@@H]1C'],,,,,
11236,BRD-K82869745,['60190052'],['CS(=O)(=O)N1[C@@H](CO)[C@@H](c2ccccc2)C11CN(C1)C(=O)c1ccccc1F'],,,,,
11237,BRD-K82870050,['60192115'],['CN(C)CC(=O)N1[C@@H](CO)[C@@H](c2ccccc2)C11CN(CCC(F)(F)F)C1'],,,,,
11238,BRD-K82882781,['44504109'],['CC(C)NC(=O)Nc1ccc2O[C@H](CN(C)S(=O)(=O)c3ccccc3)[C@H](C)CN([C@H](C)CO)C(=O)Cc2c1'],,,,,
11239,BRD-K82886296,['60190140'],['COc1ccc2c3c([nH]c2c1)[C@@H](CO)N(Cc1cccnc1)C[C@]31CCN(CC1)C(=O)CN(C)C'],,,,,
11240,BRD-K82899116,['44492158'],['COc1ccc(NC(=O)N(C)C[C@H]2Oc3ccc(cc3C(=O)N(C[C@@H]2C)[C@H](C)CO)N(C)C)cc1'],,,,,
11241,BRD-K82899766,['44489821'],['CCCN(C)C[C@@H]1Oc2ncc(cc2C(=O)N(C[C@@H]1C)[C@H](C)CO)c3ccc(F)cc3'],,,,,
11242,BRD-K82906409,['44505368'],['C[C@@H](CO)N1C[C@H](C)[C@@H](CN(C)S(=O)(=O)C)OCc2cnnn2CCCC1=O'],,,,,
11243,BRD-K82909508,['54637766'],['C[C@H](CO)N1C[C@H](C)[C@@H](CN(C)S(=O)(=O)c2cn(C)cn2)OCc3ccccc3-c4ccccc4C1=O'],,,,,
11244,BRD-K82911380,['60191327'],['CS(=O)(=O)N1C[C@@H]2[C@@H]([C@H](CO)N2C(=O)C1)c1ccc(Br)cc1'],,,,,
11245,BRD-K82927587,['54652720'],['CC(C)NC(=O)N1[C@H](CO)[C@H]2[C@@H]1CNc1ccccc21'],,,,,
11246,BRD-K82935485,['54646543'],['CN1CCN(CC1)C(=O)C[C@H]2C[C@H]3[C@H](Oc4ccc(NC(=O)Cc5ccncc5)cc34)[C@@H](CO)O2'],,,,,
11247,BRD-K82963710,['54652490'],['OC[C@@H]1[C@H]2[C@H](CNc3ccccc23)N1CC1CCOCC1'],,,,,
11248,BRD-K82971022,['54646574'],['CN(C)CC(=O)Nc1ccc2O[C@@H]3[C@@H](C[C@@H](CC(=O)NCc4cc(F)ccc4F)O[C@H]3CO)c2c1'],,,,,
11249,BRD-K82971429,['24059344'],['C[C@@H]1[C@H]([C@H](CCO)O[C@@]12C(=O)N(CC=C)c3ccc(cc32)N4CCCCC4=O)[Si](C)(C)F'],,,,,
11250,BRD-K82986138,['54638504'],['OC[C@H]1O[C@H](CC(=O)NCc2ccc(Oc3ccccc3)cc2)CC[C@@H]1NC(=O)c1ccc2OCOc2c1'],,,,,
11251,BRD-K82987299,['1645763'],['CCOC(=O)c1cnc2c(C)c(C)ccc2c1NCCCN(C)C'],,,,,
11252,BRD-K82989800,['54646141'],['COc1ccccc1CNC(=O)C[C@H]2C[C@H]3[C@H](Oc4ccc(NC(=O)c5ccc6OCOc6c5)cc34)[C@H](CO)O2'],,,,,
11253,BRD-K83001027,['54654497'],['CN1[C@@H]2CC[C@H](CC(=O)Nc3cn(C)nc3C)O[C@@H]2COc2ccc(NC(=O)C3CCOCC3)cc2C1=O'],,,,,
11254,BRD-K83003953,['54666696'],['C[C@@H](O)C#Cc1ccc(cc1)[C@@H]1[C@H](CO)N2CCCCN(C[C@@H]12)C(=O)Nc1ccccc1'],,,,,
11255,BRD-K83007718,['54616971'],['C[C@@H](CO)N1C[C@@H](C)[C@H](CN(C)S(=O)(=O)c2ccccc2)OCCCC[C@@H](C)Oc3ccc(NC(=O)Nc4ccc(cc4)C(F)(F)F)cc3C1=O'],,,,,
11256,BRD-K83016905,['54657973'],['COC(=O)C[C@H]1CC[C@@H]2[C@H](COC[C@@H](O)CN2S(=O)(=O)c2ccccc2OC)O1'],,,,,
11257,BRD-K83025131,['54646666'],['OC[C@@H]1O[C@H](CC(=O)NC2CCCCC2)C[C@@H]3[C@H]1Oc4ccc(NS(=O)(=O)c5ccc(F)cc5)cc34'],,,,,
11258,BRD-K83030741,['56835418'],['COc1ccccc1NC(=O)N(C)C[C@@H]2OCc3ccccc3-c4ccccc4C(=O)N(C[C@H]2C)[C@H](C)CO'],,,,,
11259,BRD-K83033340,['54638028'],['C[C@H](CO)N1C[C@H](C)[C@H](CN(C)S(=O)(=O)c2ccsc2)OCc3ccccc3-c4c(C1=O)n(C)c5ccccc45'],,,,,
11260,BRD-K83045795,['60190017'],['CCC(=O)N1CC2(C1)[C@H]([C@@H](CO)N2S(C)(=O)=O)c1ccc(cc1)\\C=C\\C'],,,,,
11261,BRD-K83047454,['60185170'],['O=C(C1CCOCC1)N1C[C@H]2N[C@@H](C1)[C@H]2c1ccc(\\C=C\\c2ccccc2)cc1'],,,,,
11262,BRD-K83058591,['54661280'],['CCC(=O)N1[C@@H]([C@@H](CO)[C@@H]2Cn3c(ccc(-c4ccc(F)cc4)c3=O)[C@H]12)C(=O)N(C)C'],,,,,
11263,BRD-K83068825,['71351736'],['C[N+](C)(C)CCc1c[nH]cn1'],,,,,
11264,BRD-K83072410,['54638784'],['OC[C@H]1O[C@H](C=C[C@@H]1NC(=O)Cc1cccnc1)CC(=O)Nc1ccccc1'],,,,,
11265,BRD-K83095440,['54638381'],['COc1cccc(NC(=O)N[C@@H]2C=C[C@@H](CC(=O)Nc3ccc(cc3)-c3ccccc3)O[C@H]2CO)c1'],,,,,
11266,BRD-K83121797,['54631532'],['CO[C@@H]1CN(C)C(=O)c2ccc(NS(C)(=O)=O)cc2OC[C@@H](C)N(C[C@H]1C)S(=O)(=O)CC(F)(F)F'],,,,,
11267,BRD-K83132555,['54657783'],['COCCNC(=O)C[C@H]1CC[C@H]2[C@@H](COC[C@H](O)CN2C(=O)c2cc(Cl)cc(Cl)c2)O1'],,,,,
11268,BRD-K83147038,['54637885'],['CC(C)COC(=O)N(C)C[C@@H]1OCc2ccccc2-c3c(C(=O)N(C[C@H]1C)[C@H](C)CO)n(C)c4ccccc34'],,,,,
11269,BRD-K83151319,['42626479'],['Oc1ccc(-c2csc(Nc3ccc4OCOc4c3)n2)c(O)c1'],,,,,
11270,BRD-K83155387,['54619510'],['C[C@H](CO)N1C[C@@H](C)[C@@H](CN(C)C(=O)Nc2cc(F)ccc2F)Oc3cc(/C=C/c4ccccc4)ccc3S1(=O)=O'],,,,,
11271,BRD-K83157442,['54660820'],['CN(C)C(=O)[C@H]1[C@H](CO)[C@H]2Cn3c(ccc(-c4cncnc4)c3=O)[C@@H]1N2C(=O)NC1CCCC1'],,,,,
11272,BRD-K83161876,['12351242'],['CCN1c2ccccc2Sc2ccc(Cl)cc12'],,,,,
11273,BRD-K83183082,['54661064'],['COC(=O)[C@@H]1[C@@H](CO)[C@@H]2Cn3c(ccc(\\C=C\\c4ccccc4)c3=O)[C@@H]2N1C(=O)C1CCCC1'],,,,,
11274,BRD-K83194053,['23631972'],['Oc1ccc(CCNc2ncnc3ccc(Cl)cc23)cc1'],,,,,
11275,BRD-K83213280,['928277'],['Brc1ccc2N=C3CCCN3Cc2c1'],,,,,
11276,BRD-K83216232,['44504601'],['C[C@H](CO)N1C[C@@H](C)[C@@H](CN(C)S(=O)(=O)C)Oc2ccc(NC(=O)Nc3cccc4ccccc34)cc2CC1=O'],,,,,
11277,BRD-K83216866,['60185204'],['C(C1CCOCC1)N1[C@H]2CNC[C@@H]1[C@@H]2c1ccc(\\C=C\\c2ccccc2)cc1'],,,,,
11278,BRD-K83241810,['54618429'],['C[C@@H](CO)N1C[C@@H](C)[C@H](CN(C)Cc2cccc(c2)C(=O)O)Oc3cc(C#CCC4CCCC4)ccc3S1(=O)=O'],,,,,
11279,BRD-K83242582,['54665069'],['COc1cccc(c1)-c1ccc2N[C@@H](CO)[C@H]3CCN([C@H]3c2c1)C(=O)c1ccc(F)cc1'],,,,,
11280,BRD-K83301268,['54646615'],['OC[C@H]1O[C@H](CC(=O)N2CCc3ccccc3C2)C[C@@H]4[C@H]1Oc5ccc(NC(=O)c6cccnc6)cc45'],,,,,
11281,BRD-K83311395,['54637642'],['CO[C@@H](C(=O)N(C)C[C@H]1OCc2ccccc2-c3ccccc3C(=O)N(C[C@@H]1C)[C@@H](C)CO)c4ccccc4'],,,,,
11282,BRD-K83311737,['54664984'],['OC[C@@H]1Nc2ccc(cc2[C@H]2[C@@H]1CCN2Cc1ccc2OCOc2c1)-c1cccc(c1)C#N'],,,,,
11283,BRD-K83315952,['54651416'],['OC[C@H]1[C@H]([C@@H](CNCC2CCC2)N1CC1CC1)c1ccccc1'],,,,,
11284,BRD-K83316435,['54658138'],['O[C@@H]1COC[C@H]2O[C@@H](CC(=O)NC3Cc4ccccc4C3)CC[C@@H]2N(C1)C(=O)Nc1ccc(cc1)C(F)(F)F'],,,,,
11285,BRD-K83322422,['54638756'],['COC(=O)C[C@H]1CC[C@H](NS(=O)(=O)c2ccccc2F)[C@H](CO)O1'],,,,,
11286,BRD-K83335786,['54637968'],['C[C@@H](CO)N1C[C@H](C)[C@H](CN(C)C(=O)N[C@@H](C)c2ccccc2)OCc3ccccc3-c4c(C1=O)n(C)c5ccccc45'],,,,,
11287,BRD-K83341069,['54658099'],['O[C@@H]1COC[C@@H]2O[C@@H](CC(=O)NCc3cccc(F)c3)CC[C@H]2N(C1)C(=O)c1ccncc1'],,,,,
11288,BRD-K83355732,['894165'],['CCOc1cc(CO)c(Br)cc1OCC(=O)O'],,,,,
11289,BRD-K83365001,['54654124'],['CN1[C@H]2CC[C@H](CC(=O)NCCc3ccncc3)O[C@H]2COc2ccc(NS(=O)(=O)c3ccc(C)cc3)cc2C1=O'],,,,,
11290,BRD-K83365102,['60189784'],['CN(C)CC(=O)N1[C@@H](CO)[C@@H](c2ccccc2)C11CN(Cc2cc(F)ccc2F)C1'],,,,,
11291,BRD-K83385358,['54613917'],['C[C@H](CO)N1C[C@H](C)[C@@H](CN(C)Cc2ccc(Cl)c(Cl)c2)Oc3ccc(NC(=O)c4ccncc4)cc3CC1=O'],,,,,
11292,BRD-K83388394,['54638294'],['C[C@@H](NC(=O)C[C@@H]1O[C@H](CO)[C@@H](NC(=O)Cc2ccccn2)C=C1)c1ccccc1'],,,,,
11293,BRD-K83390709,['54657529'],['O[C@H]1COC[C@H]2O[C@H](CC(=O)N3CCN(CC3)c3ccccc3)CC[C@@H]2N(C1)C(=O)c1cnccn1'],,,,,
11294,BRD-K83391808,['54657937'],['CN1CCN(CC1)C(=O)C[C@@H]1CC[C@H]2[C@@H](COC[C@@H](O)CN2C(=O)c2ccccc2F)O1'],,,,,
11295,BRD-K83395537,['60189896'],['CCC(=O)N1[C@@H](CO)[C@@H](c2ccccc2)C11CN(Cc2ccccc2Cl)C1'],,,,,
11296,BRD-K83397037,['54631931'],['CO[C@@H]1CN(C)C(=O)c2ccc(NC(=O)Nc3cccc(F)c3)cc2OC[C@H](C)NC[C@H]1C'],,,,,
11297,BRD-K83399162,['44485690'],['COc1ccc(CN(C)C[C@H]2Oc3ccc(NC(=O)Cc4ccccc4)cc3CC(=O)N(C[C@@H]2C)[C@@H](C)CO)cc1'],,,,,
11298,BRD-K83400219,['54638947'],['OC[C@@H]1O[C@@H](CCn2cc(nn2)-c2ccccc2)CC[C@@H]1NC(=O)Cc1ccccn1'],,,,,
11299,BRD-K83407176,['54639147'],['OC[C@H]1O[C@H](CC(=O)N2CCN(CC2)c2ccccc2)C=C[C@@H]1NC(=O)c1ccncc1'],,,,,
11300,BRD-K83414957,['60185254'],['Fc1ccc(CN2[C@H]3CNC[C@@H]2[C@@H]3c2ccc(cc2)-c2ccccc2)cc1'],,,,,
11301,BRD-K83426111,['54631985'],['CO[C@H]1CN(C)C(=O)c2cc(NS(=O)(=O)Cc3ccccc3)ccc2OC[C@H](C)NC[C@@H]1C'],,,,,
11302,BRD-K83426260,['54654094'],['COCCNC(=O)C[C@H]1CC[C@@H]2[C@@H](COc3ccc(NC(=O)Cc4ccccc4)cc3C(=O)N2C)O1'],,,,,
11303,BRD-K83431831,['44617409'],['C[C@@H](CO)N1C[C@H](C)[C@@H](CN(C)S(=O)(=O)c2ccccc2)OCCCC[C@H](C)Oc3ccc(NC(=O)Nc4ccc(cc4)C(F)(F)F)cc3C1=O'],,,,,
11304,BRD-K83435763,['54618678'],['C[C@@H](CO)N1C[C@H](C)[C@H](CN(C)C(=O)c2ccncc2)Oc3ncc(cc3C1=O)c4ccc(cc4)C(=O)N(C)C'],,,,,
11305,BRD-K83437201,['44505344'],['C[C@H](CO)N1C[C@H](C)[C@H](CN(C)S(=O)(=O)c2ccccc2)OCc3cnnn3CCCC1=O'],,,,,
11306,BRD-K83441480,['54652647'],['CCC(=O)N1[C@H](CO)[C@H]2[C@@H]1CN(c1ccccc21)S(=O)(=O)c1ccccc1C'],,,,,
11307,BRD-K83443720,['60189969'],['COc1ccc2c3c([nH]c2c1)[C@@H](CO)N(C)C[C@]31CCN(CC1)S(=O)(=O)c1cn(C)cn1'],,,,,
11308,BRD-K83448282,['54665005'],['COc1ccc(cc1)S(=O)(=O)N1CC[C@@H]2[C@H]1c1cc(ccc1N(C)[C@@H]2CO)C#Cc1ccccc1OC'],,,,,
11309,BRD-K83448671,['44496032'],['CC(C)NC(=O)N(C)C[C@H]1OCCCC[C@H](C)Oc2ccc(NC(=O)Nc3ccccc3)cc2C(=O)N(C[C@@H]1C)[C@H](C)CO'],,,,,
11310,BRD-K83468907,['54637997'],['C[C@@H](CO)N1C[C@@H](C)[C@@H](CN(C)S(=O)(=O)c2ccccc2F)OCc3ccccc3-c4c(C1=O)n(C)c5ccccc45'],,,,,
11311,BRD-K83473338,['54650051'],['OC[C@@H]1[C@H]([C@H](C#N)N1C(=O)C1CCOCC1)c1ccc(cc1)C1=CCCC1'],,,,,
11312,BRD-K83477078,['54661003'],['OC[C@H]1[C@@H]2Cn3c(ccc(-c4ccccc4)c3=O)[C@@H]2N([C@@H]1C(=O)NCCc1ccncc1)C(=O)C1CC1'],,,,,
11313,BRD-K83481956,['44505130'],['COc1ccc(cc1)S(=O)(=O)N(C)C[C@@H]2OCc3cnnn3CCCC(=O)N(C[C@@H]2C)[C@H](C)CO'],,,,,
11314,BRD-K83486374,['54645932'],['OC[C@@H]1O[C@@H](CC(=O)NCc2cc(F)ccc2F)C[C@@H]3[C@H]1Oc4ccc(NC(=O)c5cccnc5)cc34'],,,,,
11315,BRD-K83491689,['54665011'],['CN1[C@H](CO)[C@@H]2CCN([C@@H]2c2cc(ccc12)C1=CCCCC1)C(=O)C1CCCC1'],,,,,
11316,BRD-K83493571,['71576757'],['C[C@@H]1CC(=O)NN=C1c1ccc(I)cc1'],,,,,
11317,BRD-K83498497,['54626419'],['CCCN(C)C[C@H]1Oc2cc(ccc2S(=O)(=O)N(C[C@H]1C)[C@@H](C)CO)c3cccc(C#N)c3'],,,,,
11318,BRD-K83507699,['54666426'],['OC[C@H]1[C@@H]([C@H]2CN(CCCCN12)C(=O)Nc1cccc(F)c1)c1ccc(cc1)C#Cc1cccnc1'],,,,,
11319,BRD-K83509924,['44491495'],['C[C@@H](CO)N1C[C@H](C)[C@@H](CN(C)C(=O)CCCN(C)C)OCCCC[C@H](C)Oc2ccc(NS(=O)(=O)c3cccs3)cc2C1=O'],,,,,
11320,BRD-K83518844,['60190008'],['OC[C@H]1N(C(=O)c2cccnc2)C2(CN(C(=O)Cc3ccccn3)C2)[C@@H]1c1ccccc1'],,,,,
11321,BRD-K83522452,['60184855'],['CN(C)C(=O)c1cccc(c1)-c1ccc(cc1)[C@H]1[C@H]2CN(C[C@@H]1N2)C(=O)c1cnccn1'],,,,,
11322,BRD-K83529035,['54660953'],['COC(=O)[C@@H]1[C@@H](CO)[C@@H]2Cn3c(ccc(-c4ccccc4)c3=O)[C@@H]2N1C(=O)CC1CC1'],,,,,
11323,BRD-K83533725,['44486935'],['C[C@@H](CO)N1C[C@H](C)[C@H](CN(C)Cc2ccncc2)Oc3ccc(NC(=O)CCN4CCOCC4)cc3CC1=O'],,,,,
11324,BRD-K83541009,['49843306'],['COc1ccc(cc1)S(=O)(=O)N(C)C[C@@H]2OCCCC[C@H](C)Oc3ccc(NS(=O)(=O)c4cn(C)cn4)cc3C(=O)N(C[C@H]2C)[C@@H](C)CO'],,,,,
11325,BRD-K83544582,['54646547'],['CN1CCN(CC1)C(=O)C[C@@H]2C[C@H]3[C@H](Oc4ccc(NC(=O)Cc5ccncc5)cc34)[C@H](CO)O2'],,,,,
11326,BRD-K83546471,['54639146'],['OC[C@@H]1O[C@H](CC(=O)N2CCN(CC2)c2ccccc2)C=C[C@@H]1NC(=O)c1ccncc1'],,,,,
11327,BRD-K83547636,['54637902'],['COc1ccccc1S(=O)(=O)N(C)C[C@@H]2OCc3ccccc3-c4c(C(=O)N(C[C@@H]2C)[C@H](C)CO)n(C)c5ccccc45'],,,,,
11328,BRD-K83548510,['44494388'],['C[C@H](CO)N1C[C@H](C)[C@@H](CN(C)Cc2ccncc2)OCCCC[C@@H](C)Oc3ccc(cc3C1=O)N(C)C'],,,,,
11329,BRD-K83549059,['56835265'],['C[C@@H](CO)N1C[C@H](C)[C@H](CN(C)C(=O)Nc2ccccc2C(F)(F)F)OCc3ccccc3-c4ccccc4C1=O'],,,,,
11330,BRD-K83577967,['54652570'],['OC[C@@H]1[C@H]2[C@H](CN(C(=O)c3ccncc3)c3ccccc23)N1Cc1ccccc1F'],,,,,
11331,BRD-K83589469,['20969430'],['CC(=O)c1ccc(cc1)N2CCN(CC2)S(=O)(=O)c3ccc4NC(=O)Cc4c3'],,,,,
11332,BRD-K83600073,['54657930'],['CN1CCN(CC1)C(=O)C[C@@H]1CC[C@H]2[C@@H](COC[C@H](O)CN2C(=O)c2ccccc2F)O1'],,,,,
11333,BRD-K83601549,['44616428'],['C[C@@H](CO)N1C[C@@H](C)[C@H](CN(C)CC2CCCCC2)Oc3ccc(NC(=O)Nc4ccc(F)cc4)cc3CC1=O'],,,,,
11334,BRD-K83620635,['16273006'],['CN(C)S(=O)(=O)c1ccc(Cl)c(c1)C(=O)N1CCN(CC1)c1cccc(C)c1C'],,,,,
11335,BRD-K83625314,['54666493'],['CC(C)CC#Cc1ccc(cc1)[C@@H]1[C@H](CO)N2CCCCN(C[C@@H]12)C(=O)Cc1ccccn1'],,,,,
11336,BRD-K83631404,['54618692'],['C[C@@H](CO)N1C[C@@H](C)[C@H](CN(C)S(=O)(=O)c2cccc(F)c2)Oc3cc(C#CCN(C)C)ccc3S1(=O)=O'],,,,,
11337,BRD-K83644384,['54645840'],['COc1ccc(CNC(=O)C[C@H]2C[C@@H]3[C@@H](Oc4ccc(NC(=O)C5CCC5)cc34)[C@@H](CO)O2)cc1'],,,,,
11338,BRD-K83654676,['54654284'],['CC(C)c1cccc(NC(=O)C[C@H]2CC[C@H]3[C@@H](COc4ccc(NC(=O)c5cnccn5)cc4C(=O)N3C)O2)c1'],,,,,
11339,BRD-K83670234,['46907618'],['Cn1c2ccccc2c(OCCCC(=O)Nc2cc(ccn2)-c2ccncc2)cc1=O'],,,,,
11340,BRD-K83675132,['54649372'],['CC(C)(C)[S@](=O)N1Cc2cc(nc(c2[C@@H]1CCO)-c1cccc(c1)-c1cccnc1)C(=O)N[C@@H]1CCN(Cc2ccccc2)C1'],,,,,
11341,BRD-K83691318,['373878'],['c1ccc2[nH]c(nc2c1)c3nc4ccccc4s3'],,,,,
11342,BRD-K83694683,['54631469'],['CCCNC(=O)Nc1ccc2OC[C@H](C)N(Cc3ccc(cc3)-c3ccccn3)C[C@H](C)[C@H](CN(C)C(=O)c2c1)OC'],,,,,
11343,BRD-K83705009,['60189903'],['C\\C=C\\c1ccc(cc1)[C@H]1[C@@H](CO)N(C(C)=O)C11CN(C1)C(=O)c1ccc(F)cc1'],,,,,
11344,BRD-K83718139,['54613907'],['C[C@@H](CO)N1C[C@H](C)[C@@H](CN(C)S(=O)(=O)C)Oc2ccc(NC(=O)Nc3ccc(cc3)C(F)(F)F)cc2CC1=O'],,,,,
11345,BRD-K83720640,['54651043'],['OC[C@@H]1[C@@H]([C@H](C#N)N1C(=O)c1ccccn1)c1ccc(cc1)C1=CCCCC1'],,,,,
11346,BRD-K83725960,['44485683'],['C[C@@H](CO)N1C[C@H](C)[C@@H](CN(C)Cc2ccc(Cl)c(Cl)c2)Oc3ccc(NC(=O)C4CC4)cc3CC1=O'],,,,,
11347,BRD-K83726109,['54664891'],['COc1ccccc1-c1ccc2N[C@H](CO)[C@H]3CCN([C@H]3c2c1)S(=O)(=O)c1cccc(F)c1'],,,,,
11348,BRD-K83726357,['54654103'],['COc1ccc(CNC(=O)C[C@H]2CC[C@H]3[C@@H](COc4ccc(NC(=O)C(C)C)cc4C(=O)N3C)O2)cc1'],,,,,
11349,BRD-K83727172,['54651216'],['C\\C=C\\c1ccc(cc1)[C@@H]1[C@H](CO)N[C@H]1CNS(=O)(=O)c1ccccc1'],,,,,
11350,BRD-K83732250,['44487031'],['C[C@H](CO)N1C[C@@H](C)[C@@H](CN(C)C(=O)CCC(F)(F)F)OCCCC[C@H](C)Oc2ccc(NC(=O)Nc3ccc4OCOc4c3)cc2C1=O'],,,,,
11351,BRD-K83744912,['54660696'],['COC(=O)[C@H]1[C@H](CO)[C@H]2Cn3c(ccc(-c4ccccc4OC)c3=O)[C@H]2N1C(=O)c1cnccn1'],,,,,
11352,BRD-K83745732,['54646484'],['C[C@H](NC(=O)C[C@H]1C[C@H]2[C@H](Oc3ccc(NC(=O)NC4CCCCC4)cc23)[C@@H](CO)O1)c5ccccc5'],,,,,
11353,BRD-K83756286,['54631553'],['CCCNC(=O)Nc1ccc2OC[C@@H](C)N(C[C@H](C)[C@@H](CN(C)C(=O)c2c1)OC)C(=O)c1ccccc1F'],,,,,
11354,BRD-K83757561,['54654606'],['CN1[C@H]2CC[C@H](CC(=O)NCCc3ccncc3)O[C@@H]2COc2ccc(NC(=O)Cc3cccs3)cc2C1=O'],,,,,
11355,BRD-K83780283,['11795481'],['Cc1nc(O)c([N+](=O)[O-])c(Nc2ccc(Br)cc2Br)n1'],,,,,
11356,BRD-K83785854,['60191044'],['OC[C@@H]1[C@H]([C@H]2CN(CC(=O)N12)C(=O)Nc1ccc(F)cc1)c1ccc(cc1)-c1cccc(F)c1'],,,,,
11357,BRD-K83790954,['44492738'],['COc1ccc(CN(C)C[C@H]2Oc3ccc(NC(=O)Cn4cnnn4)cc3C(=O)N(C[C@@H]2C)[C@@H](C)CO)cc1'],,,,,
11358,BRD-K83816656,['44507111'],['C[C@H](CO)N1C[C@H](C)[C@H](CN(C)Cc2ccc(Cl)c(Cl)c2)Oc3ccc(NC(=O)CCCCCC(=O)Nc4ccccc4N)cc3C1=O'],,,,,
11359,BRD-K83826027,['54657672'],['O[C@@H]1CN[C@H]2CC[C@@H](CC(=O)Nc3ccc(cc3)-c3ccccc3)O[C@@H]2COC1'],,,,,
11360,BRD-K83826057,['54631954'],['CO[C@@H]1CN(C)C(=O)c2ccc(NC(=O)Nc3cccc(F)c3)cc2OC[C@@H](C)NC[C@@H]1C'],,,,,
11361,BRD-K83833567,['54651408'],['CN(C[C@@H]1[C@H]([C@H](CO)N1C(=O)c1ccccc1)c1ccccc1)C(=O)C1CCC1'],,,,,
11362,BRD-K83836748,['62861'],['CN(C)CCN1c2ccccc2Sc2ccc(Cl)cc12'],,,,,
11363,BRD-K83837862,['56835558'],['C[C@@H](CO)N1C[C@H](C)[C@H](CN(C)C(=O)NC2CCCCC2)OCc3ccccc3-c4ccccc4C1=O'],,,,,
11364,BRD-K83845832,['60191041'],['OC[C@H]1[C@H]([C@H]2CN(CC(=O)N12)C(=O)Nc1ccc(F)cc1)c1ccc(cc1)-c1cccc(F)c1'],,,,,
11365,BRD-K83859302,['54657491'],['Cc1noc(C)c1NC(=O)N1C[C@H](O)COC[C@H]2O[C@H](CC(=O)N3CCc4ccccc4C3)CC[C@H]12'],,,,,
11366,BRD-K83859448,['54646038'],['OC[C@H]1O[C@@H](CC(=O)O)C[C@H]2[C@@H]1Oc3ccc(NC(=O)Cc4ccncc4)cc23'],,,,,
11367,BRD-K83860226,['60184955'],['CN(C)C(=O)c1ccc(cc1)-c1ccc(cc1)[C@H]1[C@H]2CN(Cc3ccc4OCOc4c3)C[C@@H]1N2'],,,,,
11368,BRD-K83871946,['60189721'],['COc1ccc2c3c([nH]c2c1)[C@H](CO)N(C[C@]31CN(CC2CC2)C1)C(=O)Nc1cccc(F)c1'],,,,,
11369,BRD-K83873778,['54654169'],['CNC(=O)C[C@@H]1CC[C@H]2[C@H](COc3ccc(NC(=O)c4cc(F)cc(F)c4)cc3C(=O)N2C)O1'],,,,,
11370,BRD-K83893121,['44505681'],['COc1ccc(cc1)c2cnc3O[C@@H](CN(C)Cc4ccccc4)[C@@H](C)CN([C@H](C)CO)C(=O)c3c2'],,,,,
11371,BRD-K83896715,['54631430'],['CO[C@@H]1CN(C)C(=O)c2ccc(NS(=O)(=O)c3ccc(C)cc3)cc2OC[C@@H](C)N(Cc2ccccn2)C[C@H]1C'],,,,,
11372,BRD-K83920942,['54645955'],['OC[C@H]1O[C@H](CC(=O)NC2CCCC2)C[C@@H]3[C@H]1Oc4ccc(NC(=O)C5CCC5)cc34'],,,,,
11373,BRD-K83929831,['44492440'],['C[C@@H](CO)N1C[C@@H](C)[C@H](CN(C)Cc2ccc(Cl)c(Cl)c2)Oc3c(NS(=O)(=O)c4cccs4)cccc3C1=O'],,,,,
11374,BRD-K83933044,['54646579'],['CN(C)CC(=O)Nc1ccc2O[C@@H]3[C@@H](C[C@@H](CC(=O)NCc4cc(F)ccc4F)O[C@@H]3CO)c2c1'],,,,,
11375,BRD-K83940002,['44486010'],['CC(C)NC(=O)Nc1ccc2O[C@@H](CN(C)S(=O)(=O)C)[C@@H](C)CN([C@H](C)CO)C(=O)c2c1'],,,,,
11376,BRD-K83941994,['54619252'],['C[C@@H](CO)N1C[C@@H](C)[C@H](CN(C)Cc2cccc(F)c2)Oc3cc(ccc3S1(=O)=O)c4ccc(C#N)cc4'],,,,,
11377,BRD-K83954980,['60190159'],['COc1ccc2c3c([C@@H](CO)N(C[C@]33CCN(CC4CCCCC4)CC3)S(C)(=O)=O)n(C)c2c1'],,,,,
11378,BRD-K83980681,['54654011'],['COc1ccccc1CNC(=O)C[C@H]1CC[C@H]2[C@@H](COc3ccc(NC(=O)c4ccno4)cc3C(=O)N2C)O1'],,,,,
11379,BRD-K83981181,['54651435'],['COCC(=O)N(C[C@H]1[C@@H]([C@H](CO)N1C(=O)NC(C)C)c1ccccc1)C(C)C'],,,,,
11380,BRD-K83982653,['23986308'],['O=C(Cn1cc(CN2[C@@H](COCC2=O)c3ccccc3)nn1)Nc4ccon4'],,,,,
11381,BRD-K83998179,['23836178'],['COC(=O)CCCCCCC(=O)N/N=C/c1cc(Br)ccc1OC'],,,,,
11382,BRD-K83998477,['60191921'],['CCC(=O)N1CC2(C1)[C@H]([C@@H](CO)N2CC1CC1)c1ccc(cc1)-c1cccc(F)c1'],,,,,
11383,BRD-K84003657,['54631858'],['CO[C@@H]1CN(C)C(=O)c2cc(NC(=O)c3ccno3)ccc2OC[C@@H](C)N(C[C@@H]1C)S(C)(=O)=O'],,,,,
11384,BRD-K84023371,['54619055'],['CNC[C@H]1Oc2ncc(cc2C(=O)N(C[C@H]1C)[C@H](C)CO)c3ccccc3F'],,,,,
11385,BRD-K84024786,['54638871'],['OC[C@@H]1O[C@@H](CCNC(=O)C2CCC2)CC[C@H]1NC(=O)CN1CCOCC1'],,,,,
11386,BRD-K84039354,['60191154'],['OC[C@@H]1[C@H]([C@@H]2CN(CC(=O)N12)C(=O)Cc1cccnc1)c1ccc(cc1)C1=CCCCC1'],,,,,
11387,BRD-K84047740,['54646251'],['OC[C@@H]1O[C@H](CC(=O)NCc2ccc3OCOc3c2)C[C@H]4[C@@H]1Oc5ccc(NC(=O)Nc6ccccc6F)cc45'],,,,,
11388,BRD-K84061726,['54661379'],['OC[C@H]1[C@@H]2Cn3c(cccc3=O)[C@@H]2N(CCC(F)(F)F)[C@@H]1C(=O)NCc1ccc(F)cc1'],,,,,
11389,BRD-K84078621,['54631424'],['CO[C@@H]1CN(C)C(=O)c2ccc(NS(C)(=O)=O)cc2OC[C@@H](C)N(CC2CCCCC2)C[C@H]1C'],,,,,
11390,BRD-K84079653,['56835392'],['CC(C)COC(=O)N(C)C[C@H]1OCc2ccccc2-c3c(C(=O)N(C[C@@H]1C)[C@H](C)CO)n(C)c4ccccc34'],,,,,
11391,BRD-K84091085,['44483944'],['C[C@H](CO)N1C[C@H](C)[C@H](CN(C)C(=O)CCC(F)(F)F)OCCCC[C@H](C)Oc2ccc(NS(=O)(=O)c3ccccc3)cc2C1=O'],,,,,
11392,BRD-K84098240,['54646383'],['CCCNC(=O)C[C@@H]1C[C@H]2[C@H](Oc3ccc(NC(=O)NC4CCCCC4)cc23)[C@H](CO)O1'],,,,,
11393,BRD-K84102257,['28761'],['COc1cc(cc(OC)c1OC)C(=O)N2CCN(CC2)c3ccccn3'],,,,,
11394,BRD-K84103449,['54632016'],['COCC(=O)N1C[C@@H](C)[C@@H](CN(C)C(=O)c2cc(NC(=O)c3cc(C)on3)ccc2OC[C@@H]1C)OC'],,,,,
11395,BRD-K84104483,['54637646'],['CO[C@H](C(=O)N(C)C[C@H]1OCc2ccccc2-c3ccccc3C(=O)N(C[C@H]1C)[C@H](C)CO)c4ccccc4'],,,,,
11396,BRD-K84106030,['23748755'],['COc1ccc(cc1)[Si](C)(C)[C@@H]2[C@@H](C)[C@@]3(O[C@H]2CCn4cc(CCO)nn4)C(=O)N(CC=C)c5ccc(cc53)N6C(=O)c7cccc8cccc6c78'],,,,,
11397,BRD-K84109969,['44491494'],['CC(C)NC(=O)Nc1ccc2O[C@@H](C)CCCCO[C@H](CN(C)C(=O)CCCN(C)C)[C@@H](C)CN([C@@H](C)CO)C(=O)c2c1'],,,,,
11398,BRD-K84113859,['54618590'],['C[C@H](O)C#Cc1cnc2O[C@H](CN(C)C(=O)Cc3ccncc3)[C@@H](C)CN([C@H](C)CO)C(=O)c2c1'],,,,,
11399,BRD-K84114569,['1955478'],['COCCNC(=S)Nc1nc(OC)cc(OC)n1'],,,,,
11400,BRD-K84121492,['54660695'],['COC(=O)[C@@H]1[C@@H](CO)[C@@H]2Cn3c(ccc(-c4ccccc4OC)c3=O)[C@@H]2N1C(=O)c1cnccn1'],,,,,
11401,BRD-K84121706,['60190178'],['C\\C=C\\c1ccc(cc1)[C@@H]1[C@H](CO)N(C(=O)CN(C)C)C11CN(C1)C(=O)C1CCC1'],,,,,
11402,BRD-K84128874,['44484959'],['C[C@@H](CO)N1C[C@H](C)[C@H](CN(C)C(=O)Nc2c(C)noc2C)Oc3ccc(NC(=O)Cc4ccccc4)cc3C1=O'],,,,,
11403,BRD-K84129690,['60190963'],['OC[C@H]1[C@H]([C@@H]2CN(CC(=O)N12)C(=O)c1cnccn1)c1ccc(cc1)-c1cccc(F)c1'],,,,,
11404,BRD-K84139072,['44484605'],['C[C@H](CO)N1C[C@H](C)[C@@H](CN(C)Cc2ccncc2)Oc3ccc(NC(=O)Nc4cccc5ccccc45)cc3C1=O'],,,,,
11405,BRD-K84143894,['54638495'],['OC[C@H]1O[C@H](CCNS(=O)(=O)Cc2ccccc2)CC[C@@H]1NS(=O)(=O)c1ccc(F)cc1'],,,,,
11406,BRD-K84145110,['54665057'],['COc1cccc(c1)-c1ccc2N(C)[C@@H](CO)[C@H]3CCN([C@H]3c2c1)C(=O)c1ccc2OCOc2c1'],,,,,
11407,BRD-K84157702,['44489843'],['CC(C)NC(=O)N(C)C[C@@H]1OCCCC[C@H](C)Oc2ccc(cc2C(=O)N(C[C@@H]1C)[C@@H](C)CO)N(C)C'],,,,,
11408,BRD-K84168393,['54664830'],['CCCC#Cc1ccc2N(C)[C@H](CO)[C@@H]3CCN([C@@H]3c2c1)C(=O)CC1CC1'],,,,,
11409,BRD-K84195635,['54654531'],['CN1[C@@H]2CC[C@@H](CC(O)=O)O[C@H]2COc2ccc(NC(=O)c3cccc(c3)C(F)(F)F)cc2C1=O'],,,,,
11410,BRD-K84195984,['54638609'],['Cc1ccc(cc1)S(=O)(=O)N[C@H]1CC[C@H](CCn2cc(nn2)-c2cccnc2)O[C@@H]1CO'],,,,,
11411,BRD-K84203638,['3237904'],['Cc1ccnc(NC(=O)CCCOc2cc(=O)n(C)c3ccccc23)c1'],,,,,
11412,BRD-K84210283,['54632097'],['CO[C@@H]1CN(C)C(=O)c2cc(NC(=O)C3CCCCC3)ccc2OC[C@@H](C)NC[C@@H]1C'],,,,,
11413,BRD-K84218095,['54657721'],['O[C@@H]1CN[C@H]2CC[C@@H](CC(=O)NCCN3CCCCC3)O[C@@H]2COC1'],,,,,
11414,BRD-K84238725,['54649485'],['CO[C@@H]1CC[C@@H]2CCN(C)C(=O)[C@H](C)[C@@H](CN(C)C(=O)c3cccc(C#N)c3OC[C@H]1O2)OC'],,,,,
11415,BRD-K84239628,['54646227'],['OC[C@H]1O[C@@H](CC(=O)NCc2ccncc2)C[C@@H]3[C@H]1Oc4ccc(NC(=O)NC5CCCC5)cc34'],,,,,
11416,BRD-K84240784,['54657489'],['CN1CCN(CC1)C(=O)C[C@H]1CC[C@@H]2[C@H](COC[C@H](O)CN2CC2CCOCC2)O1'],,,,,
11417,BRD-K84244541,['54624615'],['CCCN(C)C[C@@H]1Oc2ncc(cc2C(=O)N(C[C@H]1C)[C@H](C)CO)c3cccnc3'],,,,,
11418,BRD-K84245233,['54654203'],['CN1[C@@H]2CC[C@H](CC(=O)NCc3ccc(cc3)-c3ccccc3)O[C@H]2COc2ccc(NC(=O)Cc3cccs3)cc2C1=O'],,,,,
11419,BRD-K84252391,['12895728'],['C[C@@H](N)Cc1cccc(c1)C(F)(F)F'],,,,,
11420,BRD-K84276102,['60190023'],['CCC(=O)N1CC[C@@]2(CC1)CN([C@H](CO)c1[nH]c3cc(OC)ccc3c21)S(=O)(=O)c1ccccc1'],,,,,
11421,BRD-K84290569,['54613924'],['C[C@H](CO)N1C[C@@H](C)[C@H](CN(C)S(=O)(=O)C)Oc2ccc(NC(=O)Nc3cccc4ccccc34)cc2CC1=O'],,,,,
11422,BRD-K84293326,['44202569'],['COc1ccc(NC(=O)N(C)C[C@H]2Oc3c(NC(=O)NC4CCCCC4)cccc3C(=O)N(C[C@@H]2C)[C@H](C)CO)cc1'],,,,,
11423,BRD-K84301121,['49787124'],['CC(C)(C)c1ccc(cc1)-c1noc(CCC(=O)NC2CC2)n1'],,,,,
11424,BRD-K84306552,['54637821'],['C[C@@H](CO)N1C[C@H](C)[C@H](CN(C)C(=O)Nc2c(C)noc2C)OCc3ccccc3-c4c(C1=O)n(C)c5ccccc45'],,,,,
11425,BRD-K84307821,['54661081'],['OC[C@@H]1[C@H]2Cn3c(ccc(-c4cccc(F)c4)c3=O)[C@H]2N(CC2CCOCC2)[C@H]1C(=O)NCC1CC1'],,,,,
11426,BRD-K84321619,['54638703'],['OC[C@@H]1O[C@@H](CC(=O)Nc2nccs2)C=C[C@@H]1NC(=O)c1cccc(F)c1'],,,,,
11427,BRD-K84331602,['54651404'],['OC[C@@H]1[C@@H]([C@@H](CNCC2CCC2)N1C(=O)Cc1cccnc1)c1ccccc1'],,,,,
11428,BRD-K84336022,['54654161'],['CN1CCN(CC1)C(=O)C[C@H]1CC[C@H]2[C@@H](COc3ccc(NC(=O)c4cscn4)cc3C(=O)N2C)O1'],,,,,
11429,BRD-K84368021,['54661306'],['OC[C@H]1[C@@H]2Cn3c(cccc3=O)[C@@H]2N([C@@H]1C(=O)NCc1ccccc1Cl)C(=O)C1CCOCC1'],,,,,
11430,BRD-K84381175,['54660794'],['OC[C@@H]1[C@H]2Cn3c(ccc(-c4cccc(F)c4)c3=O)[C@H]2N([C@H]1C(O)=O)C(=O)c1ccccn1'],,,,,
11431,BRD-K84388104,['56835284'],['COc1ccccc1S(=O)(=O)N(C)C[C@@H]2OCc3ccccc3-c4c(C(=O)N(C[C@H]2C)[C@@H](C)CO)n(C)c5ccccc45'],,,,,
11432,BRD-K84389640,['1244300'],['Cc1cccc(/N=C/2\\SCC(=O)N2c3cccc(C)c3)c1'],,,,,
11433,BRD-K84391460,['54657836'],['O[C@@H]1COC[C@@H]2O[C@H](CC(=O)NC3CCC3)CC[C@H]2N(Cc2ccccc2F)C1'],,,,,
11434,BRD-K84421421,['54664972'],['COc1cccc(c1)C#Cc1ccc2N[C@H](CO)[C@@H]3CCN([C@@H]3c2c1)C(=O)CC1CC1'],,,,,
11435,BRD-K84421793,['12668019'],['Oc1cc2[C@H](CNCCc2c(Cl)c1O)c3ccccc3'],,,,,
11436,BRD-K84431964,['60190137'],['COc1ccc2c3c([C@@H](CO)N(C[C@]33CCN(CC3)C(=O)c3ccccc3F)C(=O)Nc3ccc(F)cc3)n(C)c2c1'],,,,,
11437,BRD-K84432438,['54632105'],['CO[C@H]1CN(C)C(=O)c2cc(NS(=O)(=O)CC(F)(F)F)ccc2OC[C@@H](C)N(C[C@@H]1C)C(=O)NC(C)C'],,,,,
11438,BRD-K84447176,['54618452'],['CCCN(C)C[C@@H]1Oc2cc(C#Cc3cccc(OC)c3)ccc2S(=O)(=O)N(C[C@@H]1C)[C@H](C)CO'],,,,,
11439,BRD-K84447616,['54666676'],['CN(C)CC(=O)N1CCCCN2[C@@H](CO)[C@@H]([C@H]2C1)c1ccc(\\C=C\\c2ccccc2)cc1'],,,,,
11440,BRD-K84449870,['54652464'],['OC[C@@H]1[C@H]2[C@H](CN(C(=O)c3ccc4OCOc4c3)c3ccccc23)N1C(=O)CC1CC1'],,,,,
11441,BRD-K84450674,['44507302'],['C[C@H](CO)N1C[C@@H](C)[C@@H](CN(C)Cc2ccc(cc2)c3ccccc3)Oc4ccc(NC(=O)CCCCCC(=O)Nc5ccccc5N)cc4CC1=O'],,,,,
11442,BRD-K84455184,['54657501'],['O[C@@H]1COC[C@@H]2O[C@@H](CC(=O)Nc3nccs3)CC[C@H]2N(Cc2cc(F)cc(F)c2)C1'],,,,,
11443,BRD-K84468307,['54638506'],['OC[C@H]1O[C@@H](CC(=O)NCc2ccc(Oc3ccccc3)cc2)CC[C@@H]1NC(=O)c1ccc2OCOc2c1'],,,,,
11444,BRD-K84471959,['54660733'],['CCCN1[C@@H]2Cn3c(ccc(-c4cccnc4)c3=O)[C@H]1[C@H]([C@@H]2CO)C(=O)NCCc1cn(C)cn1'],,,,,
11445,BRD-K84475927,['54637844'],['C[C@@H](CO)N1C[C@H](C)[C@H](CN(C)S(=O)(=O)c2cn(C)cn2)OCc3ccccc3-c4c(C1=O)n(C)c5ccccc45'],,,,,
11446,BRD-K84497718,['54646506'],['COCCNC(=O)C[C@@H]1C[C@@H]2[C@@H](Oc3ccc(NC(=O)Nc4ccc(cc4)C(F)(F)F)cc23)[C@@H](CO)O1'],,,,,
11447,BRD-K84516003,['54631507'],['CO[C@H]1CN(C)C(=O)c2ccc(NS(=O)(=O)c3ccc(Oc4ccccc4)cc3)cc2OC[C@@H](C)NC[C@H]1C'],,,,,
11448,BRD-K84521734,['60191277'],['C\\C=C\\c1ccc(cc1)[C@@H]1[C@@H](CO)N2[C@@H]1CN(CC2=O)C(=O)Nc1ccc(F)cc1'],,,,,
11449,BRD-K84528570,['44486404'],['C[C@@H](CO)N1C[C@@H](C)[C@@H](CN(C)Cc2ccncc2)OCCCC[C@@H](C)Oc3ccc(NC(=O)Nc4ccccc4)cc3C1=O'],,,,,
11450,BRD-K84536720,['44619957'],['C[C@@H](CO)N1C[C@@H](C)[C@H](CN(C)CC2CC2)OCCCC[C@@H](C)Oc3ccc(NC(=O)Nc4ccc5OCOc5c4)cc3C1=O'],,,,,
11451,BRD-K84559549,['54631225'],['C[C@@H](CO)N1C[C@@H](C)[C@H](CN(C)C(=O)Nc2ccc(cc2)C(F)(F)F)Oc3cc(ccc3S1(=O)=O)c4ccc(C)cc4'],,,,,
11452,BRD-K84567604,['54649338'],['CC(C)(C)[S@@](=O)N1Cc2cc(nc(c2[C@H]1CCO)-c1cccc(c1)-c1cccnc1)C(=O)N1CCc2ccccc2C1'],,,,,
11453,BRD-K84568319,['54664818'],['C\\C=C\\c1ccc2N(C)[C@H](CO)[C@@H]3CCN([C@@H]3c2c1)C(=O)Cc1cccnc1'],,,,,
11454,BRD-K84571636,['94378'],['CCCCCCCC(=O)CCc1ccc(O)c(OC)c1'],,,,,
11455,BRD-K84574164,['60192181'],['OC[C@@H]1N(Cc2ccccn2)C2(CN(C(=O)CC3CC3)C2)[C@@H]1c1ccccc1'],,,,,
11456,BRD-K84586204,['56835575'],['CC(C)(C)S(=O)N1Cc2cc(nc(c2[C@H]1CCO)c3cccc(c3)c4cccc(F)c4)C(=O)NCCCN5CCOCC5'],,,,,
11457,BRD-K84596673,['54637656'],['CC(C)COC(=O)N(C)C[C@H]1OCc2ccccc2-c3ccccc3C(=O)N(C[C@@H]1C)[C@@H](C)CO'],,,,,
11458,BRD-K84617556,['71759654'],['COc1ccc2c3c([C@H](CO)N(C[C@]33CN(Cc4ccc(Cl)cc4)C3)C(C)=O)n(C)c2c1'],,,,,
11459,BRD-K84625203,['54646078'],['CN1CCN(CC1)C(=O)C[C@H]2C[C@@H]3[C@@H](Oc4ccc(NS(=O)(=O)C)cc34)[C@@H](CO)O2'],,,,,
11460,BRD-K84636160,['54657506'],['O[C@@H]1COC[C@H]2O[C@H](CC(=O)NC3CCCC3)CC[C@@H]2N(C1)C(=O)c1ccc2OCOc2c1'],,,,,
11461,BRD-K84639586,['54645898'],['OC[C@@H]1O[C@H](CC(=O)NCc2cccnc2)C[C@@H]3[C@H]1Oc4ccc(NC(=O)C5CCOCC5)cc34'],,,,,
11462,BRD-K84651951,['54631655'],['CO[C@@H]1CN(C)C(=O)c2cc(NS(=O)(=O)C3CCCCC3)ccc2OC[C@H](C)NC[C@@H]1C'],,,,,
11463,BRD-K84653575,['44495045'],['CNC[C@@H]1OCCCC[C@@H](C)Oc2ccc(NC(=O)NC(C)C)cc2C(=O)N(C[C@H]1C)[C@@H](C)CO'],,,,,
11464,BRD-K84677391,['23863739'],['C[N+](C)(C)CCCCNC(=O)[C@H]1C[C@@H]2N([C@H]1c3ccc(O)cc3)C(=O)[C@@H]4CCCN4C2=O'],,,,,
11465,BRD-K84678141,['60184816'],['CCCNC(=O)N1C[C@]2(CCN(CC2)C(=O)c2cccc(F)c2)c2c([nH]c3cc(OC)ccc23)[C@@H]1CO'],,,,,
11466,BRD-K84679731,['60188138'],['C(C1CC1)N1[C@H]2CNC[C@@H]1[C@H]2c1ccc(cc1)-c1ccncc1'],,,,,
11467,BRD-K84687999,['60184863'],['Clc1cccc(c1)S(=O)(=O)N1[C@H]2CNC[C@@H]1[C@@H]2c1ccc(cc1)-c1cccnc1'],,,,,
11468,BRD-K84691165,['54637643'],['CO[C@@H](C(=O)N(C)C[C@@H]1OCc2ccccc2-c3ccccc3C(=O)N(C[C@@H]1C)[C@H](C)CO)c4ccccc4'],,,,,
11469,BRD-K84696632,['54666443'],['OC[C@H]1[C@@H]([C@@H]2CN(CCCCN12)S(=O)(=O)c1ccc(F)cc1)c1ccc(cc1)-c1cncnc1'],,,,,
11470,BRD-K84702181,['54631743'],['CCS(=O)(=O)Nc1ccc2OC[C@H](C)N(CCC(F)(F)F)C[C@@H](C)[C@H](CN(C)C(=O)c2c1)OC'],,,,,
11471,BRD-K84705102,['60191239'],['OC[C@@H]1[C@@H]([C@H]2CN(CC(=O)N12)C(=O)Cc1cccnc1)c1ccc(cc1)C#CC1CCCCC1'],,,,,
11472,BRD-K84715825,['54638880'],['OC[C@@H]1O[C@@H](CC(=O)NCC2CC2)C=C[C@H]1NC(=O)c1ccncc1'],,,,,
11473,BRD-K84718005,['54638512'],['CC(C)NC(=O)N[C@H]1C=C[C@@H](CC(=O)NC2Cc3ccccc3C2)O[C@@H]1CO'],,,,,
11474,BRD-K84724939,['54625716'],['C[C@@H](CO)N1C[C@@H](C)[C@@H](CN(C)C(=O)c2ccccc2)Oc3ncc(cc3C1=O)c4ccc(C)cc4'],,,,,
11475,BRD-K84733605,['56835521'],['C[C@@H](CO)N1C[C@H](C)[C@H](CN(C)C(=O)N[C@@H](C)c2ccccc2)OCc3ccccc3-c4ccccc4C1=O'],,,,,
11476,BRD-K84738609,['60191604'],['COCC(=O)N1CC2(C1)[C@@H]([C@H](CO)N2C(C)=O)c1ccc(cc1)-c1ccc(C)cc1'],,,,,
11477,BRD-K84749975,['54637641'],['CO[C@H](C(=O)N(C)C[C@H]1OCc2ccccc2-c3ccccc3C(=O)N(C[C@@H]1C)[C@@H](C)CO)c4ccccc4'],,,,,
11478,BRD-K84762162,['46925888'],['CC(C)N1CCc2c(C1)sc(NC(C)=O)c2-c1nc2ccccc2o1'],,,,,
11479,BRD-K84770158,['46907722'],['CN(C)c1ccc(cc1)-c1csc(n1)N1CCC(CC1)C(N)=O'],,,,,
11480,BRD-K84770507,['44616576'],['C[C@@H](CO)N1C[C@@H](C)[C@@H](CN(C)CC2CC2)OCCCC[C@@H](C)Oc3ccc(NC(=O)Nc4ccc5OCOc5c4)cc3C1=O'],,,,,
11481,BRD-K84770655,['54665087'],['OC[C@H]1Nc2ccc(cc2[C@H]2[C@@H]1CCN2C(=O)c1cnccn1)-c1ccccc1F'],,,,,
11482,BRD-K84787606,['54646041'],['COCCNC(=O)C[C@@H]1C[C@@H]2[C@@H](Oc3ccc(NC(=O)CN(C)C)cc23)[C@H](CO)O1'],,,,,
11483,BRD-K84792586,['60185011'],['Cc1ccccc1-c1ccc(cc1)[C@H]1[C@H]2CN(C[C@@H]1N2)S(=O)(=O)Cc1ccccc1'],,,,,
11484,BRD-K84797952,['60185246'],['COc1ccc2c3c([nH]c2c1)[C@@H](CO)N(C[C@]31CN(C1)C(=O)Nc1c(C)noc1C)C(=O)Nc1ccc(F)cc1'],,,,,
11485,BRD-K84803513,['73707341'],['OC[C@H](O)[C@H](O)[C@@H](O)[C@@H](O)/C=N/NC(=O)CCCCC(=O)NO'],,,,,
11486,BRD-K84807441,['54658330'],['C[C@H](NC(=O)C[C@H]1CC[C@H]2[C@@H](COC[C@H](O)CN2Cc2ccc(cc2)C(F)(F)F)O1)c1ccccc1'],,,,,
11487,BRD-K84831408,['60189907'],['COc1ccc2c3c([C@@H](CO)N(C)C[C@]33CCN(CC3)C(=O)c3cccnc3)n(C)c2c1'],,,,,
11488,BRD-K84832762,['54646147'],['CS(=O)(=O)Nc1ccc2O[C@H]3[C@H](C[C@@H](CC(=O)NC4CCCC4)O[C@H]3CO)c2c1'],,,,,
11489,BRD-K84853311,['53382778'],['CN1CCN(CC1)C(=O)C[C@H]1CC[C@H]2[C@@H](COC[C@@H](O)CN2Cc2cccc(F)c2)O1'],,,,,
11490,BRD-K84855052,['44629408'],['CC(=O)Nc1c(C#N)c(c(C#N)c(=O)n1c2ccc(C)cc2)c3ccccc3'],,,,,
11491,BRD-K84855138,['1244199'],['Fc1ccccc1CNC(=O)c2cccs2'],,,,,
11492,BRD-K84856528,['54646121'],['CCCNC(=O)C[C@@H]1C[C@@H]2[C@@H](Oc3ccc(NC(=O)COC)cc23)[C@@H](CO)O1'],,,,,
11493,BRD-K84864079,['60138113'],['Cc1ccc(OCCn2c(CCNC(=O)C3CCCCC3)nc3ccccc23)cc1'],,,,,
11494,BRD-K84874839,['20969756'],['CCOc1ccccc1/C=C/c2onc(C)c2S(=O)(=O)N3CCC(CC3)C(=O)NC(C)(C)C'],,,,,
11495,BRD-K84876223,['44484512'],['C[C@H](CO)N1C[C@@H](C)[C@@H](CN(C)C(=O)C2CC2)OCc3cn(CCCC1=O)nn3'],,,,,
11496,BRD-K84881516,['843289'],['O=C(Nc1nc2ccccc2s1)c1cccs1'],,,,,
11497,BRD-K84890987,['49843440'],['C[C@@H](CO)N1C[C@H](C)[C@@H](CN(C)C)OCCCC[C@H](C)Oc2ccc(NC(=O)CCCCCC(=O)Nc3ccccc3N)cc2C1=O'],,,,,
11498,BRD-K84907327,['54638383'],['COCCNC(=O)C[C@H]1CC[C@H](NC(=O)NC2CCCCC2)[C@H](CO)O1'],,,,,
11499,BRD-K84909597,['54618485'],['C[C@H](CO)N1C[C@H](C)[C@H](CN(C)Cc2cncnc2)Oc3cc(C#CC4CCCC4)ccc3S1(=O)=O'],,,,,
11500,BRD-K84921800,['54631369'],['CCCNC(=O)Nc1ccc2OC[C@H](C)N(C[C@H](C)[C@@H](CN(C)C(=O)c2c1)OC)C(=O)c1ccccc1F'],,,,,
11501,BRD-K84924563,['73707377'],['N[C@@H](CCC(=O)C[N+]#N)C(O)=O'],,,,,
11502,BRD-K84935204,['54649330'],['CC(C)(C)[S@](=O)N1Cc2cc(nc(c2[C@@H]1CCO)-c1cccc(c1)-c1ccncc1)C(=O)NCc1ccncc1'],,,,,
11503,BRD-K84935712,['54638753'],['OC[C@H]1O[C@@H](CCNC(=O)CCN2CCCCC2)CC[C@@H]1NS(=O)(=O)c1cccc(Cl)c1'],,,,,
11504,BRD-K84951011,['54625394'],['C[C@H](CO)N1C[C@H](C)[C@@H](CN(C)C)Oc2cc(ccc2S1(=O)=O)c3cccc(C#N)c3'],,,,,
11505,BRD-K84959002,['44506712'],['C[C@H](CO)N1C[C@H](C)[C@@H](CN(C)Cc2ccc(cc2)c3ccccc3)Oc4c(NC(=O)CCCCCC(=O)Nc5ccccc5N)cccc4C1=O'],,,,,
11506,BRD-K84963986,['60189083'],['OC[C@H]1[C@@H]([C@@H]2CNCC(=O)N12)c1ccc(cc1)C1=CCCCC1'],,,,,
11507,BRD-K84994827,['54646225'],['OC[C@H]1O[C@@H](CC(=O)NCc2ccncc2)C[C@H]3[C@@H]1Oc4ccc(NC(=O)NC5CCCC5)cc34'],,,,,
11508,BRD-K85007671,['44617726'],['C[C@@H](CO)N1C[C@H](C)[C@H](CN(C)S(=O)(=O)c2ccc(C)cc2)OCCCC[C@H](C)Oc3ccc(NC(=O)Nc4ccccc4)cc3C1=O'],,,,,
11509,BRD-K85025453,['54638538'],['OC[C@@H]1O[C@H](CC(=O)N2CCc3ccccc3C2)C=C[C@H]1NC(=O)C1CC1'],,,,,
11510,BRD-K85051645,['56643193'],['O=C1CCCC2=C1C1(CCCC1)NC(Nc1nc3ccccc3o1)=N2'],,,,,
11511,BRD-K85055995,['54638247'],['COC(=O)C[C@@H]1O[C@@H](CO)[C@@H](N)C=C1'],,,,,
11512,BRD-K85058337,['54631837'],['CO[C@H]1CN(C)C(=O)c2cc(NC(=O)C3CC3)ccc2OC[C@@H](C)N(C[C@H]1C)C(=O)CN1CCOCC1'],,,,,
11513,BRD-K85068586,['56835246'],['C[C@@H](CO)N1C[C@H](C)[C@H](CN(C)CC2CC2)OCc3ccccc3-c4ccccc4C1=O'],,,,,
11514,BRD-K85072179,['54661070'],['CN1[C@H]([C@H](CO)[C@H]2Cn3c(ccc(-c4cccnc4)c3=O)[C@@H]12)C(=O)NCC1CCCCC1'],,,,,
11515,BRD-K85079232,['54638742'],['OC[C@H]1O[C@@H](CC(=O)NCc2cc(F)cc(F)c2)CC[C@H]1NC(=O)Nc1ccc(cc1)C(F)(F)F'],,,,,
11516,BRD-K85079349,['54651403'],['OC[C@@H]1[C@@H]([C@H](CNCC2CCC2)N1C(=O)Cc1cccnc1)c1ccccc1'],,,,,
11517,BRD-K85088178,['54638370'],['OC[C@@H]1O[C@H](CC(=O)NCc2ccncn2)CC[C@@H]1NC(=O)c1ccc(F)cc1'],,,,,
11518,BRD-K85099724,['54654505'],['CN1[C@@H]2CC[C@H](CC(=O)NC3CCCCC3)O[C@H]2COc2ccc(NS(C)(=O)=O)cc2C1=O'],,,,,
11519,BRD-K85101781,['44492739'],['COc1ccc(CN(C)C[C@H]2Oc3ccc(NC(=O)NC(C)C)cc3C(=O)N(C[C@@H]2C)[C@@H](C)CO)cc1'],,,,,
11520,BRD-K85102293,['44497120'],['COc1ccc(cc1)S(=O)(=O)Nc2cccc3C(=O)N(C[C@@H](C)[C@@H](CN(C)S(=O)(=O)c4ccc(OC)cc4)Oc23)[C@H](C)CO'],,,,,
11521,BRD-K85118298,['60191229'],['OC[C@@H]1[C@@H]([C@H]2CNCC(=O)N12)c1ccc(Br)cc1'],,,,,
11522,BRD-K85119394,['54630716'],['COc1cccc(c1)S(=O)(=O)N(C)C[C@@H]2Oc3cc(ccc3S(=O)(=O)N(C[C@H]2C)[C@@H](C)CO)C4=CCCC4'],,,,,
11523,BRD-K85123403,['44497793'],['C[C@@H](CO)N1C[C@@H](C)[C@H](CN(C)CC2CCCCC2)OCCCC[C@H](C)Oc3ccc(NC(=O)c4ccccc4)cc3C1=O'],,,,,
11524,BRD-K85123694,['56835592'],['CN(C)CC#Cc1cccc(c1)c2nc(cc3CN([C@@H](CCO)c32)S(=O)C(C)(C)C)C(=O)O'],,,,,
11525,BRD-K85124606,['54637933'],['C[C@H](CO)N1C[C@@H](C)[C@H](CN(C)S(=O)(=O)c2cccc(C#N)c2)OCc3ccccc3-c4c(C1=O)n(C)c5ccccc45'],,,,,
11526,BRD-K85126547,['54660726'],['CC(C)NC(=O)N1[C@@H]([C@@H](CO)[C@@H]2Cn3c(ccc(-c4ccccc4F)c3=O)[C@H]12)C(=O)NC1CCC1'],,,,,
11527,BRD-K85132040,['60191188'],['CCS(=O)(=O)N1C[C@H]2[C@@H]([C@@H](CO)N2C(=O)C1)c1ccc(cc1)-c1cccc(F)c1'],,,,,
11528,BRD-K85134515,['54649413'],['CC(C)(C)[S@@](=O)N1Cc2cc(nc(c2[C@H]1CCO)-c1cccc(c1)-c1ccncc1)C(=O)NCc1ccccc1F'],,,,,
11529,BRD-K85144746,['44493124'],['CC(C)NC(=O)N(C)C[C@@H]1OCCCC[C@@H](C)Oc2ccc(NC(=O)Cc3ccccc3)cc2C(=O)N(C[C@@H]1C)[C@@H](C)CO'],,,,,
11530,BRD-K85147876,['56643188'],['S=P(c1cnc2ccccn12)(c1ccccc1)c1ccccc1'],,,,,
11531,BRD-K85169571,['54637931'],['C[C@@H](CO)N1C[C@@H](C)[C@@H](CN(C)S(=O)(=O)c2cccc(F)c2)OCc3ccccc3-c4ccccc4C1=O'],,,,,
11532,BRD-K85174275,['54666387'],['OC[C@H]1[C@@H]([C@@H]2CN(Cc3cncnc3)CCCCN12)c1ccc(cc1)C#CC1(O)CCCC1'],,,,,
11533,BRD-K85194284,['54638472'],['COCc1cn(CC[C@H]2CC[C@@H](NC(=O)Nc3ccc(cc3)C(F)(F)F)[C@H](CO)O2)nn1'],,,,,
11534,BRD-K85197047,['54637854'],['C[C@@H](CO)N1C[C@H](C)[C@H](CN(C)S(=O)(=O)c2cccs2)OCc3ccccc3-c4c(C1=O)n(C)c5ccccc45'],,,,,
11535,BRD-K85200143,['54646344'],['COc1ccc(NC(=O)Nc2ccc3O[C@H]4[C@H](C[C@H](CC(=O)N5CCN(C)CC5)O[C@@H]4CO)c3c2)cc1'],,,,,
11536,BRD-K85205404,['54654455'],['CN1[C@H]2CC[C@@H](CC(=O)NCC(F)(F)F)O[C@@H]2COc2ccc(NC(=O)c3ccccc3Cl)cc2C1=O'],,,,,
11537,BRD-K85208848,['54638518'],['CN(C)CCCNC(=O)C[C@H]1CC[C@@H](NS(=O)(=O)c2ccc(C)cc2)[C@@H](CO)O1'],,,,,
11538,BRD-K85211514,['49843416'],['C[C@H](CO)N1C[C@@H](C)[C@H](CN(C)Cc2ccc(Cl)c(Cl)c2)OCCCC[C@H](C)Oc3ccc(NS(=O)(=O)c4cccs4)cc3C1=O'],,,,,
11539,BRD-K85236313,['60189727'],['COc1ccc2c3c([C@@H](CO)N(C[C@]33CCN(Cc4ccccc4OC)CC3)C(C)=O)n(C)c2c1'],,,,,
11540,BRD-K85237725,['46907713'],['NC(=O)C1CCN(CC1)c1ncc(Br)s1'],,,,,
11541,BRD-K85237791,['54654387'],['CN1[C@@H]2CC[C@@H](CC(=O)NCC(F)(F)F)O[C@@H]2COc2ccc(NC(=O)Nc3ccc(C)cc3)cc2C1=O'],,,,,
11542,BRD-K85242441,['54646529'],['CN1CCN(CC1)C(=O)C[C@H]2C[C@H]3[C@H](Oc4ccc(NC(=O)c5ccc6OCOc6c5)cc34)[C@H](CO)O2'],,,,,
11543,BRD-K85258684,['54637972'],['C[C@@H](CO)N1C[C@H](C)[C@@H](CN(C)C(=O)[C@H](C)c2ccccc2)OCc3ccccc3-c4ccccc4C1=O'],,,,,
11544,BRD-K85259624,['54632036'],['COCC(=O)N1C[C@H](C)[C@H](CN(C)C(=O)c2cc(NC(=O)Nc3cccc(F)c3)ccc2OC[C@H]1C)OC'],,,,,
11545,BRD-K85266146,['5716606'],['FC(F)(F)c1cc(nc(S/C=C/C(=O)c2ccccc2)c1C#N)c3cccs3'],,,,,
11546,BRD-K85273981,['44495870'],['C[C@@H](CO)N1C[C@@H](C)[C@@H](CN(C)C(=O)Nc2cccc3ccccc23)Oc4c(NS(=O)(=O)C)cccc4C1=O'],,,,,
11547,BRD-K85275009,['2775426'],['COC(=O)c1scc2c(O)cc(nc12)C(F)(F)F'],,,,,
11548,BRD-K85297392,['54666433'],['OC[C@H]1[C@@H]([C@H]2CN(CCCCN12)S(=O)(=O)c1cccs1)c1ccc(\\C=C\\c2ccccc2)cc1'],,,,,
11549,BRD-K85297660,['54649580'],['CO[C@H]1CC[C@@H]2CCOc3c(cccc3C(=O)N(C)C[C@@H](C)C(=O)N(C)C[C@@H]1O2)C#N'],,,,,
11550,BRD-K85312201,['54652547'],['COCC(=O)N1C[C@@H]2[C@@H]([C@H](CO)N2Cc2ccccc2)c2ccccc12'],,,,,
11551,BRD-K85314854,['54654195'],['CN1[C@H]2CC[C@H](CC(=O)NCCN3CCCCC3)O[C@@H]2COc2ccc(NC(=O)Nc3ccc(Cl)cc3)cc2C1=O'],,,,,
11552,BRD-K85322309,['54657547'],['C[C@@H](NC(=O)C[C@H]1CC[C@@H]2[C@H](COC[C@@H](O)CN2C(=O)Nc2cccc(Cl)c2)O1)c1ccccc1'],,,,,
11553,BRD-K85332209,['54637723'],['C[C@H](CO)N1C[C@H](C)[C@@H](CN(C)C(=O)Nc2ccc(F)cc2)OCc3ccccc3-c4ccccc4C1=O'],,,,,
11554,BRD-K85359245,['54637928'],['C[C@H](CO)N1C[C@@H](C)[C@@H](CN(C)S(=O)(=O)c2ccsc2)OCc3ccccc3-c4ccccc4C1=O'],,,,,
11555,BRD-K85367959,['44492244'],['CC(C)NC(=O)Nc1ccc2O[C@H](CN(C)S(=O)(=O)C)[C@@H](C)CN([C@@H](C)CO)C(=O)c2c1'],,,,,
11556,BRD-K85371697,['60185060'],['COc1ccc2c3c([nH]c2c1)[C@H](CO)N(Cc1ccncc1)C[C@]31CN(C1)C(=O)CN(C)C'],,,,,
11557,BRD-K85388022,['54654151'],['CCCNC(=O)C[C@@H]1CC[C@@H]2[C@H](COc3ccc(NC(=O)c4ccc5OCOc5c4)cc3C(=O)N2C)O1'],,,,,
11558,BRD-K85398522,['44486959'],['C[C@@H](CO)N1C[C@H](C)[C@@H](CN(C)C(=O)Cc2ccccc2)OCc3cn(CCCC1=O)nn3'],,,,,
11559,BRD-K85411199,['60185211'],['COc1ccc2c3c([C@H](CO)N(C[C@]33CN(Cc4nccs4)C3)C(=O)Nc3cccc(F)c3)n(C)c2c1'],,,,,
11560,BRD-K85413794,['54619048'],['CNC[C@@H]1Oc2ncc(cc2C(=O)N(C[C@@H]1C)[C@@H](C)CO)c3ccccc3F'],,,,,
11561,BRD-K85426712,['54649408'],['CN1CCN(CC1)C(=O)c1cc2CN([C@@H](CCO)c2c(n1)-c1cccc(c1)-c1ccccc1F)[S@@](=O)C(C)(C)C'],,,,,
11562,BRD-K85433055,['54645850'],['OC[C@H]1O[C@@H](CC(=O)NCc2cccnc2)C[C@@H]3[C@H]1Oc4ccc(NS(=O)(=O)c5ccc(F)cc5)cc34'],,,,,
11563,BRD-K85438393,['54666458'],['CCS(=O)(=O)N1CCCCN2[C@@H](CO)[C@H]([C@H]2C1)c1ccc(cc1)C#Cc1ccccn1'],,,,,
11564,BRD-K85444001,['54651304'],['OC[C@@H]1[C@H]([C@H](CNC(=O)C2CCC2)N1C(=O)Cc1ccncc1)c1ccccc1'],,,,,
11565,BRD-K85449516,['44505537'],['COc1ccc(cc1)S(=O)(=O)N(C)C[C@H]2OCc3cnnn3CCCC(=O)N(C[C@H]2C)[C@@H](C)CO'],,,,,
11566,BRD-K85462489,['54660646'],['OC[C@H]1[C@@H]2Cn3c(ccc(C4=CCCCC4)c3=O)[C@@H](N2)[C@@H]1C(=O)NCCCN1CCOCC1'],,,,,
11567,BRD-K85471465,['54638592'],['OC[C@@H]1O[C@@H](CC(=O)NC2CCCCC2)C=C[C@H]1NS(=O)(=O)c1ccc(F)cc1'],,,,,
11568,BRD-K85515417,['60191110'],['OC[C@@H]1[C@@H]([C@@H]2CN(CC(=O)N12)C(=O)Cc1cccnc1)c1ccc(\\C=C\\c2ccccc2)cc1'],,,,,
11569,BRD-K85528826,['54638763'],['CC(C)NC(=O)NCC[C@H]1CC[C@H](NS(=O)(=O)c2ccc(Oc3ccccc3)cc2)[C@H](CO)O1'],,,,,
11570,BRD-K85536714,['54637724'],['C[C@H](CO)N1C[C@H](C)[C@H](CN(C)C(=O)Nc2ccc(F)cc2)OCc3ccccc3-c4ccccc4C1=O'],,,,,
11571,BRD-K85540993,['44504839'],['CC(C)NC(=O)N(C)C[C@@H]1Oc2ccc(NC(=O)Cc3cn(C)c4ccccc34)cc2CC(=O)N(C[C@@H]1C)[C@@H](C)CO'],,,,,
11572,BRD-K85549762,['54653998'],['CCS(=O)(=O)Nc1ccc2OC[C@H]3O[C@H](CC(=O)N4CCN(C)CC4)CC[C@@H]3N(C)C(=O)c2c1'],,,,,
11573,BRD-K85565420,['23815293'],['CCCCC[C@@H]1OC2=C([C@H](O)[C@]1(C)O)C(=O)N(OC)C2=C'],,,,,
11574,BRD-K85568664,['54661069'],['CN1[C@@H]([C@@H](CO)[C@@H]2Cn3c(ccc(-c4cccnc4)c3=O)[C@H]12)C(=O)NCC1CCCCC1'],,,,,
11575,BRD-K85569074,['44617236'],['COc1ccc(NC(=O)Nc2ccc3O[C@@H](C)CCCCO[C@@H](CN(C)CC4CC4)[C@@H](C)CN([C@H](C)CO)C(=O)c3c2)cc1'],,,,,
11576,BRD-K85573444,['60189862'],['OC[C@@H]1[C@@H](c2ccccc2)C2(CN(C2)C(=O)CC2CC2)N1Cc1cccc(F)c1'],,,,,
11577,BRD-K85580279,['44517658'],['OC(=O)c1ccccc1-c1noc(n1)-c1ccccc1F'],,,,,
11578,BRD-K85588347,['54631951'],['CO[C@H]1CN(C)C(=O)c2cc(NC(=O)C3CC3)ccc2OC[C@H](C)N(C[C@@H]1C)C(=O)NC(C)C'],,,,,
11579,BRD-K85592362,['44490284'],['C[C@H](CO)N1C[C@H](C)[C@H](CN(C)C(=O)Nc2ccc(F)cc2)OCCCC[C@@H](C)Oc3ccc(NS(=O)(=O)c4ccccc4)cc3C1=O'],,,,,
11580,BRD-K85593835,['54638292'],['C[C@@H](NC(=O)C[C@@H]1O[C@@H](CO)[C@H](NC(=O)Cc2ccccn2)C=C1)c1ccccc1'],,,,,
11581,BRD-K85616320,['54657962'],['Cc1noc(C)c1NC(=O)N1C[C@@H](O)COC[C@@H]2O[C@@H](CC(=O)NCC3CC3)CC[C@@H]12'],,,,,
11582,BRD-K85630885,['54650070'],['OC[C@@H]1[C@H]([C@@H](C#N)N1C(=O)c1ccccc1F)c1ccccc1'],,,,,
11583,BRD-K85632805,['54650087'],['CCCC#Cc1ccc(cc1)[C@@H]1[C@H](CO)N([C@@H]1C#N)S(C)(=O)=O'],,,,,
11584,BRD-K85642378,['44619245'],['C[C@@H](CO)N1C[C@H](C)[C@H](CN(C)CC2CCCCC2)OCCCC[C@@H](C)Oc3ccc(NS(=O)(=O)c4ccc(C)cc4)cc3C1=O'],,,,,
11585,BRD-K85644737,['54638734'],['OC[C@@H]1O[C@@H](CC(O)=O)C=C[C@@H]1NC(=O)c1ccccc1F'],,,,,
11586,BRD-K85650383,['54649388'],['CN(C)C(=O)c1ccc(cc1)-c1cccc(c1)-c1nc(cc2CN([C@H](CCO)c12)[S@](=O)C(C)(C)C)C(=O)N1CCN(C)CC1'],,,,,
11587,BRD-K85656047,['54661063'],['COC(=O)[C@H]1[C@H](CO)[C@H]2Cn3c(ccc(\\C=C\\c4ccccc4)c3=O)[C@H]2N1C(=O)C1CCCC1'],,,,,
11588,BRD-K85660637,['6884367'],['[O-][N+](=O)c1ccc(/C=N/NC(=O)CNc2cccc3ccccc23)o1'],,,,,
11589,BRD-K85664836,['54638949'],['OC[C@@H]1O[C@@H](CCn2cc(nn2)-c2ccccc2)CC[C@H]1NC(=O)Cc1ccccn1'],,,,,
11590,BRD-K85667213,['54631596'],['CCC(=O)Nc1ccc2OC[C@@H](C)N(Cc3ccncc3)C[C@H](C)[C@@H](CN(C)C(=O)c2c1)OC'],,,,,
11591,BRD-K85667327,['60191245'],['OC[C@@H]1[C@H]([C@H]2CN(CC(=O)N12)C(=O)C1CCOCC1)c1ccc(\\C=C\\c2ccccc2)cc1'],,,,,
11592,BRD-K85670329,['44142108'],['CC(C)(C)n1ncc2c(=O)n(Cc3ccccc3Br)cnc12'],,,,,
11593,BRD-K85672685,['54631577'],['CCCC(=O)Nc1ccc2OC[C@H](C)N(CC3CCCC3)C[C@@H](C)[C@H](CN(C)C(=O)c2c1)OC'],,,,,
11594,BRD-K85684641,['54646268'],['OC[C@@H]1O[C@@H](CC(=O)NCCN2CCCCC2)C[C@H]3[C@@H]1Oc4ccc(NC(=O)Nc5ccccc5)cc34'],,,,,
11595,BRD-K85685363,['60190967'],['OC[C@H]1[C@@H]([C@@H]2CN(CC(=O)N12)S(=O)(=O)c1cccc(F)c1)c1ccc(cc1)C1=CCCC1'],,,,,
11596,BRD-K85689251,['54661325'],['COC(=O)[C@H]1[C@H](CO)[C@H]2Cn3c(ccc(-c4ccccc4F)c3=O)[C@@H]1N2CC1CCCC1'],,,,,
11597,BRD-K85694079,['44485799'],['C[C@H](CO)N1C[C@@H](C)[C@@H](CN(C)C(=O)Nc2ccc(cc2)C(F)(F)F)OCCCC[C@@H](C)Oc3ccc(NS(=O)(=O)C)cc3C1=O'],,,,,
11598,BRD-K85698453,['54666508'],['OC[C@H]1[C@@H]([C@H]2CN(CCCCN12)C(=O)CN1CCOCC1)c1ccc(Br)cc1'],,,,,
11599,BRD-K85699864,['54638744'],['OC[C@H]1O[C@H](CC(=O)NCc2cc(F)cc(F)c2)CC[C@@H]1NC(=O)Nc1ccc(cc1)C(F)(F)F'],,,,,
11600,BRD-K85721574,['54631360'],['COCC(=O)Nc1ccc2OC[C@H](C)N(Cc3ccccn3)C[C@@H](C)[C@@H](CN(C)C(=O)c2c1)OC'],,,,,
11601,BRD-K85724483,['54654590'],['COc1cccc(c1)C(=O)Nc1ccc2OC[C@H]3O[C@@H](CC(=O)NCCCN4CCOCC4)CC[C@@H]3N(C)C(=O)c2c1'],,,,,
11602,BRD-K85727265,['54661249'],['CCN1[C@H]2Cn3c(ccc(-c4ccccc4)c3=O)[C@@H]1[C@@H]([C@H]2CO)C(=O)NCCCN1CCOCC1'],,,,,
11603,BRD-K85742570,['54637965'],['C[C@H](CO)N1C[C@H](C)[C@H](CN(C)C(=O)N[C@@H](C)c2ccccc2)OCc3ccccc3-c4c(C1=O)n(C)c5ccccc45'],,,,,
11604,BRD-K85751793,['60193582'],['COc1ccc(cc1)S(=O)(=O)N1CC[C@@]2(CC1)CN(Cc1ccccc1OC)[C@@H](CO)c1[nH]c3cc(OC)ccc3c21'],,,,,
11605,BRD-K85763971,['44202444'],['CC(C)NC(=O)Nc1ccc2O[C@H](CN(C)C(=O)NC3CCCCC3)[C@@H](C)CN([C@H](C)CO)C(=O)c2c1'],,,,,
11606,BRD-K85769686,['60191310'],['CC(C)CC#Cc1ccc(cc1)[C@@H]1[C@H](CO)N2[C@@H]1CN(CC2=O)C(=O)Nc1cc(F)ccc1F'],,,,,
11607,BRD-K85779012,['54654145'],['CN1[C@H]2CC[C@H](CC(=O)NCCN3CCCCC3)O[C@@H]2COc2ccc(NS(=O)(=O)c3cccc(F)c3)cc2C1=O'],,,,,
11608,BRD-K85790491,['54660658'],['COc1ccccc1CN1[C@H]2Cn3c(ccc(C4=CCCC4)c3=O)[C@@H]1[C@@H]([C@H]2CO)C(=O)N(C)C'],,,,,
11609,BRD-K85799948,['60191153'],['OC[C@H]1[C@H]([C@H]2CN(CC(=O)N12)C(=O)CN1CCOCC1)c1ccc(cc1)C1=CCCCC1'],,,,,
11610,BRD-K85802361,['54638721'],['COc1ccc(cc1)-c1cn(CC[C@@H]2CC[C@H](NC(=O)CCN3CCCCC3)[C@H](CO)O2)nn1'],,,,,
11611,BRD-K85804197,['54651412'],['C\\C=C\\c1ccc(cc1)[C@@H]1[C@@H](CO)N([C@@H]1CN(C)C(=O)c1ccccn1)C(C)=O'],,,,,
11612,BRD-K85806228,['54638948'],['OC[C@H]1O[C@@H](CCn2cc(nn2)-c2ccccc2)CC[C@H]1NC(=O)Cc1ccccn1'],,,,,
11613,BRD-K85815049,['54666647'],['C\\C=C\\c1ccc(cc1)[C@@H]1[C@H](CO)N2CCCCN(C[C@@H]12)C(=O)Nc1ccc(F)cc1'],,,,,
11614,BRD-K85818861,['44506674'],['C[C@@H](CO)N1C[C@H](C)[C@H](CN(C)Cc2ccc(Oc3ccccc3)cc2)Oc4ccc(NC(=O)CCCCCC(=O)Nc5ccccc5N)cc4CC1=O'],,,,,
11615,BRD-K85822033,['8005457'],['Cc1cccn2cc(COc3ccc(F)cc3Cl)nc12'],,,,,
11616,BRD-K85853281,['151582'],['C[C@@H]1O[C@H](C[C@H](N)[C@@H]1O)O[C@@H]1C[C@](O)(Cc2c(O)c3C(=O)c4ccccc4C(=O)c3c(O)c12)C(C)=O'],,,,,
11617,BRD-K85861721,['54638992'],['OC[C@@H]1O[C@H](CC(=O)NCCc2ccncc2)CC[C@@H]1NC(=O)Cc1ccccn1'],,,,,
11618,BRD-K85862256,['54651266'],['CCC(=O)N1[C@@H](CO)[C@@H]([C@@H]1CN(C)C(=O)CN1CCOCC1)c1ccccc1'],,,,,
11619,BRD-K85879095,['44489551'],['C[C@H](CO)N1C[C@@H](C)[C@H](CN(C)Cc2ccc(cc2)C(F)(F)F)Oc3ccc(NC(=O)CCN4CCOCC4)cc3C1=O'],,,,,
11620,BRD-K85885948,['60185180'],['COc1ccc2c3c([C@@H](CO)N(CC4CC4)C[C@]33CCN(CC3)C(=O)NC3CCCC3)n(C)c2c1'],,,,,
11621,BRD-K85886293,['44502845'],['C[C@@H](CO)N1C[C@@H](C)[C@@H](CN(C)Cc2ccncc2)Oc3ccc(NC(=O)CCC(F)(F)F)cc3CC1=O'],,,,,
11622,BRD-K85891179,['54631464'],['COCC(=O)Nc1ccc2c(OC[C@@H](C)N(C[C@@H](C)[C@@H](CN(C)C2=O)OC)C(=O)CN2CCOCC2)c1'],,,,,
11623,BRD-K85906476,['54654355'],['COC(=O)C[C@H]1CC[C@@H]2[C@@H](COc3ccc(NC(=O)c4cccc(Cl)c4)cc3C(=O)N2C)O1'],,,,,
11624,BRD-K85916563,['54652691'],['CC(C)NC(=O)N1[C@@H](CO)[C@H]2[C@@H]1CN(C)c1ccccc21'],,,,,
11625,BRD-K85930698,['54657810'],['Cc1ccc(cc1)S(=O)(=O)N1C[C@H](O)COC[C@@H]2O[C@@H](CC(=O)NCc3ccc4OCOc4c3)CC[C@@H]12'],,,,,
11626,BRD-K85932041,['54657963'],['Cc1noc(C)c1NC(=O)N1C[C@@H](O)COC[C@@H]2O[C@H](CC(=O)NCC3CC3)CC[C@@H]12'],,,,,
11627,BRD-K85935038,['60189992'],['OC[C@H]1N(Cc2ccccn2)C2(CN(C2)C(=O)c2cccc(F)c2)[C@@H]1c1ccccc1'],,,,,
11628,BRD-K85937960,['60138129'],['CCOC(=O)C1CCN(CC1)C(=O)C(C)(C)NC(=O)Nc1ccc2CCCc2c1'],,,,,
11629,BRD-K85946956,['44486401'],['C[C@@H](CO)N1C[C@@H](C)[C@@H](CN(C)Cc2ccccc2)OCCCC[C@@H](C)Oc3ccc(NC(=O)CCCN(C)C)cc3C1=O'],,,,,
11630,BRD-K85950149,['54652642'],['COCC(=O)N1[C@H](CO)[C@@H]2[C@H]1CNc1ccccc21'],,,,,
11631,BRD-K85955502,['54657645'],['CN1CCN(CC1)C(=O)C[C@@H]1CC[C@H]2[C@@H](COC[C@@H](O)CN2C(=O)Nc2ccc3OCOc3c2)O1'],,,,,
11632,BRD-K85957472,['54637780'],['C[C@H](CO)N1C[C@H](C)[C@@H](CN(C)C(=O)[C@@H](Cc2ccccc2)N(C)C)OCc3ccccc3-c4ccccc4C1=O'],,,,,
11633,BRD-K85967137,['44497252'],['C[C@H](CO)N1C[C@@H](C)[C@@H](CN(C)C(=O)C2CCCCC2)OCc3cn(CCCC1=O)nn3'],,,,,
11634,BRD-K85976669,['54650114'],['COCC(=O)N1[C@H](CO)[C@@H]([C@@H]1C#N)c1ccc(cc1)C#CCC1CCCC1'],,,,,
11635,BRD-K85979978,['44485075'],['C[C@@H](CO)N1C[C@@H](C)[C@@H](CN(C)C(=O)Nc2c(C)noc2C)OCc3cn(CCCC1=O)nn3'],,,,,
11636,BRD-K85981997,['60189756'],['COc1ccc2c3c([nH]c2c1)[C@H](CO)N(Cc1cc(F)ccc1F)C[C@]31CN(C1)C(=O)C1CCC1'],,,,,
11637,BRD-K86011921,['44616560'],['C[C@@H](CO)N1C[C@H](C)[C@H](CN(C)Cc2ccc(cc2)C(F)(F)F)OCCCC[C@@H](C)Oc3ccc(NC(=O)c4ccncc4)cc3C1=O'],,,,,
11638,BRD-K86023266,['54618685'],['C[C@@H](CO)N1C[C@@H](C)[C@@H](CN(C)S(=O)(=O)c2cccc(F)c2)Oc3cc(C#CCN(C)C)ccc3S1(=O)=O'],,,,,
11639,BRD-K86027709,['44506424'],['C[C@@H](CO)N1C[C@@H](C)[C@H](CN(C)Cc2ccc(cc2)C(=O)Nc3ccccc3N)Oc4ccc(cc4C1=O)N(C)C'],,,,,
11640,BRD-K86043715,['44502461'],['C[C@H](CO)N1C[C@H](C)[C@@H](CN(C)C(=O)Cc2ccccc2)OCCCC[C@@H](C)Oc3ccc(cc3C1=O)N(C)C'],,,,,
11641,BRD-K86048057,['60187282'],['COc1ccc2c3c([C@@H](CO)N(CC4CC4)C[C@]33CN(C3)S(=O)(=O)c3cn(C)cn3)n(C)c2c1'],,,,,
11642,BRD-K86071888,['44500335'],['C[C@@H](CO)N1C[C@H](C)[C@H](CN(C)Cc2ccncc2)Oc3ccc(NC(=O)Nc4cccc5ccccc45)cc3CC1=O'],,,,,
11643,BRD-K86078446,['54632130'],['CO[C@@H]1CN(C)C(=O)c2cc(NC(=O)c3ccccc3F)ccc2OC[C@@H](C)N(C[C@H]1C)C(C)=O'],,,,,
11644,BRD-K86086755,['54654511'],['CN1[C@H]2CC[C@H](CC(=O)NC3CCCCC3)O[C@@H]2COc2ccc(NS(C)(=O)=O)cc2C1=O'],,,,,
11645,BRD-K86089324,['60191855'],['OC[C@@H]1[C@H](c2ccccc2)C2(CN(C2)C(=O)NC2CCCCC2)N1S(=O)(=O)Cc1ccccc1'],,,,,
11646,BRD-K86107831,['54631535'],['CCCN1C[C@@H](C)[C@@H](CN(C)C(=O)c2cc(NC(=O)c3cnccn3)ccc2OC[C@@H]1C)OC'],,,,,
11647,BRD-K86108784,['23612567'],['Clc1ccc(cc1)C2(CC2)C(=O)N3CCC(CC3)n4nc(oc4=O)c5ccccc5'],,,,,
11648,BRD-K86110682,['23807491'],['COC(=O)CCCCCCC(=O)N/N=C/c1cc2OCOc2cc1Br'],,,,,
11649,BRD-K86112430,['60191309'],['CC(C)CC#Cc1ccc(cc1)[C@@H]1[C@@H](CO)N2[C@@H]1CN(CC2=O)C(=O)Nc1cc(F)ccc1F'],,,,,
11650,BRD-K86124549,['54660840'],['COc1ccccc1-c1ccc2[C@@H]3[C@@H]([C@@H](CO)[C@H](Cn2c1=O)N3CC1CC1)C(=O)N1CCOCC1'],,,,,
11651,BRD-K86127131,['60185173'],['FC(F)(F)c1ccc(NC(=O)N2C[C@H]3N[C@@H](C2)[C@@H]3c2ccc(cc2)-c2cccnc2)cc1'],,,,,
11652,BRD-K86149851,['54631994'],['CO[C@@H]1CN(C)C(=O)c2cc(NC(=O)Cc3ccccc3)ccc2OC[C@@H](C)N(C[C@@H]1C)C(C)=O'],,,,,
11653,BRD-K86149906,['60190031'],['COc1ccc2c3c([C@H](CO)N(Cc4ccccc4Cl)C[C@]33CCN(CC3)C(=O)CC3CC3)n(C)c2c1'],,,,,
11654,BRD-K86154664,['54646204'],['CS(=O)(=O)Nc1ccc2O[C@@H]3[C@@H](C[C@H](CC(=O)NCc4ccccn4)O[C@@H]3CO)c2c1'],,,,,
11655,BRD-K86156277,['54654381'],['CC(C)NC(=O)Nc1ccc2OC[C@@H]3O[C@H](CC(=O)NCc4ccc(F)cc4)CC[C@H]3N(C)C(=O)c2c1'],,,,,
11656,BRD-K86162390,['54658048'],['COC(=O)C[C@H]1CC[C@@H]2[C@H](COC[C@H](O)CN2CCC(F)(F)F)O1'],,,,,
11657,BRD-K86171512,['56835225'],['C[C@H](CO)N1C[C@@H](C)[C@H](CN(C)C(=O)[C@H]2CCCN2C)OCc3ccccc3-c4ccccc4C1=O'],,,,,
11658,BRD-K86182839,['49843024'],['C[C@H](CO)N1C[C@@H](C)[C@H](CN(C)Cc2ccc(Cl)c(Cl)c2)OCCCC[C@H](C)Oc3ccc(NS(=O)(=O)c4ccc(F)cc4)cc3C1=O'],,,,,
11659,BRD-K86191692,['44497321'],['C[C@@H](CO)N1C[C@H](C)[C@@H](CN(C)Cc2ccc(Cl)c(Cl)c2)OCCCC[C@H](C)Oc3ccc(cc3C1=O)N(C)C'],,,,,
11660,BRD-K86194107,['44505615'],['C[C@H](CO)N1C[C@@H](C)[C@H](CN(C)C(=O)Nc2cccc(F)c2)OCc3cn(CCCC1=O)nn3'],,,,,
11661,BRD-K86198141,['54646532'],['COCC(=O)Nc1ccc2O[C@H]3[C@H](C[C@@H](CC(=O)NCc4cccnc4)O[C@@H]3CO)c2c1'],,,,,
11662,BRD-K86201813,['60184977'],['Cc1ccccc1-c1ccc(cc1)[C@@H]1[C@H]2CN(C[C@@H]1N2)C(=O)c1cnccn1'],,,,,
11663,BRD-K86217247,['53338831'],['CN(C)c1cccc(c1)-c1cnc(s1)N1CCC(CC1)C(N)=O'],,,,,
11664,BRD-K86217343,['44507450'],['C[C@H](CO)N1C[C@H](C)[C@H](CN(C)Cc2ccc(cc2)C(F)(F)F)Oc3ccc(NC(=O)CCCCCC(=O)Nc4ccccc4N)cc3CC1=O'],,,,,
11665,BRD-K86219348,['56835489'],['C[C@H](CO)N1C[C@@H](C)[C@H](CN(C)C(=O)Nc2ccccc2C(F)(F)F)OCc3ccccc3-c4ccccc4C1=O'],,,,,
11666,BRD-K86231656,['24747342'],['CN(C(=O)OC(C)(C)C)c1ccc(cc1)c2nc3ccccc3s2'],,,,,
11667,BRD-K86249754,['60189693'],['COc1ccc2c3c([nH]c2c1)[C@H](CO)N(C[C@]31CCN(CC2CCCC2)CC1)S(C)(=O)=O'],,,,,
11668,BRD-K86265052,['54657884'],['COc1cccc(c1)S(=O)(=O)N1C[C@@H](O)COC[C@@H]2O[C@H](CC(=O)NCCCN3CCOCC3)CC[C@@H]12'],,,,,
11669,BRD-K86265745,['54619271'],['C[C@@H](CO)N1C[C@@H](C)[C@@H](CN(C)C(=O)Nc2cc(F)ccc2F)Oc3cc(C#CC4CCCC4)ccc3S1(=O)=O'],,,,,
11670,BRD-K86269644,['44507363'],['Oc1ccccc1NC(=O)CCCCCCC(=O)N/N=C/c2ccc3OCCOc3c2'],,,,,
11671,BRD-K86273012,['60138133'],['CCOC(=O)C1CCN(CC1)C(=O)C(C)(C)NC(=O)Nc1ccccc1Cl'],,,,,
11672,BRD-K86291677,['54660657'],['COc1ccccc1CN1[C@@H]2Cn3c(ccc(C4=CCCC4)c3=O)[C@H]1[C@H]([C@@H]2CO)C(=O)N(C)C'],,,,,
11673,BRD-K86297549,['60184847'],['COc1ccc2c3c([C@H](CO)N(C[C@]33CCN(CC3)C(=O)c3ccc4OCOc4c3)C(=O)Nc3ccc(F)cc3)n(C)c2c1'],,,,,
11674,BRD-K86303874,['44494904'],['C[C@H](CO)N1C[C@H](C)[C@@H](CN(C)Cc2ccncc2)OCCCC[C@@H](C)Oc3ccc(NC(=O)c4ccncc4)cc3C1=O'],,,,,
11675,BRD-K86312065,['44500947'],['C[C@H](CO)N1C[C@@H](C)[C@@H](CN(C)Cc2ccncc2)Oc3ccc(NC(=O)CCC(F)(F)F)cc3CC1=O'],,,,,
11676,BRD-K86323620,['54646670'],['OC[C@H]1O[C@H](CC(=O)NC2CCCCC2)C[C@@H]3[C@H]1Oc4ccc(NS(=O)(=O)c5ccc(F)cc5)cc34'],,,,,
11677,BRD-K86326967,['54649418'],['CC(C)(C)[S@@](=O)N1Cc2cc(nc(c2[C@H]1CCO)-c1cccc(c1)-c1ccncc1)C(=O)N1CCc2ccccc2C1'],,,,,
11678,BRD-K86335338,['54625679'],['C[C@H](CO)N1C[C@H](C)[C@@H](CN(C)CC2CCCC2)Oc3cc(ccc3S1(=O)=O)C4=CCCCC4'],,,,,
11679,BRD-K86335374,['54631387'],['CO[C@@H]1CN(C)C(=O)c2cc(NS(=O)(=O)CC(F)(F)F)ccc2OC[C@@H](C)N(Cc2nccs2)C[C@@H]1C'],,,,,
11680,BRD-K86336638,['54654199'],['CN1[C@H]2CC[C@@H](CC(=O)NCc3ccc(cc3)-c3ccccc3)O[C@@H]2COc2ccc(NC(=O)Cc3cccs3)cc2C1=O'],,,,,
11681,BRD-K86344535,['54646199'],['COC(=O)C[C@H]1C[C@H]2[C@H](Oc3ccc(NC(=O)Nc4ccccc4)cc23)[C@H](CO)O1'],,,,,
11682,BRD-K86354270,['54650189'],['OC[C@@H]1[C@@H]([C@H](C#N)N1C(=O)Nc1ccc(F)cc1)c1ccc(cc1)-c1cccnc1'],,,,,
11683,BRD-K86372560,['54650953'],['OC[C@H]1[C@H]([C@H](C#N)N1C(=O)NC1CCCCC1)c1ccc(cc1)C1=CCCCC1'],,,,,
11684,BRD-K86375847,['54654365'],['CN1[C@H]2CC[C@H](CC(=O)Nc3ccc4COCc4c3)O[C@@H]2COc2ccc(NS(=O)(=O)c3ccc(Cl)cc3)cc2C1=O'],,,,,
11685,BRD-K86379744,['54646667'],['OC[C@@H]1O[C@@H](CC(=O)NC2CCCCC2)C[C@@H]3[C@H]1Oc4ccc(NS(=O)(=O)c5ccc(F)cc5)cc34'],,,,,
11686,BRD-K86390887,['44504934'],['COc1ccc(cc1)S(=O)(=O)N(C)C[C@@H]2OCc3cn(CCCC(=O)N(C[C@@H]2C)[C@H](C)CO)nn3'],,,,,
11687,BRD-K86409742,['44492542'],['C[C@@H](CO)N1C[C@@H](C)[C@@H](CN(C)S(=O)(=O)c2ccccc2)Oc3ccc(cc3CC1=O)N(C)C'],,,,,
11688,BRD-K86413298,['60189792'],['COc1ccc2c3c([C@H](CO)N(C[C@]33CCN(Cc4cccnc4)CC3)S(=O)(=O)c3ccc(C)cc3)n(C)c2c1'],,,,,
11689,BRD-K86420846,['54618437'],['COc1ccc(NC(=O)N(C)C[C@H]2Oc3cc(ccc3S(=O)(=O)N(C[C@@H]2C)[C@H](C)CO)c4cccc(c4)C(=O)N(C)C)cc1'],,,,,
11690,BRD-K86427056,['56835204'],['C[C@@H](CO)N1C[C@@H](C)[C@H](CN(C)Cc2cccc(c2)C(=O)O)OCc3ccccc3-c4ccccc4C1=O'],,,,,
11691,BRD-K86430746,['60191396'],['Cc1cccc(c1)-c1ccc(cc1)[C@H]1[C@@H](CO)N2[C@H]1CN(CC2=O)C(=O)c1ccc2OCOc2c1'],,,,,
11692,BRD-K86438619,['54646584'],['COc1ccc(NC(=O)Nc2ccc3O[C@H]4[C@H](C[C@H](CC(=O)O)O[C@H]4CO)c3c2)cc1'],,,,,
11693,BRD-K86448961,['54654050'],['CN1[C@H]2CC[C@H](CC(O)=O)O[C@@H]2COc2ccc(NC(=O)c3ccc(Cl)cc3)cc2C1=O'],,,,,
11694,BRD-K86449639,['54651175'],['OC[C@@H]1N(Cc2ccccn2)[C@H](CN(C)S(C)(=O)=O)[C@@H]1c1ccccc1'],,,,,
11695,BRD-K86456986,['619865'],['COc1c(F)cc2[nH]c3C(=O)NCCc3c2c1F'],,,,,
11696,BRD-K86457545,['60189828'],['COc1ccc2c3c([nH]c2c1)[C@@H](CO)N(C[C@]31CCN(CC1)C(=O)c1ccncc1)S(C)(=O)=O'],,,,,
11697,BRD-K86483825,['54646542'],['CN(C)c1ccc2O[C@H]3[C@H](C[C@H](CC(=O)NCc4ccc5OCOc5c4)O[C@H]3CO)c2c1'],,,,,
11698,BRD-K86492010,['56643196'],['O=C1CCCC2=C1C1(CCCC1)NC(Nc1nc3cc(ccc3o1)-c1ccccc1)=N2'],,,,,
11699,BRD-K86516784,['54646166'],['CN1CCN(CC1)C(=O)C[C@H]2C[C@@H]3[C@@H](Oc4ccc(NC(=O)C5CCC5)cc34)[C@@H](CO)O2'],,,,,
11700,BRD-K86522396,['54631458'],['CO[C@@H]1CN(C)C(=O)c2ccc(NC(=O)c3cccc(OC)c3)cc2OC[C@@H](C)N(C[C@H]1C)C(=O)C1CCCCC1'],,,,,
11701,BRD-K86524002,['54638233'],['OC[C@H]1O[C@@H](CC(=O)N2CCOCC2)C=C[C@H]1NC(=O)NC1CCCCC1'],,,,,
11702,BRD-K86524553,['54618475'],['C[C@H](CO)N1C[C@H](C)[C@@H](CN(C)Cc2ccc(Oc3ccccc3)cc2)Oc4ncc(cc4C1=O)c5cncnc5'],,,,,
11703,BRD-K86529788,['71760876'],['CCS(=O)(=O)N1C[C@@]2(C1)CN([C@H](CO)c1c2c2ccc(OC)cc2n1C)C(=O)NC(C)C'],,,,,
11704,BRD-K86530412,['54661409'],['C[C@@H](NC(=O)[C@H]1[C@H](CO)[C@H]2Cn3c(ccc(C4=CCCCC4)c3=O)[C@@H]1N2C(C)=O)c1ccccc1'],,,,,
11705,BRD-K86535717,['54649500'],['CO[C@@H]1CC[C@H]2CCN(C)C(=O)[C@@H](C)[C@H](CN(C)C(=O)c3cccc(C#N)c3OC[C@H]1O2)OC'],,,,,
11706,BRD-K86565213,['44142074'],['C=CCNc1oc(nc1C#N)C2CCCC2'],,,,,
11707,BRD-K86566782,['60185226'],['COc1cccc(CN2C[C@]3(CCN(Cc4ccccn4)CC3)c3c([nH]c4cc(OC)ccc34)[C@@H]2CO)c1'],,,,,
11708,BRD-K86569253,['44504932'],['C[C@H](CO)N1C[C@@H](C)[C@@H](CN(C)S(=O)(=O)c2ccccc2)OCc3cnnn3CCCC1=O'],,,,,
11709,BRD-K86570333,['134014'],['CCCCN1C(=O)C(=O)N(CCCC)C1=S'],,,,,
11710,BRD-K86571219,['60190966'],['OC[C@@H]1[C@@H]([C@@H]2CN(CC(=O)N12)S(=O)(=O)c1cccc(F)c1)c1ccc(cc1)C1=CCCC1'],,,,,
11711,BRD-K86574132,['7326481'],['CC(C)N1C(=O)S/C(=C/c2ccc(Sc3nc4ccccc4[nH]3)o2)/C1=O'],,,,,
11712,BRD-K86574497,['71760509'],['COc1ccc2c3c([C@@H](CO)NC[C@]33CN(C3)S(=O)(=O)c3ccc(C)cc3)n(C)c2c1'],,,,,
11713,BRD-K86578973,['54661058'],['COc1cccc(CNC(=O)[C@H]2[C@H](CO)[C@H]3Cn4c(cccc4=O)[C@@H]2N3C(=O)C2CCCCC2)c1'],,,,,
11714,BRD-K86591768,['60190993'],['OC[C@@H]1[C@@H]([C@@H]2CN(CC(=O)N12)C(=O)Cc1ccccn1)c1ccc(cc1)C#CCC1CCCC1'],,,,,
11715,BRD-K86596187,['44490029'],['C[C@H](CO)N1C[C@@H](C)[C@H](CN(C)Cc2ccc(cc2)C(=O)O)Oc3ccc(NC(=O)CCCN(C)C)cc3C1=O'],,,,,
11716,BRD-K86606617,['54614411'],['C[C@H](CO)N1C[C@H](C)[C@@H](CN(C)Cc2ccc(cc2)C(F)(F)F)Oc3ccc(NC(=O)C4CCCCC4)cc3CC1=O'],,,,,
11717,BRD-K86617991,['44487775'],['C[C@@H](CO)N1C[C@H](C)[C@@H](CN(C)Cc2ccc(Oc3ccccc3)cc2)Oc4ccc(NC(=O)CCCN(C)C)cc4C1=O'],,,,,
11718,BRD-K86618560,['54638374'],['OC[C@@H]1O[C@H](CC(=O)NCc2ccncn2)CC[C@H]1NC(=O)c1ccc(F)cc1'],,,,,
11719,BRD-K86619642,['54657911'],['O[C@@H]1CN[C@H]2CC[C@H](CC(=O)Nc3nccs3)O[C@@H]2COC1'],,,,,
11720,BRD-K86621086,['44494594'],['CC(C)NC(=O)N(C)C[C@@H]1OCCCC[C@H](C)Oc2ccc(NC(=O)Cc3ccccc3)cc2C(=O)N(C[C@H]1C)[C@H](C)CO'],,,,,
11721,BRD-K86631008,['54645998'],['COc1cccc(c1)S(=O)(=O)Nc2ccc3O[C@@H]4[C@@H](C[C@H](CC(=O)NC5CCCCC5)O[C@@H]4CO)c3c2'],,,,,
11722,BRD-K86631041,['1143390'],['Cc1cc2cc3OCOc3cc2n2c(SCC(=O)Nc3nc(cs3)-c3ccccc3)nnc12'],,,,,
11723,BRD-K86631750,['54632139'],['CCS(=O)(=O)Nc1ccc2OC[C@@H](C)N(Cc3ccccn3)C[C@H](C)[C@H](CN(C)C(=O)c2c1)OC'],,,,,
11724,BRD-K86638751,['51358854'],['C[C@H](CO)N1C[C@@H](C)[C@@H](CN(C)C(=O)Nc2ccc(cc2)C(F)(F)F)Oc3cc(ccc3S1(=O)=O)c4ccc(C)cc4'],,,,,
11725,BRD-K86652643,['56643200'],['Cc1ccccc1NS(=O)(=O)c1ccc2NC(=O)CCc2c1'],,,,,
11726,BRD-K86654865,['54661193'],['CCN1[C@@H]([C@@H](CO)[C@@H]2Cn3c(ccc(-c4ccc(F)cc4)c3=O)[C@H]12)C(=O)NCCc1cn(C)cn1'],,,,,
11727,BRD-K86671899,['54657923'],['O[C@H]1COC[C@H]2O[C@@H](CC(=O)NC3CCC3)CC[C@@H]2N(C1)C(=O)Nc1ccc(Cl)c(Cl)c1'],,,,,
11728,BRD-K86682249,['2861757'],['OC(=O)c1ccccc1c2ccc(C=c3sc4nc5cc(Br)cnc5n4c3=O)o2'],,,,,
11729,BRD-K86684694,['54661078'],['Cc1cccc(c1)S(=O)(=O)N1[C@@H]2Cn3c(ccc(-c4ccc(F)cc4)c3=O)[C@H]1[C@H]([C@@H]2CO)C(O)=O'],,,,,
11730,BRD-K86693415,['914635'],['CC(C)Oc1nc(nc2ccccc12)c3ccc(Cl)cc3'],,,,,
11731,BRD-K86694468,['60190120'],['COc1ccc2c3c([nH]c2c1)[C@@H](CO)N(C[C@]31CN(CC2CC2)C1)C(=O)CN(C)C'],,,,,
11732,BRD-K86715531,['54631895'],['CCCNC(=O)Nc1ccc2c(OC[C@H](C)N(C[C@@H](C)[C@H](CN(C)C2=O)OC)C(=O)C2CCOCC2)c1'],,,,,
11733,BRD-K86715767,['60189845'],['CCC(=O)N1CC2(C1)[C@@H]([C@H](CO)N2C(C)=O)c1ccc(cc1)-c1ccccc1OC'],,,,,
11734,BRD-K86719628,['54631799'],['COCC(=O)N1C[C@H](C)[C@@H](CN(C)C(=O)c2ccc(NS(C)(=O)=O)cc2OC[C@H]1C)OC'],,,,,
11735,BRD-K86728331,['54654390'],['CCS(=O)(=O)Nc1ccc2OC[C@@H]3O[C@@H](CC(=O)NCCOC)CC[C@@H]3N(C)C(=O)c2c1'],,,,,
11736,BRD-K86728684,['44618166'],['C[C@@H](CO)N1C[C@H](C)[C@@H](CN(C)C(=O)c2ccccc2)OCCCC[C@H](C)Oc3ccc(NC(=O)c4ccccc4)cc3C1=O'],,,,,
11737,BRD-K86741607,['54631658'],['CCCC(=O)Nc1ccc2c(OC[C@H](C)N(C[C@@H](C)[C@H](CN(C)C2=O)OC)C(=O)CN(C)C)c1'],,,,,
11738,BRD-K86752593,['54618617'],['COCC(=O)N(C)C[C@H]1Oc2cc(ccc2S(=O)(=O)N(C[C@@H]1C)[C@@H](C)CO)c3ccccc3F'],,,,,
11739,BRD-K86755654,['54657770'],['CCC(=O)N1C[C@@H](O)COC[C@H]2O[C@H](CC(=O)NCc3cc(F)cc(F)c3)CC[C@H]12'],,,,,
11740,BRD-K86758801,['54660745'],['COC(=O)[C@@H]1[C@@H](CO)[C@@H]2Cn3c(ccc(-c4ccccc4F)c3=O)[C@H]1N2'],,,,,
11741,BRD-K86762131,['54618396'],['C[C@H](O)C#Cc1cnc2O[C@@H](CN(C)C(=O)Cc3ccncc3)[C@@H](C)CN([C@H](C)CO)C(=O)c2c1'],,,,,
11742,BRD-K86764949,['54666518'],['Cc1ccccc1-c1ccc(cc1)[C@@H]1[C@@H](CO)N2CCCCN(C[C@H]12)S(=O)(=O)Cc1ccccc1'],,,,,
11743,BRD-K86771738,['54646132'],['OC[C@H]1O[C@@H](CC(=O)NC2CCCCC2)C[C@@H]3[C@H]1Oc4ccc(NC(=O)c5cccnc5)cc34'],,,,,
11744,BRD-K86780816,['54657777'],['O[C@@H]1CN[C@H]2CC[C@@H](CC(=O)N3CCc4ccccc4C3)O[C@@H]2COC1'],,,,,
11745,BRD-K86781204,['54652509'],['OC[C@H]1[C@H]2[C@H](CN(C(=O)Nc3ccc(Cl)cc3)c3ccccc23)N1C(=O)C1CC1'],,,,,
11746,BRD-K86786416,['54649541'],['CO[C@@H]1CC[C@@H]2CCOc3c(cccc3C(=O)N(C)C[C@H](CC(=O)N(C)C[C@H]1O2)c1ccccc1)C#N'],,,,,
11747,BRD-K86800060,['54646094'],['OC[C@H]1O[C@@H](CC(=O)N2CCOCC2)C[C@@H]3[C@H]1Oc4ccc(NC(=O)Nc5ccccc5F)cc34'],,,,,
11748,BRD-K86824573,['54646661'],['CN(C)c1ccc2O[C@H]3[C@H](C[C@H](CC(=O)NCc4ccncc4)O[C@@H]3CO)c2c1'],,,,,
11749,BRD-K86832444,['54625294'],['C[C@H](CO)N1C[C@@H](C)[C@@H](CN(C)Cc2ccc3OCOc3c2)Oc4cc(C#CCN(C)C)ccc4S1(=O)=O'],,,,,
11750,BRD-K86838317,['54649937'],['OC[C@H]1N[C@H](C#N)[C@H]1c1ccc(cc1)C1=CCCCC1'],,,,,
11751,BRD-K86842803,['54654069'],['COC(=O)C[C@@H]1CC[C@H]2[C@H](COc3ccc(NS(=O)(=O)c4ccc(F)cc4)cc3C(=O)N2C)O1'],,,,,
11752,BRD-K86843304,['54653990'],['CN1[C@H]2CC[C@H](CC(=O)NCC3CCCCC3)O[C@@H]2COc2ccc(NS(=O)(=O)CC(F)(F)F)cc2C1=O'],,,,,
11753,BRD-K86845397,['44504576'],['C[C@H](CO)N1C[C@H](C)[C@H](CN(C)S(=O)(=O)C)Oc2ccc(NC(=O)Nc3ccc(cc3)C(F)(F)F)cc2CC1=O'],,,,,
11754,BRD-K86846131,['54645940'],['C[C@H](NC(=O)C[C@H]1C[C@@H]2[C@@H](Oc3ccc(NS(=O)(=O)c4ccc(F)cc4)cc23)[C@H](CO)O1)c5ccccc5'],,,,,
11755,BRD-K86846944,['53338847'],['CC(C)N1CCc2c(C1)sc(NC(=O)C(F)(F)F)c2-c1nc2ccccc2s1'],,,,,
11756,BRD-K86853253,['54638264'],['OC[C@@H]1O[C@H](CC(=O)NCc2ccc3OCOc3c2)C=C[C@H]1NC(=O)Nc1cc(F)ccc1F'],,,,,
11757,BRD-K86857638,['54638829'],['COc1ccccc1S(=O)(=O)N[C@H]1C=C[C@@H](CC(=O)N2CCCCC2)O[C@H]1CO'],,,,,
11758,BRD-K86888602,['54631677'],['CO[C@@H]1CN(C)C(=O)c2cc(NC(=O)c3cc(C)on3)ccc2OC[C@H](C)N(CC2CC2)C[C@H]1C'],,,,,
11759,BRD-K86894445,['44488084'],['C[C@@H](CO)N1C[C@H](C)[C@H](CN(C)C)Oc2ccc(NC(=O)C3CC3)cc2CC1=O'],,,,,
11760,BRD-K86894923,['54646302'],['OC[C@H]1O[C@@H](CC(=O)N2CCc3ccccc3C2)C[C@@H]4[C@H]1Oc5ccc(NC(=O)Cc6ccncc6)cc45'],,,,,
11761,BRD-K86895142,['44504945'],['C[C@@H](CO)N1C[C@@H](C)[C@H](CN(C)S(=O)(=O)c2ccc(Oc3ccccc3)cc2)OCc4cnnn4CCCC1=O'],,,,,
11762,BRD-K86899078,['44506648'],['C[C@H](CO)N1C[C@H](C)[C@H](CN(C)Cc2ccc(Oc3ccccc3)cc2)Oc4ccc(NC(=O)CCCCCC(=O)Nc5ccccc5N)cc4CC1=O'],,,,,
11763,BRD-K86901264,['23834901'],['OCCCOc1ccc(cc1)C2=N[C@]3(CCS(=O)(=O)c4ccccc4)[C@H](O2)c5ccccc5CN(CC=C)C3=O'],,,,,
11764,BRD-K86905031,['60138074'],['Cc1occc1CNc1ncnc2ccc(cc12)-c1ccc2OCOc2c1'],,,,,
11765,BRD-K86910216,['54613934'],['CC(C)NC(=O)Nc1ccc2O[C@H](CN(C)C)[C@@H](C)CN([C@H](C)CO)C(=O)Cc2c1'],,,,,
11766,BRD-K86925364,['54666473'],['C[C@@H](O)C#Cc1ccc(cc1)[C@@H]1[C@H](CO)N2CCCCN(C[C@H]12)C(=O)c1ccc2OCOc2c1'],,,,,
11767,BRD-K86938339,['54638537'],['OC[C@H]1O[C@@H](CC(=O)N2CCc3ccccc3C2)C=C[C@@H]1NC(=O)C1CC1'],,,,,
11768,BRD-K86947329,['44498109'],['C[C@H](CO)N1C[C@@H](C)[C@@H](CN(C)CC2CCCCC2)Oc3ccc(NC(=O)Cc4cn(C)c5ccccc45)cc3CC1=O'],,,,,
11769,BRD-K86948282,['54625701'],['C[C@H](CO)N1C[C@@H](C)[C@@H](CN(C)Cc2ccccc2)Oc3cc(C#CC4CC4)ccc3S1(=O)=O'],,,,,
11770,BRD-K86961442,['54650162'],['OC[C@@H]1N[C@H](C#N)[C@H]1c1ccc(cc1)C#CC1CCCCC1'],,,,,
11771,BRD-K86979665,['54646022'],['OC[C@H]1O[C@@H](CC(=O)N2CCCCC2)C[C@H]3[C@@H]1Oc4ccc(NC(=O)NC5CCCC5)cc34'],,,,,
11772,BRD-K86981020,['54653987'],['CN1[C@@H]2CC[C@@H](CC(=O)NCCc3ccncc3)O[C@H]2COc2ccc(NC(=O)Nc3ccccc3F)cc2C1=O'],,,,,
11773,BRD-K86981922,['44504912'],['C[C@@H](CO)N1C[C@H](C)[C@@H](CN(C)C(=O)Nc2cccc3ccccc23)Oc4ccc(NS(=O)(=O)C)cc4CC1=O'],,,,,
11774,BRD-K86992593,['60191246'],['OC[C@H]1[C@@H]([C@@H]2CN(CC(=O)N12)C(=O)C1CCOCC1)c1ccc(\\C=C\\c2ccccc2)cc1'],,,,,
11775,BRD-K86992982,['1075698'],['Clc1ccc(NC(=O)Nc2nnc(s2)c3ccncc3)cc1Cl'],,,,,
11776,BRD-K86997406,['54651417'],['OC[C@@H]1[C@@H]([C@@H](CNCC2CCC2)N1CC1CC1)c1ccccc1'],,,,,
11777,BRD-K86997557,['54646139'],['COc1ccccc1CNC(=O)C[C@H]2C[C@@H]3[C@@H](Oc4ccc(NC(=O)c5ccc6OCOc6c5)cc34)[C@@H](CO)O2'],,,,,
11778,BRD-K87010644,['54654079'],['CNC(=O)C[C@H]1CC[C@H]2[C@@H](COc3ccc(NC(=O)Nc4ccc(cc4)C#N)cc3C(=O)N2C)O1'],,,,,
11779,BRD-K87026780,['54665088'],['OC[C@H]1Nc2ccc(cc2[C@@H]2[C@H]1CCN2C(=O)c1cnccn1)-c1ccccc1F'],,,,,
11780,BRD-K87040771,['674274'],['CN(C)CCC(=O)c1coc2ccc(OC(=O)C)cc12'],,,,,
11781,BRD-K87062384,['54618426'],['C[C@@H](CO)N1C[C@@H](C)[C@H](CN(C)C(=O)Cc2ccccn2)Oc3ncc(cc3C1=O)c4ccc(F)cc4'],,,,,
11782,BRD-K87063646,['44503185'],['CC(C)NC(=O)Nc1ccc2O[C@H](CN(C)C(=O)NC3CCCCC3)[C@H](C)CN([C@@H](C)CO)C(=O)Cc2c1'],,,,,
11783,BRD-K87063901,['44496903'],['C[C@H](CO)N1C[C@H](C)[C@H](CN(C)C(=O)CCCN(C)C)OCCCC[C@H](C)Oc2ccc(NC(=O)Nc3ccccc3)cc2C1=O'],,,,,
11784,BRD-K87072268,['44501933'],['CC(C)NC(=O)N(C)C[C@H]1Oc2ccc(NC(=O)Cc3cn(C)c4ccccc34)cc2CC(=O)N(C[C@@H]1C)[C@@H](C)CO'],,,,,
11785,BRD-K87073769,['60185084'],['COc1ccc2c3c([C@H](CO)NC[C@]33CN(C3)C(=O)c3cccc(F)c3)n(C)c2c1'],,,,,
11786,BRD-K87079453,['56835339'],['C[C@H](CO)N1C[C@H](C)[C@@H](CN(C)S(=O)(=O)CC(F)(F)F)OCc2ccccc2-c3c(C1=O)n(C)c4ccccc34'],,,,,
11787,BRD-K87087278,['54618514'],['COc1ccc(NC(=O)N(C)C[C@H]2Oc3cc(ccc3S(=O)(=O)N(C[C@@H]2C)[C@@H](C)CO)c4cccc(c4)C(=O)N(C)C)cc1'],,,,,
11788,BRD-K87089311,['54646605'],['COCCNC(=O)C[C@H]1C[C@@H]2[C@@H](Oc3ccc(NS(=O)(=O)c4ccccc4)cc23)[C@H](CO)O1'],,,,,
11789,BRD-K87109962,['54631318'],['CCC(=O)Nc1ccc2OC[C@H](C)N(C[C@H](C)[C@H](CN(C)C(=O)c2c1)OC)C(=O)CC'],,,,,
11790,BRD-K87113270,['44493933'],['C[C@H](CO)N1C[C@@H](C)[C@H](CN(C)Cc2ccc(Oc3ccccc3)cc2)Oc4c(NC(=O)c5ccncc5)cccc4C1=O'],,,,,
11791,BRD-K87125912,['54666674'],['CN(C)CC(=O)N1CCCCN2[C@H](CO)[C@@H]([C@H]2C1)c1ccc(\\C=C\\c2ccccc2)cc1'],,,,,
11792,BRD-K87133350,['56835525'],['C[C@@H](CO)N1C[C@@H](C)[C@H](CN(C)C(=O)Nc2ccc(F)cc2)OCc3ccccc3-c4ccccc4C1=O'],,,,,
11793,BRD-K87159745,['54654576'],['COc1ccccc1C(=O)Nc1ccc2OC[C@H]3O[C@H](CC(=O)NCCc4ccncc4)CC[C@@H]3N(C)C(=O)c2c1'],,,,,
11794,BRD-K87166736,['14178745'],['N[C@@H](CSc1cc(C[C@H](N)C(O)=O)cc(O)c1O)C(O)=O'],,,,,
11795,BRD-K87167564,['54649518'],['CO[C@@H]1CC[C@H]2CCN(C)C(=O)[C@H](C)[C@@H](CN(C)C(=O)c3cc(ccc3OC[C@@H]1O2)C#N)OC'],,,,,
11796,BRD-K87175237,['54631639'],['CO[C@H]1CN(C)C(=O)c2cc(NC(=O)NC(C)C)ccc2OC[C@@H](C)N(C[C@@H]1C)C(=O)C1CCC1'],,,,,
11797,BRD-K87182158,['54649407'],['CN1CCN(CC1)C(=O)c1cc2CN([C@H](CCO)c2c(n1)-c1cccc(c1)-c1ccccc1F)[S@](=O)C(C)(C)C'],,,,,
11798,BRD-K87217296,['54618468'],['C[C@H](CO)N1C[C@@H](C)[C@@H](CN(C)Cc2ccc(cc2)C(=O)O)Oc3ncc(C#CCc4ccccc4)cc3C1=O'],,,,,
11799,BRD-K87252271,['54654123'],['CN1[C@H]2CC[C@@H](CC(=O)NCCc3ccncc3)O[C@H]2COc2ccc(NS(=O)(=O)c3ccc(C)cc3)cc2C1=O'],,,,,
11800,BRD-K87258520,['54631314'],['CO[C@@H]1CN(C)C(=O)c2cc(NC(=O)Nc3c(C)noc3C)ccc2OC[C@H](C)N(CCC(F)(F)F)C[C@H]1C'],,,,,
11801,BRD-K87268239,['60183492'],['OC[C@@H]1Nc2ccc(cc2[C@H]2[C@@H]1CCN2C(=O)C1CCCC1)-c1ccc(cc1)C#N'],,,,,
11802,BRD-K87269491,['54631833'],['CO[C@H]1CN(C)C(=O)c2cc(NS(C)(=O)=O)ccc2OC[C@H](C)N(Cc2cncnc2)C[C@H]1C'],,,,,
11803,BRD-K87300242,['54631846'],['CO[C@H]1CN(C)C(=O)c2cc(NC(=O)Cc3ccccc3)ccc2OC[C@H](C)NC[C@H]1C'],,,,,
11804,BRD-K87304811,['54646056'],['COCC(=O)Nc1ccc2O[C@@H]3[C@@H](C[C@@H](CC(=O)N[C@H](C)c4ccccc4)O[C@H]3CO)c2c1'],,,,,
11805,BRD-K87304961,['54650014'],['OC[C@@H]1N[C@@H](C#N)[C@H]1c1ccc(cc1)-c1cccc(F)c1'],,,,,
11806,BRD-K87313043,['54652409'],['OC[C@@H]1[C@@H]2[C@@H](CN(c3ccccc23)S(=O)(=O)c2ccc(F)cc2)N1Cc1ccc2OCOc2c1'],,,,,
11807,BRD-K87314084,['54646524'],['CN1CCN(CC1)C(=O)C[C@@H]2C[C@H]3[C@H](Oc4ccc(NC(=O)c5ccc6OCOc6c5)cc34)[C@@H](CO)O2'],,,,,
11808,BRD-K87338781,['44620882'],['Cc1ccc(OCCOc2c(Cl)cc(Cl)cc2Cl)c(n1)[N+]([O-])=O'],,,,,
11809,BRD-K87339026,['54651430'],['CC(C)NC[C@@H]1[C@@H]([C@H](CO)N1S(C)(=O)=O)c1ccc(cc1)C1=CCCCC1'],,,,,
11810,BRD-K87340398,['54646300'],['OC[C@H]1O[C@H](CC(=O)N2CCc3ccccc3C2)C[C@H]4[C@@H]1Oc5ccc(NC(=O)Cc6ccncc6)cc45'],,,,,
11811,BRD-K87341885,['54652620'],['OC[C@H]1[C@H]2[C@H](CN(C(=O)CC(F)(F)F)c3ccccc23)N1C(=O)C1CC1'],,,,,
11812,BRD-K87361616,['54638821'],['OC[C@@H]1O[C@H](CC(=O)NCc2ccc(Cl)cc2)CC[C@@H]1NC(=O)CC1CC1'],,,,,
11813,BRD-K87367419,['54614335'],['C[C@H](CO)N1C[C@H](C)[C@@H](CN(C)CC2CCCCC2)Oc3ccc(NC(=O)Nc4cccc5ccccc45)cc3CC1=O'],,,,,
11814,BRD-K87371039,['56643189'],['O=P(c1cnc2ccccn12)(c1ccccc1)c1ccccc1'],,,,,
11815,BRD-K87377799,['54654034'],['CN(C)C(=O)C[C@H]1CC[C@@H]2[C@@H](COc3ccc(NC(=O)NCc4ccccc4)cc3C(=O)N2C)O1'],,,,,
11816,BRD-K87387614,['44506893'],['C[C@H](CO)N1C[C@@H](C)[C@H](CN(C)Cc2ccc(Oc3ccccc3)cc2)Oc4ccc(NC(=O)CCCCCC(=O)Nc5ccccc5N)cc4CC1=O'],,,,,
11817,BRD-K87400432,['44492581'],['C[C@H](CO)N1C[C@@H](C)[C@@H](CN(C)Cc2ccncc2)OCc3cnnn3CCCC1=O'],,,,,
11818,BRD-K87403606,['60859'],['CNC1=Nc2ccc(Cl)cc2C(=NC1)c1ccc[nH]1'],,,,,
11819,BRD-K87408386,['54631996'],['CO[C@@H]1CN(C)C(=O)c2cc(NC(=O)c3ccc4OCOc4c3)ccc2OC[C@@H](C)N(CC2CC2)C[C@@H]1C'],,,,,
11820,BRD-K87410008,['54631492'],['CO[C@@H]1CN(C)C(=O)c2cc(NC(=O)Nc3ccc(cc3)C(F)(F)F)ccc2OC[C@H](C)NC[C@@H]1C'],,,,,
11821,BRD-K87426499,['46907796'],['COc1ccc(cc1C)S(=O)(=O)N(C)C[C@@H]2Oc3c(NC(=O)Nc4cccc5ccccc45)cccc3C(=O)N(C[C@H]2C)[C@@H](C)CO'],,,,,
11822,BRD-K87426959,['44618507'],['C[C@@H](CO)N1C[C@@H](C)[C@@H](CN(C)CC2CCCCC2)OCCCC[C@H](C)Oc3ccc(NC(=O)c4ccncc4)cc3C1=O'],,,,,
11823,BRD-K87432599,['4758734'],['OC(=O)c1ccc(NC(=O)CCCN2C(=S)S\\C(=C/c3ccc4OCOc4c3)C2=O)cc1O'],,,,,
11824,BRD-K87440499,['54662641'],['CCCNC(=O)[C@H]1[C@H](CO)[C@H]2Cn3c(ccc(C4=CCCCC4)c3=O)[C@H]2N1Cc1ccccc1F'],,,,,
11825,BRD-K87445129,['54631866'],['CO[C@H]1CN(C)C(=O)c2cc(NC(=O)c3cccc(OC)c3)ccc2OC[C@@H](C)N(CCc2ccccc2)C[C@@H]1C'],,,,,
11826,BRD-K87445406,['54654366'],['CN1CCN(CC1)C(=O)C[C@@H]1CC[C@H]2[C@@H](COc3ccc(NC(=O)C4CCOCC4)cc3C(=O)N2C)O1'],,,,,
11827,BRD-K87449521,['44620514'],['C[C@@H](CO)N1C[C@@H](C)[C@H](CN(C)Cc2ccc3OCOc3c2)Oc4ccc(NC(=O)CCCCCC(=O)Nc5ccccc5N)cc4CC1=O'],,,,,
11828,BRD-K87449690,['54651354'],['COCC(=O)N1[C@H](CO)[C@@H]([C@H]1CNC(=O)c1ccccn1)c1ccccc1'],,,,,
11829,BRD-K87458009,['60190036'],['CCS(=O)(=O)N1C[C@@]2(C1)CN([C@H](CO)c1[nH]c3cc(OC)ccc3c21)C(=O)Nc1c(C)noc1C'],,,,,
11830,BRD-K87467896,['6729031'],['COc1ccc(C#Cc2ccc3NC(=O)[C@@]4([C@H]([C@H]5N([C@H]4c6ccc(OCCO)cc6)[C@@H]([C@@H](OC5=O)c7ccccc7)c8ccccc8)C(=O)N9CCCCCCC9)c3c2)cc1'],,,,,
11831,BRD-K87471235,['60189747'],['CCCNC(=O)N1[C@@H](CO)[C@@H](c2ccccc2)C11CN(C1)C(=O)C1CCCCC1'],,,,,
11832,BRD-K87492806,['54654126'],['CN1[C@@H]2CC[C@@H](CC(=O)NCCc3ccncc3)O[C@@H]2COc2ccc(NS(=O)(=O)c3ccc(C)cc3)cc2C1=O'],,,,,
11833,BRD-K87501901,['54651422'],['CN(C)CC(=O)NC[C@H]1[C@@H]([C@@H](CO)N1C(C)=O)c1ccc(cc1)C1=CCCCC1'],,,,,
11834,BRD-K87507139,['54654185'],['COCC(=O)Nc1ccc2OC[C@@H]3O[C@H](CC(=O)N4CCc5ccccc5C4)CC[C@H]3N(C)C(=O)c2c1'],,,,,
11835,BRD-K87508191,['60185083'],['COc1ccc2c3c([C@H](CO)N(C[C@]33CCN(CC4CCCC4)CC3)C(=O)C3CCC3)n(C)c2c1'],,,,,
11836,BRD-K87511374,['54651311'],['CN(C[C@@H]1[C@H]([C@H](CO)N1C(=O)C1CCC1)c1ccccc1)C(=O)c1ccccn1'],,,,,
11837,BRD-K87517219,['54638852'],['OC[C@H]1O[C@@H](CCNC(=O)C2CCCCC2)CC[C@@H]1NC(=O)Nc1ccccc1F'],,,,,
11838,BRD-K87520488,['44503391'],['C[C@H](CO)N1C[C@H](C)[C@@H](CN(C)C(=O)c2ccncc2)OCCCC[C@@H](C)Oc3ccc(NC(=O)c4ccncc4)cc3C1=O'],,,,,
11839,BRD-K87524836,['54631376'],['CO[C@@H]1CN(C)C(=O)c2ccc(NC(=O)c3cnccn3)cc2OC[C@H](C)NC[C@@H]1C'],,,,,
11840,BRD-K87536251,['54649515'],['CO[C@@H]1CC[C@@H]2CCN(C)C(=O)[C@H](C)[C@@H](CN(C)C(=O)c3cc(ccc3OC[C@@H]1O2)C#N)OC'],,,,,
11841,BRD-K87539610,['54661344'],['CN1[C@H]([C@H](CO)[C@H]2Cn3c(ccc(-c4cccc(F)c4)c3=O)[C@@H]12)C(=O)NCc1ccccn1'],,,,,
11842,BRD-K87562020,['54651262'],['OC[C@H]1[C@H]([C@@H](CNC(=O)c2ccncc2)N1CC1CCCC1)c1ccccc1'],,,,,
11843,BRD-K87621813,['56835590'],['CN1CCN(CC1)C(=O)c2cc3CN([C@H](CCO)c3c(n2)c4cccc(C#CCC5CCCC5)c4)S(=O)C(C)(C)C'],,,,,
11844,BRD-K87634307,['60189810'],['OC[C@@H]1[C@H](c2ccccc2)C2(CN(C2)C(=O)c2cccc(F)c2)N1C(=O)C1CCCCC1'],,,,,
11845,BRD-K87634799,['60188849'],['OC[C@@H]1[C@H]([C@@H](C#N)N1C(=O)NC1CCCC1)c1ccc(cc1)C1=CCCCC1'],,,,,
11846,BRD-K87640646,['60185120'],['COc1ccc2c3c([C@@H](CO)N(CC4CC4)C[C@]33CN(Cc4ccc(F)cc4)C3)n(C)c2c1'],,,,,
11847,BRD-K87648209,['60185150'],['Cc1ccccc1-c1ccc(cc1)[C@@H]1[C@@H]2CNC[C@H]1N2Cc1ccccn1'],,,,,
11848,BRD-K87657228,['44229067'],['Cc1ccc(cc1)S(=O)(=O)n1c(N)nc2cc(C)c(C)cc12'],,,,,
11849,BRD-K87669574,['54638715'],['CCC(=O)N[C@@H]1CC[C@H](CC(=O)NCc2ccccc2F)O[C@H]1CO'],,,,,
11850,BRD-K87687716,['54631652'],['CO[C@@H]1CN(C)C(=O)c2ccc(NS(=O)(=O)c3cn(C)cn3)cc2OC[C@H](C)NC[C@H]1C'],,,,,
11851,BRD-K87688096,['54661148'],['CCCNC(=O)[C@H]1[C@H](CO)[C@H]2Cn3c(ccc(-c4cncnc4)c3=O)[C@@H]1N2C(=O)Nc1ccccc1'],,,,,
11852,BRD-K87707378,['54654404'],['COc1ccc(cc1)C(=O)Nc1ccc2OC[C@H]3O[C@@H](CC(=O)NCC4CC4)CC[C@@H]3N(C)C(=O)c2c1'],,,,,
11853,BRD-K87720600,['54666427'],['OC[C@H]1[C@@H]([C@@H]2CN(CCCCN12)C(=O)Nc1cccc(F)c1)c1ccc(cc1)C#Cc1cccnc1'],,,,,
11854,BRD-K87726525,['44142143'],['Cn1nnnc1Sc2ncnc3scc(c4ccsc4)c23'],,,,,
11855,BRD-K87730440,['23749418'],['OCc1ccc(/C=N/NC(=O)CCCCCCC(=O)O)o1'],,,,,
11856,BRD-K87730884,['54654600'],['CN1[C@H]2CC[C@@H](CC(=O)NCCc3ccncc3)O[C@H]2COc2ccc(NC(=O)Cc3cccs3)cc2C1=O'],,,,,
11857,BRD-K87733826,['60184844'],['COc1ccc2c3c([nH]c2c1)[C@H](CO)N(C[C@]31CCN(CC1)C(=O)CC1CC1)C(=O)CC1CC1'],,,,,
11858,BRD-K87748349,['60189999'],['COc1ccc2c3c([C@@H](CO)N(CC4CC4)C[C@]33CN(C3)C(=O)Nc3ccc(F)cc3F)n(C)c2c1'],,,,,
11859,BRD-K87748653,['54637830'],['C[C@@H](CO)N1C[C@@H](C)[C@@H](CN(C)S(=O)(=O)c2c(C)noc2C)OCc3ccccc3-c4ccccc4C1=O'],,,,,
11860,BRD-K87755452,['54638287'],['C[C@@H](NC(=O)C[C@H]1O[C@@H](CO)[C@@H](NC(=O)Cc2ccccn2)C=C1)c1ccccc1'],,,,,
11861,BRD-K87758256,['54661321'],['COC(=O)[C@@H]1[C@@H](CO)[C@@H]2Cn3c(ccc(-c4ccccc4OC)c3=O)[C@@H]2N1CC1CCCC1'],,,,,
11862,BRD-K87779281,['44496020'],['C[C@@H](CO)N1C[C@H](C)[C@@H](CN(C)S(=O)(=O)c2ccccc2)OCCCC[C@H](C)Oc3ccc(NC(=O)CCCN(C)C)cc3C1=O'],,,,,
11863,BRD-K87779450,['44490365'],['C[C@@H](CO)N1C[C@@H](C)[C@H](CN(C)C)OCCCC[C@H](C)Oc2ccc(NS(=O)(=O)c3cn(C)cn3)cc2C1=O'],,,,,
11864,BRD-K87790979,['54666463'],['C[C@H](O)C#Cc1ccc(cc1)[C@H]1[C@H](CO)N2CCCCN(C[C@H]12)C(=O)c1ccc2OCOc2c1'],,,,,
11865,BRD-K87791256,['54618671'],['C[C@H](CO)N1C[C@@H](C)[C@H](CN(C)C)Oc2cc(C#Cc3ccccn3)ccc2S1(=O)=O'],,,,,
11866,BRD-K87801302,['54652571'],['OC[C@H]1[C@H]2[C@H](CN(C(=O)c3ccncc3)c3ccccc23)N1Cc1ccccc1F'],,,,,
11867,BRD-K87807408,['60190057'],['OC[C@H]1[C@H](c2ccccc2)C2(CN(C2)C(=O)C2CCC2)N1C(=O)c1ccccn1'],,,,,
11868,BRD-K87811893,['54618459'],['C[C@@H](CO)N1C[C@@H](C)[C@@H](CN(C)C(=O)c2ccc3OCOc3c2)Oc4ncc(cc4C1=O)C5=CCCC5'],,,,,
11869,BRD-K87829407,['60189694'],['COc1ccc2c3c([nH]c2c1)[C@@H](CO)N(C[C@]31CCN(CC2CCCC2)CC1)S(C)(=O)=O'],,,,,
11870,BRD-K87833465,['54661244'],['OC[C@H]1[C@@H]2Cn3c(cccc3=O)[C@@H]2N(Cc2cncnc2)[C@@H]1C(=O)NCC1CC1'],,,,,
11871,BRD-K87838487,['54657916'],['CCNC(=O)C[C@H]1CC[C@@H]2[C@H](COC[C@H](O)CN2C(=O)C2CCOCC2)O1'],,,,,
11872,BRD-K87838816,['54657639'],['CN(C)C(=O)C[C@H]1CC[C@@H]2[C@H](COC[C@H](O)CN2Cc2ccc(cc2)C(F)(F)F)O1'],,,,,
11873,BRD-K87838848,['54661322'],['COC(=O)[C@H]1[C@H](CO)[C@H]2Cn3c(ccc(-c4ccccc4OC)c3=O)[C@H]2N1CC1CCCC1'],,,,,
11874,BRD-K87840555,['54631966'],['CO[C@@H]1CN(C)C(=O)c2ccc(NC(C)=O)cc2OC[C@H](C)N(Cc2ccccc2F)C[C@H]1C'],,,,,
11875,BRD-K87850000,['54646269'],['COc1ccc(NC(=O)Nc2ccc3O[C@H]4[C@H](C[C@H](CC(=O)NCCc5ccccc5)O[C@@H]4CO)c3c2)cc1'],,,,,
11876,BRD-K87851508,['54631559'],['CCCN1C[C@@H](C)[C@H](CN(C)C(=O)c2cc(NC(=O)c3cnccn3)ccc2OC[C@@H]1C)OC'],,,,,
11877,BRD-K87865140,['54654584'],['COc1cccc(c1)C(=O)Nc1ccc2OC[C@@H]3O[C@H](CC(=O)NCCCN4CCOCC4)CC[C@H]3N(C)C(=O)c2c1'],,,,,
11878,BRD-K87878143,['54638385'],['COCCNC(=O)C[C@@H]1CC[C@H](NC(=O)NC2CCCCC2)[C@H](CO)O1'],,,,,
11879,BRD-K87878159,['56835497'],['CC(C)[C@H](C)NC(=O)N(C)C[C@@H]1OCc2ccccc2-c3ccccc3C(=O)N(C[C@H]1C)[C@@H](C)CO'],,,,,
11880,BRD-K87885716,['56835283'],['COc1ccc(NC(=O)N(C)C[C@@H]2OCc3ccccc3-c4c(C(=O)N(C[C@H]2C)[C@@H](C)CO)n(C)c5ccccc45)c(OC)c1'],,,,,
11881,BRD-K87888439,['60184955'],['CN(C)C(=O)c1ccc(cc1)-c1ccc(cc1)[C@@H]1[C@H]2CN(Cc3ccc4OCOc4c3)C[C@@H]1N2'],,,,,
11882,BRD-K87904079,['44496392'],['COc1ccccc1S(=O)(=O)N(C)C[C@H]2OCc3cnnn3CCCC(=O)N(C[C@@H]2C)[C@H](C)CO'],,,,,
11883,BRD-K87913872,['56835536'],['C[C@@H](CO)N1C[C@@H](C)[C@H](CN(C)S(=O)(=O)C)OCc2ccccc2-c3ccccc3C1=O'],,,,,
11884,BRD-K87920375,['54649571'],['CO[C@H]1CC[C@H]2CCOc3c(cccc3C(=O)N(C)C[C@@H](C)C(=O)N(C)C[C@H]1O2)C#N'],,,,,
11885,BRD-K87920770,['54666574'],['COc1ccccc1-c1ccc(cc1)[C@@H]1[C@@H](CO)N2CCCCN(C[C@H]12)C(=O)c1cccnc1'],,,,,
11886,BRD-K87927861,['60184956'],['COc1ccccc1S(=O)(=O)N1C[C@H]2N[C@@H](C1)[C@@H]2c1ccc(cc1)-c1cccnc1'],,,,,
11887,BRD-K87931486,['54666538'],['COc1ccc(cc1)C#Cc1ccc(cc1)[C@H]1[C@H](CO)N2CCCCN(C)C[C@@H]12'],,,,,
11888,BRD-K87939627,['60185003'],['CN(C)C(=O)c1cccc(c1)-c1ccc(cc1)[C@H]1[C@H]2CN(C[C@@H]1N2)S(=O)(=O)c1ccccc1C'],,,,,
11889,BRD-K87959840,['60189795'],['CCCNC(=O)N1CC[C@@]2(CC1)CN(Cc1cccc(OC)c1)[C@H](CO)c1[nH]c3cc(OC)ccc3c21'],,,,,
11890,BRD-K87964538,['665518'],['Cc1cc(C)n(n1)c2nc(NCCCO)c3c4CCCCc4sc3n2'],,,,,
11891,BRD-K87967185,['54631983'],['CCC(=O)Nc1ccc2c(OC[C@@H](C)N(C[C@H](C)[C@H](CN(C)C2=O)OC)C(=O)c2ccc(F)cc2)c1'],,,,,
11892,BRD-K87972129,['54631871'],['CO[C@@H]1CN(C)C(=O)c2ccc(NS(=O)(=O)c3cn(C)cn3)cc2OC[C@H](C)NC[C@@H]1C'],,,,,
11893,BRD-K87976657,['54632003'],['CO[C@H]1CN(C)C(=O)c2ccc(NC(=O)C3CCC3)cc2OC[C@@H](C)N(CC2CCCCC2)C[C@H]1C'],,,,,
11894,BRD-K87988402,['60191040'],['OC[C@H]1[C@@H]([C@@H]2CN(CC(=O)N12)C(=O)Nc1ccc(F)cc1)c1ccc(cc1)-c1cccc(F)c1'],,,,,
11895,BRD-K88003242,['54654152'],['CCCNC(=O)C[C@H]1CC[C@H]2[C@H](COc3ccc(NC(=O)c4ccc5OCOc5c4)cc3C(=O)N2C)O1'],,,,,
11896,BRD-K88008216,['44537781'],['C[C@H](CO)N1C[C@H](C)[C@@H](CN(C)S(=O)(=O)c2ccc(F)cc2)Oc3ccc(NC(=O)Nc4ccc(cc4)C(F)(F)F)cc3CC1=O'],,,,,
11897,BRD-K88013557,['2274454'],['CCCC(=O)Nc1cccc(NC(=O)Cc2ccc(Cl)cc2)c1'],,,,,
11898,BRD-K88022263,['54631557'],['COCC(=O)Nc1ccc2OC[C@@H](C)N(Cc3ccccn3)C[C@H](C)[C@H](CN(C)C(=O)c2c1)OC'],,,,,
11899,BRD-K88027520,['54660743'],['COC(=O)[C@@H]1[C@@H](CO)[C@@H]2Cn3c(ccc(-c4cccc(OC)c4)c3=O)[C@@H]2N1Cc1nccs1'],,,,,
11900,BRD-K88045846,['54639154'],['OC[C@@H]1O[C@@H](CCNS(=O)(=O)Cc2ccccc2)CC[C@H]1NC(=O)c1cnccn1'],,,,,
11901,BRD-K88051295,['54651366'],['CN(C[C@H]1[C@@H]([C@H](CO)N1C(C)=O)c1ccccc1)S(=O)(=O)c1ccccc1'],,,,,
11902,BRD-K88058683,['54654595'],['CN1[C@@H]2CC[C@@H](CC(=O)NCc3ccc4OCOc4c3)O[C@@H]2COc2ccc(NC(=O)C3CCOCC3)cc2C1=O'],,,,,
11903,BRD-K88059273,['44489738'],['C[C@H](CO)N1C[C@H](C)[C@H](CN(C)S(=O)(=O)c2ccc(F)cc2)OCCCC[C@@H](C)Oc3ccc(NC(=O)Nc4ccccc4)cc3C1=O'],,,,,
11904,BRD-K88069074,['44620280'],['C[C@H](CO)N1C[C@@H](C)[C@@H](CN(C)Cc2ccc(cc2)C(F)(F)F)OCCCC[C@H](C)Oc3ccc(NS(=O)(=O)c4c(C)noc4C)cc3C1=O'],,,,,
11905,BRD-K88074877,['54631510'],['CO[C@H]1CN(C)C(=O)c2cc(NS(=O)(=O)CC(F)(F)F)ccc2OC[C@@H](C)N(Cc2nccs2)C[C@H]1C'],,,,,
11906,BRD-K88078052,['60191443'],['COc1cccc(NC(=O)N2C[C@H]3[C@@H]([C@H](CO)N3C(=O)C2)c2ccc(cc2)C#CCC2CCCC2)c1'],,,,,
11907,BRD-K88085458,['54631925'],['CO[C@@H]1CN(C)C(=O)c2ccc(NC(=O)Nc3ccccc3F)cc2OC[C@@H](C)N(CC2CC2)C[C@H]1C'],,,,,
11908,BRD-K88092133,['54645881'],['COc1ccc(NC(=O)Nc2ccc3O[C@H]4[C@H](C[C@H](CC(=O)NCC(F)(F)F)O[C@H]4CO)c3c2)cc1'],,,,,
11909,BRD-K88095357,['54646373'],['CN(C)CC(=O)Nc1ccc2O[C@@H]3[C@@H](C[C@H](CC(=O)NCc4ccc(cc4)c5ccccc5)O[C@H]3CO)c2c1'],,,,,
11910,BRD-K88099061,['54652589'],['OC[C@H]1[C@H]2[C@H](CN(C(=O)C3CC3)c3ccccc23)N1C(=O)c1ccccc1'],,,,,
11911,BRD-K88104720,['54638906'],['C[C@H](NC(=O)C[C@@H]1CC[C@@H](NC(=O)c2cccnc2)[C@H](CO)O1)c1ccccc1'],,,,,
11912,BRD-K88114291,['54651444'],['CCN(C[C@H]1N[C@@H](CO)[C@@H]1c1ccc(cc1)-c1ccc(F)cc1)C(=O)COC'],,,,,
11913,BRD-K88114920,['54638890'],['Cc1ccccc1S(=O)(=O)NCC[C@@H]1CC[C@@H](NS(=O)(=O)c2ccccc2C)[C@H](CO)O1'],,,,,
11914,BRD-K88176535,['56835570'],['COc1cccc(c1)c2cccc(c2)c3nc(cc4CN([C@@H](CCO)c43)S(=O)C(C)(C)C)C(=O)O'],,,,,
11915,BRD-K88180879,['54654502'],['CN1[C@H]2CC[C@H](CC(=O)Nc3cn(C)nc3C)O[C@H]2COc2ccc(NC(=O)C3CCOCC3)cc2C1=O'],,,,,
11916,BRD-K88187036,['54646030'],['CS(=O)(=O)Nc1ccc2O[C@H]3[C@H](C[C@H](CC(=O)NCc4cc(F)ccc4F)O[C@@H]3CO)c2c1'],,,,,
11917,BRD-K88196769,['54660856'],['OC[C@H]1[C@@H]2Cn3c(cccc3=O)[C@H]([C@@H]1C(=O)N1CCc3ccccc3C1)N2CC1CC1'],,,,,
11918,BRD-K88197986,['60191273'],['CCCC#Cc1ccc(cc1)[C@@H]1[C@@H](CO)N2[C@@H]1CN(CC2=O)C(=O)Nc1cccc(F)c1'],,,,,
11919,BRD-K88198340,['12043281'],['COC1(OC)C=CC(=O)C=C1NC(=O)c2ccccc2OC(=O)C'],,,,,
11920,BRD-K88217904,['44499565'],['C[C@@H](CO)N1C[C@@H](C)[C@@H](CN(C)S(=O)(=O)c2ccc(Cl)cc2)Oc3c(NC(=O)Nc4ccc(F)cc4)cccc3C1=O'],,,,,
11921,BRD-K88231082,['54666484'],['C\\C=C\\c1ccc(cc1)[C@H]1[C@@H](CO)N2CCCCN(C[C@H]12)C(=O)Cc1cccnc1'],,,,,
11922,BRD-K88239034,['54645926'],['OC[C@@H]1O[C@H](CC(=O)NCCN2CCCCC2)C[C@H]3[C@@H]1Oc4ccc(NS(=O)(=O)c5ccc(F)cc5)cc34'],,,,,
11923,BRD-K88243749,['44504025'],['CC(C)NC(=O)N(C)C[C@H]1OCCCC[C@@H](C)Oc2ccc(NC(=O)c3ccccc3)cc2C(=O)N(C[C@@H]1C)[C@H](C)CO'],,,,,
11924,BRD-K88269272,['54631374'],['CO[C@H]1CN(C)C(=O)c2cc(NC(=O)c3ccccc3F)ccc2OC[C@H](C)N(CC2CCOCC2)C[C@@H]1C'],,,,,
11925,BRD-K88269385,['44142059'],['Clc1ccccc1c2ccc3ncnc(NCc4ccc5OCOc5c4)c3c2'],,,,,
11926,BRD-K88272013,['54661326'],['COC(=O)[C@@H]1[C@@H](CO)[C@@H]2Cn3c(ccc(-c4ccccc4F)c3=O)[C@H]1N2CC1CCCC1'],,,,,
11927,BRD-K88278225,['44508005'],['C[C@@H](CO)N1C[C@H](C)[C@@H](CN(C)Cc2ccc(cc2)C(=O)Nc3ccccc3N)Oc4ccc(NC(=O)Nc5ccc(cc5)C(F)(F)F)cc4CC1=O'],,,,,
11928,BRD-K88279116,['54654165'],['CNC(=O)C[C@H]1CC[C@H]2[C@H](COc3ccc(NC(=O)c4cc(F)cc(F)c4)cc3C(=O)N2C)O1'],,,,,
11929,BRD-K88281008,['54654272'],['C[C@H](NC(=O)C[C@@H]1CC[C@@H]2[C@H](COc3ccc(NS(=O)(=O)c4ccc(Cl)cc4)cc3C(=O)N2C)O1)c1ccccc1'],,,,,
11930,BRD-K88282487,['54654598'],['CN1[C@H]2CC[C@H](CC(=O)NCc3ccc4OCOc4c3)O[C@@H]2COc2ccc(NC(=O)C3CCOCC3)cc2C1=O'],,,,,
11931,BRD-K88306141,['54618415'],['C[C@@H](O)C#Cc1cnc2O[C@H](CN(C)C(=O)Cc3ccncc3)[C@@H](C)CN([C@@H](C)CO)C(=O)c2c1'],,,,,
11932,BRD-K88306467,['54649390'],['COc1ccc(cc1)-c1cccc(c1)-c1nc(cc2CN([C@@H](CCO)c12)[S@@](=O)C(C)(C)C)C(=O)N(C)C'],,,,,
11933,BRD-K88307115,['60191033'],['OC[C@@H]1[C@@H]([C@@H]2CN(CC(=O)N12)C(=O)Nc1ccc(F)cc1)c1ccc(cc1)C1=CCCC1'],,,,,
11934,BRD-K88307956,['44488069'],['C[C@@H](CO)N1C[C@H](C)[C@H](CN(C)Cc2ccc(cc2)C(=O)O)Oc3c(NC(=O)Nc4cccc5ccccc45)cccc3C1=O'],,,,,
11935,BRD-K88311084,['60192010'],['OC[C@H]1[C@@H](c2ccccc2)C2(CN(C2)C(=O)C2CCC2)N1Cc1cccnc1'],,,,,
11936,BRD-K88318034,['54637661'],['C[C@@H](CO)N1C[C@@H](C)[C@@H](CN(C)Cc2cccnc2)OCc3ccccc3-c4c(C1=O)n(C)c5ccccc45'],,,,,
11937,BRD-K88327759,['54654303'],['CCNC(=O)Nc1ccc2OC[C@@H]3O[C@@H](CC(=O)N[C@H](C)c4ccccc4)CC[C@H]3N(C)C(=O)c2c1'],,,,,
11938,BRD-K88328468,['54638940'],['OC[C@H]1O[C@@H](CC(=O)NC2CCC2)C=C[C@H]1NC(=O)C1CC1'],,,,,
11939,BRD-K88329126,['74812'],['COc1cc(c(O)cc1C(C)(C)C)C(C)(C)C'],,,,,
11940,BRD-K88330666,['60185007'],['Cc1cccc(c1)-c1ccc(cc1)[C@H]1[C@H]2CN(C[C@@H]1N2)C(=O)C1CCCCC1'],,,,,
11941,BRD-K88334823,['54650125'],['CCS(=O)(=O)N1[C@H](CO)[C@H]([C@@H]1C#N)c1ccc(cc1)C#Cc1ccccc1F'],,,,,
11942,BRD-K88352009,['54632206'],['COCC(=O)N1C[C@H](C)[C@@H](CN(C)C(=O)c2cc(NC(=O)Nc3cccc(F)c3)ccc2OC[C@H]1C)OC'],,,,,
11943,BRD-K88352433,['54631585'],['CO[C@H]1CN(C)C(=O)c2ccc(NC(=O)Nc3cc(F)ccc3F)cc2OC[C@H](C)N(C[C@H]1C)C(=O)c1cnccn1'],,,,,
11944,BRD-K88361133,['54657891'],['O[C@@H]1COC[C@@H]2O[C@@H](CC(=O)NCc3ccncn3)CC[C@H]2N(C1)C(=O)Nc1ccccc1'],,,,,
11945,BRD-K88363359,['54660864'],['COc1ccccc1-c1ccc2[C@@H]3[C@H](Cn2c1=O)[C@@H](CO)[C@@H](N3S(C)(=O)=O)C(=O)NCC1CC1'],,,,,
11946,BRD-K88373420,['54652418'],['OC[C@@H]1[C@@H]2[C@@H](CN(C(=O)Nc3cccc(Cl)c3)c3ccccc23)N1CC1CCOCC1'],,,,,
11947,BRD-K88376874,['60191302'],['CN(C)C(=O)c1ccc(cc1)-c1ccc(cc1)[C@@H]1[C@@H](CO)N2[C@H]1CN(CC2=O)C(=O)CC1CC1'],,,,,
11948,BRD-K88384060,['54637802'],['COc1ccccc1S(=O)(=O)N(C)C[C@@H]2OCc3ccccc3-c4ccccc4C(=O)N(C[C@@H]2C)[C@H](C)CO'],,,,,
11949,BRD-K88385750,['54638725'],['CN(C)C(=O)C[C@@H]1CC[C@@H](NC(=O)C2CCOCC2)[C@@H](CO)O1'],,,,,
11950,BRD-K88391199,['54638439'],['NCC[C@@H]1CC[C@@H](NC(=O)c2ccccc2F)[C@@H](CO)O1'],,,,,
11951,BRD-K88392283,['54654209'],['COc1ccccc1CNC(=O)C[C@H]1CC[C@@H]2[C@H](COc3ccc(NS(=O)(=O)c4ccc(C)cc4)cc3C(=O)N2C)O1'],,,,,
11952,BRD-K88402291,['54649963'],['CCCNC(=O)N1[C@H](CO)[C@H]([C@H]1C#N)c1ccc(cc1)-c1ccccc1F'],,,,,
11953,BRD-K88404561,['54631692'],['CCCC(=O)Nc1ccc2c(OC[C@H](C)N(Cc3ccc(F)cc3)C[C@@H](C)[C@@H](CN(C)C2=O)OC)c1'],,,,,
11954,BRD-K88426506,['44507140'],['C[C@@H](CO)N1C[C@@H](C)[C@H](CN(C)CC2CCCCC2)Oc3c(NC(=O)CCCCCC(=O)Nc4ccccc4N)cccc3C1=O'],,,,,
11955,BRD-K88487973,['54646152'],['CN(C)c1ccc2O[C@@H]3[C@@H](C[C@@H](CC(=O)NCCc4ccccc4)O[C@@H]3CO)c2c1'],,,,,
11956,BRD-K88488723,['44483643'],['C[C@@H](CO)N1C[C@H](C)[C@H](CN(C)C)Oc2ccc(NC(=O)Nc3ccccc3)cc2C1=O'],,,,,
11957,BRD-K88504936,['54664949'],['CN(C)C(=O)c1cccc(c1)-c1ccc2N[C@H](CO)[C@H]3CCN([C@H]3c2c1)S(=O)(=O)c1ccc(C)cc1'],,,,,
11958,BRD-K88511582,['44142085'],['O=C(OCC#CCSc1nnc(o1)c2cccc3ccccc23)c4c[nH]cn4'],,,,,
11959,BRD-K88522059,['54615084'],['C[C@H](CO)N1C[C@H](C)[C@H](CN(C)CC2CC2)OCCCC[C@H](C)Oc3ccc(NC(=O)CCC(F)(F)F)cc3C1=O'],,,,,
11960,BRD-K88537788,['60187518'],['COCC(=O)N1C[C@@]2(C1)CN(Cc1ccc3OCOc3c1)[C@H](CO)c1c2c2ccc(OC)cc2n1C'],,,,,
11961,BRD-K88541752,['54654544'],['CN1[C@H]2CC[C@H](CC(=O)NCCCN3CCOCC3)O[C@H]2COc2ccc(NC(=O)Nc3ccccc3Cl)cc2C1=O'],,,,,
11962,BRD-K88542532,['1242547'],['COc1ccc(cc1)N(C(=O)c2cccnc2)S(=O)(=O)c3ccccc3'],,,,,
11963,BRD-K88556033,['44499885'],['C[C@H](CO)N1C[C@H](C)[C@H](CN(C)S(=O)(=O)c2ccc(C)cc2)Oc3c(NC(=O)NC4CCCCC4)cccc3C1=O'],,,,,
11964,BRD-K88560304,['54654248'],['COc1cccc(CNC(=O)C[C@@H]2CC[C@H]3[C@H](COc4ccc(NS(=O)(=O)c5ccccc5F)cc4C(=O)N3C)O2)c1'],,,,,
11965,BRD-K88569143,['23975571'],['OC(=O)[C@H]1C[C@@H]2N([C@H]1c3ccc(O)cc3)C(=O)CNC2=O'],,,,,
11966,BRD-K88575585,['25600'],['NCCc1csc2ccc(O)cc12'],,,,,
11967,BRD-K88581223,['54651471'],['CN(C[C@@H]1[C@H]([C@H](CO)N1C(C)=O)c1ccc(cc1)-c1ccc(F)cc1)C(C)=O'],,,,,
11968,BRD-K88590679,['54666520'],['OC[C@@H]1[C@@H]([C@H]2CN(Cc3ccncc3)CCCCN12)c1ccc(cc1)C1=CCCC1'],,,,,
11969,BRD-K88595392,['54652595'],['OC[C@H]1[C@H]2[C@H](CN(C(=O)Nc3cccc(Cl)c3)c3ccccc23)N1C(=O)c1ccncc1'],,,,,
11970,BRD-K88597074,['54618422'],['C[C@@H](CO)N1C[C@H](C)[C@H](CN(C)Cc2ccc(Oc3ccccc3)cc2)Oc4ncc(cc4C1=O)c5cncnc5'],,,,,
11971,BRD-K88602713,['54657887'],['COc1cccc(c1)S(=O)(=O)N1C[C@H](O)COC[C@H]2O[C@H](CC(=O)NCCCN3CCOCC3)CC[C@H]12'],,,,,
11972,BRD-K88606952,['54618619'],['COCC(=O)N(C)C[C@H]1Oc2cc(C#Cc3cccnc3)ccc2S(=O)(=O)N(C[C@H]1C)[C@@H](C)CO'],,,,,
11973,BRD-K88607897,['54657889'],['O[C@@H]1COC[C@@H]2O[C@H](CC(=O)NCc3ccncn3)CC[C@H]2N(C1)C(=O)Nc1ccccc1'],,,,,
11974,BRD-K88608081,['56835281'],['C[C@@H](CO)N1C[C@@H](C)[C@H](CN(C)C(=O)[C@@H](Cc2ccccc2)N(C)C)OCc3ccccc3-c4c(C1=O)n(C)c5ccccc45'],,,,,
11975,BRD-K88616704,['44490406'],['CC(C)NC(=O)N(C)C[C@@H]1OCCCC[C@@H](C)Oc2ccc(NC(=O)CCC(F)(F)F)cc2C(=O)N(C[C@H]1C)[C@@H](C)CO'],,,,,
11976,BRD-K88617254,['54638368'],['OC[C@@H]1O[C@@H](CC(=O)NCc2ccncn2)CC[C@@H]1NC(=O)c1ccc(F)cc1'],,,,,
11977,BRD-K88617912,['54657559'],['O[C@@H]1COC[C@H]2O[C@H](CC(=O)N3CCCCC3)CC[C@@H]2N(C1)S(=O)(=O)c1cccc(Cl)c1'],,,,,
11978,BRD-K88622704,['17757080'],['CCOc1ccccc1CNc2ncnc3ccc(cc23)c4c(C)noc4C'],,,,,
11979,BRD-K88624856,['44489228'],['C[C@@H](CO)N1C[C@@H](C)[C@@H](CN(C)Cc2ccc(cc2)C(F)(F)F)Oc3ccc(NC(=O)Cc4ccccc4)cc3CC1=O'],,,,,
11980,BRD-K88626416,['54651317'],['CCC(=O)NC[C@@H]1[C@H]([C@H](CO)N1Cc1ccccn1)c1ccc(\\C=C\\C)cc1'],,,,,
11981,BRD-K88641895,['54646629'],['OC[C@H]1O[C@@H](CC(=O)NCC(F)(F)F)C[C@H]2[C@@H]1Oc3ccc(NC(=O)c4cccnc4)cc23'],,,,,
11982,BRD-K88647644,['54664991'],['COc1ccc(cc1)S(=O)(=O)N1CC[C@H]2[C@@H]1c1cc(ccc1N(C)[C@H]2CO)-c1ccc(F)cc1'],,,,,
11983,BRD-K88652561,['54638857'],['COc1cccc(c1)-c1cn(CC[C@@H]2CC[C@H](NS(=O)(=O)Cc3ccccc3)[C@H](CO)O2)nn1'],,,,,
11984,BRD-K88668773,['665747'],['CCNC(=O)CCc1nc(no1)c2ccc(cc2)C(C)(C)C'],,,,,
11985,BRD-K88668992,['44820670'],['CCc1nn2c(nc(N3CCNCC3)c(F)c2=O)s1'],,,,,
11986,BRD-K88671928,['54631664'],['CO[C@H]1CN(C)C(=O)c2cc(NC(=O)c3cccc(OC)c3)ccc2OC[C@@H](C)N(CCc2ccccc2)C[C@H]1C'],,,,,
11987,BRD-K88672507,['44489368'],['C[C@H](CO)N1C[C@H](C)[C@@H](CN(C)C(=O)NC2CCCCC2)Oc3ccc(cc3C1=O)N(C)C'],,,,,
11988,BRD-K88683417,['60191107'],['OC[C@@H]1[C@H]([C@H]2CN(CC(=O)N12)C(=O)Cc1cccnc1)c1ccc(\\C=C\\c2ccccc2)cc1'],,,,,
11989,BRD-K88686946,['54646013'],['COC(=O)C[C@H]1C[C@H]2[C@H](Oc3ccc(NC(=O)C4CCOCC4)cc23)[C@H](CO)O1'],,,,,
11990,BRD-K88701555,['60190034'],['CCCC(=O)N1CC[C@@]2(CC1)CN([C@@H](CO)c1[nH]c3cc(OC)ccc3c21)C(=O)Cc1ccccn1'],,,,,
11991,BRD-K88707333,['44142140'],['Cn1nnnc1Sc2ncnc3scc(c4ccc(cc4)c5ccccc5)c23'],,,,,
11992,BRD-K88708949,['782168'],['Cc1ccc2nc(Nc3ccccc3)nc(c4ccccc4)c2c1'],,,,,
11993,BRD-K88709513,['54660920'],['OC[C@@H]1[C@H]2Cn3c(ccc(-c4cccnc4)c3=O)[C@@H]([C@H]1C(=O)NCc1cccc(F)c1)N2CC1CC1'],,,,,
11994,BRD-K88710727,['44507381'],['CCOc1cccc(/C=N/NC(=O)CCCCCCC(=O)Nc2ccccc2O)c1OCC'],,,,,
11995,BRD-K88714443,['44499061'],['C[C@H](CO)N1C[C@H](C)[C@@H](CN(C)Cc2ccc(Cl)c(Cl)c2)Oc3c(NC(=O)Nc4ccc(cc4)C(F)(F)F)cccc3C1=O'],,,,,
11996,BRD-K88722443,['49843003'],['COc1ccc(cc1)S(=O)(=O)Nc2ccc3O[C@@H](C)CCCCO[C@@H](CN(C)CC4CCCCC4)[C@H](C)CN([C@@H](C)CO)C(=O)c3c2'],,,,,
11997,BRD-K88735704,['1093221'],['Nc1ccc2[nH]c(CCC(=O)O)nc2c1'],,,,,
11998,BRD-K88748878,['44618542'],['CC(C)NC(=O)Nc1ccc2O[C@H](C)CCCCO[C@H](CN(C)Cc3ccncc3)[C@@H](C)CN([C@@H](C)CO)C(=O)c2c1'],,,,,
11999,BRD-K88761633,['44246455'],['CCOC(=O)c1ccccc1S(=O)(=O)N1CCN(CC1)c1nc(nc2ccccc12)-c1cccs1'],,,,,
12000,BRD-K88762178,['54631759'],['CCC(=O)Nc1ccc2OC[C@@H](C)N(Cc3ccncc3)C[C@@H](C)[C@@H](CN(C)C(=O)c2c1)OC'],,,,,
12001,BRD-K88769248,['60185131'],['COc1ccc(cc1)-c1ccc(cc1)[C@H]1[C@H]2CN(C[C@@H]1N2)C(=O)c1cnccn1'],,,,,
12002,BRD-K88784410,['9581012'],['COC(=O)c1cnn(c1C=NN=C(S)Nc1ccccc1)-c1ccc(F)cc1F'],,,,,
12003,BRD-K88786138,['54618666'],['C[C@H](CO)N1C[C@@H](C)[C@H](CN(C)C(=O)CC2CC2)Oc3ncc(cc3C1=O)c4ccccc4C'],,,,,
12004,BRD-K88786596,['54657986'],['CN1CCN(CC1)C(=O)C[C@H]1CC[C@@H]2[C@H](COC[C@H](O)CN2Cc2cccc(F)c2)O1'],,,,,
12005,BRD-K88797027,['54657977'],['COC(=O)C[C@@H]1CC[C@H]2[C@@H](COC[C@@H](O)CN2S(=O)(=O)c2ccccc2OC)O1'],,,,,
12006,BRD-K88809956,['54631860'],['CO[C@@H]1CN(C)C(=O)c2ccc(NC(=O)Nc3c(C)noc3C)cc2OC[C@H](C)NC[C@@H]1C'],,,,,
12007,BRD-K88817140,['54614404'],['C[C@@H](CO)N1C[C@H](C)[C@@H](CN(C)Cc2ccc(cc2)c3ccccc3)Oc4ccc(NC(=O)NC5CCCCC5)cc4CC1=O'],,,,,
12008,BRD-K88819433,['60189643'],['COc1ccc2c3c([nH]c2c1)[C@H](CO)N(Cc1cccc(Cl)c1)C[C@]31CCN(C)CC1'],,,,,
12009,BRD-K88821227,['54657510'],['Cn1cnc(CCNC(=O)C[C@@H]2CC[C@H]3[C@@H](COC[C@H](O)CN3C(=O)Nc3ccc(cc3)C(F)(F)F)O2)c1'],,,,,
12010,BRD-K88822846,['44488910'],['C[C@H](CO)N1C[C@@H](C)[C@H](CN(C)C(=O)Nc2cccc3ccccc23)Oc4ccc(NS(=O)(=O)C)cc4C1=O'],,,,,
12011,BRD-K88842895,['54654468'],['CCS(=O)(=O)Nc1ccc2OC[C@@H]3O[C@@H](CC(=O)NCc4ccccc4F)CC[C@@H]3N(C)C(=O)c2c1'],,,,,
12012,BRD-K88844437,['54624752'],['CCCN(C)C[C@H]1Oc2ncc(C#Cc3ccc(OC)cc3)cc2C(=O)N(C[C@H]1C)[C@@H](C)CO'],,,,,
12013,BRD-K88856990,['54650174'],['C\\C=C\\c1ccc(cc1)[C@H]1[C@H](CO)N([C@H]1C#N)C(=O)c1cccnc1'],,,,,
12014,BRD-K88866336,['56835362'],['C[C@H](CO)N1C[C@H](C)[C@@H](CN(C)C(=O)CCC(F)(F)F)OCc2ccccc2-c3c(C1=O)n(C)c4ccccc34'],,,,,
12015,BRD-K88872152,['44488697'],['C[C@@H](CO)N1C[C@@H](C)[C@H](CN(C)C(=O)Nc2ccc(cc2)N3CCN(C)CC3)OCc4cnnn4CCCC1=O'],,,,,
12016,BRD-K88897538,['54654415'],['CCS(=O)(=O)Nc1ccc2OC[C@@H]3O[C@@H](CC(=O)N[C@H]4CCN(Cc5ccccc5)C4)CC[C@H]3N(C)C(=O)c2c1'],,,,,
12017,BRD-K88899439,['54649495'],['CO[C@H]1CC[C@@H]2CCN(C)C(=O)[C@H](C)[C@H](CN(C)C(=O)c3cccc(C#N)c3OC[C@@H]1O2)OC'],,,,,
12018,BRD-K88899793,['60189730'],['CCC(=O)N1C[C@]2(CCN(Cc3ccccc3Cl)CC2)c2c([nH]c3cc(OC)ccc23)[C@H]1CO'],,,,,
12019,BRD-K88901529,['54654127'],['CN1[C@H]2CC[C@@H](CC(=O)NCCc3ccncc3)O[C@@H]2COc2ccc(NS(=O)(=O)c3ccc(C)cc3)cc2C1=O'],,,,,
12020,BRD-K88903268,['54660834'],['OC[C@H]1[C@@H]2Cn3c(ccc(-c4ccc(F)cc4)c3=O)[C@@H]2N(CC2CC2)[C@@H]1C(=O)NCc1ccncn1'],,,,,
12021,BRD-K88908047,['54645939'],['C[C@@H](NC(=O)C[C@H]1C[C@@H]2[C@@H](Oc3ccc(NS(=O)(=O)c4ccc(F)cc4)cc23)[C@H](CO)O1)c5ccccc5'],,,,,
12022,BRD-K88914803,['54618686'],['C[C@H](CO)N1C[C@H](C)[C@H](CN(C)Cc2cccc(F)c2)Oc3ncc(C#CC(C)(C)O)cc3C1=O'],,,,,
12023,BRD-K88925856,['54620051'],['C[C@@H](CO)N1C[C@@H](C)[C@H](CN(C)CC2CCCC2)Oc3cc(C#Cc4cccnc4)ccc3S1(=O)=O'],,,,,
12024,BRD-K88937432,['54649428'],['CC(C)(C)[S@](=O)N1Cc2cc(nc(c2[C@@H]1CCO)-c1cccc(c1)-c1ccncc1)C(=O)NCc1ccc2OCOc2c1'],,,,,
12025,BRD-K88942732,['54651284'],['CCN(C[C@H]1[C@H]([C@H](CO)N1C(=O)COC)c1ccccc1)S(C)(=O)=O'],,,,,
12026,BRD-K88959773,['54631626'],['CCC(=O)N1C[C@H](C)[C@@H](CN(C)C(=O)c2ccc(NC(=O)Nc3ccc(Cl)cc3)cc2OC[C@H]1C)OC'],,,,,
12027,BRD-K88961159,['60185153'],['Cc1cccc(c1)S(=O)(=O)N1C[C@H]2N[C@@H](C1)[C@@H]2c1ccc(cc1)-c1ccccc1C'],,,,,
12028,BRD-K88964386,['6621011'],['COc1ccc(CCNC(=O)CSc2nc3ccccc3nc2N4CCCC4)cc1OC'],,,,,
12029,BRD-K88965984,['11831'],['[O-][N+](=O)c1ccc-2c(Cc3ccccc-23)c1'],,,,,
12030,BRD-K88967430,['54657825'],['O[C@@H]1COC[C@H]2O[C@H](CC(=O)N3CCC(Cc4ccccc4)CC3)CC[C@@H]2N(Cc2nccs2)C1'],,,,,
12031,BRD-K88968415,['54638973'],['COc1ccccc1NC(=O)N[C@@H]1CC[C@@H](CCNS(=O)(=O)c2ccccc2)O[C@@H]1CO'],,,,,
12032,BRD-K88968998,['54646258'],['OC[C@@H]1O[C@H](CC(=O)NCc2ccccn2)C[C@H]3[C@@H]1Oc4ccc(NC(=O)c5ccc6OCOc6c5)cc34'],,,,,
12033,BRD-K88973556,['54638648'],['COc1cccc(NC(=O)N[C@H]2CC[C@@H](CC(=O)N3CCCCC3)O[C@H]2CO)c1'],,,,,
12034,BRD-K88990907,['54661141'],['COCC(=O)N1[C@H]2Cn3c(ccc(-c4ccccc4)c3=O)[C@@H]1[C@@H]([C@H]2CO)C(=O)NCc1ccccn1'],,,,,
12035,BRD-K88994971,['60185122'],['COc1ccc2c3c([nH]c2c1)[C@@H](CO)N(CC1CCCCC1)C[C@]31CN(C1)C(=O)C1CCOCC1'],,,,,
12036,BRD-K88995397,['54661232'],['OC[C@H]1[C@@H]2Cn3c(ccc(-c4ccccc4F)c3=O)[C@H]([C@@H]1C(=O)NCC1CC1)N2Cc1cccnc1'],,,,,
12037,BRD-K89000102,['49843444'],['C[C@H](CO)N1C[C@@H](C)[C@H](CN(C)Cc2ccc(cc2)C(F)(F)F)OCCCC[C@H](C)Oc3ccc(NC(=O)Nc4ccccc4)cc3C1=O'],,,,,
12038,BRD-K89000385,['54666452'],['COCC#Cc1ccc(cc1)[C@@H]1[C@@H](CO)N2CCCCN(C[C@@H]12)C(=O)NC1CCCC1'],,,,,
12039,BRD-K89005359,['44487483'],['C[C@H](CO)N1C[C@H](C)[C@@H](CN(C)S(=O)(=O)c2ccc(F)cc2)OCCCC[C@H](C)Oc3ccc(NC(=O)Nc4ccccc4)cc3C1=O'],,,,,
12040,BRD-K89009594,['20862013'],['Cn1c2ccccc2c(OCCCC(=O)Nc2cccc(Cl)c2)cc1=O'],,,,,
12041,BRD-K89010697,['54657514'],['O[C@@H]1COC[C@H]2O[C@H](CC(=O)NCC3CCCCC3)CC[C@@H]2N(CCC(F)(F)F)C1'],,,,,
12042,BRD-K89020690,['44487083'],['C[C@H](CO)N1C[C@@H](C)[C@H](CN(C)Cc2ccc(cc2)C(F)(F)F)Oc3ccc(NC(=O)Nc4c(C)noc4C)cc3C1=O'],,,,,
12043,BRD-K89029303,['54638837'],['OC[C@@H]1O[C@@H](CC(=O)Nc2nccs2)CC[C@H]1NC(=O)CCN1CCCCC1'],,,,,
12044,BRD-K89034694,['44617953'],['CC(C)NC(=O)Nc1ccc2O[C@H](CN(C)C(=O)NC3CCCCC3)[C@@H](C)CN([C@H](C)CO)C(=O)Cc2c1'],,,,,
12045,BRD-K89056622,['54657476'],['CS(=O)(=O)N1C[C@H](O)COC[C@H]2O[C@@H](CC(=O)NCc3ccccc3)CC[C@H]12'],,,,,
12046,BRD-K89059493,['41724711'],['O=C(C1CCN(CC1)c1ncnc2sccc12)c1ccccc1'],,,,,
12047,BRD-K89062214,['54638899'],['C[C@H](NC(=O)C[C@@H]1CC[C@H](NC(=O)c2cccnc2)[C@@H](CO)O1)c1ccccc1'],,,,,
12048,BRD-K89076662,['54645866'],['COCC(=O)Nc1ccc2O[C@@H]3[C@@H](C[C@H](CC(=O)NCc4ccc5OCOc5c4)O[C@@H]3CO)c2c1'],,,,,
12049,BRD-K89079417,['54650128'],['OC[C@H]1[C@@H]([C@H](C#N)N1S(=O)(=O)c1ccc(F)cc1)c1ccccc1'],,,,,
12050,BRD-K89087272,['54654083'],['CN1[C@H]2CC[C@H](CC(=O)N3CCCCC3)O[C@H]2COc2ccc(NC(=O)c3cccs3)cc2C1=O'],,,,,
12051,BRD-K89097220,['7122097'],['CCN(CC)c1ccc(cc1[N+]([O-])=O)C1=NNC(=O)C[C@H]1C'],,,,,
12052,BRD-K89112856,['54638959'],['C[C@@H](NC(=O)C[C@H]1O[C@H](CO)[C@@H](NC(=O)Nc2ccc3OCOc3c2)C=C1)c1ccccc1'],,,,,
12053,BRD-K89114227,['54638246'],['OC[C@@H]1O[C@H](CCNC(=O)c2ccc3OCOc3c2)CC[C@H]1NS(=O)(=O)c1ccc(Cl)cc1'],,,,,
12054,BRD-K89122409,['60191072'],['Cc1ccccc1-c1ccc(cc1)[C@@H]1[C@@H](CO)N2[C@@H]1CN(CC2=O)C(=O)c1ccncc1'],,,,,
12055,BRD-K89133991,['54631322'],['CO[C@@H]1CN(C)C(=O)c2ccc(NC(=O)c3ccc4OCOc4c3)cc2OC[C@H](C)N(CCC(F)(F)F)C[C@H]1C'],,,,,
12056,BRD-K89141537,['54649924'],['CN(C)C(=O)c1ccc(cc1)-c1ccc(cc1)[C@H]1[C@H](CO)N([C@H]1C#N)S(C)(=O)=O'],,,,,
12057,BRD-K89144371,['44488022'],['CC(C)NC(=O)Nc1cccc2C(=O)N(C[C@H](C)[C@@H](CN(C)Cc3ccc(Cl)c(Cl)c3)Oc12)[C@@H](C)CO'],,,,,
12058,BRD-K89144439,['44497318'],['CC(C)NC(=O)N(C)C[C@H]1OCCCC[C@H](C)Oc2ccc(NC(=O)C3CCCCC3)cc2C(=O)N(C[C@@H]1C)[C@@H](C)CO'],,,,,
12059,BRD-K89148860,['54652449'],['CN1C[C@@H]2[C@@H]([C@H](CO)N2C(=O)Nc2cccc(F)c2)c2ccccc12'],,,,,
12060,BRD-K89156937,['24031043'],['NC(=O)[C@@]1(Cc2ccccc2CN=[N+]=[N-])N=C(O[C@H]1c3ccccc3CN=[N+]=[N-])c4ccc(OCCCO)cc4'],,,,,
12061,BRD-K89161054,['54625567'],['C/C=C/c1ccc2c(O[C@H](CN(C)C(=O)c3ccncc3)[C@@H](C)CN([C@H](C)CO)S2(=O)=O)c1'],,,,,
12062,BRD-K89165671,['54631298'],['CO[C@@H]1CN(C)C(=O)c2ccc(NC(=O)C3CCCC3)cc2OC[C@H](C)N(C[C@H]1C)S(C)(=O)=O'],,,,,
12063,BRD-K89185880,['44618458'],['CC(C)NC(=O)Nc1ccc2O[C@H](C)CCCCO[C@@H](CN(C)CC3CCCCC3)[C@H](C)CN([C@H](C)CO)C(=O)c2c1'],,,,,
12064,BRD-K89190195,['25067491'],['Cc1nccn1CC(=O)c2ccc(O)c(O)c2'],,,,,
12065,BRD-K89194506,['44618963'],['C[C@H](CO)N1C[C@@H](C)[C@H](CN(C)Cc2ccccc2)OCCCC[C@H](C)Oc3ccc(NC(=O)Cc4ccccc4)cc3C1=O'],,,,,
12066,BRD-K89205986,['1220374'],['Cc1c(/C=C/2\\S/C(=N/c3ccccc3)/N(C4CCCC4)C2=O)c5ccccc5n1CC(=O)N'],,,,,
12067,BRD-K89207838,['60185220'],['COc1ccc2c3c([nH]c2c1)[C@@H](CO)N(C[C@]31CN(C)C1)C(=O)Cc1ccccc1'],,,,,
12068,BRD-K89209981,['46937243'],['OC(C1CCN(CC1)C(=O)n1cc(nn1)C(O)(c1ccccc1)c1ccccc1)(c1ccccc1)c1ccccc1'],,,,,
12069,BRD-K89222451,['54649497'],['CO[C@@H]1CC[C@H]2CCN(C)C(=O)[C@H](C)[C@@H](CN(C)C(=O)c3cccc(C#N)c3OC[C@@H]1O2)OC'],,,,,
12070,BRD-K89222788,['54632027'],['CCCNC(=O)N1C[C@@H](C)[C@@H](CN(C)C(=O)c2cc(NC(=O)CCC)ccc2OC[C@H]1C)OC'],,,,,
12071,BRD-K89224880,['44142146'],['Cn1nnnc1Sc2ncnc3scc(c4ccc[nH]4)c23'],,,,,
12072,BRD-K89226093,['54660697'],['C[C@H](NC(=O)[C@H]1[C@H](CO)[C@H]2Cn3c(cccc3=O)[C@@H]1N2CCC(F)(F)F)c1ccccc1'],,,,,
12073,BRD-K89255395,['54638803'],['CN(C)Cc1cn(CC[C@H]2CC[C@H](NC(=O)Cc3cccnc3)[C@H](CO)O2)nn1'],,,,,
12074,BRD-K89257372,['44491059'],['CC(C)NC(=O)Nc1ccc2O[C@H](CN(C)C(=O)Nc3cccc4ccccc34)[C@@H](C)CN([C@H](C)CO)C(=O)c2c1'],,,,,
12075,BRD-K89263606,['60191567'],['CC(=O)N1[C@H](CO)[C@H](c2ccccc2)C11CN(C1)C(=O)c1ccccn1'],,,,,
12076,BRD-K89266502,['54658038'],['O[C@@H]1CN[C@@H]2CC[C@H](CC(=O)NC3Cc4ccccc4C3)O[C@H]2COC1'],,,,,
12077,BRD-K89284683,['54631969'],['CO[C@@H]1CN(C)C(=O)c2cc(NC(=O)NC(C)C)ccc2OC[C@H](C)N(Cc2ccccc2)C[C@H]1C'],,,,,
12078,BRD-K89288521,['44616781'],['C[C@@H](CO)N1C[C@@H](C)[C@H](CN(C)CC2CC2)OCCCC[C@@H](C)Oc3ccc(NS(=O)(=O)C)cc3C1=O'],,,,,
12079,BRD-K89298751,['54613930'],['CC(C)NC(=O)Nc1ccc2O[C@H](CN(C)CC3CC3)[C@@H](C)CN([C@H](C)CO)C(=O)Cc2c1'],,,,,
12080,BRD-K89299922,['54638709'],['OC[C@@H]1O[C@H](CC(=O)Nc2nccs2)C=C[C@H]1NC(=O)c1cccc(F)c1'],,,,,
12081,BRD-K89304341,['54631515'],['COCC(=O)Nc1ccc2OC[C@H](C)N(Cc3ccccn3)C[C@@H](C)[C@H](CN(C)C(=O)c2c1)OC'],,,,,
12082,BRD-K89306950,['1088438'],['Cc1ccc(cc1)S(=O)(=O)n1c(N)nc2ccccc12'],,,,,
12083,BRD-K89321975,['54638731'],['CN(C)C(=O)C[C@H]1CC[C@H](NC(=O)C2CCOCC2)[C@@H](CO)O1'],,,,,
12084,BRD-K89326053,['54618798'],['C[C@@H](CO)N1C[C@@H](C)[C@H](CN(C)CC2CCCC2)Oc3ncc(C#Cc4ccccn4)cc3C1=O'],,,,,
12085,BRD-K89329876,['613000'],['CC(C)(C)c1ccc2cc(C#N)c(C#N)cc2c1'],,,,,
12086,BRD-K89332300,['54661146'],['OC[C@@H]1[C@H]2Cn3c(ccc(-c4cccnc4)c3=O)[C@@H]([C@H]1C(O)=O)N2C(=O)Nc1cc(F)ccc1F'],,,,,
12087,BRD-K89344180,['44496867'],['CC(C)NC(=O)N(C)C[C@@H]1OCCCC[C@H](C)Oc2ccc(NC(=O)c3ccccc3)cc2C(=O)N(C[C@@H]1C)[C@@H](C)CO'],,,,,
12088,BRD-K89347234,['54654135'],['CN1[C@@H]2CC[C@@H](CC(=O)NCC3CC3)O[C@@H]2COc2ccc(NC(=O)NC3CCCC3)cc2C1=O'],,,,,
12089,BRD-K89348354,['54649923'],['CCS(=O)(=O)N1[C@@H](CO)[C@H]([C@H]1C#N)c1ccc(cc1)C#CCC1CCCC1'],,,,,
12090,BRD-K89354425,['54664883'],['CN1[C@@H](CO)[C@H]2CCN([C@H]2c2cc(ccc12)C#Cc1cccnc1)C(=O)C1CCCCC1'],,,,,
12091,BRD-K89361242,['44485687'],['C[C@@H](CO)N1C[C@H](C)[C@@H](CN(C)Cc2ccncc2)Oc3ccc(NC(=O)CCN4CCOCC4)cc3CC1=O'],,,,,
12092,BRD-K89364593,['44505864'],['COc1cccc(NC(=O)N(C)C[C@H]2OCc3cn(CCCC(=O)N(C[C@H]2C)[C@H](C)CO)nn3)c1'],,,,,
12093,BRD-K89376450,['54646596'],['COc1ccc(cc1)S(=O)(=O)Nc2ccc3O[C@@H]4[C@@H](C[C@@H](CC(=O)NCC5CC5)O[C@H]4CO)c3c2'],,,,,
12094,BRD-K89379568,['54646363'],['CS(=O)(=O)Nc1ccc2O[C@@H]3[C@@H](C[C@@H](CC(=O)NCc4ccc(Cl)cc4)O[C@H]3CO)c2c1'],,,,,
12095,BRD-K89383912,['3146158'],['Cc1cccc(Nc2nc(NCCO)nc(n2)N3CCCC3)c1'],,,,,
12096,BRD-K89386994,['54638509'],['CC(C)NC(=O)N[C@H]1C=C[C@H](CC(=O)NC2Cc3ccccc3C2)O[C@H]1CO'],,,,,
12097,BRD-K89399567,['54660890'],['OC[C@H]1[C@@H]2Cn3c(cccc3=O)[C@H]([C@@H]1C(=O)Nc1ccc(cc1)-c1ccccc1)N2Cc1ccncc1'],,,,,
12098,BRD-K89401337,['44503492'],['C[C@@H](CO)N1C[C@H](C)[C@H](CN(C)CC2CCCCC2)Oc3ccc(NC(=O)Nc4ccc(F)cc4)cc3CC1=O'],,,,,
12099,BRD-K89409550,['44495186'],['COc1ccc(NC(=O)Nc2cccc3C(=O)N(C[C@@H](C)[C@H](CN(C)Cc4ccc5OCOc5c4)Oc23)[C@H](C)CO)cc1'],,,,,
12100,BRD-K89412540,['54657827'],['O[C@@H]1COC[C@H]2O[C@@H](CC(=O)N3CCC(Cc4ccccc4)CC3)CC[C@@H]2N(Cc2nccs2)C1'],,,,,
12101,BRD-K89412978,['23612552'],['Cc1ccc(cc1)C2(CC2)C(=O)N3CCC(CC3)n4nc(oc4=O)c5ccccc5'],,,,,
12102,BRD-K89416483,['54631405'],['CO[C@@H]1CN(C)C(=O)c2cc(NC(=O)c3nc4ccccc4s3)ccc2OC[C@@H](C)N(Cc2cncnc2)C[C@@H]1C'],,,,,
12103,BRD-K89419248,['44618088'],['C[C@@H](CO)N1C[C@@H](C)[C@H](CN(C)Cc2ccc(cc2)C(F)(F)F)Oc3ccc(NC(=O)Cc4cn(C)c5ccccc45)cc3CC1=O'],,,,,
12104,BRD-K89432015,['54631432'],['CO[C@@H]1CN(C)C(=O)c2ccc(NC(=O)Nc3cccc(F)c3)cc2OC[C@@H](C)N(C[C@H]1C)C(C)=O'],,,,,
12105,BRD-K89440651,['54661424'],['CN(C)C(=O)c1cccc(c1)-c1ccc2[C@@H]3N[C@@H]([C@@H](CO)[C@@H]3Cn2c1=O)C(=O)NCC1CC1'],,,,,
12106,BRD-K89447773,['54651295'],['COCC(=O)NC[C@@H]1[C@H]([C@H](CO)N1C(=O)C1CC1)c1ccc(cc1)C1=CCCC1'],,,,,
12107,BRD-K89451433,['44506765'],['C[C@@H](CO)N1C[C@H](C)[C@H](CN(C)S(=O)(=O)c2ccc(Cl)cc2)Oc3c(NC(=O)CCCCCC(=O)Nc4ccccc4N)cccc3C1=O'],,,,,
12108,BRD-K89451495,['44496738'],['CC(C)NC(=O)Nc1cccc2C(=O)N(C[C@H](C)[C@@H](CN(C)C)Oc12)[C@@H](C)CO'],,,,,
12109,BRD-K89479751,['54631975'],['CO[C@@H]1CN(C)C(=O)c2cc(NC(=O)C3CCOCC3)ccc2OC[C@@H](C)N(CC2CC2)C[C@H]1C'],,,,,
12110,BRD-K89486464,['13359061'],['Oc1ccc(cc1O)C2=CCNCC2'],,,,,
12111,BRD-K89489862,['54654408'],['CN1[C@H]2CC[C@H](CC(=O)NCCc3ccncc3)O[C@H]2COc2ccc(NC(=O)C3CCOCC3)cc2C1=O'],,,,,
12112,BRD-K89491100,['54657819'],['O[C@H]1CN[C@@H]2CC[C@@H](CC(=O)NCCc3ccncc3)O[C@H]2COC1'],,,,,
12113,BRD-K89493095,['44501062'],['CC(C)NC(=O)Nc1ccc2O[C@H](C)CCCCO[C@H](CN(C)C(=O)NC(C)C)[C@@H](C)CN([C@H](C)CO)C(=O)c2c1'],,,,,
12114,BRD-K89499048,['54652662'],['COc1ccc(cc1)C(=O)N1C[C@H]2[C@H]([C@@H](CO)N2Cc2ccc(Cl)cc2)c2ccccc12'],,,,,
12115,BRD-K89502948,['54637818'],['C[C@@H](CO)N1C[C@@H](C)[C@@H](CN(C)C(=O)CCC(F)(F)F)OCc2ccccc2-c3ccccc3C1=O'],,,,,
12116,BRD-K89505656,['44494377'],['CC(C)NC(=O)N(C)C[C@H]1OCCCC[C@@H](C)Oc2ccc(NC(=O)Cc3ccccc3)cc2C(=O)N(C[C@@H]1C)[C@H](C)CO'],,,,,
12117,BRD-K89507938,['54661059'],['OC[C@H]1[C@@H]2Cn3c(cccc3=O)[C@H]([C@@H]1C(=O)N1CCOCC1)N2Cc1cccc(Cl)c1'],,,,,
12118,BRD-K89520577,['54654049'],['CN1[C@@H]2CC[C@@H](CC(O)=O)O[C@H]2COc2ccc(NC(=O)c3ccc(Cl)cc3)cc2C1=O'],,,,,
12119,BRD-K89536088,['46904260'],['C[C@@H](CO)N1C[C@@H](C)[C@H](CN(C)Cc2ccccc2C(=O)O)Oc3ncc(Br)cc3C1=O'],,,,,
12120,BRD-K89546934,['53338840'],['Fc1ccc(cn1)C(=O)OCC#CCSc1nnc(o1)-c1cccc2ccccc12'],,,,,
12121,BRD-K89550909,['71759019'],['OC[C@H]1N(Cc2ccccn2)C2(CN(C(=O)CC3CC3)C2)[C@H]1c1ccccc1'],,,,,
12122,BRD-K89551576,['54637708'],['C[C@@H](CO)N1C[C@H](C)[C@H](CN(C)C(=O)CCC(F)(F)F)OCc2ccccc2-c3c(C1=O)n(C)c4ccccc34'],,,,,
12123,BRD-K89551737,['54646539'],['CN(C)c1ccc2O[C@@H]3[C@@H](C[C@@H](CC(=O)NCc4ccc5OCOc5c4)O[C@H]3CO)c2c1'],,,,,
12124,BRD-K89554882,['44490452'],['CC(C)NC(=O)Nc1ccc2O[C@H](C)CCCCO[C@@H](CN(C)C(=O)CCCN(C)C)[C@H](C)CN([C@H](C)CO)C(=O)c2c1'],,,,,
12125,BRD-K89555807,['60191650'],['CCCNC(=O)N1CC2(C1)[C@@H]([C@H](CO)N2Cc1ccccn1)c1ccccc1'],,,,,
12126,BRD-K89558221,['23891542'],['OCCCOc1ccc(cc1)C2=N[C@@]3(Cc4ccccc4)[C@@H](O2)c5ccccc5CN(C(=O)c6ccccc6)C3=O'],,,,,
12127,BRD-K89562272,['60190177'],['CCC(=O)N1CC2(C1)[C@H]([C@@H](CO)N2C(=O)COC)c1ccc(cc1)C1=CCCC1'],,,,,
12128,BRD-K89563433,['44142113'],['CC(C)(C)n1ncc2c(=O)n(Cc3c(Cl)cccc3Br)cnc12'],,,,,
12129,BRD-K89567872,['54646189'],['COc1ccccc1CNC(=O)C[C@H]2C[C@@H]3[C@@H](Oc4ccc(NS(=O)(=O)c5ccc(F)cc5)cc34)[C@H](CO)O2'],,,,,
12130,BRD-K89584002,['54652681'],['CN1[C@H](CO)[C@H]2[C@@H]1CN(C(=O)C1CCCCC1)c1ccccc21'],,,,,
12131,BRD-K89585847,['54645854'],['OC[C@H]1O[C@@H](CC(=O)NCC2CC2)C[C@H]3[C@@H]1Oc4ccc(NC(=O)CC5CC5)cc34'],,,,,
12132,BRD-K89597637,['54637781'],['C[C@H](CO)N1C[C@H](C)[C@H](CN(C)C(=O)[C@H](Cc2ccccc2)N(C)C)OCc3ccccc3-c4ccccc4C1=O'],,,,,
12133,BRD-K89606138,['54649467'],['CN(C)C(=O)c1ccc(cc1)-c1cccc(c1)-c1nc(cc2CN([C@@H](CCO)c12)[S@@](=O)C(C)(C)C)C(=O)NC1CCCCC1'],,,,,
12134,BRD-K89609393,['54638321'],['COc1ccc(NC(=O)N[C@@H]2CC[C@H](CCNC(=O)Nc3cc(F)ccc3F)O[C@H]2CO)cc1'],,,,,
12135,BRD-K89621861,['54646544'],['CN1CCN(CC1)C(=O)C[C@@H]2C[C@H]3[C@H](Oc4ccc(NC(=O)Cc5ccncc5)cc34)[C@@H](CO)O2'],,,,,
12136,BRD-K89624539,['54651447'],['CCCNC(=O)N(C)C[C@H]1[C@@H]([C@@H](CO)N1C(=O)c1ccccc1)c1ccccc1'],,,,,
12137,BRD-K89627562,['54645868'],['COCC(=O)Nc1ccc2O[C@@H]3[C@@H](C[C@@H](CC(=O)NCc4ccc5OCOc5c4)O[C@@H]3CO)c2c1'],,,,,
12138,BRD-K89631978,['54658070'],['O[C@H]1COC[C@H]2O[C@H](CC(=O)NCCc3ccccc3)CC[C@@H]2N(Cc2ccc(Cl)cc2)C1'],,,,,
12139,BRD-K89637659,['54654026'],['CN1[C@H]2CC[C@H](CC(O)=O)O[C@@H]2COc2ccc(NS(=O)(=O)c3ccccc3C)cc2C1=O'],,,,,
12140,BRD-K89644093,['54658095'],['O[C@H]1COC[C@H]2O[C@H](CC(=O)N3CCCCC3)CC[C@@H]2N(Cc2ccc3OCOc3c2)C1'],,,,,
12141,BRD-K89675250,['44489335'],['CC(C)NC(=O)Nc1ccc2O[C@@H](C)CCCCO[C@@H](CN(C)C(=O)CCCN(C)C)[C@@H](C)CN([C@H](C)CO)C(=O)c2c1'],,,,,
12142,BRD-K89676402,['54649479'],['CO[C@@H]1CC[C@@H]2CCN(C)C(=O)[C@H](C)[C@H](CN(C)C(=O)c3cccc(C#N)c3OC[C@H]1O2)OC'],,,,,
12143,BRD-K89679058,['54631403'],['CCCN1C[C@@H](C)[C@H](CN(C)C(=O)c2cc(NC(=O)c3cnccn3)ccc2OC[C@H]1C)OC'],,,,,
12144,BRD-K89692527,['54658036'],['O[C@H]1CN[C@H]2CC[C@@H](CC(=O)NC3Cc4ccccc4C3)O[C@@H]2COC1'],,,,,
12145,BRD-K89692698,['2842253'],['C1CN(CCO1)c2nnc(c3ccccc3)c(n2)c4ccccc4'],,,,,
12146,BRD-K89696951,['44491888'],['COc1ccc(cc1)S(=O)(=O)N(C)C[C@@H]2Oc3c(NC(=O)NC4CCCCC4)cccc3C(=O)N(C[C@@H]2C)[C@H](C)CO'],,,,,
12147,BRD-K89697623,['54646694'],['OC[C@H]1O[C@H](CC(=O)NCc2ccc(Cl)cc2)C[C@@H]3[C@H]1Oc4ccc(NC(=O)Nc5ccc(cc5)C(F)(F)F)cc34'],,,,,
12148,BRD-K89699317,['54638459'],['OC[C@H]1O[C@@H](CC(=O)NCCCN2CCOCC2)C=C[C@@H]1NS(=O)(=O)c1ccccc1F'],,,,,
12149,BRD-K89712338,['44493229'],['C[C@@H](CO)N1C[C@H](C)[C@@H](CN(C)C(=O)NC2CCCCC2)Oc3ccc(NC(=O)CCCN(C)C)cc3C1=O'],,,,,
12150,BRD-K89715659,['54638320'],['COc1ccc(cc1)S(=O)(=O)N[C@@H]1CC[C@@H](CC(=O)N2CCC(Cc3ccccc3)CC2)O[C@H]1CO'],,,,,
12151,BRD-K89735991,['54645864'],['COCC(=O)Nc1ccc2O[C@H]3[C@H](C[C@@H](CC(=O)NCc4ccc5OCOc5c4)O[C@@H]3CO)c2c1'],,,,,
12152,BRD-K89748981,['1814489'],['CCCCc1ccc2nc(NC(=O)c3cccs3)sc2c1'],,,,,
12153,BRD-K89784888,['5405270'],['O=C(Nc1ccccc1)/C(=C/c2ccccc2)/NC(=O)c3ccccc3'],,,,,
12154,BRD-K89786160,['53338859'],['Fc1cccc(F)c1S(=O)(=O)N1CCN(CC1)S(=O)(=O)c1ccc2OCCCOc2c1'],,,,,
12155,BRD-K89793018,['54651297'],['COCC(=O)NC[C@H]1[C@H]([C@@H](CO)N1C(=O)C1CC1)c1ccc(cc1)C1=CCCC1'],,,,,
12156,BRD-K89793492,['60184912'],['COc1cccc(CN2[C@H]3CNC[C@@H]2[C@H]3c2ccc(cc2)-c2ccc(cc2)C#N)c1'],,,,,
12157,BRD-K89796490,['44492578'],['COC(=O)N(C)C[C@@H]1OCc2cnnn2CCCC(=O)N(C[C@H]1C)[C@@H](C)CO'],,,,,
12158,BRD-K89801405,['54618592'],['COc1ccccc1C#Cc2cnc3O[C@H](CN(C)C(=O)c4ccc5OCOc5c4)[C@@H](C)CN([C@H](C)CO)C(=O)c3c2'],,,,,
12159,BRD-K89808696,['60189997'],['COc1ccc2c3c([nH]c2c1)[C@H](CO)N(Cc1ccc(F)cc1)C[C@]31CN(Cc2ccccn2)C1'],,,,,
12160,BRD-K89814851,['1772635'],['O=C(CSc1nc(ccc1C#N)c2cccs2)Nc3sc4CCCCc4c3C#N'],,,,,
12161,BRD-K89824424,['54666679'],['COc1cccc(c1)-c1ccc(cc1)[C@@H]1[C@H](CO)N2CCCCN(C[C@@H]12)C(=O)c1ccc(F)cc1'],,,,,
12162,BRD-K89830699,['54665090'],['COc1ccc(NC(=O)N2CC[C@H]3[C@@H]2c2cc(Br)ccc2N(C)[C@H]3CO)cc1'],,,,,
12163,BRD-K89832926,['4014737'],['O=C(NC1CCCCC1)C2(CCCCC2)N(Cc3cccs3)C(=O)c4cnccn4'],,,,,
12164,BRD-K89833083,['44618844'],['C[C@H](CO)N1C[C@H](C)[C@@H](CN(C)CC2CCCCC2)Oc3ccc(NC(=O)c4ccncc4)cc3CC1=O'],,,,,
12165,BRD-K89833114,['54632131'],['CO[C@H]1CN(C)C(=O)c2ccc(NC(=O)c3cnccn3)cc2OC[C@H](C)N(CCc2ccccc2)C[C@@H]1C'],,,,,
12166,BRD-K89840812,['60189688'],['COc1ccc2c3c([C@@H](CO)N(C[C@]33CN(C3)C(=O)c3cccnc3)C(=O)Nc3ccc(F)cc3)n(C)c2c1'],,,,,
12167,BRD-K89843224,['44508235'],['CC(=O)N1C(=N)S/C(=C/c2cc3ccc(C)cc3nc2O)/C1=O'],,,,,
12168,BRD-K89860739,['54650116'],['COCC(=O)N1[C@H](CO)[C@H]([C@H]1C#N)c1ccc(cc1)C#CCC1CCCC1'],,,,,
12169,BRD-K89885223,['54657618'],['CN(C)C(=O)C[C@@H]1CC[C@H]2[C@@H](COC[C@H](O)CN2C(=O)C2CCCC2)O1'],,,,,
12170,BRD-K89895693,['54650141'],['OC[C@H]1[C@H]([C@@H](C#N)N1C(=O)CCN1CCCCC1)c1ccccc1'],,,,,
12171,BRD-K89896024,['54631287'],['CO[C@H]1CN(C)C(=O)c2ccc(NC(=O)c3cnccn3)cc2OC[C@@H](C)NC[C@@H]1C'],,,,,
12172,BRD-K89912164,['69621407'],['C[C@@H]1O[C@@H](C[C@H]1O)n1cnc2c(N)ncnc12'],,,,,
12173,BRD-K89915215,['71760361'],['COc1ccc2c3c([nH]c2c1)[C@@H](CO)N(C[C@]31CCN(Cc2cccnc2)CC1)C(=O)c1ccc(F)cc1'],,,,,
12174,BRD-K89915754,['44500334'],['C[C@@H](CO)N1C[C@H](C)[C@H](CN(C)Cc2ccc(Cl)c(Cl)c2)Oc3ccc(NS(=O)(=O)C)cc3CC1=O'],,,,,
12175,BRD-K89920769,['54632142'],['CO[C@H]1CN(C)C(=O)c2cc(NC(=O)Nc3cccc(F)c3)ccc2OC[C@@H](C)N(C[C@H]1C)C(=O)Nc1c(C)noc1C'],,,,,
12176,BRD-K89941546,['44491639'],['C[C@H](CO)N1C[C@@H](C)[C@H](CN(C)Cc2ccc(Cl)c(Cl)c2)Oc3ccc(NC(=O)CCN4CCOCC4)cc3C1=O'],,,,,
12177,BRD-K89949395,['54651320'],['CCN(C[C@@H]1[C@H]([C@H](CO)N1Cc1cccnc1)c1ccc(\\C=C\\C)cc1)C(C)=O'],,,,,
12178,BRD-K89951364,['60189917'],['COc1ccc2c3c([nH]c2c1)[C@H](CO)N(C[C@]31CCN(C)CC1)C(=O)c1ccccc1'],,,,,
12179,BRD-K89952884,['54646054'],['COCC(=O)Nc1ccc2O[C@H]3[C@H](C[C@H](CC(=O)N[C@H](C)c4ccccc4)O[C@@H]3CO)c2c1'],,,,,
12180,BRD-K89953543,['54654563'],['COC(=O)C[C@@H]1CC[C@@H]2[C@H](COc3ccc(NC(=O)Cc4cccs4)cc3C(=O)N2C)O1'],,,,,
12181,BRD-K89958315,['54657748'],['Cc1cccc(c1)S(=O)(=O)N1C[C@@H](O)COC[C@H]2O[C@H](CC(=O)Nc3ccc(cc3)-c3ccccc3)CC[C@H]12'],,,,,
12182,BRD-K89960068,['54661056'],['OC[C@@H]1[C@H]2Cn3c(cccc3=O)[C@H]2N(CC2CC2)[C@H]1C(=O)Nc1ccc(cc1)-c1ccccc1'],,,,,
12183,BRD-K89960860,['54664956'],['CN1[C@H](CO)[C@H]2CCN([C@H]2c2cc(Br)ccc12)C(=O)C1CCCCC1'],,,,,
12184,BRD-K89961851,['54650136'],['OC[C@H]1[C@@H]([C@H](C#N)N1C(=O)Cc1ccncc1)c1ccc(cc1)C1=CCCCC1'],,,,,
12185,BRD-K89966732,['44497370'],['COc1ccc(CN(C)C[C@@H]2OCCCC[C@@H](C)Oc3ccc(NC(=O)NC4CCCCC4)cc3C(=O)N(C[C@H]2C)[C@H](C)CO)cc1'],,,,,
12186,BRD-K89994146,['54638421'],['CCS(=O)(=O)NCC[C@H]1CC[C@H](NC(=O)C2CCCCC2)[C@@H](CO)O1'],,,,,
12187,BRD-K89998644,['54632055'],['CO[C@H]1CN(C)C(=O)c2cc(NC(=O)C3CC3)ccc2OC[C@@H](C)N(C[C@H]1C)C(=O)NC(C)C'],,,,,
12188,BRD-K90004145,['54661267'],['COC(=O)[C@H]1[C@H](CO)[C@H]2Cn3c(cccc3=O)[C@@H]1N2CCc1ccccc1'],,,,,
12189,BRD-K90004840,['54652517'],['OC[C@H]1[C@H]2[C@H](CN(C(=O)C3CCOCC3)c3ccccc23)N1Cc1ccc(Cl)cc1'],,,,,
12190,BRD-K90008192,['60191571'],['OC[C@@H]1[C@H](c2ccccc2)C2(CN(C2)C(=O)C2CCOCC2)N1Cc1ccccc1F'],,,,,
12191,BRD-K90028787,['54637881'],['C[C@@H](CO)N1C[C@H](C)[C@@H](CN(C)C(=O)C)OCc2ccccc2-c3ccccc3C1=O'],,,,,
12192,BRD-K90041565,['60184883'],['C\\C=C\\c1ccc(cc1)[C@H]1[C@H]2CN(C[C@@H]1N2)S(=O)(=O)c1ccccc1F'],,,,,
12193,BRD-K90041947,['2905788'],['Cc1ccc(C=C2SC(=S)N(CCCC(=O)Nc3cccc(c3)C(O)=O)C2=O)cc1'],,,,,
12194,BRD-K90045406,['60189989'],['C\\C=C\\c1ccc(cc1)[C@H]1[C@@H](CO)N(C(=O)c2ccccn2)C11CN(CCC(F)(F)F)C1'],,,,,
12195,BRD-K90046234,['60191561'],['CC(C)NC(=O)N1CC2(C1)[C@@H]([C@@H](CO)N2CCC(F)(F)F)c1ccccc1'],,,,,
12196,BRD-K90061989,['54638510'],['CC(C)NC(=O)N[C@@H]1C=C[C@H](CC(=O)NC2Cc3ccccc3C2)O[C@@H]1CO'],,,,,
12197,BRD-K90064059,['54650063'],['COCC(=O)N1[C@@H](CO)[C@@H]([C@H]1C#N)c1ccc(cc1)-c1cccnc1'],,,,,
12198,BRD-K90070572,['49835840'],['C/C=C/c1cnc2O[C@@H](CN(C)S(=O)(=O)c3ccc(F)cc3)[C@H](C)CN([C@@H](C)CO)C(=O)c2c1'],,,,,
12199,BRD-K90073570,['54660721'],['OC[C@H]1[C@@H]2Cn3c(ccc(-c4cccnc4)c3=O)[C@@H]2N(CCC(F)(F)F)[C@@H]1C(=O)N1CCOCC1'],,,,,
12200,BRD-K90074540,['54637819'],['C[C@H](CO)N1C[C@H](C)[C@H](CN(C)C(=O)Nc2c(C)noc2C)OCc3ccccc3-c4c(C1=O)n(C)c5ccccc45'],,,,,
12201,BRD-K90089455,['54638524'],['OC[C@H]1O[C@H](CCNC(=O)Cc2ccccn2)CC[C@H]1NC(=O)Nc1ccc(Cl)cc1'],,,,,
12202,BRD-K90090262,['1916559'],['OC(=O)c1cc2cc(CSCCC#N)ccc2o1'],,,,,
12203,BRD-K90132168,['54654349'],['COc1cccc(NC(=O)Nc2ccc3OC[C@H]4O[C@@H](CC(=O)NCCc5ccccc5)CC[C@@H]4N(C)C(=O)c3c2)c1'],,,,,
12204,BRD-K90135241,['44488429'],['C[C@H](CO)N1C[C@@H](C)[C@@H](CN(C)CC2CCCCC2)Oc3ccc(NS(=O)(=O)c4ccc(C)cc4)cc3C1=O'],,,,,
12205,BRD-K90141430,['54658026'],['O[C@@H]1COC[C@@H]2O[C@H](CC(=O)NCCN3CCCCC3)CC[C@H]2N(C1)S(=O)(=O)c1ccccc1'],,,,,
12206,BRD-K90143908,['44486244'],['C[C@@H](CO)N1C[C@@H](C)[C@@H](CN(C)C(=O)NC2CCCCC2)Oc3c(cccc3C1=O)N(C)C'],,,,,
12207,BRD-K90146121,['54618418'],['C[C@@H](O)C#Cc1cnc2O[C@H](CN(C)CC3CCOCC3)[C@@H](C)CN([C@@H](C)CO)C(=O)c2c1'],,,,,
12208,BRD-K90146477,['60189932'],['CC(C)NC(=O)N1CC2(C1)[C@H]([C@@H](CO)N2C(C)=O)c1ccc(cc1)C1=CCCC1'],,,,,
12209,BRD-K90154335,['54651445'],['CCN(C[C@@H]1N[C@@H](CO)[C@@H]1c1ccc(cc1)-c1ccc(F)cc1)C(=O)COC'],,,,,
12210,BRD-K90168790,['54666511'],['OC[C@@H]1[C@H]([C@H]2CN(CCCCN12)C(=O)CN1CCOCC1)c1ccc(Br)cc1'],,,,,
12211,BRD-K90173466,['54631422'],['CO[C@@H]1CN(C)C(=O)c2ccc(NC(=O)Nc3cc(F)ccc3F)cc2OC[C@@H](C)N(C[C@H]1C)C(=O)c1cnccn1'],,,,,
12212,BRD-K90184854,['44616391'],['C[C@@H](CO)N1C[C@@H](C)[C@H](CN(C)CC2CC2)OCCCC[C@H](C)Oc3ccc(NC(=O)Nc4cccc5ccccc45)cc3C1=O'],,,,,
12213,BRD-K90194420,['54666655'],['COCC#Cc1ccc(cc1)[C@@H]1[C@H](CO)N2CCCCN(Cc3ccncc3)C[C@H]12'],,,,,
12214,BRD-K90198040,['60189751'],['CCCNC(=O)N1[C@H](CO)[C@H](c2ccccc2)C11CN(C1)C(=O)C1CCCCC1'],,,,,
12215,BRD-K90205161,['60190207'],['OC[C@@H]1[C@H](c2ccccc2)C2(CN(Cc3nccs3)C2)N1CC1CCOCC1'],,,,,
12216,BRD-K90208654,['54638767'],['CC(C)NC(=O)NCC[C@@H]1CC[C@H](NS(=O)(=O)c2ccc(Oc3ccccc3)cc2)[C@H](CO)O1'],,,,,
12217,BRD-K90219001,['54664990'],['COc1ccc(cc1)S(=O)(=O)N1CC[C@@H]2[C@H]1c1cc(ccc1N(C)[C@H]2CO)-c1ccc(F)cc1'],,,,,
12218,BRD-K90233481,['54639002'],['COc1ccccc1S(=O)(=O)N[C@@H]1CC[C@@H](CCn2cc(nn2)C2CCCCC2)O[C@H]1CO'],,,,,
12219,BRD-K90234489,['44502951'],['C[C@H](CO)N1C[C@H](C)[C@H](CN(C)C(=O)Nc2cccc3ccccc23)OCCCC[C@@H](C)Oc4ccc(NC(=O)Nc5ccccc5)cc4C1=O'],,,,,
12220,BRD-K90256762,['44483952'],['CC(C)NC(=O)N(C)C[C@@H]1OCCCC[C@H](C)Oc2ccc(NC(=O)CCC(F)(F)F)cc2C(=O)N(C[C@@H]1C)[C@H](C)CO'],,,,,
12221,BRD-K90259550,['54650075'],['COc1ccccc1C#Cc1ccc(cc1)[C@H]1[C@@H](CO)N([C@@H]1C#N)C(=O)C1CC1'],,,,,
12222,BRD-K90281509,['44501519'],['C[C@H](CO)N1C[C@H](C)[C@@H](CN(C)C(=O)c2ccncc2)OCCCC[C@@H](C)Oc3ccc(NC(=O)c4ccccc4)cc3C1=O'],,,,,
12223,BRD-K90305015,['54657902'],['O[C@H]1COC[C@@H]2O[C@H](CC(=O)N3CCc4ccccc4C3)CC[C@H]2N(C1)C(=O)c1cc(Cl)cc(Cl)c1'],,,,,
12224,BRD-K90310644,['44487847'],['C[C@H](CO)N1C[C@H](C)[C@H](CN(C)CC2CCCCC2)Oc3ccc(NC(=O)Nc4ccc(F)cc4)cc3C1=O'],,,,,
12225,BRD-K90329522,['44495492'],['CNC[C@H]1OCCCC[C@@H](C)Oc2ccc(NC(=O)NC(C)C)cc2C(=O)N(C[C@@H]1C)[C@@H](C)CO'],,,,,
12226,BRD-K90338784,['54638376'],['COc1cccc(NC(=O)N[C@H]2C=C[C@H](CC(=O)Nc3ccc(cc3)-c3ccccc3)O[C@H]2CO)c1'],,,,,
12227,BRD-K90341035,['60190104'],['COCC(=O)N1CC2(C1)[C@H]([C@H](CO)N2C(=O)COC)c1ccc(cc1)-c1cccc(F)c1'],,,,,
12228,BRD-K90365097,['60189746'],['CCC(=O)N1CC2(C1)[C@@H]([C@@H](CO)N2C(=O)NC(C)C)c1ccccc1'],,,,,
12229,BRD-K90381642,['54660908'],['CS(=O)(=O)N1[C@@H]([C@@H](CO)[C@@H]2Cn3c(ccc(-c4ccc(F)cc4)c3=O)[C@H]12)C(O)=O'],,,,,
12230,BRD-K90410459,['54654099'],['COc1ccc(CNC(=O)C[C@H]2CC[C@@H]3[C@H](COc4ccc(NC(=O)C(C)C)cc4C(=O)N3C)O2)cc1'],,,,,
12231,BRD-K90417358,['60189953'],['CCC(=O)N1C[C@]2(CN(Cc3ccc(F)cc3)C2)c2c([C@@H]1CO)n(C)c1cc(OC)ccc21'],,,,,
12232,BRD-K90417362,['44489186'],['C[C@@H](CO)N1C[C@@H](C)[C@@H](CN(C)S(=O)(=O)c2c(C)noc2C)Oc3c(NC(=O)c4nc5ccccc5s4)cccc3C1=O'],,,,,
12233,BRD-K90424352,['54651215'],['OC[C@@H]1[C@@H]([C@@H](CNC(=O)c2ccccn2)N1Cc1cccnc1)c1ccccc1'],,,,,
12234,BRD-K90430314,['23807495'],['COC(=O)CCCCCCC(=O)N/N=C/c1ccccc1C(=O)O'],,,,,
12235,BRD-K90431990,['54657594'],['COc1ccccc1NC(=O)N1C[C@@H](O)COC[C@H]2O[C@H](CC(=O)N3CCC(Cc4ccccc4)CC3)CC[C@H]12'],,,,,
12236,BRD-K90445273,['54618522'],['C[C@H](CO)N1C[C@H](C)[C@@H](CN(C)C(=O)Nc2ccc(F)cc2)Oc3cc(ccc3S1(=O)=O)c4ccccc4C'],,,,,
12237,BRD-K90446118,['44501122'],['C[C@H](CO)N1C[C@H](C)[C@H](CN(C)Cc2ccc3OCOc3c2)OCCCC[C@@H](C)Oc4ccc(NC(=O)Nc5ccc6OCOc6c5)cc4C1=O'],,,,,
12238,BRD-K90446130,['60138078'],['CCN(Cc1cccs1)c1ncnc2ccc(cc12)-c1ccc2OCOc2c1'],,,,,
12239,BRD-K90463980,['54666681'],['COc1cccc(c1)-c1ccc(cc1)[C@@H]1[C@H](CO)N2CCCCN(C[C@H]12)C(=O)c1ccc(F)cc1'],,,,,
12240,BRD-K90466405,['54646111'],['OC[C@H]1O[C@H](CC(=O)O)C[C@@H]2[C@H]1Oc3ccc(NC(=O)Nc4ccc(cc4)C(F)(F)F)cc23'],,,,,
12241,BRD-K90469014,['54650542'],['CCc1csc(n1)N1[C@@H](CO)[C@@H]([C@@H]1C#N)c1ccc(cc1)C1=CCCC1'],,,,,
12242,BRD-K90496835,['54661192'],['CCN1[C@H]([C@H](CO)[C@H]2Cn3c(ccc(-c4ccc(F)cc4)c3=O)[C@@H]12)C(=O)NCCc1cn(C)cn1'],,,,,
12243,BRD-K90505752,['54639003'],['OC[C@H]1O[C@H](CCNC(=O)CN2CCOCC2)CC[C@H]1NS(=O)(=O)c1ccc(F)cc1'],,,,,
12244,BRD-K90526552,['60189990'],['OC[C@@H]1N(Cc2ccccn2)C2(CN(C2)C(=O)c2cccc(F)c2)[C@@H]1c1ccccc1'],,,,,
12245,BRD-K90544334,['60185123'],['COc1ccc2c3c([C@H](CO)NC[C@]33CN(Cc4ccccc4Cl)C3)n(C)c2c1'],,,,,
12246,BRD-K90544854,['54666480'],['OC[C@H]1[C@H]([C@H]2CN(CCCCN12)C(=O)Nc1cc(F)ccc1F)c1ccc(cc1)C1=CCCCC1'],,,,,
12247,BRD-K90546933,['54658106'],['O[C@H]1COC[C@@H]2O[C@@H](CC(=O)NCc3cccc(F)c3)CC[C@H]2N(C1)C(=O)c1ccncc1'],,,,,
12248,BRD-K90556238,['54646554'],['CN(C)C(=O)C[C@H]1C[C@@H]2[C@@H](Oc3ccc(NC(=O)CC4CC4)cc23)[C@@H](CO)O1'],,,,,
12249,BRD-K90562112,['54661202'],['OC[C@@H]1[C@H]2Cn3c(ccc(C4=CCCC4)c3=O)[C@@H]([C@H]1C(=O)NC1CCCC1)N2C(=O)c1ccccc1'],,,,,
12250,BRD-K90601358,['54631891'],['CO[C@H]1CN(C)C(=O)c2ccc(NC(=O)C3CCCC3)cc2OC[C@@H](C)N(Cc2cocn2)C[C@H]1C'],,,,,
12251,BRD-K90608600,['54615662'],['C[C@@H](CO)N1C[C@H](C)[C@@H](CN(C)Cc2ccc(Cl)c(Cl)c2)OCCCC[C@H](C)Oc3ccc(NC(=O)NC4CCCCC4)cc3C1=O'],,,,,
12252,BRD-K90610504,['54632136'],['CO[C@H]1CN(C)C(=O)c2ccc(NC(=O)C3CC3)cc2OC[C@@H](C)N(C[C@@H]1C)C(=O)c1ccccn1'],,,,,
12253,BRD-K90610876,['73707366'],['COc1ccc(cc1)C(COCCN2CCC[C@@H](C2)C(=O)O)(c3ccc(OC)cc3)c4ccc(OC)cc4'],,,,,
12254,BRD-K90619727,['54617035'],['COc1ccc(CN(C)C[C@H]2OCCCC[C@H](C)Oc3ccc(NS(=O)(=O)c4ccc(Cl)cc4)cc3C(=O)N(C[C@H]2C)[C@@H](C)CO)cc1'],,,,,
12255,BRD-K90630790,['54637652'],['COc1cccc(NC(=O)N(C)C[C@H]2OCc3ccccc3-c4ccccc4C(=O)N(C[C@@H]2C)[C@H](C)CO)c1'],,,,,
12256,BRD-K90640851,['54660746'],['OC[C@@H]1[C@H]2Cn3c(cccc3=O)[C@H]2N(Cc2ccccc2Cl)[C@H]1C(=O)N1CCCCC1'],,,,,
12257,BRD-K90646778,['44502701'],['C[C@H](CO)N1C[C@H](C)[C@@H](CN(C)C(=O)c2ccccc2)OCCCC[C@@H](C)Oc3ccc(NC(=O)c4ccccc4)cc3C1=O'],,,,,
12258,BRD-K90665148,['54651340'],['OC[C@@H]1N[C@@H](CNC(=O)CN2CCOCC2)[C@@H]1c1ccc(cc1)-c1ccccc1'],,,,,
12259,BRD-K90667125,['50898021'],['CCOc1ccc(cc1)-c1nc(CSCC(=O)NC2CCC2)c(C)o1'],,,,,
12260,BRD-K90679612,['54654141'],['CN1[C@@H]2CC[C@H](CC(=O)NCCN3CCCCC3)O[C@@H]2COc2ccc(NS(=O)(=O)c3cccc(F)c3)cc2C1=O'],,,,,
12261,BRD-K90680884,['54658024'],['O[C@@H]1COC[C@@H]2O[C@@H](CC(=O)NCCN3CCCCC3)CC[C@H]2N(C1)S(=O)(=O)c1ccccc1'],,,,,
12262,BRD-K90692502,['25243781'],['Fc1cccc(F)c1S(=O)(=O)NCCCNS(=O)(=O)c2ccc3OCCOc3c2'],,,,,
12263,BRD-K90697054,['23748550'],['NCCCCCNC(=O)[C@H]1C[C@@H]2N([C@H]1c3ccc(O)cc3)C(=O)CNC2=O'],,,,,
12264,BRD-K90700939,['44485816'],['C[C@@H](CO)N1C[C@H](C)[C@@H](CN(C)C(=O)Nc2cccc3ccccc23)OCCCC[C@H](C)Oc4ccc(NC(=O)c5ccncc5)cc4C1=O'],,,,,
12265,BRD-K90705468,['54651221'],['CCN(C[C@@H]1[C@H]([C@H](CO)N1S(C)(=O)=O)c1ccccc1)C(=O)C1CC1'],,,,,
12266,BRD-K90705745,['25067404'],['CN(C(=O)CSc1ccc(nn1)-c1ccccc1)c1nc(C)cs1'],,,,,
12267,BRD-K90721481,['60189841'],['CC(=O)N1[C@H](CO)[C@@H](c2ccccc2)C11CN(C1)S(=O)(=O)c1ccccc1'],,,,,
12268,BRD-K90734091,['44489743'],['CC(C)NC(=O)Nc1ccc2O[C@H](C)CCCCO[C@@H](CN(C)C(=O)c3ccncc3)[C@@H](C)CN([C@H](C)CO)C(=O)c2c1'],,,,,
12269,BRD-K90734182,['54615956'],['C[C@H](CO)N1C[C@@H](C)[C@@H](CN(C)S(=O)(=O)c2ccc(C)cc2)OCCCC[C@H](C)Oc3ccc(NC(=O)Nc4ccccc4)cc3C1=O'],,,,,
12270,BRD-K90735586,['5398113'],['C1C=C(Nc2nnnn12)c3ccccc3'],,,,,
12271,BRD-K90736214,['25243713'],['O=S(=O)(N1CCN(CC1)S(=O)(=O)c1ccc2OCCOc2c1)c1ccccc1'],,,,,
12272,BRD-K90748376,['54615003'],['CC(C)NC(=O)Nc1ccc2O[C@@H](C)CCCCO[C@@H](CN(C)C(=O)NC3CCCCC3)[C@@H](C)CN([C@@H](C)CO)C(=O)c2c1'],,,,,
12273,BRD-K90761527,['60185044'],['CCCC(=O)N1C[C@@]2(C1)CN([C@H](CO)c1[nH]c3cc(OC)ccc3c21)S(=O)(=O)c1ccc(C)cc1'],,,,,
12274,BRD-K90781287,['54661439'],['CCN1[C@H]2Cn3c(ccc(-c4ccncc4)c3=O)[C@@H]1[C@@H]([C@H]2CO)C(=O)Nc1ccccc1'],,,,,
12275,BRD-K90805324,['54650202'],['CCc1cnc(s1)N1[C@@H](CO)[C@@H]([C@@H]1C#N)c1ccc(cc1)-c1cccc(F)c1'],,,,,
12276,BRD-K90826279,['664279'],['Cc1nc(SCc2nc3ccccc3[nH]2)c4oc5ccccc5c4n1'],,,,,
12277,BRD-K90830329,['54646024'],['OC[C@H]1O[C@H](CC(=O)N2CCCCC2)C[C@H]3[C@@H]1Oc4ccc(NC(=O)NC5CCCC5)cc34'],,,,,
12278,BRD-K90830878,['60184866'],['COc1ccc2c3c([nH]c2c1)[C@H](CO)N(Cc1cc(F)ccc1F)C[C@]31CCN(CC1)C(=O)CN(C)C'],,,,,
12279,BRD-K90842913,['54654182'],['COCC(=O)Nc1ccc2OC[C@@H]3O[C@H](CC(=O)N4CCc5ccccc5C4)CC[C@@H]3N(C)C(=O)c2c1'],,,,,
12280,BRD-K90848748,['54646215'],['CN(C)c1ccc2O[C@@H]3[C@@H](C[C@H](CC(=O)O)O[C@H]3CO)c2c1'],,,,,
12281,BRD-K90849765,['23835417'],['OCCCOc1ccc(cc1)C2=N[C@](Cc3ccccc3N=[N+]=[N-])([C@H](O2)c4ccccc4N=[N+]=[N-])C(=O)N5CCCCC5'],,,,,
12282,BRD-K90849880,['46903337'],['C[C@H](CO)N1C[C@@H](C)[C@@H](CN(C)C(=O)Nc2ccc(cc2)C(F)(F)F)Oc3cc(Br)ccc3S1(=O)=O'],,,,,
12283,BRD-K90871122,['54657670'],['O[C@@H]1COC[C@H]2O[C@H](CC(=O)N3CCCCC3)CC[C@@H]2N(C1)C(=O)c1ccc(F)cc1'],,,,,
12284,BRD-K90873269,['53382638'],['OC[C@H]1O[C@@H](CC(=O)NCc2ccc(Cl)c(Cl)c2)C=C[C@H]1NS(=O)(=O)c1ccccc1'],,,,,
12285,BRD-K90897407,['54631355'],['CO[C@@H]1CN(C)C(=O)c2ccc(NC(=O)CN(C)C)cc2OC[C@@H](C)N(C[C@H]1C)C(=O)c1ccncc1'],,,,,
12286,BRD-K90898708,['54632176'],['CO[C@H]1CN(C)C(=O)c2cc(NC(=O)c3ccccc3F)ccc2OC[C@H](C)NC[C@@H]1C'],,,,,
12287,BRD-K90912017,['54618405'],['C[C@H](CO)N1C[C@@H](C)[C@H](CN(C)C(=O)c2ccc3OCOc3c2)Oc4ncc(cc4C1=O)C5=CCCC5'],,,,,
12288,BRD-K90912239,['46916165'],['COc1ccc(cc1)C(=O)Nc1cc(Cl)c(Br)cc1C(O)=O'],,,,,
12289,BRD-K90915722,['54638552'],['OC[C@H]1O[C@@H](CCNS(=O)(=O)c2cccc(Cl)c2)CC[C@@H]1NC(=O)Nc1cccc(F)c1'],,,,,
12290,BRD-K90916892,['54664851'],['CN1[C@H](CO)[C@H]2CCN([C@H]2c2cc(Br)ccc12)S(=O)(=O)c1cccc(F)c1'],,,,,
12291,BRD-K90928795,['60184901'],['COc1ccc2c3c([C@@H](CO)N(CC4CCOCC4)C[C@]33CN(Cc4nccs4)C3)n(C)c2c1'],,,,,
12292,BRD-K90939315,['54665017'],['CN(C)C(=O)c1ccc(cc1)-c1ccc2N[C@H](CO)[C@H]3CCN([C@H]3c2c1)S(=O)(=O)c1cn(C)cn1'],,,,,
12293,BRD-K90947049,['54638578'],['COc1cccc(c1)S(=O)(=O)N[C@@H]1CC[C@@H](CCN)O[C@H]1CO'],,,,,
12294,BRD-K90947365,['54631494'],['CO[C@H]1CN(C)C(=O)c2ccc(NC(=O)c3ccc4OCOc4c3)cc2OC[C@@H](C)N(CCC(F)(F)F)C[C@@H]1C'],,,,,
12295,BRD-K90957289,['54646154'],['OC[C@H]1O[C@@H](CC(=O)NCCN2CCCCC2)C[C@H]3[C@@H]1Oc4ccc(NC(=O)Cc5ccncc5)cc34'],,,,,
12296,BRD-K90960272,['54631768'],['CO[C@H]1CN(C)C(=O)c2cc(NC(=O)C3CCOCC3)ccc2OC[C@H](C)N(Cc2cccnc2)C[C@@H]1C'],,,,,
12297,BRD-K90970920,['44487024'],['CCCN(C)C[C@H]1OCCCC[C@@H](C)Oc2ccc(NS(=O)(=O)c3ccc(OC)cc3)cc2C(=O)N(C[C@H]1C)[C@@H](C)CO'],,,,,
12298,BRD-K90974935,['54651306'],['OC[C@@H]1[C@H]([C@@H](CNC(=O)C2CCC2)N1C(=O)Cc1ccncc1)c1ccccc1'],,,,,
12299,BRD-K90982895,['54646171'],['OC[C@@H]1O[C@H](CC(=O)O)C[C@@H]2[C@H]1Oc3ccc(NS(=O)(=O)c4ccc(F)cc4)cc23'],,,,,
12300,BRD-K90987254,['54657641'],['CN1CCN(CC1)C(=O)C[C@@H]1CC[C@@H]2[C@H](COC[C@H](O)CN2C(=O)Nc2ccc3OCOc3c2)O1'],,,,,
12301,BRD-K90996982,['44460115'],['Fc1ccc(C(=O)OCC#CCSc2nnc(o2)-c2cccc3ccccc23)c(F)c1'],,,,,
12302,BRD-K90999434,['2853753'],['O=C(CN1C2=NCCN2c2ccccc12)c1ccc(cc1)-c1ccccc1'],,,,,
12303,BRD-K91016007,['54615065'],['C[C@H](CO)N1C[C@H](C)[C@@H](CN(C)CC2CC2)OCCCC[C@H](C)Oc3ccc(NS(=O)(=O)c4ccccc4)cc3C1=O'],,,,,
12304,BRD-K91021522,['54639050'],['OC[C@H]1O[C@H](CCNC(=O)C2CCC2)CC[C@H]1NS(=O)(=O)Cc1ccccc1'],,,,,
12305,BRD-K91028164,['23612543'],['O=C(N1CCC(CC1)n1nc(oc1=O)-c1ccccc1)C1(CCCC1)c1ccccc1'],,,,,
12306,BRD-K91034707,['44487502'],['C[C@@H](CO)N1C[C@@H](C)[C@H](CN(C)S(=O)(=O)c2ccc(F)cc2)OCCCC[C@H](C)Oc3ccc(NC(=O)Nc4ccccc4)cc3C1=O'],,,,,
12307,BRD-K91044787,['54669575'],['COc1ccc(NC(=O)N2CCCCN3[C@H](CO)[C@H]([C@@H]3C2)c2ccc(cc2)C2=CCCC2)cc1'],,,,,
12308,BRD-K91047982,['5349954'],['Cc1ccc(NC(=O)CCC(=O)N/N=C/c2ccco2)c(C)c1'],,,,,
12309,BRD-K91053205,['60191243'],['OC[C@H]1[C@@H]([C@H]2CN(CC(=O)N12)C(=O)C1CCOCC1)c1ccc(\\C=C\\c2ccccc2)cc1'],,,,,
12310,BRD-K91063002,['44501482'],['C[C@@H](CO)N1C[C@H](C)[C@H](CN(C)C(=O)Nc2cccc3ccccc23)Oc4ccc(NS(=O)(=O)C)cc4CC1=O'],,,,,
12311,BRD-K91070947,['54651405'],['OC[C@H]1[C@H]([C@@H](CNCC2CCC2)N1C(=O)Cc1cccnc1)c1ccccc1'],,,,,
12312,BRD-K91076377,['44486767'],['C[C@@H](CO)N1C[C@H](C)[C@@H](CN(C)C(=O)Nc2c(C)noc2C)Oc3ccc(NC(=O)Cc4ccccc4)cc3C1=O'],,,,,
12313,BRD-K91123606,['54645895'],['CN(C)C(=O)C[C@@H]1C[C@@H]2[C@@H](Oc3ccc(NC(=O)Nc4ccc(F)cc4)cc23)[C@@H](CO)O1'],,,,,
12314,BRD-K91124206,['44485650'],['C[C@H](CO)N1C[C@@H](C)[C@@H](CN(C)C(=O)NC2CCCCC2)Oc3c(cccc3C1=O)N(C)C'],,,,,
12315,BRD-K91133575,['54637940'],['C[C@H](CO)N1C[C@@H](C)[C@@H](CN(C)S(=O)(=O)CC(F)(F)F)OCc2ccccc2-c3c(C1=O)n(C)c4ccccc34'],,,,,
12316,BRD-K91134378,['1434953'],['Cc1nc(N2CCN(CC2)C(=O)c3ccco3)c4c5CCCCc5sc4n1'],,,,,
12317,BRD-K91143067,['54657544'],['C[C@@H](NC(=O)C[C@@H]1CC[C@@H]2[C@H](COC[C@@H](O)CN2C(=O)Nc2cccc(Cl)c2)O1)c1ccccc1'],,,,,
12318,BRD-K91156247,['54657657'],['COc1ccccc1CNC(=O)C[C@@H]1CC[C@@H]2[C@H](COC[C@H](O)CN2C(=O)Nc2ccc(F)cc2)O1'],,,,,
12319,BRD-K91180076,['44490222'],['CC(C)NC(=O)Nc1ccc2O[C@H](C)CCCCO[C@H](CN(C)C)[C@@H](C)CN([C@H](C)CO)C(=O)c2c1'],,,,,
12320,BRD-K91184774,['24747149'],['Cc1nc(N)c2c(Cc3cccc4ccccc34)nn(c2n1)C(C)(C)C'],,,,,
12321,BRD-K91188527,['54631923'],['CO[C@@H]1CN(C)C(=O)c2cc(NS(=O)(=O)c3cccc(F)c3)ccc2OC[C@H](C)N(C[C@@H]1C)C(=O)Cc1cccnc1'],,,,,
12322,BRD-K91194423,['54638408'],['COc1ccccc1NC(=O)N[C@@H]1CC[C@H](CC(=O)NCc2ccc(Cl)c(Cl)c2)O[C@@H]1CO'],,,,,
12323,BRD-K91194707,['44488264'],['C[C@H](CO)N1C[C@H](C)[C@@H](CN(C)Cc2ccc(cc2)C(=O)O)Oc3ccc(NC(=O)Cc4ccccc4)cc3C1=O'],,,,,
12324,BRD-K91201009,['44485748'],['C[C@H](CO)N1C[C@@H](C)[C@@H](CN(C)C(=O)Cc2ccccc2)OCc3cn(CCCC1=O)nn3'],,,,,
12325,BRD-K91224798,['60185056'],['C(N1C[C@H]2N[C@@H](C1)[C@H]2c1ccc(\\C=C\\c2ccccc2)cc1)c1ccc2OCOc2c1'],,,,,
12326,BRD-K91244634,['54637804'],['COc1ccccc1S(=O)(=O)N(C)C[C@H]2OCc3ccccc3-c4ccccc4C(=O)N(C[C@H]2C)[C@H](C)CO'],,,,,
12327,BRD-K91250867,['54616297'],['COc1ccc(CN(C)C[C@H]2OCCCC[C@@H](C)Oc3ccc(NC(=O)Nc4cccc5ccccc45)cc3C(=O)N(C[C@@H]2C)[C@@H](C)CO)cc1'],,,,,
12328,BRD-K91257617,['44503658'],['C[C@H](CO)N1C[C@H](C)[C@H](CN(C)CC2CC2)OCCCC[C@@H](C)Oc3ccc(NC(=O)Nc4ccc5OCOc5c4)cc3C1=O'],,,,,
12329,BRD-K91264756,['24747181'],['CCCOc1ccc(Cl)cc1Nc2nc(NCCO)nc(n2)N3CCCC3'],,,,,
12330,BRD-K91269653,['54638359'],['OC[C@H]1O[C@H](CC(=O)NCCN2CCCCC2)C=C[C@H]1NC(=O)c1cccnc1'],,,,,
12331,BRD-K91273791,['44246512'],['Cn1c2cc(Br)sc2c3cnn(Cc4c(F)cccc4Cl)c(=O)c13'],,,,,
12332,BRD-K91279674,['54664852'],['CN1[C@@H](CO)[C@H]2CCN([C@H]2c2cc(Br)ccc12)S(=O)(=O)c1cccc(F)c1'],,,,,
12333,BRD-K91292927,['54631411'],['CO[C@H]1CN(C)C(=O)c2cc(NC(=O)c3ccccc3F)ccc2OC[C@@H](C)N(CC2CCOCC2)C[C@@H]1C'],,,,,
12334,BRD-K91338578,['70680400'],['CC(=O)N[C@@H]1C\\C=C\\CCC(=O)N[C@@H](COC1=O)c1ccc(F)cc1'],,,,,
12335,BRD-K91339294,['44488728'],['CCCN(C)C[C@@H]1Oc2ncc(C#CCN(C)C)cc2C(=O)N(C[C@@H]1C)[C@H](C)CO'],,,,,
12336,BRD-K91351577,['54664944'],['CN(C)C(=O)c1cccc(c1)-c1ccc2N[C@H](CO)[C@H]3CCN(Cc4nccs4)[C@H]3c2c1'],,,,,
12337,BRD-K91355947,['1326094'],['[O-][N+](=O)c1ccc(OCC(=O)Nc2ccc3oc(nc3c2)c4ccc(F)cc4)cc1'],,,,,
12338,BRD-K91377183,['54654119'],['CCCC(=O)Nc1ccc2OC[C@H]3O[C@@H](CC(=O)NCc4cccc(F)c4)CC[C@H]3N(C)C(=O)c2c1'],,,,,
12339,BRD-K91379182,['54637650'],['C[C@H](CO)N1C[C@@H](C)[C@@H](CN(C)S(=O)(=O)c2ccccc2C#N)OCc3ccccc3-c4c(C1=O)n(C)c5ccccc45'],,,,,
12340,BRD-K91390083,['54615085'],['C[C@H](CO)N1C[C@H](C)[C@@H](CN(C)CC2CC2)OCCCC[C@H](C)Oc3ccc(NC(=O)CCC(F)(F)F)cc3C1=O'],,,,,
12341,BRD-K91395443,['44502236'],['C[C@H](CO)N1C[C@H](C)[C@@H](CN(C)Cc2ccc(Cl)c(Cl)c2)OCCCC[C@@H](C)Oc3ccc(NC(=O)NC4CCCCC4)cc3C1=O'],,,,,
12342,BRD-K91416305,['44491672'],['C[C@@H](CO)N1C[C@H](C)[C@@H](CN(C)Cc2ccc(cc2)C(=O)O)Oc3ccc(NC(=O)Cc4ccccc4)cc3C1=O'],,,,,
12343,BRD-K91416922,['56835444'],['C[C@@H](CO)N1C[C@H](C)[C@H](CN(C)C(=O)[C@H](C)c2ccccc2)OCc3ccccc3-c4ccccc4C1=O'],,,,,
12344,BRD-K91423746,['54646499'],['CN(C)CC(=O)Nc1ccc2O[C@H]3[C@H](C[C@H](CC(=O)NC4CCCCC4)O[C@H]3CO)c2c1'],,,,,
12345,BRD-K91424547,['44506061'],['C[C@H](CO)N1C[C@@H](C)[C@H](CN(C)Cc2cccc(c2)C(F)(F)F)OCc3cnnn3CCCC1=O'],,,,,
12346,BRD-K91440401,['54652942'],['COc1cccc(CN2[C@H](CO)[C@@H]3[C@H]2CN(C(=O)c2ccncc2)c2ccccc32)c1'],,,,,
12347,BRD-K91443444,['44505159'],['COc1cccc(c1)S(=O)(=O)N(C)C[C@H]2OCc3cn(CCCC(=O)N(C[C@H]2C)[C@H](C)CO)nn3'],,,,,
12348,BRD-K91449148,['54646356'],['OC[C@@H]1O[C@H](CC(=O)NCc2cccnc2)C[C@H]3[C@@H]1Oc4ccc(NC(=O)Nc5ccc(cc5)C(F)(F)F)cc34'],,,,,
12349,BRD-K91449330,['60138064'],['COC(=O)N1N(C(=O)OC)[C@](C(C)C)(C1=O)c1ccc(Cl)cc1'],,,,,
12350,BRD-K91454871,['60185512'],['C(N1C[C@H]2N[C@@H](C1)[C@H]2c1ccc(cc1)-c1ccncc1)c1ccccc1'],,,,,
12351,BRD-K91461129,['60190220'],['CCCC(=O)N1C[C@@]2(C1)CN([C@@H](CO)c1c2c2ccc(OC)cc2n1C)C(=O)Nc1cccc(F)c1'],,,,,
12352,BRD-K91473136,['60189824'],['COc1ccc2c3c([C@H](CO)N(C[C@]33CN(CC4CC4)C3)C(=O)Nc3c(C)noc3C)n(C)c2c1'],,,,,
12353,BRD-K91485395,['4601225'],['OS(=O)(=O)CCN1C(=S)S\\C(=C/c2cn(nc2-c2ccc(OCc3ccc(Cl)cc3)cc2)-c2ccccc2)C1=O'],,,,,
12354,BRD-K91487294,['54657640'],['CN(C)C(=O)C[C@H]1CC[C@H]2[C@@H](COC[C@H](O)CN2Cc2ccc(cc2)C(F)(F)F)O1'],,,,,
12355,BRD-K91491104,['54618394'],['C[C@@H](CO)N1C[C@H](C)[C@H](CN(C)Cc2cccc(F)c2)Oc3ncc(C#CC(C)(C)O)cc3C1=O'],,,,,
12356,BRD-K91498722,['54638732'],['CN(C)C(=O)C[C@@H]1CC[C@@H](NC(=O)C2CCOCC2)[C@H](CO)O1'],,,,,
12357,BRD-K91501298,['60188007'],['COc1ccc(cc1)C#Cc1ccc2N[C@H](CO)[C@@H]3CCN([C@@H]3c2c1)C(=O)C1CCCC1'],,,,,
12358,BRD-K91504630,['54652688'],['CC(C)NC(=O)N1[C@H](CO)[C@H]2[C@@H]1CN(C)c1ccccc21'],,,,,
12359,BRD-K91508497,['54638521'],['CN(C)CCCNC(=O)C[C@H]1CC[C@@H](NS(=O)(=O)c2ccc(C)cc2)[C@H](CO)O1'],,,,,
12360,BRD-K91517665,['1017704'],['Cc1ccc2oc(nc2c1)c3cccc(NC(=O)c4cc(ccc4Cl)n5cnnc5)c3'],,,,,
12361,BRD-K91535031,['54654247'],['COc1cccc(CNC(=O)C[C@@H]2CC[C@H]3[C@@H](COc4ccc(NS(=O)(=O)c5ccccc5F)cc4C(=O)N3C)O2)c1'],,,,,
12362,BRD-K91568452,['54619367'],['C[C@H](CO)N1C[C@@H](C)[C@H](CN(C)C(=O)C2CCOCC2)Oc3cc(ccc3S1(=O)=O)C4=CCCCC4'],,,,,
12363,BRD-K91572503,['54637681'],['C[C@@H](CO)N1C[C@@H](C)[C@@H](CN(C)C(=O)[C@@H]2CCCN2C)OCc3ccccc3-c4c(C1=O)n(C)c5ccccc45'],,,,,
12364,BRD-K91573667,['54618570'],['COc1cccc(c1)S(=O)(=O)N(C)C[C@@H]2Oc3cc(ccc3S(=O)(=O)N(C[C@H]2C)[C@@H](C)CO)C4=CCCCC4'],,,,,
12365,BRD-K91595583,['54654286'],['CN1[C@H]2CC[C@@H](CC(=O)NC3Cc4ccccc4C3)O[C@@H]2COc2ccc(NC(=O)c3ccc(cc3)C(F)(F)F)cc2C1=O'],,,,,
12366,BRD-K91600270,['60138130'],['CCOC(=O)C1CCN(CC1)C(=O)C(C)(C)NC(=O)Nc1ccc(cc1)N(C)C'],,,,,
12367,BRD-K91614993,['73707618'],['COc1cc(OCc2ccccc2)cc(OCc2ccccc2)c1CC(O)=O'],,,,,
12368,BRD-K91617567,['44493338'],['C[C@H](CO)N1C[C@@H](C)[C@@H](CN(C)Cc2ccc(cc2)C(F)(F)F)Oc3ccc(NC(=O)Nc4cccc5ccccc45)cc3C1=O'],,,,,
12369,BRD-K91627479,['54660902'],['CCCNC(=O)[C@@H]1[C@@H](CO)[C@@H]2Cn3c(cccc3=O)[C@@H]2N1C'],,,,,
12370,BRD-K91633589,['54659596'],['O[C@H]1COC[C@@H]2O[C@H](CC(=O)Nc3ccc(cc3)-c3ccccc3)CC[C@H]2N(C1)S(=O)(=O)c1ccccc1'],,,,,
12371,BRD-K91652715,['54651179'],['OC[C@@H]1N(Cc2ccccn2)[C@@H](CN(C)S(C)(=O)=O)[C@H]1c1ccccc1'],,,,,
12372,BRD-K91662172,['44489323'],['C[C@@H](CO)N1C[C@H](C)[C@H](CN(C)C)OCCCC[C@@H](C)Oc2ccc(NS(=O)(=O)c3cn(C)cn3)cc2C1=O'],,,,,
12373,BRD-K91662540,['44487844'],['CNC[C@@H]1Oc2ccc(NC(=O)Nc3ccccc3)cc2C(=O)N(C[C@@H]1C)[C@H](C)CO'],,,,,
12374,BRD-K91663486,['54666678'],['CN(C)CC(=O)N1CCCCN2[C@@H](CO)[C@H]([C@@H]2C1)c1ccc(\\C=C\\c2ccccc2)cc1'],,,,,
12375,BRD-K91665395,['54631544'],['CCCNC(=O)Nc1ccc2OC[C@@H](C)N(Cc3ccc(cc3)-c3ccccn3)C[C@@H](C)[C@@H](CN(C)C(=O)c2c1)OC'],,,,,
12376,BRD-K91671201,['6274486'],['OS(=O)(=O)CCN1C(=S)S\\C(=C/c2cn(nc2-c2ccc(OCc3ccccc3Cl)cc2)-c2ccccc2)C1=O'],,,,,
12377,BRD-K91674938,['54631776'],['CO[C@@H]1CN(C)C(=O)c2cc(NC(=O)Nc3ccccc3)ccc2OC[C@@H](C)N(C[C@H]1C)C(=O)CC1CC1'],,,,,
12378,BRD-K91677732,['44507435'],['C[C@H](CO)N1C[C@@H](C)[C@H](CN(C)Cc2ccc(cc2)C(=O)Nc3ccccc3N)Oc4c(NC(=O)C5CCCCC5)cccc4C1=O'],,,,,
12379,BRD-K91686310,['54657653'],['O[C@H]1COC[C@@H]2O[C@@H](CC(=O)NCc3ccncn3)CC[C@H]2N(C1)S(=O)(=O)c1cccc(F)c1'],,,,,
12380,BRD-K91691979,['17757274'],['CC(C)(C)Oc1ccccc1Nc2nc(NCCO)nc(n2)N3CCCC3'],,,,,
12381,BRD-K91694818,['54631289'],['CO[C@H]1CN(C)C(=O)c2ccc(NC(=O)c3cnccn3)cc2OC[C@@H](C)NC[C@H]1C'],,,,,
12382,BRD-K91701366,['60184928'],['CCS(=O)(=O)N1C[C@@]2(C1)CN(Cc1cc(F)ccc1F)[C@@H](CO)c1c2c2ccc(OC)cc2n1C'],,,,,
12383,BRD-K91720591,['54632089'],['COCC(=O)N1C[C@@H](C)[C@H](CN(C)C(=O)c2cc(NC(=O)Nc3cccc(F)c3)ccc2OC[C@H]1C)OC'],,,,,
12384,BRD-K91721610,['54631571'],['CO[C@H]1CN(C)C(=O)c2ccc(NC(=O)Nc3cccc(F)c3)cc2OC[C@H](C)N(C[C@H]1C)C(C)=O'],,,,,
12385,BRD-K91729331,['54657633'],['CN(C)C(=O)C[C@H]1CC[C@H]2[C@@H](COC[C@@H](O)CN2Cc2ccc(cc2)C(F)(F)F)O1'],,,,,
12386,BRD-K91730835,['54638478'],['C[C@H](NC(=O)C[C@@H]1CC[C@@H](NS(=O)(=O)c2cccc(F)c2)[C@@H](CO)O1)c1ccccc1'],,,,,
12387,BRD-K91735860,['54616054'],['C[C@H](CO)N1C[C@H](C)[C@@H](CN(C)Cc2ccc(cc2)C(F)(F)F)OCCCC[C@H](C)Oc3ccc(NC(=O)C4CCCCC4)cc3C1=O'],,,,,
12388,BRD-K91738333,['54613927'],['C[C@@H](CO)N1C[C@@H](C)[C@@H](CN(C)C)Oc2ccc(NC(=O)Nc3ccccc3)cc2C1=O'],,,,,
12389,BRD-K91745259,['54646577'],['CN(C)CC(=O)Nc1ccc2O[C@@H]3[C@@H](C[C@H](CC(=O)NCc4cc(F)ccc4F)O[C@@H]3CO)c2c1'],,,,,
12390,BRD-K91745830,['54651466'],['COCC(=O)N1[C@@H](CO)[C@@H]([C@@H]1CN(C)C(=O)c1ccncc1)c1ccccc1'],,,,,
12391,BRD-K91755384,['44487524'],['CC(C)NC(=O)Nc1ccc2O[C@@H](C)CCCCO[C@@H](CN(C)Cc3ccccc3)[C@H](C)CN([C@@H](C)CO)C(=O)c2c1'],,,,,
12392,BRD-K91758467,['54657826'],['O[C@H]1COC[C@@H]2O[C@H](CC(=O)N3CCC(Cc4ccccc4)CC3)CC[C@H]2N(Cc2nccs2)C1'],,,,,
12393,BRD-K91771673,['54657539'],['C[C@@H](NC(=O)C[C@H]1CC[C@H]2[C@@H](COC[C@H](O)CN2C(=O)Nc2cccc(Cl)c2)O1)c1ccccc1'],,,,,
12394,BRD-K91781484,['68296'],['S=c1ccss1'],,,,,
12395,BRD-K91786278,['54646743'],['OC[C@@H]1O[C@H](CC(=O)NCCc2ccccc2)C[C@H]3[C@@H]1Oc4ccc(NC(=O)c5ccc6OCOc6c5)cc34'],,,,,
12396,BRD-K91787616,['54638217'],['OC[C@@H]1O[C@H](CC(=O)Nc2ccccc2)CC[C@@H]1NC(=O)C1CC1'],,,,,
12397,BRD-K91809691,['54646461'],['COCC(=O)Nc1ccc2O[C@@H]3[C@@H](C[C@@H](CC(=O)NCc4ccccc4F)O[C@H]3CO)c2c1'],,,,,
12398,BRD-K91811806,['54646136'],['COc1ccccc1CNC(=O)C[C@H]2C[C@H]3[C@H](Oc4ccc(NC(=O)c5ccc6OCOc6c5)cc34)[C@@H](CO)O2'],,,,,
12399,BRD-K91813753,['44503445'],['CC(C)NC(=O)N(C)C[C@@H]1Oc2ccc(NC(=O)Cc3cn(C)c4ccccc34)cc2CC(=O)N(C[C@@H]1C)[C@H](C)CO'],,,,,
12400,BRD-K91818252,['24747216'],['OC(=O)c1ccc(cc1)c2noc(n2)c3ccccc3Cl'],,,,,
12401,BRD-K91834385,['54661437'],['CN(C)C(=O)[C@H]1[C@H](CO)[C@H]2Cn3c(ccc(-c4ccccc4)c3=O)[C@H]2N1CCC(F)(F)F'],,,,,
12402,BRD-K91836367,['44495549'],['COc1ccc(cc1)S(=O)(=O)Nc2ccc3O[C@H](CN(C)S(=O)(=O)c4ccc(OC)cc4)[C@@H](C)CN([C@H](C)CO)C(=O)Cc3c2'],,,,,
12403,BRD-K91844626,['3083677'],['NCCc1c[nH]c2ccc(N)cc12'],,,,,
12404,BRD-K91849632,['54637845'],['C[C@H](CO)N1C[C@@H](C)[C@@H](CN(C)S(=O)(=O)c2cn(C)cn2)OCc3ccccc3-c4c(C1=O)n(C)c5ccccc45'],,,,,
12405,BRD-K91850687,['44491487'],['C[C@H](CO)N1C[C@@H](C)[C@@H](CN(C)C)OCCCC[C@@H](C)Oc2ccc(NS(=O)(=O)c3cn(C)cn3)cc2C1=O'],,,,,
12406,BRD-K91857575,['54632002'],['CCC(=O)N1C[C@@H](C)[C@@H](CN(C)C(=O)c2ccc(NC(=O)c3ccccc3)cc2OC[C@@H]1C)OC'],,,,,
12407,BRD-K91859707,['54651365'],['CN(C[C@@H]1[C@H]([C@@H](CO)N1C(C)=O)c1ccccc1)S(=O)(=O)c1ccccc1'],,,,,
12408,BRD-K91868345,['54666425'],['OC[C@H]1[C@H]([C@@H]2CN(CCCCN12)C(=O)Nc1cccc(F)c1)c1ccc(cc1)C#Cc1cccnc1'],,,,,
12409,BRD-K91880445,['71759446'],['COc1ccc2c3c([nH]c2c1)[C@@H](CO)N(C[C@]31CCN(CC1)S(=O)(=O)c1cccs1)C(=O)c1ccc(F)cc1'],,,,,
12410,BRD-K91892860,['54596130'],['CN(C)C(=O)[C@H]1[C@H](CO)[C@H]2Cn3c(cccc3=O)[C@@H]1N2S(=O)(=O)c1cccc(C)c1'],,,,,
12411,BRD-K91898214,['54618419'],['C[C@@H](CO)N1C[C@H](C)[C@H](CN(C)C(=O)Cc2ccccn2)Oc3ncc(cc3C1=O)c4ccc(F)cc4'],,,,,
12412,BRD-K91899208,['44484534'],['C[C@H](CO)N1C[C@H](C)[C@H](CN(C)Cc2ccc3cccnc3c2)OCc4cn(CCCC1=O)nn4'],,,,,
12413,BRD-K91913968,['5417654'],['Clc1ccc(OCC(=O)NN=Cc2ccc[nH]2)c(Cl)c1'],,,,,
12414,BRD-K91922990,['54631712'],['CCS(=O)(=O)Nc1ccc2OC[C@@H](C)N(CCC(F)(F)F)C[C@H](C)[C@@H](CN(C)C(=O)c2c1)OC'],,,,,
12415,BRD-K91924645,['54638456'],['OC[C@H]1O[C@@H](CC(=O)NCCCN2CCOCC2)C=C[C@H]1NS(=O)(=O)c1ccccc1F'],,,,,
12416,BRD-K91945291,['44489468'],['C[C@@H](CO)N1C[C@@H](C)[C@H](CN(C)Cc2ccc(cc2)C(F)(F)F)Oc3ccc(NC(=O)CCN4CCOCC4)cc3C1=O'],,,,,
12417,BRD-K91946056,['54666645'],['C\\C=C\\c1ccc(cc1)[C@@H]1[C@@H](CO)N2CCCCN(C[C@@H]12)C(=O)Nc1ccc(F)cc1'],,,,,
12418,BRD-K91969329,['54631476'],['CO[C@@H]1CN(C)C(=O)c2ccc(NS(=O)(=O)c3ccc(Oc4ccccc4)cc3)cc2OC[C@H](C)NC[C@H]1C'],,,,,
12419,BRD-K91987625,['5932959'],['O/N=C(/Cn1nnc(n1)N2CCCC2)\\c3ccc(Cl)cc3'],,,,,
12420,BRD-K92000256,['53382792'],['O[C@H]1COC[C@@H]2O[C@@H](CC(=O)NCc3ccccc3Cl)CC[C@H]2N(Cc2nccs2)C1'],,,,,
12421,BRD-K92012565,['54666546'],['COc1ccc(NC(=O)N2CCCCN3[C@@H](CO)[C@@H]([C@H]3C2)c2ccc(cc2)-c2ccccc2F)cc1'],,,,,
12422,BRD-K92014112,['54649391'],['CCNC(=O)c1cc2CN([C@@H](CCO)c2c(n1)-c1cccc(c1)C1=CCCC1)[S@@](=O)C(C)(C)C'],,,,,
12423,BRD-K92020737,['44246374'],['CCCN1CNc2c(C1)c(=O)[nH]c(=S)n2CCc1c(Cl)cccc1Cl'],,,,,
12424,BRD-K92023938,['54646649'],['C[C@H](NC(=O)C[C@H]1C[C@@H]2[C@@H](Oc3ccc(NC(=O)Cc4ccncc4)cc23)[C@@H](CO)O1)c5ccccc5'],,,,,
12425,BRD-K92028820,['54631330'],['CCS(=O)(=O)Nc1ccc2OC[C@H](C)N(C[C@@H](C)[C@@H](CN(C)C(=O)c2c1)OC)C(=O)c1ccc2OCOc2c1'],,,,,
12426,BRD-K92033419,['9906851'],['COc1c(O)cccc1[C@H](O)C2CCN(CCc3ccc(F)cc3)CC2'],,,,,
12427,BRD-K92036763,['54638924'],['CC(C)NC(=O)N[C@H]1CC[C@H](CCN)O[C@H]1CO'],,,,,
12428,BRD-K92038420,['54651240'],['C\\C=C\\c1ccc(cc1)[C@@H]1[C@H](CO)N([C@@H]1CNC(=O)NC(C)C)C(=O)C1CC1'],,,,,
12429,BRD-K92043077,['54619902'],['CCCN(C)C[C@@H]1Oc2cc(ccc2S(=O)(=O)N(C[C@@H]1C)[C@H](C)CO)c3ccccc3C'],,,,,
12430,BRD-K92047490,['44483940'],['CC(C)NC(=O)N(C)C[C@@H]1OCCCC[C@H](C)Oc2ccc(NC(=O)Nc3ccc4OCOc4c3)cc2C(=O)N(C[C@@H]1C)[C@H](C)CO'],,,,,
12431,BRD-K92048968,['54666514'],['Cc1ccccc1-c1ccc(cc1)[C@@H]1[C@H](CO)N2CCCCN(C[C@@H]12)S(=O)(=O)Cc1ccccc1'],,,,,
12432,BRD-K92061784,['54638263'],['OC[C@H]1O[C@@H](CC(=O)NCc2ccc3OCOc3c2)C=C[C@@H]1NC(=O)Nc1cc(F)ccc1F'],,,,,
12433,BRD-K92107474,['56643214'],['CCOC(=O)c1ccc(o1)-c1ccc2ncnc(N(C)Cc3sccc3C)c2c1'],,,,,
12434,BRD-K92125320,['44496834'],['C[C@H](CO)N1C[C@@H](C)[C@H](CN(C)Cc2ccc(cc2)C(F)(F)F)OCc3cnnn3CCCC1=O'],,,,,
12435,BRD-K92129795,['60189941'],['COc1ccc2c3c([nH]c2c1)[C@H](CO)N(C[C@]31CN(Cc2ccccc2)C1)C(=O)CN1CCOCC1'],,,,,
12436,BRD-K92132228,['54665066'],['CN1[C@H](CO)[C@@H]2CCN([C@@H]2c2cc(ccc12)-c1cccc(F)c1)C(=O)Cc1cccnc1'],,,,,
12437,BRD-K92134560,['54638515'],['CC(C)NC(=O)N[C@@H]1C=C[C@@H](CC(=O)NC2Cc3ccccc3C2)O[C@H]1CO'],,,,,
12438,BRD-K92135888,['54651425'],['COCC(=O)NC[C@@H]1N[C@@H](CO)[C@H]1c1ccc(cc1)-c1ccccc1F'],,,,,
12439,BRD-K92135892,['44505137'],['C[C@H](CO)N1C[C@@H](C)[C@H](CN(C)S(=O)(=O)c2cccc(F)c2)OCc3cn(CCCC1=O)nn3'],,,,,
12440,BRD-K92137277,['54649303'],['CO[C@H](CN(C)C(=O)C1CC1)[C@H](C)CN([C@@H](C)CO)C(=O)Nc1ccc(cc1)C(F)(F)F'],,,,,
12441,BRD-K92158425,['45100429'],['Clc1ccc2[nH]c(CNc3nc(nc4n(cnc34)-c3ccsc3)N3CCOCC3)nc2c1'],,,,,
12442,BRD-K92159000,['159642'],['NCCCN1c2ccccc2CCc2ccccc12'],,,,,
12443,BRD-K92191596,['54618455'],['C[C@@H](CO)N1C[C@@H](C)[C@H](CN(C)C(=O)CC2CC2)Oc3ncc(cc3C1=O)c4ccccc4C'],,,,,
12444,BRD-K92202821,['17757314'],['COc1ccc(cc1COc1ccc(NC(C)=O)cc1)-c1nc2ccccc2c(=O)n1Cc1ccccc1'],,,,,
12445,BRD-K92205342,['54646703'],['OC[C@@H]1O[C@@H](CC(=O)NCc2ccc3OCOc3c2)C[C@H]4[C@@H]1Oc5ccc(NC(=O)C6CCOCC6)cc45'],,,,,
12446,BRD-K92209998,['54632201'],['COCC(=O)N1C[C@@H](C)[C@@H](CN(C)C(=O)c2cc(NC(=O)c3ccc(cc3)-c3ccccc3)ccc2OC[C@H]1C)OC'],,,,,
12447,BRD-K92210276,['54660957'],['CCN1[C@H]([C@H](CO)[C@H]2Cn3c(ccc(C4=CCCC4)c3=O)[C@@H]12)C(=O)NCc1cccc(OC)c1'],,,,,
12448,BRD-K92219497,['54638657'],['COc1cccc(CNC(=O)C[C@H]2O[C@H](CO)[C@@H](NC(=O)C3CCC3)C=C2)c1'],,,,,
12449,BRD-K92232855,['44487610'],['CC(C)NC(=O)N(C)C[C@@H]1Oc2ccc(cc2CC(=O)N(C[C@H]1C)[C@@H](C)CO)N(C)C'],,,,,
12450,BRD-K92266998,['44505985'],['C[C@@H](CO)N1C[C@@H](C)[C@@H](CN(C)C(=O)Oc2ccccc2)OCc3cn(CCCC1=O)nn3'],,,,,
12451,BRD-K92277566,['54651280'],['CN(C(C)=O)C[C@@H]1N(C(C)=O)[C@H](CO)[C@H]1c1ccc(cc1)-c1cccc(C#N)c1'],,,,,
12452,BRD-K92300676,['60184918'],['COc1ccc2c3c([C@@H](CO)N(C[C@]33CN(C)C3)C(=O)Cc3ccccc3)n(C)c2c1'],,,,,
12453,BRD-K92302554,['60184116'],['COc1ccc2c3c([nH]c2c1)[C@H](CO)N(C[C@]31CCN(CC1)C(=O)c1ccccc1)C(=O)c1cccc(F)c1'],,,,,
12454,BRD-K92313046,['54660995'],['OC[C@@H]1[C@H]2Cn3c(ccc(-c4ccncc4)c3=O)[C@@H]([C@H]1C(=O)N1CCCCC1)N2CCC(F)(F)F'],,,,,
12455,BRD-K92317137,['659101'],['O=S1(=O)Nc2c(ccc3cccnc23)-c4ccccc41'],,,,,
12456,BRD-K92326486,['10058277'],['NCCc1cccc2ccc(O)cc12'],,,,,
12457,BRD-K92327934,['44620669'],['COc1ccc(NC(=O)N(C)C[C@H]2OCCCC[C@@H](C)Oc3ccc(NC(=O)C4CCCCC4)cc3C(=O)N(C[C@H]2C)[C@@H](C)CO)cc1'],,,,,
12458,BRD-K92331543,['60185281'],['O=C(N1C[C@H]2N[C@@H](C1)[C@@H]2c1ccc(\\C=C\\c2ccccc2)cc1)c1cnccn1'],,,,,
12459,BRD-K92333822,['54664794'],['COc1cccc(c1)S(=O)(=O)N1CC[C@@H]2[C@H]1c1cc(ccc1N(C)[C@@H]2CO)C#Cc1cccnc1'],,,,,
12460,BRD-K92334440,['54654396'],['CCS(=O)(=O)Nc1ccc2OC[C@H]3O[C@@H](CC(=O)NCCOC)CC[C@@H]3N(C)C(=O)c2c1'],,,,,
12461,BRD-K92347680,['54660764'],['CCCNC(=O)N1[C@H]([C@H](CO)[C@H]2Cn3c(ccc(-c4ccc(F)cc4)c3=O)[C@@H]12)C(=O)N1CCCCC1'],,,,,
12462,BRD-K92364610,['44620015'],['COc1ccc(CN(C)C[C@@H]2OCCCC[C@H](C)Oc3ccc(NC(=O)C4CCCCC4)cc3C(=O)N(C[C@@H]2C)[C@H](C)CO)cc1'],,,,,
12463,BRD-K92370559,['54620486'],['COc1ccc(C#Cc2cnc3O[C@H](CN(C)CC4CCCC4)[C@@H](C)CN([C@@H](C)CO)C(=O)c3c2)cc1'],,,,,
12464,BRD-K92372623,['54618584'],['COCC(=O)N(C)C[C@@H]1Oc2cc(C#Cc3cccnc3)ccc2S(=O)(=O)N(C[C@@H]1C)[C@H](C)CO'],,,,,
12465,BRD-K92419424,['24747242'],['COc1ccc(cc1)c2nc(no2)c3ccc(cc3)C(=O)O'],,,,,
12466,BRD-K92431661,['44617555'],['C[C@@H](CO)N1C[C@H](C)[C@@H](CN(C)Cc2ccc(cc2)C(F)(F)F)OCCCC[C@@H](C)Oc3ccc(NC(=O)Nc4cccc5ccccc45)cc3C1=O'],,,,,
12467,BRD-K92434623,['49843012'],['C[C@H](CO)N1C[C@@H](C)[C@H](CN(C)Cc2ccc(cc2)C(F)(F)F)OCCCC[C@H](C)Oc3ccc(NC(=O)C4CCCCC4)cc3C1=O'],,,,,
12468,BRD-K92434936,['54654113'],['CN1[C@H]2CC[C@@H](CC(=O)NCc3ccccc3F)O[C@@H]2COc2ccc(NC(=O)C3CCCCC3)cc2C1=O'],,,,,
12469,BRD-K92439079,['60191102'],['COCC#Cc1ccc(cc1)[C@H]1[C@@H](CO)N2[C@H]1CN(CC2=O)C(=O)C1CCCCC1'],,,,,
12470,BRD-K92439564,['54660671'],['Cn1cnc(CCNC(=O)[C@@H]2[C@@H](CO)[C@@H]3Cn4c(cccc4=O)[C@@H]3N2C(=O)Nc2ccccc2)c1'],,,,,
12471,BRD-K92441219,['54637690'],['C[C@H](CO)N1C[C@@H](C)[C@@H](CN(C)S(=O)(=O)c2c(C)noc2C)OCc3ccccc3-c4c(C1=O)n(C)c5ccccc45'],,,,,
12472,BRD-K92455082,['44494446'],['CNC[C@@H]1OCCCC[C@@H](C)Oc2ccc(NC(=O)NC(C)C)cc2C(=O)N(C[C@@H]1C)[C@H](C)CO'],,,,,
12473,BRD-K92455228,['54666503'],['OC[C@@H]1[C@H]([C@H]2CN(Cc3ccccn3)CCCCN12)c1ccc(Br)cc1'],,,,,
12474,BRD-K92458042,['44142055'],['Fc1cccc(CNc2ncnc3ccc(cc23)c4ccc5OCOc5c4)c1'],,,,,
12475,BRD-K92470030,['9887381'],['COc1cccc(c1)c2nc(SC)nc3sc(C(=O)NC(C)(C)C)c(N)c23'],,,,,
12476,BRD-K92476250,['54666485'],['C\\C=C\\c1ccc(cc1)[C@@H]1[C@@H](CO)N2CCCCN(C[C@@H]12)C(=O)Cc1cccnc1'],,,,,
12477,BRD-K92489476,['1249064'],['CCOC(=O)c1cnc(SCC(=O)N2CCc3ccccc23)nc1N'],,,,,
12478,BRD-K92493271,['54638525'],['OC[C@@H]1O[C@@H](CCNC(=O)Cc2ccccn2)CC[C@@H]1NC(=O)Nc1ccc(Cl)cc1'],,,,,
12479,BRD-K92522487,['54664880'],['COc1ccccc1C#Cc1ccc2N[C@H](CO)[C@@H]3CCN([C@@H]3c2c1)C(=O)Cc1ccccc1'],,,,,
12480,BRD-K92523103,['56835565'],['CC(C)(C)S(=O)N1Cc2cc(nc(c2[C@@H]1CCO)c3cccc(C#CCC4CCCC4)c3)C(=O)NCCCN5CCOCC5'],,,,,
12481,BRD-K92543914,['60184911'],['COc1cccc(c1)-c1ccc(cc1)[C@H]1[C@H]2CN(C[C@@H]1N2)S(=O)(=O)Cc1ccccc1'],,,,,
12482,BRD-K92573321,['54631673'],['CO[C@@H]1CN(C)C(=O)c2cc(NC(=O)NC(C)C)ccc2OC[C@@H](C)N(C[C@@H]1C)C(=O)C1CCC1'],,,,,
12483,BRD-K92593565,['54638477'],['C[C@H](NC(=O)C[C@H]1CC[C@H](NS(=O)(=O)c2cccc(F)c2)[C@H](CO)O1)c1ccccc1'],,,,,
12484,BRD-K92604082,['54637835'],['C[C@@H](CO)N1C[C@@H](C)[C@@H](CN(C)S(=O)(=O)c2cccs2)OCc3ccccc3-c4ccccc4C1=O'],,,,,
12485,BRD-K92639644,['54618501'],['COc1ccc(C#Cc2ccc3c(O[C@H](CN(C)C(=O)CN4CCOCC4)[C@@H](C)CN([C@H](C)CO)S3(=O)=O)c2)cc1'],,,,,
12486,BRD-K92650863,['54646455'],['OC[C@H]1O[C@H](CC(=O)NCc2cccc(F)c2)C[C@H]3[C@@H]1Oc4ccc(NC(=O)C5CCC5)cc34'],,,,,
12487,BRD-K92656786,['54657508'],['Cn1cnc(CCNC(=O)C[C@@H]2CC[C@@H]3[C@H](COC[C@H](O)CN3C(=O)Nc3ccc(cc3)C(F)(F)F)O2)c1'],,,,,
12488,BRD-K92659561,['54627208'],['C[C@H](CO)N1C[C@@H](C)[C@H](CN(C)Cc2ccc(Oc3ccccc3)cc2)Oc4cc(ccc4S1(=O)=O)c5ccncc5'],,,,,
12489,BRD-K92659956,['54654513'],['CN1[C@@H]2CC[C@H](CC(=O)NCC3CCCCC3)O[C@@H]2COc2ccc(NC(=O)C3CCOCC3)cc2C1=O'],,,,,
12490,BRD-K92666980,['54619138'],['C[C@H](CO)N1C[C@H](C)[C@H](CN(C)Cc2ccc(F)cc2)Oc3ncc(/C=C/c4ccccc4)cc3C1=O'],,,,,
12491,BRD-K92685052,['54649392'],['CC(C)(C)[S@@](=O)N1Cc2cc(nc(c2[C@H]1CCO)-c1cccc(c1)-c1ccc(F)cc1)C(=O)N1CCCCC1'],,,,,
12492,BRD-K92707657,['54654373'],['CN1CCN(CC1)C(=O)C[C@@H]1CC[C@@H]2[C@H](COc3ccc(NC(=O)C4CCOCC4)cc3C(=O)N2C)O1'],,,,,
12493,BRD-K92730269,['54638002'],['C[C@@H](CO)N1C[C@@H](C)[C@@H](CN(C)C(=O)C2CC2)OCc3ccccc3-c4ccccc4C1=O'],,,,,
12494,BRD-K92740670,['54615033'],['CC(C)NC(=O)Nc1ccc2O[C@H](C)CCCCO[C@@H](CN(C)C(=O)NC3CCCCC3)[C@H](C)CN([C@H](C)CO)C(=O)c2c1'],,,,,
12495,BRD-K92742972,['3237327'],['CCOc1ccc(cc1)c2nc(CSCC(=O)NCc3ccco3)c(C)o2'],,,,,
12496,BRD-K92748025,['54618640'],['C[C@@H](CO)N1C[C@@H](C)[C@@H](CN(C)C)Oc2cc(C#Cc3ccccn3)ccc2S1(=O)=O'],,,,,
12497,BRD-K92754162,['1007755'],['Cc1ccc(NC(=O)c2ccc(o2)-c2cc(Cl)ccc2Cl)c(C)c1'],,,,,
12498,BRD-K92754298,['54657903'],['O[C@@H]1COC[C@H]2O[C@H](CC(=O)N3CCc4ccccc4C3)CC[C@@H]2N(C1)C(=O)c1cc(Cl)cc(Cl)c1'],,,,,
12499,BRD-K92758184,['54638473'],['COCc1cn(CC[C@@H]2CC[C@H](NC(=O)Nc3ccc(cc3)C(F)(F)F)[C@H](CO)O2)nn1'],,,,,
12500,BRD-K92770212,['54661456'],['CN(C)C(=O)[C@@H]1[C@@H](CO)[C@@H]2Cn3c(ccc(C4=CCCC4)c3=O)[C@H]1N2CC1CCOCC1'],,,,,
12501,BRD-K92773691,['54649456'],['CN(C)C(=O)c1ccc(cc1)-c1cccc(c1)-c1nc(cc2CN([C@H](CCO)c12)[S@](=O)C(C)(C)C)C(=O)NCc1ccccc1'],,,,,
12502,BRD-K92789454,['54646748'],['OC[C@@H]1O[C@@H](CC(=O)NCCN2CCCCC2)C[C@@H]3[C@H]1Oc4ccc(NC(=O)c5cccnc5)cc34'],,,,,
12503,BRD-K92793917,['46912146'],['C[C@H](CO)N1C[C@H](C)[C@H](CN(C)Cc2ccncc2)OCc3ccccc3-c4ccccc4C1=O'],,,,,
12504,BRD-K92795064,['54657608'],['O[C@@H]1COC[C@H]2O[C@@H](CC(=O)Nc3ccc(cc3)-c3ccccc3)CC[C@@H]2N(Cc2ccc3OCOc3c2)C1'],,,,,
12505,BRD-K92800455,['54652573'],['OC[C@@H]1[C@@H]2[C@@H](CN(C(=O)c3ccncc3)c3ccccc23)N1Cc1ccccc1F'],,,,,
12506,BRD-K92801790,['2803032'],['C1c2sc(Nc3ccccc3)nc2-c4ccccc14'],,,,,
12507,BRD-K92803302,['44488170'],['COc1ccccc1CN(C)C[C@@H]2OCc3cnnn3CCCC(=O)N(C[C@H]2C)[C@@H](C)CO'],,,,,
12508,BRD-K92807185,['44489577'],['COc1ccc(CN(C)C[C@H]2Oc3ccc(NC(=O)NC(C)C)cc3C(=O)N(C[C@H]2C)[C@H](C)CO)cc1'],,,,,
12509,BRD-K92810472,['54638788'],['OC[C@H]1O[C@@H](CC(=O)N2CCCCC2)C=C[C@H]1NC(=O)c1ccc2OCOc2c1'],,,,,
12510,BRD-K92818291,['54631622'],['CO[C@H]1CN(C)C(=O)c2ccc(NC(=O)c3ccccc3OC)cc2OC[C@H](C)N(C[C@@H]1C)C(C)=O'],,,,,
12511,BRD-K92824836,['54651188'],['CCN(C[C@H]1[C@@H]([C@@H](CO)N1C(=O)CC)c1ccccc1)C(=O)c1cccc(F)c1'],,,,,
12512,BRD-K92827116,['54665054'],['CN1[C@H](CO)[C@@H]2CCN([C@@H]2c2cc(ccc12)-c1ccccc1F)S(=O)(=O)c1cccc(C)c1'],,,,,
12513,BRD-K92847204,['54651448'],['CCCN(C[C@@H]1N[C@@H](CO)[C@H]1c1ccc(cc1)-c1cccnc1)C(C)=O'],,,,,
12514,BRD-K92860459,['54657802'],['COc1cccc(NC(=O)N2C[C@H](O)COC[C@@H]3O[C@@H](CC(=O)N(C)C)CC[C@@H]23)c1'],,,,,
12515,BRD-K92863101,['6729078'],['NC(=O)[C@H]1[C@H]2N([C@@H](c3ccc(OCCO)cc3)[C@]14C(=O)Nc5ccc(C#CC6(O)CCCCCC6)cc54)[C@@H]([C@@H](OC2=O)c7ccccc7)c8ccccc8'],,,,,
12516,BRD-K92865756,['44494096'],['CC(C)NC(=O)N(C)C[C@@H]1OCCCC[C@H](C)Oc2ccc(NC(=O)Cc3ccccc3)cc2C(=O)N(C[C@@H]1C)[C@H](C)CO'],,,,,
12517,BRD-K92884627,['44619940'],['CC(C)NC(=O)Nc1ccc2O[C@@H](C)CCCCO[C@H](CN(C)C(=O)NC3CCCCC3)[C@@H](C)CN([C@H](C)CO)C(=O)c2c1'],,,,,
12518,BRD-K92897514,['54646655'],['COc1ccccc1CNC(=O)C[C@@H]2C[C@H]3[C@H](Oc4ccc(NC(=O)c5cccnc5)cc34)[C@@H](CO)O2'],,,,,
12519,BRD-K92902323,['60184837'],['COc1cccc(CN2[C@H]3CNC[C@@H]2[C@@H]3c2ccc(\\C=C\\c3ccccc3)cc2)c1'],,,,,
12520,BRD-K92904177,['60191127'],['COCC#Cc1ccc(cc1)[C@@H]1[C@H](CO)N2[C@H]1CN(CC2=O)C(=O)C1CCCCC1'],,,,,
12521,BRD-K92912836,['54652516'],['OC[C@H]1[C@@H]2[C@@H](CN(C(=O)C3CCOCC3)c3ccccc23)N1Cc1ccc(Cl)cc1'],,,,,
12522,BRD-K92924609,['54654142'],['CN1[C@H]2CC[C@H](CC(=O)NCCN3CCCCC3)O[C@H]2COc2ccc(NS(=O)(=O)c3cccc(F)c3)cc2C1=O'],,,,,
12523,BRD-K92925409,['54646095'],['OC[C@@H]1O[C@H](CC(=O)N2CCOCC2)C[C@H]3[C@@H]1Oc4ccc(NC(=O)Nc5ccccc5F)cc34'],,,,,
12524,BRD-K92932331,['44142049'],['C(Nc1ncnc2ccc(cc12)c3cccnc3)c4cccs4'],,,,,
12525,BRD-K92942746,['54631739'],['CO[C@H]1CN(C)C(=O)c2cc(NC(=O)C3CCC3)ccc2OC[C@H](C)N(C)C[C@H]1C'],,,,,
12526,BRD-K92947165,['54654334'],['CN1[C@H]2CC[C@H](CC(=O)N[C@@H]3CCN(Cc4ccccc4)C3)O[C@H]2COc2ccc(NC(=O)c3ccc(F)c(F)c3)cc2C1=O'],,,,,
12527,BRD-K92951265,['54638909'],['OC[C@H]1O[C@H](CCNS(=O)(=O)c2ccc(Cl)cc2)CC[C@@H]1NC(=O)c1ccccn1'],,,,,
12528,BRD-K92953664,['44505976'],['C[C@@H](CO)N1C[C@H](C)[C@H](CN(C)C(=O)c2ccncc2)OCc3cn(CCCC1=O)nn3'],,,,,
12529,BRD-K92953840,['56835509'],['C[C@H](CO)N1C[C@@H](C)[C@H](CN(C)S(=O)(=O)c2cccc(C#N)c2)OCc3ccccc3-c4ccccc4C1=O'],,,,,
12530,BRD-K92958239,['54638520'],['CN(C)CCCNC(=O)C[C@@H]1CC[C@H](NS(=O)(=O)c2ccc(C)cc2)[C@@H](CO)O1'],,,,,
12531,BRD-K92959281,['44505298'],['C[C@H](CO)N1C[C@H](C)[C@H](CN(C)Cc2cccc(c2)C(F)(F)F)Oc3ncc(cc3C1=O)c4cc5ccccc5o4'],,,,,
12532,BRD-K92967637,['60189865'],['COCC(=O)N1C[C@@]2(C1)CN([C@@H](CO)c1[nH]c3cc(OC)ccc3c21)S(C)(=O)=O'],,,,,
12533,BRD-K92975271,['54631445'],['CO[C@H]1CN(C)C(=O)c2cc(NC(=O)c3nc4ccccc4s3)ccc2OC[C@H](C)N(Cc2cncnc2)C[C@@H]1C'],,,,,
12534,BRD-K92978187,['54631385'],['CO[C@H]1CN(C)C(=O)c2ccc(NC(C)=O)cc2OC[C@@H](C)N(C[C@@H]1C)C(=O)Cc1ccccn1'],,,,,
12535,BRD-K92978552,['44497250'],['C[C@@H](CO)N1C[C@@H](C)[C@@H](CN(C)C(=O)C2CCCCC2)OCc3cn(CCCC1=O)nn3'],,,,,
12536,BRD-K92979098,['60189705'],['C\\C=C\\c1ccc(cc1)[C@@H]1[C@@H](CO)N(C(=O)C2CCOCC2)C11CN(C1)C(=O)NC(C)C'],,,,,
12537,BRD-K92980438,['70684'],['OC(=O)C(=O)CBr'],,,,,
12538,BRD-K92981876,['46907740'],['Brc1ccc(cc1)-c1csc(n1)N1CCNCC1'],,,,,
12539,BRD-K92986600,['54638694'],['Cc1noc(C)c1NC(=O)NCC[C@@H]1CC[C@@H](NC(=O)c2ccc(F)cc2)[C@@H](CO)O1'],,,,,
12540,BRD-K92993117,['60191077'],['Cc1ccccc1-c1ccc(cc1)[C@H]1[C@@H](CO)N2[C@@H]1CN(CC2=O)C(=O)c1ccncc1'],,,,,
12541,BRD-K93000597,['71758950'],['CC(=O)N1[C@H](CO)[C@@H](c2ccccc2)C11CN(Cc2ccc(Cl)cc2)C1'],,,,,
12542,BRD-K93007240,['54638565'],['CCCNC(=O)N[C@@H]1CC[C@H](CCn2cc(nn2)-c2cccc(F)c2)O[C@@H]1CO'],,,,,
12543,BRD-K93011030,['54637953'],['C[C@@H](CO)N1C[C@H](C)[C@H](CN(C)C(=O)c2ccncc2)OCc3ccccc3-c4c(C1=O)n(C)c5ccccc45'],,,,,
12544,BRD-K93036747,['54666523'],['COc1ccccc1C#Cc1ccc(cc1)[C@@H]1[C@H](CO)N2CCCCN(C[C@@H]12)C(=O)C1CCC1'],,,,,
12545,BRD-K93054014,['54650062'],['COCC(=O)N1[C@@H](CO)[C@H]([C@@H]1C#N)c1ccc(cc1)-c1cccnc1'],,,,,
12546,BRD-K93061078,['44485768'],['CNC[C@H]1OCc2cn(CCCC(=O)N(C[C@H]1C)[C@@H](C)CO)nn2'],,,,,
12547,BRD-K93061442,['44494084'],['C[C@H](CO)N1C[C@H](C)[C@H](CN(C)Cc2ccc(cc2)C(F)(F)F)OCc3cn(CCCC1=O)nn3'],,,,,
12548,BRD-K93062774,['60190943'],['CC(C)C#Cc1ccc(cc1)[C@H]1[C@@H](CO)N2[C@@H]1CN(CC2=O)C(=O)NC1CCCC1'],,,,,
12549,BRD-K93081895,['54666531'],['Cc1cccc(c1)-c1ccc(cc1)[C@H]1[C@@H](CO)N2CCCCN(C[C@@H]12)S(=O)(=O)c1ccccc1F'],,,,,
12550,BRD-K93086630,['44492152'],['C[C@H](CO)N1C[C@H](C)[C@@H](CN(C)C(=O)NC2CCCCC2)Oc3ccc(NC(=O)CCCN(C)C)cc3C1=O'],,,,,
12551,BRD-K93104606,['44497719'],['COc1ccc(CN(C)C[C@H]2OCc3cnnn3CCCC(=O)N(C[C@@H]2C)[C@H](C)CO)cc1'],,,,,
12552,BRD-K93105623,['54632033'],['CO[C@H]1CN(C)C(=O)c2cc(NC(=O)Nc3cc(F)ccc3F)ccc2OC[C@H](C)NC[C@@H]1C'],,,,,
12553,BRD-K93107794,['44490325'],['CC(C)NC(=O)Nc1ccc2O[C@@H](C)CCCCO[C@H](CN(C)C)[C@@H](C)CN([C@@H](C)CO)C(=O)c2c1'],,,,,
12554,BRD-K93109423,['54631459'],['CO[C@@H]1CN(C)C(=O)c2cc(NC(=O)c3ccc(Oc4ccccc4)cc3)ccc2OC[C@@H](C)N(C[C@H]1C)C(C)=O'],,,,,
12555,BRD-K93112400,['54649412'],['CCNC(=O)c1cc2CN([C@@H](CCO)c2c(n1)-c1cccc(c1)-c1cccc(F)c1)[S@@](=O)C(C)(C)C'],,,,,
12556,BRD-K93116089,['54661034'],['OC[C@@H]1[C@H]2Cn3c(ccc(-c4cccc(F)c4)c3=O)[C@@H]([C@H]1C(=O)NC1CCC1)N2Cc1cocn1'],,,,,
12557,BRD-K93123387,['54660786'],['C[C@H](NC(=O)[C@H]1[C@H](CO)[C@H]2Cn3c(ccc(\\C=C\\c4ccccc4)c3=O)[C@@H]1N2)c1ccccc1'],,,,,
12558,BRD-K93127801,['44506841'],['C[C@@H](CO)N1C[C@@H](C)[C@H](CN(C)S(=O)(=O)c2ccc(Cl)cc2)Oc3c(NC(=O)CCCCCC(=O)Nc4ccccc4N)cccc3C1=O'],,,,,
12559,BRD-K93138145,['44500128'],['COc1ccc(NC(=O)Nc2cccc3C(=O)N(C[C@@H](C)[C@@H](CN(C)Cc4ccc5OCOc5c4)Oc23)[C@H](C)CO)cc1'],,,,,
12560,BRD-K93140279,['54638786'],['OC[C@H]1O[C@H](CC(=O)N2CCCCC2)C=C[C@H]1NC(=O)c1ccc2OCOc2c1'],,,,,
12561,BRD-K93155496,['53338816'],['Oc1ccc(CNc2cccnc2)c2cccnc12'],,,,,
12562,BRD-K93156709,['54630667'],['C[C@@H](CO)N1C[C@H](C)[C@H](CN(C)C(=O)c2ccc(F)cc2)Oc3cc(ccc3S1(=O)=O)C4=CCCCC4'],,,,,
12563,BRD-K93157782,['60191283'],['COCC#Cc1ccc(cc1)[C@@H]1[C@@H](CO)N2[C@@H]1CN(CC2=O)C(=O)c1ccncc1'],,,,,
12564,BRD-K93158953,['54615023'],['C[C@@H](CO)N1C[C@H](C)[C@@H](CN(C)S(=O)(=O)c2ccc(Cl)cc2)OCCCC[C@H](C)Oc3ccc(NC(=O)Nc4c(C)noc4C)cc3C1=O'],,,,,
12565,BRD-K93164329,['54646688'],['OC[C@H]1O[C@@H](CC(=O)NCc2ccc(Cl)cc2)C[C@H]3[C@@H]1Oc4ccc(NC(=O)Nc5ccc(cc5)C(F)(F)F)cc34'],,,,,
12566,BRD-K93165404,['54618597'],['C/C=C/c1cnc2O[C@H](CN(C)C(=O)Nc3ccc(F)cc3)[C@H](C)CN([C@H](C)CO)C(=O)c2c1'],,,,,
12567,BRD-K93181983,['54652480'],['OC[C@H]1[C@H]2[C@H](CN(C(=O)CC(F)(F)F)c3ccccc23)N1Cc1cccnc1'],,,,,
12568,BRD-K93185112,['60190228'],['COc1ccc2c3c([C@H](CO)N(C[C@]33CCN(C)CC3)C(=O)Cc3ccccn3)n(C)c2c1'],,,,,
12569,BRD-K93186542,['54652530'],['COc1ccccc1C(=O)N1C[C@@H]2[C@@H]([C@H](CO)N2CC2CCOCC2)c2ccccc12'],,,,,
12570,BRD-K93189515,['44496342'],['C[C@@H](CO)N1C[C@@H](C)[C@@H](CN(C)Cc2ccc(Cl)c(Cl)c2)Oc3ccc(NS(=O)(=O)C)cc3CC1=O'],,,,,
12571,BRD-K93195783,['60189930'],['OC[C@@H]1[C@H](c2ccccc2)C2(CN(C2)C(=O)c2cccnc2)N1Cc1ccc(Cl)cc1'],,,,,
12572,BRD-K93200353,['54596118'],['OC[C@H]1[C@@H]2Cn3c(cccc3=O)[C@H]([C@@H]1C(=O)N1CCOCC1)N2S(=O)(=O)c1ccccc1F'],,,,,
12573,BRD-K93207153,['60190139'],['COc1ccc2c3c([nH]c2c1)[C@H](CO)N(Cc1cccnc1)C[C@]31CCN(CC1)C(=O)CN(C)C'],,,,,
12574,BRD-K93210315,['71760614'],['COc1ccc2c3c([C@H](CO)N(CC4CCOCC4)C[C@]33CN(Cc4nccs4)C3)n(C)c2c1'],,,,,
12575,BRD-K93210686,['54649376'],['CCCNC(=O)c1cc2CN([C@H](CCO)c2c(n1)-c1cccc(c1)-c1ccc(F)cc1)[S@](=O)C(C)(C)C'],,,,,
12576,BRD-K93215584,['23975579'],['COc1ccccc1CN2[C@@H](c3ccc(CO)cc3)[C@@](Cc4ccccc4I)(C(=O)NCCCN(C)C)c5ccccc5C2=O'],,,,,
12577,BRD-K93229693,['3236979'],['COc1cccc(c1)-c1nc(no1)-c1ccc(NC(=O)Cc2ccccc2OC)cc1'],,,,,
12578,BRD-K93229898,['54664987'],['CN1[C@@H](CO)[C@H]2CCN([C@H]2c2cc(Br)ccc12)C(=O)c1cccc(F)c1'],,,,,
12579,BRD-K93240833,['54638493'],['OC[C@H]1O[C@H](CCNS(=O)(=O)Cc2ccccc2)CC[C@H]1NS(=O)(=O)c1ccc(F)cc1'],,,,,
12580,BRD-K93247546,['54631814'],['CCCN1C[C@H](C)[C@@H](CN(C)C(=O)c2cc(NS(=O)(=O)c3ccccc3)ccc2OC[C@@H]1C)OC'],,,,,
12581,BRD-K93285993,['44501220'],['C[C@H](CO)N1C[C@@H](C)[C@@H](CN(C)S(=O)(=O)c2ccc(F)cc2)Oc3ccc(NC(=O)Nc4ccc(cc4)C(F)(F)F)cc3CC1=O'],,,,,
12582,BRD-K93291593,['60192504'],['C[C@H](CO)N1C[C@@H](C)[C@H](CN(C)C(=O)Nc2ccccc2)OCCCC[C@@H](C)Oc3ccc(NC(=O)Nc4ccc(cc4)C(F)(F)F)cc3C1=O'],,,,,
12583,BRD-K93296644,['23975589'],['CC(C)NC(=O)[C@]1(CC(=O)N(C2Cc3ccccc3C2)[C@@H]1c4ccc(CO)cc4I)Sc5ccc(C)cc5'],,,,,
12584,BRD-K93301765,['54658068'],['O[C@H]1COC[C@H]2O[C@@H](CC(=O)NCc3ccc(F)cc3)CC[C@@H]2N(CC2CCCCC2)C1'],,,,,
12585,BRD-K93302072,['44494036'],['COc1ccc(cc1)S(=O)(=O)Nc2ccc3O[C@H](CN(C)S(=O)(=O)c4ccc(OC)cc4)[C@H](C)CN([C@H](C)CO)C(=O)Cc3c2'],,,,,
12586,BRD-K93303857,['44484555'],['CC(C)NC(=O)Nc1ccc2O[C@@H](C)CCCCO[C@@H](CN(C)C(=O)Nc3ccccc3)[C@@H](C)CN([C@@H](C)CO)C(=O)c2c1'],,,,,
12587,BRD-K93320447,['54646598'],['COc1ccc(cc1)S(=O)(=O)Nc2ccc3O[C@@H]4[C@@H](C[C@H](CC(=O)NCC5CC5)O[C@H]4CO)c3c2'],,,,,
12588,BRD-K93330237,['54638505'],['OC[C@@H]1O[C@@H](CC(=O)NCc2ccc(Oc3ccccc3)cc2)CC[C@H]1NC(=O)c1ccc2OCOc2c1'],,,,,
12589,BRD-K93331292,['3025945'],['Nc1nc2ccccc2n1S(=O)(=O)c1ccc(cc1)[N+]([O-])=O'],,,,,
12590,BRD-K93338495,['54664791'],['Cn1cnc(c1)S(=O)(=O)N1CC[C@H]2[C@@H]1c1cc(ccc1N[C@H]2CO)C1=CCCCC1'],,,,,
12591,BRD-K93339435,['54654274'],['C[C@H](NC(=O)C[C@H]1CC[C@H]2[C@@H](COc3ccc(NS(=O)(=O)c4ccc(Cl)cc4)cc3C(=O)N2C)O1)c1ccccc1'],,,,,
12592,BRD-K93340102,['54616268'],['C[C@H](CO)N1C[C@@H](C)[C@H](CN(C)CC2CCCCC2)OCCCC[C@@H](C)Oc3ccc(NC(=O)c4ccccc4)cc3C1=O'],,,,,
12593,BRD-K93367411,['40482356'],['OC(=O)[C@@H]1CCCC[C@@H]1C(=O)N1CCc2ccccc2[C@H]1CN1C(=O)c2ccccc2C1=O'],,,,,
12594,BRD-K93369639,['54632215'],['CO[C@@H]1CN(C)C(=O)c2cc(NS(=O)(=O)Cc3ccccc3)ccc2OC[C@H](C)NC[C@@H]1C'],,,,,
12595,BRD-K93373675,['60191981'],['COCC(=O)N1[C@H](CO)[C@H](c2ccccc2)C11CN(C1)C(=O)Cc1ccccn1'],,,,,
12596,BRD-K93376546,['54654277'],['CN1[C@H]2CC[C@H](CC(=O)N3CCOCC3)O[C@H]2COc2ccc(NC(=O)c3ccc(F)c(F)c3)cc2C1=O'],,,,,
12597,BRD-K93386351,['60184836'],['Cc1cccc(c1)-c1ccc(cc1)[C@@H]1[C@@H]2CNC[C@H]1N2Cc1cccc(F)c1'],,,,,
12598,BRD-K93406156,['44616929'],['COc1ccc(cc1)S(=O)(=O)Nc2ccc3O[C@H](C)CCCCO[C@@H](CN(C)C)[C@H](C)CN([C@H](C)CO)C(=O)c3c2'],,,,,
12599,BRD-K93406741,['54661142'],['COCC(=O)N1[C@@H]2Cn3c(ccc(-c4ccccc4)c3=O)[C@H]1[C@H]([C@@H]2CO)C(=O)NCc1ccccn1'],,,,,
12600,BRD-K93410778,['54649564'],['CO[C@H]1CC[C@@H]2CCOc3c(cccc3C(=O)N(C)CC3(CCCCC3)CC(=O)N(C)C[C@H]1O2)C#N'],,,,,
12601,BRD-K93410934,['54629097'],['C[C@@H](CO)N1C[C@H](C)[C@H](CN(C)S(=O)(=O)c2ccc(F)cc2)Oc3cc(ccc3S1(=O)=O)C4=CCCC4'],,,,,
12602,BRD-K93411257,['60185163'],['CCCC(=O)N1C[C@]2(CN(Cc3nccs3)C2)c2c([nH]c3cc(OC)ccc23)[C@@H]1CO'],,,,,
12603,BRD-K93413915,['60189843'],['CCC(=O)N1CC2(C1)[C@@H]([C@@H](CO)N2C(C)=O)c1ccc(cc1)-c1ccccc1OC'],,,,,
12604,BRD-K93419974,['71759741'],['COc1ccc2c3c([C@H](CO)N(Cc4ccccc4)C[C@]33CN(C3)S(=O)(=O)c3ccc(C)cc3)n(C)c2c1'],,,,,
12605,BRD-K93443135,['24747343'],['Cc1noc(C)c1c2ccc3ncnc(O)c3c2'],,,,,
12606,BRD-K93445052,['44489515'],['COc1ccc(CN(C)C[C@@H]2Oc3ccc(NC(=O)Cn4cnnn4)cc3C(=O)N(C[C@H]2C)[C@H](C)CO)cc1'],,,,,
12607,BRD-K93450738,['54631927'],['CO[C@H]1CN(C)C(=O)c2ccc(NC(=O)C3CCC3)cc2OC[C@@H](C)N(CC2CCCCC2)C[C@@H]1C'],,,,,
12608,BRD-K93459801,['54637775'],['C[C@H](CO)N1C[C@@H](C)[C@@H](CN(C)C(=O)[C@H]2CCCN2C)OCc3ccccc3-c4ccccc4C1=O'],,,,,
12609,BRD-K93468393,['54646397'],['OC[C@H]1O[C@@H](CC(=O)NCCc2ccccc2)C[C@@H]3[C@H]1Oc4ccc(NC(=O)C5CCC5)cc34'],,,,,
12610,BRD-K93473872,['44505780'],['CC(C)OC(=O)N(C)C[C@H]1OCc2cn(CCCC(=O)N(C[C@@H]1C)[C@@H](C)CO)nn2'],,,,,
12611,BRD-K93487374,['54657996'],['CN1CCN(CC1)C(=O)C[C@H]1CC[C@@H]2[C@H](COC[C@@H](O)CN2S(=O)(=O)c2ccccc2C)O1'],,,,,
12612,BRD-K93510852,['54638556'],['OC[C@H]1O[C@@H](CC(=O)NCc2cccc(F)c2)CC[C@H]1NC(=O)CN1CCOCC1'],,,,,
12613,BRD-K93525097,['54638842'],['OC[C@H]1O[C@@H](CCn2cc(nn2)-c2ccccc2F)CC[C@@H]1NC(=O)c1ccc2OCOc2c1'],,,,,
12614,BRD-K93538891,['54652523'],['OC[C@H]1[C@H]2[C@H](CN(C(=O)Cc3ccccc3)c3ccccc23)N1C(=O)c1cccc(F)c1'],,,,,
12615,BRD-K93541117,['610696'],['CCCCCCN1CCN(CC1)c2cccc(Cl)c2'],,,,,
12616,BRD-K93545352,['54618518'],['COc1ccc(C#Cc2ccc3c(O[C@@H](CN(C)C(=O)CN4CCOCC4)[C@H](C)CN([C@H](C)CO)S3(=O)=O)c2)cc1'],,,,,
12617,BRD-K93549834,['54618435'],['CCCC#Cc1ccc2c(O[C@H](CN(C)C(=O)Nc3ccccc3F)[C@H](C)CN([C@H](C)CO)S2(=O)=O)c1'],,,,,
12618,BRD-K93569571,['54639139'],['OC[C@@H]1O[C@H](CC(=O)Nc2ccc(cc2)-c2ccccc2)CC[C@@H]1NC(=O)Cc1cccnc1'],,,,,
12619,BRD-K93570498,['54651483'],['OC[C@H]1[C@@H]([C@@H](CNC(=O)NC2CCCC2)N1C(=O)C1CC1)c1ccccc1'],,,,,
12620,BRD-K93577185,['44485822'],['CC(C)NC(=O)N(C)C[C@H]1OCCCC[C@@H](C)Oc2ccc(NC(=O)CCCN(C)C)cc2C(=O)N(C[C@@H]1C)[C@@H](C)CO'],,,,,
12621,BRD-K93578426,['44507158'],['C[C@H](CO)N1C[C@H](C)[C@@H](CN(C)Cc2ccc(cc2)C(=O)Nc3ccccc3N)Oc4c(NC(=O)c5ccc(cc5)c6nccs6)cccc4C1=O'],,,,,
12622,BRD-K93584503,['54650001'],['COCC#Cc1ccc(cc1)[C@H]1[C@@H](CO)N([C@@H]1C#N)C(=O)Cc1ccccc1'],,,,,
12623,BRD-K93594354,['54651181'],['OC[C@H]1N(Cc2ccccn2)[C@@H](CN(C)S(C)(=O)=O)[C@@H]1c1ccccc1'],,,,,
12624,BRD-K93596678,['60184927'],['CCS(=O)(=O)N1C[C@@]2(C1)CN(Cc1cc(F)ccc1F)[C@H](CO)c1c2c2ccc(OC)cc2n1C'],,,,,
12625,BRD-K93602295,['54649562'],['CO[C@@H]1CC[C@@H]2CCOc3c(cccc3C(=O)N(C)CC3(CCCCC3)CC(=O)N(C)C[C@H]1O2)C#N'],,,,,
12626,BRD-K93605482,['44490363'],['C[C@@H](CO)N1C[C@@H](C)[C@H](CN(C)C(=O)CCC(F)(F)F)OCCCC[C@H](C)Oc2ccc(NS(=O)(=O)c3ccccc3)cc2C1=O'],,,,,
12627,BRD-K93610587,['44500987'],['CC(C)NC(=O)Nc1ccc2O[C@@H](CN(C)Cc3ccc4OCOc4c3)[C@H](C)CN([C@H](C)CO)C(=O)Cc2c1'],,,,,
12628,BRD-K93612606,['54645910'],['CS(=O)(=O)Nc1ccc2O[C@H]3[C@H](C[C@@H](CC(=O)NCCc4ccccc4)O[C@H]3CO)c2c1'],,,,,
12629,BRD-K93620106,['60190173'],['CCS(=O)(=O)N1CC2(C1)[C@H]([C@@H](CO)N2C(=O)c1ccccc1)c1ccccc1'],,,,,
12630,BRD-K93623501,['60138100'],['CC(=O)Nc1sc2CNCCc2c1-c1cc2ccccc2o1'],,,,,
12631,BRD-K93623754,['6404603'],['COc1nc(nnc1c2ccccc2)c3ccccc3'],,,,,
12632,BRD-K93653328,['54654382'],['CC(C)NC(=O)Nc1ccc2OC[C@H]3O[C@@H](CC(=O)NCc4ccc(F)cc4)CC[C@@H]3N(C)C(=O)c2c1'],,,,,
12633,BRD-K93657737,['54637983'],['CC(C)[C@@H](C)NC(=O)N(C)C[C@@H]1OCc2ccccc2-c3ccccc3C(=O)N(C[C@@H]1C)[C@H](C)CO'],,,,,
12634,BRD-K93662714,['54666447'],['COCC#Cc1ccc(cc1)[C@@H]1[C@H](CO)N2CCCCN(C[C@H]12)C(=O)NC1CCCC1'],,,,,
12635,BRD-K93666423,['54661350'],['OC[C@H]1[C@@H]2Cn3c(ccc(-c4cccnc4)c3=O)[C@H]([C@@H]1C(=O)NCC1CC1)N2C(=O)C1CC1'],,,,,
12636,BRD-K93667957,['54646086'],['OC[C@H]1O[C@@H](CC(=O)NCc2ccccn2)C[C@@H]3[C@H]1Oc4ccc(NC(=O)C5CCC5)cc34'],,,,,
12637,BRD-K93672121,['54632052'],['CCCNC(=O)Nc1ccc2OC[C@H](C)NC[C@@H](C)[C@@H](CN(C)C(=O)c2c1)OC'],,,,,
12638,BRD-K93672499,['44496893'],['CC(C)NC(=O)N(C)C[C@@H]1OCCCC[C@@H](C)Oc2ccc(NC(=O)C3CCCCC3)cc2C(=O)N(C[C@@H]1C)[C@@H](C)CO'],,,,,
12639,BRD-K93679872,['54660951'],['CC(=O)N1[C@H]([C@H](CO)[C@H]2Cn3c(ccc(-c4cncnc4)c3=O)[C@@H]12)C(=O)NCc1ccccc1Cl'],,,,,
12640,BRD-K93680063,['54661111'],['CCCN1[C@@H]2Cn3c(ccc(C4=CCCCC4)c3=O)[C@H]1[C@H]([C@@H]2CO)C(=O)N1CCc2ccccc2C1'],,,,,
12641,BRD-K93681700,['54661161'],['CN(C)C(=O)c1cccc(c1)-c1ccc2[C@H]3[C@H]([C@H](CO)[C@@H](Cn2c1=O)N3C)C(=O)NCC(F)(F)F'],,,,,
12642,BRD-K93685415,['60190973'],['COc1ccccc1NC(=O)N1C[C@H]2[C@@H]([C@H](CO)N2C(=O)C1)c1ccc(cc1)C#CC(C)C'],,,,,
12643,BRD-K93685980,['60185172'],['CN(C)C(=O)c1ccc(cc1)-c1ccc(cc1)[C@@H]1[C@H]2CN(C[C@@H]1N2)C(=O)C1CCC1'],,,,,
12644,BRD-K93691156,['54646435'],['CCCNC(=O)C[C@H]1C[C@H]2[C@H](Oc3ccc(NC(=O)COC)cc23)[C@@H](CO)O1'],,,,,
12645,BRD-K93713304,['54638938'],['OC[C@H]1O[C@H](CC(=O)NC2CCC2)C=C[C@H]1NC(=O)C1CC1'],,,,,
12646,BRD-K93720819,['44489378'],['C[C@H](CO)N1C[C@H](C)[C@@H](CN(C)S(=O)(=O)C)Oc2ccc(NC(=O)CCCN(C)C)cc2C1=O'],,,,,
12647,BRD-K93730701,['54650046'],['CN(C)C(=O)c1cccc(c1)-c1ccc(cc1)[C@H]1[C@H](CO)N([C@H]1C#N)C(=O)C1CC1'],,,,,
12648,BRD-K93736495,['54661435'],['COC(=O)[C@H]1[C@H](CO)[C@H]2Cn3c(ccc(-c4cccnc4)c3=O)[C@H]2N1Cc1cccc(F)c1'],,,,,
12649,BRD-K93738295,['54637667'],['CO[C@@H](C(=O)N(C)C[C@H]1OCc2ccccc2-c3c(C(=O)N(C[C@H]1C)[C@@H](C)CO)n(C)c4ccccc34)c5ccccc5'],,,,,
12650,BRD-K93744771,['54631775'],['CO[C@H]1CN(C)C(=O)c2cc(NS(=O)(=O)CC(F)(F)F)ccc2OC[C@@H](C)N(CC2CCCCC2)C[C@@H]1C'],,,,,
12651,BRD-K93754181,['54654154'],['CCCNC(=O)C[C@@H]1CC[C@H]2[C@@H](COc3ccc(NC(=O)c4ccc5OCOc5c4)cc3C(=O)N2C)O1'],,,,,
12652,BRD-K93760529,['9551594'],['CCOc1ccccc1CNCCN2CCOCC2'],,,,,
12653,BRD-K93763244,['54646076'],['CN1CCN(CC1)C(=O)C[C@@H]2C[C@H]3[C@H](Oc4ccc(NS(=O)(=O)C)cc34)[C@@H](CO)O2'],,,,,
12654,BRD-K93763482,['54638893'],['C[C@H](NC(=O)C[C@@H]1CC[C@@H](NC(=O)c2cccnc2)[C@@H](CO)O1)c1ccccc1'],,,,,
12655,BRD-K93774845,['44492156'],['C[C@H](CO)N1C[C@H](C)[C@@H](CN(C)C)Oc2ccc(NC(=O)Nc3ccccc3)cc2C1=O'],,,,,
12656,BRD-K93779718,['44496449'],['CC(C)NC(=O)Nc1ccc2O[C@@H](C)CCCCO[C@@H](CN(C)C(=O)C3CCCCC3)[C@@H](C)CN([C@H](C)CO)C(=O)c2c1'],,,,,
12657,BRD-K93800099,['60190995'],['OC[C@H]1[C@H]([C@H]2CN(CC(=O)N12)C(=O)Cc1ccccn1)c1ccc(cc1)C#CCC1CCCC1'],,,,,
12658,BRD-K93841862,['54651380'],['CCC(=O)N1[C@@H](CO)[C@@H]([C@@H]1CN(C(C)C)S(C)(=O)=O)c1ccccc1'],,,,,
12659,BRD-K93845141,['54669316'],['OC[C@H]1[C@H]([C@@H]2CN(CC3CCOCC3)CCCCN12)c1ccc(cc1)-c1cccnc1'],,,,,
12660,BRD-K93852877,['54657576'],['O[C@H]1COC[C@@H]2O[C@@H](CC(=O)NCCCN3CCOCC3)CC[C@H]2N(C1)C(=O)c1ccccc1'],,,,,
12661,BRD-K93859331,['15760'],['Cc1ccc2[nH]cc(CCN)c2c1'],,,,,
12662,BRD-K93875449,['24747191'],['Cn1nc(Cc2cccc3ccccc23)c(C#N)c1N'],,,,,
12663,BRD-K93880770,['54657761'],['O[C@H]1COC[C@H]2O[C@@H](CC(=O)NCC3CCCCC3)CC[C@@H]2N(C1)C(=O)Nc1ccc(Cl)cc1'],,,,,
12664,BRD-K93885794,['54664833'],['CN1[C@H](CO)[C@@H]2CCN([C@@H]2c2cc(ccc12)-c1ccc(cc1)C#N)S(=O)(=O)c1ccc(C)cc1'],,,,,
12665,BRD-K93896332,['54650045'],['CN(C)C(=O)c1cccc(c1)-c1ccc(cc1)[C@@H]1[C@H](CO)N([C@@H]1C#N)C(=O)C1CC1'],,,,,
12666,BRD-K93899689,['743143'],['OC(=O)CCNC(=O)c1cncc(Br)c1'],,,,,
12667,BRD-K93906979,['54661021'],['CN1[C@H]([C@H](CO)[C@H]2Cn3c(ccc(-c4ccccc4)c3=O)[C@@H]12)C(=O)N1CCc2ccccc2C1'],,,,,
12668,BRD-K93944867,['54666641'],['OC[C@@H]1[C@H]([C@H]2CN(Cc3cncnc3)CCCCN12)c1ccc(cc1)-c1ccccc1F'],,,,,
12669,BRD-K93946290,['60185178'],['COc1ccc2c3c([C@@H](CO)N(C[C@]33CCN(CC4CCOCC4)CC3)C(=O)NC(C)C)n(C)c2c1'],,,,,
12670,BRD-K93971021,['54615018'],['C[C@H](CO)N1C[C@H](C)[C@@H](CN(C)C(=O)c2ccccc2)OCCCC[C@H](C)Oc3ccc(NC(=O)c4ccccc4)cc3C1=O'],,,,,
12671,BRD-K93975822,['44142065'],['COc1cccc(c1)c2ccc3ncnc(NCc4cc(C)cs4)c3c2'],,,,,
12672,BRD-K93986444,['54632103'],['CO[C@@H]1CN(C)C(=O)c2ccc(NC(=O)Nc3c(C)noc3C)cc2OC[C@H](C)N(CC2CC2)C[C@@H]1C'],,,,,
12673,BRD-K93994036,['44495995'],['C[C@H](CO)N1C[C@@H](C)[C@@H](CN(C)Cc2ccncc2)OCCCC[C@H](C)Oc3ccc(NC(=O)c4ccncc4)cc3C1=O'],,,,,
12674,BRD-K93996655,['54651187'],['CCN(C[C@H]1[C@@H]([C@H](CO)N1C(=O)CC)c1ccccc1)C(=O)c1cccc(F)c1'],,,,,
12675,BRD-K94003664,['60184858'],['Fc1ccc(cc1)-c1ccc(cc1)[C@@H]1[C@H]2CN(C[C@@H]1N2)C(=O)Cc1ccncc1'],,,,,
12676,BRD-K94014921,['60191029'],['COc1ccc(cc1)C#Cc1ccc(cc1)[C@H]1[C@H](CO)N2[C@@H]1CN(CC2=O)C(=O)NC(C)C'],,,,,
12677,BRD-K94017308,['60192241'],['CCCNC(=O)N1CC2(C1)[C@@H]([C@H](CO)N2CC1CCOCC1)c1ccccc1'],,,,,
12678,BRD-K94025757,['54639160'],['OC[C@@H]1O[C@@H](CC(=O)NCc2ccccc2Cl)CC[C@@H]1NC(=O)C1CCOCC1'],,,,,
12679,BRD-K94029810,['54657701'],['CCNC(=O)C[C@@H]1CC[C@@H]2[C@H](COC[C@@H](O)CN2C(=O)c2ccccn2)O1'],,,,,
12680,BRD-K94032641,['54637919'],['C[C@@H](CO)N1C[C@@H](C)[C@@H](CN(C)C(=O)Nc2ccc(F)cc2)OCc3ccccc3-c4c(C1=O)n(C)c5ccccc45'],,,,,
12681,BRD-K94034047,['54619034'],['C[C@@H](CO)N1C[C@H](C)[C@H](CN(C)C(=O)Nc2cc(F)ccc2F)Oc3cc(C#CC4CCCC4)ccc3S1(=O)=O'],,,,,
12682,BRD-K94035551,['1246750'],['Brc1ccccc1CNC(=O)c1cccs1'],,,,,
12683,BRD-K94064112,['54651252'],['COCC(=O)NC[C@H]1[C@H]([C@@H](CO)N1C(=O)c1ccccc1)c1ccccc1'],,,,,
12684,BRD-K94067270,['54650172'],['C\\C=C\\c1ccc(cc1)[C@@H]1[C@H](CO)N([C@@H]1C#N)C(=O)c1cccnc1'],,,,,
12685,BRD-K94074846,['54666633'],['OC[C@@H]1[C@H]([C@@H]2CN(CCCCN12)S(=O)(=O)c1ccccc1)c1ccc(cc1)C#CC1CCCC1'],,,,,
12686,BRD-K94109647,['44486640'],['C[C@@H](CO)N1C[C@@H](C)[C@@H](CN(C)Cc2ccc(Cl)c(Cl)c2)Oc3ccc(NC(=O)CCC(F)(F)F)cc3C1=O'],,,,,
12687,BRD-K94114461,['60184942'],['COc1ccc2c3c([C@@H](CO)N(C[C@]33CN(C3)C(=O)Cc3ccncc3)C(=O)Nc3ccc(F)cc3)n(C)c2c1'],,,,,
12688,BRD-K94116832,['54631690'],['CO[C@@H]1CN(C)C(=O)c2cc(NC(=O)Nc3ccccc3)ccc2OC[C@@H](C)N(C[C@@H]1C)C(=O)CC1CC1'],,,,,
12689,BRD-K94136966,['54645801'],['COC(=O)C[C@@H]1C[C@H]2[C@H](Oc3ccc(NC(=O)c4ccc5OCOc5c4)cc23)[C@@H](CO)O1'],,,,,
12690,BRD-K94154731,['71758843'],['CCCNC(=O)N1C[C@@]2(C1)CN([C@H](CO)c1[nH]c3cc(OC)ccc3c21)C(=O)CN1CCOCC1'],,,,,
12691,BRD-K94157828,['44505728'],['COc1ccc(cc1)S(=O)(=O)N(C)C[C@@H]2OCc3cnnn3CCCC(=O)N(C[C@H]2C)[C@H](C)CO'],,,,,
12692,BRD-K94158209,['70372'],['COc1cc(CC(O)=O)cc(OC)c1OC'],,,,,
12693,BRD-K94159777,['54666613'],['COc1ccc(cc1)-c1ccc(cc1)[C@@H]1[C@@H](CO)N2CCCCN(C[C@H]12)C(=O)Cc1ccncc1'],,,,,
12694,BRD-K94161851,['54637996'],['C[C@H](CO)N1C[C@H](C)[C@H](CN(C)S(=O)(=O)c2ccccc2F)OCc3ccccc3-c4c(C1=O)n(C)c5ccccc45'],,,,,
12695,BRD-K94169505,['60184852'],['O=C(N1C[C@H]2N[C@@H](C1)[C@@H]2c1ccc(cc1)-c1cccc(c1)C#N)c1ccc2OCOc2c1'],,,,,
12696,BRD-K94172147,['54638555'],['OC[C@@H]1O[C@@H](CC(=O)NCc2cccc(F)c2)CC[C@@H]1NC(=O)CN1CCOCC1'],,,,,
12697,BRD-K94177318,['54638800'],['Cc1ccc(cc1)S(=O)(=O)NCC[C@@H]1CC[C@H](NC(=O)CC2CC2)[C@@H](CO)O1'],,,,,
12698,BRD-K94193354,['44492636'],['CC(C)NC(=O)N(C)C[C@@H]1OCCCC[C@H](C)Oc2ccc(NC(=O)Nc3ccccc3)cc2C(=O)N(C[C@@H]1C)[C@H](C)CO'],,,,,
12699,BRD-K94198920,['54631718'],['COCC(=O)N1C[C@@H](C)[C@@H](CN(C)C(=O)c2ccc(NC(=O)c3ccc(OC)cc3)cc2OC[C@H]1C)OC'],,,,,
12700,BRD-K94200504,['60189928'],['CCS(=O)(=O)N1C[C@@]2(C1)CN([C@H](CO)c1c2c2ccc(OC)cc2n1C)C(=O)c1ccc(F)cc1'],,,,,
12701,BRD-K94206926,['54631590'],['CO[C@@H]1CN(C)C(=O)c2cc(NS(=O)(=O)c3c(C)noc3C)ccc2OC[C@@H](C)NC[C@@H]1C'],,,,,
12702,BRD-K94217081,['54649590'],['CO[C@@H]1CC[C@@H]2CCOc3c(cccc3C(=O)N(C)[C@H](C)C(=O)N(C)C[C@@H]1O2)C#N'],,,,,
12703,BRD-K94222931,['54657519'],['O[C@@H]1COC[C@H]2O[C@@H](CC(=O)NCC3CCCCC3)CC[C@@H]2N(CCC(F)(F)F)C1'],,,,,
12704,BRD-K94223259,['54631821'],['CO[C@H]1CN(C)C(=O)c2cc(NC(C)=O)ccc2OC[C@H](C)N(C[C@H]1C)C(=O)c1cnccn1'],,,,,
12705,BRD-K94224651,['54637815'],['C[C@H](CO)N1C[C@@H](C)[C@@H](CN(C)C(=O)N[C@@H](C)c2ccccc2)OCc3ccccc3-c4ccccc4C1=O'],,,,,
12706,BRD-K94241935,['54639115'],['Cc1ccc(cc1)S(=O)(=O)N[C@H]1CC[C@@H](CCNC(=O)c2ccccc2F)O[C@@H]1CO'],,,,,
12707,BRD-K94243176,['54658081'],['CCCNC(=O)N1C[C@H](O)COC[C@H]2O[C@H](CC(=O)N[C@H]3CCN(Cc4ccccc4)C3)CC[C@H]12'],,,,,
12708,BRD-K94250811,['60185217'],['COc1ccc2c3c([nH]c2c1)[C@@H](CO)N(C[C@]31CCN(CC1)C(=O)NC(C)C)C(=O)c1ccc(F)cc1'],,,,,
12709,BRD-K94253269,['60191300'],['CN(C)C(=O)c1ccc(cc1)-c1ccc(cc1)[C@@H]1[C@H](CO)N2[C@@H]1CN(CC2=O)C(=O)CC1CC1'],,,,,
12710,BRD-K94263505,['44486976'],['COc1ccccc1CN(C)C[C@H]2OCc3cn(CCCC(=O)N(C[C@@H]2C)[C@H](C)CO)nn3'],,,,,
12711,BRD-K94274196,['54666470'],['C[C@H](O)C#Cc1ccc(cc1)[C@H]1[C@@H](CO)N2CCCCN(C[C@H]12)C(=O)c1ccc2OCOc2c1'],,,,,
12712,BRD-K94287906,['25105719'],['O=C(NCc1cccc2ccsc12)c3cccs3'],,,,,
12713,BRD-K94293090,['54654496'],['CN1[C@H]2CC[C@@H](CC(=O)Nc3cn(C)nc3C)O[C@@H]2COc2ccc(NC(=O)C3CCOCC3)cc2C1=O'],,,,,
12714,BRD-K94296811,['44820562'],['CCCCN(CCCNC(=S)NCCCc1c[nH]cn1)c1ccc(Br)cn1'],,,,,
12715,BRD-K94300226,['54638691'],['OC[C@@H]1O[C@@H](CC(=O)N2CCc3ccccc3C2)CC[C@H]1NC(=O)Nc1cc(F)ccc1F'],,,,,
12716,BRD-K94304934,['5370029'],['O=C1NC(=O)/C(=C/c2ccco2)/N1'],,,,,
12717,BRD-K94317551,['54639017'],['OC[C@@H]1O[C@H](CC(=O)NCC2CC2)CC[C@H]1NC(=O)C1CCC1'],,,,,
12718,BRD-K94348552,['56835410'],['C[C@H](CO)N1C[C@H](C)[C@@H](CN(C)C(=O)Nc2ccc3OCOc3c2)OCc4ccccc4-c5c(C1=O)n(C)c6ccccc56'],,,,,
12719,BRD-K94352392,['44490907'],['C[C@@H](CO)N1C[C@H](C)[C@@H](CN(C)C(=O)Nc2ccccc2)OCCCC[C@@H](C)Oc3ccc(NC(=O)CCC(F)(F)F)cc3C1=O'],,,,,
12720,BRD-K94373167,['54651394'],['C\\C=C\\c1ccc(cc1)[C@H]1[C@@H](CO)N([C@H]1CN(C)C(=O)CC1CC1)C(=O)C1CC1'],,,,,
12721,BRD-K94373667,['54654397'],['COc1ccc(cc1)C(=O)Nc1ccc2OC[C@H]3O[C@H](CC(=O)NCC4CC4)CC[C@@H]3N(C)C(=O)c2c1'],,,,,
12722,BRD-K94381355,['25243744'],['Fc1cccc(F)c1S(=O)(=O)C2CCN(CC2)S(=O)(=O)c3ccc4OCCOc4c3'],,,,,
12723,BRD-K94385551,['54652447'],['COc1ccccc1CN1[C@@H](CO)[C@H]2[C@@H]1CN(C(=O)C1CCCCC1)c1ccccc21'],,,,,
12724,BRD-K94390040,['53338824'],['Brc1ccc(cc1)-c1csc(n1)N1CCC(CC1)C(=O)N1CCNCC1'],,,,,
12725,BRD-K94390294,['54631868'],['CCS(=O)(=O)Nc1ccc2OC[C@H](C)N(CCC(F)(F)F)C[C@H](C)[C@H](CN(C)C(=O)c2c1)OC'],,,,,
12726,BRD-K94393882,['60184856'],['COc1cccc(CN2[C@H]3CNC[C@@H]2[C@H]3c2ccc(cc2)-c2ccccc2C)c1'],,,,,
12727,BRD-K94397824,['60189649'],['COc1ccccc1-c1ccc(cc1)[C@@H]1[C@@H](CO)N(CC2CC2)C11CN(C1)S(C)(=O)=O'],,,,,
12728,BRD-K94412749,['44507239'],['C[C@@H](CO)N1C[C@H](C)[C@@H](CN(C)CC2CC2)Oc3ccc(NC(=O)CCCCCC(=O)Nc4ccccc4N)cc3CC1=O'],,,,,
12729,BRD-K94435288,['44493581'],['C[C@H](CO)N1C[C@H](C)[C@H](CN(C)Cc2ccncc2)OCc3cn(CCCC1=O)nn3'],,,,,
12730,BRD-K94446761,['54646335'],['CN(C)c1ccc2O[C@H]3[C@H](C[C@H](CC(=O)NCCN4CCCCC4)O[C@H]3CO)c2c1'],,,,,
12731,BRD-K94454791,['54639090'],['OC[C@H]1O[C@@H](CC(=O)N2CCC(Cc3ccccc3)CC2)CC[C@@H]1NC(=O)CCN1CCCCC1'],,,,,
12732,BRD-K94479191,['44489808'],['COC(=O)N(C)C[C@H]1OCc2cn(CCCC(=O)N(C[C@H]1C)[C@@H](C)CO)nn2'],,,,,
12733,BRD-K94493764,['23928086'],['COC(=O)c1ccc(O)c2oc3cc(CO)cc(O)c3c(=O)c12'],,,,,
12734,BRD-K94498396,['54658772'],['O[C@H]1COC[C@@H]2O[C@H](CC(=O)N3CCc4ccccc4C3)CC[C@H]2N(Cc2ccc(cc2)C(F)(F)F)C1'],,,,,
12735,BRD-K94501123,['54615058'],['C[C@@H](CO)N1C[C@H](C)[C@H](CN(C)CC2CC2)OCCCC[C@H](C)Oc3ccc(NC(=O)c4ccccc4)cc3C1=O'],,,,,
12736,BRD-K94509791,['54657940'],['O[C@H]1COC[C@H]2O[C@H](CC(=O)NCC3CCCCC3)CC[C@@H]2N(Cc2cccc(Cl)c2)C1'],,,,,
12737,BRD-K94516855,['54651238'],['CCC(=O)N(C)C[C@H]1[C@H]([C@@H](CO)N1C(C)=O)c1ccc(cc1)-c1ccccc1F'],,,,,
12738,BRD-K94544211,['44507263'],['C[C@@H](CO)N1C[C@H](C)[C@@H](CN(C)Cc2ccc(cc2)c3ccccc3)Oc4ccc(NC(=O)CCCCCC(=O)Nc5ccccc5N)cc4CC1=O'],,,,,
12739,BRD-K94554079,['54646150'],['CN(C)c1ccc2O[C@H]3[C@H](C[C@H](CC(=O)NCCc4ccccc4)O[C@@H]3CO)c2c1'],,,,,
12740,BRD-K94557542,['54654481'],['CN1[C@@H]2CC[C@@H](CC(O)=O)O[C@@H]2COc2ccc(NC(=O)Nc3ccccc3)cc2C1=O'],,,,,
12741,BRD-K94572506,['6403456'],['Cn1c2ccccc2c3nnc(SCC(=O)c4ccc(Cl)cc4)nc13'],,,,,
12742,BRD-K94575695,['44620240'],['C[C@H](CO)N1C[C@H](C)[C@@H](CN(C)CC2CC2)OCCCC[C@@H](C)Oc3ccc(NC(=O)Nc4ccc5OCOc5c4)cc3C1=O'],,,,,
12743,BRD-K94579454,['54631788'],['CO[C@H]1CN(C)C(=O)c2cc(NC(=O)c3cccc(OC)c3)ccc2OC[C@H](C)N(CCc2ccccc2)C[C@H]1C'],,,,,
12744,BRD-K94580036,['56643202'],['Cc1ccc(NS(=O)(=O)c2ccc3NC(=O)CCc3c2)cc1'],,,,,
12745,BRD-K94585132,['60191152'],['COc1ccc(cc1)-c1ccc(cc1)[C@H]1[C@@H](CO)N2[C@H]1CN(Cc1ccccc1)CC2=O'],,,,,
12746,BRD-K94616516,['44495742'],['C[C@@H](CO)N1C[C@H](C)[C@@H](CN(C)Cc2ccc(Cl)c(Cl)c2)Oc3c(NS(=O)(=O)C)cccc3C1=O'],,,,,
12747,BRD-K94633563,['44619469'],['C[C@@H](CO)N1C[C@@H](C)[C@H](CN(C)Cc2ccc(Cl)c(Cl)c2)Oc3ccc(NC(=O)Cc4cn(C)c5ccccc45)cc3CC1=O'],,,,,
12748,BRD-K94643104,['44495968'],['C[C@H](CO)N1C[C@@H](C)[C@H](CN(C)Cc2ccc3N(C)CCOc3c2)OCc4cnnn4CCCC1=O'],,,,,
12749,BRD-K94646939,['54657926'],['O[C@H]1COC[C@@H]2O[C@@H](CC(=O)NC3CCC3)CC[C@H]2N(C1)C(=O)Nc1ccc(Cl)c(Cl)c1'],,,,,
12750,BRD-K94655951,['54650047'],['CN(C)C(=O)c1cccc(c1)-c1ccc(cc1)[C@@H]1[C@@H](CO)N([C@@H]1C#N)C(=O)C1CC1'],,,,,
12751,BRD-K94669078,['54631518'],['CO[C@H]1CN(C)C(=O)c2cc(NC(=O)Nc3c(C)noc3C)ccc2OC[C@H](C)N(CCC(F)(F)F)C[C@@H]1C'],,,,,
12752,BRD-K94672699,['44485050'],['C[C@@H](CO)N1C[C@H](C)[C@@H](CN(C)C(=O)C2CC2)OCc3cn(CCCC1=O)nn3'],,,,,
12753,BRD-K94676520,['54654604'],['CN1[C@@H]2CC[C@@H](CC(=O)NCCc3ccncc3)O[C@@H]2COc2ccc(NC(=O)Cc3cccs3)cc2C1=O'],,,,,
12754,BRD-K94688728,['54638491'],['C[C@@H](NC(=O)C[C@@H]1CC[C@@H](NS(=O)(=O)c2cccc(F)c2)[C@H](CO)O1)c1ccccc1'],,,,,
12755,BRD-K94690761,['54638330'],['OC[C@H]1O[C@@H](CCn2cc(Cc3ccccc3)nn2)CC[C@@H]1NS(=O)(=O)c1ccccc1F'],,,,,
12756,BRD-K94694331,['54645990'],['OC[C@@H]1O[C@@H](CC(=O)N2CCc3ccccc3C2)C[C@@H]4[C@H]1Oc5ccc(NS(=O)(=O)c6ccc(F)cc6)cc45'],,,,,
12757,BRD-K94708051,['54657815'],['O[C@H]1CN[C@H]2CC[C@H](CC(=O)NCCc3ccncc3)O[C@@H]2COC1'],,,,,
12758,BRD-K94711641,['54638945'],['OC[C@@H]1O[C@H](CC(=O)NC2CCC2)C=C[C@H]1NC(=O)C1CC1'],,,,,
12759,BRD-K94715393,['54660869'],['CN1[C@@H]2Cn3c(ccc(-c4ccncc4)c3=O)[C@H]1[C@H]([C@@H]2CO)C(=O)N1CCC(Cc2ccccc2)CC1'],,,,,
12760,BRD-K94719962,['60182680'],['OC[C@H]1N[C@H](CNC(=O)C2CCC2)[C@H]1c1ccc(cc1)-c1cccc(c1)C#N'],,,,,
12761,BRD-K94725447,['54615628'],['C[C@@H](CO)N1C[C@@H](C)[C@@H](CN(C)C(=O)Nc2ccc(cc2)C(F)(F)F)OCCCC[C@@H](C)Oc3ccc(NC(=O)Nc4cccc5ccccc45)cc3C1=O'],,,,,
12762,BRD-K94726713,['54638426'],['CN(C)CCCNC(=O)C[C@H]1O[C@@H](CO)[C@@H](NC(=O)Nc2c(C)noc2C)C=C1'],,,,,
12763,BRD-K94734308,['60189888'],['CC(=O)N1CC2(C1)[C@@H]([C@@H](CO)N2CCC(F)(F)F)c1ccc(cc1)-c1cccc(c1)C#N'],,,,,
12764,BRD-K94740841,['60189682'],['COc1ccc(NC(=O)N2CC[C@@]3(CC2)CN([C@@H](CO)c2c3c3ccc(OC)cc3n2C)C(=O)C2CCC2)cc1'],,,,,
12765,BRD-K94765019,['54638275'],['Cn1cnc(c1)S(=O)(=O)N[C@@H]1CC[C@H](CC(=O)NCC2CCCCC2)O[C@@H]1CO'],,,,,
12766,BRD-K94766424,['54632090'],['CCCNC(=O)Nc1ccc2OC[C@@H](C)NC[C@H](C)[C@H](CN(C)C(=O)c2c1)OC'],,,,,
12767,BRD-K94766884,['54618840'],['C[C@H](CO)N1C[C@@H](C)[C@H](CN(C)Cc2ccncc2)Oc3cc(C#CCN(C)C)ccc3S1(=O)=O'],,,,,
12768,BRD-K94778363,['54646620'],['OC[C@@H]1O[C@H](CC(=O)NCc2cccnc2)C[C@H]3[C@@H]1Oc4ccc(NC(=O)c5ccc6OCOc6c5)cc34'],,,,,
12769,BRD-K94781393,['54650180'],['OC[C@@H]1N[C@@H](C#N)[C@H]1c1ccc(cc1)C#Cc1ccccc1F'],,,,,
12770,BRD-K94797630,['54654003'],['COc1cccc(NC(=O)C[C@H]2CC[C@H]3[C@@H](COc4ccc(NC(=O)C5CCOCC5)cc4C(=O)N3C)O2)c1'],,,,,
12771,BRD-K94809766,['54615038'],['C[C@@H](CO)N1C[C@@H](C)[C@H](CN(C)C(=O)c2ccncc2)OCCCC[C@@H](C)Oc3ccc(NC(=O)c4ccncc4)cc3C1=O'],,,,,
12772,BRD-K94818765,['695345'],['S=c1[nH]nc(c2cccnc2)n1C3CCCCC3'],,,,,
12773,BRD-K94823396,['54660910'],['OC[C@@H]1[C@H]2Cn3c(ccc(-c4ccncc4)c3=O)[C@@H]([C@H]1C(O)=O)N2C(=O)C1CC1'],,,,,
12774,BRD-K94834134,['44505401'],['C[C@H](CO)N1C[C@@H](C)[C@H](CN(C)C(=O)Oc2cccc3ccccc23)OCc4cnnn4CCCC1=O'],,,,,
12775,BRD-K94843767,['54646105'],['OC[C@H]1O[C@@H](CC(=O)O)C[C@H]2[C@@H]1Oc3ccc(NC(=O)Nc4ccc(cc4)C(F)(F)F)cc23'],,,,,
12776,BRD-K94846015,['54654066'],['COC(=O)C[C@@H]1CC[C@@H]2[C@@H](COc3ccc(NS(=O)(=O)c4ccc(F)cc4)cc3C(=O)N2C)O1'],,,,,
12777,BRD-K94878334,['54646198'],['COC(=O)C[C@@H]1C[C@@H]2[C@@H](Oc3ccc(NC(=O)Nc4ccccc4)cc23)[C@@H](CO)O1'],,,,,
12778,BRD-K94882528,['54618608'],['COc1cccc(c1)S(=O)(=O)N(C)C[C@H]2Oc3cc(ccc3S(=O)(=O)N(C[C@H]2C)[C@H](C)CO)C4=CCCCC4'],,,,,
12779,BRD-K94889220,['54631667'],['COCC(=O)Nc1ccc2c(OC[C@H](C)N(CC3CC3)C[C@@H](C)[C@H](CN(C)C2=O)OC)c1'],,,,,
12780,BRD-K94913400,['54639033'],['OC[C@@H]1O[C@H](CCn2cc(Cc3ccccc3)nn2)CC[C@H]1NC(=O)Nc1cccc(Cl)c1'],,,,,
12781,BRD-K94915559,['60190074'],['CCS(=O)(=O)N1C[C@@]2(C1)CN([C@H](CO)c1[nH]c3cc(OC)ccc3c21)S(=O)(=O)c1cn(C)cn1'],,,,,
12782,BRD-K94934810,['60184872'],['COc1ccc2c3c([nH]c2c1)[C@@H](CO)NC[C@]31CN(C1)S(=O)(=O)c1cccc(C)c1'],,,,,
12783,BRD-K94983851,['60185055'],['Cc1ccccc1-c1ccc(cc1)[C@H]1[C@H]2CN(Cc3cocn3)C[C@@H]1N2'],,,,,
12784,BRD-K94987138,['6401129'],['CC1CCN(CC1)c2nnc(c3ccc(C)c(C)c3)c4ccccc24'],,,,,
12785,BRD-K94988014,['56835452'],['C[C@H](CO)N1C[C@H](C)[C@@H](CN(C)C(=O)Nc2c(C)noc2C)OCc3ccccc3-c4c(C1=O)n(C)c5ccccc45'],,,,,
12786,BRD-K94991378,['6731789'],['COCCOC(=O)N1C(=O)[C@]2([C@@H]([C@@H]3N([C@@H]2c4ccccc4OCCO)[C@H]([C@H](OC3=O)c5ccccc5)c6ccccc6)C(=O)NCC=C)c7cc(C#CCC(C(=O)OC)C(=O)OC)ccc17'],,,,,
12787,BRD-K94993557,['54666557'],['OC[C@@H]1[C@@H]([C@@H]2CN(CCCCN12)C(=O)c1cccc(F)c1)c1ccc(cc1)C#CC1(O)CCCC1'],,,,,
12788,BRD-K95007304,['60185054'],['COc1ccc(cc1)-c1ccc(cc1)[C@H]1[C@H]2CN(C[C@@H]1N2)C(=O)c1ccc(F)cc1'],,,,,
12789,BRD-K95021846,['54657990'],['CN1CCN(CC1)C(=O)C[C@@H]1CC[C@@H]2[C@H](COC[C@H](O)CN2Cc2cccc(F)c2)O1'],,,,,
12790,BRD-K95033227,['54654148'],['CCCNC(=O)C[C@H]1CC[C@@H]2[C@H](COc3ccc(NC(=O)c4ccc5OCOc5c4)cc3C(=O)N2C)O1'],,,,,
12791,BRD-K95037415,['44142087'],['COc1ccc(cc1OC2CCCC2)C3=Nn4c(nnc4SC3)c5ccccc5OC'],,,,,
12792,BRD-K95041551,['54638892'],['C[C@H](NC(=O)C[C@H]1CC[C@H](NC(=O)c2cccnc2)[C@H](CO)O1)c1ccccc1'],,,,,
12793,BRD-K95042038,['54650030'],['COc1ccccc1-c1ccc(cc1)[C@H]1[C@@H](CO)N[C@H]1C#N'],,,,,
12794,BRD-K95044179,['44492583'],['C[C@H](CO)N1C[C@@H](C)[C@H](CN(C)Cc2ccc(Oc3ccccc3)cc2)OCc4cnnn4CCCC1=O'],,,,,
12795,BRD-K95047050,['60185033'],['COCC(=O)N1C[C@]2(CCN(Cc3cccnc3)CC2)c2c([C@H]1CO)n(C)c1cc(OC)ccc21'],,,,,
12796,BRD-K95047072,['54660871'],['OC[C@H]1[C@@H]2Cn3c(cccc3=O)[C@@H]2N(CCc2ccccc2)[C@@H]1C(=O)NC1CCC1'],,,,,
12797,BRD-K95052025,['60189778'],['COc1ccc2c3c([C@@H](CO)N(C[C@]33CN(C3)C(=O)CC3CC3)C(=O)C3CCCC3)n(C)c2c1'],,,,,
12798,BRD-K95057125,['44487333'],['C[C@H](CO)N1C[C@@H](C)[C@@H](CN(C)Cc2ccc(cc2)C(=O)O)Oc3ccc(NC(=O)C4CC4)cc3C1=O'],,,,,
12799,BRD-K95062171,['54654431'],['CN1[C@@H]2CC[C@@H](CC(=O)N[C@H]3CCN(Cc4ccccc4)C3)O[C@@H]2COc2ccc(NC(=O)Cc3cccs3)cc2C1=O'],,,,,
12800,BRD-K95063618,['60191069'],['CCCNC(=O)N1C[C@H]2[C@@H]([C@@H](CO)N2C(=O)C1)c1ccc(cc1)C#Cc1cccc(OC)c1'],,,,,
12801,BRD-K95074209,['60191073'],['Cc1ccccc1-c1ccc(cc1)[C@@H]1[C@@H](CO)N2[C@H]1CN(CC2=O)C(=O)c1ccncc1'],,,,,
12802,BRD-K95080525,['44142082'],['CN(C)c1ccc(cc1)C(=O)OCC#CCSc2nnc(o2)c3cccc4ccccc34'],,,,,
12803,BRD-K95080859,['23892245'],['Cc1ccccc1/C=N/NC(=O)CCCCCC(=O)O'],,,,,
12804,BRD-K95090559,['44502836'],['C[C@@H](CO)N1C[C@@H](C)[C@@H](CN(C)Cc2ccc(cc2)C(F)(F)F)Oc3ccc(NC(=O)Cc4cn(C)c5ccccc45)cc3CC1=O'],,,,,
12805,BRD-K95117060,['44142107'],['Cc1ccc(F)c(Cn2cnc3n(ncc3c2=O)C(C)(C)C)c1Cl'],,,,,
12806,BRD-K95118263,['572154'],['Nn1c(nc2ccccc2c1=O)C(=O)NCc3cccnc3'],,,,,
12807,BRD-K95133676,['54646138'],['COc1ccccc1CNC(=O)C[C@@H]2C[C@H]3[C@H](Oc4ccc(NC(=O)c5ccc6OCOc6c5)cc34)[C@@H](CO)O2'],,,,,
12808,BRD-K95138368,['54660963'],['CCCNC(=O)[C@H]1[C@H](CO)[C@H]2Cn3c(ccc(\\C=C\\c4ccccc4)c3=O)[C@@H]1N2C(=O)c1ccncc1'],,,,,
12809,BRD-K95138506,['53338817'],['Oc1ccc(CCc2ccccc2)c2cccnc12'],,,,,
12810,BRD-K95142134,['54651413'],['C\\C=C\\c1ccc(cc1)[C@H]1[C@@H](CO)N([C@H]1CN(C)C(=O)c1ccccn1)C(C)=O'],,,,,
12811,BRD-K95146554,['60184950'],['CN(C)CC(=O)N1C[C@@H]2N[C@H](C1)[C@@H]2c1ccc(cc1)-c1ccncc1'],,,,,
12812,BRD-K95149906,['3243424'],['C/C(=C\\1/SC(=NC1=O)N2CCCC2)/c3ccc(Br)cc3'],,,,,
12813,BRD-K95152807,['60190054'],['COc1ccccc1CN1[C@H](CO)[C@@H](c2ccccc2)C11CN(C1)C(=O)Cc1ccccc1'],,,,,
12814,BRD-K95154332,['54657745'],['Cc1cccc(c1)S(=O)(=O)N1C[C@H](O)COC[C@@H]2O[C@H](CC(=O)Nc3ccc(cc3)-c3ccccc3)CC[C@@H]12'],,,,,
12815,BRD-K95168667,['25243778'],['Fc1cccc(F)c1S(=O)(=O)NCC2CN(C2)S(=O)(=O)c3ccc4OCCOc4c3'],,,,,
12816,BRD-K95193599,['44492326'],['CC(C)NC(=O)Nc1ccc2O[C@H](CN(C)S(=O)(=O)C)[C@H](C)CN([C@@H](C)CO)C(=O)c2c1'],,,,,
12817,BRD-K95195947,['54617058'],['C[C@@H](CO)N1C[C@H](C)[C@@H](CN(C)C(=O)CCCN(C)C)OCCCC[C@H](C)Oc2ccc(NC(=O)Nc3ccc(F)cc3)cc2C1=O'],,,,,
12818,BRD-K95196255,['3242434'],['CN1CCN(Cc2cc(COCc3ccccc3)c4cccnc4c2O)CC1'],,,,,
12819,BRD-K95196306,['54637801'],['COc1ccccc1S(=O)(=O)N(C)C[C@H]2OCc3ccccc3-c4ccccc4C(=O)N(C[C@@H]2C)[C@@H](C)CO'],,,,,
12820,BRD-K95204731,['54657956'],['COc1ccccc1NC(=O)N1C[C@@H](O)COC[C@H]2O[C@H](CC(=O)NCCc3ccncc3)CC[C@H]12'],,,,,
12821,BRD-K95241801,['44493837'],['CC(C)NC(=O)Nc1ccc2O[C@H](CN(C)Cc3ccc(cc3)c4ccccc4)[C@H](C)CN([C@H](C)CO)C(=O)c2c1'],,,,,
12822,BRD-K95244186,['54638792'],['OC[C@H]1O[C@@H](CC(=O)N2CCCCC2)C=C[C@@H]1NC(=O)c1ccc2OCOc2c1'],,,,,
12823,BRD-K95246884,['54631603'],['CO[C@H]1CN(C)C(=O)c2cc(NC(C)=O)ccc2OC[C@@H](C)N(C[C@@H]1C)C(=O)c1cnccn1'],,,,,
12824,BRD-K95253417,['4050965'],['OS(=O)(=O)CCN1C(=S)S\\C(=C/c2cn(nc2-c2ccc(OCc3ccccc3)cc2)-c2ccccc2)C1=O'],,,,,
12825,BRD-K95265783,['54639112'],['OC[C@@H]1O[C@H](CC(O)=O)CC[C@H]1NC(=O)c1ccncc1'],,,,,
12826,BRD-K95269843,['54654115'],['CCCC(=O)Nc1ccc2OC[C@@H]3O[C@H](CC(=O)NCc4cccc(F)c4)CC[C@@H]3N(C)C(=O)c2c1'],,,,,
12827,BRD-K95270854,['60190964'],['OC[C@H]1[C@@H]([C@H]2CN(CC(=O)N12)C(=O)c1cnccn1)c1ccc(cc1)-c1cccc(F)c1'],,,,,
12828,BRD-K95273033,['60184959'],['C\\C=C\\c1ccc(cc1)[C@H]1[C@H]2CN(C[C@@H]1N2)C(=O)C1CCC1'],,,,,
12829,BRD-K95275773,['54649554'],['CO[C@@H]1CC[C@@H]2CCOc3c(cccc3C(=O)N(C)CCCC(=O)N(C)C[C@H]1O2)C#N'],,,,,
12830,BRD-K95284932,['54637796'],['COc1ccc(NC(=O)N(C)C[C@@H]2OCc3ccccc3-c4c(C(=O)N(C[C@@H]2C)[C@H](C)CO)n(C)c5ccccc45)c(OC)c1'],,,,,
12831,BRD-K95285735,['54651375'],['CN(C[C@@H]1[C@H]([C@H](CO)N1CC1CC1)c1ccccc1)C(=O)c1cccc(F)c1'],,,,,
12832,BRD-K95286134,['2066730'],['CCCCc1ccc2nc(NC(=O)c3ccco3)sc2c1'],,,,,
12833,BRD-K95286989,['54639110'],['OC[C@H]1O[C@H](CC(O)=O)CC[C@@H]1NC(=O)c1ccncc1'],,,,,
12834,BRD-K95321016,['60191609'],['COCC(=O)N1CC2(C1)[C@@H]([C@H](CO)N2C(=O)C1CC1)c1ccc(cc1)-c1cccc(C)c1'],,,,,
12835,BRD-K95323941,['44485081'],['C[C@@H](CO)N1C[C@H](C)[C@@H](CN(C)Cc2ccc3cccnc3c2)OCc4cn(CCCC1=O)nn4'],,,,,
12836,BRD-K95328825,['54657992'],['CN1CCN(CC1)C(=O)C[C@H]1CC[C@@H]2[C@H](COC[C@@H](O)CN2Cc2cccc(F)c2)O1'],,,,,
12837,BRD-K95337198,['17540423'],['Fc1cccc(F)c1C(=O)N2CCN(CC2)S(=O)(=O)c3ccc4OCCOc4c3'],,,,,
12838,BRD-K95349679,['854343'],['Cc1cccc(c1)c2nnc(SCC(=O)O)n2CC=C'],,,,,
12839,BRD-K95351169,['54666489'],['C\\C=C\\c1ccc(cc1)[C@@H]1[C@H](CO)N2CCCCN(C[C@H]12)C(=O)Cc1cccnc1'],,,,,
12840,BRD-K95352812,['56643190'],['CC(C)CN1CCN(CC1)C(=O)COC(=O)c1ccc(c(c1)[N+]([O-])=O)S(C)(=O)=O'],,,,,
12841,BRD-K95352879,['54638663'],['OC[C@@H]1O[C@H](CC(=O)NCC2CCCCC2)C=C[C@@H]1NC(=O)Nc1cccc(F)c1'],,,,,
12842,BRD-K95352880,['54654117'],['CCCC(=O)Nc1ccc2OC[C@@H]3O[C@@H](CC(=O)NCc4cccc(F)c4)CC[C@H]3N(C)C(=O)c2c1'],,,,,
12843,BRD-K95360473,['54638377'],['COc1cccc(NC(=O)N[C@H]2C=C[C@@H](CC(=O)Nc3ccc(cc3)-c3ccccc3)O[C@H]2CO)c1'],,,,,
12844,BRD-K95361366,['60190959'],['CS(=O)(=O)N1C[C@@H]2[C@H]([C@H](CO)N2C(=O)C1)c1ccc(cc1)C#Cc1ccc(F)cc1'],,,,,
12845,BRD-K95367721,['54649528'],['CO[C@H]1CC[C@H]2CCN(C)C(=O)[C@@H](C)[C@@H](CN(C)C(=O)c3cc(ccc3OC[C@H]1O2)C#N)OC'],,,,,
12846,BRD-K95371508,['54631606'],['CO[C@H]1CN(C)C(=O)c2ccc(NC(=O)C3CCOCC3)cc2OC[C@@H](C)N(C[C@@H]1C)C(=O)c1ccccc1'],,,,,
12847,BRD-K95392673,['44501121'],['C[C@H](CO)N1C[C@H](C)[C@H](CN(C)CC2CC2)OCCCC[C@@H](C)Oc3ccc(NC(=O)Nc4ccccc4)cc3C1=O'],,,,,
12848,BRD-K95409124,['54613903'],['CC(C)NC(=O)Nc1ccc2O[C@@H](CN(C)Cc3ccc4OCOc4c3)[C@H](C)CN([C@@H](C)CO)C(=O)Cc2c1'],,,,,
12849,BRD-K95411194,['44620550'],['C[C@@H](CO)N1C[C@@H](C)[C@@H](CN(C)CC2CC2)OCCCC[C@@H](C)Oc3ccc(NS(=O)(=O)c4ccccc4)cc3C1=O'],,,,,
12850,BRD-K95419055,['44616403'],['C[C@H](CO)N1C[C@@H](C)[C@H](CN(C)Cc2ccccc2)OCCCC[C@H](C)Oc3ccc(NC(=O)c4ccncc4)cc3C1=O'],,,,,
12851,BRD-K95422182,['54654341'],['CN1[C@H]2CC[C@H](CC(=O)Nc3ccc(C)cc3)O[C@@H]2COc2ccc(NC(=O)C3CCC3)cc2C1=O'],,,,,
12852,BRD-K95425654,['44491522'],['C[C@H](CO)N1C[C@H](C)[C@@H](CN(C)Cc2ccc(cc2)C(F)(F)F)Oc3ccc(NC(=O)Cc4ccccc4)cc3CC1=O'],,,,,
12853,BRD-K95434676,['54651418'],['CC(=O)N(CC1CCC1)C[C@H]1N[C@H](CO)[C@@H]1c1ccc(cc1)C1=CCCC1'],,,,,
12854,BRD-K95437400,['60190043'],['CCS(=O)(=O)N1CC[C@@]2(CC1)CN([C@H](CO)c1[nH]c3cc(OC)ccc3c21)S(=O)(=O)c1ccc(C)cc1'],,,,,
12855,BRD-K95438730,['54618667'],['C[C@H](CO)N1C[C@@H](C)[C@@H](CN(C)Cc2ccc(Oc3ccccc3)cc2)Oc4ncc(cc4C1=O)c5cncnc5'],,,,,
12856,BRD-K95462612,['54664973'],['COc1cccc(c1)S(=O)(=O)N1CC[C@H]2[C@@H]1c1cc(ccc1N[C@H]2CO)C1=CCCCC1'],,,,,
12857,BRD-K95470847,['54651308'],['OC[C@H]1[C@@H]([C@H](CNC(=O)C2CCC2)N1C(=O)Cc1ccncc1)c1ccccc1'],,,,,
12858,BRD-K95481773,['54654075'],['COc1cccc(c1)C(=O)Nc1ccc2OC[C@@H]3O[C@@H](CC(=O)NCC(F)(F)F)CC[C@@H]3N(C)C(=O)c2c1'],,,,,
12859,BRD-K95482240,['44486602'],['C[C@H](CO)N1C[C@H](C)[C@H](CN(C)Cc2ccc(Oc3ccccc3)cc2)Oc4ccc(NC(=O)Nc5ccc6OCOc6c5)cc4C1=O'],,,,,
12860,BRD-K95487462,['54657768'],['CCC(=O)N1C[C@@H](O)COC[C@@H]2O[C@@H](CC(=O)NCc3cc(F)cc(F)c3)CC[C@@H]12'],,,,,
12861,BRD-K95488738,['54654311'],['CCNC(=O)Nc1ccc2OC[C@@H]3O[C@@H](CC(=O)N[C@@H](C)c4ccccc4)CC[C@@H]3N(C)C(=O)c2c1'],,,,,
12862,BRD-K95495709,['2486932'],['CCc1ccc2c(CN3CCc4cc(OC)c(OC)cc4C3)cc(=O)oc2c1'],,,,,
12863,BRD-K95518555,['54654378'],['CC(C)NC(=O)Nc1ccc2OC[C@@H]3O[C@@H](CC(=O)NCc4ccc(F)cc4)CC[C@H]3N(C)C(=O)c2c1'],,,,,
12864,BRD-K95526045,['54650117'],['COCC(=O)N1[C@@H](CO)[C@@H]([C@@H]1C#N)c1ccc(cc1)C#CCC1CCCC1'],,,,,
12865,BRD-K95547711,['5310786'],['CCn1c2ccccc2c3nnc(SCCCn4c(O)nc5ccccc45)nc13'],,,,,
12866,BRD-K95549765,['54631309'],['CO[C@H]1CN(C)C(=O)c2ccc(NC(=O)NC(C)C)cc2OC[C@H](C)N(C)C[C@H]1C'],,,,,
12867,BRD-K95551268,['44619130'],['C[C@H](CO)N1C[C@H](C)[C@H](CN(C)CC2CCCCC2)OCCCC[C@H](C)Oc3ccc(NC(=O)c4ccncc4)cc3C1=O'],,,,,
12868,BRD-K95561591,['53338841'],['O=C(OCC#CCSc1nnc(o1)-c1cccc2ccccc12)c1ccncc1'],,,,,
12869,BRD-K95564984,['44500202'],['C[C@H](CO)N1C[C@H](C)[C@@H](CN(C)Cc2ccc(Cl)c(Cl)c2)OCCCC[C@@H](C)Oc3ccc(NC(=O)Nc4ccc5OCOc5c4)cc3C1=O'],,,,,
12870,BRD-K95567178,['54657756'],['CNC(=O)C[C@@H]1CC[C@H]2[C@@H](COC[C@@H](O)CN2Cc2ccc(Cl)c(Cl)c2)O1'],,,,,
12871,BRD-K95570609,['60191192'],['OC[C@H]1[C@H]([C@H]2CN(CC(=O)N12)C(=O)Cc1cccnc1)c1ccc(cc1)C1=CCCCC1'],,,,,
12872,BRD-K95578893,['54638558'],['OC[C@H]1O[C@H](CC(=O)NCc2cccc(F)c2)CC[C@@H]1NC(=O)CN1CCOCC1'],,,,,
12873,BRD-K95582125,['54666664'],['CN1CCCCN2[C@@H](CO)[C@H]([C@H]2C1)c1ccc(cc1)-c1ccc(F)cc1'],,,,,
12874,BRD-K95583033,['54666643'],['C\\C=C\\c1ccc(cc1)[C@H]1[C@@H](CO)N2CCCCN(C[C@@H]12)C(=O)Nc1ccc(F)cc1'],,,,,
12875,BRD-K95605061,['60184905'],['COc1ccc2c3c([nH]c2c1)[C@@H](CO)N(C[C@]31CCN(CC1)C(=O)c1ccc2OCOc2c1)C(C)=O'],,,,,
12876,BRD-K95606637,['3380841'],['CSc1nc(nc(n1)c2ccc(C)cc2)C(Cl)Cl'],,,,,
12877,BRD-K95607309,['54652544'],['CN1C[C@@H]2[C@@H]([C@H](CO)N2C(=O)C2CCOCC2)c2ccccc12'],,,,,
12878,BRD-K95608631,['54654470'],['CCS(=O)(=O)Nc1ccc2OC[C@@H]3O[C@@H](CC(=O)NCc4ccccc4F)CC[C@H]3N(C)C(=O)c2c1'],,,,,
12879,BRD-K95611306,['54654230'],['CN1[C@@H]2CC[C@@H](CC(=O)N[C@H]3CCN(Cc4ccccc4)C3)O[C@H]2COc2ccc(NC(=O)Nc3c(C)noc3C)cc2C1=O'],,,,,
12880,BRD-K95622068,['54660732'],['CCCN1[C@H]2Cn3c(ccc(-c4cccnc4)c3=O)[C@@H]1[C@@H]([C@H]2CO)C(=O)NCCc1cn(C)cn1'],,,,,
12881,BRD-K95631838,['54649526'],['CO[C@H]1CC[C@H]2CCN(C)C(=O)[C@H](C)[C@@H](CN(C)C(=O)c3cc(ccc3OC[C@H]1O2)C#N)OC'],,,,,
12882,BRD-K95650611,['54657966'],['Cc1noc(C)c1NC(=O)N1C[C@H](O)COC[C@@H]2O[C@H](CC(=O)NCC3CC3)CC[C@@H]12'],,,,,
12883,BRD-K95666496,['54649384'],['COc1ccc(CNC(=O)c2cc3CN([C@H](CCO)c3c(n2)-c2cccc(c2)-c2cccc(c2)C#N)[S@](=O)C(C)(C)C)cc1'],,,,,
12884,BRD-K95673125,['44497048'],['C[C@@H](CO)N1C[C@H](C)[C@@H](CN(C)S(=O)(=O)c2ccc(Cl)cc2)Oc3c(NC(=O)Nc4ccc(F)cc4)cccc3C1=O'],,,,,
12885,BRD-K95683812,['60191311'],['CC(C)CC#Cc1ccc(cc1)[C@H]1[C@@H](CO)N2[C@H]1CN(CC2=O)C(=O)Nc1cc(F)ccc1F'],,,,,
12886,BRD-K95688283,['49835843'],['COc1ccc(cc1)S(=O)(=O)N(C)C[C@@H]2Oc3ncc(/C=C/c4ccccc4)cc3C(=O)N(C[C@H]2C)[C@@H](C)CO'],,,,,
12887,BRD-K95689954,['60185230'],['C\\C=C\\c1ccc(cc1)[C@@H]1[C@@H]2CNC[C@H]1N2Cc1ccccn1'],,,,,
12888,BRD-K95695488,['54666680'],['COc1cccc(c1)-c1ccc(cc1)[C@@H]1[C@@H](CO)N2CCCCN(C[C@@H]12)C(=O)c1ccc(F)cc1'],,,,,
12889,BRD-K95698191,['54654438'],['CN1[C@@H]2CC[C@H](CC(=O)N[C@@H]3CCN(Cc4ccccc4)C3)O[C@@H]2COc2ccc(NC(=O)Cc3cccs3)cc2C1=O'],,,,,
12890,BRD-K95716640,['60191198'],['OC[C@H]1[C@H]([C@H]2CN(CC(=O)N12)C(=O)c1cnccn1)c1ccc(\\C=C\\c2ccccc2)cc1'],,,,,
12891,BRD-K95718241,['56835299'],['C[C@@H](CO)N1C[C@@H](C)[C@H](CN(C)C)OCc2ccccc2-c3c(C1=O)n(C)c4ccccc34'],,,,,
12892,BRD-K95722922,['54631825'],['CO[C@H]1CN(C)C(=O)c2cc(NC(=O)Cc3ccccc3)ccc2OC[C@@H](C)NC[C@@H]1C'],,,,,
12893,BRD-K95760042,['5310466'],['Cc1cccn2c(=O)c(/C=N/c3ccc(Cl)cc3)c(NCCO)nc12'],,,,,
12894,BRD-K95762279,['54654541'],['CN1[C@H]2CC[C@H](CC(=O)Nc3cc(F)ccc3F)O[C@@H]2COc2ccc(NC(=O)c3ccc(cc3)C#N)cc2C1=O'],,,,,
12895,BRD-K95767742,['189748'],['COc1cc2[nH]cc(CCNC(C)=O)c2cc1OC'],,,,,
12896,BRD-K95773671,['54654017'],['CN1[C@@H]2CC[C@@H](CC(=O)NC3CCCC3)O[C@H]2COc2ccc(NC(=O)c3cc(C)on3)cc2C1=O'],,,,,
12897,BRD-K95776192,['44616967'],['CC(C)NC(=O)Nc1ccc2O[C@H](C)CCCCO[C@@H](CN(C)C(=O)NC3CCCCC3)[C@@H](C)CN([C@@H](C)CO)C(=O)c2c1'],,,,,
12898,BRD-K95779464,['54649540'],['CO[C@H]1CC[C@H]2CCOc3c(cccc3C(=O)N(C)C[C@H](CC(=O)N(C)C[C@H]1O2)c1ccccc1)C#N'],,,,,
12899,BRD-K95786143,['16391507'],['CC(=O)c1c(C)[nH]c(C(=O)Nc2ccccc2C)c1C'],,,,,
12900,BRD-K95786246,['54631580'],['CO[C@@H]1CN(C)C(=O)c2ccc(NC(=O)C3CCOCC3)cc2OC[C@H](C)N(Cc2nccs2)C[C@@H]1C'],,,,,
12901,BRD-K95789946,['44143091'],['CCNc1nc(C#N)nc2n(cnc12)c3cc(F)cc(F)c3'],,,,,
12902,BRD-K95790481,['54666395'],['COc1cccc(c1)S(=O)(=O)N1CCCCN2[C@H](CO)[C@H]([C@H]2C1)c1ccc(cc1)C#CCC(C)C'],,,,,
