,pert_iname,pubchem_cid_list,canonical_smiles_list,clinical_phase,moa,target,disease_area,indication
12903,BRD-K95795676,['54665030'],['CN(C)C(=O)c1ccc(cc1)-c1ccc2N(C)[C@@H](CO)[C@@H]3CCN([C@@H]3c2c1)C(=O)C1CCC1'],,,,,
12904,BRD-K95798815,['44506074'],['CCCN(C)C[C@H]1OCc2cnnn2CCCC(=O)N(C[C@@H]1C)[C@H](C)CO'],,,,,
12905,BRD-K95810330,['60191071'],['OC[C@@H]1[C@@H]([C@@H]2CN(CC(=O)N12)C(=O)c1cccc(F)c1)c1ccc(\\C=C\\c2ccccc2)cc1'],,,,,
12906,BRD-K95814669,['54631358'],['COCC(=O)Nc1ccc2c(OC[C@H](C)N(Cc3cccc(F)c3)C[C@H](C)[C@@H](CN(C)C2=O)OC)c1'],,,,,
12907,BRD-K95814727,['54632155'],['CO[C@@H]1CN(C)C(=O)c2ccc(cc2OC[C@@H](C)NC[C@H]1C)NS(=O)(=O)c1cccc(Cl)c1'],,,,,
12908,BRD-K95820322,['54664882'],['CN1[C@H](CO)[C@@H]2CCN([C@@H]2c2cc(ccc12)C#Cc1cccnc1)C(=O)C1CCCCC1'],,,,,
12909,BRD-K95823739,['6729559'],['COc1ccc(C#Cc2ccc3NC(=O)[C@]4([C@@H]([C@@H]5N([C@@H]4c6ccccc6OCCO)[C@H]([C@H](OC5=O)c7ccccc7)c8ccccc8)C(=O)N9CCCCCCC9)c3c2)cc1'],,,,,
12910,BRD-K95838867,['44494748'],['C[C@@H](CO)N1C[C@H](C)[C@@H](CN(C)Cc2ccc(cc2)C(F)(F)F)Oc3c(NC(=O)NC4CCCCC4)cccc3C1=O'],,,,,
12911,BRD-K95842463,['44488188'],['C[C@@H](CO)N1C[C@@H](C)[C@@H](CN(C)C(=O)CCC(F)(F)F)OCCCC[C@H](C)Oc2ccc(NS(=O)(=O)c3ccccc3)cc2C1=O'],,,,,
12912,BRD-K95847244,['100526'],['CC(=O)NCCc1ccc(O)c(O)c1'],,,,,
12913,BRD-K95858622,['2950270'],['COc1ccc(CNc2ccc(cc2)N2CCN(CC2)C(C)=O)cc1OC'],,,,,
12914,BRD-K95880052,['54654027'],['CN(C)C(=O)C[C@H]1CC[C@H]2[C@H](COc3ccc(NC(=O)NCc4ccccc4)cc3C(=O)N2C)O1'],,,,,
12915,BRD-K95880106,['54646220'],['CN(C)c1ccc2O[C@@H]3[C@@H](C[C@H](CC(=O)NCc4ccc(Oc5ccccc5)cc4)O[C@H]3CO)c2c1'],,,,,
12916,BRD-K95883555,['60185028'],['CN(C)C(=O)c1cccc(c1)-c1ccc(cc1)[C@H]1[C@H]2CN(C[C@@H]1N2)C(=O)CN1CCOCC1'],,,,,
12917,BRD-K95891443,['44484579'],['CC(C)NC(=O)Nc1ccc2O[C@H](C)CCCCO[C@@H](CN(C)C(=O)Nc3ccccc3)[C@@H](C)CN([C@@H](C)CO)C(=O)c2c1'],,,,,
12918,BRD-K95895342,['2222056'],['Cc1cc(ccc1OCC(=O)O)S(=O)(=O)NC2CCCCC2'],,,,,
12919,BRD-K95896215,['54631948'],['CO[C@@H]1CN(C)C(=O)c2cc(NC(=O)Nc3cccc(F)c3)ccc2OC[C@@H](C)N(C[C@@H]1C)C(=O)Nc1c(C)noc1C'],,,,,
12920,BRD-K95899688,['54646707'],['CS(=O)(=O)Nc1ccc2O[C@@H]3[C@@H](C[C@H](CC(=O)NCC4CC4)O[C@H]3CO)c2c1'],,,,,
12921,BRD-K95913445,['44617494'],['CCCN(C)C[C@H]1OCCCC[C@@H](C)Oc2ccc(NC(=O)NC(C)C)cc2C(=O)N(C[C@@H]1C)[C@H](C)CO'],,,,,
12922,BRD-K95917977,['54657929'],['O[C@H]1COC[C@@H]2O[C@H](CC(=O)NC3CCC3)CC[C@H]2N(C1)C(=O)Nc1ccc(Cl)c(Cl)c1'],,,,,
12923,BRD-K95919017,['54649477'],['CO[C@@H]1CC[C@@H]2CCN(C)C(=O)[C@H](C)[C@@H](CN(C)C(=O)c3cccc(C#N)c3OC[C@@H]1O2)OC'],,,,,
12924,BRD-K95926324,['54646603'],['COCCNC(=O)C[C@@H]1C[C@@H]2[C@@H](Oc3ccc(NS(=O)(=O)c4ccccc4)cc23)[C@H](CO)O1'],,,,,
12925,BRD-K95935167,['60189701'],['OC[C@H]1[C@@H](c2ccccc2)C2(CN(C2)C(=O)C2CCOCC2)N1CCC(F)(F)F'],,,,,
12926,BRD-K95964003,['60189802'],['COc1ccc2c3c([C@H](CO)N(Cc4cc(F)ccc4F)C[C@]33CN(C3)C(=O)C3CC3)n(C)c2c1'],,,,,
12927,BRD-K95976153,['44619763'],['C[C@H](CO)N1C[C@H](C)[C@H](CN(C)Cc2ccc(cc2)C(F)(F)F)OCCCC[C@H](C)Oc3ccc(NC(=O)C4CCCCC4)cc3C1=O'],,,,,
12928,BRD-K95982530,['54638369'],['OC[C@H]1O[C@@H](CC(=O)NCc2ccncn2)CC[C@H]1NC(=O)c1ccc(F)cc1'],,,,,
12929,BRD-K95985487,['53347976'],['COc1ccc(cc1)-n1ncc2cnc(Nc3ccc(N4CCN(C)CC4)c(OC)c3)nc12'],,,,,
12930,BRD-K95995661,['60190211'],['CCC(=O)N1CC2(C1)[C@H]([C@H](CO)N2C(=O)CC)c1ccc(cc1)-c1ccc(F)cc1'],,,,,
12931,BRD-K96003120,['54654261'],['C[C@@H](NC(=O)C[C@H]1CC[C@H]2[C@H](COc3ccc(NS(=O)(=O)c4ccc(Cl)cc4)cc3C(=O)N2C)O1)c1ccccc1'],,,,,
12932,BRD-K96006237,['54649563'],['CO[C@H]1CC[C@H]2CCOc3c(cccc3C(=O)N(C)CC3(CCCCC3)CC(=O)N(C)C[C@@H]1O2)C#N'],,,,,
12933,BRD-K96020117,['54654582'],['COc1ccccc1C(=O)Nc1ccc2OC[C@@H]3O[C@@H](CC(=O)NCCc4ccncc4)CC[C@H]3N(C)C(=O)c2c1'],,,,,
12934,BRD-K96021399,['54646662'],['CN(C)c1ccc2O[C@@H]3[C@@H](C[C@@H](CC(=O)NCc4ccncc4)O[C@H]3CO)c2c1'],,,,,
12935,BRD-K96039110,['56835272'],['C[C@H](CO)N1C[C@@H](C)[C@H](CN(C)C(=O)c2c(C)noc2C)OCc3ccccc3-c4ccccc4C1=O'],,,,,
12936,BRD-K96041907,['54651469'],['CCCNC(=O)N(C)C[C@H]1N[C@@H](CO)[C@@H]1c1ccc(cc1)C1=CCCCC1'],,,,,
12937,BRD-K96043519,['91613'],['Cc1nc(CCN)c[nH]1'],,,,,
12938,BRD-K96044609,['54657831'],['O[C@@H]1COC[C@H]2O[C@H](CC(=O)NC3CCC3)CC[C@@H]2N(Cc2ccccc2F)C1'],,,,,
12939,BRD-K96047861,['54657900'],['O[C@@H]1COC[C@H]2O[C@H](CC(=O)NCc3ccc(Oc4ccccc4)cc3)CC[C@@H]2N(CCC(F)(F)F)C1'],,,,,
12940,BRD-K96061818,['54646388'],['COC(=O)C[C@H]1C[C@@H]2[C@@H](Oc3ccc(NS(=O)(=O)C)cc23)[C@H](CO)O1'],,,,,
12941,BRD-K96063588,['54651451'],['COCC(=O)N(C[C@@H]1[C@H]([C@@H](CO)N1C(C)=O)c1ccc(cc1)\\C=C\\C)C(C)C'],,,,,
12942,BRD-K96072301,['54667769'],['CS(=O)(=O)N1CCCCN2[C@@H](CO)[C@@H]([C@@H]2C1)c1ccc(cc1)-c1cccc(c1)C#N'],,,,,
12943,BRD-K96072942,['44620883'],['[O-][N+](=O)c1ncccc1OCCOc1ccc(Cl)cc1Cl'],,,,,
12944,BRD-K96077293,['54631506'],['CO[C@@H]1CN(C)C(=O)c2cc(NC(=O)C3CC3)ccc2OC[C@@H](C)N(Cc2ccc(OC)cc2)C[C@H]1C'],,,,,
12945,BRD-K96079261,['54646648'],['C[C@H](NC(=O)C[C@H]1C[C@@H]2[C@@H](Oc3ccc(NC(=O)Cc4ccncc4)cc23)[C@H](CO)O1)c5ccccc5'],,,,,
12946,BRD-K96083840,['44460127'],['O=C(OCC#CCSc1nnc(o1)-c1cccc2ccccc12)C1CCCC1'],,,,,
12947,BRD-K96098018,['54649986'],['OC[C@H]1N[C@@H](C#N)[C@H]1c1ccc(\\C=C\\c2ccccc2)cc1'],,,,,
12948,BRD-K96103104,['54665026'],['OC[C@@H]1Nc2ccc(cc2[C@H]2[C@@H]1CCN2C(=O)c1ccccc1F)-c1cccc(c1)C#N'],,,,,
12949,BRD-K96103953,['54651402'],['CCNC[C@H]1[C@@H]([C@@H](CO)N1C(=O)NC(C)C)c1ccc(cc1)C1=CCCCC1'],,,,,
12950,BRD-K96113587,['54652622'],['CCCNC(=O)N1C[C@H]2[C@H]([C@H](CO)N2CC2CCCCC2)c2ccccc12'],,,,,
12951,BRD-K96121225,['54646066'],['COCC(=O)Nc1ccc2O[C@@H]3[C@@H](C[C@@H](CC(=O)N[C@@H](C)c4ccccc4)O[C@@H]3CO)c2c1'],,,,,
12952,BRD-K96147838,['46931017'],['CC(C)(C)c1ccc(cc1)C(=O)Nc1cc(Cl)c(Br)cc1C(O)=O'],,,,,
12953,BRD-K96150242,['54660756'],['CCCNC(=O)N1[C@@H]2Cn3c(ccc(-c4ccccc4OC)c3=O)[C@H]1[C@H]([C@@H]2CO)C(=O)NCC'],,,,,
12954,BRD-K96157570,['44493596'],['CC(C)NC(=O)N(C)C[C@H]1OCCCC[C@H](C)Oc2ccc(NC(=O)Nc3ccccc3)cc2C(=O)N(C[C@H]1C)[C@@H](C)CO'],,,,,
12955,BRD-K96160456,['54638791'],['OC[C@@H]1O[C@@H](CC(=O)N2CCCCC2)C=C[C@H]1NC(=O)c1ccc2OCOc2c1'],,,,,
12956,BRD-K96165286,['54645911'],['CS(=O)(=O)Nc1ccc2O[C@@H]3[C@@H](C[C@@H](CC(=O)NCCc4ccccc4)O[C@@H]3CO)c2c1'],,,,,
12957,BRD-K96167523,['24869058'],['COc1ccc(cc1)[Si](C)(C)[C@H]2[C@H](C)[C@]3(O[C@@H]2CCO)C(=O)N(CC=C)c4ccc(NC(=O)C)cc43'],,,,,
12958,BRD-K96178772,['60189736'],['COc1ccc2c3c([nH]c2c1)[C@@H](CO)N(Cc1cc(F)ccc1F)C[C@]31CN(C)C1'],,,,,
12959,BRD-K96183125,['60192120'],['CCC(=O)N1CC2(C1)[C@H]([C@H](CO)N2S(C)(=O)=O)c1ccc(cc1)-c1cccc(C)c1'],,,,,
12960,BRD-K96190924,['54646346'],['COc1ccc(NC(=O)Nc2ccc3O[C@H]4[C@H](C[C@@H](CC(=O)N5CCN(C)CC5)O[C@@H]4CO)c3c2)cc1'],,,,,
12961,BRD-K96194181,['8194745'],['CC(=O)Nc1ccc(cc1)S(=O)(=O)N1CCN(CC1)c1ccc(cc1)C(C)=O'],,,,,
12962,BRD-K96194602,['54625750'],['CCCC#Cc1ccc2c(O[C@@H](CN(C)Cc3ccncc3)[C@H](C)CN([C@@H](C)CO)S2(=O)=O)c1'],,,,,
12963,BRD-K96207987,['54638605'],['Cc1ccc(cc1)S(=O)(=O)N[C@@H]1CC[C@H](CCn2cc(nn2)-c2cccnc2)O[C@@H]1CO'],,,,,
12964,BRD-K96213252,['727425'],['CC(=O)Nc1ccc(NC(=O)c2ccccc2Br)cc1'],,,,,
12965,BRD-K96238295,['54646331'],['CN(C)c1ccc2O[C@H]3[C@H](C[C@H](CC(=O)NCCN4CCCCC4)O[C@@H]3CO)c2c1'],,,,,
12966,BRD-K96257627,['54637700'],['C[C@@H](CO)N1C[C@@H](C)[C@@H](CN(C)C(=O)[C@@H](Cc2ccccc2)N(C)C)OCc3ccccc3-c4c(C1=O)n(C)c5ccccc45'],,,,,
12967,BRD-K96269157,['54638450'],['OC[C@@H]1O[C@H](CC(=O)N2CCC(Cc3ccccc3)CC2)C=C[C@@H]1NC(=O)c1cnccn1'],,,,,
12968,BRD-K96274292,['54654190'],['CN1[C@@H]2CC[C@H](CC(=O)NCCN3CCCCC3)O[C@H]2COc2ccc(NC(=O)Nc3ccc(Cl)cc3)cc2C1=O'],,,,,
12969,BRD-K96285502,['60186146'],['COc1ccc(NC(=O)N2C[C@H]3[C@H]([C@@H](CO)N3C(=O)C2)c2ccc(cc2)C2=CCCC2)cc1'],,,,,
12970,BRD-K96306575,['54665086'],['OC[C@@H]1Nc2ccc(cc2[C@H]2[C@@H]1CCN2C(=O)c1cnccn1)-c1ccccc1F'],,,,,
12971,BRD-K96309168,['54615041'],['C[C@@H](CO)N1C[C@H](C)[C@@H](CN(C)Cc2ccccc2)OCCCC[C@H](C)Oc3ccc(NC(=O)c4ccncc4)cc3C1=O'],,,,,
12972,BRD-K96326565,['2941653'],['CC(C)(C)c1ccc(cc1)C(=O)N2CCN(CC2)c3ccc([N+](=O)[O-])c(NCc4cccnc4)c3'],,,,,
12973,BRD-K96329791,['54654533'],['CN1[C@@H]2CC[C@H](CC(O)=O)O[C@@H]2COc2ccc(NC(=O)c3cccc(c3)C(F)(F)F)cc2C1=O'],,,,,
12974,BRD-K96343378,['60189405'],['O[C@H]1COC[C@@H]2O[C@H](CC(=O)NCc3ccc(Cl)cc3)CC[C@H]2N(CC2CCCC2)C1'],,,,,
12975,BRD-K96343889,['54651300'],['OC[C@@H]1N[C@H](CNC(=O)c2ccccn2)[C@@H]1c1ccc(cc1)-c1ccc(F)cc1'],,,,,
12976,BRD-K96345282,['54632108'],['CO[C@H]1CN(C)C(=O)c2ccc(NS(=O)(=O)c3ccccc3C)cc2OC[C@@H](C)N(C)C[C@H]1C'],,,,,
12977,BRD-K96352593,['2331284'],['Cc1cc(c(C)n1c2ccccc2)c3nnc4CCCCCn34'],,,,,
12978,BRD-K96352830,['54660724'],['CCCNC(=O)N1[C@@H]2Cn3c(cccc3=O)[C@H]1[C@H]([C@@H]2CO)C(=O)N1CCC(Cc2ccccc2)CC1'],,,,,
12979,BRD-K96385755,['54615014'],['CC(C)NC(=O)N(C)C[C@H]1OCCCC[C@H](C)Oc2ccc(NC(=O)C3CCCCC3)cc2C(=O)N(C[C@H]1C)[C@@H](C)CO'],,,,,
12980,BRD-K96396151,['60190233'],['COc1ccc2c3c([C@@H](CO)NC[C@]33CCN(CC3)S(=O)(=O)c3cccc(C)c3)n(C)c2c1'],,,,,
12981,BRD-K96398395,['54630715'],['COc1cccc(c1)S(=O)(=O)N(C)C[C@H]2Oc3cc(ccc3S(=O)(=O)N(C[C@@H]2C)[C@H](C)CO)C4=CCCC4'],,,,,
12982,BRD-K96400713,['60185031'],['COc1ccc2c3c([nH]c2c1)[C@H](CO)N(C[C@]31CN(CC2CCOCC2)C1)S(C)(=O)=O'],,,,,
12983,BRD-K96403486,['44504880'],['COc1ccc(NC(=O)Nc2ccc3O[C@@H](CN(C)C(=O)Nc4ccc(OC)cc4)[C@H](C)CN([C@H](C)CO)C(=O)Cc3c2)cc1'],,,,,
12984,BRD-K96406750,['54632163'],['CO[C@H]1CN(C)C(=O)c2ccc(NC(=O)Nc3cc(F)ccc3F)cc2OC[C@@H](C)N(C)C[C@@H]1C'],,,,,
12985,BRD-K96408604,['60184871'],['COc1ccc2c3c([C@H](CO)N(Cc4ccccc4Cl)C[C@]33CN(C3)C(=O)CN(C)C)n(C)c2c1'],,,,,
12986,BRD-K96420933,['44620262'],['C[C@H](CO)N1C[C@H](C)[C@H](CN(C)C(=O)Cc2ccccc2)OCCCC[C@H](C)Oc3ccc(NC(=O)Nc4ccc(cc4)C(F)(F)F)cc3C1=O'],,,,,
12987,BRD-K96431673,['54639024'],['CN1CCN(CC1)C(=O)C[C@H]1CC[C@H](NC(=O)c2ccc3OCOc3c2)[C@@H](CO)O1'],,,,,
12988,BRD-K96433222,['44485578'],['C[C@@H](CO)N1C[C@H](C)[C@@H](CN(C)C(=O)NC2CCCCC2)Oc3c(NC(=O)Nc4ccc(cc4)C(F)(F)F)cccc3C1=O'],,,,,
12989,BRD-K96450063,['60185129'],['COc1cccc(c1)-c1ccc(cc1)[C@@H]1[C@@H]2CNC[C@H]1N2C(=O)Nc1ccc(cc1)C(F)(F)F'],,,,,
12990,BRD-K96451524,['54649533'],['CO[C@@H]1CC[C@H]2CCN(C)C(=O)[C@H](C)[C@H](CN(C)C(=O)c3cc(ccc3OC[C@H]1O2)C#N)OC'],,,,,
12991,BRD-K96456313,['44142095'],['COc1ccccc1c2nnc3SCC(=Nn23)c4ccc(OC(F)F)c(OCC5CC5)c4'],,,,,
12992,BRD-K96475865,['56835259'],['C[C@@H](CO)N1C[C@@H](C)[C@H](CN(C)S(=O)(=O)c2ccccc2F)OCc3ccccc3-c4c(C1=O)n(C)c5ccccc45'],,,,,
12993,BRD-K96477379,['44498677'],['CC(C)NC(=O)N(C)C[C@@H]1OCCCC[C@@H](C)Oc2ccc(NC(=O)c3ccccc3)cc2C(=O)N(C[C@H]1C)[C@H](C)CO'],,,,,
12994,BRD-K96482472,['54649983'],['COc1ccc(cc1)-c1ccc(cc1)[C@@H]1[C@H](CO)N([C@H]1C#N)C(=O)NC1CCCCC1'],,,,,
12995,BRD-K96521176,['60185020'],['COc1ccc2c3c([nH]c2c1)[C@H](CO)N(Cc1ccncc1)C[C@]31CCN(CC2CCOCC2)CC1'],,,,,
12996,BRD-K96522480,['56835511'],['C[C@H](CO)N1C[C@@H](C)[C@H](CN(C)C(=O)NC2CCCCC2)OCc3ccccc3-c4ccccc4C1=O'],,,,,
12997,BRD-K96534186,['54649509'],['CO[C@H]1CC[C@H]2CCN(C)C(=O)[C@H](C)[C@H](CN(C)C(=O)c3cc(ccc3OC[C@@H]1O2)C#N)OC'],,,,,
12998,BRD-K96535153,['54652458'],['OC[C@H]1[C@@H]2[C@@H](CN(c3ccccc23)S(=O)(=O)c2ccccc2F)N1C(=O)CC1CC1'],,,,,
12999,BRD-K96538394,['54637897'],['C[C@H](CO)N1C[C@H](C)[C@@H](CN(C)CC2CC2)OCc3ccccc3-c4ccccc4C1=O'],,,,,
13000,BRD-K96539190,['44498644'],['C[C@H](CO)N1C[C@H](C)[C@@H](CN(C)S(=O)(=O)C)OCCCC[C@H](C)Oc2ccc(NC(=O)c3ccncc3)cc2C1=O'],,,,,
13001,BRD-K96543798,['54654301'],['CN1[C@H]2CC[C@H](CC(=O)NCC3CCCCC3)O[C@@H]2COc2ccc(NC(=O)c3cccc(F)c3)cc2C1=O'],,,,,
13002,BRD-K96551169,['54649508'],['CO[C@@H]1CC[C@H]2CCN(C)C(=O)[C@@H](C)[C@@H](CN(C)C(=O)c3cc(ccc3OC[C@@H]1O2)C#N)OC'],,,,,
13003,BRD-K96552587,['60191355'],['OC[C@H]1[C@@H]([C@@H]2CNCC(=O)N12)c1ccc(cc1)-c1ccc(cc1)C#N'],,,,,
13004,BRD-K96555842,['54657598'],['COc1ccccc1NC(=O)N1C[C@@H](O)COC[C@@H]2O[C@H](CC(=O)N3CCC(Cc4ccccc4)CC3)CC[C@@H]12'],,,,,
13005,BRD-K96569047,['54657954'],['COc1ccccc1NC(=O)N1C[C@@H](O)COC[C@@H]2O[C@@H](CC(=O)NCCc3ccncc3)CC[C@@H]12'],,,,,
13006,BRD-K96586144,['54649306'],['CO[C@H](CN(C)C(=O)C1CC1)[C@@H](C)CN([C@@H](C)CO)C(=O)Nc1ccc(cc1)C(F)(F)F'],,,,,
13007,BRD-K96609736,['60191398'],['Cc1cccc(c1)-c1ccc(cc1)[C@@H]1[C@H](CO)N2[C@@H]1CN(CC2=O)C(=O)c1ccc2OCOc2c1'],,,,,
13008,BRD-K96611378,['54631797'],['CO[C@@H]1CN(C)C(=O)c2ccc(NS(=O)(=O)CC(F)(F)F)cc2OC[C@H](C)NC[C@H]1C'],,,,,
13009,BRD-K96612346,['44619991'],['C[C@@H](CO)N1C[C@@H](C)[C@@H](CN(C)C(=O)NC2CCCCC2)Oc3ccc(NC(=O)CCCN(C)C)cc3C1=O'],,,,,
13010,BRD-K96612763,['56835237'],['COc1ccccc1S(=O)(=O)N(C)C[C@@H]2OCc3ccccc3-c4ccccc4C(=O)N(C[C@@H]2C)[C@@H](C)CO'],,,,,
13011,BRD-K96621343,['44142162'],['FC(F)(F)c1ccc(cc1)S(=O)(=O)NC2CCN(CC2)C#N'],,,,,
13012,BRD-K96625719,['54646241'],['COc1ccc(NC(=O)Nc2ccc3O[C@H]4[C@H](C[C@@H](CC(=O)NCc5ccccn5)O[C@@H]4CO)c3c2)cc1'],,,,,
13013,BRD-K96625837,['54657765'],['O[C@@H]1COC[C@H]2O[C@@H](CC(=O)N3CCC(Cc4ccccc4)CC3)CC[C@@H]2N(C1)S(=O)(=O)c1ccccc1F'],,,,,
13014,BRD-K96634415,['54646028'],['OC[C@H]1O[C@H](CC(=O)N2CCCCC2)C[C@@H]3[C@H]1Oc4ccc(NC(=O)NC5CCCC5)cc34'],,,,,
13015,BRD-K96635690,['54650181'],['OC[C@@H]1N[C@@H](C#N)[C@@H]1c1ccc(cc1)C#Cc1ccccc1F'],,,,,
13016,BRD-K96636466,['54654010'],['COc1cccc(NC(=O)C[C@H]2CC[C@@H]3[C@@H](COc4ccc(NC(=O)C5CCOCC5)cc4C(=O)N3C)O2)c1'],,,,,
13017,BRD-K96640402,['54657507'],['Cn1cnc(CCNC(=O)C[C@@H]2CC[C@@H]3[C@H](COC[C@@H](O)CN3C(=O)Nc3ccc(cc3)C(F)(F)F)O2)c1'],,,,,
13018,BRD-K96646082,['54654055'],['CN1[C@@H]2CC[C@@H](CC(=O)NCc3ccc4OCOc4c3)O[C@H]2COc2ccc(NC(=O)c3ccccc3F)cc2C1=O'],,,,,
13019,BRD-K96659448,['44501577'],['C[C@@H](CO)N1C[C@@H](C)[C@@H](CN(C)CC2CCCCC2)Oc3ccc(NC(=O)Cc4cn(C)c5ccccc45)cc3CC1=O'],,,,,
13020,BRD-K96660315,['54639150'],['OC[C@@H]1O[C@H](CC(=O)N2CCN(CC2)c2ccccc2)C=C[C@H]1NC(=O)c1ccncc1'],,,,,
13021,BRD-K96663038,['54654342'],['COc1cccc(NC(=O)Nc2ccc3OC[C@@H]4O[C@@H](CC(=O)NCCc5ccccc5)CC[C@H]4N(C)C(=O)c3c2)c1'],,,,,
13022,BRD-K96688934,['54637904'],['COc1ccccc1S(=O)(=O)N(C)C[C@@H]2OCc3ccccc3-c4c(C(=O)N(C[C@@H]2C)[C@@H](C)CO)n(C)c5ccccc45'],,,,,
13023,BRD-K96692572,['60184888'],['COc1ccc2c3c([C@H](CO)N(Cc4ccncc4)C[C@]33CN(C3)C(=O)Nc3cccc(F)c3)n(C)c2c1'],,,,,
13024,BRD-K96694631,['71759582'],['COc1ccc2c3c([C@@H](CO)N(CC4CC4)C[C@]33CCN(CC3)S(=O)(=O)c3cccs3)n(C)c2c1'],,,,,
13025,BRD-K96697180,['60189640'],['COc1ccc(CN2C[C@]3(CCN(CC3)C(=O)Cc3ccncc3)c3c([nH]c4cc(OC)ccc34)[C@@H]2CO)cc1'],,,,,
13026,BRD-K96703103,['60190166'],['CCS(=O)(=O)N1C[C@@]2(C1)CN(Cc1ccc3OCOc3c1)[C@H](CO)c1c2c2ccc(OC)cc2n1C'],,,,,
13027,BRD-K96703623,['54652578'],['OC[C@H]1[C@@H]2[C@@H](CN(c3ccccc23)S(=O)(=O)c2ccccc2)N1Cc1ccccn1'],,,,,
13028,BRD-K96704648,['44142088'],['COc1ccc(cc1OC2CCCC2)C3=Nn4c(nnc4SC3)c5ccccc5Cl'],,,,,
13029,BRD-K96704748,['1182101'],['COc1ccc(Oc2c(oc3cc(OCC(=O)Nc4ccccc4F)ccc3c2=O)C(F)(F)F)cc1'],,,,,
13030,BRD-K96707310,['54658035'],['O[C@H]1CN[C@H]2CC[C@H](CC(=O)NC3Cc4ccccc4C3)O[C@@H]2COC1'],,,,,
13031,BRD-K96713754,['54650106'],['COc1ccccc1NC(=O)N1[C@H](CO)[C@H]([C@H]1C#N)c1ccccc1'],,,,,
13032,BRD-K96721928,['54646604'],['COCCNC(=O)C[C@@H]1C[C@H]2[C@H](Oc3ccc(NS(=O)(=O)c4ccccc4)cc23)[C@@H](CO)O1'],,,,,
13033,BRD-K96740880,['44142152'],['CC(=O)N1CCN(CC1)c2ccc(NCc3cccc(C)c3)cc2'],,,,,
13034,BRD-K96741939,['54650111'],['OC[C@@H]1[C@@H]([C@H](C#N)N1C(=O)C1CC1)c1ccc(cc1)C#CC1(O)CCCC1'],,,,,
13035,BRD-K96742509,['56835586'],['CCOC(=O)c1cc2CN([C@H](CCO)c2c(n1)c3cccc(c3)c4cccc(OC)c4)S(=O)C(C)(C)C'],,,,,
13036,BRD-K96745884,['54631538'],['CCC(=O)Nc1ccc2OC[C@H](C)N(C[C@@H](C)[C@H](CN(C)C(=O)c2c1)OC)C(=O)CC'],,,,,
13037,BRD-K96747266,['54651176'],['OC[C@@H]1N(Cc2ccccn2)[C@@H](CN(C)S(C)(=O)=O)[C@@H]1c1ccccc1'],,,,,
13038,BRD-K96752129,['23863760'],['COCCCN1C(=O)[C@]2(Cc3ccccc13)[C@@H](N(Cc4ccccc4C(F)(F)F)C(=O)c5ccccc52)c6ccc(CO)cc6'],,,,,
13039,BRD-K96779965,['54661100'],['CN1[C@@H]([C@@H](CO)[C@@H]2Cn3c(ccc(-c4ccccc4F)c3=O)[C@H]12)C(=O)NCC(F)(F)F'],,,,,
13040,BRD-K96782963,['60190103'],['COc1ccc2c3c([nH]c2c1)[C@@H](CO)N(C[C@]31CCN(CC1)C(C)=O)C(C)=O'],,,,,
13041,BRD-K96787835,['44499520'],['C[C@H](CO)N1C[C@H](C)[C@H](CN(C)S(=O)(=O)c2ccc(Cl)cc2)Oc3c(NC(=O)c4ccncc4)cccc3C1=O'],,,,,
13042,BRD-K96797558,['60189764'],['COc1ccc2c3c([C@H](CO)N(C[C@]33CCN(CC3)C(=O)c3cnccn3)C(C)=O)n(C)c2c1'],,,,,
13043,BRD-K96804382,['54637678'],['C[C@H](CO)N1C[C@@H](C)[C@H](CN(C)C(=O)[C@@H]2CCCN2C)OCc3ccccc3-c4c(C1=O)n(C)c5ccccc45'],,,,,
13044,BRD-K96834740,['54652543'],['CN1C[C@H]2[C@H]([C@H](CO)N2C(=O)C2CCOCC2)c2ccccc12'],,,,,
13045,BRD-K96834847,['121249'],['CNCCCN1c2ccccc2CCc2cc(O)ccc12'],,,,,
13046,BRD-K96839270,['44505811'],['COc1ccc(NC(=O)N(C)C[C@@H]2OCc3cn(CCCC(=O)N(C[C@@H]2C)[C@@H](C)CO)nn3)cc1'],,,,,
13047,BRD-K96871778,['54631453'],['CO[C@@H]1CN(C)C(=O)c2cc(NC(=O)Nc3c(C)noc3C)ccc2OC[C@@H](C)N(CCC(F)(F)F)C[C@@H]1C'],,,,,
13048,BRD-K96900359,['54645943'],['C[C@H](NC(=O)C[C@@H]1C[C@H]2[C@H](Oc3ccc(NS(=O)(=O)c4ccc(F)cc4)cc23)[C@H](CO)O1)c5ccccc5'],,,,,
13049,BRD-K96903074,['54615052'],['CC(C)NC(=O)Nc1ccc2O[C@@H](C)CCCCO[C@H](CN(C)CC3CCCCC3)[C@@H](C)CN([C@@H](C)CO)C(=O)c2c1'],,,,,
13050,BRD-K96903816,['60183843'],['CC(C)(C)S(=O)N1Cc2cc(nc(c2[C@@H]1CCO)c3cccc(C#CC(C)(C)O)c3)C(=O)N[C@@H]4CCN(Cc5ccccc5)C4'],,,,,
13051,BRD-K96922741,['54646243'],['COc1ccc(NC(=O)Nc2ccc3O[C@@H]4[C@@H](C[C@H](CC(=O)NCc5ccccn5)O[C@@H]4CO)c3c2)cc1'],,,,,
13052,BRD-K96933023,['44491922'],['C[C@H](CO)N1C[C@H](C)[C@H](CN(C)Cc2ccc(cc2)C(=O)O)Oc3c(NC(=O)NC4CCCCC4)cccc3C1=O'],,,,,
13053,BRD-K96935347,['54650123'],['CCS(=O)(=O)N1[C@@H](CO)[C@@H]([C@H]1C#N)c1ccc(cc1)C#Cc1ccccc1F'],,,,,
13054,BRD-K96952717,['54654534'],['CN1[C@H]2CC[C@H](CC(O)=O)O[C@H]2COc2ccc(NC(=O)c3cccc(c3)C(F)(F)F)cc2C1=O'],,,,,
13055,BRD-K96957785,['54654452'],['CN1[C@@H]2CC[C@H](CC(=O)NCC(F)(F)F)O[C@H]2COc2ccc(NC(=O)c3ccccc3Cl)cc2C1=O'],,,,,
13056,BRD-K96977391,['54639130'],['Cc1ccc(cc1)S(=O)(=O)N[C@@H]1CC[C@H](CC(=O)N2CCc3ccccc3C2)O[C@@H]1CO'],,,,,
13057,BRD-K96989541,['54632175'],['CO[C@H]1CN(C)C(=O)c2ccc(NC(=O)NC(C)C)cc2OC[C@H](C)N(Cc2ccccn2)C[C@H]1C'],,,,,
13058,BRD-K97001739,['54638411'],['COc1ccccc1NC(=O)N[C@@H]1CC[C@H](CC(=O)NCc2ccc(Cl)c(Cl)c2)O[C@H]1CO'],,,,,
13059,BRD-K97008061,['54650073'],['OC[C@H]1[C@H]([C@H](C#N)N1C(=O)c1ccccc1F)c1ccccc1'],,,,,
13060,BRD-K97019106,['4392675'],['CC(=O)N1CC[N+](C)(C)CC1'],,,,,
13061,BRD-K97024014,['54650037'],['CCS(=O)(=O)N1[C@@H](CO)[C@H]([C@H]1C#N)c1ccc(cc1)-c1cccc(F)c1'],,,,,
13062,BRD-K97029281,['54654146'],['CC(C)c1cccc(NC(=O)C[C@H]2CC[C@H]3[C@@H](COc4ccc(NS(=O)(=O)c5ccccc5Cl)cc4C(=O)N3C)O2)c1'],,,,,
13063,BRD-K97031447,['54661245'],['CCCNC(=O)N1[C@@H]2Cn3c(ccc(-c4cccc(OC)c4)c3=O)[C@H]1[C@H]([C@@H]2CO)C(=O)NC1CCC1'],,,,,
13064,BRD-K97045804,['54639123'],['CN1CCN(CC1)C(=O)C[C@@H]1O[C@H](CO)[C@H](NS(=O)(=O)c2cccc(F)c2)C=C1'],,,,,
13065,BRD-K97048125,['54657848'],['COc1ccc(cc1)S(=O)(=O)N1C[C@@H](O)COC[C@H]2O[C@H](CC(=O)N[C@@H]3CCN(Cc4ccccc4)C3)CC[C@H]12'],,,,,
13066,BRD-K97062166,['54654507'],['CN1[C@@H]2CC[C@@H](CC(=O)NC3CCCCC3)O[C@H]2COc2ccc(NS(C)(=O)=O)cc2C1=O'],,,,,
13067,BRD-K97073065,['44490600'],['C[C@H](CO)N1C[C@H](C)[C@H](CN(C)Cc2ccc(cc2)C(F)(F)F)Oc3ccc(NC(=O)Nc4c(C)noc4C)cc3C1=O'],,,,,
13068,BRD-K97095445,['60185065'],['COc1ccc2c3c([nH]c2c1)[C@@H](CO)N(Cc1ccccc1OC)C[C@]31CN(C1)C(C)=O'],,,,,
13069,BRD-K97101742,['54645950'],['OC[C@@H]1O[C@H](CC(=O)NC2CCCC2)C[C@@H]3[C@H]1Oc4ccc(NC(=O)C5CCC5)cc34'],,,,,
13070,BRD-K97102829,['54646555'],['CN(C)C(=O)C[C@@H]1C[C@H]2[C@H](Oc3ccc(NC(=O)CC4CC4)cc23)[C@H](CO)O1'],,,,,
13071,BRD-K97103850,['54660689'],['OC[C@H]1[C@@H]2Cn3c(cccc3=O)[C@@H]2N(Cc2cccc(F)c2)[C@@H]1C(=O)NCC(F)(F)F'],,,,,
13072,BRD-K97112539,['54646479'],['C[C@H](NC(=O)C[C@@H]1C[C@H]2[C@H](Oc3ccc(NC(=O)C4CCOCC4)cc23)[C@H](CO)O1)c5ccccc5'],,,,,
13073,BRD-K97114030,['54664795'],['CN1[C@@H](CO)[C@H]2CCN[C@H]2c2cc(Br)ccc12'],,,,,
13074,BRD-K97143621,['54666609'],['CCS(=O)(=O)N1CCCCN2[C@H](CO)[C@H]([C@H]2C1)c1ccc(cc1)-c1ccc(cc1)C(=O)N(C)C'],,,,,
13075,BRD-K97149069,['44487439'],['CC(C)NC(=O)Nc1ccc2O[C@H](C)CCCCO[C@H](CN(C)Cc3ccccc3)[C@@H](C)CN([C@@H](C)CO)C(=O)c2c1'],,,,,
13076,BRD-K97165733,['54661137'],['OC[C@@H]1[C@H]2Cn3c(cccc3=O)[C@@H]([C@H]1C(=O)NCc1cc(F)cc(F)c1)N2C(=O)c1cnccn1'],,,,,
13077,BRD-K97166443,['54664941'],['OC[C@@H]1Nc2ccc(cc2[C@@H]2[C@H]1CCN2S(=O)(=O)c1ccccc1F)-c1ccccc1F'],,,,,
13078,BRD-K97173328,['54660727'],['OC[C@H]1[C@@H]2Cn3c(ccc(C4=CCCC4)c3=O)[C@@H]2N(CC2CC2)[C@@H]1C(=O)N1CCCCC1'],,,,,
13079,BRD-K97175782,['54666483'],['C\\C=C\\c1ccc(cc1)[C@H]1[C@H](CO)N2CCCCN(C[C@H]12)C(=O)Cc1cccnc1'],,,,,
13080,BRD-K97176469,['60184936'],['C\\C=C\\c1ccc(cc1)[C@@H]1[C@H]2CN(C[C@@H]1N2)C(=O)Nc1ccccc1F'],,,,,
13081,BRD-K97182575,['54651454'],['COCC(=O)N(C)C[C@@H]1[C@H]([C@H](CO)N1C(C)=O)c1ccc(cc1)-c1ccccc1'],,,,,
13082,BRD-K97185232,['56835466'],['C[C@@H](CO)N1C[C@H](C)[C@@H](CN(C)C(=O)C2CC2)OCc3ccccc3-c4c(C1=O)n(C)c5ccccc45'],,,,,
13083,BRD-K97186212,['44496399'],['C[C@@H](CO)N1C[C@@H](C)[C@H](CN(C)C(=O)Nc2ccc(cc2)C(C)(C)C)OCc3cn(CCCC1=O)nn3'],,,,,
13084,BRD-K97194666,['54657778'],['O[C@@H]1CN[C@@H]2CC[C@H](CC(=O)N3CCc4ccccc4C3)O[C@H]2COC1'],,,,,
13085,BRD-K97194822,['54666675'],['CN(C)CC(=O)N1CCCCN2[C@H](CO)[C@@H]([C@@H]2C1)c1ccc(\\C=C\\c2ccccc2)cc1'],,,,,
13086,BRD-K97196700,['54657909'],['O[C@@H]1CN[C@@H]2CC[C@@H](CC(=O)Nc3nccs3)O[C@H]2COC1'],,,,,
13087,BRD-K97233756,['44492216'],['C[C@H](CO)N1C[C@@H](C)[C@H](CN(C)C(=O)NC2CCCCC2)Oc3ccc(cc3C1=O)N(C)C'],,,,,
13088,BRD-K97235918,['54646134'],['OC[C@H]1O[C@H](CC(=O)NC2CCCCC2)C[C@@H]3[C@H]1Oc4ccc(NC(=O)c5cccnc5)cc34'],,,,,
13089,BRD-K97239800,['60189945'],['COc1ccc(CN2C[C@]3(CN(C3)C(C)=O)c3c([C@H]2CO)n(C)c2cc(OC)ccc32)cc1'],,,,,
13090,BRD-K97251260,['54654500'],['CN1[C@@H]2CC[C@H](CC(=O)Nc3cn(C)nc3C)O[C@H]2COc2ccc(NC(=O)C3CCOCC3)cc2C1=O'],,,,,
13091,BRD-K97258019,['54661296'],['OC[C@@H]1[C@H]2Cn3c(cccc3=O)[C@H](N2)[C@H]1C(=O)N1CCc2ccccc2C1'],,,,,
13092,BRD-K97274161,['3342390'],['CC(C)N(CCNC(=O)c1ccc(CNS(=O)(=O)c2ccc(C)cc2)cc1)Cc3ccccc3'],,,,,
13093,BRD-K97277752,['54637695'],['C[C@H](CO)N1C[C@@H](C)[C@@H](CN(C)S(=O)(=O)c2ccccc2C#N)OCc3ccccc3-c4ccccc4C1=O'],,,,,
13094,BRD-K97306770,['60191397'],['Cc1cccc(c1)-c1ccc(cc1)[C@@H]1[C@@H](CO)N2[C@@H]1CN(CC2=O)C(=O)c1ccc2OCOc2c1'],,,,,
13095,BRD-K97307478,['46903580'],['COc1ccccc1C#Cc2cnc3O[C@H](CN(C)C(=O)c4ccc5OCOc5c4)[C@H](C)CN([C@H](C)CO)C(=O)c3c2'],,,,,
13096,BRD-K97318829,['54651446'],['CCCNC(=O)N(C)C[C@@H]1[C@H]([C@H](CO)N1C(=O)c1ccccc1)c1ccccc1'],,,,,
13097,BRD-K97337381,['54654462'],['CN1[C@H]2CC[C@@H](CC(=O)NCc3ccc(cc3)-c3ccccc3)O[C@@H]2COc2ccc(NS(C)(=O)=O)cc2C1=O'],,,,,
13098,BRD-K97351331,['54664953'],['COc1ccc(cc1)NC(=O)N1CC[C@@H]2[C@@H](CO)N(C)c3ccc(cc3[C@H]12)-c1cccc(c1)C(=O)N(C)C'],,,,,
13099,BRD-K97357148,['44618358'],['C[C@H](CO)N1C[C@H](C)[C@H](CN(C)CC2CC2)OCCCC[C@@H](C)Oc3ccc(NS(=O)(=O)c4cn(C)cn4)cc3C1=O'],,,,,
13100,BRD-K97359152,['54631672'],['CO[C@@H]1CN(C)C(=O)c2cc(NC(=O)c3cc(C)on3)ccc2OC[C@@H](C)NC[C@H]1C'],,,,,
13101,BRD-K97364711,['54646157'],['OC[C@@H]1O[C@@H](CC(=O)NCCN2CCCCC2)C[C@@H]3[C@H]1Oc4ccc(NC(=O)Cc5ccncc5)cc34'],,,,,
13102,BRD-K97373677,['54654521'],['CC(C)C(=O)Nc1ccc2OC[C@H]3O[C@@H](CC(=O)Nc4ccc(Cl)cc4)CC[C@@H]3N(C)C(=O)c2c1'],,,,,
13103,BRD-K97400656,['54651398'],['CCC(=O)N(C)C[C@@H]1[C@H]([C@H](CO)N1Cc1cccnc1)c1ccccc1'],,,,,
13104,BRD-K97408390,['54654020'],['CN1[C@@H]2CC[C@H](CC(O)=O)O[C@H]2COc2ccc(NS(=O)(=O)c3ccccc3C)cc2C1=O'],,,,,
13105,BRD-K97423351,['44489025'],['C[C@H](CO)N1C[C@@H](C)[C@@H](CN(C)Cc2ccncc2)Oc3ccc(NC(=O)CCN4CCOCC4)cc3C1=O'],,,,,
13106,BRD-K97424427,['54654495'],['CN1[C@H]2CC[C@H](CC(=O)NCc3ccc(Cl)cc3)O[C@@H]2COc2ccc(NC(=O)Nc3c(C)noc3C)cc2C1=O'],,,,,
13107,BRD-K97424742,['54646737'],['CN(C)c1ccc2O[C@H]3[C@H](C[C@H](CC(=O)NCc4cc(F)ccc4F)O[C@H]3CO)c2c1'],,,,,
13108,BRD-K97440159,['54638900'],['C[C@@H](NC(=O)C[C@@H]1CC[C@H](NC(=O)c2cccnc2)[C@@H](CO)O1)c1ccccc1'],,,,,
13109,BRD-K97440728,['44503363'],['C[C@@H](CO)N1C[C@H](C)[C@@H](CN(C)Cc2ccc(cc2)C(F)(F)F)Oc3ccc(NC(=O)Cc4cn(C)c5ccccc45)cc3CC1=O'],,,,,
13110,BRD-K97448504,['54638011'],['C[C@H](CO)N1C[C@@H](C)[C@@H](CN(C)Cc2ccncc2)OCc3ccccc3-c4ccccc4C1=O'],,,,,
13111,BRD-K97460860,['60191652'],['CCCNC(=O)N1CC2(C1)[C@@H]([C@@H](CO)N2Cc1ccccn1)c1ccccc1'],,,,,
13112,BRD-K97466946,['54616967'],['C[C@H](CO)N1C[C@H](C)[C@@H](CN(C)Cc2ccc(Cl)c(Cl)c2)OCCCC[C@H](C)Oc3ccc(NS(=O)(=O)c4ccc(F)cc4)cc3C1=O'],,,,,
13113,BRD-K97468443,['54646255'],['OC[C@H]1O[C@H](CC(=O)NCc2ccccn2)C[C@H]3[C@@H]1Oc4ccc(NC(=O)c5ccc6OCOc6c5)cc34'],,,,,
13114,BRD-K97473407,['54649443'],['COc1cccc(c1)-c1cccc(c1)-c1nc(cc2CN([C@H](CCO)c12)[S@](=O)C(C)(C)C)C(=O)N(C)C'],,,,,
13115,BRD-K97481123,['44620789'],['CC(C)NC(=O)Nc1ccc2O[C@H](C)CCCCO[C@H](CN(C)C(=O)NC3CCCCC3)[C@H](C)CN([C@@H](C)CO)C(=O)c2c1'],,,,,
13116,BRD-K97481912,['56835263'],['C[C@@H](CO)N1C[C@H](C)[C@H](CN(C)S(=O)(=O)c2cccs2)OCc3ccccc3-c4ccccc4C1=O'],,,,,
13117,BRD-K97489107,['54638356'],['Cn1cnc(c1)S(=O)(=O)N[C@@H]1C=C[C@H](CC(=O)N2CCN(CC2)c2ccccc2)O[C@H]1CO'],,,,,
13118,BRD-K97492549,['54618432'],['C[C@@H](CO)N1C[C@@H](C)[C@H](CN(C)C(=O)C2CCCCC2)Oc3ncc(C#Cc4ccccc4F)cc3C1=O'],,,,,
13119,BRD-K97508452,['60191390'],['OC[C@@H]1[C@@H]([C@@H]2CN(CC(=O)N12)C(=O)C1CCC1)c1ccc(Br)cc1'],,,,,
13120,BRD-K97516320,['54651324'],['C\\C=C\\c1ccc(cc1)[C@@H]1[C@H](CO)N[C@H]1CN(CC(C)C)C(=O)c1ccccn1'],,,,,
13121,BRD-K97522823,['46846333'],['COc1ccc(Oc2c(cnn(-c3ccc(C)cc3)c2=O)-c2cccs2)cc1'],,,,,
13122,BRD-K97534490,['44142094'],['COc1ccc(OC)c(c1)c2nnc3SCC(=Nn23)c4ccc(OC)c(OCC5CC5)c4'],,,,,
13123,BRD-K97554220,['54649423'],['CN(C)C(=O)c1ccc(cc1)-c1cccc(c1)-c1nc(cc2CN([C@@H](CCO)c12)[S@@](=O)C(C)(C)C)C(=O)N(C)C'],,,,,
13124,BRD-K97585006,['54657961'],['COc1ccccc1NC(=O)N1C[C@@H](O)COC[C@@H]2O[C@H](CC(=O)NCCc3ccncc3)CC[C@@H]12'],,,,,
13125,BRD-K97591839,['9877425'],['NCCc1ccc(O)cc1N'],,,,,
13126,BRD-K97595524,['54657528'],['O[C@@H]1COC[C@H]2O[C@@H](CC(=O)N3CCN(CC3)c3ccccc3)CC[C@@H]2N(C1)C(=O)c1cnccn1'],,,,,
13127,BRD-K97599743,['54652438'],['OC[C@@H]1[C@H]2[C@H](CN(C(=O)c3cnccn3)c3ccccc23)N1CC1CCCC1'],,,,,
13128,BRD-K97614198,['54654116'],['CCCC(=O)Nc1ccc2OC[C@@H]3O[C@@H](CC(=O)NCc4cccc(F)c4)CC[C@@H]3N(C)C(=O)c2c1'],,,,,
13129,BRD-K97615779,['54618580'],['C/C=C/c1ccc2c(O[C@H](CN(C)C(=O)Cc3cccnc3)[C@H](C)CN([C@H](C)CO)S2(=O)=O)c1'],,,,,
13130,BRD-K97626184,['60185095'],['COc1cccc(CN2C[C@]3(CN(C)C3)c3c([nH]c4cc(OC)ccc34)[C@H]2CO)c1'],,,,,
13131,BRD-K97629076,['619526'],['Clc1ccc2Nc3cscc3C(=O)Nc2c1'],,,,,
13132,BRD-K97630236,['54646502'],['COCCNC(=O)C[C@@H]1C[C@H]2[C@H](Oc3ccc(NC(=O)Nc4ccc(cc4)C(F)(F)F)cc23)[C@@H](CO)O1'],,,,,
13133,BRD-K97631938,['2219490'],['FC(F)(F)c1ccccc1NC(=O)Cn2cc(C(=O)c3ccco3)c4ccccc24'],,,,,
13134,BRD-K97633445,['54654320'],['COC(=O)C[C@H]1CC[C@@H]2[C@H](COc3ccc(NC(=O)Nc4cc(C)cc(C)c4)cc3C(=O)N2C)O1'],,,,,
13135,BRD-K97636821,['54646731'],['OC[C@H]1O[C@@H](CC(=O)N2CCCCC2)C[C@@H]3[C@H]1Oc4ccc(NC(=O)C5CCOCC5)cc34'],,,,,
13136,BRD-K97657359,['54631711'],['CO[C@@H]1CN(C)C(=O)c2cc(NC(=O)Cc3ccccc3)ccc2OC[C@H](C)NC[C@H]1C'],,,,,
13137,BRD-K97671879,['44617719'],['C[C@H](CO)N1C[C@H](C)[C@H](CN(C)CC2CC2)OCCCC[C@@H](C)Oc3ccc(NS(=O)(=O)C)cc3C1=O'],,,,,
13138,BRD-K97701319,['5400439'],['Nc1ccc(cc1)C(=O)Nc2ccc(O)c(c2)c3nc4ccccc4o3'],,,,,
13139,BRD-K97722864,['56835291'],['C[C@@H](CO)N1C[C@@H](C)[C@H](CN(C)C(=O)NC2CCCCC2)OCc3ccccc3-c4c(C1=O)n(C)c5ccccc45'],,,,,
13140,BRD-K97727250,['44490160'],['C[C@@H](CO)N1C[C@H](C)[C@H](CN(C)C(=O)NC2CCCCC2)Oc3ccc(NC(=O)CCCN(C)C)cc3C1=O'],,,,,
13141,BRD-K97727749,['54631549'],['CO[C@H]1CN(C)C(=O)c2ccc(NC(=O)c3ccc(F)cc3)cc2OC[C@H](C)N(C[C@H]1C)C(=O)CC1CC1'],,,,,
13142,BRD-K97741410,['54638629'],['COC(=O)C[C@H]1CC[C@H](N)[C@@H](CO)O1'],,,,,
13143,BRD-K97748079,['54638314'],['COc1ccc(cc1)S(=O)(=O)N[C@H]1CC[C@H](CC(=O)N2CCC(Cc3ccccc3)CC2)O[C@H]1CO'],,,,,
13144,BRD-K97749477,['54632091'],['CO[C@@H]1CN(C)C(=O)c2ccc(NC(=O)c3cnccn3)cc2OC[C@@H](C)N(CCc2ccccc2)C[C@H]1C'],,,,,
13145,BRD-K97758158,['54646557'],['CN(C)C(=O)C[C@H]1C[C@H]2[C@H](Oc3ccc(NC(=O)CC4CC4)cc23)[C@H](CO)O1'],,,,,
13146,BRD-K97766167,['54631779'],['CO[C@H]1CN(C)C(=O)c2cc(NC(=O)c3cc(C)on3)ccc2OC[C@@H](C)N(CC2CC2)C[C@H]1C'],,,,,
13147,BRD-K97781791,['60191569'],['CC(=O)N1[C@H](CO)[C@@H](c2ccccc2)C11CN(C1)C(=O)c1ccccn1'],,,,,
13148,BRD-K97787842,['54631221'],['C[C@H](CO)N1C[C@H](C)[C@H](CN(C)C(=O)Nc2ccc(cc2)C(F)(F)F)Oc3cc(ccc3S1(=O)=O)c4ccc(C)cc4'],,,,,
13149,BRD-K97805274,['56835457'],['COc1cccc(c1)S(=O)(=O)N(C)C[C@@H]2OCc3ccccc3-c4ccccc4C(=O)N(C[C@H]2C)[C@H](C)CO'],,,,,
13150,BRD-K97808269,['9062'],['OC[C@H]1O[C@H](O)C[C@@H](O)[C@@H]1O'],,,,,
13151,BRD-K97821886,['54632188'],['CO[C@H]1CN(C)C(=O)c2ccc(NC(=O)C3CC3)cc2OC[C@H](C)N(Cc2ccncc2)C[C@@H]1C'],,,,,
13152,BRD-K97824883,['54652520'],['OC[C@H]1[C@H]2[C@H](CN(C(=O)c3ccccc3F)c3ccccc23)N1C(=O)C1CCCC1'],,,,,
13153,BRD-K97829610,['54639105'],['COc1ccc(NC(=O)N[C@@H]2CC[C@H](CC(=O)NC3CCC3)O[C@H]2CO)cc1'],,,,,
13154,BRD-K97860318,['44485828'],['CC(C)NC(=O)N(C)C[C@H]1OCCCC[C@H](C)Oc2ccc(NC(=O)CCCN(C)C)cc2C(=O)N(C[C@@H]1C)[C@H](C)CO'],,,,,
13155,BRD-K97863769,['54617022'],['C[C@H](CO)N1C[C@@H](C)[C@H](CN(C)CC2CCCCC2)OCCCC[C@@H](C)Oc3ccc(NS(=O)(=O)c4ccc(C)cc4)cc3C1=O'],,,,,
13156,BRD-K97864534,['54652635'],['COCC(=O)N1C[C@@H]2[C@@H]([C@@H](CO)N2C(=O)c2ccccc2F)c2ccccc12'],,,,,
13157,BRD-K97865175,['54661150'],['OC[C@@H]1[C@H]2Cn3c(cccc3=O)[C@@H]([C@H]1C(=O)NCCc1ccccc1)N2Cc1ccccn1'],,,,,
13158,BRD-K97873029,['60191269'],['OC[C@@H]1[C@@H]([C@@H]2CNCC(=O)N12)c1ccc(Br)cc1'],,,,,
13159,BRD-K97878521,['54651462'],['CN(C[C@H]1[C@@H]([C@@H](CO)N1C(=O)C1CC1)c1ccc(cc1)-c1cccnc1)C(C)=O'],,,,,
13160,BRD-K97888290,['44486277'],['C[C@@H](CO)N1C[C@H](C)[C@H](CN(C)Cc2ccc(Cl)c(Cl)c2)Oc3ccc(NC(=O)C4CC4)cc3CC1=O'],,,,,
13161,BRD-K97894266,['54657681'],['CN(C)CCCNC(=O)C[C@@H]1CC[C@@H]2[C@H](COC[C@@H](O)CN2S(=O)(=O)c2ccc(Cl)cc2)O1'],,,,,
13162,BRD-K97898255,['54665002'],['CN1[C@H](CO)[C@H]2CCN([C@H]2c2cc(ccc12)-c1cccc(c1)C#N)S(=O)(=O)c1ccccc1C'],,,,,
13163,BRD-K97910278,['54650096'],['CC(C)NC(=O)N1[C@@H](CO)[C@H]([C@@H]1C#N)c1ccc(cc1)-c1ccc(F)cc1'],,,,,
13164,BRD-K97919576,['44488374'],['CC(C)NC(=O)Nc1ccc2O[C@@H](CN(C)S(=O)(=O)C)[C@H](C)CN([C@H](C)CO)C(=O)c2c1'],,,,,
13165,BRD-K97924168,['54650139'],['OC[C@@H]1[C@H]([C@H](C#N)N1C(=O)Cc1ccncc1)c1ccc(cc1)C1=CCCCC1'],,,,,
13166,BRD-K97924280,['60189833'],['COc1ccc2c3c([nH]c2c1)[C@@H](CO)N(C[C@]31CCN(CC1)C(=O)c1ccccn1)C(=O)Nc1ccc(F)cc1'],,,,,
13167,BRD-K97925203,['56835248'],['CC(C)OC(=O)N(C)C[C@@H]1OCc2ccccc2-c3ccccc3C(=O)N(C[C@@H]1C)[C@@H](C)CO'],,,,,
13168,BRD-K97926541,['24747178'],['COc1ccccc1Nc2nc(NCCCCO)nc(n2)N3CCCC3'],,,,,
13169,BRD-K97936712,['42640808'],['Fc1ccc(CC2CCN(CC2)c2ncnc3sccc23)cc1'],,,,,
13170,BRD-K97939101,['54613921'],['COc1ccc(CN(C)C[C@H]2Oc3ccc(NC(=O)NC4CCCCC4)cc3CC(=O)N(C[C@H]2C)[C@@H](C)CO)cc1'],,,,,
13171,BRD-K97951054,['5281657'],['Cc1cc(O)cc2oc3cc(O)cc(O)c3c(=O)c12'],,,,,
13172,BRD-K97955841,['54660964'],['CCCNC(=O)[C@@H]1[C@@H](CO)[C@@H]2Cn3c(ccc(\\C=C\\c4ccccc4)c3=O)[C@H]1N2C(=O)c1ccncc1'],,,,,
13173,BRD-K97959949,['54618684'],['CC(C)CC#Cc1cnc2O[C@H](CN(C)C(=O)c3cccc(F)c3)[C@@H](C)CN([C@@H](C)CO)C(=O)c2c1'],,,,,
13174,BRD-K97961692,['44618620'],['CC(C)NC(=O)Nc1ccc2O[C@H](C)CCCCO[C@@H](CN(C)C(=O)NC(C)C)[C@@H](C)CN([C@@H](C)CO)C(=O)c2c1'],,,,,
13175,BRD-K97972722,['44485990'],['C[C@H](CO)N1C[C@H](C)[C@H](CN(C)Cc2ccncc2)Oc3ccc(NC(=O)Cc4cn(C)c5ccccc45)cc3C1=O'],,,,,
13176,BRD-K97973721,['44616514'],['C[C@H](CO)N1C[C@H](C)[C@@H](CN(C)CC2CCCCC2)OCCCC[C@H](C)Oc3ccc(NC(=O)c4ccccc4)cc3C1=O'],,,,,
13177,BRD-K97981711,['54657583'],['O[C@H]1COC[C@@H]2O[C@@H](CC(=O)N3CCOCC3)CC[C@H]2N(Cc2cccc(c2)-c2ccncc2)C1'],,,,,
13178,BRD-K97986353,['54631638'],['COCC(=O)N1C[C@@H](C)[C@H](CN(C)C(=O)c2ccc(NC(=O)c3ccc(OC)cc3)cc2OC[C@H]1C)OC'],,,,,
13179,BRD-K97993646,['54654587'],['COc1cccc(c1)C(=O)Nc1ccc2OC[C@@H]3O[C@@H](CC(=O)NCCCN4CCOCC4)CC[C@H]3N(C)C(=O)c2c1'],,,,,
13180,BRD-K98004941,['44504041'],['C[C@H](CO)N1C[C@H](C)[C@@H](CN(C)Cc2ccc(cc2)C(F)(F)F)OCCCC[C@@H](C)Oc3ccc(NC(=O)C4CCCCC4)cc3C1=O'],,,,,
13181,BRD-K98005081,['54637731'],['C[C@H](CO)N1C[C@@H](C)[C@H](CN(C)C(=O)Nc2ccc3OCOc3c2)OCc4ccccc4-c5c(C1=O)n(C)c6ccccc56'],,,,,
13182,BRD-K98025142,['701237'],['Cc1ccc(N2CCN(CC2)S(=O)(=O)N3CCCCC3)c(C)c1'],,,,,
13183,BRD-K98036459,['54658050'],['COC(=O)C[C@@H]1CC[C@@H]2[C@H](COC[C@@H](O)CN2CCC(F)(F)F)O1'],,,,,
13184,BRD-K98042112,['54646430'],['COc1ccc(NC(=O)Nc2ccc3O[C@@H]4[C@@H](C[C@@H](CC(=O)NC5CCCCC5)O[C@H]4CO)c3c2)cc1'],,,,,
13185,BRD-K98044070,['44618633'],['COc1ccc(cc1)S(=O)(=O)Nc2ccc3O[C@@H](C)CCCCO[C@@H](CN(C)C)[C@@H](C)CN([C@H](C)CO)C(=O)c3c2'],,,,,
13186,BRD-K98054202,['54657498'],['O[C@H]1COC[C@@H]2O[C@@H](CC(=O)Nc3nccs3)CC[C@H]2N(Cc2cc(F)cc(F)c2)C1'],,,,,
13187,BRD-K98062050,['54652575'],['OC[C@@H]1[C@@H]2[C@@H](CNc3ccccc23)N1Cc1ccccc1Cl'],,,,,
13188,BRD-K98062520,['54632154'],['CO[C@H]1CN(C)C(=O)c2cc(NC(=O)NC(C)C)ccc2OC[C@H](C)N(Cc2ccccc2)C[C@H]1C'],,,,,
13189,BRD-K98062568,['54638406'],['COc1ccccc1NC(=O)N[C@@H]1CC[C@@H](CC(=O)NCc2ccc(Cl)c(Cl)c2)O[C@@H]1CO'],,,,,
13190,BRD-K98064019,['49843374'],['COc1ccc(NC(=O)Nc2ccc3O[C@@H](CN(C)C(=O)Nc4ccccc4)[C@H](C)CN([C@@H](C)CO)C(=O)Cc3c2)cc1'],,,,,
13191,BRD-K98065679,['54651278'],['CC(C)N(C[C@H]1[C@H]([C@H](CO)N1C(C)=O)c1ccccc1)C(=O)c1ccc(F)cc1'],,,,,
13192,BRD-K98079119,['44241432'],['OC(c1ccc(NC(=O)c2ccc(F)cc2F)cc1)(C(F)(F)F)C(F)(F)F'],,,,,
13193,BRD-K98092496,['54654035'],['CN1[C@@H]2CC[C@H](CC(=O)NCc3ccccc3Cl)O[C@@H]2COc2ccc(NC(=O)Nc3cccc(C)c3)cc2C1=O'],,,,,
13194,BRD-K98099906,['54638345'],['OC[C@@H]1O[C@@H](CC(=O)NCCCN2CCOCC2)CC[C@@H]1NC(=O)Nc1ccc2OCOc2c1'],,,,,
13195,BRD-K98113345,['44202300'],['CC(C)NC(=O)Nc1ccc2O[C@H](CN(C)S(=O)(=O)C)[C@@H](C)CN([C@H](C)CO)C(=O)c2c1'],,,,,
13196,BRD-K98123586,['54654592'],['CN1[C@H]2CC[C@H](CC(=O)NCc3ccc4OCOc4c3)O[C@H]2COc2ccc(NC(=O)C3CCOCC3)cc2C1=O'],,,,,
13197,BRD-K98135954,['54632070'],['CO[C@H]1CN(C)C(=O)c2ccc(NC(=O)c3ccno3)cc2OC[C@H](C)NC[C@@H]1C'],,,,,
13198,BRD-K98150670,['44487620'],['C[C@@H](CO)N1C[C@@H](C)[C@H](CN(C)Cc2ccc(Cl)c(Cl)c2)Oc3ccc(NC(=O)C4CC4)cc3CC1=O'],,,,,
13199,BRD-K98161915,['44619237'],['C[C@@H](CO)N1C[C@H](C)[C@@H](CN(C)CC2CCCCC2)Oc3ccc(NC(=O)c4ccncc4)cc3CC1=O'],,,,,
13200,BRD-K98168260,['54652678'],['OC[C@@H]1[C@H]2[C@H](CN(c3ccccc23)S(=O)(=O)c2ccc(F)cc2)N1Cc1ccccc1Cl'],,,,,
13201,BRD-K98168655,['44504594'],['C[C@@H](CO)N1C[C@@H](C)[C@@H](CN(C)S(=O)(=O)C)Oc2ccc(NC(=O)Nc3ccc(cc3)C(F)(F)F)cc2CC1=O'],,,,,
13202,BRD-K98168679,['56835414'],['C[C@H](CO)N1C[C@H](C)[C@@H](CN(C)C(=O)[C@@H]2CCCN2C)OCc3ccccc3-c4c(C1=O)n(C)c5ccccc45'],,,,,
13203,BRD-K98173387,['44807133'],['OC(=O)CCN1C(=S)S\\C(=C/c2cccc(OCc3ccc(F)cc3)c2)C1=O'],,,,,
13204,BRD-K98192020,['60191289'],['CS(=O)(=O)N1C[C@@H]2[C@H]([C@H](CO)N2C(=O)C1)c1ccc(Br)cc1'],,,,,
13205,BRD-K98194167,['54613925'],['C[C@H](CO)N1C[C@H](C)[C@@H](CN(C)S(=O)(=O)C)Oc2ccc(NC(=O)Nc3cccc4ccccc34)cc2CC1=O'],,,,,
13206,BRD-K98194519,['54631489'],['CO[C@H]1CN(C)C(=O)c2cc(NS(=O)(=O)c3c(C)noc3C)ccc2OC[C@@H](C)NC[C@@H]1C'],,,,,
13207,BRD-K98196975,['54616112'],['C[C@@H](CO)N1C[C@@H](C)[C@@H](CN(C)Cc2ccc(cc2)C(F)(F)F)OCCCC[C@@H](C)Oc3ccc(NC(=O)Nc4cccc5ccccc45)cc3C1=O'],,,,,
13208,BRD-K98219271,['4832119'],['CN(C)S(=O)(=O)c1ccc(N2CCCC2)c(c1)C(=O)N3CCN(CC3)c4ccc(cc4)[N+](=O)[O-]'],,,,,
13209,BRD-K98225498,['54665061'],['OC[C@@H]1Nc2ccc(cc2[C@H]2[C@@H]1CCN2C(=O)C1CCOCC1)-c1cccc(F)c1'],,,,,
13210,BRD-K98240084,['54645989'],['OC[C@H]1O[C@H](CC(=O)N2CCc3ccccc3C2)C[C@H]4[C@@H]1Oc5ccc(NS(=O)(=O)c6ccc(F)cc6)cc45'],,,,,
13211,BRD-K98245706,['54666579'],['COc1ccccc1-c1ccc(cc1)[C@@H]1[C@H](CO)N2CCCCN(C[C@@H]12)C(=O)c1cccnc1'],,,,,
13212,BRD-K98252401,['60191036'],['CCC(=O)N1C[C@H]2[C@@H]([C@@H](CO)N2C(=O)C1)c1ccc(cc1)C#Cc1cccnc1'],,,,,
13213,BRD-K98259048,['54645860'],['OC[C@H]1O[C@H](CC(=O)NCC2CC2)C[C@@H]3[C@H]1Oc4ccc(NC(=O)CC5CC5)cc34'],,,,,
13214,BRD-K98283674,['60191789'],['CN(C)CC(=O)N1CC2(C1)[C@@H]([C@H](CO)N2S(C)(=O)=O)c1ccccc1'],,,,,
13215,BRD-K98286370,['56835367'],['CO[C@@H](C(=O)N(C)C[C@H]1OCc2ccccc2-c3c(C(=O)N(C[C@@H]1C)[C@H](C)CO)n(C)c4ccccc34)c5ccccc5'],,,,,
13216,BRD-K98288062,['44460137'],['Fc1ccc(cc1)C(=O)OCC#CCSc1nnc(o1)-c1cccc(F)c1'],,,,,
13217,BRD-K98297262,['4362'],['CCN1C(=O)C=CC1=O'],,,,,
13218,BRD-K98320434,['54646047'],['COCCNC(=O)C[C@H]1C[C@H]2[C@H](Oc3ccc(NC(=O)CN(C)C)cc23)[C@H](CO)O1'],,,,,
13219,BRD-K98321674,['54631281'],['CO[C@@H]1CN(C)C(=O)c2ccc(NC(=O)C3CCOCC3)cc2OC[C@H](C)N(Cc2nccs2)C[C@H]1C'],,,,,
13220,BRD-K98326205,['60191402'],['OC[C@@H]1[C@@H]([C@@H]2CN(CC(=O)N12)C(=O)c1ccc(F)cc1)c1ccc(cc1)C#CCC1CCCC1'],,,,,
13221,BRD-K98327170,['44616782'],['C[C@@H](CO)N1C[C@@H](C)[C@H](CN(C)C(=O)C2CCCCC2)OCCCC[C@@H](C)Oc3ccc(NC(=O)Nc4ccc(cc4)C(F)(F)F)cc3C1=O'],,,,,
13222,BRD-K98328967,['60185261'],['COc1ccc2c3c([nH]c2c1)[C@H](CO)N(Cc1ccccc1)C[C@]31CCN(CC1)C(=O)NC(C)C'],,,,,
13223,BRD-K98336812,['12333113'],['C[N+](C)(C)CCCN1c2ccc(O)cc2Sc2ccc(Cl)cc12'],,,,,
13224,BRD-K98367121,['54650100'],['OC[C@H]1[C@@H]([C@@H](C#N)N1C(=O)Cc1ccccc1)c1ccc(cc1)-c1cncnc1'],,,,,
13225,BRD-K98367403,['60190011'],['COCC(=O)N1CC2(C1)N(CCC(F)(F)F)[C@@H](CO)[C@H]2c1ccc(\\C=C\\C)cc1'],,,,,
13226,BRD-K98370047,['54666575'],['COc1ccccc1-c1ccc(cc1)[C@H]1[C@@H](CO)N2CCCCN(C[C@H]12)C(=O)c1cccnc1'],,,,,
13227,BRD-K98370172,['54646702'],['OC[C@H]1O[C@H](CC(=O)NCc2ccc3OCOc3c2)C[C@@H]4[C@H]1Oc5ccc(NC(=O)C6CCOCC6)cc45'],,,,,
13228,BRD-K98374785,['54651437'],['CCC(=O)N(C)C[C@@H]1[C@@H]([C@H](CO)N1C(=O)NC(C)C)c1ccc(cc1)\\C=C\\C'],,,,,
13229,BRD-K98376600,['54646081'],['CN1CCN(CC1)C(=O)C[C@H]2C[C@H]3[C@H](Oc4ccc(NS(=O)(=O)C)cc34)[C@H](CO)O2'],,,,,
13230,BRD-K98383296,['54654019'],['CN1[C@H]2CC[C@H](CC(=O)Nc3ccc4CCCc4c3)O[C@@H]2COc2ccc(NC(=O)c3ccccc3Cl)cc2C1=O'],,,,,
13231,BRD-K98386238,['60190099'],['CCCC(=O)N1CC[C@@]2(CC1)CN[C@H](CO)c1[nH]c3cc(OC)ccc3c21'],,,,,
13232,BRD-K98403755,['54654371'],['CN1CCN(CC1)C(=O)C[C@@H]1CC[C@H]2[C@H](COc3ccc(NC(=O)C4CCOCC4)cc3C(=O)N2C)O1'],,,,,
13233,BRD-K98404142,['16219061'],['C[C@@]12CC[C@H]3[C@@H](CC[C@H]4C[C@H](O)CC[C@@]43C)[C@@H]2C[C@H](Br)C1=O'],,,,,
13234,BRD-K98419480,['54649358'],['CC(C)(C)[S@@](=O)N1Cc2cc(nc(c2[C@H]1CCO)-c1cccc(c1)-c1ccccc1F)C(=O)NC1CCC1'],,,,,
13235,BRD-K98427832,['54617209'],['C[C@H](CO)N1C[C@H](C)[C@H](CN(C)S(=O)(=O)c2ccc(Cl)cc2)OCCCC[C@H](C)Oc3ccc(NC(=O)Nc4ccccc4)cc3C1=O'],,,,,
13236,BRD-K98437249,['44490906'],['CC(C)NC(=O)Nc1ccc2O[C@H](C)CCCCO[C@H](CN(C)C(=O)CCCN(C)C)[C@@H](C)CN([C@@H](C)CO)C(=O)c2c1'],,,,,
13237,BRD-K98439022,['42288156'],['Fc1ccc(c(F)c1)-n1ncc2[C@@H](CCCc12)NC(=O)c1ccccn1'],,,,,
13238,BRD-K98463649,['54646280'],['CN(C)c1ccc2O[C@H]3[C@H](C[C@@H](CC(=O)NCC4CC4)O[C@H]3CO)c2c1'],,,,,
13239,BRD-K98468968,['54632059'],['CO[C@H]1CN(C)C(=O)c2ccc(NS(=O)(=O)c3ccccc3C)cc2OC[C@@H](C)N(C)C[C@@H]1C'],,,,,
13240,BRD-K98471960,['54649488'],['CO[C@H]1CC[C@H]2CCN(C)C(=O)[C@H](C)[C@H](CN(C)C(=O)c3cccc(C#N)c3OC[C@H]1O2)OC'],,,,,
13241,BRD-K98481427,['60185206'],['COc1ccc(cc1)S(=O)(=O)N1[C@H]2CNC[C@@H]1[C@H]2c1ccc(cc1)-c1ccncc1'],,,,,
13242,BRD-K98519396,['7067264'],['CC1(C)[C@H](O)CC[C@@]2(C)[C@H](COc3ccc4ccc(=O)oc4c3)C(=C)CC[C@H]12'],,,,,
13243,BRD-K98546361,['49835857'],['O=C(Cn1nc(-c2ccccc2)c2ccccc12)Oc1ccccc1'],,,,,
13244,BRD-K98546418,['60189703'],['C\\C=C\\c1ccc(cc1)[C@H]1[C@H](CO)N(C11CN(C1)C(=O)C1CCCC1)S(=O)(=O)Cc1ccccc1'],,,,,
13245,BRD-K98569658,['54665012'],['CN1[C@@H](CO)[C@H]2CCN([C@H]2c2cc(ccc12)C1=CCCCC1)C(=O)C1CCCC1'],,,,,
13246,BRD-K98575502,['50898054'],['CCOc1ccc(cc1)-c1nc(CSCC(=O)NCC#C)c(C)o1'],,,,,
13247,BRD-K98607641,['54638620'],['CN1CCN(CC1)C(=O)C[C@@H]1O[C@@H](CO)[C@@H](NC(=O)Nc2ccccc2F)C=C1'],,,,,
13248,BRD-K98622504,['54631303'],['COCC(=O)Nc1ccc2c(OC[C@@H](C)N(Cc3cccc(F)c3)C[C@@H](C)[C@H](CN(C)C2=O)OC)c1'],,,,,
13249,BRD-K98624380,['44494414'],['C[C@H](CO)N1C[C@H](C)[C@H](CN(C)Cc2ccncc2)OCCCC[C@@H](C)Oc3ccc(NC(=O)c4ccncc4)cc3C1=O'],,,,,
13250,BRD-K98626176,['54631472'],['CO[C@@H]1CN(C)C(=O)c2ccc(NC(=O)Nc3ccccc3Cl)cc2OC[C@H](C)NC[C@H]1C'],,,,,
13251,BRD-K98634983,['73707342'],['OC[C@@H](O)[C@@H](O)[C@H](O)[C@H](O)/C=N/NC(=O)CCCCC(=O)NO'],,,,,
13252,BRD-K98638910,['54639041'],['Cc1ccc(cc1)S(=O)(=O)N[C@@H]1C=C[C@@H](CC(=O)NCCN2CCCCC2)O[C@H]1CO'],,,,,
13253,BRD-K98641517,['54660993'],['CCCN1[C@H]([C@H](CO)[C@H]2Cn3c(ccc(\\C=C\\c4ccccc4)c3=O)[C@@H]12)C(=O)NCc1ccncn1'],,,,,
13254,BRD-K98645985,['54633693'],['CO[C@H]1CN(C)C(=O)c2cc(NC(=O)NC(C)C)ccc2OC[C@H](C)N(Cc2ccc(cc2)-c2ccccn2)C[C@@H]1C'],,,,,
13255,BRD-K98668154,['54657822'],['O[C@H]1COC[C@@H]2O[C@@H](CC(=O)N3CCC(Cc4ccccc4)CC3)CC[C@H]2N(Cc2nccs2)C1'],,,,,
13256,BRD-K98675009,['54652588'],['OC[C@@H]1[C@H]2[C@H](CN(C(=O)C3CC3)c3ccccc23)N1C(=O)c1ccccc1'],,,,,
13257,BRD-K98676361,['56835503'],['CC(C)COC(=O)N(C)C[C@@H]1OCc2ccccc2-c3ccccc3C(=O)N(C[C@H]1C)[C@@H](C)CO'],,,,,
13258,BRD-K98676510,['44241405'],['OC(c1ccc(NS(=O)(=O)c2ccc(s2)-c2ccccn2)cc1)(C(F)(F)F)C(F)(F)F'],,,,,
13259,BRD-K98695146,['56835422'],['C[C@H](CO)N1C[C@@H](C)[C@H](CN(C)S(=O)(=O)c2ccccc2F)OCc3ccccc3-c4ccccc4C1=O'],,,,,
13260,BRD-K98710661,['60185184'],['COc1ccc2c3c([nH]c2c1)[C@@H](CO)N(Cc1cccc(F)c1)C[C@]31CCN(CC1)C(C)=O'],,,,,
13261,BRD-K98716460,['54646067'],['COCC(=O)Nc1ccc2O[C@H]3[C@H](C[C@H](CC(=O)N[C@@H](C)c4ccccc4)O[C@H]3CO)c2c1'],,,,,
13262,BRD-K98731749,['44618522'],['COc1ccc(CN(C)C[C@H]2OCCCC[C@H](C)Oc3ccc(NC(=O)Nc4ccc(cc4)C(F)(F)F)cc3C(=O)N(C[C@H]2C)[C@H](C)CO)cc1'],,,,,
13263,BRD-K98739056,['44506777'],['C[C@@H](CO)N1C[C@H](C)[C@@H](CN(C)Cc2ccc(cc2)C(=O)Nc3ccccc3N)Oc4c(NC(=O)Nc5ccccc5)cccc4C1=O'],,,,,
13264,BRD-K98783629,['54631304'],['CO[C@H]1CN(C)C(=O)c2cc(NC(C)=O)ccc2OC[C@H](C)N(C[C@@H]1C)S(=O)(=O)c1cn(C)cn1'],,,,,
13265,BRD-K98793371,['54631843'],['CCCC(=O)Nc1ccc2OC[C@H](C)N(Cc3nccs3)C[C@H](C)[C@H](CN(C)C(=O)c2c1)OC'],,,,,
13266,BRD-K98803880,['54618470'],['C[C@@H](O)C#Cc1cnc2O[C@H](CN(C)C(=O)Cc3ccncc3)[C@H](C)CN([C@@H](C)CO)C(=O)c2c1'],,,,,
13267,BRD-K98814272,['53382629'],['CN1CCN(CC1)C(=O)C[C@H]1O[C@H](CO)[C@@H](NS(=O)(=O)c2cccc(F)c2)C=C1'],,,,,
13268,BRD-K98822179,['54659792'],['O[C@H]1COC[C@@H]2O[C@H](CC(=O)NCCc3ccncc3)CC[C@H]2N(Cc2cccc(F)c2)C1'],,,,,
13269,BRD-K98824517,['5756371'],['CCn1nc(/C=C/c2ccccc2)nc3c(=O)n(C)c(=O)nc13'],,,,,
13270,BRD-K98830854,['54638989'],['OC[C@@H]1O[C@@H](CC(=O)NCCc2ccncc2)CC[C@@H]1NC(=O)Cc1ccccn1'],,,,,
13271,BRD-K98832591,['44617482'],['C[C@H](CO)N1C[C@H](C)[C@@H](CN(C)Cc2ccc(cc2)C(=O)Nc3ccccc3N)Oc4ccc(NC(=O)Nc5ccc(F)cc5)cc4CC1=O'],,,,,
13272,BRD-K98834499,['54646119'],['CCCNC(=O)C[C@H]1C[C@@H]2[C@@H](Oc3ccc(NC(=O)COC)cc23)[C@@H](CO)O1'],,,,,
13273,BRD-K98834634,['44507216'],['C[C@H](CO)N1C[C@@H](C)[C@H](CN(C)Cc2ccc(cc2)c3ccccc3)Oc4ccc(NC(=O)CCCCCC(=O)Nc5ccccc5N)cc4CC1=O'],,,,,
13274,BRD-K98842254,['54646720'],['COc1cccc(c1)S(=O)(=O)Nc2ccc3O[C@H]4[C@H](C[C@H](CC(=O)NCc5ccc(Cl)cc5)O[C@@H]4CO)c3c2'],,,,,
13275,BRD-K98846091,['49835862'],['COc1ccccc1C#Cc2cnc3O[C@@H](CN(C)S(=O)(=O)c4cn(C)cn4)[C@H](C)CN([C@@H](C)CO)C(=O)c3c2'],,,,,
13276,BRD-K98850601,['54649525'],['CO[C@@H]1CC[C@@H]2CCN(C)C(=O)[C@@H](C)[C@@H](CN(C)C(=O)c3cc(ccc3OC[C@H]1O2)C#N)OC'],,,,,
13277,BRD-K98856658,['3223669'],['COc1cccc(c1)c2csc(n2)N3CCN(CC3)C(=Nc4cccc(Cl)c4)S'],,,,,
13278,BRD-K98866561,['54650074'],['COc1ccccc1C#Cc1ccc(cc1)[C@H]1[C@@H](CO)N([C@H]1C#N)C(=O)C1CC1'],,,,,
13279,BRD-K98869108,['54646125'],['C[C@@H](NC(=O)C[C@H]1C[C@@H]2[C@@H](Oc3ccc(NC(=O)c4ccc5OCOc5c4)cc23)[C@@H](CO)O1)c6ccccc6'],,,,,
13280,BRD-K98870618,['60184908'],['COc1ccccc1NC(=O)N1C[C@H]2N[C@@H](C1)[C@H]2c1ccc(cc1)-c1cccc(c1)C#N'],,,,,
13281,BRD-K98881366,['54638982'],['OC[C@@H]1O[C@@H](CC(=O)NCCN2CCCC2)CC[C@@H]1NC(=O)c1cccc(F)c1'],,,,,
13282,BRD-K98896788,['46907806'],['C[C@@H](CO)N1C[C@@H](C)[C@H](CN(C)S(=O)(=O)c2ccccc2F)Oc3c(NC(=O)Nc4cccc5ccccc45)cccc3C1=O'],,,,,
13283,BRD-K98909007,['54638540'],['OC[C@@H]1O[C@@H](CC(=O)NCc2cc(F)cc(F)c2)C=C[C@@H]1NC(=O)c1ccccn1'],,,,,
13284,BRD-K98936959,['44618011'],['C[C@@H](CO)N1C[C@@H](C)[C@@H](CN(C)Cc2ccc(cc2)C(F)(F)F)OCCCC[C@@H](C)Oc3ccc(NS(=O)(=O)c4c(C)noc4C)cc3C1=O'],,,,,
13285,BRD-K98945308,['54657652'],['O[C@@H]1COC[C@H]2O[C@H](CC(=O)NCc3ccncn3)CC[C@@H]2N(C1)S(=O)(=O)c1cccc(F)c1'],,,,,
13286,BRD-K98948170,['56840728'],['OC(=O)[C@H]1CCCC[C@H]1C(=O)N1CCc2ccccc2[C@H]1CN1C(=O)c2ccccc2C1=O'],,,,,
13287,BRD-K98950492,['54631693'],['CO[C@@H]1CN(C)C(=O)c2ccc(NC(=O)C3CCOCC3)cc2OC[C@@H](C)N(C[C@H]1C)C(=O)c1ccccc1'],,,,,
13288,BRD-K98956791,['54657969'],['Cc1noc(C)c1NC(=O)N1C[C@H](O)COC[C@@H]2O[C@@H](CC(=O)NCC3CC3)CC[C@@H]12'],,,,,
13289,BRD-K98980304,['54638701'],['Cc1noc(C)c1NC(=O)NCC[C@@H]1CC[C@@H](NC(=O)c2ccc(F)cc2)[C@H](CO)O1'],,,,,
13290,BRD-K98988337,['44496311'],['CC(C)NC(=O)Nc1cccc2C(=O)N(C[C@@H](C)[C@@H](CN(C)C)Oc12)[C@@H](C)CO'],,,,,
13291,BRD-K98988824,['60189725'],['COc1ccc2c3c([C@@H](CO)N(C[C@]33CCN(CC3)C(=O)Nc3c(C)noc3C)C(=O)Nc3ccc(F)cc3)n(C)c2c1'],,,,,
13292,BRD-K98990727,['54660901'],['CCCNC(=O)[C@H]1[C@H](CO)[C@H]2Cn3c(cccc3=O)[C@H]2N1C'],,,,,
13293,BRD-K98991361,['792012'],['CC(=O)Nc1cccc(NC(=O)c2ccccc2Cl)c1'],,,,,
13294,BRD-K98993678,['54645959'],['COCC(=O)Nc1ccc2O[C@H]3[C@H](C[C@@H](CC(=O)N4CCOCC4)O[C@@H]3CO)c2c1'],,,,,
13295,BRD-K98995789,['44496046'],['COc1ccc(NC(=O)Nc2cccc3C(=O)N(C[C@H](C)[C@@H](CN(C)Cc4ccc5OCOc5c4)Oc23)[C@H](C)CO)cc1'],,,,,
13296,BRD-K98997045,['54631530'],['CO[C@@H]1CN(C)C(=O)c2ccc(NC(=O)C3CC3)cc2OC[C@@H](C)N(Cc2cc(F)ccc2F)C[C@H]1C'],,,,,
13297,BRD-K98998964,['54646407'],['C[C@H](NC(=O)C[C@@H]1C[C@@H]2[C@@H](Oc3ccc(cc23)N(C)C)[C@@H](CO)O1)c4ccccc4'],,,,,
13298,BRD-K99017327,['44485456'],['C[C@@H](CO)N1C[C@@H](C)[C@@H](CN(C)Cc2ccc(Oc3ccccc3)cc2)Oc4ccc(NC(=O)Nc5ccc6OCOc6c5)cc4C1=O'],,,,,
13299,BRD-K99020117,['44487540'],['CC(C)NC(=O)N(C)C[C@@H]1OCCCC[C@@H](C)Oc2ccc(NC(=O)CCCN(C)C)cc2C(=O)N(C[C@H]1C)[C@@H](C)CO'],,,,,
13300,BRD-K99026889,['56835429'],['C[C@@H](CO)N1C[C@H](C)[C@@H](CN(C)C(=O)CCN(C)C)OCc2ccccc2-c3c(C1=O)n(C)c4ccccc34'],,,,,
13301,BRD-K99032206,['54664976'],['COc1ccccc1CN1CC[C@H]2[C@@H]1c1cc(ccc1N[C@H]2CO)C#Cc1ccccc1'],,,,,
13302,BRD-K99048249,['54637799'],['COc1ccc(NC(=O)N(C)C[C@H]2OCc3ccccc3-c4c(C(=O)N(C[C@H]2C)[C@H](C)CO)n(C)c5ccccc45)c(OC)c1'],,,,,
13303,BRD-K99049289,['60189670'],['CCCNC(=O)N1C[C@]2(CN(CC3CCCCC3)C2)c2c([C@H]1CO)n(C)c1cc(OC)ccc21'],,,,,
13304,BRD-K99050286,['44491908'],['C[C@H](CO)N1C[C@H](C)[C@H](CN(C)Cc2ccc3OCOc3c2)Oc4c(NS(=O)(=O)C)cccc4C1=O'],,,,,
13305,BRD-K99055802,['54638223'],['COc1ccc(cc1)S(=O)(=O)N[C@H]1C=C[C@H](CC(=O)NCCc2ccncc2)O[C@H]1CO'],,,,,
13306,BRD-K99102143,['60190088'],['COc1ccc2c3c([C@@H](CO)N(C[C@]33CCN(CC3)C(=O)CN(C)C)C(=O)C3CC3)n(C)c2c1'],,,,,
13307,BRD-K99103407,['54657579'],['O[C@@H]1COC[C@H]2O[C@H](CC(=O)N3CCOCC3)CC[C@@H]2N(Cc2cccc(c2)-c2ccncc2)C1'],,,,,
13308,BRD-K99104612,['54631755'],['CCC(=O)Nc1ccc2c(OC[C@H](C)N(CCc3ccccc3)C[C@@H](C)[C@@H](CN(C)C2=O)OC)c1'],,,,,
13309,BRD-K99115033,['54638467'],['OC[C@H]1O[C@@H](CC(=O)N2CCOCC2)CC[C@@H]1NC(=O)c1ccccn1'],,,,,
13310,BRD-K99128867,['56835336'],['C[C@@H](CO)N1C[C@H](C)[C@@H](CN(C)C(=O)NC2CCCCC2)OCc3ccccc3-c4c(C1=O)n(C)c5ccccc45'],,,,,
13311,BRD-K99135512,['44607974'],['Fc1ccc(cc1)S(=O)(=O)C(=C\\c1cccn1S(=O)(=O)c1ccccc1)\\C#N'],,,,,
13312,BRD-K99136192,['54632203'],['CO[C@@H]1CN(C)C(=O)c2cc(NS(=O)(=O)Cc3ccccc3)ccc2OC[C@@H](C)NC[C@H]1C'],,,,,
13313,BRD-K99146421,['60138071'],['C(Nc1ncnc2ccc(cc12)-c1ccc2OCOc2c1)C1CCCC1'],,,,,
13314,BRD-K99149118,['54657898'],['O[C@H]1COC[C@H]2O[C@@H](CC(=O)NCc3ccc(Oc4ccccc4)cc3)CC[C@@H]2N(CCC(F)(F)F)C1'],,,,,
13315,BRD-K99159184,['56835402'],['CC(C)[C@@H](C)NC(=O)N(C)C[C@@H]1OCc2ccccc2-c3ccccc3C(=O)N(C[C@H]1C)[C@H](C)CO'],,,,,
13316,BRD-K99169187,['54654345'],['COc1cccc(NC(=O)Nc2ccc3OC[C@H]4O[C@H](CC(=O)NCCc5ccccc5)CC[C@@H]4N(C)C(=O)c3c2)c1'],,,,,
13317,BRD-K99179945,['44486299'],['COc1ccc(CN(C)C[C@@H]2Oc3ccc(NC(=O)Cc4ccccc4)cc3CC(=O)N(C[C@H]2C)[C@H](C)CO)cc1'],,,,,
13318,BRD-K99182933,['54664946'],['COCC(=O)N1CC[C@H]2[C@@H]1c1cc(ccc1N[C@H]2CO)C#Cc1ccc(F)cc1'],,,,,
13319,BRD-K99185973,['60184948'],['COc1cccc(c1)-c1ccc(cc1)[C@@H]1[C@@H]2CNC[C@H]1N2Cc1cccnc1'],,,,,
13320,BRD-K99188848,['60184874'],['C\\C=C\\c1ccc(cc1)[C@H]1[C@H]2CN(C[C@@H]1N2)S(=O)(=O)c1cn(C)cn1'],,,,,
13321,BRD-K99191181,['54637692'],['C[C@@H](CO)N1C[C@@H](C)[C@H](CN(C)S(=O)(=O)c2c(C)noc2C)OCc3ccccc3-c4c(C1=O)n(C)c5ccccc45'],,,,,
13322,BRD-K99192901,['54618497'],['C[C@@H](CO)N1C[C@@H](C)[C@@H](CN(C)Cc2cncnc2)Oc3cc(C#CC4CCCC4)ccc3S1(=O)=O'],,,,,
13323,BRD-K99198153,['54654422'],['CCS(=O)(=O)Nc1ccc2OC[C@H]3O[C@@H](CC(=O)N[C@@H]4CCN(Cc5ccccc5)C4)CC[C@H]3N(C)C(=O)c2c1'],,,,,
13324,BRD-K99219003,['54637779'],['C[C@@H](CO)N1C[C@H](C)[C@@H](CN(C)C(=O)[C@H](Cc2ccccc2)N(C)C)OCc3ccccc3-c4ccccc4C1=O'],,,,,
13325,BRD-K99224100,['54637660'],['C[C@H](CO)N1C[C@H](C)[C@H](CN(C)Cc2cccnc2)OCc3ccccc3-c4c(C1=O)n(C)c5ccccc45'],,,,,
13326,BRD-K99259037,['54619273'],['C[C@@H](CO)N1C[C@@H](C)[C@H](CN(C)C(=O)Nc2cc(F)ccc2F)Oc3cc(C#CC4CCCC4)ccc3S1(=O)=O'],,,,,
13327,BRD-K99265073,['54651207'],['CC(C)CN(C[C@H]1[C@H]([C@H](CO)N1C(C)=O)c1ccccc1)C(=O)c1ccccn1'],,,,,
13328,BRD-K99268544,['54639028'],['OC[C@H]1O[C@H](CCn2cc(Cc3ccccc3)nn2)CC[C@@H]1NC(=O)Nc1cccc(Cl)c1'],,,,,
13329,BRD-K99299141,['54661284'],['CCCN1[C@@H]([C@@H](CO)[C@@H]2Cn3c(ccc(-c4cccnc4)c3=O)[C@H]12)C(=O)NC1CCC1'],,,,,
13330,BRD-K99303177,['44492509'],['CNC[C@@H]1Oc2ccc(NS(=O)(=O)c3cn(C)cn3)cc2CC(=O)N(C[C@@H]1C)[C@H](C)CO'],,,,,
13331,BRD-K99306975,['60185019'],['COc1ccc2c3c([nH]c2c1)[C@@H](CO)N(Cc1ccncc1)C[C@]31CCN(CC2CCOCC2)CC1'],,,,,
13332,BRD-K99307487,['54649538'],['CO[C@@H]1CC[C@H]2CCOc3c(cccc3C(=O)N(C)C[C@H](CC(=O)N(C)C[C@@H]1O2)c1ccccc1)C#N'],,,,,
13333,BRD-K99310510,['60189774'],['COc1ccc2c3c([nH]c2c1)[C@@H](CO)N(Cc1nccs1)C[C@]31CCN(Cc2cccnc2)CC1'],,,,,
13334,BRD-K99311353,['54666506'],['OC[C@@H]1[C@H]([C@@H]2CN(CCCCN12)C(=O)CN1CCOCC1)c1ccc(Br)cc1'],,,,,
13335,BRD-K99327410,['54661139'],['CN(C)CCCNC(=O)[C@@H]1[C@@H](CO)[C@@H]2Cn3c(ccc(C4=CCCC4)c3=O)[C@@H]2N1CCC(F)(F)F'],,,,,
13336,BRD-K99335646,['54651276'],['CC(C)N(C[C@H]1[C@H]([C@@H](CO)N1C(C)=O)c1ccccc1)C(=O)c1ccc(F)cc1'],,,,,
13337,BRD-K99339232,['54646289'],['OC[C@@H]1O[C@@H](CC(=O)NC2CCCCC2)C[C@H]3[C@@H]1Oc4ccc(NC(=O)Nc5ccccc5F)cc34'],,,,,
13338,BRD-K99344911,['54649987'],['Cc1ccccc1S(=O)(=O)N1[C@@H](CO)[C@@H]([C@H]1C#N)c1ccc(cc1)C#CC1CC1'],,,,,
13339,BRD-K99349510,['54637811'],['C[C@H](CO)N1C[C@H](C)[C@H](CN(C)C(=O)N[C@@H](C)c2ccccc2)OCc3ccccc3-c4ccccc4C1=O'],,,,,
13340,BRD-K99354840,['60189775'],['COc1ccc2c3c([C@H](CO)N(Cc4nccs4)C[C@]33CCN(CC3)C(=O)CN(C)C)n(C)c2c1'],,,,,
13341,BRD-K99369826,['54652566'],['COc1ccc(CN2[C@H](CO)[C@@H]3[C@H]2CN(C(=O)Nc2ccc(F)cc2)c2ccccc32)cc1'],,,,,
13342,BRD-K99381377,['44498441'],['C[C@@H](CO)N1C[C@H](C)[C@H](CN(C)Cc2ccccc2)Oc3c(NC(=O)c4ccncc4)cccc3C1=O'],,,,,
13343,BRD-K99383477,['54646406'],['C[C@@H](NC(=O)C[C@@H]1C[C@@H]2[C@@H](Oc3ccc(cc23)N(C)C)[C@@H](CO)O1)c4ccccc4'],,,,,
13344,BRD-K99395085,['44498248'],['C[C@H](CO)N1C[C@@H](C)[C@H](CN(C)Cc2ccc(Cl)c(Cl)c2)OCCCC[C@@H](C)Oc3ccc(cc3C1=O)N(C)C'],,,,,
13345,BRD-K99398689,['60182667'],['CC(C)N(C[C@@H]1[C@H]([C@@H](CO)N1CC1CC1)c1ccc(cc1)C1=CCCC1)C(C)=O'],,,,,
13346,BRD-K99423120,['25243730'],['C[C@@H]1CN(CCN1S(=O)(=O)c2c(F)cccc2F)S(=O)(=O)c3ccc4OCCOc4c3'],,,,,
13347,BRD-K99433267,['44486984'],['C[C@H](CO)N1C[C@H](C)[C@H](CN(C)C(=O)C2CCCCC2)OCCCC[C@H](C)Oc3ccc(NS(=O)(=O)c4ccccc4)cc3C1=O'],,,,,
13348,BRD-K99438709,['54666685'],['COc1cccc(c1)-c1ccc(cc1)[C@H]1[C@@H](CO)N2CCCCN(C[C@@H]12)C(=O)c1ccc(F)cc1'],,,,,
13349,BRD-K99439802,['44616498'],['C[C@@H](CO)N1C[C@H](C)[C@@H](CN(C)Cc2ccccc2)OCCCC[C@H](C)Oc3ccc(NS(=O)(=O)c4ccc(C)cc4)cc3C1=O'],,,,,
13350,BRD-K99447056,['44618097'],['C[C@@H](CO)N1C[C@@H](C)[C@H](CN(C)Cc2ccncc2)Oc3ccc(NC(=O)CCC(F)(F)F)cc3CC1=O'],,,,,
13351,BRD-K99450499,['60189960'],['COCC(=O)N1C[C@@]2(C1)CN(Cc1cccc(F)c1)[C@H](CO)c1c2c2ccc(OC)cc2n1C'],,,,,
13352,BRD-K99452176,['54654358'],['CN1[C@@H]2CC[C@@H](CC(=O)NC3Cc4ccccc4C3)O[C@H]2COc2ccc(NS(=O)(=O)c3ccccc3F)cc2C1=O'],,,,,
13353,BRD-K99465084,['44484005'],['C[C@H](CO)N1C[C@H](C)[C@@H](CN(C)Cc2ccc(Cl)c(Cl)c2)Oc3ccc(NC(=O)c4ccncc4)cc3C1=O'],,,,,
13354,BRD-K99469128,['60187317'],['COc1ccc2c3c([C@@H](CO)N(CC4CC4)C[C@]33CN(C3)C(=O)c3ccccc3)n(C)c2c1'],,,,,
13355,BRD-K99469929,['54631408'],['CCCNC(=O)Nc1ccc2OC[C@@H](C)N(Cc3ccc(cc3)-c3ccccn3)C[C@H](C)[C@H](CN(C)C(=O)c2c1)OC'],,,,,
13356,BRD-K99475920,['15945391'],['COc1ccc(cc1NC(=O)c2cc3CCCCc3s2)S(=O)(=O)N4CCOCC4'],,,,,
13357,BRD-K99481965,['54650146'],['CC(C)C#Cc1ccc(cc1)[C@H]1[C@H](CO)N([C@H]1C#N)C(=O)c1cccc(F)c1'],,,,,
13358,BRD-K99487580,['54613916'],['C[C@@H](CO)N1C[C@@H](C)[C@H](CN(C)Cc2ccncc2)Oc3ccc(NC(=O)Nc4cccc5ccccc45)cc3CC1=O'],,,,,
13359,BRD-K99496840,['54650054'],['OC[C@H]1[C@H]([C@@H](C#N)N1C(=O)Nc1cccc(F)c1)c1ccccc1'],,,,,
13360,BRD-K99502566,['44506727'],['C[C@@H](CO)N1C[C@@H](C)[C@H](CN(C)Cc2ccc(cc2)C(=O)Nc3ccccc3N)Oc4c(NC(=O)Nc5ccccc5)cccc4C1=O'],,,,,
13361,BRD-K99515159,['54631828'],['CCCNC(=O)Nc1ccc2c(OC[C@H](C)N(C[C@@H](C)[C@@H](CN(C)C2=O)OC)C(=O)C2CCOCC2)c1'],,,,,
13362,BRD-K99517495,['54646631'],['OC[C@@H]1O[C@@H](CC(=O)NCC(F)(F)F)C[C@@H]2[C@H]1Oc3ccc(NC(=O)c4cccnc4)cc23'],,,,,
13363,BRD-K99524324,['54650069'],['OC[C@H]1[C@@H]([C@@H](C#N)N1C(=O)c1ccccc1F)c1ccccc1'],,,,,
13364,BRD-K99530743,['50897566'],['CC1(C)Oc2c(C=C1)ccc(O)c2C(=O)\\C=C\\c1ccccc1'],,,,,
13365,BRD-K99533437,['54638348'],['OC[C@H]1O[C@H](CC(=O)NCCCN2CCOCC2)CC[C@@H]1NC(=O)Nc1ccc2OCOc2c1'],,,,,
13366,BRD-K99536035,['60190961'],['OC[C@@H]1[C@@H]([C@H]2CN(CC(=O)N12)C(=O)c1cnccn1)c1ccc(cc1)-c1cccc(F)c1'],,,,,
13367,BRD-K99536165,['54666661'],['OC[C@H]1[C@@H]([C@@H]2CN(CCCCN12)C(=O)NC1CCCC1)c1ccc(cc1)-c1cccnc1'],,,,,
13368,BRD-K99547414,['54657965'],['Cc1noc(C)c1NC(=O)N1C[C@@H](O)COC[C@H]2O[C@H](CC(=O)NCC3CC3)CC[C@H]12'],,,,,
13369,BRD-K99554241,['20355585'],['COc1cc2c(CCNC(C)=O)c(C)[nH]c2cc1Cl'],,,,,
13370,BRD-K99567057,['54632061'],['CCCN1C[C@@H](C)[C@@H](CN(C)C(=O)c2ccc(NS(=O)(=O)c3cn(C)cn3)cc2OC[C@@H]1C)OC'],,,,,
13371,BRD-K99567611,['54638523'],['CN(C)CCCNC(=O)C[C@@H]1CC[C@@H](NS(=O)(=O)c2ccc(C)cc2)[C@H](CO)O1'],,,,,
13372,BRD-K99569179,['54652417'],['OC[C@H]1[C@H]2[C@H](CN(C(=O)Nc3cccc(Cl)c3)c3ccccc23)N1CC1CCOCC1'],,,,,
13373,BRD-K99578584,['60191106'],['OC[C@H]1[C@@H]([C@H]2CN(CC(=O)N12)C(=O)Cc1cccnc1)c1ccc(\\C=C\\c2ccccc2)cc1'],,,,,
13374,BRD-K99582188,['8056691'],['Clc1ccc(Cn2ncc3c(ncnc23)N2CCN(CC2)c2ccccc2)cc1'],,,,,
13375,BRD-K99597257,['44491662'],['C[C@H](CO)N1C[C@@H](C)[C@H](CN(C)Cc2ccncc2)Oc3ccc(NC(=O)CCN4CCOCC4)cc3C1=O'],,,,,
13376,BRD-K99605820,['25105722'],['O=C(NCc1cccc2ccccc12)c3cccs3'],,,,,
13377,BRD-K99615821,['54657853'],['COc1ccc(cc1)S(=O)(=O)N1C[C@@H](O)COC[C@H]2O[C@@H](CC(=O)N[C@@H]3CCN(Cc4ccccc4)C3)CC[C@H]12'],,,,,
13378,BRD-K99626027,['54631926'],['COCC(=O)Nc1ccc2OC[C@H](C)N(Cc3cc(F)ccc3F)C[C@@H](C)[C@H](CN(C)C(=O)c2c1)OC'],,,,,
13379,BRD-K99626290,['54664875'],['COCC(=O)N1CC[C@@H]2[C@H]1c1cc(ccc1N[C@H]2CO)-c1cccc(c1)C(=O)N(C)C'],,,,,
13380,BRD-K99628932,['54649543'],['CO[C@H]1CC[C@H]2CCOc3c(cccc3C(=O)N(C)C[C@H](CC(=O)N(C)C[C@@H]1O2)c1ccccc1)C#N'],,,,,
13381,BRD-K99633092,['44237409'],['OC(c1ccc(NS(=O)(=O)c2ccc(Cl)c3nonc23)cc1)(C(F)(F)F)C(F)(F)F'],,,,,
13382,BRD-K99633760,['60189687'],['COc1ccc2c3c([C@H](CO)N(C[C@]33CN(C3)C(=O)c3cccnc3)C(=O)Nc3ccc(F)cc3)n(C)c2c1'],,,,,
13383,BRD-K99638197,['54652479'],['OC[C@@H]1[C@H]2[C@H](CN(C(=O)CC(F)(F)F)c3ccccc23)N1Cc1cccnc1'],,,,,
13384,BRD-K99638701,['54637709'],['C[C@H](CO)N1C[C@@H](C)[C@@H](CN(C)C(=O)CCC(F)(F)F)OCc2ccccc2-c3c(C1=O)n(C)c4ccccc34'],,,,,
13385,BRD-K99643744,['56835428'],['COc1ccccc1S(=O)(=O)N(C)C[C@@H]2OCc3ccccc3-c4ccccc4C(=O)N(C[C@H]2C)[C@H](C)CO'],,,,,
13386,BRD-K99644669,['54650018'],['OC[C@H]1N[C@H](C#N)[C@@H]1c1ccc(cc1)-c1cccc(F)c1'],,,,,
13387,BRD-K99647384,['54658072'],['O[C@@H]1COC[C@H]2O[C@H](CC(=O)NCCc3ccccc3)CC[C@@H]2N(Cc2ccc(Cl)cc2)C1'],,,,,
13388,BRD-K99660708,['60189872'],['COc1ccc2c3c([C@@H](CO)N(C)C[C@]33CN(C3)C(=O)C3CCC3)n(C)c2c1'],,,,,
13389,BRD-K99691991,['54618528'],['COCC(=O)N(C)C[C@H]1Oc2cc(C#Cc3cccnc3)ccc2S(=O)(=O)N(C[C@@H]1C)[C@H](C)CO'],,,,,
13390,BRD-K99692850,['54647099'],['COc1ccccc1CNC(=O)C[C@H]2C[C@H]3[C@H](Oc4ccc(NC(=O)Nc5ccccc5F)cc34)[C@H](CO)O2'],,,,,
13391,BRD-K99700039,['54638980'],['COc1ccccc1NC(=O)N[C@@H]1CC[C@@H](CCNS(=O)(=O)c2ccccc2)O[C@H]1CO'],,,,,
13392,BRD-K99718824,['56835451'],['COc1cccc(NC(=O)N(C)C[C@H]2OCc3ccccc3-c4c(C(=O)N(C[C@@H]2C)[C@H](C)CO)n(C)c5ccccc45)c1'],,,,,
13393,BRD-K99723587,['54646354'],['OC[C@H]1O[C@H](CC(=O)NCc2cccnc2)C[C@H]3[C@@H]1Oc4ccc(NC(=O)Nc5ccc(cc5)C(F)(F)F)cc34'],,,,,
13394,BRD-K99737413,['44607577'],['CC(C)c1cccc(C(C)C)c1NC(=O)c1ccc(o1)-c1cc(Cl)ccc1Cl'],,,,,
13395,BRD-K99749622,['60190189'],['COc1cccc(NC(=O)N2CC3(C2)[C@H]([C@H](CO)N3C(C)=O)c2ccccc2)c1'],,,,,
13396,BRD-K99750259,['16016502'],['COC(=O)c1ccc(CSc2nc3CCCc3c(O)n2)cc1'],,,,,
13397,BRD-K99750636,['60187511'],['COc1ccc2c3c([nH]c2c1)[C@H](CO)N(Cc1ccccn1)C[C@]31CCN(CC1)C(C)=O'],,,,,
13398,BRD-K99756483,['44486455'],['C[C@@H](CO)N1C[C@@H](C)[C@H](CN(C)Cc2ccc3OCOc3c2)Oc4ccc(NC(=O)Cc5cn(C)c6ccccc56)cc4C1=O'],,,,,
13399,BRD-K99775849,['54638272'],['COc1ccccc1-c1cn(CC[C@@H]2CC[C@@H](NC(=O)c3cnccn3)[C@H](CO)O2)nn1'],,,,,
13400,BRD-K99785919,['54645964'],['COCC(=O)Nc1ccc2O[C@H]3[C@H](C[C@H](CC(=O)N4CCOCC4)O[C@H]3CO)c2c1'],,,,,
13401,BRD-K99786514,['54661134'],['OC[C@@H]1[C@H]2Cn3c(ccc(-c4ccccc4F)c3=O)[C@@H]([C@H]1C(=O)NC1CCCC1)N2C(=O)CC1CC1'],,,,,
13402,BRD-K99795671,['54649950'],['CCc1csc(n1)N1[C@H](CO)[C@@H]([C@@H]1C#N)c1ccc(cc1)\\C=C\\C'],,,,,
13403,BRD-K99808872,['54654356'],['COC(=O)C[C@@H]1CC[C@H]2[C@@H](COc3ccc(NC(=O)c4cccc(Cl)c4)cc3C(=O)N2C)O1'],,,,,
13404,BRD-K99809487,['54638628'],['COC(=O)C[C@H]1CC[C@@H](N)[C@H](CO)O1'],,,,,
13405,BRD-K99827928,['60191007'],['CCC(=O)N1C[C@@H]2[C@H]([C@@H](CO)N2C(=O)C1)c1ccc(cc1)C#Cc1cccnc1'],,,,,
13406,BRD-K99842945,['60187856'],['CN1[C@@H](CO)[C@H]2CCN([C@H]2c2cc(ccc12)C1=CCCCC1)C(=O)NC1CCCC1'],,,,,
13407,BRD-K99874282,['54657788'],['COCCNC(=O)C[C@H]1CC[C@H]2[C@@H](COC[C@@H](O)CN2C(=O)c2cc(Cl)cc(Cl)c2)O1'],,,,,
13408,BRD-K99880843,['54632056'],['CO[C@@H]1CN(C)C(=O)c2ccc(NS(C)(=O)=O)cc2OC[C@H](C)N(Cc2nccs2)C[C@H]1C'],,,,,
13409,BRD-K99882679,['54645825'],['CCCNC(=O)C[C@@H]1C[C@H]2[C@H](Oc3ccc(NC(=O)Nc4ccccc4F)cc23)[C@H](CO)O1'],,,,,
13410,BRD-K99902401,['54657650'],['O[C@@H]1COC[C@H]2O[C@@H](CC(=O)NCc3ccncn3)CC[C@@H]2N(C1)S(=O)(=O)c1cccc(F)c1'],,,,,
13411,BRD-K99913693,['54649431'],['COc1ccccc1-c1cccc(c1)-c1nc(cc2CN([C@H](CCO)c12)[S@](=O)C(C)(C)C)C(=O)N1CCN(C)CC1'],,,,,
13412,BRD-K99927461,['54646503'],['COCCNC(=O)C[C@H]1C[C@@H]2[C@@H](Oc3ccc(NC(=O)Nc4ccc(cc4)C(F)(F)F)cc23)[C@H](CO)O1'],,,,,
13413,BRD-K99944604,['54638654'],['COc1cccc(CNC(=O)C[C@@H]2O[C@@H](CO)[C@@H](NC(=O)C3CCC3)C=C2)c1'],,,,,
13414,BRD-K99949435,['54631392'],['CO[C@@H]1CN(C)C(=O)c2cc(NC(C)=O)ccc2OC[C@@H](C)N(C[C@@H]1C)C(=O)c1ccc(F)cc1'],,,,,
13415,BRD-K99950451,['54632168'],['CCCNC(=O)Nc1ccc2OC[C@H](C)NC[C@H](C)[C@@H](CN(C)C(=O)c2c1)OC'],,,,,
13416,BRD-K99958302,['44500857'],['C[C@H](CO)N1C[C@H](C)[C@@H](CN(C)Cc2ccncc2)OCCCC[C@@H](C)Oc3ccc(NC(=O)CCCN(C)C)cc3C1=O'],,,,,
13417,BRD-K99978152,['54632073'],['CO[C@@H]1CN(C)C(=O)c2cc(NC(=O)Nc3cccc(Cl)c3)ccc2OC[C@H](C)NC[C@H]1C'],,,,,
13418,BRD-K99999497,['54650199'],['CC(C)NC(=O)N1[C@H](CO)[C@H]([C@@H]1C#N)c1ccc(cc1)C#CC1CCCCC1'],,,,,
13419,BRD-M00964333,['54660988'],['C\\C=C\\c1ccc2n(C[C@H]3[C@H](CO)[C@@H](C(=O)N[C@@H](C)c4ccccc4)N(C(=O)c4nccnc4)[C@@H]23)c1=O.C\\C=C/c1ccc2n(C[C@H]3[C@H](CO)[C@@H](C(=O)N[C@@H](C)c4ccccc4)N(C(=O)c4nccnc4)[C@@H]23)c1=O'],,,,,
13420,BRD-M02207845,['54660739'],['C\\C=C\\c1ccc2n(C[C@H]3[C@H](CO)[C@@H](C(=O)N(C)C)[C@@H]2N3C(=O)c2ccc(F)cc2)c1=O.C\\C=C/c1ccc2n(C[C@H]3[C@H](CO)[C@@H](C(=O)N(C)C)[C@@H]2N3C(=O)c2ccc(F)cc2)c1=O'],,,,,
13421,BRD-M03805540,['54660927'],['C\\C=C\\c1ccc2n(C[C@@H]3[C@@H](CO)[C@H](C(=O)Nc4ccccc4)N(CC4CCCC4)[C@H]23)c1=O.C\\C=C/c1ccc2n(C[C@@H]3[C@@H](CO)[C@H](C(=O)Nc4ccccc4)N(CC4CCCC4)[C@H]23)c1=O'],,,,,
13422,BRD-M04224464,['54660937'],['CCNC(=O)[C@@H]1[C@@H](CO)[C@@H]2Cn3c(=O)c(ccc3[C@@H]2N1C(=O)CC1CC1)\\C=C\\C.CCNC(=O)[C@@H]1[C@@H](CO)[C@@H]2Cn3c(=O)c(ccc3[C@@H]2N1C(=O)CC1CC1)\\C=C/C'],,,,,
13423,BRD-M06931697,['54662475'],['CCCNC(=O)[C@H]1[C@H](CO)[C@H]2Cn3c(ccc(\\C=C\\C)c3=O)[C@H]2N1Cc1cccc(F)c1.CCCNC(=O)[C@H]1[C@H](CO)[C@H]2Cn3c(ccc(\\C=C/C)c3=O)[C@H]2N1Cc1cccc(F)c1'],,,,,
13424,BRD-M08461891,['54661156'],['CCCNC(=O)[C@@H]1[C@@H](CO)[C@@H]2Cn3c(ccc(\\C=C\\C)c3=O)[C@H]1N2C(=O)Nc1cc(F)ccc1F.CCCNC(=O)[C@@H]1[C@@H](CO)[C@@H]2Cn3c(ccc(\\C=C/C)c3=O)[C@H]1N2C(=O)Nc1cc(F)ccc1F'],,,,,
13425,BRD-M09121311,['54661285'],['C\\C=C\\c1ccc2[C@H]3[C@H]([C@H](CO)[C@@H](Cn2c1=O)N3C)C(=O)NCc1ccccn1.C\\C=C/c1ccc2[C@H]3[C@H]([C@H](CO)[C@@H](Cn2c1=O)N3C)C(=O)NCc1ccccn1'],,,,,
13426,BRD-M10589662,['54660776'],['COC(=O)[C@H]1[C@H](CO)[C@H]2Cn3c(=O)c(\\C=C\\C)ccc3[C@@H]1N2CC1CCOCC1.COC(=O)[C@H]1[C@H](CO)[C@H]2Cn3c(=O)c(ccc3[C@@H]1N2CC1CCOCC1)\\C=C/C'],,,,,
13427,BRD-M11500571,['54660940'],['CCNC(=O)[C@H]1[C@H](CO)[C@H]2Cn3c(=O)c(ccc3[C@H]2N1C(=O)CC1CC1)\\C=C\\C.CCNC(=O)[C@H]1[C@H](CO)[C@H]2Cn3c(=O)c(ccc3[C@H]2N1C(=O)CC1CC1)\\C=C/C'],,,,,
13428,BRD-M12187987,['54660675'],['C\\C=C\\c1ccc2[C@H]3N[C@@H](Cn2c1=O)[C@H](CO)[C@H]3C(=O)NCc1ccc2OCOc2c1.C\\C=C/c1ccc2[C@H]3N[C@@H](Cn2c1=O)[C@H](CO)[C@H]3C(=O)NCc1ccc2OCOc2c1'],,,,,
13429,BRD-M12376605,['54661153'],['CCCNC(=O)[C@H]1[C@H](CO)[C@H]2Cn3c(ccc(\\C=C\\C)c3=O)[C@@H]1N2C(=O)Nc1cc(F)ccc1F.CCCNC(=O)[C@H]1[C@H](CO)[C@H]2Cn3c(ccc(\\C=C/C)c3=O)[C@@H]1N2C(=O)Nc1cc(F)ccc1F'],,,,,
13430,BRD-M15189060,['73707567'],['CN1CC(=O)NC1=N.NCCc1c[nH]c2cc(O)ccc12'],,,,,
13431,BRD-M16214895,['73707565'],['CN1CC(=O)NC1=N.COc1cc(O)cc2c(CCN)c[nH]c12'],,,,,
13432,BRD-M17304464,['54661288'],['C\\C=C\\c1ccc2[C@@H]3[C@@H]([C@@H](CO)[C@H](Cn2c1=O)N3C)C(=O)NCc1ccccn1.C\\C=C/c1ccc2[C@@H]3[C@@H]([C@@H](CO)[C@H](Cn2c1=O)N3C)C(=O)NCc1ccccn1'],,,,,
13433,BRD-M18093923,['54661385'],['C\\C=C\\c1ccc2n(C[C@H]3[C@H](CO)[C@@H](C(=O)NCC(F)(F)F)N(C(=O)c4cccnc4)[C@@H]23)c1=O.C\\C=C/c1ccc2n(C[C@H]3[C@H](CO)[C@@H](C(=O)NCC(F)(F)F)N(C(=O)c4cccnc4)[C@@H]23)c1=O'],,,,,
13434,BRD-M18345234,['54661130'],['CCN1[C@H]2Cn3c(=O)c(\\C=C\\C)ccc3[C@@H]1[C@H](C(=O)N[C@H](C)c1ccccc1)[C@H]2CO.CCN1[C@H]2Cn3c(=O)c(\\C=C/C)ccc3[C@@H]1[C@H](C(=O)N[C@H](C)c1ccccc1)[C@H]2CO'],,,,,
13435,BRD-M19115046,['54660768'],['C\\C=C\\c1ccc2n(C[C@H]3[C@H](CO)[C@@H](C(=O)NCc4ccncn4)N(C(=O)NC4CCCC4)[C@@H]23)c1=O.C\\C=C/c1ccc2n(C[C@H]3[C@H](CO)[C@@H](C(=O)NCc4ccncn4)N(C(=O)NC4CCCC4)[C@@H]23)c1=O'],,,,,
13436,BRD-M20534100,['54661071'],['COc1ccccc1CN1[C@@H](C(=O)N2CCOCC2)[C@H](CO)[C@H]2Cn3c(=O)c(\\C=C\\C)ccc3[C@@H]12.COc1ccccc1CN1[C@@H](C(=O)N2CCOCC2)[C@H](CO)[C@H]2Cn3c(=O)c(\\C=C/C)ccc3[C@@H]12'],,,,,
13437,BRD-M22248829,['54660711'],['CCCNC(=O)[C@H]1[C@H](CO)[C@H]2Cn3c(ccc(\\C=C\\C)c3=O)[C@H]2N1Cc1cocn1.CCCNC(=O)[C@H]1[C@H](CO)[C@H]2Cn3c(ccc(\\C=C/C)c3=O)[C@H]2N1Cc1cocn1'],,,,,
13438,BRD-M22422412,['54661043'],['C\\C=C\\c1ccc2n(C[C@@H]3[C@@H](CO)[C@H](C(=O)NCCc4ncn(C)c4)N(C(=O)C4CCC4)[C@H]23)c1=O.C\\C=C/c1ccc2n(C[C@@H]3[C@@H](CO)[C@H](C(=O)NCCc4ncn(C)c4)N(C(=O)C4CCC4)[C@H]23)c1=O'],,,,,
13439,BRD-M22555785,['54660968'],['C\\C=C\\c1ccc2n(C[C@@H]3[C@@H](CO)[C@H](C(O)=O)[C@H]2N3S(=O)(=O)c2ccccc2F)c1=O.C\\C=C/c1ccc2n(C[C@@H]3[C@@H](CO)[C@H](C(O)=O)[C@H]2N3S(=O)(=O)c2ccccc2F)c1=O'],,,,,
13440,BRD-M23605671,['54661256'],['COc1ccccc1CN1[C@@H]2Cn3c(=O)c(\\C=C\\C)ccc3[C@H]1[C@@H](C(=O)NCC1CC1)[C@@H]2CO.COc1ccccc1CN1[C@@H]2Cn3c(=O)c(\\C=C/C)ccc3[C@H]1[C@@H](C(=O)NCC1CC1)[C@@H]2CO'],,,,,
13441,BRD-M23876883,['54660874'],['C\\C=C\\c1ccc2n(C[C@@H]3[C@@H](CO)[C@H](C(=O)NCc4ccccc4Cl)N(S(C)(=O)=O)[C@H]23)c1=O.C\\C=C/c1ccc2n(C[C@@H]3[C@@H](CO)[C@H](C(=O)NCc4ccccc4Cl)N(S(C)(=O)=O)[C@H]23)c1=O'],,,,,
13442,BRD-M24732042,['54661307'],['COCC(=O)N1[C@H]2Cn3c(ccc(\\C=C\\C)c3=O)[C@@H]1[C@@H]([C@H]2CO)C(=O)NCc1ccc2OCOc2c1.COCC(=O)N1[C@H]2Cn3c(ccc(\\C=C/C)c3=O)[C@@H]1[C@@H]([C@H]2CO)C(=O)NCc1ccc2OCOc2c1'],,,,,
13443,BRD-M25555076,['73707564'],['CN1CC(=O)NC1=N.COc1cc2[nH]cc(CCN)c2cc1O'],,,,,
13444,BRD-M28080892,['54661219'],['CCC(=O)N1[C@@H]2Cn3c(ccc(\\C=C\\C)c3=O)[C@H]1[C@H]([C@@H]2CO)C(=O)NCCc1cn(C)cn1.CCC(=O)N1[C@@H]2Cn3c(ccc(\\C=C/C)c3=O)[C@H]1[C@H]([C@@H]2CO)C(=O)NCCc1cn(C)cn1'],,,,,
13445,BRD-M28563253,['73707571'],['C[N+](C)(C)CCOc1ccc(CCN)cc1O.C[N+](C)(C)CCOc1cc(CCN)ccc1O'],,,,,
13446,BRD-M29192968,['54661225'],['C\\C=C\\c1ccc2n(C[C@@H]3[C@@H](CO)[C@H](C(=O)NCCCN4CCOCC4)[C@H]2N3Cc2ncoc2)c1=O.C\\C=C/c1ccc2n(C[C@@H]3[C@@H](CO)[C@H](C(=O)NCCCN4CCOCC4)[C@H]2N3Cc2ncoc2)c1=O'],,,,,
13447,BRD-M29370314,['73707568'],['CN(C)CCOc1ccc(CCN)cc1O.CN(C)CCOc1cc(CCN)ccc1O'],,,,,
13448,BRD-M30664582,['54660930'],['C\\C=C\\c1ccc2n(C[C@H]3[C@H](CO)[C@@H](C(=O)Nc4ccccc4)N(CC4CCCC4)[C@@H]23)c1=O.C\\C=C/c1ccc2n(C[C@H]3[C@H](CO)[C@@H](C(=O)Nc4ccccc4)N(CC4CCCC4)[C@@H]23)c1=O'],,,,,
13449,BRD-M30758753,['54660703'],['CCNC(=O)[C@H]1[C@H](CO)[C@H]2Cn3c(ccc(\\C=C\\C)c3=O)[C@@H]1N2Cc1cccc(Cl)c1.CCNC(=O)[C@H]1[C@H](CO)[C@H]2Cn3c(ccc(\\C=C/C)c3=O)[C@@H]1N2Cc1cccc(Cl)c1'],,,,,
13450,BRD-M31016039,['54660812'],['C\\C=C\\c1ccc2[C@@H]3[C@H](Cn2c1=O)[C@@H](CO)[C@@H](N3Cc1cc(F)ccc1F)C(=O)Nc1nccs1.C\\C=C/c1ccc2[C@@H]3[C@H](Cn2c1=O)[C@@H](CO)[C@@H](N3Cc1cc(F)ccc1F)C(=O)Nc1nccs1'],,,,,
13451,BRD-M31111440,['54661165'],['COC(=O)[C@@H]1[C@@H](CO)[C@@H]2Cn3c(=O)c(\\C=C\\C)ccc3[C@H]1N2S(=O)(=O)c1cccc(C)c1.COC(=O)[C@@H]1[C@@H](CO)[C@@H]2Cn3c(=O)c(\\C=C/C)ccc3[C@H]1N2S(=O)(=O)c1cccc(C)c1'],,,,,
13452,BRD-M31871110,['54661091'],['C\\C=C\\c1ccc2n(C[C@H]3[C@H](CO)[C@@H](C(=O)N(C)C)N(CCC(F)(F)F)[C@@H]23)c1=O.C\\C=C/c1ccc2n(C[C@H]3[C@H](CO)[C@@H](C(=O)N(C)C)N(CCC(F)(F)F)[C@@H]23)c1=O'],,,,,
13453,BRD-M32495507,['54661376'],['CCN1[C@@H](C(=O)NC2Cc3ccccc3C2)[C@H](CO)[C@H]2Cn3c(=O)c(\\C=C\\C)ccc3[C@@H]12.CCN1[C@@H](C(=O)NC2Cc3ccccc3C2)[C@H](CO)[C@H]2Cn3c(=O)c(ccc3[C@@H]12)\\C=C/C'],,,,,
13454,BRD-M32778103,['54660979'],['C\\C=C\\c1ccc2n(C[C@@H]3[C@@H](CO)[C@H](C(=O)N[C@H](C)c4ccccc4)N(C(=O)c4nccnc4)[C@H]23)c1=O.C\\C=C/c1ccc2n(C[C@@H]3[C@@H](CO)[C@H](C(=O)N[C@H](C)c4ccccc4)N(C(=O)c4nccnc4)[C@H]23)c1=O'],,,,,
13455,BRD-M33077182,['54660845'],['C\\C=C\\c1ccc2n(C[C@H]3[C@H](CO)[C@@H](C(=O)N4CCCCC4)[C@@H]2N3Cc2ccccn2)c1=O.C\\C=C/c1ccc2n(C[C@H]3[C@H](CO)[C@@H](C(=O)N4CCCCC4)[C@@H]2N3Cc2ccccn2)c1=O'],,,,,
13456,BRD-M36167927,['54660662'],['C\\C=C\\c1ccc2n(C[C@@H]3[C@@H](CO)[C@H](C(=O)N4CCc5ccccc5C4)N(C(=O)C4CC4)[C@H]23)c1=O.C\\C=C/c1ccc2n(C[C@@H]3[C@@H](CO)[C@H](C(=O)N4CCc5ccccc5C4)N(C(=O)C4CC4)[C@H]23)c1=O'],,,,,
13457,BRD-M39727370,['54660771'],['C\\C=C\\c1ccc2n(C[C@@H]3[C@@H](CO)[C@H](C(=O)NCc4ccncn4)N(C(=O)NC4CCCC4)[C@H]23)c1=O.C\\C=C/c1ccc2n(C[C@@H]3[C@@H](CO)[C@H](C(=O)NCc4ccncn4)N(C(=O)NC4CCCC4)[C@H]23)c1=O'],,,,,
13458,BRD-M39787390,['54661392'],['CCCNC(=O)[C@@H]1[C@@H](CO)[C@@H]2Cn3c(=O)c(\\C=C\\C)ccc3[C@H]1N2CC1CCCC1.CCCNC(=O)[C@@H]1[C@@H](CO)[C@@H]2Cn3c(=O)c(ccc3[C@H]1N2CC1CCCC1)\\C=C/C'],,,,,
13459,BRD-M40384033,['54660809'],['C\\C=C\\c1ccc2[C@H]3[C@@H](Cn2c1=O)[C@H](CO)[C@H](N3Cc1cc(F)ccc1F)C(=O)Nc1nccs1.C\\C=C/c1ccc2[C@H]3[C@@H](Cn2c1=O)[C@H](CO)[C@H](N3Cc1cc(F)ccc1F)C(=O)Nc1nccs1'],,,,,
13460,BRD-M40773246,['54661116'],['C\\C=C\\c1ccc2n(C[C@@H]3[C@@H](CO)[C@H](C(=O)NCc4ccc(F)cc4)N(Cc4cncnc4)[C@H]23)c1=O.C\\C=C/c1ccc2n(C[C@@H]3[C@@H](CO)[C@H](C(=O)NCc4ccc(F)cc4)N(Cc4cncnc4)[C@H]23)c1=O'],,,,,
13461,BRD-M41154708,['54661373'],['CCN1[C@H](C(=O)NC2Cc3ccccc3C2)[C@@H](CO)[C@@H]2Cn3c(=O)c(\\C=C\\C)ccc3[C@H]12.CCN1[C@H](C(=O)NC2Cc3ccccc3C2)[C@@H](CO)[C@@H]2Cn3c(=O)c(ccc3[C@H]12)\\C=C/C'],,,,,
13462,BRD-M41610223,['54661310'],['COCC(=O)N1[C@@H]2Cn3c(ccc(\\C=C\\C)c3=O)[C@H]1[C@H]([C@@H]2CO)C(=O)NCc1ccc2OCOc2c1.COCC(=O)N1[C@@H]2Cn3c(ccc(\\C=C/C)c3=O)[C@H]1[C@H]([C@@H]2CO)C(=O)NCc1ccc2OCOc2c1'],,,,,
13463,BRD-M44900776,['54660678'],['C\\C=C\\c1ccc2[C@@H]3N[C@H](Cn2c1=O)[C@@H](CO)[C@@H]3C(=O)NCc1ccc2OCOc2c1.C\\C=C/c1ccc2[C@@H]3N[C@H](Cn2c1=O)[C@@H](CO)[C@@H]3C(=O)NCc1ccc2OCOc2c1'],,,,,
13464,BRD-M45350951,['54661228'],['C\\C=C\\c1ccc2n(C[C@H]3[C@H](CO)[C@@H](C(=O)NCCCN4CCOCC4)[C@@H]2N3Cc2ncoc2)c1=O.C\\C=C/c1ccc2n(C[C@H]3[C@H](CO)[C@@H](C(=O)NCCCN4CCOCC4)[C@@H]2N3Cc2ncoc2)c1=O'],,,,,
13465,BRD-M45544666,['54660982'],['C\\C=C\\c1ccc2n(C[C@@H]3[C@@H](CO)[C@H](C(=O)N[C@@H](C)c4ccccc4)N(C(=O)c4nccnc4)[C@H]23)c1=O.C\\C=C/c1ccc2n(C[C@@H]3[C@@H](CO)[C@H](C(=O)N[C@@H](C)c4ccccc4)N(C(=O)c4nccnc4)[C@H]23)c1=O'],,,,,
13466,BRD-M45755366,['54660706'],['CCNC(=O)[C@@H]1[C@@H](CO)[C@@H]2Cn3c(ccc(\\C=C\\C)c3=O)[C@H]1N2Cc1cccc(Cl)c1.CCNC(=O)[C@@H]1[C@@H](CO)[C@@H]2Cn3c(ccc(\\C=C/C)c3=O)[C@H]1N2Cc1cccc(Cl)c1'],,,,,
13467,BRD-M49151292,['54660853'],['CCC(=O)N1[C@@H]2Cn3c(=O)c(\\C=C\\C)ccc3[C@H]1[C@@H](C(=O)Nc1ccc(cc1)-c1ccccc1)[C@@H]2CO.CCC(=O)N1[C@@H]2Cn3c(=O)c(\\C=C/C)ccc3[C@H]1[C@@H](C(=O)Nc1ccc(cc1)-c1ccccc1)[C@@H]2CO'],,,,,
13468,BRD-M51208417,['54661074'],['COc1ccccc1CN1[C@H](C(=O)N2CCOCC2)[C@@H](CO)[C@@H]2Cn3c(=O)c(\\C=C\\C)ccc3[C@H]12.COc1ccccc1CN1[C@H](C(=O)N2CCOCC2)[C@@H](CO)[C@@H]2Cn3c(=O)c(\\C=C/C)ccc3[C@H]12'],,,,,
13469,BRD-M51239075,['54661184'],['C\\C=C\\c1ccc2n(C[C@@H]3[C@@H](CO)[C@H](C(=O)NC4CCC4)[C@H]2N3C(=O)c2ccccn2)c1=O.C\\C=C/c1ccc2n(C[C@@H]3[C@@H](CO)[C@H](C(=O)NC4CCC4)[C@H]2N3C(=O)c2ccccn2)c1=O'],,,,,
13470,BRD-M52804417,['54661029'],['COCCNC(=O)[C@@H]1[C@@H](CO)[C@@H]2Cn3c(ccc(\\C=C\\C)c3=O)[C@H]1N2Cc1nccs1.COCCNC(=O)[C@@H]1[C@@H](CO)[C@@H]2Cn3c(ccc(\\C=C/C)c3=O)[C@H]1N2Cc1nccs1'],,,,,
13471,BRD-M53302603,['54661162'],['COC(=O)[C@H]1[C@H](CO)[C@H]2Cn3c(=O)c(\\C=C\\C)ccc3[C@@H]1N2S(=O)(=O)c1cccc(C)c1.COC(=O)[C@H]1[C@H](CO)[C@H]2Cn3c(=O)c(\\C=C/C)ccc3[C@@H]1N2S(=O)(=O)c1cccc(C)c1'],,,,,
13472,BRD-M53346459,['54661450'],['CCNC(=O)[C@@H]1[C@@H](CO)[C@@H]2Cn3c(ccc(\\C=C\\C)c3=O)[C@@H]2N1Cc1ccccc1Cl.CCNC(=O)[C@@H]1[C@@H](CO)[C@@H]2Cn3c(ccc(\\C=C/C)c3=O)[C@@H]2N1Cc1ccccc1Cl'],,,,,
13473,BRD-M54407015,['54660827'],['C\\C=C\\c1ccc2[C@H]3N[C@@H](C(=O)NC4CCC4)[C@H](CO)[C@H]3Cn2c1=O.OC[C@@H]1[C@H]2Cn3c(=O)c(ccc3[C@H]2N[C@H]1C(=O)NC1CCC1)\\C=C/C'],,,,,
13474,BRD-M54814689,['54661187'],['C\\C=C\\c1ccc2n(C[C@H]3[C@H](CO)[C@@H](C(=O)NC4CCC4)[C@@H]2N3C(=O)c2ccccn2)c1=O.C\\C=C/c1ccc2n(C[C@H]3[C@H](CO)[C@@H](C(=O)NC4CCC4)[C@@H]2N3C(=O)c2ccccn2)c1=O'],,,,,
13475,BRD-M55020616,['54660802'],['COC(=O)[C@@H]1[C@@H](CO)[C@@H]2Cn3c(=O)c(\\C=C\\C)ccc3[C@@H]2N1CCc1ccccc1.COC(=O)[C@@H]1[C@@H](CO)[C@@H]2Cn3c(=O)c(ccc3[C@@H]2N1CCc1ccccc1)\\C=C/C'],,,,,
13476,BRD-M56188090,['54661351'],['COc1cccc(CNC(=O)[C@@H]2N[C@H]3[C@H](Cn4c3ccc(\\C=C\\C)c4=O)[C@H]2CO)c1.COc1cccc(CNC(=O)[C@@H]2N[C@H]3[C@H](Cn4c3ccc(\\C=C/C)c4=O)[C@H]2CO)c1'],,,,,
13477,BRD-M58317392,['54660850'],['CCC(=O)N1[C@H]2Cn3c(=O)c(\\C=C\\C)ccc3[C@@H]1[C@H](C(=O)Nc1ccc(cc1)-c1ccccc1)[C@H]2CO.CCC(=O)N1[C@H]2Cn3c(=O)c(\\C=C/C)ccc3[C@@H]1[C@H](C(=O)Nc1ccc(cc1)-c1ccccc1)[C@H]2CO'],,,,,
13478,BRD-M58692868,['54661040'],['C\\C=C\\c1ccc2n(C[C@H]3[C@H](CO)[C@@H](C(=O)NCCc4ncn(C)c4)N(C(=O)C4CCC4)[C@@H]23)c1=O.C\\C=C/c1ccc2n(C[C@H]3[C@H](CO)[C@@H](C(=O)NCCc4ncn(C)c4)N(C(=O)C4CCC4)[C@@H]23)c1=O'],,,,,
13479,BRD-M59406954,['54660642'],['C\\C=C\\c1ccc2n(C[C@@H]3[C@@H](CO)[C@H](C(=O)NC4CCC4)[C@H]2N3S(=O)(=O)c2ncn(C)c2)c1=O.C\\C=C/c1ccc2n(C[C@@H]3[C@@H](CO)[C@H](C(=O)NC4CCC4)[C@H]2N3S(=O)(=O)c2ncn(C)c2)c1=O'],,,,,
13480,BRD-M60886831,['54661388'],['C\\C=C\\c1ccc2n(C[C@@H]3[C@@H](CO)[C@H](C(=O)NCC(F)(F)F)N(C(=O)c4cccnc4)[C@H]23)c1=O.C\\C=C/c1ccc2n(C[C@@H]3[C@@H](CO)[C@H](C(=O)NCC(F)(F)F)N(C(=O)c4cccnc4)[C@H]23)c1=O'],,,,,
13481,BRD-M63389385,['54661318'],['C\\C=C\\c1ccc2n(C[C@H]3[C@H](CO)[C@@H](C(=O)NCC4CC4)N(Cc4nccs4)[C@@H]23)c1=O.C\\C=C/c1ccc2n(C[C@H]3[C@H](CO)[C@@H](C(=O)NCC4CC4)N(Cc4nccs4)[C@@H]23)c1=O'],,,,,
13482,BRD-M64817521,['54661429'],['CCCN1[C@@H]2Cn3c(=O)c(\\C=C\\C)ccc3[C@H]1[C@@H](C(=O)NCc1ccc(F)cc1)[C@@H]2CO.CCCN1[C@@H]2Cn3c(=O)c(\\C=C/C)ccc3[C@H]1[C@@H](C(=O)NCc1ccc(F)cc1)[C@@H]2CO'],,,,,
13483,BRD-M65187017,['54661315'],['C\\C=C\\c1ccc2n(C[C@@H]3[C@@H](CO)[C@H](C(=O)NCC4CC4)N(Cc4nccs4)[C@H]23)c1=O.C\\C=C/c1ccc2n(C[C@@H]3[C@@H](CO)[C@H](C(=O)NCC4CC4)N(Cc4nccs4)[C@H]23)c1=O'],,,,,
13484,BRD-M66254575,['54660799'],['COC(=O)[C@H]1[C@H](CO)[C@H]2Cn3c(=O)c(\\C=C\\C)ccc3[C@H]2N1CCc1ccccc1.COC(=O)[C@H]1[C@H](CO)[C@H]2Cn3c(=O)c(ccc3[C@H]2N1CCc1ccccc1)\\C=C/C'],,,,,
13485,BRD-M66672790,['54661006'],['C\\C=C\\c1ccc2n(C[C@@H]3[C@@H](CO)[C@H](C(=O)NCC4CCCCC4)[C@H]2N3C(C)=O)c1=O.C\\C=C/c1ccc2n(C[C@@H]3[C@@H](CO)[C@H](C(=O)NCC4CCCCC4)[C@H]2N3C(C)=O)c1=O'],,,,,
13486,BRD-M68558198,['73707592'],['CN1CC(=O)NC1=N.NCCc1c[nH]c2cccc(O)c12'],,,,,
13487,BRD-M69191681,['54661127'],['CCN1[C@@H]2Cn3c(=O)c(\\C=C\\C)ccc3[C@H]1[C@@H](C(=O)N[C@H](C)c1ccccc1)[C@@H]2CO.CCN1[C@@H]2Cn3c(=O)c(\\C=C/C)ccc3[C@H]1[C@@H](C(=O)N[C@H](C)c1ccccc1)[C@@H]2CO'],,,,,
13488,BRD-M69929484,['54661094'],['C\\C=C\\c1ccc2n(C[C@@H]3[C@@H](CO)[C@H](C(=O)N(C)C)N(CCC(F)(F)F)[C@H]23)c1=O.C\\C=C/c1ccc2n(C[C@@H]3[C@@H](CO)[C@H](C(=O)N(C)C)N(CCC(F)(F)F)[C@H]23)c1=O'],,,,,
13489,BRD-M70861773,['54661214'],['C\\C=C\\c1ccc2n(C[C@@H]3[C@@H](CO)[C@H](C(=O)NCCN4CCCC4)N(C(=O)NC(C)C)[C@H]23)c1=O.C\\C=C/c1ccc2n(C[C@@H]3[C@@H](CO)[C@H](C(=O)NCCN4CCCC4)N(C(=O)NC(C)C)[C@H]23)c1=O'],,,,,
13490,BRD-M72906282,['54660639'],['C\\C=C\\c1ccc2n(C[C@H]3[C@H](CO)[C@@H](C(=O)NC4CCC4)[C@@H]2N3S(=O)(=O)c2ncn(C)c2)c1=O.C\\C=C/c1ccc2n(C[C@H]3[C@H](CO)[C@@H](C(=O)NC4CCC4)[C@@H]2N3S(=O)(=O)c2ncn(C)c2)c1=O'],,,,,
13491,BRD-M73564418,['54661121'],['CCN1[C@H]2Cn3c(=O)c(\\C=C\\C)ccc3[C@@H]1[C@H](C(=O)N[C@@H](C)c1ccccc1)[C@H]2CO.CCN1[C@H]2Cn3c(=O)c(\\C=C/C)ccc3[C@@H]1[C@H](C(=O)N[C@@H](C)c1ccccc1)[C@H]2CO'],,,,,
13492,BRD-M76499661,['54661253'],['COc1ccccc1CN1[C@H]2Cn3c(=O)c(\\C=C\\C)ccc3[C@@H]1[C@H](C(=O)NCC1CC1)[C@H]2CO.COc1ccccc1CN1[C@H]2Cn3c(=O)c(\\C=C/C)ccc3[C@@H]1[C@H](C(=O)NCC1CC1)[C@H]2CO'],,,,,
13493,BRD-M76969896,['54661338'],['C\\C=C\\c1ccc2n(C[C@@H]3[C@@H](CO)[C@H](C(=O)NCCCN(C)C)[C@H]2N3C(=O)c2ccccc2F)c1=O.C\\C=C/c1ccc2n(C[C@@H]3[C@@H](CO)[C@H](C(=O)NCCCN(C)C)[C@H]2N3C(=O)c2ccccc2F)c1=O'],,,,,
13494,BRD-M77258496,['54660842'],['C\\C=C\\c1ccc2n(C[C@@H]3[C@@H](CO)[C@H](C(=O)N4CCCCC4)[C@H]2N3Cc2ccccn2)c1=O.C\\C=C/c1ccc2n(C[C@@H]3[C@@H](CO)[C@H](C(=O)N4CCCCC4)[C@H]2N3Cc2ccccn2)c1=O'],,,,,
13495,BRD-M77293869,['54661360'],['C\\C=C\\c1ccc2n(C[C@H]3[C@H](CO)[C@@H](C(=O)N(C)C)[C@@H]2N3CCc2ccccc2)c1=O.C\\C=C/c1ccc2n(C[C@H]3[C@H](CO)[C@@H](C(=O)N(C)C)[C@@H]2N3CCc2ccccc2)c1=O'],,,,,
13496,BRD-M77861050,['54661009'],['C\\C=C\\c1ccc2n(C[C@H]3[C@H](CO)[C@@H](C(=O)NCC4CCCCC4)[C@@H]2N3C(C)=O)c1=O.C\\C=C/c1ccc2n(C[C@H]3[C@H](CO)[C@@H](C(=O)NCC4CCCCC4)[C@@H]2N3C(C)=O)c1=O'],,,,,
13497,BRD-M78319284,['54661335'],['C\\C=C\\c1ccc2n(C[C@H]3[C@H](CO)[C@@H](C(=O)NCCCN(C)C)[C@@H]2N3C(=O)c2ccccc2F)c1=O.C\\C=C/c1ccc2n(C[C@H]3[C@H](CO)[C@@H](C(=O)NCCCN(C)C)[C@@H]2N3C(=O)c2ccccc2F)c1=O'],,,,,
13498,BRD-M79326715,['54660877'],['C\\C=C\\c1ccc2n(C[C@H]3[C@H](CO)[C@@H](C(=O)NCc4ccccc4Cl)N(S(C)(=O)=O)[C@@H]23)c1=O.C\\C=C/c1ccc2n(C[C@H]3[C@H](CO)[C@@H](C(=O)NCc4ccccc4Cl)N(S(C)(=O)=O)[C@@H]23)c1=O'],,,,,
13499,BRD-M82627054,['54660914'],['C\\C=C\\c1ccc2n(C[C@@H]3[C@@H](CO)[C@H](C(=O)NCCc4ccncc4)[C@H]2N3CCC(F)(F)F)c1=O.C\\C=C/c1ccc2n(C[C@@H]3[C@@H](CO)[C@H](C(=O)NCCc4ccncc4)[C@H]2N3CCC(F)(F)F)c1=O'],,,,,
13500,BRD-M85886474,['54661370'],['C\\C=C\\c1ccc2n(C[C@H]3[C@H](CO)[C@@H](C(=O)N4CCCCC4)[C@@H]2N3C(=O)C2CCC2)c1=O.C\\C=C/c1ccc2n(C[C@H]3[C@H](CO)[C@@H](C(=O)N4CCCCC4)[C@@H]2N3C(=O)C2CCC2)c1=O'],,,,,
13501,BRD-M85914958,['54661418'],['CCN1[C@H]2Cn3c(ccc(\\C=C\\C)c3=O)[C@@H]1[C@@H]([C@H]2CO)C(=O)N1CCc2ccccc2C1.CCN1[C@H]2Cn3c(ccc(\\C=C/C)c3=O)[C@@H]1[C@@H]([C@H]2CO)C(=O)N1CCc2ccccc2C1'],,,,,
13502,BRD-M87776818,['54661367'],['C\\C=C\\c1ccc2n(C[C@@H]3[C@@H](CO)[C@H](C(=O)N4CCCCC4)[C@H]2N3C(=O)C2CCC2)c1=O.C\\C=C/c1ccc2n(C[C@@H]3[C@@H](CO)[C@H](C(=O)N4CCCCC4)[C@H]2N3C(=O)C2CCC2)c1=O'],,,,,
13503,BRD-M88044810,['54661357'],['C\\C=C\\c1ccc2n(C[C@@H]3[C@@H](CO)[C@H](C(=O)N(C)C)[C@H]2N3CCc2ccccc2)c1=O.C\\C=C/c1ccc2n(C[C@@H]3[C@@H](CO)[C@H](C(=O)N(C)C)[C@H]2N3CCc2ccccc2)c1=O'],,,,,
13504,BRD-M88256629,['54660714'],['CCCNC(=O)[C@@H]1[C@@H](CO)[C@@H]2Cn3c(ccc(\\C=C\\C)c3=O)[C@@H]2N1Cc1cocn1.CCCNC(=O)[C@@H]1[C@@H](CO)[C@@H]2Cn3c(ccc(\\C=C/C)c3=O)[C@@H]2N1Cc1cocn1'],,,,,
13505,BRD-M88324697,['54661178'],['C\\C=C\\c1ccc2n(C[C@H]3[C@H](CO)[C@H](N(C)[C@@H]23)C(=O)N2CCC(CC2)Cc2ccccc2)c1=O.C\\C=C/c1ccc2n(C[C@H]3[C@H](CO)[C@H](N(C)[C@@H]23)C(=O)N2CCC(CC2)Cc2ccccc2)c1=O'],,,,,
13506,BRD-M88429329,['54661181'],['C\\C=C\\c1ccc2n(C[C@@H]3[C@@H](CO)[C@@H](N(C)[C@H]23)C(=O)N2CCC(CC2)Cc2ccccc2)c1=O.C\\C=C/c1ccc2n(C[C@@H]3[C@@H](CO)[C@@H](N(C)[C@H]23)C(=O)N2CCC(CC2)Cc2ccccc2)c1=O'],,,,,
13507,BRD-M90541854,['54661421'],['CCN1[C@@H]2Cn3c(ccc(\\C=C\\C)c3=O)[C@H]1[C@H]([C@@H]2CO)C(=O)N1CCc2ccccc2C1.CCN1[C@@H]2Cn3c(ccc(\\C=C/C)c3=O)[C@H]1[C@H]([C@@H]2CO)C(=O)N1CCc2ccccc2C1'],,,,,
13508,BRD-M91342002,['54661426'],['CCCN1[C@H]2Cn3c(=O)c(\\C=C\\C)ccc3[C@@H]1[C@H](C(=O)NCc1ccc(F)cc1)[C@H]2CO.CCCN1[C@H]2Cn3c(=O)c(\\C=C/C)ccc3[C@@H]1[C@H](C(=O)NCc1ccc(F)cc1)[C@H]2CO'],,,,,
13509,BRD-M91737268,['73707578'],['CN1CC(=O)NC1=N.COc1ccc2c(CCN)c[nH]c2c1'],,,,,
13510,BRD-M91803535,['54660911'],['C\\C=C\\c1ccc2n(C[C@H]3[C@H](CO)[C@@H](C(=O)NCCc4ccncc4)[C@@H]2N3CCC(F)(F)F)c1=O.C\\C=C/c1ccc2n(C[C@H]3[C@H](CO)[C@@H](C(=O)NCCc4ccncc4)[C@@H]2N3CCC(F)(F)F)c1=O'],,,,,
13511,BRD-M91876180,['54661354'],['COc1cccc(CNC(=O)[C@H]2N[C@@H]3[C@@H](Cn4c3ccc(\\C=C\\C)c4=O)[C@@H]2CO)c1.COc1cccc(CNC(=O)[C@H]2N[C@@H]3[C@@H](Cn4c3ccc(\\C=C/C)c4=O)[C@@H]2CO)c1'],,,,,
13512,BRD-M92802283,['54661113'],['C\\C=C\\c1ccc2n(C[C@H]3[C@H](CO)[C@@H](C(=O)NCc4ccc(F)cc4)N(Cc4cncnc4)[C@@H]23)c1=O.C\\C=C/c1ccc2n(C[C@H]3[C@H](CO)[C@@H](C(=O)NCc4ccc(F)cc4)N(Cc4cncnc4)[C@@H]23)c1=O'],,,,,
13513,BRD-M94053246,['54661194'],['C\\C=C\\c1ccc2n(C[C@@H]3[C@@H](CO)[C@H](C(=O)NCc4cc(F)cc(F)c4)[C@H]2N3S(C)(=O)=O)c1=O.C\\C=C/c1ccc2n(C[C@@H]3[C@@H](CO)[C@H](C(=O)NCc4cc(F)cc(F)c4)[C@H]2N3S(C)(=O)=O)c1=O'],,,,,
13514,BRD-M94242351,['54660659'],['C\\C=C\\c1ccc2n(C[C@H]3[C@H](CO)[C@@H](C(=O)N4CCc5ccccc5C4)N(C(=O)C4CC4)[C@@H]23)c1=O.C\\C=C/c1ccc2n(C[C@H]3[C@H](CO)[C@@H](C(=O)N4CCc5ccccc5C4)N(C(=O)C4CC4)[C@@H]23)c1=O'],,,,,
13515,BRD-M94512770,['54660985'],['C\\C=C\\c1ccc2n(C[C@H]3[C@H](CO)[C@@H](C(=O)N[C@H](C)c4ccccc4)N(C(=O)c4nccnc4)[C@@H]23)c1=O.C\\C=C/c1ccc2n(C[C@H]3[C@H](CO)[C@@H](C(=O)N[C@H](C)c4ccccc4)N(C(=O)c4nccnc4)[C@@H]23)c1=O'],,,,,
13516,BRD-M95331451,['54661124'],['CCN1[C@@H]2Cn3c(=O)c(\\C=C\\C)ccc3[C@H]1[C@@H](C(=O)N[C@@H](C)c1ccccc1)[C@@H]2CO.CCN1[C@@H]2Cn3c(=O)c(\\C=C/C)ccc3[C@H]1[C@@H](C(=O)N[C@@H](C)c1ccccc1)[C@@H]2CO'],,,,,
13517,BRD-M95429326,['54660736'],['C\\C=C\\c1ccc2n(C[C@@H]3[C@@H](CO)[C@H](C(=O)N(C)C)[C@H]2N3C(=O)c2ccc(F)cc2)c1=O.C\\C=C/c1ccc2n(C[C@@H]3[C@@H](CO)[C@H](C(=O)N(C)C)[C@H]2N3C(=O)c2ccc(F)cc2)c1=O'],,,,,
13518,BRD-M95763088,['54661222'],['CCC(=O)N1[C@H]2Cn3c(ccc(\\C=C\\C)c3=O)[C@@H]1[C@@H]([C@H]2CO)C(=O)NCCc1cn(C)cn1.CCC(=O)N1[C@H]2Cn3c(ccc(\\C=C/C)c3=O)[C@@H]1[C@@H]([C@H]2CO)C(=O)NCCc1cn(C)cn1'],,,,,
13519,BRD-M97057852,['54661026'],['COCCNC(=O)[C@H]1[C@H](CO)[C@H]2Cn3c(ccc(\\C=C\\C)c3=O)[C@@H]1N2Cc1nccs1.COCCNC(=O)[C@H]1[C@H](CO)[C@H]2Cn3c(ccc(\\C=C/C)c3=O)[C@@H]1N2Cc1nccs1'],,,,,
13520,BRD-M97109212,['54661447'],['CCNC(=O)[C@H]1[C@H](CO)[C@H]2Cn3c(ccc(\\C=C\\C)c3=O)[C@H]2N1Cc1ccccc1Cl.CCNC(=O)[C@H]1[C@H](CO)[C@H]2Cn3c(ccc(\\C=C/C)c3=O)[C@H]2N1Cc1ccccc1Cl'],,,,,
13521,BRD-M97925630,['54660779'],['COC(=O)[C@@H]1[C@@H](CO)[C@@H]2Cn3c(=O)c(\\C=C\\C)ccc3[C@H]1N2CC1CCOCC1.COC(=O)[C@@H]1[C@@H](CO)[C@@H]2Cn3c(=O)c(ccc3[C@H]1N2CC1CCOCC1)\\C=C/C'],,,,,
13522,BRD-M98484762,['54660965'],['C\\C=C\\c1ccc2n(C[C@H]3[C@H](CO)[C@@H](C(O)=O)[C@@H]2N3S(=O)(=O)c2ccccc2F)c1=O.C\\C=C/c1ccc2n(C[C@H]3[C@H](CO)[C@@H](C(O)=O)[C@@H]2N3S(=O)(=O)c2ccccc2F)c1=O'],,,,,
13523,BRL-15572,['3654103'],['OC(CN1CCN(CC1)c1cccc(Cl)c1)C(c1ccccc1)c1ccccc1'],Preclinical,serotonin receptor antagonist,HTR1A|HTR1B|HTR1D|HTR1E|HTR1F|HTR2A|HTR2B|HTR2C|HTR6,,
13524,BRL-37344,['9841972'],['C[C@H](Cc1ccc(OCC(O)=O)cc1)NC[C@H](O)c1cccc(Cl)c1'],Phase 2,adrenergic receptor agonist,ADRB1|ADRB2|ADRB3,,
13525,BRL-50481,['2921148'],['CN(C)S(=O)(=O)c1cc(ccc1C)[N+]([O-])=O'],Preclinical,phosphodiesterase inhibitor,PDE7A|PDE7B,,
13526,BRL-52537,"['14810948', '6603740']",['Clc1ccc(CC(=O)N2CCCCC2CN2CCCC2)cc1Cl'],Preclinical,opioid receptor agonist,OPRK1,,
13527,BRL-54443,['2438'],['CN1CCC(CC1)c1c[nH]c2ccc(O)cc12'],Preclinical,serotonin receptor agonist,HTR1E|HTR1F,,
13528,BU-224,['2457'],['C1CN=C(N1)c1ccc2ccccc2n1'],Preclinical,imidazoline receptor ligand,MAOA|MAOB,,
13529,BU-226,['3410883'],['C1CN=C(N1)c2cc3ccccc3cn2'],,,,,
13530,BU-239,['4520732'],['C1CN=C(N1)c1cnc2ccccc2n1'],Preclinical,imidazoline receptor agonist|imidazoline receptor ligand,,,
13531,BVT-948,['6604934'],['CC1(C)C2C(=NC1=O)c3ccccc3C(=O)C2=O'],Preclinical,tyrosine phosphatase inhibitor,PTPN1|PTPN11|PTPN2,,
13532,BW-723C86,['5311036'],['CC(N)Cc1c[nH]c2ccc(OCc3cccs3)cc12'],Preclinical,serotonin receptor agonist,HTR2A|HTR2B|HTR2C,,
13533,BW-B70C,['5353454'],['CC(/C=C/C1=CC(=CC=C1)OC2=CC=C(C=C2)F)N(C(=O)N)O'],Preclinical,lipoxygenase inhibitor,ALOX5,,
13534,BX-795,['10077147'],['Ic1cnc(Nc2cccc(NC(=O)N3CCCC3)c2)nc1NCCCNC(=O)c1cccs1'],Preclinical,IKK inhibitor,CDK2|CHEK1|GSK3B|KDR|PDK1|PDPK1,,
13535,BX-912,['11754511'],['Brc1cnc(Nc2cccc(NC(=O)N3CCCC3)c2)nc1NCCc1c[nH]cn1'],Preclinical,pyruvate dehydrogenase kinase inhibitor,CDK2|CHEK1|GSK3B|KDR|PDK1|PDPK1,,
13536,C2-dihydroceramide,['6610273'],['CCCCCCCCCCCCCCC[C@@H](O)[C@H](CO)NC(=O)C'],,,,,
13537,CA-074-Me,"['134694139', '23760717', '6610318']",['CCCNC(=O)[C@H]1O[C@@H]1C(=O)N[C@@H](C(C)CC)C(=O)N2CCC[C@H]2C(=O)OC'],,,,,
13538,CAM-9-021,['49843020'],['C[C@@H](CO)N1C[C@@H](C)[C@H](CN(C)S(=O)(=O)c2ccc(F)cc2)OCCCC[C@H](C)Oc3ccc(NC(=O)Nc4c(C)noc4C)cc3C1=O'],,,,,
13539,CAM-9-026,['49849931'],['C[C@@H](COC(=O)C(C)(C)C)N1C[C@@H](C)[C@H](CN(C)S(=O)(=O)c2ccc(F)cc2)OCCCC[C@H](C)Oc2ccc(NC(=O)Nc3ccccc3)cc2C1=O'],,,,,
13540,CAM-9-027-3,['49849912'],['C[C@@H](CN(C)C)N1C[C@@H](C)[C@H](CN(C)S(=O)(=O)c2ccc(F)cc2)OCCCC[C@H](C)Oc2ccc(NC(=O)Nc3ccccc3)cc2C1=O'],,,,,
13541,CAY-10415,['10429242'],['CCc1ccc(nc1)C(=O)COc1ccc(CC2SC(=O)NC2=O)cc1'],,,,,
13542,CAY-10470,['35026803'],['Nc1ccc2NCN=C(NCCc3ccc(Oc4ccccc4)cc3)c2c1'],,,,,
13543,CAY-10577,['693139'],['OC(=O)c1c[nH]c2c(Cl)c(Cl)ccc2c1=O'],,,,,
13544,CAY-10578,['4462449'],['OC(=O)CN1C(=O)c2c(C1=O)c(I)c(I)c(I)c2I'],,,,,
13545,CAY-10585,['35028748'],['COC(=O)c1ccc(O)c(NC(=O)COc2ccc(cc2)C2C3CC4CC(C3)CC2C4)c1'],,,,,
13546,CAY-10594,['56588033'],['O=C(NCCN1CCC2(CC1)N(CNC2=O)c1ccccc1)c1ccc2ccccc2c1'],,,,,
13547,CAY-10618,['44819697'],['O=C(CCCCCCCn1cc(nn1)-c1cccnc1)Nc1ccccc1-c1ccccc1'],,,,,
13548,CCCP,['2603'],['Clc1cccc(NN=C(C#N)C#N)c1'],,,,,
13549,CCMQ,['3337816'],['OC(=O)Cc1cc2ccccc2nc1C(O)=O'],Preclinical,homoquinolinic acid binding inhibitor,,,
13550,CCT-018159,['984170'],['CCc1cc(-c2n[nH]c(C)c2-c2ccc3OCCOc3c2)c(O)cc1O'],,,,,
13551,CCT036477,['3634881'],['Cc1[nH]c2ccccc2c1C(Nc1ccccn1)c1ccc(Cl)cc1'],,,,,
13552,CD-00491SC,['2803059'],['Fc1ccc(cc1)C(=O)CSc2nsc(SCC(=O)c3ccc(F)cc3)c2C#N'],,,,,
13553,CD-1530,['24868309'],['OC(=O)c1ccc(cc1)c2ccc3cc(c(O)cc3c2)C4(CC5CC6CC(C5)C4)C6'],Preclinical,retinoid receptor agonist,RARG,,
13554,CD-437,['135411'],['OC(=O)c1ccc2cc(ccc2c1)-c1ccc(O)c(c1)C12CC3CC(CC(C3)C1)C2'],Preclinical,retinoid receptor agonist,RARG,,
13555,CDC,"['14840979', '6610363', '9905190']",['Oc1ccc(/C=C(/C#N)\\C(=O)OC\\C=C\\c2ccccc2)cc1O'],,,,,
13556,CDK2-5-inhibitor,['2608'],['Nc1cc(Nc2ccc(cc2)S(=O)(=O)N)ncn1'],,,,,
13557,CFM-1571,['9844347'],['COc1ccc(NC(=O)c2cc(OCCCN(C)C)nn2Cc2ccccc2)cc1'],Preclinical,guanylate cyclase activator,,,
13558,CG-930,['57394468'],['O[C@H]1CC[C@H](CC1)Nc1ncc2nc(Nc3c(F)cc(F)cc3F)n([C@@H]3CCOC3)c2n1'],,,,,
13559,CGK-733,['6605258'],['[O-][N+](=O)c1cc(NC(=S)NC(NC(=O)C(c2ccccc2)c2ccccc2)C(Cl)(Cl)Cl)ccc1F'],Preclinical,ATM kinase inhibitor|ATR kinase inhibitor,ATM|ATR,,
13560,CGP-12177,['2687'],['CC(C)(C)NCC(O)COc1cccc2[nH]c(=O)[nH]c12'],Phase 1,adrenergic receptor agonist,ADRB1|ADRB2|ADRB3,,
13561,CGP-13501,['3519541'],['CC(C)(Cc1cc(c(O)c(c1)C(C)(C)C)C(C)(C)C)C=O'],Preclinical,GABA receptor modulator,GABBR1,,
13562,CGP-20712,['2685'],['Cn1cc(nc1c2ccc(OCC(O)CNCCOc3ccc(O)c(c3)C(=O)N)cc2)C(F)(F)F'],,,,,
13563,CGP-37157,['2688'],['Clc1ccc2NC(=O)CSC(c3ccccc3Cl)c2c1'],Preclinical,mitochondrial Na+/Ca2+ exchanger antagonist|sodium/calcium exchange inhibitor,SLC8A1,,
13564,CGP-52411,['1697'],['O=C1NC(=O)c2cc(Nc3ccccc3)c(Nc3ccccc3)cc12'],Preclinical,EGFR inhibitor,EGFR,,
13565,CGP-52432,['132252'],['CCOC(OCC)P(=O)(O)CCCNCc1ccc(Cl)c(Cl)c1'],,,,,
13566,CGP-53353,['6711154'],['Fc1ccc(Nc2cc3C(=O)NC(=O)c3cc2Nc2ccc(F)cc2)cc1'],Preclinical,EGFR inhibitor|PKC inhibitor,EGFR|PRKCB,,
13567,CGP-54626,['197584'],['CC(NCC(O)CP(=O)(O)CC1CCCCC1)c2ccc(Cl)c(Cl)c2'],Preclinical,GABA receptor antagonist,GABBR1|GABBR2|KCTD12|KCTD16|KCTD8,,
13568,CGP-55845,['5311042'],['C[C@H](NC[C@H](O)CP(O)(=O)Cc1ccccc1)c1ccc(Cl)c(Cl)c1'],Preclinical,GABA receptor antagonist,GABBR1|GABBR2|KCTD12|KCTD16|KCTD8,,
13569,CGP-57380,['11644425'],['Nc1ncnc2[nH]nc(Nc3ccc(F)cc3)c12'],Preclinical,MAP kinase inhibitor,AURKB|LCK|MKNK1|MKNK2|SGK1,,
13570,CGP-60474,['644215'],['OCCCNc1cc(ccn1)c2ccnc(Nc3cccc(Cl)c3)n2'],Preclinical,CDK inhibitor,CDK1|CDK2,,
13571,CGP-71683,['5312114'],['Nc1nc(NCC2CCC(CNS(=O)(=O)c3cccc4ccccc34)CC2)nc5ccccc15'],Preclinical,neuropeptide receptor antagonist,NPY5R,,
13572,CGP-7930,['5024764'],['CC(C)(CO)Cc1cc(c(O)c(c1)C(C)(C)C)C(C)(C)C'],Preclinical,GABA receptor modulator,GABBR1,,
13573,CGS-12066B,['9915956'],['CN1CCN(CC1)c2nc3cc(ccc3n4cccc24)C(F)(F)F'],,,,,
13574,CGS-15943,['2690'],['Nc1nc2ccc(Cl)cc2c2nc(nn12)-c1ccco1'],Preclinical,adenosine receptor antagonist,ADORA1|ADORA2A|ADORA2B|ADORA3,,
13575,CGS-20625,['163844'],['COc1ccc(cc1)-n1nc2c3CCCCCc3[nH]cc2c1=O'],Phase 1,benzodiazepine receptor agonist|GABA benzodiazepine site receptor partial agonist,GABRA1|GABRA2|GABRA3|GABRA4|GABRA5|GABRA6,,
13576,CGS-21680,['68337842'],['CCNC(=O)[C@@H]1C(C([C@@H](O1)N2C=NC3=C(N=C(N=C32)NCCC4=CC=C(C=C4)CCC(=O)O)N)O)O'],Preclinical,adenosine receptor agonist,ADORA1|ADORA2A|ADORA2B|ADORA3,,
13577,CH-223191,['3091786'],['Cc1cc(ccc1NC(=O)c1ccnn1C)\\N=N\\c1ccccc1C'],,,,,
13578,CHEMBL-1222381,['19582717'],['O=C(NC1CC1)c2cc(on2)c3cccs3'],,,,,
13579,CHEMBL-374350,['2858523'],['Cc1cc2nc(NCCCO)n(CC(=O)c3cc(c(O)c(c3)C(C)(C)C)C(C)(C)C)c2cc1C'],,,,,
13580,CHEMBL-399379,['16747776'],['COc1ccc(cc1NS(=O)(=O)c1cc(Cl)cc(Cl)c1O)-c1ccccc1'],,,,,
13581,CHIR-99021,['9956119'],['CC1=CN=C(N1)C2=CN=C(N=C2C3=C(C=C(C=C3)Cl)Cl)NCCNC4=NC=C(C=C4)C#N'],Preclinical,glycogen synthase kinase inhibitor,CDK1|GSK3A|GSK3B|MAPK1,,
13582,CI-966,['198693'],['OC(=O)C1=CCCN(CCOC(c2ccc(cc2)C(F)(F)F)c2ccc(cc2)C(F)(F)F)C1'],Phase 1,GAT inhibitor,SLC6A1,,
13583,CI-976,['122327'],['CCCCCCCCCCC(C)(C)C(=O)Nc1c(OC)cc(OC)cc1OC'],Phase 1,ACAT inhibitor,ACAT1|CES1,,
13584,CITCO,['9600409'],['Clc1ccc(cc1)-c1nc2sccn2c1\\C=N\\OCc1ccc(Cl)c(Cl)c1'],Preclinical,constitutive androstane receptor (CAR) agonist,NR1I3,,
13585,CL-218872,['107950'],['Cc1nnc2ccc(nn12)-c1cccc(c1)C(F)(F)F'],Phase 1,benzodiazepine receptor agonist,GABRA1|GABRA2|GABRA3|GABRA5|GABRB2|GABRG2,,
13586,CL-82198,['2777'],['O=C(NCCCCN1CCOCC1)c2cc3ccccc3o2'],,,,,
13587,CMPD-1,['11382492'],['Oc1ccc(NC(=O)CCCc2ccc(cc2)-c2ccccc2F)cc1'],Preclinical,p38 MAPK inhibitor,GNRHR|MAPK14,,
13588,CNQX,['3721046'],['Oc1nc2cc(C#N)c(cc2nc1O)[N+](=O)[O-]'],Phase 1,glutamate receptor antagonist,GRIA1|GRIA2|GRIA3|GRIA4,,
13589,CO-101244,['6918409'],['Cc1ccc(CC2(O)CCN(CCOc3ccc(O)cc3)CC2)cc1'],Preclinical,glutamate receptor antagonist,GRIN2B,,
13590,CO-102862,['9816959'],['NC(=O)NN=Cc1ccc(Oc2ccc(F)cc2)cc1'],Phase 1,sodium channel blocker,SCN4A|SCN9A,,
13591,COL-3,['73707525'],['NC(=O)C1C(=O)C[C@@H]2C[C@@H]3Cc4cccc(O)c4C(=O)C3C(=O)[C@]2(O)C1=O'],,,,,
13592,COT-10b,['73707373'],['NC(=C)c1cc2c(cnc(N)c2s1)-c1cccc(c1)-c1ccccc1'],,,,,
13593,CP-466722,['44551660'],['COc1cc2ncnc(-n3nc(nc3N)-c3ccccn3)c2cc1OC'],,,,,
13594,CP-55940,['104895'],['CCCCCCC(C)(C)c1ccc(C2CC(O)CCC2CCCO)c(O)c1'],,,,,
13595,CP-724714,['9874913'],['COCC(=O)NC\\C=C\\c1ccc2ncnc(Nc3ccc(Oc4ccc(C)nc4)c(C)c3)c2c1'],Phase 2,EGFR inhibitor|protein tyrosine kinase inhibitor,ERBB2,,
13596,CP-93129,['124007'],['O=c1ccc2[nH]cc(C3=CCNCC3)c2[nH]1'],Preclinical,serotonin receptor agonist,HTR1A,,
13597,CP-94253,['4029677'],['CCCOc1ccc2[nH]cc(C3=CCNCC3)c2n1'],Preclinical,serotonin receptor agonist,HTR1B,,
13598,CPCCOEt,['6278000'],['CCOC(=O)C12CC2C(=NO)c3ccccc3O1'],Preclinical,glutamate receptor antagonist,GRM1,,
13599,CS-110266,['123692'],['C1CCN(CC1)C1(CCCCC1)c1cc2ccccc2s1'],Preclinical,dopamine receptor agonist,SLC6A3,,
13600,CS-1657,['25183872'],['Nc1ccc2C(=O)NC(=O)c3cccc1c32'],,,,,
13601,CS-2092524,['2814135'],['O=C(Nc1ccc2[nH]ccc2c1)c3cccs3'],,,,,
13602,CT-200783,['73707405'],['COc1cc(cc(OC)c1OCCN1CCOCC1)\\C=C\\C(=O)N1CCCCC1=O'],,,,,
13603,CTPB,['10311918'],['CCCCCCCCCCCCCCCc1cccc(OCC)c1C(=O)Nc1ccc(Cl)c(c1)C(F)(F)F'],,,,,
13604,CV-1808,['6917803'],['Nc1nc(Nc2ccccc2)nc3n(cnc13)C4OC(CO)C(O)C4O'],Preclinical,adenosine receptor agonist,ADORA2A,,
13605,CVF-SUMO-11,['51003716'],['Fc1ccc(cc1)C(=O)C(CN1CCCC1)c1ccccc1'],,,,,
13606,CVF-SUMO-13,['51003717'],['CCN(CC)CC(C(=O)c1ccc(F)cc1)c1ccccc1'],,,,,
13607,CVF-SUMO-14,['51003685'],['Fc1ccc(cc1)C(=O)C(CN1CCCCC1)c1ccccc1'],,,,,
13608,CVF-SUMO-7,['51003695'],['CN1CCN(CC(C(=O)c2ccc(F)cc2)c2ccccc2)CC1'],,,,,
13609,CYT-997,['11351021'],['CCC[C@H](Nc1nc(ncc1C)-c1ccc(NC(=O)NCC)c(OC)c1)c1cccnc1'],Phase 2,tubulin polymerization inhibitor,TUBB,,
13610,CYT387,['25062766'],['O=C(NCC#N)c1ccc(cc1)-c1ccnc(Nc2ccc(cc2)N2CCOCC2)n1'],,,,,
13611,D-4476,['6419753'],['NC(=O)c1ccc(cc1)-c1nc(c([nH]1)-c1ccccn1)-c1ccc2OCCOc2c1'],Preclinical,TGF beta receptor inhibitor,CSNK1A1|CSNK1D|TGFB1,,
13612,D-609,['45479729'],['SC(=S)OC1CC2CC1C1CCCC21'],,,,,
13613,D-64131,['3921152'],['COc1ccc2[nH]c(cc2c1)C(=O)c1ccccc1'],Preclinical,microtubule inhibitor,TUBB,,
13614,D-64406,['5330535'],['Oc1ccc2[nH]c(cc2c1)C(=O)c3cc4ccccc4[nH]3'],,,,,
13615,DAC-003,['5723992'],['Cc1cccc2c1[nH]c1nc(N\\N=C\\c3ccc(O)c(O)c3)nnc21'],,,,,
13616,DAC-004,['1379247'],['COc1ccc(OC)c(c1)N2C(=O)C(=C(N3CCCCC3)C2=O)Cl'],,,,,
13617,DAC-009,['2951859'],['CCC(=O)C1(CC(C)(C)OC1=O)Sc1nc2ccccc2[nH]1'],,,,,
13618,DAC-012,['775191'],['COc1ccc(CNc2cc(C)ccc2C)c(OC)c1'],,,,,
13619,DAC-013,['1092458'],['CC(=O)Nc1cccc(c1)c2csc(Nc3cc(C)ccn3)n2'],,,,,
13620,DAPT-GSI-IX,['5311272'],['CC(NC(=O)Cc1cc(F)cc(F)c1)C(=O)NC(C(=O)OC(C)(C)C)c2ccccc2'],,,,,
13621,DASB,['73707560'],['CN(C)Cc1ccccc1Sc1ccc(cc1N)[N+]#[C-]'],,,,,
13622,DAU-5884,['16759154'],['CN1[C@H]2CC[C@@H]1C[C@@H](C2)OC(=O)N1Cc2ccccc2NC1=O'],Preclinical,acetylcholine receptor antagonist,CHRM3,,
13623,DC-45-A2,['73707376'],['COC(OC)[C@]12O[C@@H]3[C@H](O1)[C@@](O)(Oc1c3c(C)cc3c(OC)c4[C@@H](O)C[C@H](O)C(=O)c4c(O)c13)[C@@]21CO1'],,,,,
13624,DCEBIO,['656765'],['CCn1c(=O)[nH]c2cc(Cl)c(Cl)cc12'],Preclinical,potassium channel activator,KCNN2|KCNN3|KCNN4,,
13625,DCPIB,['10071166'],['CCCCC1(Cc2cc(OCCCC(O)=O)c(Cl)c(Cl)c2C1=O)C1CCCC1'],Preclinical,chloride channel blocker|gap junction modulator|glutamate inhibitor,SLC1A2,,
13626,DG-041,['11296282'],['Cc1cn(Cc2ccc(Cl)cc2Cl)c2c(\\C=C\\C(=O)NS(=O)(=O)c3cc(Cl)c(Cl)s3)cc(F)cc12'],,,,,
13627,DH-97,['3467177'],['CCCCC(=O)NCCc1c(Cc2ccccc2)[nH]c2ccccc12'],Preclinical,melatonin receptor antagonist,MTNR1B,,
13628,DL-PDMP,['16219895'],['CCCCCCCCCC(=O)N[C@H](CN1CCOCC1)[C@H](O)c2ccccc2'],,,,,
13629,DL-TBOA,['4133412'],['NC(C(OCc1ccccc1)C(=O)O)C(=O)O'],,,,,
13630,DM-161,['49849909'],['COc1ccc(COC[C@H](C)N2C[C@@H](C)[C@H](CN(C)S(=O)(=O)c3ccc(F)cc3)OCCCC[C@H](C)Oc3ccc(NC(=O)Nc4ccccc4)cc3C2=O)cc1'],,,,,
13631,DM-163,['49849932'],['COCCOC(=O)N(C)C[C@@H]1OCCCC[C@H](C)Oc2ccc(NC(=O)Nc3ccccc3)cc2C(=O)N(C[C@H]1C)[C@@H](C)CO'],,,,,
13632,DM-55-3,['44483977'],['C[C@H](CO)N1C[C@@H](C)[C@H](CN(C)S(=O)(=O)c2ccc(F)cc2)OCCCC[C@H](C)Oc3ccc(NC(=O)Nc4ccccc4)cc3C1=O'],,,,,
13633,DMAB-anabaseine,['9926048'],['CN(C)c1ccc(cc1)\\C=C1CCCN=C/1c1cccnc1'],Preclinical,adrenergic receptor agonist,CHRNA7,,
13634,DMBA,['6001'],['Cc1c2ccccc2c(C)c3c1ccc4ccccc43'],,,,,
13635,DMBI,['5353593'],['CN(C)c1ccc(/C=C\\2/C(=O)Nc3ccccc23)cc1'],,,,,
13636,DMP-543,['9887884'],['Fc1cc(CC2(Cc3ccnc(F)c3)c3ccccc3C(=O)c3ccccc23)ccn1'],Phase 2,acetylcholine release enhancer,,,
13637,DMSO,['679'],['CS(=O)C'],Preclinical,control vehicle,,,
13638,DMeOB,['6891506'],['COc1cccc(C=NC=Nc2cccc(OC)c2)c1'],Preclinical,glutamate receptor modulator,GRM5,,
13639,DNQX,['3899541'],['Oc1nc2cc([N+](=O)[O-])c(cc2nc1O)[N+](=O)[O-]'],Preclinical,glutamate receptor antagonist,GRIA1|GRIA2|GRIK1|GRIN1|GRIN2A|GRIN2B,,
13640,DPO-1,['21678144'],['CC(C)[C@@H]1CC[C@@H](C)C[C@@H]1P(=O)(c1ccccc1)c1ccccc1'],Preclinical,potassium channel blocker,KCNA5,,
13641,DPPE,"['108092', '139057631', '175534']",['CCN(CC)CCOc1ccc(Cc2ccccc2)cc1'],Phase 3,histamine receptor antagonist,ABCB1|HRH1,,
13642,DR-2313,['135522417'],['Cc1nc(=O)c2CSCCc2[nH]1'],Preclinical,PARP inhibitor,PARP1|PARP3,,
13643,DUP-697,['3177'],['CS(=O)(=O)c1ccc(cc1)-c1cc(Br)sc1-c1ccc(F)cc1'],Phase 1,cyclooxygenase inhibitor,PTGS2,,
13644,DY-131,['5497124'],['CCN(CC)c1ccc(C=NNC(=O)c2ccc(O)cc2)cc1'],,,,,
13645,DY-44,['23919667'],['C[C@@H]1ON([C@@H]([C@H]1C(=O)O)c2ccccc2)c3ccccc3'],,,,,
13646,E-4031,['3185'],['Cc1cccc(CCN2CCC(CC2)C(=O)c2ccc(NS(C)(=O)=O)cc2)n1'],Phase 1,potassium channel blocker,KCNH1|KCNH2,,
13647,EBPC,['54677973'],['CCOC(=O)C1CN(Cc2ccccc2)C(=O)C1=O'],Preclinical,aldose reductase inhibitor,AKR1B1,,
13648,EHNA,"['11957547', '149784', '24197375', '3206', '359137']",['CCCCCC[C@@H]([C@@H](C)O)n1cnc2c(N)ncnc12'],,,,,
13649,EHPG-piperazine,['194138'],['CCOc1cc(ccc1O)C(O)CO'],,,,,
13650,EI-231,['6610267'],['OC[C@H]1O[C@H](C(O)[C@H]1O)n2cnc3cc(Cl)c(Cl)cc23'],,,,,
13651,EI-247,['73707420'],['O[C@H](c1ccc2ccccc2c1)P(O)(O)=O'],,,,,
13652,EI-273,['3568'],['COCc1cc(O)c(O)c(O)c1c2c(O)c(O)c(O)cc2COC'],,,,,
13653,EMD-386088,['10131112'],['Cc1[nH]c2ccc(Cl)cc2c1C1=CCNCC1'],Preclinical,serotonin receptor agonist,HTR6,,
13654,EMD-41000,['135179'],['COc1cc(SC)ccc1c2nc3ccncc3[nH]2'],,,,,
13655,EMD-66684,"['23664885', '56972165', '9892554']",['CCCCc1nc2ccn(CC(=O)N(C)C)c(=O)c2n1Cc1ccc(cc1)-c1ccccc1-c1nnn[nH]1'],Preclinical,angiotensin receptor antagonist,AGTR1,,
13656,EMF-BCA1-57,['44489675'],['COc1ccc(cc1)S(=O)(=O)N(C)C[C@@H]2Oc3c(NC(=O)Nc4cccc5ccccc45)cccc3C(=O)N(C[C@H]2C)[C@@H](C)CO'],,,,,
13657,EMF-BCA1-60,['44492462'],['C[C@@H](CO)N1C[C@@H](C)[C@H](CN(C)S(=O)(=O)c2ccc(Cl)cc2)Oc3c(NC(=O)Nc4cccc5ccccc45)cccc3C1=O'],,,,,
13658,EMF-BCA1-64,['46907798'],['C[C@@H](CO)N1C[C@@H](C)[C@H](CN(C)S(=O)(=O)c2ccc3OCCOc3c2)Oc4c(NC(=O)Nc5cccc6ccccc56)cccc4C1=O'],,,,,
13659,EMF-bca1-16,['4183496'],['[O-][N+](=O)c1ccc(Cl)c(c1)C(=O)Nc2cccc(NC(=O)c3cc(ccc3Cl)[N+](=O)[O-])n2'],,,,,
13660,EMF-csc-9,['6537698'],['Cc1ccccc1NCC(=O)N\\N=C\\c1ccc[nH]1'],,,,,
13661,EMF-sumo1-1,['4084010'],['Fc1ccccc1C(=O)N2CC(=O)Nc3ccc(Cl)cc3C2c4ccccc4'],,,,,
13662,EMF-sumo1-10,['24761501'],['CCCCC(O)(C(CN1CCOCC1)c2ccc(Cl)cc2)c3ccc(F)cc3'],,,,,
13663,EMF-sumo1-11,['659031'],['Fc1ccc(cc1)C(=O)C(CN2CCOCC2)c3ccccc3'],,,,,
13664,EMF-sumo1-12,['2630179'],['[O-][N+](=O)c1ccc(o1)C(=O)OCc2nnc(o2)c3ccccc3'],,,,,
13665,EMF-sumo1-2,['2203170'],['[O-][N+](=O)c1cc(ccc1S(=O)CC(=O)Oc2ccc(Cl)cc2)C(F)(F)F'],,,,,
13666,EMF-sumo1-3,['6867256'],['Cn1c(SCC(=O)NN=Cc2ccc(s2)[N+](=O)[O-])nnc1c3ccc(Cl)cc3'],,,,,
13667,EMF-sumo1-39,['51003694'],['Fc1cccc(c1)C(=O)C(CN1CCOCC1)c1ccccc1'],,,,,
13668,EMF-sumo1-4,['5535958'],['Oc1c(Br)cc(Br)cc1C=NN2CCN(Cc3ccccc3)CC2'],,,,,
13669,EMF-sumo1-5,['5874798'],['Cc1c(N=Cc2cc(Br)cc(Br)c2O)cccc1C(=O)O'],,,,,
13670,EMF-sumo1-6,['2951172'],['NC(=O)C1CCN(CC1)C2CC(=O)N(C2=O)c3ccc(F)c(Cl)c3'],,,,,
13671,EMF-sumo1-7,['3550807'],['Fc1cc(F)c(c(F)c1Cl)S(=O)(=O)NNC(=O)C2(CC3CC4CC(C3)C2)C4'],,,,,
13672,EMF-sumo1-8,['260972'],['Cc1ccc(cc1)S(=O)(=O)NC2CCCCCCC2'],,,,,
13673,EMF-sumo1-9,['4898145'],['CC1CC(C)(C)N2C(=O)C3(Nc4ccccc4S3)c5cccc1c25'],,,,,
13674,ENMD-2076,['16041424'],['CN1CCN(CC1)c1cc(Nc2cc(C)[nH]n2)nc(\\C=C\\c2ccccc2)n1'],Phase 2,Aurora kinase inhibitor|FLT3 inhibitor|VEGFR inhibitor,AURKA|FLT3|KDR|PDGFRA|PTK2|SRC,,
13675,EO-1428,['9801969'],['Cc1ccccc1C(=O)c1ccc(Nc2ccc(Br)cc2N)cc1Cl'],Preclinical,p38 MAPK inhibitor,MAPK11|MAPK14,,
13676,ER-27319,['9799509'],['Cc1ccc2c(c1C)n(CCCN)c1ccccc1c2=O'],Preclinical,mediator release inhibitor|SYK inhibitor,SYK,,
13677,ERK-inhibitor-11E,['11634725'],['Cc1cnc(Nc2ccc(F)cc2Cl)nc1-c1c[nH]c(c1)C(=O)N[C@H](CO)c1cccc(Cl)c1'],,,,,
13678,EX-527,['5113032'],['C1CC(C2=C(C1)C3=C(N2)C=CC(=C3)Cl)C(=O)N'],Phase 2,SIRT inhibitor,SIRT1,,
13679,EXO-1,['310557'],['COC(=O)c1ccccc1NC(=O)c1ccc(F)cc1'],Preclinical,ARF inhibitor,,,
13680,F-1061-0166,['3646984'],['Cc1[nH]c2ccccc2c1C(Nc3cc(C)ccn3)c4ccc(Cl)cc4'],,,,,
13681,F-1566-0341,['5056826'],['Oc1c(Sc2cccc3cccnc23)cc(NS(=O)(=O)c4ccc(Cl)cc4)c5ccccc15'],,,,,
13682,FCCP,['3330'],['FC(F)(F)Oc1ccc(NN=C(C#N)C#N)cc1'],,,,,
13683,FG-7142,['4375'],['CNC(=O)c1cc2c(cn1)[nH]c1ccccc21'],Preclinical,GABA benzodiazepine site receptor inverse agonist,,,
13684,FGIN-1-27,['132496'],['CCCCCCN(CCCCCC)C(=O)Cc1c([nH]c2ccccc12)-c1ccc(F)cc1'],Preclinical,inositol monophosphatase inhibitor,TSPO,,
13685,FGIN-1-43,['3995234'],['CCCCCCN(CCCCCC)C(=O)Cc1c([nH]c2ccc(Cl)cc12)-c1ccc(Cl)cc1'],Preclinical,benzodiazepine receptor agonist,TSPO,,
13686,FH-535,['3463933'],['Cc1cc(ccc1NS(=O)(=O)c1cc(Cl)ccc1Cl)[N+]([O-])=O'],Preclinical,PPAR receptor antagonist|WNT signaling inhibitor,PPARD|PPARG,,
13687,FIT,['84008'],['CCC(=O)N(C1CCN(CCc2ccc(cc2)N=C=S)CC1)c1ccccc1'],Preclinical,opioid receptor agonist,OPRD1,,
13688,FK-866,['6914657'],['O=C(NCCCCC1CCN(CC1)C(=O)c1ccccc1)\\C=C\\c1cccnc1'],Phase 2,niacinamide phosphoribosyltransferase inhibitor,NAMPT,,
13689,FK-888,['107967'],['CN(Cc1ccccc1)C(=O)[C@H](Cc1ccc2ccccc2c1)NC(=O)[C@@H]1C[C@@H](O)CN1C(=O)c1cn(C)c2ccccc12'],Phase 2,tachykinin antagonist,TACR1|TACR2,,
13690,FPL-55712,['105007'],['CCCc1c(OCC(O)COc2ccc3c(oc(cc3=O)C(O)=O)c2CCC)ccc(C(C)=O)c1O'],Phase 1,leukotriene receptor antagonist,,,
13691,FPL-64176,['3423'],['COC(=O)c1c(C)[nH]c(C)c1C(=O)c1ccccc1Cc1ccccc1'],Preclinical,calcium channel activator,CACNA1C|CACNA1S,,
13692,FR-122047,['196841'],['COc1ccc(cc1)-c1nc(sc1-c1ccc(OC)cc1)C(=O)N1CCN(C)CC1'],Preclinical,cyclooxygenase inhibitor,,,
13693,FR-139317,['4353886'],['CC(C)CC(NC(=O)N1CCCCCC1)C(=O)NC(Cc2cn(C)c3ccccc23)C(=O)NC(Cc4ccccn4)C(=O)O'],Phase 1,endothelin receptor antagonist,EDNRA,,
13694,FR-180204,['53338808'],['Nc1[nH]nc2nnc(cc12)-c1c(nn2ccccc12)-c1ccccc1'],Preclinical,MAP kinase inhibitor,MAPK1|MAPK3,,
13695,FTI-276,['395754'],['CSCC[C@H](NC(=O)c1ccc(NC[C@@H](N)CS)cc1-c1ccccc1)C(O)=O'],,,,,
13696,FTase-inhibitor-B581,['132887'],['CSCC[C@H](NC(=O)[C@H](Cc1ccccc1)NC[C@@H](NC[C@@H](N)CS)C(C)C)C(=O)O'],,,,,
13697,FU-JMBII105B,['24856237'],['COC(=O)N1N(C(=O)OC)[C@](C(C)C)(C1=O)c2ccc(OC)cc2'],,,,,
13698,FU-JMBII113B,['24856224'],['COC(=O)N1N(C(=O)OC)[C@](CC(C)C)(C1=O)c2ccccc2'],,,,,
13699,FU-JMBII127B,['24856313'],['COC(=O)N1N(C(=O)OC)[C@](C2CCCC2)(C1=O)c3ccccc3'],,,,,
13700,FU-JMBII227B,['24856238'],['COC(=O)N1N(C(=O)OC)[C@](C(C)C)(C1=O)c2ccccc2'],,,,,
13701,Fluoro-SAHA,['24861442'],['ONC(=O)CCCCCCC(=O)Nc1ccc(F)cc1'],,,,,
13702,GANT-58,['253078'],['c1cc(ccn1)-c1sc(c(c1-c1ccncc1)-c1ccncc1)-c1ccncc1'],Preclinical,GLI antagonist,GLI1,,
13703,GANT-61,['421610'],['CN(C)c1ccccc1CN1CCCN(Cc2ccccc2N(C)C)C1c1ccncc1'],Preclinical,GLI antagonist,GLI1|GLI2,,
13704,GBR-12783,['5788723'],['C1CN(CCN1CCOC(C2=CC=CC=C2)C3=CC=CC=C3)C/C=C/C4=CC=CC=C4'],Preclinical,dopamine reuptake inhibitor,,,
13705,GBR-12935,['3456'],['C(CN1CCN(CCOC(c2ccccc2)c2ccccc2)CC1)Cc1ccccc1'],Preclinical,dopamine reuptake inhibitor,AGTR1|SLC6A3,,
13706,GBR-13069,['5974189'],['C1CN(CCN1CCOC(C2=CC=C(C=C2)F)C3=CC=C(C=C3)F)C/C=C/C4=CC=CC=C4'],Preclinical,dopamine reuptake inhibitor,SLC6A3,,
13707,GDC-0879,['11717001'],['OCCn1cc(c(n1)-c1ccncc1)-c1ccc2c(CC\\C2=N/O)c1'],Preclinical,RAF inhibitor,BRAF,,
13708,GDC-0941,['17755052'],['CS(=O)(=O)N1CCN(Cc2cc3nc(nc(N4CCOCC4)c3s2)-c2cccc3[nH]ncc23)CC1'],Phase 2,PI3K inhibitor,PIK3CA|PIK3CB|PIK3CD|PIK3CG,,
13709,GGTI-297,['9956145'],['CC(C)C[C@H](NC(=O)c1ccc(NC[C@@H](N)CS)cc1-c1cccc2ccccc12)C(O)=O'],,,,,
13710,GGTI-298,['9811606'],['COC(=O)[C@H](CC(C)C)NC(=O)c1ccc(NC[C@@H](N)CS)cc1-c1cccc2ccccc12'],Preclinical,GGTase inhibitor,CDKN1A,,
13711,GMX-1778,['148198'],['Clc1ccc(OCCCCCC\\N=C(\\NC#N)Nc2ccncc2)cc1'],,,,,
13712,GNF-2,['5311510'],['NC(=O)c1cccc(c1)-c1cc(Nc2ccc(OC(F)(F)F)cc2)ncn1'],Preclinical,Bcr-Abl kinase inhibitor,ABL1|BCR,,
13713,GP-1a,['10252734'],['Cc1ccc-2c(Cc3c(nn(c-23)-c2ccc(Cl)cc2Cl)C(=O)NN2CCCCC2)c1'],,,,,
13714,GP-2a,['16094766'],['Cc1ccc-2c(Cc3c(nn(c-23)-c2ccc(Cl)cc2Cl)C(=O)NC2CCCCC2)c1'],,,,,
13715,GP-42,['73707393'],['COc1cc(\\C=C\\C(=O)N2C(CC=CC2=O)c2cccnc2)cc(OC)c1OC'],,,,,
13716,GR-103691,['4302960'],['COc1ccccc1N1CCN(CCCCNC(=O)c2ccc(cc2)-c2ccc(cc2)C(C)=O)CC1'],Preclinical,dopamine receptor antagonist,DRD3,,
13717,GR-113808,['119376'],['Cn1cc(C(=O)OCC2CCN(CCNS(C)(=O)=O)CC2)c2ccccc12'],Preclinical,serotonin receptor antagonist,HTR4,,
13718,GR-127935,['107780'],['COc1ccc(NC(=O)c2ccc(cc2)-c2ccc(cc2C)-c2noc(C)n2)cc1N1CCN(C)CC1'],Preclinical,serotonin receptor antagonist,HTR1A|HTR1B|HTR1D|HTR1E|HTR1F|HTR2A|HTR2B|HTR2C|HTR6,,
13719,GR-135531,['4284525'],['COC(=O)Nc1ccc2[nH]cc(CCNC(C)=O)c2c1'],Preclinical,melatonin receptor agonist,,,
13720,GR-144053,['173614'],['NC(=N)c1ccc(cc1)N1CCN(CC1)C1CCN(CC(O)=O)CC1'],Preclinical,integrin antagonist,ITGA2B|ITGB3,,
13721,GR-159897,['3570748'],['COC1(C[S@@](=O)c2ccccc2)CCN(CCc2c[nH]c3ccc(F)cc23)CC1'],Preclinical,tachykinin antagonist,TAC1|TACR2,,
13722,GR-206,['1863'],['O=Cc1c2[nH]c3ccccc3c2cc4[nH]c5ccccc5c14'],,,,,
13723,GR-235,['6450278'],['C\\C=C1/C(=O)C[C@H]2[C@@H]3CCC4=CC(=O)CC[C@]4(C)[C@H]3CC[C@]12C'],Launched,estrogen receptor agonist|FXR antagonist|progesterone receptor agonist,NR1H4,,
13724,GR-32191,['6918030'],['O[C@H]1C[C@H](OCc2ccc(cc2)c3ccccc3)[C@H](CC/C=C\\CCC(=O)O)[C@H]1N4CCCCC4'],,,,,
13725,GR-46611,['6160690'],['COc1ccc(CNC(=O)C=Cc2ccc3[nH]cc(CCN(C)C)c3c2)cc1'],,,,,
13726,GR-55562,['128018'],['CN(C)CCCc1cc(ccc1O)C(=O)Nc2ccc(cc2)c3ccncc3'],,,,,
13727,GR-79236,['9884817'],['OC[C@H]1O[C@H]([C@H](O)[C@@H]1O)n1cnc2c(N[C@H]3CCC[C@@H]3O)ncnc12'],Phase 1,adenosine receptor agonist,ADORA1|ADORA2A,,
13728,GR-89696,['6442840'],['COC(=O)N1CCN(C(CN2CCCC2)C1)C(=O)Cc3ccc(Cl)c(Cl)c3'],,,,,
13729,GS-39783,['6604928'],['CSc1nc(NC2CCCC2)c(c(NC2CCCC2)n1)[N+]([O-])=O'],Preclinical,GABA receptor modulator,GABBR1,,
13730,GSK-0660,['46233311'],['COC(=O)c1sccc1S(=O)(=O)Nc1ccc(Nc2ccccc2)cc1OC'],,,,,
13731,GSK-1059615,['23582824'],['C1=CC2=NC=CC(=C2C=C1/C=C\\3/C(=O)NC(=O)S3)C4=CC=NC=C4'],,,,,
13732,GSK-1070916,['46885626'],['CCn1cc(c(n1)-c1ccc(NC(=O)N(C)C)cc1)-c1ccnc2[nH]c(cc12)-c1cccc(CN(C)C)c1'],,,,,
13733,GSK-1904529A,['25124816'],['CCc1cc(Nc2nccc(n2)-c2c(nc3ccccn23)-c2ccc(OC)c(c2)C(=O)Nc2c(F)cccc2F)c(OC)cc1N1CCC(CC1)N1CCN(CC1)S(C)(=O)=O'],,,,,
13734,GSK-2126458,['52914946'],['COc1nccc(-c2ccc3nccc(-c4ccnnc4)c3c2)c1NS(=O)(=O)c1ccc(F)cc1F'],,,,,
13735,GSK-2334470,['46215815'],['CNc1nc(cc(n1)-c1ccc2c(N)n[nH]c2c1)N1C[C@H](CC[C@H]1C)C(=O)NC1CCCCC1'],,,,,
13736,GSK-3-inhibitor-II,['6539732'],['Ic1cccc(CSc2nnc(o2)c3ccncc3)c1'],,,,,
13737,GSK-3-inhibitor-IX,['11405589'],['O\\N=C1/C(Nc2ccccc12)=C1/C(=O)Nc2cc(Br)ccc12'],Preclinical,glycogen synthase kinase inhibitor|lipoxygenase inhibitor,GSK3A|GSK3B,,
13738,GSK-429286A,['11373846'],['CC1=C(C(CC(=O)N1)c1ccc(cc1)C(F)(F)F)C(=O)Nc1cc2cn[nH]c2cc1F'],,,,,
13739,GSK-461364,['15983966'],['C[C@@H](Oc1cc(sc1C(N)=O)-n1cnc2ccc(CN3CCN(C)CC3)cc12)c1ccccc1C(F)(F)F'],,,,,
13740,GSK-650394,['25022668'],['OC(=O)c1ccc(cc1C1CCCC1)-c1c[nH]c2ncc(cc12)-c1ccccc1'],,,,,
13741,GSK-690693,['16048642'],['CCn1c(nc2c(ncc(OCC3CCCNC3)c12)C#CC(C)(C)O)-c1nonc1N'],,,,,
13742,GTP-14564,['3385203'],['c1ccc(cc1)-c1n[nH]c2c1oc1ccccc21'],Preclinical,FLT3 inhibitor|tyrosine kinase inhibitor,CSF1R|FLT3|KIT|PDGFRB,,
13743,GW-0742,['9934458'],['Cc1nc(sc1CSc1ccc(OCC(O)=O)c(C)c1)-c1ccc(c(F)c1)C(F)(F)F'],Preclinical,PPAR receptor agonist,PPARD,,
13744,GW-1929,['6518171'],['CN(CCOc1ccc(CC(Nc2ccccc2C(=O)c2ccccc2)C(O)=O)cc1)c1ccccn1'],Preclinical,PPAR receptor agonist,PPARG,,
13745,GW-311616,['44483335'],['CC(C)C1[C@H]2[C@@H](CCN2C(=O)/C=C/CN3CCCCC3)N(C1=O)S(=O)(=O)C'],Phase 1,elastase inhibitor|leukocyte elastase inhibitor,ELANE,,
13746,GW-3965,['447905'],['OC(=O)Cc1cccc(OCCCN(CC(c2ccccc2)c2ccccc2)Cc2cccc(c2Cl)C(F)(F)F)c1'],Preclinical,LXR agonist,NR1H2|NR1H3,,
13747,GW-405833,['9911463'],['COc1ccc2n(C(=O)c3cccc(Cl)c3Cl)c(C)c(CCN3CCOCC3)c2c1'],Preclinical,cannabinoid receptor agonist,CNR2,,
13748,GW-4064,['9893571'],['CC(C)C1=C(C(=NO1)C2=C(C=CC=C2Cl)Cl)COC3=CC(=C(C=C3)/C=C/C4=CC(=CC=C4)C(=O)O)Cl'],Preclinical,FXR agonist,NR1H4,,
13749,GW-441756,['9943465'],['CN1C=C(C2=CC=CC=C21)/C=C\\3/C4=C(C=CC=N4)NC3=O'],Preclinical,growth factor receptor inhibitor,NTRK1,,
13750,GW-501516,['9803963'],['Cc1nc(sc1CSc1ccc(OCC(O)=O)c(C)c1)-c1ccc(cc1)C(F)(F)F'],Phase 2,PPAR receptor agonist,PPARA|PPARD,,
13751,GW-5074,['5924208'],['C1=CC2=C(C=C1I)/C(=C/C3=CC(=C(C(=C3)Br)O)Br)/C(=O)N2'],Phase 1/Phase 2,leucine rich repeat kinase inhibitor|RAF inhibitor,NTRK1|RAF1,,
13752,GW-583340,['5329480'],['CS(=O)(=O)CCNCc1nc(cs1)-c1ccc2ncnc(Nc3ccc(OCc4cccc(F)c4)c(Cl)c3)c2c1'],Preclinical,EGFR inhibitor,EGFR|ERBB2,,
13753,GW-6471,['44634742'],['CCOC(=O)NCC(Cc1ccc(OCCc2nc(oc2C)c3ccccc3)cc1)NC(=CC(=O)c4ccc(cc4)C(F)(F)F)C'],Preclinical,PPAR receptor antagonist,PPARA,,
13754,GW-7647,['3392731'],['CC(C)(Sc1ccc(CCN(CCCCC2CCCCC2)C(=O)NC2CCCCC2)cc1)C(O)=O'],Preclinical,PPAR receptor agonist,PPARA,,
13755,GW-843682X,['9826308'],['COc1cc2ncn(-c3cc(OCc4ccccc4C(F)(F)F)c(s3)C(N)=O)c2cc1OC'],Preclinical,PLK inhibitor,PLK1|PLK3,,
13756,GW-9508,['11595431'],['OC(=O)CCc1ccc(NCc2cccc(Oc3ccccc3)c2)cc1'],Preclinical,free fatty acid receptor agonist|G protein-coupled receptor agonist,FFAR1|FFAR4,,
13757,GW-9662,['644213'],['[O-][N+](=O)c1ccc(Cl)c(c1)C(=O)Nc1ccccc1'],Preclinical,PPAR receptor antagonist,NCOA2|PPARG|RXRA,,
13758,GYKI-52466,['10042240'],['CC1=NN=C(c2ccc(N)cc2)c2cc3OCOc3cc2C1'],Preclinical,glutamate receptor antagonist,GRIA1|GRIA2|GRIA3|GRIA4,,
13759,Gly-Gly-PALO,['172813'],['NCC(=O)NCC(=O)N[C@@H](CCCNC(=O)CP(O)(O)=O)C(O)=O'],,,,,
13760,Gossypetin,['5280647'],['Oc1ccc(cc1O)c2oc3c(O)c(O)cc(O)c3c(=O)c2O'],,,,,
13761,H-7,['9862218'],['CC1CNCCN1S(=O)(=O)c2cccc3cnccc23'],,,,,
13762,H-8,['3540'],['CNCCNS(=O)(=O)c1cccc2cnccc12'],,,,,
13763,H-89,['449241'],['Brc1ccc(\\C=C\\CNCCNS(=O)(=O)c2cccc3cnccc23)cc1'],Preclinical,PKA inhibitor,GSG2|PKIA|PRKACA,,
13764,H-9,['3544'],['C1=CC2=C(C=CN=C2)C(=C1)S(=O)(=O)NCCN'],,,,,
13765,HA-1004,['3546'],['NC(=N)NCCNS(=O)(=O)c1cccc2cnccc12'],Phase 2,calcium channel blocker,,,
13766,HA-14-1,['3549'],['CCOC(=O)C(C#N)C1c2cc(Br)ccc2OC(N)=C1C(=O)OCC'],,,,,
13767,HC-toxin,['3571'],['CC1NC(=O)C2CCCN2C(=O)C(CCCCCC(=O)C2CO2)NC(=O)C(C)NC1=O'],,,,,
13768,HDAC1-selective,['168313016'],['CC(=O)N[C@H]1C[C@H](C1)C(=O)Nc1cc(ccc1N)-c1ccc(F)cc1'],,,,,
13769,HDAC3-selective,['72734382'],['CC(=O)Nc1ccc(cc1)C(=O)Nc1ccc(F)cc1N'],,,,,
13770,HG-5-113-01,['25226483'],['CC(C)S(=O)(=O)C1=CC=CC=C1NC2=CC(=NC3=C2C=CN3)NC4=NC=C(C=C4)C(=O)NC'],,,,,
13771,HG-5-88-01,['25226117'],['CC(C)S(=O)(=O)C1=CC=CC=C1NC2=NC(=NC(=C2Cl)N)NC3=C(C=C(C=C3)N4CCC(CC4)C(=O)N)OC'],,,,,
13772,HG-6-64-01,['53302361'],['CCN1CCN(CC1)CC2=C(C=C(C=C2)NC(=O)C3=CC(=C(C=C3)C)/C=C/C4=CN=C5C(=C4OC)C=CN5)C(F)(F)F'],,,,,
13773,HLI-373,['435678'],['CN(C)CCCNc1c2ccccc2n(C)c2nc(=O)n(C)c(=O)c12'],,,,,
13774,HMN-214,['9888590'],['COc1ccc(cc1)S(=O)(=O)N(C(C)=O)c1ccccc1\\C=C\\c1cc[n+]([O-])cc1'],Phase 1,PLK inhibitor,PLK1,,
13775,HNHA,['16126782'],['ONC(=O)CCCCCCSc1ccc2ccccc2c1'],,,,,
13776,HO-013,['6443013'],['CCCCC[C@H](O)/C=C/C=C\\CCCCCCCC(=O)O'],,,,,
13777,HTMT,"['124846', '23581821', '45073433']",['CC(CCCCC(=O)Nc1ccc(cc1)C(F)(F)F)NCCc1c[nH]cn1'],Preclinical,histamine receptor agonist,HRH4,,
13778,HTS-11203SC,['2815801'],['Clc1ccc(cc1)n2ncc(n2)C(=O)c3ccccc3'],,,,,
13779,HTS-12264SC,['2816236'],['Cc1ccc(Cc2nn3c(nn(c4ccc(Cl)cc4)c3nc2=O)C(=O)c5cccs5)cc1'],,,,,
13780,HU-211,['9886498'],['CCCCCCC(C)(C)c1cc(O)c2[C@H]3CC(CO)=CCC3C(C)(C)Oc2c1'],,,,,
13781,I-070754,['23947034'],['CCOC(=O)[C@H]1C\\C=C\\C[C@H](C(=O)OCC)C(=O)O[C@H]2[C@H](OC(=O)Nc3ccc(OC)cc3)[C@@H](CO)O[C@H](OC)[C@@H]2OC1=O'],,,,,
13782,I-070759,['24086306'],['CCOC(=O)[C@H]1C\\C=C\\C[C@H](C(=O)OCC)C(=O)O[C@H]2[C@H](OC(=O)Nc3ccc(Br)cc3)[C@@H](CO)O[C@H](OC)[C@@H]2OC1=O'],,,,,
13783,I-212148,['73707364'],['CO[C@H]1O[C@H](CO)[C@@H](OC(=O)c2c(OC)cccc2OC)[C@@H]2OC(=O)[C@@H](Cc3ccccc3)C\\C=C\\C[C@H](Cc3ccccc3)C(=O)O[C@@H]12'],,,,,
13784,I-303059,['24094067'],['CO[C@H]1O[C@H](CO)[C@@H](OC(=O)Nc2ccc(Br)cc2)[C@@H]2OC(=O)[C@H](Cc3cccc(Br)c3)C\\C=C\\C[C@@H](Cc3cccc(Br)c3)C(=O)O[C@@H]12'],,,,,
13785,I-505056,['23975549'],['CO[C@H]1O[C@H](CO)[C@@H](OC(=O)Nc2ccc(cc2)C(F)(F)F)[C@H](OC(=O)Nc3ccccc3)[C@H]1OC(=O)Nc4ccccc4'],,,,,
13786,I-606051,['23891056'],['CCc1cccc(NC(=O)O[C@@H]2[C@@H](CO)O[C@H](OC)[C@H](OC(=O)Nc3ccccc3c4ccccc4)[C@H]2OC(=O)Nc5ccccc5c6ccccc6)c1'],,,,,
13787,I-606061,['23891514'],['CO[C@H]1O[C@H](CO)[C@@H](OC(=O)Nc2ccc(Oc3ccccc3)cc2)[C@H](OC(=O)Nc4ccccc4c5ccccc5)[C@H]1OC(=O)Nc6ccccc6c7ccccc7'],,,,,
13788,I-OMe-AG-538,['5353685'],['COc1cc(/C=C(\\C#N)/C(=O)c2ccc(O)c(O)c2)cc(I)c1O'],,,,,
13789,IAA-94,['656717'],['C[C@]1(Cc2cc(OCC(=O)O)c(Cl)c(Cl)c2C1=O)C3CCCC3'],,,,,
13790,IB-MECA,['3668'],['CNC(=O)C1C(C(C(O1)N2C=NC3=C(N=CN=C32)NCC4=CC(=CC=C4)I)O)O'],Phase 3,adenosine receptor agonist,ADORA1|ADORA2A|ADORA2B|ADORA3,,
13791,IBC-293,['2736690'],['CC(C)n1nnc2cc(ccc12)C(O)=O'],Preclinical,hydroxycarboxylic acid receptor agonist,HCAR3,,
13792,IC-261,['5288600'],['COc1cc(OC)c(/C=C\\2/C(=O)Nc3ccccc23)c(OC)c1'],,,,,
13793,ICI-118551,"['104824', '11957590', '3682', '46704050', '5311179', '5484725', '56972148']",['CC(C)NC(C)C(O)COc1ccc(C)c2CCCc21'],,,,,
13794,ICI-162846,['134778'],['NC(=O)CCCCn1ccc(N=C(N)NCC(F)(F)F)n1'],Phase 1,histamine receptor antagonist,HRH2,,
13795,ICI-199441,['3082718'],['CN([C@H](CN1CCCC1)c1ccccc1)C(=O)Cc1ccc(Cl)c(Cl)c1'],Preclinical,opioid receptor agonist,CYP2D6|OPRD1|OPRK1|OPRM1|UTS2R,,
13796,ICI-204448,"['129407', '3683']",['CN(C(CN1CCCC1)c2cccc(OCC(=O)O)c2)C(=O)Cc3ccc(Cl)c(Cl)c3'],,,,,
13797,ICI-63197,['62824'],['CCCn1c2nc(N)nn2cc(C)c1=O'],Preclinical,phosphodiesterase inhibitor,,,
13798,ICI-89406,['123686'],['OC(CNCCNC(=O)Nc1ccccc1)COc1ccccc1C#N'],Phase 1,adrenergic receptor antagonist,ADRB1|ADRB2,,
13799,IDAM,['9865652'],['CN(C)Cc1ccccc1Sc1ccc(I)cc1CO'],,,,,
13800,III606050,['23748511'],['CO[C@H]1O[C@H](CO)[C@@H](OC(=O)Nc2ccccc2)[C@H](OC(=O)Nc3ccccc3c4ccccc4)[C@@H]1OC(=O)Nc5ccccc5c6ccccc6'],,,,,
13801,IKK-16,['9549298'],['O=C(N1CCC(CC1)N1CCCC1)c1ccc(Nc2nccc(n2)-c2cc3ccccc3s2)cc1'],Preclinical,IKK inhibitor,IKBKB,,
13802,IKK-2-inhibitor,['2807869'],['NC(=O)c1sc(cc1N)-c1ccsc1'],Preclinical,IKK inhibitor|SYK inhibitor,IKBKB,,
13803,IKK-2-inhibitor-V,['5081913'],['Oc1ccc(Cl)cc1C(=O)Nc1cc(cc(c1)C(F)(F)F)C(F)(F)F'],Phase 1,IKK inhibitor|NFkB pathway inhibitor,IKBKB,,
13804,IKK-inhibitor-X,['9949093'],['Clc1cc(NC(=O)c2cccnc2)c2[nH]c3cnccc3c2c1'],,,,,
13805,IKK3-inhibitor-IX,['11626927'],['COc1cc2ncn(-c3cc(OCc4ccccc4S(C)(=O)=O)c(s3)C#N)c2cc1OC'],,,,,
13806,IM-12,['25209788'],['CN1C(=O)C(NCCc2ccc(F)cc2)=C(C1=O)c1c(C)[nH]c2ccccc12'],,,,,
13807,INCA-6,['230748'],['O=C1C=CC(=O)C2=C1C1c3ccccc3C2c2ccccc12'],Preclinical,calcineurin inhibitor,NFATC1,,
13808,IQ1,['5823908'],['CC(=O)c1ccc(/N=N/C(=C\\2/NC(C)(C)Cc3ccccc23)/C(=O)N)cc1'],,,,,
13809,IRL-2500,['4574540'],['CN(C(Cc1ccc(cc1)c2ccccc2)C(=O)NC(Cc3c[nH]c4ccccc34)C(=O)O)C(=O)c5cc(C)cc(C)c5'],Preclinical,endothelin receptor antagonist,EDNRB,,
13810,ISOX,['24951314'],['CC(C)(C)OC(=O)Nc1ccc(cc1)-c1cc(no1)C(=O)NCCCCCCC(=O)NO'],,,,,
13811,ITE,['4668801'],['COC(=O)c1csc(n1)C(=O)c2c[nH]c3ccccc23'],Preclinical,aryl hydrocarbon receptor agonist,AHR,,
13812,ITSA-1,['771910'],['Clc1ccc(C(=O)n2nnc3ccccc23)c(Cl)c1'],,,,,
13813,IWP-2,['2155128'],['Cc1ccc2nc(NC(=O)CSc3nc4CCSc4c(=O)n3-c3ccccc3)sc2c1'],,,,,
13814,J-104129,['9821459'],['CC(=CCCN1CCC(CC1)NC(=O)[C@@](O)(C2CCCC2)c3ccccc3)C'],,,,,
13815,JAK3-inhibitor-I,['24140566'],['OCc1cc2ncnc(Nc3ccc(O)cc3)c2cc1CO'],,,,,
13816,JAK3-inhibitor-V,['3799'],['C=CC(=O)c1ccc2ccccc2c1'],Preclinical,JAK inhibitor,JAK3,,
13817,JAK3-inhibitor-VI,['9947841'],['O=C/1Nc2ccc(cc2\\C1=C\\c3ccc[nH]3)c4cccnc4'],,,,,
13818,JAS07-001,['7079134'],['CC1(C)N2[C@@H](Cc3c1[nH]c4ccccc34)C(=O)N(Cc5ccccc5)C2=O'],,,,,
13819,JAS07-002,['24747188'],['Cc1ccccc1CN2C(=O)[C@@H]3Cc4c([nH]c5ccccc45)C(C)(C)N3C2=O'],,,,,
13820,JAS07-003,['24747274'],['Cc1cccc(CN2C(=O)[C@@H]3Cc4c([nH]c5ccccc45)C(C)(C)N3C2=O)c1'],,,,,
13821,JAS07-004,['24747189'],['Cc1ccc(CN2C(=O)[C@@H]3Cc4c([nH]c5ccccc45)C(C)(C)N3C2=O)cc1'],,,,,
13822,JAS07-005,['24747193'],['COc1ccccc1CN2C(=O)[C@@H]3Cc4c([nH]c5ccccc45)C(C)(C)N3C2=O'],,,,,
13823,JAS07-006,['1776583'],['COc1ccc(CN2C(=O)[C@@H]3Cc4c([nH]c5ccccc45)C(C)(C)N3C2=O)cc1'],,,,,
13824,JAS07-007,['24747215'],['COc1cccc(CN2C(=O)[C@@H]3Cc4c([nH]c5ccccc45)C(C)(C)N3C2=O)c1'],,,,,
13825,JAS07-008,['24747183'],['CC1(C)N2[C@@H](Cc3c1[nH]c4ccccc34)C(=O)N(Cc5ccccc5F)C2=O'],,,,,
13826,JAS07-009,['24747231'],['CC1(C)N2[C@@H](Cc3c1[nH]c4ccccc34)C(=O)N(Cc5cccc(F)c5)C2=O'],,,,,
13827,JAS07-010,['24747180'],['CC1(C)N2[C@@H](Cc3c1[nH]c4ccccc34)C(=O)N(Cc5ccc(F)cc5)C2=O'],,,,,
13828,JFD02227,['2817908'],['FC(F)(F)C(NCc1ccccn1)(NC(=O)c2cccnc2)C(F)(F)F'],,,,,
13829,JL-7-128,['71500439'],['CCCN1[C@H]2CN(Cc3ccc(F)cc3)C[C@@H]1[C@H]2c1ccccc1'],,,,,
13830,JLK-6,['3803'],['COc1oc(=O)c2cc(N)ccc2c1Cl'],Preclinical,gamma secretase inhibitor,PSEN1,,
13831,JMV-431,['73707593'],['CCC(C)C(NCC(Cc1ccc(O)cc1)NC(=O)C1CCCN1C(=O)C(CCCNC(N)=N)NC(=O)C(CCCNC(N)=N)NC(=O)OC(C)(C)C)C(=O)NC(CC(C)C)C(O)=O'],,,,,
13832,JMW-MITF1,['1716436'],['ClC1=C(NCC=C)C(=O)c2ccccc2C1=O'],,,,,
13833,JNJ-10191584,['10446295'],['CN1CCN(CC1)C(=O)c1nc2ccc(Cl)cc2[nH]1'],Preclinical,histamine receptor antagonist,HRH4,,
13834,JNJ-16259685,['11313361'],['COC1CCC(CC1)C(=O)c2ccc3nc4OCCCc4cc3c2'],Preclinical,glutamate receptor antagonist,GRM1,,
13835,JNJ-26481585,['11538455'],['Cn1cc(CNCC2CCN(CC2)c2ncc(cn2)C(=O)NO)c2ccccc12'],Phase 2,HDAC inhibitor,HDAC1|HDAC10|HDAC11|HDAC2|HDAC3|HDAC4|HDAC5|HDAC6|HDAC7|HDAC8|HDAC9|MDM2,,
13836,JNJ-38877605,['46911863'],['Cn1cc(cn1)-c1ccc2nnc(n2n1)C(F)(F)c1ccc2ncccc2c1'],Phase 1,tyrosine kinase inhibitor,MET,,
13837,JNJ-7706621,['5330790'],['Nc1nc(Nc2ccc(cc2)S(N)(=O)=O)nn1C(=O)c1c(F)cccc1F'],Preclinical,CDK inhibitor,AURKA|AURKB|CDK1|CDK2,,
13838,JNK-9L,['59588070'],['N#Cc1cc(cc(c1)-c1ccnc(Nc2ccc(cc2)-n2cnc(n2)-c2cccnc2)n1)N1CCOCC1'],,,,,
13839,JPR-3-97-17,['23976270'],['CCCC[C@H]1OB(O)C[C@H]2C1=C(COC)Cn3n2c(=O)n(c4ccccc4)c3=O'],,,,,
13840,JS-K,['73438900'],['CCOC(=O)N1CCN(CC1)[N+](\\[O-])=N\\Oc1cc(ccc1[N+]([O-])=O)[N+]([O-])=O'],,,,,
13841,JTC-801,['5311340'],['CCc1ccc(OCc2ccccc2C(=O)Nc2ccc3nc(C)cc(N)c3c2)cc1'],Phase 2,opioid receptor antagonist,OPRL1,,
13842,JTE-013,['10223146'],['CC(C)c1cc(NNC(=O)Nc2cc(Cl)nc(Cl)c2)nc2n(C)nc(C)c12'],Preclinical,lysophospholipid receptor antagonist,P2RY10|S1PR2,,
13843,JTE-907,['9867770'],['CCCCCOc1c(OC)ccc2cc(C(=O)NCc3ccc4OCOc4c3)c(=O)[nH]c12'],Phase 1,cannabinoid receptor inverse agonist,CNR2,,
13844,JW-7-24-1,['69923936'],['COC1=CC(=CC(=C1)C2=CC3=C4C(=CN=C3C=C2)C=CC(=O)N4C5=CC(=C(C=C5)N6CCNCC6)C(F)(F)F)OC'],,,,,
13845,JWE-035,['57340671'],['CCN1CCN(Cc2ccc(Nc3ncc4N(C)C(=O)c5ccccc5N(C)c4n3)cc2C(F)(F)F)CC1'],,,,,
13846,JWH-015,['4273754'],['CCCn1c(C)c(C(=O)c2cccc3ccccc23)c4ccccc14'],,,,,
13847,JX-401,['1126109'],['COc1cc(SC)ccc1C(=O)N1CCC(Cc2ccccc2)CC1'],Preclinical,p38 MAPK inhibitor,MAPK14,,
13848,JZL-184,['25021165'],['OC(C1CCN(CC1)C(=O)Oc1ccc(cc1)[N+]([O-])=O)(c1ccc2OCOc2c1)c1ccc2OCOc2c1'],Preclinical,monoacylglucerol lipase inhibitor,MGLL,,
13849,K-858,['2930014'],['CC(=O)NC1=NN(C(C)=O)C(C)(S1)c1ccccc1'],Preclinical,kinesin-like spindle protein inhibitor,KIF11,,
13850,K-9944,['6520352'],['CC[n+]1c(/C=C\\2/CC(C)(C)CC(=C2)C)oc3ccccc13'],,,,,
13851,K1448,['44507272'],['C[C@H](CO)N1C[C@H](C)[C@H](CN(C)Cc2ccc(cc2)C(=O)Nc3ccccc3N)Oc4ccc(NC(=O)C5CCCCC5)cc4CC1=O'],,,,,
13852,K784-3131,['4381125'],['Cc1ccc(cc1C)N(C(C(=O)NC2CCCCC2)c3cccnc3)C(=O)CCl'],,,,,
13853,K784-3187,['3689415'],['COc1cccc(c1)N(C(C(=O)NCCc2ccccc2)c3cccs3)C(=O)CCl'],,,,,
13854,K784-3188,['3689416'],['COc1ccc(cc1)N(C(C(=O)NCCc2ccccc2)c3cccs3)C(=O)CCl'],,,,,
13855,K784-3391,['5065494'],['CC1CCCCC1NC(=O)c2cnn3c(cc(nc23)c4ccccc4)C(F)(F)F'],,,,,
13856,KB-R7943,['4534086'],['NC(=N)SCCc1ccc(OCc2ccc(cc2)[N+]([O-])=O)cc1'],Preclinical,sodium/calcium exchange inhibitor,SLC8A1|TRPC3|TRPC5|TRPC6,,
13857,KB188-III-56,['7972413'],['Cc1c(NC(=O)/C(=C/c2ccc3ccccc3c2)/C#N)c(=O)n(c4ccccc4)n1C'],,,,,
13858,KDM-096,['681615'],['CCN(CC)C(=O)c1sc(NC(=O)OC)c(C(N)=O)c1C'],,,,,
13859,KDM-103,['73707534'],['Clc1ccccc1OCCc1nn2c(COc3ccccc3)nnc2s1'],,,,,
13860,KF-38789,['5310849'],['COc1ccc(C2CC(=NCCS2)c2c(O)cc(C)oc2=O)c(OC)c1'],Preclinical,P selectin inhibitor,SELP,,
13861,KI-16425,['10367662'],['CC(OC(=O)Nc1c(C)noc1-c1ccc(CSCCC(O)=O)cc1)c1ccccc1Cl'],Preclinical,lysophosphatidic acid receptor antagonist,LPAR1|LPAR3,,
13862,KI-8751,['11317348'],['COc1cc2nccc(Oc3ccc(NC(=O)Nc4ccc(F)cc4F)c(F)c3)c2cc1OC'],Preclinical,KIT inhibitor|PDGFR tyrosine kinase receptor inhibitor|VEGFR inhibitor,KDR,,
13863,KIN001-055,['3796'],['COc1cc2ncnc(Nc3cc(Br)c(O)c(Br)c3)c2cc1OC'],,,,,
13864,KIN001-127,['20635522'],['COc1cc(C)c(Sc2cnc(NC(=O)c3ccc(CNC(C)C(C)C)cc3)s2)cc1C(=O)N1CCN(CC1)C(C)=O'],,,,,
13865,KIN001-242,['56965963'],['COCCNCCCn1c(C(=O)CF)c(-c2ccc(C)cc2)c2c(N)ncnc12'],,,,,
13866,KIN001-244,['49766501'],['Fc1ccc(Cn2cccc(C(=O)N[C@@H](COc3ccc4[nH]c(=O)[nH]c4c3)c3ccccc3)c2=O)cc1F'],,,,,
13867,KIN001-266,['44143370'],['CCN1CCC(CC1)n1cc(CNc2cc(Cl)c3ncc(C#N)c(Nc4ccc(F)c(Cl)c4)c3c2)nn1'],,,,,
13868,KM-00519SC,['2818982'],['CC(C)(C)c1ccc(cc1)c2n[nH]c(NS(=O)(=O)c3ccccc3)c2Br'],,,,,
13869,KM-00799,['2819095'],['COc1cccc(c1)C(=O)C(=C(SC)SC)C#N'],,,,,
13870,KM-00927,['2819152'],['Cc1ccc(cc1)S(=O)(=O)/C(=C/Nc2cc(cc(c2)C(F)(F)F)C(F)(F)F)/C#N'],,,,,
13871,KM-01366,['2819320'],['Cc1c(csc1C(=O)Nc2ccc(F)cc2F)S(=O)(=O)c3ccc(Cl)cc3'],,,,,
13872,KM-03439,['2820118'],['CSc1sc(c2ccn(n2)C(=O)Nc3ccccc3)c4CC(C)(C)CC(=O)c14'],,,,,
13873,KM-03472SC,['2820134'],['Nc1c(C#N)sc2sc(C#N)c(c3ccco3)c12'],,,,,
13874,KM-03949SC,['2820381'],['CC1(C)CC(=O)C=C(SCC(=O)Nc2cc(cc(c2)C(F)(F)F)C(F)(F)F)S1'],,,,,
13875,KM-04501,['2820633'],['COc1cccc(NC(=S)N=S(=O)(C)c2ccccc2)c1'],,,,,
13876,KM-04644SC,['2820696'],['Clc1ccc(cc1)C2CC(=O)C=C(SCC(=O)c3ccccc3)S2'],,,,,
13877,KN-62,['3838'],['CN(C(Cc1ccc(OS(=O)(=O)c2cccc3cnccc23)cc1)C(=O)N4CCN(CC4)c5ccccc5)S(=O)(=O)c6cccc7cnccc67'],Preclinical,calcium/calmodulin dependent protein kinase inhibitor|purinergic receptor antagonist,AKT1|CAMK2A|CHEK1|LCK|MAPK1|MAPK11|MAPK12|MAPK14|MAPK8|P2RX7|PRKCA|ROCK1|RPS6KB1|SGK1,,
13878,KN-93,['5312122'],['COc1ccc(cc1)S(=O)(=O)N(CCO)c2ccccc2CN(C)C/C=C/c3ccc(Cl)cc3'],Preclinical,calcium/calmodulin dependent protein kinase inhibitor,CAMK2A,,
13879,KO-143,['10322450'],['COc1ccc2c3C[C@@H]4N([C@@H](CC(C)C)c3[nH]c2c1)C(=O)[C@H](CCC(=O)OC(C)(C)C)NC4=O'],,,,,
13880,KU-0060648,['11964036'],['CCN1CCN(CC(=O)Nc2ccc(-c3cccc4c3oc(cc4=O)N3CCOCC3)c3sc4ccccc4c23)CC1'],,,,,
13881,KU-0063794,['16736978'],['COc1ccc(cc1CO)-c1ccc2c(nc(nc2n1)N1C[C@H](C)O[C@H](C)C1)N1CCOCC1'],Preclinical,mTOR inhibitor,MTOR,,
13882,KU-14R,['4302964'],['CCC1(Cc2ccccc2O1)c1ncc[nH]1'],,,,,
13883,KU-55933,['5278396'],['O=c1cc(oc(c1)-c1cccc2Sc3ccccc3Sc12)N1CCOCC1'],Preclinical,ATM kinase inhibitor,ATM|PRKDC,,
13884,KU-60019,['16117018'],['CC1CN(CC(=O)Nc2ccc3Sc4c(Cc3c2)cccc4-c2cc(=O)cc(o2)N2CCOCC2)CC(C)O1'],Preclinical,ATM kinase inhibitor,ATM,,
13885,KU-C103420N,['44143698'],['COc1ccc(cc1)C1CC(=NN1c1ccc(cc1)S(N)(=O)=O)c1cccc(OC)c1'],,,,,
13886,KU-C103428N,['44143703'],['NS(=O)(=O)c1ccc(cc1)N1N=C(CC1c1cccc(Br)c1)c1ccccc1'],,,,,
13887,KU-C103443N,['13927312'],['NS(=O)(=O)c1ccc(cc1)N1N=C(CC1c1ccc(Br)cc1)c1ccccc1'],,,,,
13888,KU-C103654,['44462705'],['Fc1cccc(c1)-n1c(=O)c2ccccc2s1=O'],,,,,
13889,KU-C103655,['22416236'],['Fc1ccccc1-n1sc2ccccc2c1=O'],,,,,
13890,KU-C103656,['13186954'],['Clc1cccc(c1)-n1sc2ccccc2c1=O'],,,,,
13891,KU-C103658,['11219195'],['Clc1ccc(cc1)-n1sc2ccccc2c1=O'],,,,,
13892,KU-C103670,['12385463'],['O=c1n(oc2ccccc12)-c1ccccc1'],,,,,
13893,KU-C103671,['1510378'],['Fc1ccc2c(c1)sn(-c1ccccc1)c2=O'],,,,,
13894,KU-C103672,['44473128'],['Cc1cc(C)c2c(ccn(CC(=O)N3CCN(CC3)c3ccccc3)c2=O)n1'],,,,,
13895,KU-C103676,['44473132'],['CC1CN(CCN1c1cccc(C)c1)C(=O)COc1noc2nc(C)cc(C)c12'],,,,,
13896,KU-C103853,['44483164'],['Cc1ccc(c(C)c1)-n1sc2cc(F)ccc2c1=O'],,,,,
13897,KU-C103867,['11054313'],['COc1ccc(cc1)-n1sc2ccccc2c1=O'],,,,,
13898,KU-C103868,['22416272'],['[O-][N+](=O)c1ccc2sn(-c3ccccc3)c(=O)c2c1'],,,,,
13899,KU-C103869,['21785456'],['Cc1ccccc1N1Cc2ccccc2C1=O'],,,,,
13900,KU-C103871,['44543525'],['Fc1ccc2sn(-c3ccccc3Cl)c(=O)c2c1'],,,,,
13901,KU-C103874,['3579902'],['Cc1ccc2c(Cl)c(sc2c1)C(=O)NCCCN1CCOCC1'],,,,,
13902,KU-C103875,['2933863'],['[O-][N+](=O)c1ccc2c(Cl)c(sc2c1)C(=O)NCCCn1ccnc1'],,,,,
13903,KU-C103881,['8796093'],['COc1ccc(NC(=O)c2ccccc2SCc2ccccc2)cc1'],,,,,
13904,KU-C103882,['22416251'],['Clc1ccc(c(Cl)c1)-n1sc2ccccc2c1=O'],,,,,
13905,KU-C103884,['44593869'],['CC(=O)Nc1ccc2sn(-c3ccccc3)c(=O)c2c1'],,,,,
13906,KU-C103885,['44593870'],['FC(F)(F)c1ccc2sn(-c3ccccc3)c(=O)c2c1'],,,,,
13907,KU-C103898N,['44601473'],['Cc1ccc(CSc2nnc(-c3ccccn3)n2Cc2cccs2)cc1'],,,,,
13908,KU-C103904N,['44601476'],['CCc1ccc(cc1)S(=O)(=O)NCc1ccc(cc1)C(=O)NCCN(C(C)C)Cc1ccccc1'],,,,,
13909,KU-C104122,['44602374'],['O=C(Cn1sc2ccccc2c1=O)Nc1ccccc1'],,,,,
13910,KU-C104123,['44602375'],['Fc1ccc(NC(=O)Cn2sc3ccccc3c2=O)cc1'],,,,,
13911,KU-C104126N,['686211'],['[O-][N+](=O)c1ccc2c(c1)sn(-c1ccccc1)c2=O'],,,,,
13912,KU-C104127,['44602376'],['Brc1ccc(NC(=O)Cn2sc3ccccc3c2=O)cc1'],,,,,
13913,KU-C104129,['44602378'],['O=c1n(sc2cc(ccc12)C#N)-c1ccccc1'],,,,,
13914,KU-C104131,['44602406'],['O=C(N1CCN(CC1)c1cc(nc2cc(nn12)-c1ccccc1)-c1ccccc1)c1ccoc1'],,,,,
13915,KU-C104132,['44602405'],['CC(=O)N1CCN(CC1)c1cc(nc2cc(nn12)-c1cccc(Cl)c1)-c1ccccc1'],,,,,
13916,KU-C104133,['44602404'],['COc1ccc(cc1)-c1cc2nc(cc(N3CCN(CC3)C(=O)c3ccccc3)n2n1)-c1ccccc1'],,,,,
13917,KU-C104135,['44607586'],['Cc1cc(N2CCN(CC2)C(=O)c2ccoc2)n2nc(cc2n1)-c1ccccc1'],,,,,
13918,KU-C104137,['44607590'],['Cc1ccc(cc1)-c1cc2nc(C)cc(N3CCN(CC3)C(=O)c3ccoc3)n2n1'],,,,,
13919,KU-C104139,['3230028'],['COc1ccc(cc1)-c1cc2nc(cc(N3CCN(CC3)C(C)=O)n2n1)-c1ccccc1'],,,,,
13920,KU-C104140,['44607592'],['COc1ccc(cc1)-c1cc2nc(cc(N3CCN(CC3)C(=O)c3ccoc3)n2n1)-c1ccccc1'],,,,,
13921,KU-C104141,['44607587'],['COc1ccc(cc1)-c1cc2nc(C)cc(N3CCN(CC3)C(=O)c3ccoc3)n2n1'],,,,,
13922,KU-C104142,['44607591'],['COc1ccc(cc1)-c1cc2nc(cc(N3CCN(CC3)C(=O)c3ccsc3)n2n1)-c1ccccc1'],,,,,
13923,KU-C104145,['44607977'],['COc1ccc(cc1)-c1cc2nc(C)cc(N3CCN(CC3)C(=O)c3cccnc3)n2n1'],,,,,
13924,KU-C104218,['44623833'],['CC(=O)Nc1ccc2c(c1)sn(-c1ccccc1)c2=O'],,,,,
13925,KU-C104219,['44623834'],['Cc1ccc(NC(=O)Cn2sc3ccccc3c2=O)cc1'],,,,,
13926,KU-C104223,['44623837'],['Clc1ccc(NC(=O)Cn2sc3ccccc3c2=O)cc1'],,,,,
13927,KU-C104224,['44623838'],['O=c1n(sc2ccc(cc12)C#N)-c1ccccc1'],,,,,
13928,KU-C104226,['44623845'],['COc1cccc(c1)-c1cc2nc(C)cc(N3CCN(CC3)C(=O)c3ccoc3)n2n1'],,,,,
13929,KU-C104227,['44623840'],['COc1cccc(c1)-c1cc2nc(cc(N3CCN(CC3)C(=O)c3ccoc3)n2n1)-c1ccccc1'],,,,,
13930,KU-C104228,['44623844'],['Brc1ccc(cc1)-c1cc2nc(cc(N3CCN(CC3)C(=O)c3ccoc3)n2n1)-c1ccccc1'],,,,,
13931,KU-C104230,['44602407'],['Clc1cccc(c1)-c1cc2nc(cc(N3CCN(CC3)C(=O)c3ccccc3)n2n1)-c1ccccc1'],,,,,
13932,KU-C104233,['44623839'],['Fc1cccc(c1)-c1cc(N2CCN(CC2)C(=O)c2ccoc2)n2nc(cc2n1)-c1cccc(Cl)c1'],,,,,
13933,KU-C104236N,['20854254'],['CN(CCNC(=O)c1ccc(CNS(=O)(=O)c2ccc(NC(C)=O)cc2)cc1)Cc1ccccc1'],,,,,
13934,KU-C104248,['44629744'],['COc1ccc(cc1)-c1cc2nc(C)c(C)c(N3CCN(CC3)C(=O)c3ccoc3)n2n1'],,,,,
13935,KU-C104250,['44629742'],['Clc1cccc(c1)-c1cc2nc(cc(N3CCN(CC3)C(=O)c3ccoc3)n2n1)-c1cccnc1'],,,,,
13936,KU-C104253,['44630541'],['Clc1cccc(c1)-c1cc2nc(cc(N3CCN(CC3)C(=O)c3ccoc3)n2n1)-c1ccncc1'],,,,,
13937,KU-C104254,['44630538'],['COc1cccc(c1)-c1cc(N2CCN(CC2)C(=O)c2ccoc2)n2nc(cc2n1)-c1cccc(Cl)c1'],,,,,
13938,KU-C104255,['44630540'],['Clc1cccc(c1)-c1cc2nc(cc(N3CCN(CC3)C(=O)c3ccncc3)n2n1)-c1ccccc1'],,,,,
13939,KU-C104256,['44630539'],['Clc1cccc(c1)-c1cc2nc(Cl)cc(N3CCN(CC3)C(=O)c3ccccc3)n2n1'],,,,,
13940,KU-C104337,['44631078'],['Clc1cccc(c1)-c1cc2nc(cc(N3CCN(CC3)C(=O)c3ccoc3)n2n1)C#C'],,,,,
13941,KU-C104486,['44640183'],['COc1ccccc1-c1cc2nc(cc(N3CCN(CC3)C(=O)c3ccoc3)n2n1)-c1ccccc1'],,,,,
13942,KU-C104487,['44640175'],['COc1cccc(c1)-c1cc2nc(C)c(C)c(N3CCN(CC3)C(=O)c3ccoc3)n2n1'],,,,,
13943,KU-C104488,['44640178'],['COc1ccc(cc1)-c1[nH]nc2nc(cc(c12)C(F)(F)F)N1CCN(CC1)C(=O)c1ccoc1'],,,,,
13944,KU-C104491,['44640177'],['O=C(N1CCN(CC1)c1cc(nc2cc(nn12)-c1ccccc1)-c1ccco1)c1ccoc1'],,,,,
13945,KU-C104493,['44640176'],['COc1ccccc1-c1cc2nc(cc(N3CCN(CC3)C(=O)c3ccco3)n2n1)-c1ccccc1'],,,,,
13946,KU-C104495,['44640181'],['COc1ccc(cc1)-c1cc2nc(C)cc(N3CCN(CC3)C(=O)c3ccco3)n2n1'],,,,,
13947,KU-C104502N,['44665680'],['COc1ccc(cc1)N1CCN(CCCNC(=O)Cn2c3nccc(C)c3n3cccc3c2=O)CC1'],,,,,
13948,KU-C104545N,['44828476'],['Clc1ccc(cc1)N1CCN(CCCNC(=O)Cn2c3ncccc3n3cccc3c2=O)CC1'],,,,,
13949,KUC103423N,['13927310'],['Cc1ccc(cc1)C1CC(=NN1c1ccc(cc1)S(N)(=O)=O)c1ccccc1'],,,,,
13950,KUC103424N,['44143700'],['Cc1cccc(c1)C1CC(=NN1c1ccc(cc1)S(N)(=O)=O)c1ccccc1'],,,,,
13951,KUC103893N,['44601470'],['Clc1ccc(CSc2nnc(-c3ccccn3)n2Cc2ccco2)cc1Cl'],,,,,
13952,KUC103903N,['44601475'],['Clc1ccc(CSc2nnc(-c3ccccn3)n2Cc2cccs2)cc1Cl'],,,,,
13953,KUC104235N,['20854195'],['COc1ccc(cc1)S(=O)(=O)NCc1ccc(cc1)C(=O)NCCN(C)Cc1ccccc1'],,,,,
13954,KUC104240N,['1282817'],['Brc1ccc(NC(=O)C2(CCCCC2)N(Cc2ccco2)C(=O)c2ccccn2)cc1'],,,,,
13955,KUC104542N,['44828477'],['O=C(Cn1c2ncccc2n2cccc2c1=O)NCCCN1CCN(CC1)c1ccccc1'],,,,,
13956,KUC104547N,['44828478'],['COc1ccc(N2CCN(CCCNC(=O)Cn3c4ncccc4n4cccc4c3=O)CC2)c(OC)c1'],,,,,
13957,KUC105208,['46902718'],['O[C@H]1C[C@@H](N(Cc2cccs2)C[C@@H]1n1cc(nn1)C1CC1)c1ccc(Cl)cc1'],,,,,
13958,KUC107191N,['51360697'],['Cn1ccc2c(cc3C4CCC(O4)c3c12)-c1ccc(cc1)C(C)(C)C'],,,,,
13959,KUC111109N,['56928031'],['O=C(NC1=C(N2CCN(CC2)c2ccccc2)C(=O)c2ccccc2C1=O)c1ccccc1'],,,,,
13960,KUC111774N,['12387471'],['NS(=O)(=O)c1ccc(NC2=CC(=O)c3ccccc3C2=O)cc1'],,,,,
13961,KW-06,['73707614'],['COc1ccc(CNC2CC2c2ccc(Br)cc2)c(Cl)c1OC'],,,,,
13962,L-152804,['3765615'],['CC1(C)CC(=O)C(C2c3ccccc3OC3=C2C(=O)CC(C)(C)C3)C(=O)C1'],Preclinical,neuropeptide receptor antagonist,NPY5R,,
13963,L-161982,['9961192'],['CCCCc1nn(-c2ccccc2C(F)(F)F)c(=O)n1Cc1ccc(cc1)-c1ccccc1S(=O)(=O)NC(=O)c1sccc1C'],Preclinical,prostanoid receptor antagonist,PTGER4,,
13964,L-165041,['4364841'],['CCCc1c(O)c(CC=O)ccc1OCCCOc2ccc(OCC(=O)O)cc2'],Preclinical,PPAR receptor agonist,PPARD,,
13965,L-168049,['5311276'],['CCCOc1ccc(Br)cc1-c1cc([nH]c1-c1ccncc1)-c1ccc(Cl)cc1'],Preclinical,glucagon receptor antagonist,GCGR,,
13966,L-2167,['6603901'],['CCCc1c(OCCCOc2ccc(OCC(O)=O)cc2)ccc(C(C)=O)c1O'],,,,,
13967,L-368899,['9893887'],['Cc1ccccc1N1CCN(CC1)S(=O)(=O)CC12CCC(C[C@@H]1NC(=O)[C@@H](N)CCS(C)(=O)=O)C2(C)C'],Phase 1,oxytocin receptor antagonist,AVPR1A|AVPR2|OXTR,,
13968,L-655240,['122070'],['Cc1c(CC(C)(C)C(O)=O)n(Cc2ccc(Cl)cc2)c2ccc(F)cc12'],Phase 1,thromboxane receptor antagonist,PTGES,,
13969,L-655708,['5311203'],['CCOC(=O)c1ncn-2c1C3CCCN3C(=O)c4cc(OC)ccc42'],,,,,
13970,L-670596,['129360'],['CS(=O)(=O)c1ccc(Cn2c3C(CC(O)=O)CCCc3c3cc(F)cc(F)c23)cc1'],Preclinical,prostanoid receptor antagonist,,,
13971,L-689560,"['4267713', '6604749']","['OC(=O)C1CC(NC(=O)Nc2ccccc2)c3c(Cl)cc(Cl)cc3N1', 'OC(=O)[C@H]1C[C@H](NC(=O)Nc2ccccc2)c2c(Cl)cc(Cl)cc2N1']",Preclinical,glutamate receptor antagonist,GRIN1|GRIN2A|GRIN2B|GRIN2C|GRIN2D,,
13972,L-690330,['132449'],['CC(Oc1ccc(O)cc1)(P(O)(O)=O)P(O)(O)=O'],Preclinical,inositol monophosphatase inhibitor,IMPA1,,
13973,L-690488,['5132514'],['CC(C)(C)C(=O)OCOP(=O)(OCOC(=O)C(C)(C)C)C(C)(Oc1ccc(O)cc1)P(=O)(OCOC(=O)C(C)(C)C)OCOC(=O)C(C)(C)C'],,,,,
13974,L-692585,['9872740'],['C[C@@H](O)CNC(C)(C)CC(=O)N[C@@H]1CCc2ccccc2N(Cc3ccc(cc3)c4ccccc4c5nn[nH]n5)C1=O'],,,,,
13975,L-693403,['4687238'],['C(N1CCC2(CCc3ccccc23)CC1)c1ccccc1'],Preclinical,sigma receptor agonist|sigma receptor antagonist,DRD2|SIGMAR1,,
13976,L-694247,['132059'],['CS(=O)(=O)Nc1ccc(Cc2noc(n2)-c2ccc3[nH]cc(CCN)c3c2)cc1'],Preclinical,serotonin receptor agonist,HTR1A|HTR1B|HTR1D,,
13977,L-701252,['4237309'],['Oc1c(C(=O)C2CC2)c(=O)[nH]c2cc(Cl)ccc12'],Preclinical,glutamate receptor antagonist,GRIN1,,
13978,L-701324,['54682505'],['Oc1c(-c2cccc(Oc3ccccc3)c2)c(=O)[nH]c2cc(Cl)ccc12'],Preclinical,glutamate receptor antagonist,GRIN1|GRIN2A|GRIN2B|GRIN2C|GRIN2D,,
13979,L-732138,['3563638'],['CC(=O)NC(Cc1c[nH]c2ccccc12)C(=O)OCc3cc(cc(c3)C(F)(F)F)C(F)(F)F'],,,,,
13980,L-733060,['132846'],['FC(F)(F)c1cc(CO[C@H]2CCCN[C@H]2c2ccccc2)cc(c1)C(F)(F)F'],Preclinical,tachykinin antagonist,TACR1,,
13981,L-741626,['133633'],['OC1(CCN(Cc2c[nH]c3ccccc23)CC1)c4ccc(Cl)cc4'],,,,,
13982,L-741742,['133008'],['Cc1c(noc1-c1ccc(Cl)cc1)C1CCN(CCc2ccccc2)CC1'],Preclinical,dopamine receptor antagonist,DRD3|DRD4|SCN1A|SCN3A,,
13983,L-744832,['6451153'],['CC[C@H](C)[C@@H](COC(CC1=CC=CC=C1)C(=O)N[C@@H](CCS(=O)(=O)C)C(=O)OC(C)C)NC[C@H](CS)N'],,,,,
13984,L-745870,['5311200'],['Clc1ccc(cc1)N1CCN(Cc2c[nH]c3ncccc23)CC1'],Preclinical,dopamine receptor antagonist,DRD1|DRD2|DRD3|DRD4|HTR1A|HTR2A|HTR6|HTR7,,
13985,L-750667,['6603897'],['Ic1ccc(cc1)N2CCN(Cc3c[nH]c4ncccc34)CC2'],,,,,
13986,L-755507,['9829836'],['CCCCCCNC(=O)Nc1ccc(cc1)S(=O)(=O)Nc2ccc(CCNCC(O)COc3ccc(O)cc3)cc2'],Preclinical,adrenergic receptor agonist,ADRB1|ADRB2|ADRB3,,
13987,L-803087,['9805390'],['COC(=O)C(CCCNC(=N)N)NC(=O)CCCc1c([nH]c2c(F)cc(F)cc12)c3ccccc3'],,,,,
13988,L-ascorbyl-6-palmitate,['73707359'],['CCCCCCCCCCCCCCCC(=O)OCC(O)[C@H]1OC(=O)C(=O)C1O'],Preclinical,,,,
13989,L-erythro-MAPP,['6610217'],['CCCCCCCCCCCCCC(=O)N[C@@H](C)[C@H](O)c1ccccc1'],,,,,
13990,L-stepholidine,['6917970'],['COc1cc2CCN3Cc4c(OC)c(O)ccc4CC3c2cc1O'],,,,,
13991,LDN-193189,['25195294'],['C1CN(CCN1)c1ccc(cc1)-c1cnc2c(cnn2c1)-c1ccnc2ccccc12'],,,,,
13992,LE-135,['10410894'],['CN1c2cc3c(cc2N=C(c2ccc(cc2)C(O)=O)c2ccccc12)C(C)(C)CCC3(C)C'],Preclinical,retinoid receptor agonist,RARB,,
13993,LE-300,['4350931'],['CN1CCc2c(Cc3ccccc3CC1)[nH]c4ccccc24'],,,,,
13994,LFM-A12,['9795867'],['CC(=O)C(C#N)C(=O)Nc1ccc(OC(F)(F)F)cc1'],,,,,
13995,LFM-A13,['9906875'],['CC(=O)C(C#N)C(=O)Nc1cc(Br)ccc1Br'],Preclinical,Bruton's tyrosine kinase (BTK) inhibitor,BTK,,
13996,LM-1685,['10068193'],['COC(=O)c1cc2cc(ccc2n1Cc1ccc(Cl)cc1)S(C)(=O)=O'],,,,,
13997,LY-165163,['121930'],['Nc1ccc(CCN2CCN(CC2)c3cccc(c3)C(F)(F)F)cc1'],,,,,
13998,LY-2140023,['9834591'],['N[C@]1(CS(=O)(=O)[C@H]2[C@@H]([C@@H]12)C(O)=O)C(O)=O'],,,,,
13999,LY-2183240,['11507802'],['CN(C)C(=O)n1nnnc1Cc1ccc(cc1)-c1ccccc1'],,,,,
14000,LY-225910,['4355450'],['CC(C)Oc1cccc(c1)-n1c(CCc2c[nH]c3ccc(Br)cc23)nc2ccccc2c1=O'],,,,,
14001,LY-255283,['122023'],['CCc1cc(C(C)=O)c(O)cc1OCCCCCC(C)(C)c1nnn[nH]1'],,,,,
14002,LY-278584,['3970'],['CN1C2CCC1CC(C2)NC(=O)c3nn(C)c4ccccc34'],,,,,
14003,LY-288513,['2802894'],['Brc1ccc(NC(=O)N2NC(=O)[C@H]([C@@H]2c2ccccc2)c2ccccc2)cc1'],,,,,
14004,LY-294002,['3973'],['O=c1cc(oc2c(cccc12)-c1ccccc1)N1CCOCC1'],,,,,
14005,LY-303511,['3971'],['O=c1cc(oc2c(cccc12)-c1ccccc1)N1CCNCC1'],,,,,
14006,LY-320135,['5311257'],['COc1ccc(cc1)-c1oc2cc(OC)ccc2c1C(=O)c1ccc(cc1)C#N'],,,,,
14007,LY-341495,['9819927'],['N[C@@](CC1c2ccccc2Oc3ccccc13)([C@H]4C[C@@H]4C(=O)O)C(=O)O'],,,,,
14008,LY-344864,['5311097'],['CN(C)[C@@H]1CCc2[nH]c3ccc(NC(=O)c4ccc(F)cc4)cc3c2C1'],,,,,
14009,LY-364947,['447966'],['c1[nH]nc(c1-c1ccnc2ccccc12)-c1ccccn1'],,,,,
14010,LY-456236,['9926999'],['COc1ccc(Nc2ncnc3ccc(OC)cc23)cc1'],,,,,
14011,LY-83583,['3976'],['O=C1C=C(Nc2ccccc2)C(=O)c3cccnc13'],,,,,
14012,M-344,['3994'],['CN(C)c1ccc(cc1)C(=O)NCCCCCCC(=O)NO'],Preclinical,HDAC inhibitor,HDAC8,,
14013,M2-PK-activator,['60138087'],['Nc1cccc(c1)S(=O)(=O)N1CCCN(CC1)S(=O)(=O)c1ccc2OCCOc2c1'],,,,,
14014,MAPP-D-erythro,['124735'],['CCCCCCCCCCCCCC(=O)N[C@H](C)[C@@H](O)c1ccccc1'],,,,,
14015,MAZ-51,['162368349'],['CN(C)c1ccc(/C=C/2\\C(=O)Nc3ccccc23)c4ccccc14'],,,,,
14016,MBCQ,['6610310'],['Clc1ccc2ncnc(NCc3ccc4OCOc4c3)c2c1'],,,,,
14017,MC-1293,['10401611'],['Cc1ccc(cc1)C(=O)c1cc(\\C=C\\C(=O)NO)n(C)c1'],,,,,
14018,MD-040,['73707398'],['COc1cc(\\C=C\\C(=O)N2CCC=CC2=O)cc(OC)c1OCCN(C)CCOc1c(OC)cc(\\C=C\\C(=O)N2CCC=CC2=O)cc1OC'],,,,,
14019,MD-049,['72947407'],['COc1cc(\\C=C\\C(=O)N2CCC=C(C#Cc3ccccc3F)C2=O)cc(OC)c1OC'],,,,,
14020,MD-920,['6466'],['C[C@@]12[C@H]3[C@H](C(O)=O)[C@@]45CC(=C)[C@@](O)(C4)CC[C@H]5[C@]3(OC1=O)C=C[C@@H]2O'],Phase 1,NFkB pathway inhibitor,AADACL2,,
14021,MD-II-008-P,['60194076'],['COc1cc(cc(OC)c1OC)\\C=C\\C(=O)N1CCCC=CC1=O'],,,,,
14022,MD-II-051,['72947410'],['COc1cc(cc(OC)c1OC)\\C=C\\C(=O)N1CCC=C(C#CC2CC2)C1=O'],,,,,
14023,MDL-11939,['71781'],['OC(C1CCN(CCc2ccccc2)CC1)c1ccccc1'],Phase 2,serotonin receptor antagonist,HTR2A|HTR2B|HTR2C,,
14024,MDL-28170,['72430'],['CC(C)[C@H](NC(=O)OCc1ccccc1)C(=O)N[C@@H](Cc2ccccc2)C=O'],,,,,
14025,MDL-29951,['446916'],['OC(=O)CCc1c([nH]c2cc(Cl)cc(Cl)c12)C(=O)O'],Preclinical,glutamate receptor antagonist,FBP1,,
14026,MDL-72832,['182585'],['O=C1CC2(CCCC2)CC(=O)N1CCCCNCC1COc2ccccc2O1'],Preclinical,serotonin receptor agonist,HTR1A,,
14027,MDL-73005EF,['71346'],['O=C1CC2(CCCC2)CC(=O)N1CCNCC1COc2ccccc2O1'],Phase 1,serotonin receptor antagonist,HTR1A,,
14028,MDM2-inhibitor,['10022508'],['OB(O)c1ccc(cc1)C(=O)/C=C/c2ccc(I)cc2'],,,,,
14029,MEK1-2-inhibitor,['9549284'],['N\\C(Sc1ccc(N)cc1)=C(\\C#N)c1ccccc1C(F)(F)F'],Preclinical,MEK inhibitor,MAP2K2,,
14030,MG-132,['462382'],['CC(C)C[C@H](NC(=O)[C@H](CC(C)C)NC(=O)[C@H](CC(C)C)NC(=O)OCc1ccccc1)C=O'],Preclinical,proteasome inhibitor,PSMB1,,
14031,MGCD-265,['24901704'],['Cn1cnc(c1)-c1cc2nccc(Oc3ccc(NC(=S)NC(=O)Cc4ccccc4)cc3F)c2s1'],Preclinical,VEGFR inhibitor,AXL|MET,,
14032,MK-1775,['24856436'],['CN1CCN(CC1)c1ccc(Nc2ncc3c(n2)n(-c2cccc(n2)C(C)(C)O)n(CC=C)c3=O)cc1'],Phase 2,WEE1 kinase inhibitor,WEE1,,
14033,MK-212,['107992'],['Clc1cncc(n1)N2CCNCC2'],,,,,
14034,MK-2206,['24964624'],['NC1(CCC1)c1ccc(cc1)-c1nc2ccn3c(n[nH]c3=O)c2cc1-c1ccccc1'],Phase 2,AKT inhibitor,AKT1|AKT2|AKT3,,
14035,MK-5108,['24748204'],['OC(=O)[C@@]1(Cc2cccc(Nc3nccs3)n2)CC[C@@H](CC1)Oc1cccc(Cl)c1F'],Phase 1,Aurora kinase inhibitor,AURKA|AURKB|AURKC,,
14036,MK-801,"['73707574', '73707575']","['C[C@@]12N[C@@H](Cc3ccccc13)c1ccc(I)cc21', 'C[C@@]12N[C@@H](Cc3ccccc13)c1ccc(cc21)[Si](C)(C)C']",,,,,
14037,ML-167,['56643210'],['Cc1ccc(CNc2ncnc3ccc(cc23)-c2ccc(CO)o2)o1'],,,,,
14038,ML-3163,['23748533'],['C[S+](O)c1ccc(CSc2nc(c([nH]2)c3ccc(F)cc3)c4ccncc4)cc1'],,,,,
14039,ML-7,['4216'],['Ic1cccc2c(cccc12)S(=O)(=O)N3CCCNCC3'],,,,,
14040,ML-9,['108047'],['Clc1cccc2c(cccc12)S(=O)(=O)N1CCCNCC1'],,,,,
14041,MLN-8054,['11712649'],['OC(=O)c1ccc(Nc2ncc3CN=C(c4cc(Cl)ccc4-c3n2)c2c(F)cccc2F)cc1'],,,,,
14042,MMPX,['155806'],['COCc1nc2c(=O)n(C)c(=O)n(CC(C)C)c2[nH]1'],Preclinical,phosphodiesterase inhibitor,,,
14043,MNITMT,['364622'],['Cn1cnnc1Sc1c(ncn1C)[N+]([O-])=O'],Preclinical,lymphocyte inhibitor,,,
14044,MPEP,['9794588'],['Cc1cccc(n1)C#Cc1ccccc1'],Preclinical,glutamate receptor antagonist,GRM1|GRM4|GRM5,,
14045,MR-16728,['378811'],['O=C(NCCCN1CCCCCC1)C(C1CCCCC1)c1ccccc1'],Preclinical,acetylcholine release enhancer,,,
14046,MRE-269,['6918140'],['CCCCC[C@H](O)CC[C@H]1[C@H](O)C[C@@H]2Cc3c(C[C@H]12)cccc3OCC(O)=O'],,,,,
14047,MRS-1220,['393595'],['Clc1ccc2nc(NC(=O)Cc3ccccc3)n3nc(nc3c2c1)-c1ccco1'],Preclinical,adenosine receptor antagonist,ADORA2B|ADORA3,,
14048,MRS-1334,"['4519822', '6604859']",['CCOC(=O)C1=C(C)NC(=C(C1C#Cc2ccccc2)C(=O)OCc3ccc(cc3)[N+](=O)[O-])c4ccccc4'],Preclinical,adenosine receptor antagonist,ADORA3,,
14049,MRS-1754,['6603931'],['CCCn1c(=O)n(CCC)c2nc([nH]c2c1=O)c3ccc(OCC(=O)Nc4ccc(C#N)cc4)cc3'],,,,,
14050,MRS-1845,['5202074'],['COC(=O)C1=C(C)N(CC#C)C(=C(C1c2cccc(c2)n3oo3)C(=O)CCO)C'],Preclinical,calcium channel blocker,,,
14051,MST-312,['10385095'],['Oc1cccc(C(=O)Nc2cccc(NC(=O)c3cccc(O)c3O)c2)c1O'],,,,,
14052,MT-21,['4262'],['CCCCCCCCN1C(=O)C(=C(C)C1(C)O)C(=O)C'],,,,,
14053,MW-A1-12,['701939'],['Cn1c(=O)c([N+](=O)[O-])c(Cl)c2ccccc12'],,,,,
14054,MW-A1-14,['46926575'],['[O-][N+](=O)c1cnc2ccccc2c1Sc1ccccc1'],,,,,
14055,MW-A1-18,['46926574'],['Cc1ccc(Sc2c([N+]([O-])=O)c(=O)oc3ccccc23)cc1'],,,,,
14056,MW-A1-2,['3125011'],['Cn1c2ccccc2c(Nc2ccc(Cl)cc2)c([N+]([O-])=O)c1=O'],,,,,
14057,MW-A1-6,['2888950'],['[O-][N+](=O)c1c(Nc2cc(Cl)cc(Cl)c2)c2ccccc2oc1=O'],,,,,
14058,MW-MITF22,['3763775'],['CN1CCN(CC1)C2=C(NS(=O)(=O)c3ccccc3)C(=O)c4ccccc4C2=O'],,,,,
14059,MW-MITF24,['9616928'],['Cc1nc2ccccc2n1\\N=C\\c1ccc(s1)[N+]([O-])=O'],,,,,
14060,MW-MITF28,['5286239'],['CCOC(=O)CSC1=NC(=O)/C(=C\\c2ccc(Cl)cc2)/S1'],,,,,
14061,MW-MITF9,['1189521'],['CS(=O)(=O)c1ccc(S(=O)CC(=O)OCc2ccccc2)c(c1)[N+](=O)[O-]'],,,,,
14062,MW-RAS9,['49766538'],['Cc1onc(C(=O)N2CCN(CC2)C(c2ccccc2)c2ccccc2)c1Br'],,,,,
14063,MW-SHH-151,['70680405'],['C[C@H]1C\\C=C\\C[C@@H](CC(=O)NCc2ccc(Cl)cc2)C(=O)N2CCC[C@H]2CNC1=O'],,,,,
14064,MW-SHH-250,['70680401'],['CC(=O)N[C@@H]1C\\C=C\\CCCOC(=O)[C@@H]2CCCN2C1=O'],,,,,
14065,MW-SHH-28,['70680396'],['C[C@H]1[C@H](OC(=O)CC\\C=C\\C[C@@H](CC(=O)NCc2ccc(Cl)cc2)C(=O)N1C)c1ccccc1'],,,,,
14066,MW-SHH-54,['70680399'],['Clc1ccc(CNC(=O)C[C@@H]2C\\C=C\\CCC(=O)N3CCC[C@@H]3COC2=O)cc1'],,,,,
14067,MW-SHH-61,['70680406'],['Clc1ccc(CNC(=O)C[C@@H]2C\\C=C\\CCC(=O)OC[C@H]3CCCN3C2=O)cc1'],,,,,
14068,MW-SHH-97,['70680398'],['Clc1ccc(CNC(=O)C[C@@H]2C\\C=C\\CCC(=O)N[C@@H](COC2=O)c2ccc(Cl)cc2)cc1'],,,,,
14069,MW-SHH-98,['70680410'],['Clc1ccc(CNC(=O)C[C@@H]2C\\C=C\\CCC(=O)N[C@H]3[C@H](Cc4ccccc34)OC2=O)cc1'],,,,,
14070,MW-STK33-100,['1392066'],['COc1cc(\\C=C2/SC(Nc3ccccc3Cl)=NC2=O)ccc1O'],,,,,
14071,MW-STK33-1A,['1417813'],['COc1cc(/C=C/2\\SC(=NC2=O)N)ccc1O'],,,,,
14072,MW-STK33-1B,['3162043'],['Oc1nc2ccccc2nc1c3ccccc3NC(=O)c4cccs4'],,,,,
14073,MW-STK33-1C,['5765514'],['COc1ccccc1NC2=NC(=O)/C(=C/c3ccc(O)c(OC)c3)/S2'],,,,,
14074,MW-STK33-22,['42601363'],['COc1cc(ccc1Nc2ncc3N(C)C(=O)CCN(C4CCC(O)CC4)c3n2)C(=O)NC5CCN(C)CC5'],,,,,
14075,MW-STK33-23,['3000022'],['CCCn1c(NC(=O)c2cccc(c2)S(=O)(=O)N3CCCC3)nc4ccccc14'],,,,,
14076,MW-STK33-2A,['709391'],['COc1cc(/C=C\\2/SC(=NC2=O)Nc3ccc(O)cc3)ccc1O'],,,,,
14077,MW-STK33-2B,['1918543'],['Oc1ccc(/C=C\\2/SC(=NC2=O)NCc3ccccc3)cc1'],,,,,
14078,MW-STK33-2C,['5723983'],['COc1cc(\\C=N\\n2c(S)nnc2-c2ccccc2)ccc1O'],,,,,
14079,MW-STK33-3A,['2183264'],['Brc1ccc(o1)C(=O)Nc2ccccc2c3ccccc3'],,,,,
14080,MW-STK33-3B,['2953683'],['CCOc1ccccc1C(=O)Nc2cc(Cl)ccc2O'],,,,,
14081,MW-STK33-4A,['6173479'],['COC(=O)c1ccc(COc2ccccc2/C=C/C(=O)c3ccc(OCC(=O)O)cc3)cc1'],,,,,
14082,MW-STK33-4C,['755673'],['Oc1ccc2oc3C(=O)NCCCc3c2c1'],,,,,
14083,MW-STK33-97,['53377408'],['COc1cc(\\C=C2/SC(Nc3ccccn3)=NC2=O)ccc1O'],,,,,
14084,MY-5445,['1348'],['Clc1cccc(Nc2nnc(-c3ccccc3)c3ccccc23)c1'],Preclinical,phosphodiesterase inhibitor|platelet aggregation inhibitor,PDE5A,,
14085,Merck60,['6918878'],['CC(=O)Nc1ccc(cc1)C(=O)Nc2cc(ccc2N)c3cccs3'],Preclinical,HDAC inhibitor,HDAC1|HDAC2,,
14086,N-(3-acetamidophenyl)-3-chlorobenzamide,['669190'],['CC(=O)Nc1cccc(NC(=O)c2cccc(Cl)c2)c1'],,,,,
14087,N-arachidonyl-GABA,['44634744'],['CCCCCC=CCC=CCC=CCC=CCCCC(=O)NCCCC(=O)O'],,,,,
14088,N-formylmethionylalanine,"['1771173', '4363']",['CSCCC(NC=O)C(=O)NC(C)C(=O)O'],,,,,
14089,N-methyllidocaine-iodide,['168868'],['CC[N+](C)(CC)CC(=O)Nc1c(C)cccc1C'],Preclinical,antiarrhythmic medication,,,
14090,N-methylquipazine,['5013'],['CN1CCN(CC1)c1ccc2ccccc2n1'],Preclinical,serotonin receptor agonist,,,
14091,N20C,['6603827'],['NC(=O)CNCCC(c1ccccc1)c1ccccc1'],Preclinical,glutamate receptor antagonist,,,
14092,N6-cyclopentyladenosine,['657378'],['OCC1OC(C(O)C1O)n2cnc3c(NC4CCCC4)ncnc23'],Preclinical,adenosine receptor agonist,ADORA1|ADORA2A|ADORA2B|ADORA3|SLC29A1,,
14093,NAN-190,['4431'],['COc1ccccc1N1CCN(CCCCN2C(=O)c3ccccc3C2=O)CC1'],Preclinical,serotonin receptor agonist,ADRA1A|ADRA1B|ADRA1D|HTR1A|HTR1F,,
14094,NAS-181,['4233538'],['C(Oc1cccc2C=C(CN3CCOCC3)COc12)C4CNCCO4'],Preclinical,serotonin receptor antagonist,HTR1B,,
14095,NBI-27914,['176157'],['CCCN(CC1CC1)c1nc(C)nc(Nc2c(Cl)cc(Cl)cc2Cl)c1Cl'],Preclinical,corticotropin releasing factor receptor antagonist,CRHR1,,
14096,NBQX,['3272524'],['NS(=O)(=O)c1cccc2c3nc(O)c(O)nc3cc([N+](=O)[O-])c12'],Preclinical,glutamate receptor antagonist,GRIA1|GRIA2|GRIA3|GRIA4|GRIK1|GRIN1|GRIN2A|GRIN2B,,
14097,NCH-51,['11395181'],['CC(C)C(=O)SCCCCCCC(=O)Nc1nc(cs1)-c1ccccc1'],,,,,
14098,NCI-16221,['66490'],['OC(=O)c1ccccc1Nc1cccc2C(=O)c3c(Nc4ccccc4C(O)=O)cccc3C(=O)c12'],,,,,
14099,NCS-382,['5875451'],['C1CC2=CC=CC=C2C(/C(=C/C(=O)O)/C1)O'],Preclinical,GABA receptor antagonist,GABBR1|GABBR2|SLC52A2,,
14100,NECA,['2868392'],['CCNC(=O)C1OC(C(O)C1O)n2cnc3c(N)ncnc23'],Launched,adenosine receptor agonist,ADORA1|ADORA2A|ADORA2B|ADORA3,,
14101,NF-449,['5312111'],['OS(=O)(=O)c1ccc(NC(=O)c2cc(NC(=O)Nc3cc(cc(c3)C(=O)Nc3ccc(c(c3)S(O)(=O)=O)S(O)(=O)=O)C(=O)Nc3ccc(c(c3)S(O)(=O)=O)S(O)(=O)=O)cc(c2)C(=O)Nc2ccc(c(c2)S(O)(=O)=O)S(O)(=O)=O)cc1S(O)(=O)=O'],,,,,
14102,NFKB-activation-inhibitor-II,['16760588'],['Cc1ccc(NCCCc2ccccc2)c(N)c1'],Preclinical,NFkB pathway inhibitor,RELA,,
14103,NGB-2904,['9891901'],['Clc1cccc(N2CCN(CCCCNC(=O)c3ccc-4c(Cc5ccccc-45)c3)CC2)c1Cl'],Preclinical,dopamine receptor antagonist,DRD3,,
14104,NK26-I-41-1,['23786513'],['OC(CSc1nc(c(o1)c2ccccc2)c3ccccc3)CC(O)c4ccc(cc4)[N+](=O)[O-]'],,,,,
14105,NK42-I-109-1,['23844163'],['CN(CC(O)CC(O)c1ccccc1)Cc2ccccc2'],,,,,
14106,NM-PP1,['5154691'],['CC(C)(C)n1nc(Cc2cccc3ccccc23)c4c(N)ncnc14'],,,,,
14107,NNC-05-2090,['9888030'],['COc1ccccc1C1(O)CCN(CCCn2c3ccccc3c3ccccc23)CC1'],Preclinical,GABA uptake inhibitor|GAT inhibitor,SLC6A12,,
14108,NNC-55-0396,['9957280'],['CC(C)[C@H]1c2ccc(F)cc2CC[C@@]1(CCN(C)CCCc1nc2ccccc2[nH]1)OC(=O)C1CC1'],Preclinical,T-type calcium channel blocker,CATSPER1|CATSPER2|CATSPER3|CATSPER4,,
14109,NNC-63-0532,['3906780'],['COC(=O)CN1CN(c2ccccc2)C3(CCN(Cc4ccc5ccccc5c4)CC3)C1=O'],Preclinical,opioid receptor agonist,OPRL1,,
14110,NNC-711,['4515'],['OC(=O)C1=CCCN(CCON=C(c2ccccc2)c2ccccc2)C1'],Preclinical,GABA uptake inhibitor,SIGMAR1|SLC6A1,,
14111,NO-ASA,['119032'],['CC(=O)Oc1ccccc1C(=O)Oc1cccc(CO[N+]([O-])=O)c1'],Phase 2,cyclooxygenase inhibitor,PTGS2,,
14112,NPC-15199,['4308'],['CC(C)CC(NC(=O)OCC1c2ccccc2-c3ccccc13)C(=O)O'],Phase 2,ICAM1 antagonist,PPARG,,
14113,NPK76-II-72-1,['46843648'],['COc1cc(ccc1Nc1ncc2N(C)C(=O)CC(C)N(C3CCCC3)c2n1)C(=O)NC1CCN(C)CC1'],,,,,
14114,NS-1619,['4552'],['Oc1ccc(cc1n2c(=O)[nH]c3cc(ccc23)C(F)(F)F)C(F)(F)F'],,,,,
14115,NS-3694,['10109069'],['OC(=O)c1ccc(Cl)cc1NC(=O)Nc2cccc(c2)C(F)(F)F'],,,,,
14116,NSC-119889,['274104'],['OC(=O)c1c(Br)c(Br)c(Br)c(Br)c1c2c3ccc(O)cc3oc4cc(=O)ccc24'],,,,,
14117,NSC-23766,['409805'],['CCN(CC)CCCC(C)Nc1nc(C)cc(Nc2ccc3nc(C)cc(N)c3c2)n1'],Preclinical,Ras GTPase inhibitor,,,
14118,NSC-3852,['19103'],['Oc1ccc([N+][O-])c2cccnc12'],Preclinical,HDAC inhibitor,HDAC1,,
14119,NSC-632839,['6477762'],['CC1=CC=C(C=C1)/C=C/2\\CNC/C(=C/C3=CC=C(C=C3)C)/C2=O'],Preclinical,ubiquitin specific protease inhibitor,SENP2|USP1|USP2|USP7,,
14120,NSC-663284,['379077'],['ClC1=C(NCCN2CCOCC2)C(=O)c2ncccc2C1=O'],Preclinical,CDC inhibitor,CDC25A|CDC25B|CDC25C,,
14121,NSC-693868,['438981'],['C1=CC2=NC3=C(NN=C3N=C2C=C1)N'],,,,,
14122,NSC-94258,['5281894'],['Oc1ccc2c(=O)cc(oc2c1)c3ccccc3'],,,,,
14123,NSC-95397,['262093'],['OCCSC1=C(SCCO)C(=O)c2ccccc2C1=O'],Preclinical,CDC inhibitor,CDC25A|CDC25B,,
14124,NTNCB,['9982218'],['[O-][N+](=O)c1ccccc1S(=O)(=O)NCC2CCC(CNCC3CCc4ccccc4C3)CC2'],Preclinical,neuropeptide receptor antagonist,NPY5R,,
14125,NU-1025,['63306'],['Cc1nc2c(O)cccc2c(=O)[nH]1'],Preclinical,PARP inhibitor,PARP1,,
14126,NU-7026,['9860529'],['O=c1cc(oc2c3ccccc3ccc12)N1CCOCC1'],Preclinical,DNA dependent protein kinase inhibitor|mTOR inhibitor|PI3K inhibitor,PRKDC,,
14127,NU-7441,['11327430'],['O=c1cc(oc2c(cccc12)-c1cccc2c3ccccc3sc12)N1CCOCC1'],Preclinical,DNA dependent protein kinase inhibitor,PRKDC,,
14128,NVP-AEW541,['46881851'],['Nc1ncnc2n(cc(-c3ccc(OCc4ccccc4)cc3)c12)[C@H]1C[C@H](CN2CCC2)C1'],Preclinical,IGF-1 inhibitor,IGF1R|INSR,,
14129,NVP-AUY922,['10096043'],['CCNC(=O)c1noc(c1-c1ccc(CN2CCOCC2)cc1)-c1cc(C(C)C)c(O)cc1O'],Phase 2,HSP inhibitor,HSP90AA1|HSP90AB1,,
14130,NVP-BEZ235,['11977753'],['Cn1c2cnc3ccc(cc3c2n(-c2ccc(cc2)C(C)(C)C#N)c1=O)-c1cnc2ccccc2c1'],Phase 3,mTOR inhibitor|PI3K inhibitor,ATR|MTOR|PIK3CA|PIK3CD|PIK3CG,,
14131,NVP-BGJ398,['53235510'],['CCN1CCN(CC1)c1ccc(Nc2cc(ncn2)N(C)C(=O)Nc2c(Cl)c(OC)cc(OC)c2Cl)cc1'],Phase 3,FGFR inhibitor,FGFR1|FGFR2|FGFR3|FGFR4|KDR,,
14132,NVP-TAE684,['16038120'],['COc1cc(ccc1Nc1ncc(Cl)c(Nc2ccccc2S(=O)(=O)C(C)C)n1)N1CCC(CC1)N1CCN(C)CC1'],Preclinical,ALK tyrosine kinase receptor inhibitor,ALK|INSR,,
14133,O-1918,['40469923'],['COc1cc(C)cc(OC)c1[C@@H]1C=C(C)CC[C@H]1C(C)=C'],Preclinical,cannabinoid receptor antagonist,,,
14134,O-2050,['16102146'],['CC1=CC[C@@H]2[C@@H](C1)c3c(O)cc(CC#CCCCNS(=O)(=O)C)cc3OC2(C)C'],,,,,
14135,O-3M3FBS,['770820'],['Cc1cc(C)c(c(C)c1)S(=O)(=O)Nc1ccccc1C(F)(F)F'],,,,,
14136,OBAA,['5353842'],['CCCCCCCCCCCCCCCCCCC1=CC=C(C=C1)C(=O)/C=C/C(=O)O'],,,,,
14137,ODQ,['1456'],['O=c1onc2cnc3ccccc3n12'],Preclinical,guanylyl cyclase inhibitor,GUCY1A2|GUCY1A3|GUCY1B3,,
14138,OM-137,['5932799'],['COc1cc(\\C=N\\NC(=O)c2sc(N)nc2C)ccc1O'],,,,,
14139,OMDM-2,['6376692'],['CCCCCCCCC=CCCCCCCCC(=O)NC(CO)Cc1ccc(O)cc1'],Preclinical,FAAH inhibitor,GPR119,,
14140,ON-01910,['6918736'],['COC1=C(C=C(C=C1)CS(=O)(=O)/C=C/C2=C(C=C(C=C2OC)OC)OC)NCC(=O)O'],,,,,
14141,OSI-027,['72698550'],['COc1cccc2cc([nH]c12)-c1nc([C@@H]2CC[C@@H](CC2)C(O)=O)n2ncnc(N)c12'],Phase 1,mTOR inhibitor,MTOR,,
14142,OSI-930,['9868037'],['FC(F)(F)Oc1ccc(NC(=O)c2sccc2NCc2ccnc3ccccc23)cc1'],Phase 1,KIT inhibitor|VEGFR inhibitor,FLT1|KDR|KIT,,
14143,P-1075,['43345'],['CCC(C)(C)N=C(NC#N)Nc1cccnc1'],,,,,
14144,PAC-1,['6851947'],['C=CCC1=CC=C/C(=C/NNC(=O)CN2CCN(CC2)CC3=CC=CC=C3)/C1=O'],Phase 1,caspase activator,CASP3,,
14145,PATI-1-2-3,['23948194'],['COCC#CC1N(Cc2ccc(o2)[N+](=O)[O-])CCc3cc(OC)c(O)cc13'],,,,,
14146,PCA-4248,['4698'],['COC(=O)C1=C(C)NC(C)=C(C1C)C(=O)OCCSc1ccccc1'],Phase 1,platelet activating factor receptor antagonist,PTAFR,,
14147,PCI-24781,['11749858'],['CN(C)Cc1c(oc2ccccc12)C(=O)NCCOc1ccc(cc1)C(=O)NO'],Phase 3,HDAC inhibitor,HDAC1|HDAC2|HDAC3|HDAC6,,
14148,PCI-34051,['24753719'],['COc1ccc(Cn2ccc3ccc(cc23)C(=O)NO)cc1'],Preclinical,HDAC inhibitor,HDAC1|HDAC10|HDAC6|HDAC8,,
14149,PCO-400,['129348'],['CC1(C)Oc2ccc(cc2[C@@H](OC2=CC(=O)CC2)[C@@H]1O)C#N'],Phase 1,potassium channel activator,KCNJ8,,
14150,PD-0325901,['9826528'],['C1=CC(=C(C=C1I)F)NC2=C(C=CC(=C2F)F)C(=O)NOC[C@@H](CO)O'],Phase 2,MEK inhibitor,MAP2K1,,
14151,PD-102807,['4995951'],['CCOC(=O)c1c(C)[nH]c2ccc3OC4N(CCc5cc(OC)ccc45)Cc3c12'],Preclinical,acetylcholine receptor antagonist,CHRM4,,
14152,PD-123319,['4701'],['CN(C)c1ccc(Cn2cnc3CN(C(Cc32)C(=O)O)C(=O)C(c4ccccc4)c5ccccc5)cc1C'],Phase 1,angiotensin antagonist,AGTR2,,
14153,PD-149163,['73707583'],['CCOC(=O)C(CC(C)C)NC(=O)C(CC(C)(C)C)NC(=O)C(Cc1c[nH]c2ccccc12)NC(=O)C1CCCN1C(=O)C(CCCCN)NC(=O)C(N)CCCCN'],,,,,
14154,PD-158780,['4707'],['CNc1cc2c(Nc3cccc(Br)c3)ncnc2cn1'],Preclinical,EGFR inhibitor,EGFR,,
14155,PD-160170,['9820766'],['CC(C)c1ccccc1S(=O)(=O)c1cc(N)c2ncccc2c1[N+]([O-])=O'],Preclinical,neuropeptide receptor antagonist,NPY1R,,
14156,PD-166793,['9918908'],['CC(C)C(NS(=O)(=O)c1ccc(cc1)c2ccc(Br)cc2)C(=O)O'],Preclinical,collagenase inhibitor|metalloproteinase inhibitor,MMP13|MMP2|MMP3,,
14157,PD-168077,['45479739'],['Cc1cccc(c1)C(=O)NCN1CCN(CC1)c1ccccc1C#N'],Preclinical,dopamine receptor agonist,DRD2,,
14158,PD-169316,['4712'],['[O-][N+](=O)c1ccc(cc1)c2nc(c([nH]2)c3ccncc3)c4ccc(F)cc4'],,,,,
14159,PD-173074,['1401'],['CCN(CC)CCCCNc1ncc2cc(-c3cc(OC)cc(OC)c3)c(NC(=O)NC(C)(C)C)nc2n1'],Preclinical,FGFR inhibitor|VEGFR inhibitor,FGFR1|FGFR2|FGFR3|FGFR4|FLT1|FLT4|KDR|PDGFRA|PDGFRB,,
14160,PD-184352,['6918454'],['Fc1ccc(C(=O)NOCC2CC2)c(Nc2ccc(I)cc2Cl)c1F'],Phase 2,MEK inhibitor,MAP2K1|MAP3K1|MAP3K2,,
14161,PD-198306,['9956637'],['Cc1cc(I)ccc1Nc1c(F)c(F)c(F)cc1C(=O)NOCC1CC1'],Preclinical,MAP kinase inhibitor|MEK inhibitor,MAP2K1|MAP2K2,,
14162,PD-407824,['4369491'],['Oc1ccc2[nH]c3cc(c4C(=O)NC(=O)c4c3c2c1)-c1ccccc1'],Preclinical,PKC inhibitor,WEE1,,
14163,PD-98059,['4713'],['COc1cccc(-c2cc(=O)c3ccccc3o2)c1N'],Preclinical,MEK inhibitor,AKT1|CHEK1|GSK3B|LCK|MAP2K1|MAPK1|MAPK11|MAPK12|MAPK14|MAPK8|PRKCA|RAF1|ROCK1|RPS6KB1|SGK1,,
14164,PETCM,['224859'],['OC(Cc1ccncc1)C(Cl)(Cl)Cl'],Preclinical,caspase activator,CASP3,,
14165,PF-04217903,['17754438'],['OCCn1cc(cn1)-c1cnc2nnn(Cc3ccc4ncccc4c3)c2n1'],Phase 1,c-Met inhibitor,MET,,
14166,PF-3845,['25154867'],['FC(F)(F)c1ccc(Oc2cccc(CC3CCN(CC3)C(=O)Nc3cccnc3)c2)nc1'],Preclinical,FAAH inhibitor,FAAH,,
14167,PF-431396,['11598628'],['CN(c1ccccc1CNc1nc(Nc2ccc3NC(=O)Cc3c2)ncc1C(F)(F)F)S(C)(=O)=O'],Preclinical,focal adhesion kinase inhibitor,PTK2|PTK2B,,
14168,PF-477736,['16750408'],['Cn1cc(cn1)-c1[nH]c2cc(NC(=O)[C@H](N)C3CCCCC3)cc3c2c1cn[nH]c3=O'],Phase 1,CHK inhibitor,CHEK1|CHEK2,,
14169,PF-543,['66577038'],['Cc1cc(CS(=O)(=O)c2ccccc2)cc(OCc2ccc(CN3CCC[C@@H]3CO)cc2)c1'],,,,,
14170,PF-562271,['11713159'],['CN(c1ncccc1CNc1nc(Nc2ccc3NC(=O)Cc3c2)ncc1C(F)(F)F)S(C)(=O)=O'],Phase 1,focal adhesion kinase inhibitor,PTK2|PTK2B,,
14171,PF-750,['25154868'],['O=C(Nc1ccccc1)N2CCC(Cc3cnc4ccccc4c3)CC2'],Preclinical,FAAH inhibitor,FAAH,,
14172,PG-9,['133002'],['CC(C(=O)OC1CC2CCC(C1)N2C)c1ccc(Br)cc1'],Preclinical,acetylcholine receptor agonist,,,
14173,PHA-665752,['10461815'],['Cc1[nH]c(\\C=C2/C(=O)Nc3ccc(cc23)S(=O)(=O)Cc2c(Cl)cccc2Cl)c(C)c1C(=O)N1CCC[C@@H]1CN1CCCC1'],Preclinical,c-Met inhibitor,MET,,
14174,PHA-793887,['46191454'],['CC(C)CC(=O)Nc1n[nH]c2c1CN(C(=O)C1CCN(C)CC1)C2(C)C'],Phase 1,CDK inhibitor,CDK1|CDK2|CDK4|CDK5|CDK7|CDK9,,
14175,PHCCC,['5866327'],['ON=C1C2CC2(Oc3ccccc13)C(=O)Nc4ccccc4'],Preclinical,glutamate receptor agonist,GRM1|GRM4,,
14176,PHTPP,['11201035'],['Oc1ccc(cc1)-c1c(nn2c(cc(nc12)C(F)(F)F)C(F)(F)F)-c1ccccc1'],Preclinical,estrogen receptor antagonist,ESR2,,
14177,PI-103,['9884685'],['Oc1cccc(c1)-c1nc(N2CCOCC2)c2oc3ncccc3c2n1'],Preclinical,mTOR inhibitor|PI3K inhibitor,MTOR|PIK3CA|PIK3CB|PIK3CD|PIK3CG|PRKDC,,
14178,PI-828,['25181195'],['Nc1ccc(cc1)-c1cccc2c1oc(cc2=O)N1CCOCC1'],Preclinical,PI3K inhibitor,,,
14179,PIK-75,['10275789'],['CN(\\N=C\\c1cnc2ccc(Br)cn12)S(=O)(=O)c1cc(ccc1C)[N+]([O-])=O'],Preclinical,DNA protein kinase inhibitor|PI3K inhibitor,PIK3CA|PIK3CB|PIK3CD|PIK3CG|PRKDC,,
14180,PIK-90,['6857685'],['COc1ccc2C3=NCCN3C(=Nc2c1OC)NC(=O)c4cccnc4'],,,,,
14181,PIT,['124334'],['[O-][N+]1=C(C(=O)c2ccccc12)c1ccccn1'],Preclinical,purinergic receptor antagonist,P2RY1,,
14182,PJ-34,['4858'],['CN(C)CC(=O)Nc1ccc2[nH]c(=O)c3ccccc3c2c1'],Preclinical,PARP inhibitor,EEF2|PARP1|PARP15|PARP3,,
14183,PK-11195,['1345'],['CCC(C)N(C)C(=O)c1cc2ccccc2c(n1)-c1ccccc1Cl'],Phase 1,benzodiazepine receptor antagonist,TSPO,,
14184,PKCbeta-inhibitor,['6419755'],['O=C1NC(=O)C(=C1Nc1ccccc1)c1cn(CCCn2ccnc2)c2ccccc12'],,,,,
14185,PLX-4720,['24180719'],['CCCS(=O)(=O)Nc1ccc(F)c(C(=O)c2c[nH]c3ncc(Cl)cc23)c1F'],,,,,
14186,PMSF,['4784'],['FS(=O)(=O)Cc1ccccc1'],,,,,
14187,PNU-120596,['311434'],['COc1cc(OC)c(NC(=O)Nc2cc(C)on2)cc1Cl'],Preclinical,acetylcholine receptor agonist,CHRNA7,,
14188,PNU-22394,['27559'],['Cn1c2CCNCCc2c2ccccc12'],Phase 2,serotonin receptor agonist,HTR2A|HTR2B|HTR2C|MAOA|MAOB,,
14189,PNU-282987,['9795278'],['Clc1ccc(cc1)C(=O)N[C@H]1CN2CCC1CC2'],Preclinical,cholinergic receptor agonist,CHRNA7,,
14190,PNU-74654,['9836739'],['Cc1ccc(\\C=N\\NC(=O)c2ccccc2Oc2ccccc2)o1'],Preclinical,beta-catenin inhibitor,CTNNB1|TCF4,,
14191,PNU-96415E,['9909648'],['Fc1ccc(cc1)N2CCN(CCC3OCCc4ccccc34)CC2'],,,,,
14192,PP-1,['1400'],['Cc1ccc(cc1)-c1nn(c2ncnc(N)c12)C(C)(C)C'],Preclinical,SRC inhibitor,HCK|RET,,
14193,PP-110,['24905203'],['CC(C)n1nc(-c2ccc3cn[nH]c3c2)c2c(N)ncnc12'],,,,,
14194,PP-2,['4878'],['CC(C)(C)n1nc(-c2ccc(Cl)cc2)c2c(N)ncnc12'],Preclinical,SRC inhibitor,ABL1|LCK|RIPK2|SRC,,
14195,PP-3,['4879'],['Nc1ncnc2n(ncc12)c3ccccc3'],,,,,
14196,PP-30,['73707372'],['CC(C)n1nc(-c2cccc(c2)C(=O)NC2=NCCC2)c2c(N)ncnc12'],,,,,
14197,PP242,['25243800'],['CC(C)n1nc(-c2cc3cc(O)ccc3[nH]2)c2c(N)ncnc12'],Preclinical,mTOR inhibitor,MTOR|PASK,,
14198,PPT,['6095481'],['CCCc1c(nn(c1-c1ccc(O)cc1)-c1ccc(O)cc1)-c1ccc(O)cc1'],Preclinical,estrogen receptor agonist,ESR1,,
14199,PQ-401,['9549305'],['COc1ccc(Cl)cc1NC(=O)Nc1cc(C)nc2ccccc12'],Preclinical,IGF-1 inhibitor,IGF1R,,
14200,PRE-084,"['11314197', '126402']",['O=C(OCCN1CCOCC1)C1(CCCCC1)c1ccccc1'],Preclinical,sigma receptor agonist,SIGMAR1,,
14201,PRIMA1,['322968'],['OCC1(CO)N2CCC(CC2)C1=O'],Preclinical,TP53 inhibitor,ACHE,,
14202,PRL-3-inhibitor-I,['73707371'],['Brc1ccc(OCc2ccccc2Br)c(/C=C\\3/SC(=S)NC3=O)c1'],,,,,
14203,PSB-06126,['24868313'],['Nc1c2C(=O)c3ccccc3C(=O)c2c(Nc2cccc3ccccc23)cc1S(O)(=O)=O'],Preclinical,NTPDase inhibitor,ENTPD3,,
14204,PSB-069,['24868311'],['Nc1c(cc(Nc2ccc(Cl)cc2)c3C(=O)c4ccccc4C(=O)c13)S(=O)(=O)O'],,,,,
14205,PSB-11,['9882625'],['CC[C@@H]1CN2C(=N1)c1[nH]c(nc1N(C)C2=O)-c1ccccc1'],Preclinical,adenosine receptor antagonist,ADORA1|ADORA2A|ADORA3,,
14206,PSB-1115,['5311479'],['CCCn1c(=O)[nH]c2nc([nH]c2c1=O)-c1ccc(cc1)S(O)(=O)=O'],Preclinical,adenosine receptor antagonist,ADORA1|ADORA2B|ADORA3,,
14207,PSB-36,['11689583'],['CCCCn1c(=O)n(CCCO)c2nc([nH]c2c1=O)C12CC3CC1CC(C2)C3'],Preclinical,adenosine receptor antagonist,ADORA1|ADORA2A|ADORA2B|ADORA3,,
14208,PSH-003,['24747179'],['CC1(C)N2[C@H](Cc3c1[nH]c4ccccc34)C(=O)N(Cc5ccccc5)C2=O'],,,,,
14209,PSH-008,['24747213'],['Cc1ccc(CN2C(=O)[C@H]3Cc4c([nH]c5ccccc45)C(C)(C)N3C2=O)cc1'],,,,,
14210,PSH-010,['24747273'],['COc1ccccc1CN2C(=O)[C@H]3Cc4c([nH]c5ccccc45)C(C)(C)N3C2=O'],,,,,
14211,PSH-012,['24747209'],['Cc1ccccc1CN2C(=O)[C@H]3Cc4c([nH]c5ccccc45)C(C)(C)N3C2=O'],,,,,
14212,PSH-013,['6572379'],['COc1ccc(CN2C(=O)[C@H]3Cc4c([nH]c5ccccc45)C(C)(C)N3C2=O)cc1'],,,,,
14213,PSH-021,['24747176'],['CC1(C)N2[C@H](Cc3c1[nH]c4ccccc34)C(=O)N(Cc5ccccc5Cl)C2=O'],,,,,
14214,PSH-022,['24747172'],['CC1(C)N2[C@H](Cc3c1[nH]c4ccccc34)C(=O)N(Cc5ccccc5F)C2=O'],,,,,
14215,PSH-023,['24747272'],['Cc1cccc(CN2C(=O)[C@H]3Cc4c([nH]c5ccccc45)C(C)(C)N3C2=O)c1'],,,,,
14216,PSH-024,['24747169'],['COc1cccc(CN2C(=O)[C@H]3Cc4c([nH]c5ccccc45)C(C)(C)N3C2=O)c1'],,,,,
14217,PSH-025,['24747196'],['CC1(C)N2[C@H](Cc3c1[nH]c4ccccc34)C(=O)N(Cc5ccc(F)cc5)C2=O'],,,,,
14218,PSH-026,['24747195'],['CC1(C)N2[C@H](Cc3c1[nH]c4ccccc34)C(=O)N(Cc5ccco5)C2=O'],,,,,
14219,PSH-027,['24747210'],['CC1(C)N2[C@H](Cc3c1[nH]c4ccccc34)C(=O)N(C2=O)c5ccc(F)cc5F'],,,,,
14220,PSH-028,['24747194'],['CC1(C)N2[C@H](Cc3c1[nH]c4ccccc34)C(=O)N(C2=O)c5cc(F)ccc5F'],,,,,
14221,PT-630,['68508601'],['NC(CCC(O)=O)C(=O)N1CCC[C@H]1B(O)O'],,,,,
14222,PTB1,['24857885'],['OP(O)(=O)C(F)(F)c1cc2cc(ccc2cc1Br)C#N'],,,,,
14223,PU-H71,['9549213'],['CC(C)NCCCn1c(Sc2cc3OCOc3cc2I)nc2c(N)ncnc12'],Phase 1,HSP inhibitor,HSP90AA1,,
14224,PX-12,['219104'],['CCC(C)SSc1ncc[nH]1'],Phase 2,thioredoxin inhibitor,CNR1|TXN,,
14225,QL-X-138,['73707530'],['CC1=C(C=C(C=C1)N2C(=O)C=CC3=CN=C4C=CC(=CC4=C32)C5=CNN=C5)NC(=O)C=C'],,,,,
14226,QL-XI-92,['73265214'],['CC1=C(C=C(C=C1)C(=O)NC2=CC(=CC(=C2)NC(=O)C=C)C(F)(F)F)NC(=O)C3=CC=NO3'],,,,,
14227,QL-XII-47,['71748056'],['CN1C=C(C=N1)C2=CC3=C4C(=CN=C3C=C2)C=CC(=O)N4C5=CC6=C(CCN6C(=O)C=C)C=C5'],,,,,
14228,QS-11,['42623900'],['OC[C@H](Cc1ccccc1)Nc1nc(Oc2ccc3CCCc3c2)nc2n(Cc3ccc(cc3)-c3ccccc3)cnc12'],,,,,
14229,QW-BI-011,['72193870'],['COC(=O)c1ccc2n(CCCc3ccccc3)c(NC(=O)c4ccccc4)nc2c1'],,,,,
14230,QX-222,['5014'],['Cc1cccc(C)c1NC(=O)C[N+](C)(C)C'],Preclinical,sodium channel blocker,,,
14231,QX-314,['9884487'],['CC[N+](CC)(CC)CC(=O)Nc1c(C)cccc1C'],Preclinical,sodium channel blocker,MAPK14|TGFBR1,,
14232,R-59022,['3012'],['Cc1nc2sccn2c(=O)c1CCN1CCC(CC1)=C(c1ccccc1)c1ccc(F)cc1'],Preclinical,diacylglycerol kinase inhibitor|protein kinase inhibitor,DGKA,,
14233,R-96544,['10668211'],['COc1cccc(CCc2ccccc2OCC[C@@H]2C[C@@H](O)CN2C)c1'],Preclinical,serotonin receptor antagonist,HTR2A,,
14234,RAN-02,['22693263'],['CCCN(CCC)c1nc(Cl)nc2ccccc12'],,,,,
14235,RAN-03,['1604254'],['Clc1nc(NCc2ccccc2)c3ccccc3n1'],,,,,
14236,RAN-05,['44229302'],['CCCN(CCC)c1nc(nc2ccccc12)N3CCCC3'],,,,,
14237,RAN-07,['1993104'],['C[C@@H](Nc1nc(Cl)nc2ccccc12)c3ccccc3'],,,,,
14238,RAN-14A,['821257'],['O=c1[nH]c(nc2ccccc12)N3CCCC3'],,,,,
14239,RAN-14B,['839770'],['C1CCN(C1)c2nc(N3CCCC3)c4ccccc4n2'],,,,,
14240,RAN-27,['46238422'],['CCCN(CCC)c1nc(nc2cc(OC)c(OC)cc12)N3CCCC3'],,,,,
14241,RAN-29,['46238405'],['CCCN(CCC)c1nc(N2CCNCC2)c3ccccc3n1'],,,,,
14242,RAN-30,['345945'],['CCCN(CCC)c1nc(N)c2ccccc2n1'],,,,,
14243,RDR-01440SC,['2725417'],['Oc1ccccc1C(=O)Nc2ccc(NC(=O)c3ccc(Cl)cc3)cc2'],,,,,
14244,REV-5901,['5059'],['CCCCCC(O)c1cccc(OCc2ccc3ccccc3n2)c1'],Phase 2,leukotriene receptor antagonist|lipoxygenase inhibitor,ALOX5,,
14245,RG-108,['702558'],['OC(=O)[C@H](Cc1c[nH]c2ccccc12)N1C(=O)c2ccccc2C1=O'],,,,,
14246,RG-13022,['5468216'],['COc1ccc(/C=C(\\C#N)/c2cccnc2)cc1OC'],,,,,
14247,RG-14620,['5926218'],['Clc1cc(Cl)cc(/C=C(\\C#N)/c2cccnc2)c1'],,,,,
14248,RHC-80267,['5063'],['O=C(NCCCCCCNC(=O)ON=C1CCCCC1)ON=C1CCCCC1'],Preclinical,triacylglycerol lipase inhibitor,DAGLA|DAGLB,,
14249,RHO-kinase-inhibitor-II,['16760634'],['Clc1cc(Cl)c(NC(=O)Nc2ccncc2)c(Cl)c1'],,,,,
14250,RHO-kinase-inhibitor-III[rockout],['644354'],['c1[nH]c2ccccc2c1c3ccncc3'],,,,,
14251,RITA,['374536'],['OCc1ccc(s1)-c1ccc(o1)-c1ccc(CO)s1'],Preclinical,MDM inhibitor,MDM2,,
14252,RJC-00245SC,['2728620'],['OC(COc1ccc(F)cc1)(c2ccc(Cl)cc2)c3ccc(Cl)cc3'],,,,,
14253,RK-682,"['54678922', '54685915', '54690140']",['CCCCCCCCCCCCCCCC(=O)C1C(=O)OC(CO)C1=O'],,,,,
14254,RLM-2-12,['1560402'],['Brc1ccc2ncnc(NCC=C)c2c1'],,,,,
14255,RN1,['45376076'],['CN1CCN(CC1)C(=O)CN[C@@H]1C[C@H]1c1ccc(OCc2ccccc2)cc1'],,,,,
14256,RS-100329,['3567002'],['Cc1c[nH]c(=O)n(CCCN2CCN(CC2)c2ccccc2OCC(F)(F)F)c1=O'],Preclinical,adrenergic receptor antagonist,ADRA1A|ADRA1D,,
14257,RS-102221,['3693566'],['COc1cc(OC)c(cc1NS(=O)(=O)c1ccc(cc1)C(F)(F)F)C(=O)CCCCN1CCC2(CC1)NC(=O)NC2=O'],Preclinical,serotonin receptor antagonist,HTR2A|HTR2B|HTR2C,,
14258,RS-102895,['10000456'],['FC(F)(F)c1ccc(CCN2CCC3(CC2)OC(=O)Nc2ccccc32)cc1'],Preclinical,CCR antagonist,CCR2,,
14259,RS-16566,['6604794'],['CC(C)n1cnc2c(cc(Cl)cc12)C(=O)N[C@H]1CN2CCC1CC2'],Preclinical,serotonin receptor antagonist,,,
14260,RS-17053,['3894573'],['CC(C)(Cc1c[nH]c2ccc(Cl)cc12)NCCOc1ccccc1OCC1CC1'],Preclinical,adrenergic receptor antagonist,ADRA1A|ADRA1D,,
14261,RS-23597-190,['182593'],['COc1cc(N)c(Cl)cc1C(=O)OCCCN1CCCCC1'],Preclinical,serotonin receptor antagonist,HTR4,,
14262,RS-39604,['5145950'],['COc1cc(COc2cc(N)c(Cl)cc2C(=O)CCC2CCN(CCNS(C)(=O)=O)CC2)cc(OC)c1'],Preclinical,serotonin receptor antagonist,HTR4,,
14263,RS-45041-190,['127951'],['Clc1cccc2CN(Cc12)C1=NCCN1'],Preclinical,imidazoline receptor agonist,,,
14264,RS-504393,['9953769'],['Cc1oc(nc1CCN1CCC2(CC1)OC(=O)Nc1ccc(C)cc21)-c1ccccc1'],Preclinical,CC chemokine receptor antagonist,CCL2|CCR2,,
14265,RS-56812,['6604789'],['Cn1cc(C(=O)C(=O)N[C@H]2CN3CCC2CC3)c2ccccc12'],Preclinical,serotonin receptor partial agonist,HTR3A,,
14266,RS-67333,['183782'],['CCCCN1CCC(CCC(=O)c2cc(Cl)c(N)cc2OC)CC1'],Preclinical,serotonin receptor partial agonist,HTR4,,
14267,RS-67506,['133076'],['COc1cc(N)c(Cl)cc1C(=O)CCC1CCN(CCNS(C)(=O)=O)CC1'],Preclinical,serotonin receptor partial agonist,HTR4,,
14268,RS-79948,['9908992'],['CCS(=O)(=O)N1CCC[C@@H]2CN3CCc4cc(OC)ccc4[C@@H]3C[C@H]12'],Preclinical,adrenergic receptor antagonist,ADRA2A,,
14269,RS-I-002-6,['60188101'],['O=C1C=CCCN1S(=O)(=O)\\C=C\\c1ccccc1'],,,,,
14270,RTI-55,['44295709'],['COC(=O)C1C2CC[C@H](C[C@@H]1c1ccc(I)cc1)N2C'],,,,,
14271,RU-24969,['108029'],['COc1ccc2[nH]cc(C3=CCNCC3)c2c1'],Phase 1,serotonin receptor agonist,HTR1A|HTR1B|HTR1D|HTR2A|HTR2B|HTR2C|HTR5A|HTR6,,
14272,RU-28318,['3034004'],['CCCC1CC2=CC(=O)CCC2(C)C3CCC4(C)C(CCC4(O)CCC(=O)O)C13'],Phase 2,cytochrome P450 inhibitor,NR3C2,,
14273,RWJ-21757,['4684627'],['Nc1nc2n(C3OC(CO)C(O)C3O)c(=O)n(CC=C)c2c(=O)[nH]1'],Phase 2,toll-like receptor agonist,TLR7,,
14274,RX-821002,['108094'],['COC1(COc2ccccc2O1)C1=NCCN1'],Preclinical,adrenergic receptor antagonist,ADRA1A|ADRA1B|ADRA1D|ADRA2A|ADRA2B|ADRA2C,,
14275,Ro-04-5595,['46740'],['COc1cc2CCN(C)C(CCc3ccc(Cl)cc3)c2cc1O'],Preclinical,glutamate receptor antagonist,GRIN2B,,
14276,Ro-04-6790,['5312145'],['CNc1cc(NS(=O)(=O)c2ccc(N)cc2)nc(NC)n1'],,,,,
14277,Ro-08-2750,['17756791'],['Cc1cc2nc3c(nc(=O)[nH]c3=O)n(C)c2cc1C=O'],Preclinical,NGF binding inhibitor,NGF|NGFR,,
14278,Ro-10-5824,['16759175'],['Cc1ncc(CN2CCC(=CC2)c2ccccc2)c(N)n1'],Preclinical,dopamine receptor agonist,DRD4,,
14279,Ro-15-4513,['5081'],['CCOC(=O)c1ncn-2c1CN(C)C(=O)c1cc(ccc-21)N=[N+]=[N-]'],Preclinical,GABA benzodiazepine site receptor inverse agonist,GABRA1|GABRA2|GABRA3|GABRA4|GABRA5|GABRA6|GABRB2|GABRG2,,
14280,Ro-16-6941,['4289'],['NCCNC(=O)c1ccc(Cl)cc1'],,,,,
14281,Ro-19-4605,['127382'],['CN1Cc2c(ncn2-c2ccsc2C1=O)C(=O)OC(C)(C)C'],Preclinical,GABA benzodiazepine site receptor inverse agonist,GABRA1|GABRA2|GABRA3|GABRA5,,
14282,Ro-25-6981,['6604887'],['C[C@@H](CN1CCC(Cc2ccccc2)CC1)[C@@H](O)c1ccc(O)cc1'],Preclinical,glutamate receptor antagonist|monamine transporter modulator,GRIN2B,,
14283,Ro-28-1675,['9886086'],['CS(=O)(=O)c1ccc(cc1)[C@@H](CC1CCCC1)C(=O)Nc1nccs1'],Preclinical,glucokinase activator,GCK,,
14284,Ro-3306,['11631681'],['O=C1N=C(NCc2cccs2)S\\C1=C/c1ccc2ncccc2c1'],Preclinical,CDK inhibitor,CDK1,,
14285,Ro-60-0175,['5191289'],['CC(N)Cn1ccc2cc(F)c(Cl)cc12'],Preclinical,serotonin receptor agonist,HTR2A|HTR2B|HTR2C,,
14286,Ro-90-7501,['824226'],['Nc1ccc(cc1)-c1nc2ccc(cc2[nH]1)-c1nc2ccc(N)cc2[nH]1'],Preclinical,beta amyloid protein neurotoxicity inhibitor,APP,,
14287,S-14506,['131906'],['COc1ccc2cccc(N3CCN(CCNC(=O)c4ccc(F)cc4)CC3)c2c1'],Preclinical,serotonin receptor agonist,HTR1A,,
14288,S-206352,['2809486'],['Clc1ccc2c(ccnc2c1)N1CCN(CC1)C(=O)c1cccs1'],,,,,
14289,SA-101686,['44502203'],['C[C@H](CO)N1C[C@H](C)[C@@H](CN(C)Cc2ccc3OCOc3c2)OCCCC[C@@H](C)Oc4ccc(NC(=O)C5CCCCC5)cc4C1=O'],,,,,
14290,SA-101776,['44503122'],['C[C@H](CO)N1C[C@H](C)[C@@H](CN(C)C(=O)C2CCCCC2)OCCCC[C@@H](C)Oc3ccc(NC(=O)C4CCCCC4)cc3C1=O'],,,,,
14291,SA-1017940,['44507247'],['C[C@H](CO)N1C[C@H](C)[C@H](CN(C)Cc2ccc(cc2)C(=O)Nc3ccccc3N)Oc4ccc(cc4CC1=O)N(C)C'],,,,,
14292,SA-101841,['44490224'],['CC(C)NC(=O)N(C)C[C@H]1OCCCC[C@@H](C)Oc2ccc(NC(=O)Nc3ccc4OCOc4c3)cc2C(=O)N(C[C@@H]1C)[C@H](C)CO'],,,,,
14293,SA-102042,['44504286'],['C[C@H](CO)N1C[C@H](C)[C@@H](CN(C)S(=O)(=O)c2cn(C)cn2)OCCCC[C@@H](C)Oc3ccc(NC(=O)C4CCCCC4)cc3C1=O'],,,,,
14294,SA-102096,['44483817'],['C[C@H](CO)N1C[C@H](C)[C@@H](CN(C)S(=O)(=O)c2ccc(F)cc2)OCCCC[C@@H](C)Oc3ccc(NC(=O)Nc4ccccc4)cc3C1=O'],,,,,
14295,SA-102607,['44490257'],['CC(C)NC(=O)Nc1ccc2O[C@H](C)CCCCO[C@@H](CN(C)C(=O)Cc3ccccc3)[C@@H](C)CN([C@H](C)CO)C(=O)c2c1'],,,,,
14296,SA-102676,['44497655'],['COc1ccc(cc1)S(=O)(=O)Nc2ccc3O[C@H](C)CCCCO[C@@H](CN(C)C(=O)CCCN(C)C)[C@@H](C)CN([C@H](C)CO)C(=O)c3c2'],,,,,
14297,SA-102695,['44502756'],['C[C@H](CO)N1C[C@H](C)[C@H](CN(C)S(=O)(=O)c2ccc(C)cc2)OCCCC[C@@H](C)Oc3ccc(NS(=O)(=O)c4cccs4)cc3C1=O'],,,,,
14298,SA-102787,['44490269'],['C[C@H](CO)N1C[C@H](C)[C@H](CN(C)C(=O)CCCN(C)C)OCCCC[C@@H](C)Oc2ccc(NC(=O)CCCN(C)C)cc2C1=O'],,,,,
14299,SA-103006,['44501814'],['C[C@H](CO)N1C[C@H](C)[C@H](CN(C)C(=O)Nc2ccc(cc2)C(F)(F)F)OCCCC[C@@H](C)Oc3ccc(NS(=O)(=O)c4cccs4)cc3C1=O'],,,,,
14300,SA-103013,['44504326'],['C[C@H](CO)N1C[C@H](C)[C@H](CN(C)C(=O)Nc2cccc3ccccc23)OCCCC[C@@H](C)Oc4ccc(NS(=O)(=O)c5cccs5)cc4C1=O'],,,,,
14301,SA-103021,['44494424'],['C[C@H](CO)N1C[C@H](C)[C@H](CN(C)Cc2ccccc2)OCCCC[C@@H](C)Oc3ccc(NS(=O)(=O)c4cccs4)cc3C1=O'],,,,,
14302,SA-103123,['44490857'],['C[C@H](CO)N1C[C@H](C)[C@H](CN(C)C(=O)CCCN(C)C)OCCCC[C@@H](C)Oc2ccc(NS(=O)(=O)c3cccs3)cc2C1=O'],,,,,
14303,SA-103150,['44504533'],['C[C@H](CO)N1C[C@H](C)[C@H](CN(C)C(=O)CCCN(C)C)OCCCC[C@@H](C)Oc2ccc(NS(=O)(=O)c3cn(C)cn3)cc2C1=O'],,,,,
14304,SA-1447005,['73707394'],['COc1cc(\\C=C\\C(=O)N2C(CC=CC2=O)C2CCCCC2)cc(OC)c1OC'],,,,,
14305,SA-1455791,['54657742'],['O[C@@H]1COC[C@@H]2O[C@@H](CC(=O)Nc3ccc(cc3)-c3ccccc3)CC[C@H]2N(C1)C(=O)c1cccnc1'],,,,,
14306,SA-1455822,['54660187'],['CCNC(=O)C[C@@H]1CC[C@@H]2[C@H](COC[C@H](O)CN2C(=O)c2cccnc2)O1'],,,,,
14307,SA-1455884,['54659352'],['O[C@H]1COC[C@H]2O[C@H](CC(=O)N3CCc4ccccc4C3)CC[C@@H]2N(Cc2ccc(F)cc2)C1'],,,,,
14308,SA-1455938,['54658744'],['O[C@H]1COC[C@@H]2O[C@H](CC(=O)NC3CCC3)CC[C@H]2N(C1)C(=O)c1ccccn1'],,,,,
14309,SA-1456039,['54657741'],['O[C@H]1COC[C@@H]2O[C@@H](CC(=O)Nc3ccc(cc3)-c3ccccc3)CC[C@H]2N(C1)C(=O)c1cccnc1'],,,,,
14310,SA-1456102,['54658205'],['C[C@H](NC(=O)C[C@@H]1CC[C@H]2[C@@H](COC[C@H](O)CN2C)O1)c1ccccc1'],,,,,
14311,SA-1456170,['54658651'],['O[C@H]1COC[C@@H]2O[C@H](CC(=O)NC3Cc4ccccc4C3)CC[C@H]2N(C1)C(=O)c1cccnc1'],,,,,
14312,SA-1456195,['54657953'],['CN(C)C(=O)C[C@@H]1CC[C@@H]2[C@H](COC[C@H](O)CN2C(=O)c2ccncc2)O1'],,,,,
14313,SA-1456220,['54659633'],['O[C@H]1COC[C@@H]2O[C@H](CC(=O)NCc3ccc(cc3)-c3ccccc3)CC[C@H]2N(C1)C(=O)c1cccnc1'],,,,,
14314,SA-1456227,['54658669'],['O[C@H]1COC[C@@H]2O[C@H](CC(=O)Nc3ccc(cc3)-c3ccccc3)CC[C@H]2N(C1)C(=O)c1ccc(F)cc1'],,,,,
14315,SA-1456305,['54659373'],['O[C@H]1COC[C@H]2O[C@H](CC(=O)NC3CCC3)CC[C@@H]2N(C1)C(=O)Cc1ccccc1'],,,,,
14316,SA-1456352,['54658965'],['O[C@H]1COC[C@@H]2O[C@H](CC(=O)NCC3CC3)CC[C@H]2N(C1)C(=O)c1cccnc1'],,,,,
14317,SA-1456443,['54657678'],['O[C@@H]1CN[C@@H]2CC[C@@H](CC(=O)Nc3ccc(cc3)-c3ccccc3)O[C@H]2COC1'],,,,,
14318,SA-1456456,['54657718'],['O[C@H]1COC[C@H]2O[C@@H](CC(=O)NCc3ccc(Cl)c(Cl)c3)CC[C@@H]2N(C1)C(=O)c1ccccc1F'],,,,,
14319,SA-1456508,['54657710'],['CN1C[C@@H](O)COC[C@@H]2O[C@H](CC(=O)NC3CCC3)CC[C@@H]12'],,,,,
14320,SA-1456570,['54657740'],['O[C@H]1COC[C@H]2O[C@@H](CC(=O)Nc3ccc(cc3)-c3ccccc3)CC[C@@H]2N(C1)C(=O)c1cccnc1'],,,,,
14321,SA-1456576,['54659991'],['O[C@H]1COC[C@@H]2O[C@H](CC(=O)NCc3cc(F)cc(F)c3)CC[C@H]2N(C1)C(=O)c1ccncc1'],,,,,
14322,SA-1456625,['54660558'],['CN1C[C@@H](O)COC[C@H]2O[C@H](CC(=O)NC3CCCC3)CC[C@H]12'],,,,,
14323,SA-1456734,['54660070'],['CCNC(=O)C[C@H]1CC[C@@H]2[C@H](COC[C@@H](O)CN2Cc2ccc(Cl)c(Cl)c2)O1'],,,,,
14324,SA-1456751,['54657711'],['CN1C[C@@H](O)COC[C@H]2O[C@H](CC(=O)NC3CCC3)CC[C@H]12'],,,,,
14325,SA-1456859,['54660081'],['CCCNC(=O)C[C@@H]1CC[C@@H]2[C@H](COC[C@H](O)CN2C(=O)c2ccccn2)O1'],,,,,
14326,SA-1456977,['54658632'],['CCCNC(=O)C[C@@H]1CC[C@@H]2[C@H](COC[C@H](O)CN2C(=O)c2cccnc2)O1'],,,,,
14327,SA-1457103,['54658215'],['O[C@H]1COC[C@H]2O[C@H](CC(=O)N3CCc4ccccc4C3)CC[C@@H]2N(Cc2cc(F)ccc2F)C1'],,,,,
14328,SA-1457169,['54659308'],['CCCNC(=O)C[C@H]1CC[C@@H]2[C@H](COC[C@@H](O)CN2Cc2ccc(Cl)c(Cl)c2)O1'],,,,,
14329,SA-1457187,['54657735'],['O[C@@H]1COC[C@H]2O[C@H](CC(=O)NCCc3ccncc3)CC[C@@H]2N(Cc2cccc(c2)C(F)(F)F)C1'],,,,,
14330,SA-1457188,['54658318'],['CCCNC(=O)N1C[C@H](O)COC[C@H]2O[C@@H](CC(=O)NCc3ccc(Cl)c(Cl)c3)CC[C@H]12'],,,,,
14331,SA-1457305,['54657714'],['O[C@@H]1COC[C@H]2O[C@H](CC(=O)NCc3ccc(Cl)c(Cl)c3)CC[C@@H]2N(C1)C(=O)c1ccccc1F'],,,,,
14332,SA-1457336,['54657708'],['CN1C[C@@H](O)COC[C@@H]2O[C@@H](CC(=O)NC3CCC3)CC[C@@H]12'],,,,,
14333,SA-1457415,['54659344'],['O[C@H]1COC[C@@H]2O[C@H](CC(=O)Nc3ccc(cc3)-c3ccccc3)CC[C@H]2N(C1)C(=O)c1ccncc1'],,,,,
14334,SA-1457458,['54660617'],['O[C@H]1COC[C@@H]2O[C@H](CC(=O)Nc3ccc(cc3)-c3ccccc3)CC[C@H]2N(C1)C(=O)c1ccccc1'],,,,,
14335,SA-1457472,['54657716'],['O[C@H]1COC[C@@H]2O[C@@H](CC(=O)NCc3ccc(Cl)c(Cl)c3)CC[C@H]2N(C1)C(=O)c1ccccc1F'],,,,,
14336,SA-1457769,['54657737'],['O[C@@H]1COC[C@H]2O[C@@H](CC(=O)Nc3ccc(cc3)-c3ccccc3)CC[C@@H]2N(C1)C(=O)c1cccnc1'],,,,,
14337,SA-1457797,['54658969'],['O[C@@H]1COC[C@H]2O[C@@H](CC(=O)NCc3ccc(cc3)-c3ccccc3)CC[C@@H]2N(C1)C(=O)c1ccccc1F'],,,,,
14338,SA-1457810,['54658117'],['CN1C[C@@H](O)COC[C@H]2O[C@H](CC(=O)N3CCN(CC3)c3ccccc3)CC[C@H]12'],,,,,
14339,SA-1457945,['54657712'],['O[C@@H]1COC[C@H]2O[C@@H](CC(=O)NCc3ccc(Cl)c(Cl)c3)CC[C@@H]2N(C1)C(=O)c1ccccc1F'],,,,,
14340,SA-1457992,['54658844'],['CNC(=O)C[C@H]1CC[C@@H]2[C@H](COC[C@@H](O)CN2S(=O)(=O)c2ccccc2Cl)O1'],,,,,
14341,SA-1458026,['54658402'],['O[C@H]1COC[C@@H]2O[C@H](CC(=O)NCc3ccc(Cl)cc3)CC[C@H]2N(C1)C(=O)c1cccnc1'],,,,,
14342,SA-1458163,['54658692'],['O[C@H]1COC[C@H]2O[C@H](CC(=O)N3CCN(CC3)c3ccccc3)CC[C@@H]2N(Cc2ccc(Oc3ccccc3)cc2)C1'],,,,,
14343,SA-1458189,['54657739'],['O[C@@H]1COC[C@H]2O[C@H](CC(=O)Nc3ccc(cc3)-c3ccccc3)CC[C@@H]2N(C1)C(=O)c1cccnc1'],,,,,
14344,SA-1458306,['54657751'],['CNC(=O)C[C@H]1CC[C@@H]2[C@H](COC[C@H](O)CN2Cc2ccc(Cl)c(Cl)c2)O1'],,,,,
14345,SA-1458450,['54657730'],['O[C@@H]1COC[C@H]2O[C@@H](CC(=O)NCCc3ccncc3)CC[C@@H]2N(Cc2cccc(c2)C(F)(F)F)C1'],,,,,
14346,SA-1458487,['54657738'],['O[C@@H]1COC[C@@H]2O[C@H](CC(=O)Nc3ccc(cc3)-c3ccccc3)CC[C@H]2N(C1)C(=O)c1cccnc1'],,,,,
14347,SA-1458571,['73707399'],['O[C@H]1COC[C@H]2O[C@H](CC(=O)Nc3ccc(cc3)-c3ccccc3)CC[C@@H]2N(C1)C(=O)c1cccnc1'],,,,,
14348,SA-1458610,['54660174'],['O[C@H]1COC[C@@H]2O[C@H](CC(=O)NCCc3ccccc3)CC[C@H]2N(Cc2cccc(c2)C(F)(F)F)C1'],,,,,
14349,SA-1458689,['54657731'],['O[C@H]1COC[C@@H]2O[C@H](CC(=O)NCCc3ccncc3)CC[C@H]2N(Cc2cccc(c2)C(F)(F)F)C1'],,,,,
14350,SA-1458902,['54660194'],['O[C@H]1COC[C@H]2O[C@H](CC(=O)N3CCOCC3)CC[C@@H]2N(Cc2ccc(Oc3ccccc3)cc2)C1'],,,,,
14351,SA-1458985,['54657732'],['O[C@@H]1COC[C@@H]2O[C@@H](CC(=O)NCCc3ccncc3)CC[C@H]2N(Cc2cccc(c2)C(F)(F)F)C1'],,,,,
14352,SA-1459002,['54657733'],['O[C@@H]1COC[C@@H]2O[C@H](CC(=O)NCCc3ccncc3)CC[C@H]2N(Cc2cccc(c2)C(F)(F)F)C1'],,,,,
14353,SA-1459008,['54657757'],['CNC(=O)C[C@H]1CC[C@H]2[C@@H](COC[C@H](O)CN2Cc2ccc(Cl)c(Cl)c2)O1'],,,,,
14354,SA-1459020,['54657758'],['CNC(=O)C[C@H]1CC[C@H]2[C@@H](COC[C@@H](O)CN2Cc2ccc(Cl)c(Cl)c2)O1'],,,,,
14355,SA-1459031,['54659868'],['O[C@H]1COC[C@@H]2O[C@@H](CC[C@H]2N(C1)Cc1cccc(C(F)(F)F)c1)CC(=O)NCc1ccncc1'],,,,,
14356,SA-1459167,['54658498'],['O[C@H]1COC[C@@H]2O[C@H](CC(=O)NCCc3ccncc3)CC[C@H]2N(C1)C(=O)Nc1ccc(Cl)cc1'],,,,,
14357,SA-1459172,['54657705'],['CN1C[C@H](O)COC[C@@H]2O[C@@H](CC(=O)NC3CCC3)CC[C@@H]12'],,,,,
14358,SA-1459173,['54657734'],['O[C@H]1COC[C@H]2O[C@H](CC(=O)NCCc3ccncc3)CC[C@@H]2N(Cc2cccc(c2)C(F)(F)F)C1'],,,,,
14359,SA-1459187,['54658741'],['O[C@H]1COC[C@H]2O[C@H](CC(=O)NC3CCC3)CC[C@@H]2N(C1)C(=O)c1ccccn1'],,,,,
14360,SA-1459213,['53382764'],['O[C@H]1COC[C@@H]2O[C@H](CC(=O)NCc3ccc(Cl)cc3)CC[C@H]2N(Cc2cccc(c2)C(F)(F)F)C1'],,,,,
14361,SA-1459224,['54657728'],['O[C@H]1COC[C@H]2O[C@@H](CC(=O)NCCc3ccncc3)CC[C@@H]2N(Cc2cccc(c2)C(F)(F)F)C1'],,,,,
14362,SA-1459234,['54657607'],['O[C@H]1COC[C@@H]2O[C@H](CC(=O)Nc3ccc(cc3)-c3ccccc3)CC[C@H]2N(Cc2ccc3OCOc3c2)C1'],,,,,
14363,SA-1459256,['54658832'],['CNC(=O)C[C@@H]1CC[C@@H]2[C@H](COC[C@H](O)CN2Cc2ccc(cc2)C(F)(F)F)O1'],,,,,
14364,SA-1459261,['54657706'],['CN1C[C@H](O)COC[C@H]2O[C@H](CC(=O)NC3CCC3)CC[C@H]12'],,,,,
14365,SA-1459291,['54657707'],['CN1C[C@H](O)COC[C@H]2O[C@@H](CC(=O)NC3CCC3)CC[C@H]12'],,,,,
14366,SA-1459430,['54658771'],['O[C@H]1COC[C@H]2O[C@H](CC(=O)N3CCc4ccccc4C3)CC[C@@H]2N(Cc2ccc(cc2)C(F)(F)F)C1'],,,,,
14367,SA-1459454,['54657729'],['O[C@H]1COC[C@@H]2O[C@@H](CC(=O)NCCc3ccncc3)CC[C@H]2N(Cc2cccc(c2)C(F)(F)F)C1'],,,,,
14368,SA-1459481,['54660111'],['O[C@H]1COC[C@@H]2O[C@H](CC(=O)NCc3ccc(F)cc3)CC[C@H]2N(Cc2cccc(c2)C(F)(F)F)C1'],,,,,
14369,SA-1459714,['54660437'],['O[C@H]1COC[C@@H]2O[C@H](CC(=O)NCc3ccccc3)CC[C@H]2N(C1)C(=O)c1cccnc1'],,,,,
14370,SA-1459830,['54657755'],['CNC(=O)C[C@@H]1CC[C@H]2[C@@H](COC[C@H](O)CN2Cc2ccc(Cl)c(Cl)c2)O1'],,,,,
14371,SA-1459849,['54658765'],['O[C@H]1COC[C@H]2O[C@H](CC(=O)NC3CCC3)CC[C@@H]2N(C1)C(=O)Nc1ccc(F)cc1'],,,,,
14372,SA-1459854,['54660156'],['O[C@@H]1COC[C@H]2O[C@@H](CC(=O)NCc3ccc(Cl)c(Cl)c3)CC[C@@H]2N(C1)S(=O)(=O)c1ccc(Cl)cc1'],,,,,
14373,SA-1459963,['54657713'],['O[C@@H]1COC[C@@H]2O[C@@H](CC(=O)NCc3ccc(Cl)c(Cl)c3)CC[C@H]2N(C1)C(=O)c1ccccc1F'],,,,,
14374,SA-1459975,['54658535'],['CCC(=O)N1C[C@H](O)COC[C@@H]2O[C@@H](CC(=O)NC)CC[C@@H]12'],,,,,
14375,SA-1460008,['54658423'],['O[C@H]1COC[C@H]2O[C@H](CC(=O)NC3CCC3)CC[C@@H]2N(C1)C(=O)c1ccncc1'],,,,,
14376,SA-1460032,['54659817'],['Cc1ccc(cc1)S(=O)(=O)N1C[C@H](O)COC[C@H]2O[C@@H](CC(=O)NCc3ccc(Cl)c(Cl)c3)CC[C@H]12'],,,,,
14377,SA-1460110,['54657753'],['CNC(=O)C[C@H]1CC[C@@H]2[C@H](COC[C@@H](O)CN2Cc2ccc(Cl)c(Cl)c2)O1'],,,,,
14378,SA-1460136,['73707400'],['O[C@H]1COC[C@H]2O[C@H](CC(=O)N3CCc4ccccc4C3)CC[C@@H]2N(Cc2ccccc2F)C1'],,,,,
14379,SA-1460192,['54657694'],['O[C@@H]1COC[C@@H]2O[C@H](CC(=O)N3CCc4ccccc4C3)CC[C@H]2N(Cc2ccc(Oc3ccccc3)cc2)C1'],,,,,
14380,SA-1460224,['54657736'],['O[C@H]1COC[C@@H]2O[C@H](CC(=O)Nc3ccc(cc3)-c3ccccc3)CC[C@H]2N(C1)C(=O)c1cccnc1'],,,,,
14381,SA-1462246,['54655268'],['C[C@@H](NC(=O)C[C@H]1CC[C@@H]2[C@H](COc3ccc(NC(=O)c4cc(C)on4)cc3C(=O)N2C)O1)c1ccccc1'],,,,,
14382,SA-1462678,['54657141'],['CCCNC(=O)C[C@H]1CC[C@@H]2[C@H](COc3ccc(NC(=O)c4cc(C)on4)cc3C(=O)N2C)O1'],,,,,
14383,SA-1462738,['54655704'],['CCCNC(=O)C[C@@H]1CC[C@H]2[C@H](COc3ccc(NC(=O)Cc4cccs4)cc3C(=O)N2C)O1'],,,,,
14384,SA-1463785,['54654232'],['CN1[C@H]2CC[C@@H](CC(=O)N[C@H]3CCN(Cc4ccccc4)C3)O[C@H]2COc2ccc(NC(=O)Nc3c(C)noc3C)cc2C1=O'],,,,,
14385,SA-1463787,['54654609'],['CN1[C@H]2CC[C@@H](CC(=O)N[C@H]3CCN(Cc4ccccc4)C3)O[C@H]2COc2ccc(NC(=O)Cc3cccs3)cc2C1=O'],,,,,
14386,SA-1463810,['54654430'],['CN1[C@H]2CC[C@@H](CC(=O)N[C@H]3CCN(Cc4ccccc4)C3)O[C@@H]2COc2ccc(NC(=O)Cc3cccs3)cc2C1=O'],,,,,
14387,SA-1463814,['54654330'],['CN1[C@H]2CC[C@@H](CC(=O)N[C@H]3CCN(Cc4ccccc4)C3)O[C@H]2COc2ccc(NC(=O)c3ccc(F)c(F)c3)cc2C1=O'],,,,,
14388,SA-1463838,['54654613'],['CN1[C@H]2CC[C@@H](CC(=O)N[C@H]3CCN(Cc4ccccc4)C3)O[C@H]2COc2ccc(NC(=O)c3cnccn3)cc2C1=O'],,,,,
14389,SA-1463839,['54654433'],['CN1[C@@H]2CC[C@H](CC(=O)N[C@H]3CCN(Cc4ccccc4)C3)O[C@H]2COc2ccc(NC(=O)Cc3cccs3)cc2C1=O'],,,,,
14390,SA-1472321,['54653980'],['CN1[C@H]2CC[C@@H](CC(=O)NCCCN3CCOCC3)O[C@H]2COc2ccc(NC(=O)Cc3cccs3)cc2C1=O'],,,,,
14391,SA-1472514,['54654640'],['CN1[C@@H]2CC[C@H](CC(=O)NCc3ccc(cc3)-c3ccccc3)O[C@H]2COc2ccc(NC(=O)Nc3ccccc3F)cc2C1=O'],,,,,
14392,SA-1472542,['54654463'],['CN1[C@@H]2CC[C@H](CC(=O)NCc3ccc(cc3)-c3ccccc3)O[C@H]2COc2ccc(NS(C)(=O)=O)cc2C1=O'],,,,,
14393,SA-1472548,['54654478'],['CN1[C@@H]2CC[C@H](CC(=O)NCc3ccc(cc3)-c3ccccc3)O[C@@H]2COc2ccc(NC(=O)c3cc(C)on3)cc2C1=O'],,,,,
14394,SA-1472623,['54654428'],['CN1[C@H]2CC[C@H](CC(=O)NCc3ccc(cc3)-c3ccccc3)O[C@H]2COc2ccc(NC(=O)c3cc(C)on3)cc2C1=O'],,,,,
14395,SA-1472655,['54654429'],['CN1[C@@H]2CC[C@@H](CC(=O)NCc3ccc(cc3)-c3ccccc3)O[C@H]2COc2ccc(NC(=O)c3cc(C)on3)cc2C1=O'],,,,,
14396,SA-1472702,['54654435'],['CN1[C@H]2CC[C@@H](CC(=O)N[C@@H]3CCN(Cc4ccccc4)C3)O[C@@H]2COc2ccc(NC(=O)Cc3cccs3)cc2C1=O'],,,,,
14397,SA-1472734,['54654437'],['CN1[C@@H]2CC[C@H](CC(=O)N[C@@H]3CCN(Cc4ccccc4)C3)O[C@H]2COc2ccc(NC(=O)Cc3cccs3)cc2C1=O'],,,,,
14398,SA-1473405,['54656566'],['CCNC(=O)C[C@H]1CC[C@@H]2[C@H](COc3ccc(NC(=O)c4cc(C)on4)cc3C(=O)N2C)O1'],,,,,
14399,SA-1473468,['54654560'],['COC(=O)C[C@@H]1CC[C@H]2[C@H](COc3ccc(NC(=O)Cc4cccs4)cc3C(=O)N2C)O1'],,,,,
14400,SA-1473648,['54656096'],['CN1[C@@H]2CC[C@H](CC(O)=O)O[C@H]2COc2ccc(NC(=O)c3cc(C)on3)cc2C1=O'],,,,,
14401,SA-1480001,['54654441'],['CN1[C@H]2CC[C@H](CC(=O)N[C@H]3CCN(Cc4ccccc4)C3)O[C@@H]2COc2ccc(NC(=O)Cc3cccs3)cc2C1=O'],,,,,
14402,SA-1919248,['54668617'],['CCS(=O)(=O)N1CCCCN2[C@@H](CO)[C@@H]([C@@H]2C1)c1ccc(cc1)-c1cccc(c1)C#N'],,,,,
14403,SA-1919345,['54667389'],['OC[C@H]1[C@@H]([C@@H]2CN(CCCCN12)C(=O)Cc1cccnc1)c1ccc(cc1)-c1cccc(c1)C#N'],,,,,
14404,SA-1919551,['54669335'],['COc1ccccc1NC(=O)N1CCCCN2[C@@H](CO)[C@@H]([C@@H]2C1)c1ccc(cc1)-c1ccccc1'],,,,,
14405,SA-1919584,['54666568'],['COc1ccccc1NC(=O)N1CCCCN2[C@@H](CO)[C@H]([C@@H]2C1)c1ccc(cc1)-c1cccc(c1)C#N'],,,,,
14406,SA-1919667,['54669344'],['Cc1ccccc1S(=O)(=O)N1CCCCN2[C@@H](CO)[C@H]([C@@H]2C1)c1ccc(cc1)-c1ccccc1'],,,,,
14407,SA-1919710,['54668959'],['Cc1cccc(c1)-c1ccc(cc1)[C@@H]1[C@H](CO)N2CCCCN(C[C@@H]12)S(=O)(=O)c1ccccc1C'],,,,,
14408,SA-1919875,['54666573'],['COc1ccccc1NC(=O)N1CCCCN2[C@H](CO)[C@H]([C@@H]2C1)c1ccc(cc1)-c1cccc(c1)C#N'],,,,,
14409,SA-1919877,['54667404'],['OC[C@H]1[C@@H]([C@@H]2CN(CCCCN12)C(=O)Nc1cccc(F)c1)c1ccc(cc1)-c1cccc(c1)C#N'],,,,,
14410,SA-1919918,['54666790'],['OC[C@H]1[C@@H]([C@@H]2CN(CCCCN12)S(=O)(=O)c1ccccc1)c1ccc(cc1)-c1cccc(c1)C#N'],,,,,
14411,SA-1920013,['54666569'],['COc1ccccc1NC(=O)N1CCCCN2[C@@H](CO)[C@@H]([C@H]2C1)c1ccc(cc1)-c1cccc(c1)C#N'],,,,,
14412,SA-1920080,['54667998'],['COc1ccc(NC(=O)N2CCCCN3[C@@H](CO)[C@@H]([C@@H]3C2)c2ccc(\\C=C\\C)cc2)cc1'],,,,,
14413,SA-1920327,['54667012'],['OC[C@H]1[C@@H]([C@@H]2CN(CCCCN12)C(=O)Nc1ccc(F)cc1)c1ccc(cc1)-c1ccc(cc1)C#N'],,,,,
14414,SA-1920453,['54666596'],['CN(C)CC#Cc1ccc(cc1)[C@H]1[C@H](CO)N2CCCCN(C[C@H]12)S(=O)(=O)c1ccccc1C'],,,,,
14415,SA-1920683,['54666592'],['CN(C)CC#Cc1ccc(cc1)[C@@H]1[C@@H](CO)N2CCCCN(C[C@H]12)S(=O)(=O)c1ccccc1C'],,,,,
14416,SA-1920687,['54666593'],['CN(C)CC#Cc1ccc(cc1)[C@@H]1[C@@H](CO)N2CCCCN(C[C@@H]12)S(=O)(=O)c1ccccc1C'],,,,,
14417,SA-1920722,['54668530'],['COCC#Cc1ccc(cc1)[C@@H]1[C@H](CO)N2CCCCN(C[C@@H]12)S(=O)(=O)c1ccccc1C'],,,,,
14418,SA-1920756,['54667764'],['CN(C)CC#Cc1ccc(cc1)[C@@H]1[C@H](CO)N2CCCCN(C[C@@H]12)S(=O)(=O)c1ccccc1'],,,,,
14419,SA-1920890,['54666597'],['CN(C)CC#Cc1ccc(cc1)[C@H]1[C@@H](CO)N2CCCCN(C[C@H]12)S(=O)(=O)c1ccccc1C'],,,,,
14420,SA-1920942,['54666869'],['COc1ccc(NC(=O)N2CCCCN3[C@@H](CO)[C@@H]([C@@H]3C2)c2ccc(cc2)C#Cc2ccccn2)cc1'],,,,,
14421,SA-1921085,['54666595'],['CN(C)CC#Cc1ccc(cc1)[C@@H]1[C@H](CO)N2CCCCN(C[C@@H]12)S(=O)(=O)c1ccccc1C'],,,,,
14422,SA-1921456,['54666570'],['COc1ccccc1NC(=O)N1CCCCN2[C@H](CO)[C@@H]([C@H]2C1)c1ccc(cc1)-c1cccc(c1)C#N'],,,,,
14423,SA-1921574,['54669029'],['OC[C@H]1[C@@H]([C@@H]2CN(CCCCN12)C(=O)Nc1ccccc1)c1ccc(cc1)-c1cccc(c1)C#N'],,,,,
14424,SA-1921599,['54667575'],['Cc1ccccc1S(=O)(=O)N1CCCCN2[C@@H](CO)[C@H]([C@@H]2C1)c1ccc(cc1)-c1cccc(F)c1'],,,,,
14425,SA-1921614,['54669111'],['OC[C@H]1[C@@H]([C@@H]2CN(CCCCN12)C(=O)Cc1ccccc1)c1ccc(cc1)-c1cccc(c1)C#N'],,,,,
14426,SA-1921617,['54666572'],['COc1ccccc1NC(=O)N1CCCCN2[C@@H](CO)[C@H]([C@H]2C1)c1ccc(cc1)-c1cccc(c1)C#N'],,,,,
14427,SA-1921783,['54669151'],['OC[C@H]1[C@@H]([C@@H]2CN(CCCCN12)C(=O)Nc1ccc(F)cc1)c1ccc(cc1)-c1cccc(c1)C#N'],,,,,
14428,SA-1921816,['54668813'],['Cc1ccccc1S(=O)(=O)N1CCCCN2[C@@H](CO)[C@H]([C@@H]2C1)c1ccc(cc1)-c1cncnc1'],,,,,
14429,SA-1921867,['54666571'],['COc1ccccc1NC(=O)N1CCCCN2[C@@H](CO)[C@@H]([C@@H]2C1)c1ccc(cc1)-c1cccc(c1)C#N'],,,,,
14430,SA-1921902,['54669118'],['COc1ccccc1NC(=O)N1CCCCN2[C@@H](CO)[C@@H]([C@@H]2C1)c1ccc(cc1)-c1cccc(C)c1'],,,,,
14431,SA-1921996,['54666820'],['OC[C@H]1[C@@H]([C@@H]2CN(CCCCN12)C(=O)Cc1ccccc1)c1ccc(cc1)-c1ccc(cc1)C#N'],,,,,
14432,SA-1922006,['54666542'],['COc1ccc(NC(=O)N2CCCCN3[C@@H](CO)[C@@H]([C@@H]3C2)c2ccc(cc2)-c2ccccc2F)cc1'],,,,,
14433,SA-1922111,['54666825'],['Cc1ccccc1S(=O)(=O)N1CCCCN2[C@@H](CO)[C@H]([C@@H]2C1)c1ccc(cc1)-c1cccnc1'],,,,,
14434,SA-1922257,['54666566'],['COc1ccccc1NC(=O)N1CCCCN2[C@H](CO)[C@@H]([C@@H]2C1)c1ccc(cc1)-c1cccc(c1)C#N'],,,,,
14435,SA-1922261,['54666567'],['COc1ccccc1NC(=O)N1CCCCN2[C@H](CO)[C@H]([C@H]2C1)c1ccc(cc1)-c1cccc(c1)C#N'],,,,,
14436,SA-1922659,['54668627'],['COc1ccccc1NC(=O)N1CCCCN2[C@@H](CO)[C@@H]([C@@H]2C1)c1ccc(cc1)C#Cc1ccccc1'],,,,,
14437,SA-1922796,['54669462'],['CN(C)CC#Cc1ccc(cc1)[C@@H]1[C@H](CO)N2CCCCN(C[C@@H]12)C(=O)C1CC1'],,,,,
14438,SA-1922927,['54669304'],['CN(C)CC#Cc1ccc(cc1)[C@@H]1[C@H](CO)N2CCCCN(CC3CC3)C[C@@H]12'],,,,,
14439,SA-1922932,['54666591'],['CN(C)CC#Cc1ccc(cc1)[C@H]1[C@@H](CO)N2CCCCN(C[C@@H]12)S(=O)(=O)c1ccccc1C'],,,,,
14440,SA-1922959,['54666590'],['CN(C)CC#Cc1ccc(cc1)[C@H]1[C@H](CO)N2CCCCN(C[C@@H]12)S(=O)(=O)c1ccccc1C'],,,,,
14441,SA-1922975,['54668348'],['CN(C)CC#Cc1ccc(cc1)[C@@H]1[C@H](CO)N2CCCCN(C[C@@H]12)C(=O)Cc1ccccn1'],,,,,
14442,SA-1925246,['60185177'],['COc1cccc(CN2C[C@]3(CN(C)C3)c3c([nH]c4cc(OC)ccc34)[C@@H]2CO)c1'],,,,,
14443,SA-1925610,['60185339'],['COc1cccc(CN2C[C@]3(CN(Cc4ccccn4)C3)c3c([nH]c4cc(OC)ccc34)[C@@H]2CO)c1'],,,,,
14444,SA-1925621,['60192484'],['COCC(=O)N1C[C@@]2(C1)CN(Cc1cccc(OC)c1)[C@@H](CO)c1[nH]c3cc(OC)ccc3c21'],,,,,
14445,SA-1925996,['60190226'],['COc1cccc(CN2C[C@]3(CN(CC4CCOCC4)C3)c3c([nH]c4cc(OC)ccc34)[C@@H]2CO)c1'],,,,,
14446,SA-1937516,['60187506'],['COc1ccc2c3c([nH]c2c1)[C@H](CO)N(C[C@]31CCN(CC1)C(=O)c1ccccc1)S(C)(=O)=O'],,,,,
14447,SA-1937536,['60187003'],['COc1ccc2c3c([nH]c2c1)[C@H](CO)N(C[C@]31CCN(CC1)C(=O)c1ccccc1)C(=O)CC1CC1'],,,,,
14448,SA-1938111,['60186973'],['CCCNC(=O)N1C[C@@]2(C1)CN(Cc1cccc(OC)c1)[C@@H](CO)c1[nH]c3cc(OC)ccc3c21'],,,,,
14449,SA-1938219,['60186978'],['COc1ccc2c3c([nH]c2c1)[C@H](CO)N(C[C@]31CN(CC2CCOCC2)C1)C(=O)CN(C)C'],,,,,
14450,SA-1938421,['60184097'],['COc1ccc2c3c([nH]c2c1)[C@H](CO)N(Cc1ccncc1)C[C@]31CN(CC2CCOCC2)C1'],,,,,
14451,SA-1938740,['60189692'],['CCCNC(=O)N1C[C@@]2(C1)CN([C@H](CO)c1[nH]c3cc(OC)ccc3c21)C(=O)Nc1ccc(F)cc1'],,,,,
14452,SA-1938756,['60192328'],['COc1ccc2c3c([nH]c2c1)[C@@H](CO)N(C[C@]31CN(C1)C(=O)Cc1ccccc1)C(=O)Nc1ccc(F)cc1'],,,,,
14453,SA-1938757,['60186845'],['COc1ccc2c3c([nH]c2c1)[C@@H](CO)N(C[C@]31CN(C1)C(=O)Nc1ccc2OCOc2c1)C(=O)Nc1ccc(F)cc1'],,,,,
14454,SA-1938820,['60186824'],['COc1ccc2c3c([nH]c2c1)[C@H](CO)N(C[C@]31CN(CC2CCOCC2)C1)C(=O)Nc1ccc(F)cc1'],,,,,
14455,SA-1938862,['60186945'],['COc1ccc2c3c([nH]c2c1)[C@H](CO)N(C[C@]31CN(CC2CCOCC2)C1)C(=O)Nc1cccc(F)c1'],,,,,
14456,SA-1938867,['60184300'],['COc1ccc2c3c([nH]c2c1)[C@@H](CO)N(C[C@]31CN(C1)C(=O)Nc1ccccc1)C(=O)Nc1ccc(F)cc1'],,,,,
14457,SA-1939007,['60190124'],['COc1ccc2c3c([nH]c2c1)[C@H](CO)N(C[C@]31CN(Cc2cc(F)ccc2F)C1)C(=O)Nc1ccc(F)cc1'],,,,,
14458,SA-1939064,['60186794'],['COc1ccc2c3c([nH]c2c1)[C@H](CO)N(C[C@]31CN(Cc2nccs2)C1)C(=O)Nc1ccc(F)cc1'],,,,,
14459,SA-1939079,['60185223'],['COc1ccc2c3c([nH]c2c1)[C@H](CO)N(C[C@]31CN(CC2CCOCC2)C1)C(=O)Nc1c(C)noc1C'],,,,,
14460,SA-1939126,['60186762'],['COc1ccc2c3c([nH]c2c1)[C@H](CO)N(C[C@]31CN(C1)C(=O)c1ccccn1)C(=O)Nc1ccc(F)cc1'],,,,,
14461,SA-1939838,['60187611'],['COc1ccc2c3c([nH]c2c1)[C@H](CO)NC[C@]31CCN(CC1)C(=O)Nc1ccc2OCOc2c1'],,,,,
14462,SA-1939891,['71759907'],['COc1ccc2c3c([nH]c2c1)[C@H](CO)NC[C@]31CCN(CC1)C(=O)Nc1ccc(F)cc1'],,,,,
14463,SA-1939915,['60193939'],['COc1ccc2c3c([nH]c2c1)[C@H](CO)NC[C@]31CCN(CC1)C(=O)C1CCC1'],,,,,
14464,SA-1939936,['60189878'],['COc1ccc2c3c([nH]c2c1)[C@H](CO)NC[C@]31CCN(CC1)C(=O)c1ccccc1'],,,,,
14465,SA-1939938,['60184895'],['COc1ccc2c3c([nH]c2c1)[C@@H](CO)NC[C@]31CN(Cc2cc(F)ccc2F)C1'],,,,,
14466,SA-1939945,['60190539'],['COc1ccc2c3c([nH]c2c1)[C@H](CO)NC[C@]31CCN(Cc2ccccc2)CC1'],,,,,
14467,SA-1944378,['44483939'],['C[C@H](CO)N1C[C@H](C)[C@H](CN(C)C(=O)C2CCCCC2)OCCCC[C@H](C)Oc3ccc(NC(=O)Nc4ccccc4)cc3C1=O'],,,,,
14468,SA-1973497,['54657695'],['O[C@H]1COC[C@@H]2O[C@@H](CC(=O)N3CCc4ccccc4C3)CC[C@H]2N(Cc2ccc(Oc3ccccc3)cc2)C1'],,,,,
14469,SA-1973507,['54657689'],['O[C@@H]1COC[C@H]2O[C@H](CC(=O)N3CCc4ccccc4C3)CC[C@@H]2N(Cc2ccc(Oc3ccccc3)cc2)C1'],,,,,
14470,SA-1973509,['54657693'],['O[C@@H]1COC[C@@H]2O[C@@H](CC(=O)N3CCc4ccccc4C3)CC[C@H]2N(Cc2ccc(Oc3ccccc3)cc2)C1'],,,,,
14471,SA-242443,['44494463'],['CC(C)NC(=O)Nc1ccc2O[C@@H](CN(C)CC3CC3)[C@@H](C)CN([C@H](C)CO)C(=O)Cc2c1'],,,,,
14472,SA-242939,['44492524'],['C[C@@H](CO)N1C[C@@H](C)[C@@H](CN(C)Cc2ccncc2)Oc3ccc(cc3CC1=O)N(C)C'],,,,,
14473,SA-243193,['44500308'],['C[C@@H](CO)N1C[C@@H](C)[C@@H](CN(C)C(=O)NC2CCCCC2)Oc3ccc(cc3CC1=O)N(C)C'],,,,,
14474,SA-243276,['54613929'],['CC(C)NC(=O)Nc1ccc2O[C@H](CN(C)CC3CC3)[C@H](C)CN([C@@H](C)CO)C(=O)Cc2c1'],,,,,
14475,SA-243423,['44494000'],['C[C@@H](CO)N1C[C@@H](C)[C@@H](CN(C)C(=O)Nc2c(C)noc2C)Oc3ccc(cc3CC1=O)N(C)C'],,,,,
14476,SA-243913,['44494477'],['CC(C)NC(=O)Nc1ccc2O[C@H](CN(C)CC3CC3)[C@H](C)CN([C@H](C)CO)C(=O)Cc2c1'],,,,,
14477,SA-243929,['44496365'],['C[C@H](CO)N1C[C@@H](C)[C@@H](CN(C)Cc2ccc(cc2)C(=O)O)Oc3ccc(cc3CC1=O)N(C)C'],,,,,
14478,SA-244237,['44483885'],['C[C@H](CO)N1C[C@@H](C)[C@@H](CN(C)C(=O)Nc2ccccc2)Oc3ccc(cc3CC1=O)N(C)C'],,,,,
14479,SA-244358,['44502578'],['C[C@H](CO)N1C[C@@H](C)[C@@H](CN(C)C(=O)Nc2ccc(F)cc2)Oc3ccc(cc3CC1=O)N(C)C'],,,,,
14480,SA-244466,['44484501'],['C[C@@H](CO)N1C[C@@H](C)[C@@H](CN(C)S(=O)(=O)c2cccs2)Oc3ccc(cc3CC1=O)N(C)C'],,,,,
14481,SA-244587,['44503242'],['C[C@H](CO)N1C[C@@H](C)[C@@H](CN(C)C(=O)Nc2ccc(cc2)C(F)(F)F)Oc3ccc(cc3CC1=O)N(C)C'],,,,,
14482,SA-245650,['44500998'],['CC(C)NC(=O)Nc1ccc2O[C@@H](CN(C)CC3CC3)[C@H](C)CN([C@H](C)CO)C(=O)Cc2c1'],,,,,
14483,SA-246522,['44503093'],['CC(C)NC(=O)Nc1ccc2O[C@H](CN(C)CC3CC3)[C@@H](C)CN([C@@H](C)CO)C(=O)Cc2c1'],,,,,
14484,SA-247384,['44506630'],['C[C@@H](CO)N1C[C@H](C)[C@@H](CN(C)Cc2ccc(cc2)C(=O)Nc3ccccc3N)Oc4ccc(cc4CC1=O)N(C)C'],,,,,
14485,SA-247508,['44506644'],['C[C@@H](CO)N1C[C@@H](C)[C@@H](CN(C)Cc2ccc(cc2)C(=O)Nc3ccccc3N)Oc4ccc(NC(=O)CCN5CCOCC5)cc4CC1=O'],,,,,
14486,SA-247582,['44508028'],['C[C@H](CO)N1C[C@@H](C)[C@@H](CN(C)Cc2ccc(cc2)C(=O)Nc3ccccc3N)Oc4ccc(NC(=O)CCC(F)(F)F)cc4CC1=O'],,,,,
14487,SA-247592,['44507283'],['C[C@@H](CO)N1C[C@@H](C)[C@@H](CN(C)Cc2ccc(cc2)C(=O)Nc3ccccc3N)Oc4ccc(NC(=O)C5CC5)cc4CC1=O'],,,,,
14488,SA-247615,['44507291'],['C[C@H](CO)N1C[C@@H](C)[C@@H](CN(C)Cc2ccc(cc2)C(=O)Nc3ccccc3N)Oc4ccc(cc4CC1=O)N(C)C'],,,,,
14489,SA-247636,['44507299'],['C[C@@H](CO)N1C[C@@H](C)[C@@H](CN(C)Cc2ccc(cc2)C(=O)Nc3ccccc3N)Oc4ccc(NC(=O)Nc5ccccc5)cc4CC1=O'],,,,,
14490,SA-247654,['44507307'],['C[C@H](CO)N1C[C@@H](C)[C@@H](CN(C)Cc2ccc(cc2)C(=O)Nc3ccccc3N)Oc4ccc(NS(=O)(=O)c5ccccc5)cc4CC1=O'],,,,,
14491,SA-247714,['44507332'],['C[C@@H](CO)N1C[C@H](C)[C@H](CN(C)Cc2ccc(cc2)C(=O)Nc3ccccc3N)Oc4ccc(cc4CC1=O)N(C)C'],,,,,
14492,SA-25547,['5337366'],['CC/1=NNC(=O)\\C1=C/c2cn(nc2c3ccc(F)cc3)c4ccccc4'],,,,,
14493,SA-3676,['2853908'],['CCN1C2C(C(=NC2Nc3ccccc13)OC)c4ccccc4'],,,,,
14494,SA-417716,['44505124'],['C[C@H](CO)N1C[C@@H](C)[C@@H](CN(C)S(=O)(=O)c2ccc3OCCCOc3c2)OCc4cnnn4CCCC1=O'],,,,,
14495,SA-418267,['44505769'],['COc1ccc(OC(=O)N(C)C[C@H]2OCc3cnnn3CCCC(=O)N(C[C@H]2C)[C@H](C)CO)cc1'],,,,,
14496,SA-418993,['44498557'],['C[C@H](CO)N1C[C@@H](C)[C@@H](CN(C)Cc2cccc(C)c2)OCc3cnnn3CCCC1=O'],,,,,
14497,SA-419010,['44505479'],['C[C@@H](CO)N1C[C@H](C)[C@@H](CN(C)Cc2ccc3OCCOc3c2)OCc4cnnn4CCCC1=O'],,,,,
14498,SA-419021,['44505239'],['C[C@@H](CO)N1C[C@H](C)[C@H](CN(C)Cc2ccc3OCCOc3c2)OCc4cnnn4CCCC1=O'],,,,,
14499,SA-419050,['44505045'],['C[C@H](CO)N1C[C@H](C)[C@@H](CN(C)Cc2ccc3OCCOc3c2)OCc4cnnn4CCCC1=O'],,,,,
14500,SA-419083,['44505047'],['C[C@H](CO)N1C[C@@H](C)[C@@H](CN(C)Cc2ccc3OCCOc3c2)OCc4cnnn4CCCC1=O'],,,,,
14501,SA-419090,['44505892'],['C[C@H](CO)N1C[C@@H](C)[C@H](CN(C)Cc2ccc3OCCOc3c2)OCc4cnnn4CCCC1=O'],,,,,
14502,SA-419172,['44505490'],['C[C@H](CO)N1C[C@@H](C)[C@@H](CN(C)Cc2ccc(O)cc2)OCc3cnnn3CCCC1=O'],,,,,
14503,SA-422830,['44488751'],['C[C@@H](CO)N1C[C@H](C)[C@H](CN(C)S(=O)(=O)c2ccc(F)cc2)OCCCC[C@H](C)Oc3ccc(NC(=O)Nc4ccccc4)cc3C1=O'],,,,,
14504,SA-423131,['44489854'],['C[C@@H](CO)N1C[C@H](C)[C@H](CN(C)C(=O)CCCN(C)C)OCCCC[C@@H](C)Oc2ccc(NS(=O)(=O)c3cccs3)cc2C1=O'],,,,,
14505,SA-423167,['44484569'],['C[C@@H](CO)N1C[C@H](C)[C@H](CN(C)S(=O)(=O)c2ccc(F)cc2)OCCCC[C@@H](C)Oc3ccc(NC(=O)Nc4ccccc4)cc3C1=O'],,,,,
14506,SA-423862,['44483932'],['CC(C)NC(=O)Nc1ccc2O[C@H](C)CCCCO[C@@H](CN(C)C(=O)Cc3ccccc3)[C@@H](C)CN([C@@H](C)CO)C(=O)c2c1'],,,,,
14507,SA-424068,['54618085'],['C[C@H](CO)N1C[C@H](C)[C@H](CN(C)S(=O)(=O)c2ccc(F)cc2)OCCCC[C@H](C)Oc3ccc(NS(=O)(=O)c4ccccc4)cc3C1=O'],,,,,
14508,SA-424170,['44618378'],['C[C@H](CO)N1C[C@H](C)[C@H](CN(C)C(=O)Cc2ccccc2)OCCCC[C@H](C)Oc3ccc(NC(=O)Nc4ccc5OCOc5c4)cc3C1=O'],,,,,
14509,SA-424233,['44620657'],['COc1ccc(cc1)S(=O)(=O)Nc2ccc3O[C@@H](C)CCCCO[C@@H](CN(C)S(=O)(=O)c4ccc(F)cc4)[C@@H](C)CN([C@H](C)CO)C(=O)c3c2'],,,,,
14510,SA-424294,['44620013'],['COc1ccc(cc1)S(=O)(=O)Nc2ccc3O[C@@H](C)CCCCO[C@@H](CN(C)C(=O)Cc4ccccc4)[C@@H](C)CN([C@H](C)CO)C(=O)c3c2'],,,,,
14511,SA-424371,['44617231'],['C[C@H](CO)N1C[C@H](C)[C@H](CN(C)C(=O)Cc2ccccc2)OCCCC[C@H](C)Oc3ccc(NS(=O)(=O)c4cccs4)cc3C1=O'],,,,,
14512,SA-424380,['54617432'],['C[C@H](CO)N1C[C@H](C)[C@H](CN(C)S(=O)(=O)c2ccc(F)cc2)OCCCC[C@H](C)Oc3ccc(NS(=O)(=O)c4ccc(C)cc4)cc3C1=O'],,,,,
14513,SA-424534,['44484592'],['C[C@H](CO)N1C[C@H](C)[C@H](CN(C)C(=O)Cc2ccccc2)OCCCC[C@H](C)Oc3ccc(NC(=O)c4ccncc4)cc3C1=O'],,,,,
14514,SA-424577,['44486991'],['C[C@H](CO)N1C[C@H](C)[C@H](CN(C)S(=O)(=O)c2ccc(F)cc2)OCCCC[C@H](C)Oc3ccc(NC(=O)Nc4ccccc4)cc3C1=O'],,,,,
14515,SA-424589,['44489864'],['C[C@H](CO)N1C[C@H](C)[C@H](CN(C)C(=O)CCCN(C)C)OCCCC[C@H](C)Oc2ccc(NS(=O)(=O)c3cccs3)cc2C1=O'],,,,,
14516,SA-424755,['54616417'],['COc1ccc(NC(=O)Nc2ccc3O[C@@H](C)CCCCO[C@@H](CN(C)S(=O)(=O)c4ccc(F)cc4)[C@@H](C)CN([C@H](C)CO)C(=O)c3c2)cc1'],,,,,
14517,SA-424763,['44494528'],['C[C@H](CO)N1C[C@H](C)[C@H](CN(C)CC2CC2)OCCCC[C@H](C)Oc3ccc(NC(=O)Nc4ccccc4)cc3C1=O'],,,,,
14518,SA-424764,['44486995'],['C[C@H](CO)N1C[C@H](C)[C@H](CN(C)Cc2ccncc2)OCCCC[C@H](C)Oc3ccc(NC(=O)Nc4ccccc4)cc3C1=O'],,,,,
14519,SA-424827,['54615019'],['CC(C)NC(=O)Nc1ccc2O[C@@H](C)CCCCO[C@@H](CN(C)C(=O)NC(C)C)[C@@H](C)CN([C@H](C)CO)C(=O)c2c1'],,,,,
14520,SA-424828,['44489338'],['CC(C)NC(=O)Nc1ccc2O[C@@H](C)CCCCO[C@@H](CN(C)C(=O)Cc3ccccc3)[C@@H](C)CN([C@H](C)CO)C(=O)c2c1'],,,,,
14521,SA-424936,['44483957'],['C[C@@H](CO)N1C[C@@H](C)[C@@H](CN(C)C(=O)CCCN(C)C)OCCCC[C@H](C)Oc2ccc(NS(=O)(=O)c3cccs3)cc2C1=O'],,,,,
14522,SA-425500,['44498587'],['C[C@@H](CO)N1C[C@@H](C)[C@@H](CN(C)CC2CCCCC2)OCCCC[C@H](C)Oc3ccc(NC(=O)Nc4ccc(cc4)C(F)(F)F)cc3C1=O'],,,,,
14523,SA-425929,['44489343'],['CC(C)NC(=O)Nc1ccc2O[C@@H](C)CCCCO[C@H](CN(C)C(=O)Cc3ccccc3)[C@H](C)CN([C@@H](C)CO)C(=O)c2c1'],,,,,
14524,SA-426029,['44488194'],['CC(C)NC(=O)Nc1ccc2O[C@H](C)CCCCO[C@H](CN(C)C(=O)Cc3ccccc3)[C@H](C)CN([C@@H](C)CO)C(=O)c2c1'],,,,,
14525,SA-426799,['54614981'],['CC(C)NC(=O)N(C)C[C@H]1OCCCC[C@H](C)Oc2ccc(NC(=O)C3CCCCC3)cc2C(=O)N(C[C@H]1C)[C@H](C)CO'],,,,,
14526,SA-427069,['44616591'],['COc1ccc(cc1)S(=O)(=O)N(C)C[C@H]2OCCCC[C@H](C)Oc3ccc(NC(=O)Nc4ccc(cc4)C(F)(F)F)cc3C(=O)N(C[C@H]2C)[C@H](C)CO'],,,,,
14527,SA-427137,['44618017'],['C[C@H](CO)N1C[C@@H](C)[C@@H](CN(C)Cc2ccc(cc2)C(F)(F)F)OCCCC[C@H](C)Oc3ccc(NC(=O)Nc4ccc(cc4)C(F)(F)F)cc3C1=O'],,,,,
14528,SA-427228,['44616738'],['C[C@H](CO)N1C[C@@H](C)[C@@H](CN(C)CC2CCCCC2)OCCCC[C@H](C)Oc3ccc(cc3C1=O)N(C)C'],,,,,
14529,SA-427543,['44492098'],['C[C@H](CO)N1C[C@@H](C)[C@@H](CN(C)C(=O)CCCN(C)C)OCCCC[C@H](C)Oc2ccc(NS(=O)(=O)c3cccs3)cc2C1=O'],,,,,
14530,SA-427604,['44620034'],['C[C@H](CO)N1C[C@@H](C)[C@@H](CN(C)S(=O)(=O)c2ccc(Cl)cc2)OCCCC[C@H](C)Oc3ccc(NC(=O)Nc4ccc(cc4)C(F)(F)F)cc3C1=O'],,,,,
14531,SA-427636,['44616599'],['COc1ccc(NC(=O)Nc2ccc3O[C@@H](C)CCCCO[C@H](CN(C)CC4CCCCC4)[C@H](C)CN([C@H](C)CO)C(=O)c3c2)cc1'],,,,,
14532,SA-427730,['54615594'],['C[C@H](CO)N1C[C@@H](C)[C@@H](CN(C)CC2CCCCC2)OCCCC[C@H](C)Oc3ccc(NS(=O)(=O)c4cccs4)cc3C1=O'],,,,,
14533,SA-432137,['44491516'],['CC(C)NC(=O)Nc1ccc2O[C@@H](C)CCCCO[C@@H](CN(C)C(=O)Cc3ccccc3)[C@H](C)CN([C@@H](C)CO)C(=O)c2c1'],,,,,
14534,SA-432998,['44490413'],['C[C@@H](CO)N1C[C@@H](C)[C@H](CN(C)C(=O)CCCN(C)C)OCCCC[C@@H](C)Oc2ccc(NS(=O)(=O)c3cccs3)cc2C1=O'],,,,,
14535,SA-433965,['49843139'],['CC(C)NC(=O)N(C)C[C@@H]1OCCCC[C@H](C)Oc2ccc(NC(=O)C3CCCCC3)cc2C(=O)N(C[C@H]1C)[C@H](C)CO'],,,,,
14536,SA-434027,['54614984'],['CC(C)NC(=O)N(C)C[C@@H]1OCCCC[C@@H](C)Oc2ccc(NC(=O)C3CCCCC3)cc2C(=O)N(C[C@H]1C)[C@H](C)CO'],,,,,
14537,SA-440772,['44495084'],['CC(C)NC(=O)Nc1ccc2O[C@@H](CN(C)S(=O)(=O)c3c(C)noc3C)[C@H](C)CN([C@@H](C)CO)C(=O)Cc2c1'],,,,,
14538,SA-440832,['44487597'],['C[C@@H](CO)N1C[C@@H](C)[C@H](CN(C)CC2CC2)Oc3ccc(NC(=O)Nc4ccccc4)cc3CC1=O'],,,,,
14539,SA-440968,['54613797'],['C[C@@H](CO)N1C[C@@H](C)[C@H](CN(C)CC2CC2)Oc3ccc(NC(=O)C4CCCCC4)cc3CC1=O'],,,,,
14540,SA-441092,['54614219'],['C[C@@H](CO)N1C[C@@H](C)[C@H](CN(C)CC2CC2)Oc3ccc(NC(=O)NC4CCCCC4)cc3CC1=O'],,,,,
14541,SA-441145,['44616431'],['CC(C)NC(=O)Nc1ccc2O[C@@H](CN(C)S(=O)(=O)c3ccccc3)[C@H](C)CN([C@@H](C)CO)C(=O)Cc2c1'],,,,,
14542,SA-441181,['54614567'],['CC(C)NC(=O)Nc1ccc2O[C@@H](CN(C)C(=O)Nc3ccc4OCOc4c3)[C@H](C)CN([C@@H](C)CO)C(=O)Cc2c1'],,,,,
14543,SA-441350,['49843099'],['CC(C)NC(=O)Nc1ccc2O[C@@H](CN(C)C(=O)NC(C)C)[C@H](C)CN([C@@H](C)CO)C(=O)Cc2c1'],,,,,
14544,SA-441412,['54613931'],['CC(C)NC(=O)Nc1ccc2O[C@@H](CN(C)CC3CC3)[C@H](C)CN([C@@H](C)CO)C(=O)Cc2c1'],,,,,
14545,SA-441487,['44616686'],['COc1ccc(NC(=O)N(C)C[C@@H]2Oc3ccc(NC(=O)NC(C)C)cc3CC(=O)N(C[C@H]2C)[C@@H](C)CO)cc1'],,,,,
14546,SA-792709,['130325'],['CC(C)(C)c1cc(cc(c1)C(C)(C)C)C(=O)C=Cc2ccc(cc2)C(=O)O'],,,,,
14547,SA-83851,['44493156'],['C[C@H](CO)N1C[C@H](C)[C@@H](CN(C)Cc2ccc(cc2)c3ccccc3)Oc4ccc(NC(=O)CCN5CCOCC5)cc4C1=O'],,,,,
14548,SA-84512,['44488817'],['C[C@H](CO)N1C[C@H](C)[C@@H](CN(C)Cc2ccc3OCOc3c2)Oc4ccc(NC(=O)Cc5cn(C)c6ccccc56)cc4C1=O'],,,,,
14549,SA-84869,['44492693'],['C[C@@H](CO)N1C[C@@H](C)[C@H](CN(C)Cc2ccc(Oc3ccccc3)cc2)Oc4ccc(NC(=O)Cc5cn(C)c6ccccc56)cc4C1=O'],,,,,
14550,SA-84902,['44489454'],['C[C@@H](CO)N1C[C@@H](C)[C@H](CN(C)Cc2ccc(cc2)c3ccccc3)Oc4ccc(NC(=O)CCN5CCOCC5)cc4C1=O'],,,,,
14551,SA-84905,['44488857'],['C[C@@H](CO)N1C[C@@H](C)[C@H](CN(C)Cc2ccc3OCOc3c2)Oc4ccc(NS(=O)(=O)c5ccc(Cl)cc5)cc4C1=O'],,,,,
14552,SA-85148,['44488330'],['C[C@@H](CO)N1C[C@@H](C)[C@H](CN(C)Cc2ccc3OCOc3c2)Oc4ccc(NC(=O)C5CC5)cc4C1=O'],,,,,
14553,SA-85268,['44487652'],['C[C@@H](CO)N1C[C@@H](C)[C@H](CN(C)S(=O)(=O)C)Oc2ccc(NC(=O)Cc3cn(C)c4ccccc34)cc2C1=O'],,,,,
14554,SA-85290,['44485243'],['C[C@@H](CO)N1C[C@@H](C)[C@H](CN(C)C(=O)NC2CCCCC2)Oc3ccc(NC(=O)Cc4cn(C)c5ccccc45)cc3C1=O'],,,,,
14555,SA-85377,['44487665'],['C[C@@H](CO)N1C[C@@H](C)[C@H](CN(C)CC2CCCCC2)Oc3ccc(NC(=O)Cc4cn(C)c5ccccc45)cc3C1=O'],,,,,
14556,SA-85764,['44484010'],['C[C@H](CO)N1C[C@@H](C)[C@H](CN(C)Cc2ccc(cc2)c3ccccc3)Oc4ccc(NC(=O)CCN5CCOCC5)cc4C1=O'],,,,,
14557,SA-85901,['44483393'],['C[C@H](CO)N1C[C@@H](C)[C@H](CN(C)Cc2ccc3OCOc3c2)Oc4ccc(NC(=O)Cc5cn(C)c6ccccc56)cc4C1=O'],,,,,
14558,SA-86418,['44485323'],['C[C@@H](CO)N1C[C@H](C)[C@H](CN(C)Cc2ccc(cc2)C(F)(F)F)Oc3ccc(NC(=O)CCN4CCOCC4)cc3C1=O'],,,,,
14559,SA-88642,['44487898'],['C[C@@H](CO)N1C[C@@H](C)[C@@H](CN(C)Cc2ccc(cc2)c3ccccc3)Oc4ccc(NC(=O)CCN5CCOCC5)cc4C1=O'],,,,,
14560,SA-89068,['44488994'],['C[C@@H](CO)N1C[C@@H](C)[C@@H](CN(C)Cc2ccc3OCOc3c2)Oc4ccc(NC(=O)Cc5cn(C)c6ccccc56)cc4C1=O'],,,,,
14561,SA-89210,['44489582'],['C[C@H](CO)N1C[C@@H](C)[C@@H](CN(C)Cc2ccc(cc2)c3ccccc3)Oc4ccc(NC(=O)CCN5CCOCC5)cc4C1=O'],,,,,
14562,SA-89705,['44487334'],['C[C@@H](CO)N1C[C@H](C)[C@H](CN(C)Cc2ccc(cc2)c3ccccc3)Oc4ccc(NS(=O)(=O)c5cccs5)cc4C1=O'],,,,,
14563,SA-89735,['44484798'],['C[C@@H](CO)N1C[C@H](C)[C@H](CN(C)C(=O)Nc2ccccc2)Oc3ccc(NC(=O)CCN4CCOCC4)cc3C1=O'],,,,,
14564,SA-89763,['44500663'],['C[C@@H](CO)N1C[C@H](C)[C@H](CN(C)S(=O)(=O)c2cn(C)cn2)Oc3ccc(NC(=O)CCN4CCOCC4)cc3C1=O'],,,,,
14565,SA-90024,['44484222'],['COc1ccc(cc1)S(=O)(=O)Nc2ccc3O[C@@H](CN(C)Cc4ccc(cc4)c5ccccc5)[C@@H](C)CN([C@@H](C)CO)C(=O)c3c2'],,,,,
14566,SA-90030,['44484225'],['COc1ccc(NC(=O)Nc2ccc3O[C@@H](CN(C)Cc4ccc(cc4)c5ccccc5)[C@@H](C)CN([C@@H](C)CO)C(=O)c3c2)cc1'],,,,,
14567,SA-90153,['44484239'],['C[C@@H](CO)N1C[C@H](C)[C@H](CN(C)Cc2ccc(cc2)c3ccccc3)Oc4ccc(NC(=O)Cc5cn(C)c6ccccc56)cc4C1=O'],,,,,
14568,SA-90377,['44493394'],['C[C@@H](CO)N1C[C@H](C)[C@H](CN(C)Cc2ccc(cc2)c3ccccc3)Oc4ccc(NC(=O)CCN5CCOCC5)cc4C1=O'],,,,,
14569,SA-90471,['44492894'],['C[C@@H](CO)N1C[C@H](C)[C@H](CN(C)S(=O)(=O)c2ccccc2)Oc3ccc(NC(=O)CCN4CCOCC4)cc3C1=O'],,,,,
14570,SA-90544,['44484295'],['C[C@@H](CO)N1C[C@H](C)[C@H](CN(C)Cc2ccc(Cl)c(Cl)c2)Oc3ccc(NC(=O)CCN4CCOCC4)cc3C1=O'],,,,,
14571,SA-94315,['44488016'],['COc1ccc(cc1)S(=O)(=O)N(C)C[C@H]2Oc3c(NC(=O)Nc4cccc5ccccc45)cccc3C(=O)N(C[C@@H]2C)[C@@H](C)CO'],,,,,
14572,SA-96805,['44497527'],['C[C@H](CO)N1C[C@@H](C)[C@@H](CN(C)Cc2ccc(Cl)c(Cl)c2)Oc3c(NC(=O)Nc4cccc5ccccc45)cccc3C1=O'],,,,,
14573,SA-96816,['44494782'],['C[C@H](CO)N1C[C@@H](C)[C@@H](CN(C)C(=O)Nc2ccccc2)Oc3c(NC(=O)Nc4cccc5ccccc45)cccc3C1=O'],,,,,
14574,SA-96835,['44498994'],['COc1ccc(cc1)S(=O)(=O)N(C)C[C@H]2Oc3c(NS(=O)(=O)c4ccc(Cl)cc4)cccc3C(=O)N(C[C@H]2C)[C@H](C)CO'],,,,,
14575,SA-97110,['44498015'],['C[C@H](CO)N1C[C@@H](C)[C@@H](CN(C)S(=O)(=O)c2ccc(F)cc2)Oc3c(NC(=O)Nc4cccc5ccccc45)cccc3C1=O'],,,,,
14576,SA-97259,['44500706'],['COc1ccc(cc1)S(=O)(=O)N(C)C[C@H]2Oc3c(NC(=O)Nc4ccccc4)cccc3C(=O)N(C[C@H]2C)[C@H](C)CO'],,,,,
14577,SA-97343,['44491382'],['COc1ccc(cc1)S(=O)(=O)N(C)C[C@H]2Oc3c(NC(=O)C4CCOCC4)cccc3C(=O)N(C[C@H]2C)[C@H](C)CO'],,,,,
14578,SA-97378,['44494796'],['CC(C)NC(=O)N(C)C[C@H]1Oc2c(NC(=O)Nc3cccc4ccccc34)cccc2C(=O)N(C[C@H]1C)[C@H](C)CO'],,,,,
14579,SAL-1,['5372720'],['O=c1[nH]c(=O)c2nc3ccccc3nc2[nH]1'],,,,,
14580,SANT-1,['6878030'],['Cc1nn(c(C)c1C=NN2CCN(Cc3ccccc3)CC2)c4ccccc4'],Preclinical,smoothened receptor antagonist,SHH|SMO,,
14581,SAR-245408,['52914932'],['Cc1ccc(cc1)S(=O)(=O)Nc1nc2ccccc2nc1Nc1cccc2nsnc12'],,,,,
14582,SAR-245409,['49867926'],['COc1cc(Nc2nc3ccccc3nc2NS(=O)(=O)c2ccc(NC(=O)c3ccc(C)c(OC)c3)cc2)cc(OC)c1'],Phase 1/Phase 2,PI3K inhibitor,MTOR|PIK3CG,,
14583,SB-200646,['126769'],['Cn1ccc2cc(NC(=O)Nc3cccnc3)ccc12'],Preclinical,serotonin receptor antagonist,HTR2B|HTR2C,,
14584,SB-202190,['5353940'],['Oc1ccc(cc1)-c1nc(c([nH]1)-c1ccncc1)-c1ccc(F)cc1'],Preclinical,p38 MAPK inhibitor,AKT1|ALOX5|CHEK1|GSK3B|LCK|MAPK1|MAPK11|MAPK12|MAPK14|MAPK8|PRKCA|ROCK1|RPS6KB1|SGK1,,
14585,SB-203186,['3272300'],['O=C(OCCN1CCCCC1)c1c[nH]c2ccccc12'],Preclinical,serotonin receptor antagonist,HTR4,,
14586,SB-203580,['176155'],['CS(=O)C1=CC=C(C=C1)C2=NC(=C(N2)C3=CC=NC=C3)C4=CC=C(C=C4)F'],Preclinical,p38 MAPK inhibitor,AKT1|ALOX5|CHEK1|CYP2D6|CYP3A4|GAK|GSK3B|LCK|MAPK1|MAPK10|MAPK11|MAPK12|MAPK14|MAPK8|MAPK9|PRKCA|RAF1|RIPK2|ROCK1|RPS6KB1|SGK1|SRC|TNF,,
14587,SB-205384,['197690'],['CC#CCOC(=O)c1c(C)nc2sc3CC(O)CCc3c2c1N'],Preclinical,GABA receptor modulator,GABRA3|GABRA5|GABRA6,,
14588,SB-205607,"['23581823', '3277599']","['CN1CCC2(Cc3nc4ccccc4cc3CC2C1)c5cccc(O)c5', 'CN1CC[C@@]2(Cc3nc4ccccc4cc3C[C@H]2C1)c1cccc(O)c1']",,,,,
14589,SB-206553,['5163'],['Cn1ccc2cc3N(CCc3cc12)C(=O)Nc1cccnc1'],Preclinical,serotonin receptor antagonist,HTR2A|HTR2B|HTR2C,,
14590,SB-216641,['3292447'],['COc1ccc(NC(=O)c2ccc(cc2)-c2ccc(cc2C)-c2noc(C)n2)cc1OCCN(C)C'],Preclinical,serotonin receptor antagonist,HTR1A|HTR1B|HTR1D|HTR2A|HTR2B|HTR2C,,
14591,SB-216763,['176158'],['Cn1cc(C2=C(C(=O)NC2=O)c2ccc(Cl)cc2Cl)c2ccccc12'],Preclinical,glycogen synthase kinase inhibitor,CCNA2|CDK2|GSK3A|GSK3B,,
14592,SB-218078,['3387354'],['O=C1NC(=O)c2c1c1c3ccccc3n3C4CCC(O4)n4c5ccccc5c2c4c13'],Preclinical,CHK inhibitor,CHEK1,,
14593,SB-218795,['6604858'],['COC(=O)[C@H](NC(=O)c1cc(nc2ccccc12)-c1ccccc1)c1ccccc1'],Preclinical,tachykinin antagonist,TACR3,,
14594,SB-221284,['443389'],['CSc1cc2CCN(C(=O)Nc3cccnc3)c2cc1C(F)(F)F'],Preclinical,serotonin receptor antagonist,HTR2A|HTR2B|HTR2C,,
14595,SB-222200,['6604009'],['CC[C@H](NC(=O)c1c(C)c(nc2ccccc12)-c1ccccc1)c1ccccc1'],Preclinical,tachykinin antagonist,TACR3,,
14596,SB-225002,['3854666'],['Oc1cc(ccc1NC(=O)Nc1ccccc1Br)[N+]([O-])=O'],Preclinical,CC chemokine receptor antagonist,CXCR2,,
14597,SB-239063,['5166'],['COC1=NC=CC(=N1)C2=C(N=CN2C3CCC(CC3)O)C4=CC=C(C=C4)F'],Preclinical,p38 MAPK inhibitor,MAPK11|MAPK14|PTGS2,,
14598,SB-258585,['3248571'],['COc1ccc(NS(=O)(=O)c2ccc(I)cc2)cc1N1CCN(C)CC1'],Preclinical,serotonin receptor antagonist,HTR6,,
14599,SB-269970,['11957684'],['CC1CCN(CC[C@H]2CCCN2S(=O)(=O)c2cccc(O)c2)CC1'],Preclinical,serotonin receptor antagonist,HTR7,,
14600,SB-334867,['6604926'],['Cc1nc2ccc(NC(=O)Nc3ccnc4cccnc34)cc2o1'],Preclinical,orexin receptor antagonist,HCRTR1|HCRTR2,,
14601,SB-366791,['667594'],['COc1cccc(NC(=O)C=Cc2ccc(Cl)cc2)c1'],Preclinical,TRPV antagonist,TRPV1,,
14602,SB-408124,['4331799'],['CN(C)c1ccc(NC(=O)Nc2cc(C)nc3c(F)cc(F)cc23)cc1'],Preclinical,orexin receptor antagonist,HCRTR1|HCRTR2,,
14603,SB-415286,['4210951'],['Oc1ccc(NC2=C(C(=O)NC2=O)c2ccccc2[N+]([O-])=O)cc1Cl'],Preclinical,glycogen synthase kinase inhibitor,GSK3A|GSK3B|RPS6KB1,,
14604,SB-431542,['4521392'],['NC(=O)c1ccc(cc1)-c1nc(c([nH]1)-c1ccccn1)-c1ccc2OCOc2c1'],Preclinical,TGF beta receptor inhibitor,ACVR1C|TGFBR1,,
14605,SB-525334,['9967941'],['Cc1cccc(n1)-c1[nH]c(nc1-c1ccc2nccnc2c1)C(C)(C)C'],Preclinical,TGF beta receptor inhibitor,TGFBR1,,
14606,SB-590885,['11316960'],['CN(C)CCOc1ccc(cc1)-c1nc(c([nH]1)-c1ccc2c(CC\\C2=N\\O)c1)-c1ccncc1'],Preclinical,RAF inhibitor,BRAF,,
14607,SC-10,['5175'],['CCCCCCCNS(=O)(=O)c1cccc2c(Cl)cccc12'],Preclinical,protein kinase activator,PRKCA,,
14608,SC-19220,['4336830'],['CC(=O)NNC(=O)N1Cc2ccccc2Oc2ccc(Cl)cc12'],Preclinical,prostanoid receptor antagonist,PTGER1,,
14609,SC-560,['4306515'],['COc1ccc(cc1)-n1nc(cc1-c1ccc(Cl)cc1)C(F)(F)F'],Preclinical,cyclooxygenase inhibitor,PTGS1,,
14610,SC-68376,['5174'],['Cc1nc(c(o1)c2ccncc2)c3ccccc3'],,,,,
14611,SC-9,['124172'],['Clc1cccc2c(cccc12)S(=O)(=O)NCCCCCCc1ccccc1'],Preclinical,protein tyrosine kinase activator,PRKCA,,
14612,SCH-23390,['11957535'],['CN1CCc2cc(Cl)c(O)cc2[C@H](C1)c1ccccc1'],Preclinical,dopamine receptor antagonist,DRD1|DRD5|HTR2C|KCNJ4|KCNJ6,,
14613,SCH-28080,['108137'],['Cc1nc2c(OCc3ccccc3)cccn2c1CC#N'],Phase 1,ATPase inhibitor,ATP4A,,
14614,SCH-442416,['10668061'],['COc1ccc(CCCn2ncc3c4nc(nn4c(N)nc23)c5ccco5)cc1'],,,,,
14615,SCH-58261,['176408'],['Nc1nc2n(CCc3ccccc3)ncc2c2nc(nn12)-c1ccco1'],Preclinical,adenosine receptor antagonist,ADORA1|ADORA2A|ADORA2B|ADORA3,,
14616,SCH-79797,['4259181'],['CC(C)c1ccc(Cn2ccc3c2ccc4nc(NC5CC5)nc(N)c34)cc1'],,,,,
14617,SD-169,['14973220'],['NC(=O)c1ccc2[nH]ccc2c1'],Preclinical,p38 MAPK inhibitor,MAPK14,,
14618,SD-6-035-A1,['44618423'],['C[C@@H](CO)N1C[C@H](C)[C@@H](CN(C)Cc2ccc3OCOc3c2)OCCCC[C@H](C)Oc4ccc(cc4C1=O)N(C)C'],,,,,
14619,SD-6-035-A10,['49843158'],['C[C@@H](CO)N1C[C@H](C)[C@H](CN(C)Cc2ccc3OCOc3c2)OCCCC[C@@H](C)Oc4ccc(cc4C1=O)N(C)C'],,,,,
14620,SD-6-035-A11,['49843318'],['C[C@H](CO)N1C[C@H](C)[C@H](CN(C)Cc2ccc3OCOc3c2)OCCCC[C@H](C)Oc4ccc(cc4C1=O)N(C)C'],,,,,
14621,SD-6-035-A12,['46903876'],['C[C@@H](CO)N1C[C@@H](C)[C@@H](CN(C)Cc2ccc3OCOc3c2)OCCCC[C@H](C)Oc4ccc(cc4C1=O)N(C)C'],,,,,
14622,SD-6-035-A2,['49842983'],['C[C@@H](CO)N1C[C@H](C)[C@@H](CN(C)Cc2ccc3OCOc3c2)OCCCC[C@@H](C)Oc4ccc(cc4C1=O)N(C)C'],,,,,
14623,SD-6-035-A3,['49843054'],['C[C@H](CO)N1C[C@H](C)[C@@H](CN(C)Cc2ccc3OCOc3c2)OCCCC[C@H](C)Oc4ccc(cc4C1=O)N(C)C'],,,,,
14624,SD-6-035-A4,['46925839'],['C[C@@H](CO)N1C[C@@H](C)[C@H](CN(C)Cc2ccc3OCOc3c2)OCCCC[C@H](C)Oc4ccc(cc4C1=O)N(C)C'],,,,,
14625,SD-6-035-A6,['46925828'],['C[C@H](CO)N1C[C@@H](C)[C@H](CN(C)Cc2ccc3OCOc3c2)OCCCC[C@H](C)Oc4ccc(cc4C1=O)N(C)C'],,,,,
14626,SD-6-035-A7,['44618204'],['C[C@H](CO)N1C[C@@H](C)[C@H](CN(C)Cc2ccc3OCOc3c2)OCCCC[C@@H](C)Oc4ccc(cc4C1=O)N(C)C'],,,,,
14627,SD-6-035-A8,['44497649'],['C[C@H](CO)N1C[C@H](C)[C@@H](CN(C)Cc2ccc3OCOc3c2)OCCCC[C@@H](C)Oc4ccc(cc4C1=O)N(C)C'],,,,,
14628,SD-6-035-A9,['44620122'],['C[C@@H](CO)N1C[C@H](C)[C@H](CN(C)Cc2ccc3OCOc3c2)OCCCC[C@H](C)Oc4ccc(cc4C1=O)N(C)C'],,,,,
14629,SD-6-035-B1,['44498186'],['C[C@@H](CO)N1C[C@@H](C)[C@@H](CN(C)Cc2ccc3OCOc3c2)OCCCC[C@@H](C)Oc4ccc(cc4C1=O)N(C)C'],,,,,
14630,SD-6-035-B2,['49843144'],['C[C@H](CO)N1C[C@@H](C)[C@@H](CN(C)Cc2ccc3OCOc3c2)OCCCC[C@H](C)Oc4ccc(cc4C1=O)N(C)C'],,,,,
14631,SD-6-035-B3,['44497312'],['C[C@H](CO)N1C[C@@H](C)[C@@H](CN(C)Cc2ccc3OCOc3c2)OCCCC[C@@H](C)Oc4ccc(cc4C1=O)N(C)C'],,,,,
14632,SD-6-035-B4,['44502953'],['C[C@H](CO)N1C[C@H](C)[C@H](CN(C)Cc2ccc3OCOc3c2)OCCCC[C@@H](C)Oc4ccc(cc4C1=O)N(C)C'],,,,,
14633,SD-8-005,['44493137'],['C[C@@H](CO)N1C[C@@H](C)[C@@H](CN(C)S(=O)(=O)c2ccccc2)OCCCC[C@@H](C)Oc3ccc(NC(=O)CCCN(C)C)cc3C1=O'],,,,,
14634,SD-8-006,['44492086'],['C[C@@H](CO)N1C[C@@H](C)[C@@H](CN(C)C(=O)CCC(F)(F)F)OCCCC[C@@H](C)Oc2ccc(NS(=O)(=O)c3ccccc3)cc2C1=O'],,,,,
14635,SDM-25N,['16741282'],['CC(=C)CN1CC[C@@]23[C@H]4Oc5c2c(CC1[C@]3(O)Cc1c4[nH]c2ccccc12)ccc5O'],,,,,
14636,SDZ-205-557,['5191'],['CCN(CC)CCOC(=O)c1cc(Cl)c(N)cc1OC'],Preclinical,serotonin receptor antagonist,HTR3A|HTR3B,,
14637,SDZ-21009,['193949'],['CC(C)OC(=O)c1cc2c(OCC(O)CNC(C)(C)C)cccc2[nH]1'],Preclinical,adrenergic receptor antagonist|serotonin receptor antagonist,HTR1A|HTR1B,,
14638,SDZ-NKT-343,['44208964'],['CN(Cc1ccccc1)C(=O)C(Cc2ccc3ccccc3c2)NC(=O)C4CCCN4C(=O)Nc5ccccc5[N+](=O)[O-]'],Phase 1,tachykinin antagonist,TACR1,,
14639,SDZ-WAG-994,['18755269'],['COC1C(O)C(CO)OC1n2cnc3c(NC4CCCCC4)ncnc23'],Phase 2,adenosine receptor agonist,ADORA1,,
14640,SEW-00445,['2739070'],['CCOC(=O)c1n[nH]c(=S)[nH]c1=O'],,,,,
14641,SEW-05685,['5703601'],['Cc1oc(N)c(c1C)S(=O)(=O)/C(=C/c2cc(Cl)cc(Cl)c2)/C#N'],,,,,
14642,SEW-2871,['4077460'],['FC(F)(F)c1sc(cc1-c1ccccc1)-c1nc(no1)-c1cccc(c1)C(F)(F)F'],Preclinical,lysophospholipid receptor agonist,S1PR1,,
14643,SGX523,['24779724'],['Cn1cc(cn1)-c1ccc2nnc(Sc3ccc4ncccc4c3)n2n1'],Phase 1,hepatocyte growth factor receptor inhibitor,MET,,
14644,SIB-1508Y,['133106'],['CN1CCCC1c1cncc(c1)C#C'],,,,,
14645,SIB-1553A,['5310968'],['CN1CCCC1CCSc1ccc(O)cc1'],Phase 2,acetylcholine receptor agonist,CHRNB4,,
14646,SIB-1757,['6304902'],['Cc1ccc(O)c(N=Nc2ccccc2)n1'],Preclinical,glutamate receptor antagonist,GRM5,,
14647,SIB-1893,['5311432'],['Cc1cccc(C=Cc2ccccc2)n1'],Preclinical,glutamate receptor antagonist,GRM4|GRM5,,
14648,SID-26681509,['44456237'],['CCc1ccccc1NC(=O)CSC(=O)NNC(=O)[C@@H](Cc2c[nH]c3ccccc23)NC(=O)OC(C)(C)C'],,,,,
14649,SJ-172550,['1317466'],['CCOc1cc(cc(Cl)c1OCC(=O)OC)\\C=C1C(=O)N(N=C/1C)c1ccccc1'],Preclinical,MDM inhibitor,MDM4,,
14650,SJB-AF-2,['1505784'],['Clc1cccc(c1)C(=O)N1CCN(CC1)c1ccnc2cc(Cl)ccc12'],,,,,
14651,SJB-shh-31,['25109985'],['Clc1ccc(CNC(=O)C[C@@H]2C\\C=C\\CCC(=O)O[C@@H](CNC2=O)c2ccccc2)cc1'],,,,,
14652,SK-383933,['6852375'],['Oc1cc2CCNC[C@H](c3ccccc3)c2cc1O'],,,,,
14653,SKF-104078,['122295'],['CN1CCc2c(Cl)ccc(OCC=C(C)C)c2CC1'],,,,,
14654,SKF-77434,['11957703'],['Oc1cc2CCN(CC=C)CC(c3ccccc3)c2cc1O'],Preclinical,dopamine receptor agonist,DRD1,,
14655,SKF-81297,['11957706'],['Oc1cc2C(CNCCc2c(Cl)c1O)c1ccccc1'],Preclinical,dopamine receptor agonist,DRD1|DRD5,,
14656,SKF-82958,['1225'],['Oc1cc2C(CN(CC=C)CCc2c(Cl)c1O)c3ccccc3'],,,,,
14657,SKF-83566,['1243'],['CN1CCc2cc(Br)c(O)cc2C(C1)c1ccccc1'],Preclinical,dopamine receptor antagonist,DRD1|DRD5,,
14658,SKF-83822,['10020353'],['Cc1cccc(c1)C2CN(CC=C)CCc3c(Cl)c(O)c(O)cc23'],,,,,
14659,SKF-83959,['11957685'],['CN1CCc2c(Cl)c(O)c(O)cc2C(C1)c3cccc(C)c3'],,,,,
14660,SKF-86002,['5228'],['Fc1ccc(cc1)-c1nc2SCCn2c1-c1ccncc1'],Preclinical,p38 MAPK inhibitor,ALOX5|MAPK14,,
14661,SKF-89976A,['92409'],['OC(=O)C1CCCN(CCC=C(c2ccccc2)c2ccccc2)C1'],Preclinical,GABA uptake inhibitor,SLC6A1,,
14662,SKF-96365,['104955'],['COc1ccc(CCCOC(Cn2ccnc2)c2ccc(OC)cc2)cc1'],Preclinical,calcium channel blocker,CYP3A4|PKD2|TRPC1|TRPC3|TRPC4|TRPC5|TRPV2,,
14663,SKI-II,['753704'],['Oc1ccc(Nc2nc(cs2)-c2ccc(Cl)cc2)cc1'],Preclinical,sphingosine kinase inhibitor,SPHK1,,
14664,SN-38,['4014291'],['CCc1c2Cn3c(cc4c(COC(=O)C4(O)CC)c3=O)-c2nc5ccc(O)cc15'],Launched,topoisomerase inhibitor,TOP1,oncology,colorectal cancer
14665,SNS-314,['24995524'],['Clc1cccc(NC(=O)Nc2ncc(CCNc3ncnc4ccsc34)s2)c1'],Phase 1,Aurora kinase inhibitor,AURKA|AURKB|AURKC,,
14666,SPB02137,['2743956'],['Clc1ccc(cc1)C(=O)NNC(=O)c2csc(n2)c3cccs3'],,,,,
14667,SPB02303,['2744062'],['Cc1nc(cs1)C(=O)NNC(=O)c2ccc(Cl)cc2'],,,,,
14668,SQ-22536,['5270'],['Nc1ncnc2n(cnc12)C1CCCO1'],Preclinical,adenylyl cyclase inhibitor,ADCY1,,
14669,SQ-29548,"['16759359', '44284806', '5271', '5311448', '5353960', '6437074', '73354171']",['OC(=O)CCC/C=C\\CC1C(CNNC(=O)Nc2ccccc2)C3CCC1O3'],,,,,
14670,SR-12813,['446313'],['CCOP(=O)(OCC)C(=Cc1cc(c(O)c(c1)C(C)(C)C)C(C)(C)C)P(=O)(OCC)OCC'],,,,,
14671,SR-142948,['5311451'],['COc1cccc(OC)c1c2cc(nn2c3ccc(cc3C(C)C)C(=O)N(C)CCCN(C)C)C(=O)NC4(C5CC6CC(C5)CC4C6)C(=O)O'],,,,,
14672,SR-144528,['73707587'],['Cc1ccc(Cn2nc(cc2-c2ccc(Cl)c(C)c2)C(=O)N[C@H]2[C@]3(C)CC[C@H](C3)C2(C)C)cc1'],,,,,
14673,SR-147778,['9849616'],['CCc1c(nn(c1-c1ccc(Br)cc1)-c1ccc(Cl)cc1Cl)C(=O)NN1CCCCC1'],,,,,
14674,SR-27897,['122077'],['OC(=O)Cn1c(cc2ccccc12)C(=O)Nc1nc(cs1)-c1ccccc1Cl'],Phase 2,CCK receptor antagonist,CCKAR,,
14675,SR-48692,['119192'],['COc1cccc(OC)c1-c1cc(nn1-c1ccnc2cc(Cl)ccc12)C(=O)NC1(C2CC3CC(C2)CC1C3)C(O)=O'],,,,,
14676,SR-57227A,['131746'],['NC1CCN(CC1)c1cccc(Cl)n1'],Phase 2,serotonin receptor agonist,HTR3A,,
14677,SR-59230A,['5311452'],['CCc1ccccc1OC[C@@H](O)CN[C@H]1CCCc2ccccc12'],Preclinical,adrenergic receptor antagonist,ADRB1|ADRB2|ADRB3,,
14678,SR-95639A,['195165'],['C(CN1CCOCC1)Nc1cc2CCCc3ccccc3-c2nn1'],Preclinical,acetylcholine receptor agonist,CHRM1,,
14679,SRC-kinase-inhibitor-I,['1474853'],['COc1cc2ncnc(Nc3ccc(Oc4ccccc4)cc3)c2cc1OC'],Preclinical,SRC inhibitor,CSK|LCK|RIPK2,,
14680,SRC-kinase-inhibitor-II,['1172104'],['COc1ccc2c(cc(C)c3nnc(SCC(=O)Nc4cccc(c4)C(=O)C)n32)c1'],,,,,
14681,SRT-1720,['44240264'],['O=C(Nc1cc(CN2CCNCC2)cc(c1)-c1nc2ccccc2[nH]1)c1cnc2ccccc2n1'],,,,,
14682,SSR-69071,['9872438'],['COc1cc2c(C(=O)N(COc3cc(=O)n4cccc(OCCN5CCCCC5)c4n3)S2(=O)=O)c(c1)C(C)C'],,,,,
14683,ST-001903,['674282'],['COC(=O)CCc1[nH]c2ccccc2c1Sc3ccccc3'],,,,,
14684,ST-003833,['2834356'],['CN1CCN(CC(O)COCCC2(CC3CC4CC(C3)C2)C4)CC1'],,,,,
14685,ST-012015,['720272'],['CN(C)c1ccc(/C=C/2\\CSC(=S)NC2=O)cc1'],,,,,
14686,ST-012030,['632854'],['CCC1(CCCN2CCC3(C4CC1)c5ccc(OC)c(O)c5N4C(=O)C)C23'],,,,,
14687,ST-012525,['720932'],['CCOC(=O)C1=C(CC2=C1CCCC2)NC(=S)Nc3ccccc3'],,,,,
14688,ST-013960,['2300880'],['O=C(NCCOc1ccccc1c2ccccc2)c3ccco3'],,,,,
14689,ST-014075,['1258678'],['CCN(CC)c1c(C#N)c(SCC(=O)c2cccs2)cc3CCCCc13'],,,,,
14690,ST-014147,['4207396'],['NC1=C(C#N)C(c2ccc(Br)cc2)c3c(N1)c4ccccc4oc3=O'],,,,,
14691,ST-014366,['3156173'],['CC(C)c1ccc(cc1)C2C3CN(C)CC=C3C(C#N)(C#N)C(=C2C#N)N'],,,,,
14692,ST-019365,['670967'],['CC1=C(NC(=S)NC(=O)c2ccccc2)NCc3ccccc13'],,,,,
14693,ST-019366,['4423427'],['CCC(=O)NC1CC2C(OC1=O)c3cccc(C)c3NC2=O'],,,,,
14694,ST-019386,['3780913'],['OC(=O)CC1N=Cc2ccccc12'],,,,,
14695,ST-022313,['728578'],['CCOC(=O)CCc1n[nH]c(=O)[nH]c1=O'],,,,,
14696,ST-023431,['6732844'],['C[C@]1(CCC[C@]2(C)[C@H]3CC(O)[C@](C)(C=C)C=C3CC[C@@H]12)C(=O)O'],,,,,
14697,ST-024029,['5918561'],['OC(=O)C(Cc1c[nH]c2ccccc12)NC(=O)/C=C/c3ccccn3'],,,,,
14698,ST-056792,['755405'],['Cc1nnc(Sc2cc(C)nc3ccccc23)s1'],,,,,
14699,ST-057710,['688800'],['Oc1ccc2oc(cc(=O)c2c1)-c1cccc(O)c1O'],,,,,
14700,ST-059620,['688798'],['Oc1ccc(cc1O)-c1cc(=O)c2ccc(O)c(O)c2o1'],,,,,
14701,ST-208960,['5466054'],['CC(C)CC(NCc1c(O)ccc2c(C)cc(=O)oc12)C(=O)O'],,,,,
14702,ST-209453,['679758'],['Cc1c(OCC(=O)O)ccc2c(cc(=O)oc12)c3ccccc3'],,,,,
14703,ST-4028268,['658169'],['CCc1c(C)[nH]c(=S)c(C#N)c1C'],,,,,
14704,ST-4029010,['691868'],['CCN(CC)S(=O)(=O)c1cccc(c1)C(=O)Nc2nncs2'],,,,,
14705,ST-4029487,['6505020'],['Oc1ccc(Br)cc1/C=N/c2ccc3nc(SCC(=O)Nc4ccccc4)sc3c2'],,,,,
14706,ST-4029573,['5286565'],['O=C/1NC(=S)N(C(=O)\\C1=C\\c2c[nH]c3ccccc23)c4cccc5ccccc45'],,,,,
14707,ST-4029655,['691928'],['O=C(NCc1cccnc1)c2cc3ccccc3oc2=O'],,,,,
14708,ST-4034902,['4221587'],['COC(=O)C1=C(N)N(C2=C(C1c3ccccc3)C(=O)CCC2)c4cccc(c4)C(F)(F)F'],,,,,
14709,ST-4034917,['1201964'],['OCCn/1c(cs\\c1=N/c2ccccc2)c3cccc(c3)N4C(=O)c5ccccc5C4=O'],,,,,
14710,ST-4039884,['695347'],['Sc1nnc2c3ccccc3n(Cc4ccccc4)c2n1'],,,,,
14711,ST-4042556,['1049140'],['Clc1cc(NC2CCCCC2)c3C(=O)c4ccccc4-c5onc1c53'],,,,,
14712,ST-4049616,['6602526'],['CCOC(=O)C1(CCN(Cc2cccc(c2)C(=O)O)CC1)c3ccccc3'],,,,,
14713,ST-4062971,['49835860'],['On1[n+](c(C#N)c2ccc(cc12)[N+]([O-])=O)-c1ccccc1'],,,,,
14714,ST-4066738,['1043828'],['COc1cc(NC(=O)c2cc3ccccc3cc2OCC(=O)NC(C)(C)C)c(OC)cc1Cl'],,,,,
14715,ST-4070043,['3917094'],['Cc1cccc(C)c1NC(=O)C2(CCCC2)N(Cc3ccccc3)C(=O)c4ccc(cc4)n5cnnn5'],,,,,
14716,ST-4070169,['706244'],['O=C1CCCC(=O)C1C(C#Cc2ccccc2)C3C(=O)CCCC3=O'],,,,,
14717,ST-4075437,['3455588'],['O=C(Nc1ccccc1)c2cccc(c2)S(=O)(=O)NCCC3(CC4CC5CC(C4)C3)C5'],,,,,
14718,ST-638,['5941457'],['CCOc1cc(/C=C(/C#N)\\C(=O)N)cc(CSc2ccccc2)c1O'],,,,,
14719,ST-91,['20864'],['CCc1cccc(CC)c1N=C1NCCN1'],Preclinical,adrenergic receptor agonist,,,
14720,STAT3-inhibitor-VI,['252682'],['Cc1ccc(cc1)S(=O)(=O)OCC(=O)Nc1ccc(C(O)=O)c(O)c1'],Preclinical,STAT inhibitor,STAT3,,
14721,STF-62247,['704473'],['Cc1cccc(Nc2nc(cs2)-c2ccncc2)c1'],Preclinical,autophagy inducer,,,
14722,STK-064652,['2878746'],['CCN(CC)c1ccc(cc1)C2Nc3ccccc3NC4=C2C(=O)CC(C4)c5ccccc5'],,,,,
14723,STK-111867,['2946732'],['O=C1C2CC=CCC2C(=O)N1c1nc(n[nH]1)-c1ccccc1'],,,,,
14724,STK-222600,['870371'],['Clc1ccc(cc1)C(=O)N1CCN(CC1)c1ccccn1'],,,,,
14725,STK-249718,['906542'],['Cn1nc(nc2c(=O)n(C)c(=O)nc12)c3ccccn3'],,,,,
14726,STK-397047,['460747'],['Cc1nn(C)c2nc(=O)n(C)c(=O)c2n1'],,,,,
14727,STK-661558,['1505783'],['Clc1ccc2c(ccnc2c1)N1CCN(CC1)C(=O)c1ccc(Cl)c(Cl)c1'],,,,,
14728,STK-674938,['4423767'],['O=C1C2CC=CCC2C(=O)N1C3CC(=O)C4OCC3O4'],,,,,
14729,STK-721917,['1548076'],['C1CCc2ncc(c3ccc(cc3)c4ccccc4)n2CC1'],,,,,
14730,STO-609,['3467590'],['OC(=O)c1ccc2c3nc4ccccc4n3c(=O)c5cccc1c52'],,,,,
14731,STOCK1S-03920,['5286534'],['[O-][N+](=O)c1cccc(/C=C(\\C#N)/c2nc3ccccc3[nH]2)c1'],,,,,
14732,SU-11274,['9549297'],['CC1=C(NC(=C1C(=O)N2CCN(CC2)C)C)/C=C\\3/C4=C(C=CC(=C4)S(=O)(=O)N(C)C5=CC(=CC=C5)Cl)NC3=O'],,,,,
14733,SU-11652,['5329103'],['CCN(CC)CCNC(=O)c1c(C)[nH]c(/C=C/2\\C(=O)Nc3ccc(Cl)cc23)c1C'],,,,,
14734,SU-1498,['5941539'],['CC(C)c1cc(/C=C(\\C#N)/C(=O)NCCCc2ccccc2)cc(C(C)C)c1O'],,,,,
14735,SU-4312,"['5353593', '6450842']","['CN(C)c1ccc(C=C2C(=O)Nc3ccccc23)cc1', 'CN(C)c1ccc(cc1)\\C=C1/C(=O)Nc2ccccc12']",,,,,
14736,SU-6656,['5312137'],['CN(C)S(=O)(=O)c1ccc2NC(=O)/C(=C\\c3cc4CCCCc4[nH]3)/c2c1'],,,,,
14737,SYK-inhibitor,['6419747'],['CN1C=C(C2=CC=CC=C21)/C=C\\3/C4=C(C=CC(=C4)S(=O)(=O)N)NC3=O'],,,,,
14738,T-0070907,['2777391'],['[O-][N+](=O)c1ccc(Cl)c(c1)C(=O)Nc1ccncc1'],Preclinical,PPAR receptor antagonist,PPARG,,
14739,T-0156,['5368'],['COC(=O)c1c(-c2cc(OC)c(OC)c(OC)c2)c2ccnc(OCc3ncccn3)c2c(=O)n1Cc1ccnc(C)c1'],Preclinical,phosphodiesterase inhibitor,PDE5A,,
14740,T-0901317,['447912'],['OC(c1ccc(cc1)N(CC(F)(F)F)S(=O)(=O)c1ccccc1)(C(F)(F)F)C(F)(F)F'],Preclinical,LXR agonist,NCOA1|NCOA2|NR1H2|NR1H3|NR1I2|RXRB,,
14741,T-5345967,['2113511'],['Cc1cc(C(=O)CN2C(=O)CCC2=O)c(C)n1Cc3ccccc3'],,,,,
14742,T-98475,['9874838'],['CC(C)OC(=O)c1cn(Cc2c(F)cccc2F)c3sc(c(CN(C)Cc4ccccc4)c3c1=O)c5ccc(NC(=O)C(C)C)cc5'],,,,,
14743,TAK-715,['9952773'],['CCc1nc(c(s1)-c1ccnc(NC(=O)c2ccccc2)c1)-c1cccc(C)c1'],Phase 2,p38 MAPK inhibitor,MAPK14,,
14744,TAS-301,['9885087'],['COc1ccc(cc1)C(=C2C(=O)Nc3ccccc23)c4ccc(OC)cc4'],,,,,
14745,TBEP,['2736301'],['CC[n+]1ccccc1Br'],,,,,
14746,TC-2559,['9823180'],['CCOc1cncc(C=CCCNC)c1'],,,,,
14747,TCB2,['16046239'],['COc1cc(Br)c(OC)c2CC(CN)c21'],,,,,
14748,TCDD-dioxin,['15625'],['Clc1cc2Oc3cc(Cl)c(Cl)cc3Oc2cc1Cl'],,,,,
14749,TCPOBOP,['5382'],['Clc1cnc(Oc2ccc(Oc3ncc(Cl)cc3Cl)cc2)c(Cl)c1'],,,,,
14750,TCS-359,['1048845'],['COc1ccc(cc1OC)C(=O)Nc1sc2CCCCc2c1C(N)=O'],Preclinical,FLT3 inhibitor,FLT3,,
14751,TER-14687,['5400'],['CN(C)CC1Cc2ccccc2C1=O'],,,,,
14752,TFMPP,['4296'],['FC(F)(F)c1cccc(c1)N2CCNCC2'],,,,,
14753,TG-100115,['10427712'],['Nc1nc(N)c2nc(-c3cccc(O)c3)c(nc2n1)-c1cccc(O)c1'],,,,,
14754,TG-101348,['16722836'],['Cc1cnc(Nc2ccc(OCCN3CCCC3)cc2)nc1Nc1cccc(c1)S(=O)(=O)NC(C)(C)C'],,,,,
14755,TGX-115,['9902311'],['Cc1ccccc1Oc2cccc3c(=O)cc([nH]c23)N4CCOCC4'],,,,,
14756,TGX-221,['9907093'],['CC(Nc1ccccc1)c1cc(C)cn2c1nc(cc2=O)N1CCOCC1'],Preclinical,PI3K inhibitor,PIK3CB|PIK3CD,,
14757,TH02453-036-P1,['73707375'],['CN[C@@H](C)C(=O)N[C@@H](C(C)C)C(=O)N1CCC[C@@H]1C(=O)Nc1cccc2ncccc12'],,,,,
14758,THZ-2-98-01,['73707613'],['CN(C)C\\C=C\\C(=O)Nc1cccc(c1)C(=O)Nc1cccc(Nc2nccc(n2)-c2cccnc2)c1'],,,,,
14759,TL-AA09,['73707385'],['COC(=O)[C@@H]1[C@H](C(O)=O)[C@]2([C@H](N1C)c1ccccc1)C(=O)N(C(=O)NCc1ccccc1)c1ccc(cc21)C#Cc1ccc(OC)cc1'],,,,,
14760,TL-HRAS-24,['49766518'],['Cc1onc(C(=O)N2CCN(CC2)C(c2ccc(F)cc2)c2ccc(F)cc2)c1[N+]([O-])=O'],,,,,
14761,TL-HRAS-27,['49766549'],['COc1ccc(cc1)C(N1CCN(CC1)C(=O)c1noc(C)c1[N+]([O-])=O)c1ccc(OC)cc1'],,,,,
14762,TL-HRAS-61,['49766530'],['Cc1onc(C(=O)N2CCN(CC2)C(c2ccc(Cl)cc2)c2ccc(Cl)cc2)c1[N+]([O-])=O'],,,,,
14763,TMI-15,['25044703'],['Cc1ccc(F)cc1S(=O)(=O)N[C@@H]2CCN(Cc3ccc4[nH]ccc4c3)C2'],,,,,
14764,TMPH,['11207937'],['CCCCCCC(=O)OC1CC(C)(C)NC(C)(C)C1'],Preclinical,,,,
14765,TNP-470,['369976'],['CO[C@@H]1[C@@H](CC[C@]2(CO2)[C@H]1[C@@]1(C)O[C@@H]1CC=C(C)C)OC(=O)NC(=O)CCl'],Phase 2,methionine aminopeptidase inhibitor,METAP2,,
14766,TPCA-1,['9903786'],['NC(=O)Nc1sc(cc1C(N)=O)-c1ccc(F)cc1'],Preclinical,IKK inhibitor,IKBKB,,
14767,TTNPB,['5289501'],['C/C(=C\\C1=CC=C(C=C1)C(=O)O)/C2=CC3=C(C=C2)C(CCC3(C)C)(C)C'],Phase 1,retinoid receptor agonist,RARA|RARB|RARG,,
14768,TUL-XIX029,['67243342'],['Cc1cncc2cccc(c12)S(=O)(=O)N3CC[C@@H](N)C3'],,,,,
14769,TUL-XVIII076,['73707370'],['O=C(N1CCCNCC1)c2cccc3cnccc23'],,,,,
14770,TUL-XX023,['54596143'],['Cc1cncc2cccc(c12)S(=O)(=O)N[C@H]3CCNC3'],,,,,
14771,TUL-XX025TFA,['53245442'],['Cc1cncc2cccc(c12)S(=O)(=O)N[C@H]1CN[C@H](CO)C1'],,,,,
14772,TUL-XXI039,['53245473'],['CC(=O)NC[C@@H]1C[C@H](CN1)NS(=O)(=O)c1cccc2cncc(C)c12'],,,,,
14773,TUL_XIX002,['53245449'],['Cc1cncc2cccc(c12)S(=O)(=O)N[C@@H]3CCNC3'],,,,,
14774,TUL_XIX003,['53245456'],['Cc1cncc2cccc(c12)S(=O)(=O)N3CC[C@H](N)C3'],,,,,
14775,TUL_XX087,['22121918'],['CCc1cncc2cccc(c12)S(=O)(=O)N3CCCNCC3'],,,,,
14776,TUL_XXI035,['54596134'],['CC(=O)NC[C@H]1C[C@H](CN1)N(C(C)=O)S(=O)(=O)c1cccc2cncc(C)c12'],,,,,
14777,TW-37,['11455910'],['CC(C)c1ccccc1Cc1cc(C(=O)Nc2ccc(cc2)S(=O)(=O)c2ccccc2C(C)(C)C)c(O)c(O)c1O'],Preclinical,BCL inhibitor,BCL2|BCL2L1|MCL1,,
14778,TWS-119,['9549289'],['Nc1cccc(c1)-c1cc2c(Oc3cccc(O)c3)ncnc2[nH]1'],Preclinical,glycogen synthase kinase inhibitor,GSK3B|JUN|MYC,,
14779,U-0124,['16760692'],['CS/C(=C(\\C#N)/C(=C(\\N)/SC)/[N+]#[C-])/N'],Preclinical,MEK inhibitor,,,
14780,U-0126,['3006531'],['C1=CC=C(C(=C1)N)S/C(=C(/C(=C(/SC2=CC=CC=C2N)\\N)/C#N)\\C#N)/N'],Preclinical,MEK inhibitor,AKT1|CHEK1|GSK3B|LCK|MAP2K1|MAP2K2|MAP2K7|MAPK1|MAPK11|MAPK12|MAPK14|MAPK8|PRKCA|RAF1|ROCK1|RPS6KB1|SGK1,,
14781,U-18666A,['415541'],['CCN(CC)CCOC1CCC2(C)C3CCC4(C)C(CCC4=O)C3CC=C2C1'],Preclinical,oxidosqualene cyclase inhibitor,,,
14782,U-46619,['5311493'],['CCCCC[C@H](O)/C=C/[C@@H]1[C@@H](C/C=C\\CCCC(=O)O)[C@H]2CO[C@@H]1C2'],,,,,
14783,U-54494A,['122015'],['CN([C@@H]1CCCC[C@@H]1N1CCCC1)C(=O)c1ccc(Cl)c(Cl)c1'],Preclinical,opioid receptor agonist,OPRK1,,
14784,U-74389F,['6610303'],['CC12CC=C3C(CCC4=CC(=O)C=CC43C)C2CC[C@@H]1C(=O)CN5CCN(CC5)c6cc(nc(n6)N7CCCC7)N8CCCC8'],,,,,
14785,U-99194,['11957713'],['CCCN(CCC)C1Cc2cc(OC)c(OC)cc2C1'],Preclinical,dopamine receptor antagonist,DRD3,,
14786,U0126,['3006531'],['NC(=C(C#N)C(=C(N)Sc1ccccc1N)C#N)Sc2ccccc2N'],,,,,
14787,UB-165,['4694339'],['Clc1ccc(cn1)C1=CCCC2CCC1N2'],Preclinical,acetylcholine receptor agonist,CHRNA3|CHRNA4|CHRNB2,,
14788,UBP-302,['11674376'],['NC(Cn1ccc(=O)n(Cc2ccccc2C(O)=O)c1=O)C(O)=O'],Preclinical,glutamate receptor antagonist,GRIK1,,
14789,UCL-2077,['24868317'],['C(NC(c1ccccc1)(c1ccccc1)c1ccccc1)c1cccnc1'],Preclinical,slow afterhyperpolarization channel blocker,,,
14790,UGISS-186,['23777784'],['CC1CC\\C=C/[C@H]2OC34C=CCN(C(=O)[C@H]3N(CCCO)C(=O)[C@@H]4C2C(=O)O1)C(C)(C)C'],,,,,
14791,UGISS-451,['24094187'],['OCc1c(Cl)cccc1N2[C@@H](C(=O)NCc3ccccc3)[C@]4(O[C@H]5C=C4)[C@H]([C@@H]5C(=O)O)C2=O'],,,,,
14792,UK-356618,['10370504'],['C[C@@H](NC(=O)[C@@H](NC(=O)[C@H](CCCc1ccc(c(C)c1)-c1ccccc1)CC(=O)NO)C(C)(C)C)c1ccccc1'],Preclinical,metalloproteinase inhibitor,MMP13|MMP14|MMP2|MMP3|MMP9,,
14793,UNC-0321,['46901937'],['COc1cc2c(NC3CCN(C)CC3)nc(nc2cc1OCCOCCN(C)C)N1CCCN(C)CC1'],,,,,
14794,UTMB-00042,['24747230'],['COC(=O)C1=C(C[C@@H]2CC[C@H]1N2C(=O)NC3CCCCC3)c4cc5ccccc5s4'],,,,,
14795,UTMB-00530,['44143772'],['COc1ccc(cc1OC)[C@H]2CC(=O)C=C(C2)c3cccc4c5ccccc5sc34'],,,,,
14796,VAMA-37,['16760391'],['Oc1cc(ccc1C(=O)c2ccccc2)N3CCOCC3'],,,,,
14797,VEGF-receptor-2-kinase-inhibitor-IV,['5329468'],['COc1ccc(cc1)c2cnc3c(cnn3c2)c4ccsc4'],,,,,
14798,VER-155008,['25195348'],['Nc1ncnc2n([C@@H]3O[C@H](COCc4ccc(cc4)C#N)[C@@H](O)[C@H]3O)c(NCc3ccc(Cl)c(Cl)c3)nc12'],Preclinical,HSP inhibitor,HSPA1A,,
14799,VU-0011562,['2772764'],['C(OCc1nc2ccccc2[nH]1)c1nc2ccccc2[nH]1'],,,,,
14800,VU-0365114-2,['45281794'],['FC(F)(F)Oc1ccc2N(Cc3ccc(cc3)-c3ccccc3)C(=O)C(=O)c2c1'],,,,,
14801,VU-0365117-1,['45281797'],['FC(F)(F)Oc1ccc2N(Cc3ccc(cc3)-c3ccsc3)C(=O)C(=O)c2c1'],,,,,
14802,VU-0365118-1,['53338863'],['FC(F)(F)Oc1ccc2N(Cc3ccc(cc3)-c3ccc(Cl)nc3)C(=O)C(=O)c2c1'],,,,,
14803,VU-0365121-1,['53338864'],['Fc1ccc(cn1)-c1ccc(CN2C(=O)C(=O)c3cc(OC(F)(F)F)ccc23)cc1'],,,,,
14804,VU-0366037-2,['46869941'],['Clc1ccccc1C(=O)Nc1ccc(NC(=O)c2ccccn2)cc1Cl'],,,,,
14805,VU-0366968,['44129591'],['Cc1cc(NC(=O)CS(=O)(=O)c2cn(Cc3cccc(Cl)c3)c3ccccc23)no1'],,,,,
14806,VU-0400071-3,['45110765'],['Clc1cc(NC(=O)c2ccccn2)ccc1N1C(=O)CC(C1=O)c1ccccc1'],,,,,
14807,VU-0400193-3,['46869951'],['Clc1cc(NC(=O)c2ccccn2)ccc1N1C(=O)CC2(CCCCC2)C1=O'],,,,,
14808,VU-0400195-3,['54752951'],['Clc1cc(NC(=O)c2ccccn2)ccc1N1C(=O)[C@H]2[C@@H]3C[C@@H](C=C3)[C@H]2C1=O'],,,,,
14809,VU-0402604,['44247542'],['Cc1cc(NC(=O)CS(=O)(=O)c2cn(Cc3cccc(Br)c3)c3ccccc23)no1'],,,,,
14810,VU-0402605,['44247543'],['Cc1cc(NC(=O)CS(=O)c2cn(Cc3cccc(Cl)c3)c3ccccc23)no1'],,,,,
14811,VU-0403126,['44241483'],['Cc1cc(NC(=O)CS(=O)(=O)c2cn(Cc3cccc(c3)C(F)(F)F)c3ccccc23)no1'],,,,,
14812,VU-0404997-2,['46869952'],['CC1(CC(=O)N(C1=O)c1ccc(NC(=O)c2ccccn2)cc1Cl)c1ccccc1'],,,,,
14813,VU-0405166-2,['44251479'],['Fc1ccc(OCC(=O)Nc2nnc(o2)-c2ccc(F)c(F)c2)c(Cl)c1'],,,,,
14814,VU-0405172-2,['44251485'],['Cc1ccc(cc1C)-c1nnc(NC(=O)COc2ccc(F)cc2Cl)o1'],,,,,
14815,VU-0410183-2,['44631784'],['CC(C)(C)CCNc1nc(nnc1-c1ccccc1)-c1ccccn1'],,,,,
14816,VU-0413238-1,['44907115'],['OC(C1CCN(CCCOc2cccc(c2)C#N)CC1)(c1ccccc1)c1ccccc1'],,,,,
14817,VU-0413243-1,['44907120'],['OC(C1CCN(CCCOc2ccc(Cl)cc2)CC1)(c1ccccc1)c1ccccc1'],,,,,
14818,VU-0413247-1,['44907124'],['OC(C1CCN(CCCOc2ccc(F)cc2)CC1)(c1ccccc1)c1ccccc1'],,,,,
14819,VU-0413255-1,['23036271'],['OC(C1CCN(CCCOc2ccccc2)CC1)(c1ccccc1)c1ccccc1'],,,,,
14820,VU-0413807-2,['45115620'],['CC(C)(C)CCN1C[C@H]2C(CNC(=O)c3cc(Cl)cc(Cl)c3)[C@H]2C1'],,,,,
14821,VU-0414833-2,['45115609'],['CC(C)(C)CCN1CCC[C@@H](C1)NC(=O)COc1ccc(F)c(Cl)c1'],,,,,
14822,VU-0415010,['45259136'],['Fc1ccc2[nH]c(COCc3nc4cc(F)ccc4[nH]3)nc2c1'],,,,,
14823,VU-0415011,['45259137'],['CN(C)S(=O)(=O)c1ccc2[nH]c(COCc3nc4cc(ccc4[nH]3)S(=O)(=O)N(C)C)nc2c1'],,,,,
14824,VU-0415012,['15301607'],['[O-][N+](=O)c1ccc2[nH]c(COCc3nc4ccccc4[nH]3)nc2c1'],,,,,
14825,VU-0415108-1,['53338861'],['[O-][N+](=O)c1ccc(CN2CCOCCOCCN(Cc3ccc(cc3Cl)[N+]([O-])=O)CCOCC2)c(Cl)c1'],,,,,
14826,VU-0415113-1,['53338862'],['FC(F)(F)S(=O)(=O)c1ccc(CN2CCOCCOCCN(Cc3ccc(cc3)S(=O)(=O)C(F)(F)F)CCOCC2)cc1'],,,,,
14827,VU-0415374-1,['46869940'],['COc1cc(NC(=O)c2ccccn2)ccc1NC(=O)c1ccccc1Cl'],,,,,
14828,VU-0415533-1,['60138086'],['CC(C)(C)NC(=O)C(N(C(=O)c1c[nH]cn1)c1ccc(cc1)C(C)(C)C)c1cccnc1'],,,,,
14829,VU-0415535-1,['45489405'],['COCC(=O)N(C(C(=O)NC(C)(C)C)c1cccnc1)c1ccc(cc1)C(C)(C)C'],,,,,
14830,VU-0415555-1,['45489446'],['CC(C)(C)NC(=O)C(N(C(=O)c1cnco1)c1ccc(cc1)C(C)(C)C)c1cccnc1'],,,,,
14831,VU-0415556-1,['45489448'],['CC(C)(C)NC(=O)C(N(C(=O)c1cccs1)c1ccc(cc1)C(C)(C)C)c1cccnc1'],,,,,
14832,VU-0418000-1,['46172903'],['Cc1ccc(OCCCN2CCC(CC2)C(O)(c2ccccc2)c2ccccc2)cc1'],,,,,
14833,VU-0418933-1,['46742339'],['C1CN(CC1C1CCCCC1)c1nc(nnc1-c1ccccc1)-c1ccccn1'],,,,,
14834,VU-0418934-2,['46742340'],['Clc1cccc(CNc2nc(nnc2-c2ccccc2)-c2ccccn2)c1'],,,,,
14835,VU-0418939-2,['46742345'],['CC(C)(C)c1ccc(CNc2nc(nnc2-c2ccccc2)-c2ccccn2)cc1'],,,,,
14836,VU-0418946-1,['46742353'],['C(Nc1nc(nnc1-c1ccccc1)-c1ccccn1)c1ccc(cc1)-c1ccccc1'],,,,,
14837,VU-0418947-2,['46742354'],['C(Nc1nc(nnc1-c1ccccc1)-c1ccccn1)c1cccc(c1)-c1ccccc1'],,,,,
14838,VU-0420363-1,['46897844'],['CC(C)(C)NC(=O)[C@H](N(C(=O)c1ccco1)c1ccc(cc1)C(C)(C)C)c1cccnc1'],,,,,
14839,VU-0420364-1,['46897843'],['CC(C)(C)NC(=O)[C@@H](N(C(=O)c1ccco1)c1ccc(cc1)C(C)(C)C)c1cccnc1'],,,,,
14840,VU-0424182-2,['46943243'],['CC(C)(C)Cc1nnc(NC(=O)COc2ccc(Cl)cc2Cl)o1'],,,,,
14841,VU-0424206-1,['46943258'],['Fc1ccc(OCC(=O)N[C@H]2CCCN(CC3CC3)C2)cc1Cl'],,,,,
14842,VU-0447126-2,['3473417'],['Cc1ccc(NC(=O)C2CC3CCC2C3)c(C)c1'],,,,,
14843,VU-0447127-2,['4296446'],['O=C(Nc1ccc2ccccc2c1)C1CC2CCC1C2'],,,,,
14844,VU-0447134-2,['4658599'],['Cc1ccc(NC(=O)C2CC3CCC2C3)cc1'],,,,,
14845,VUF-5681,['10330240'],['C(CC1CCNCC1)Cc2c[nH]cn2'],,,,,
14846,VX-222,['24798764'],['CC1CCC(CC1)C(=O)N(C1CCC(O)CC1)c1cc(sc1C(O)=O)C#CC(C)(C)C'],Phase 2,HCV inhibitor,,,
14847,VX-702,['10341154'],['NC(=O)N(c1ccc(C(N)=O)c(n1)-c1ccc(F)cc1F)c1c(F)cccc1F'],Phase 2,p38 MAPK inhibitor,IL1B|IL6|MAPK11|MAPK12|MAPK14|TNF,,
14848,VX-745,['3038525'],['Fc1ccc(Sc2ccc3c(-c4c(Cl)cccc4Cl)c(=O)ncn3n2)c(F)c1'],Phase 2,p38 MAPK inhibitor,MAPK11|MAPK12|MAPK14,,
14849,Val-Val-Val,['7020215'],['CC(C)[C@H](N)C(=O)N[C@@H](C(C)C)C(=O)N[C@@H](C(C)C)C(O)=O'],,,,,
14850,W-12,['4298'],['NCCCCNS(=O)(=O)c1ccc2ccccc2c1'],,,,,
14851,W-13,['4299'],['NCCCCNS(=O)(=O)c1ccc2c(Cl)cccc2c1'],,,,,
14852,W-5,['173829'],['NCCCCCCNS(=O)(=O)c1cccc2ccccc12'],,,,,
14853,W-7,['124887'],['NCCCCCCNS(=O)(=O)c1cccc2c(Cl)cccc12'],,,,,
14854,W-9,['4306'],['NCCCCCCNS(=O)(=O)c1ccc2c(Cl)cccc2c1'],,,,,
14855,WAY-100635,['11957721'],['COc1ccccc1N1CCN(CCN(C(=O)C2CCCCC2)c2ccccn2)CC1'],Phase 1,serotonin receptor antagonist,HTR1A,,
14856,WAY-161503,['3906894'],['Clc1cc2NC(=O)C3CNCCN3c2cc1Cl'],Preclinical,serotonin receptor agonist,HTR2C,,
14857,WAY-170523,['9830392'],['Cc1cc(C)c(N(Cc2ccccc2)S(=O)(=O)c2ccc(OCCNC(=O)c3cc4ccccc4o3)cc2)c(c1)C(=O)NO'],Preclinical,metalloproteinase inhibitor,MMP13,,
14858,WAY-213613,['24868316'],['NC(CC(=O)Nc1ccc(Oc2cc(F)c(F)cc2Br)cc1)C(=O)O'],Preclinical,glutamate inhibitor,SLC1A2,,
14859,WAY-262611,['25199517'],['NCC1CCN(CC1)c1nccc(n1)-c1ccc2ccccc2c1'],,,,,
14860,WAY-405,['11647989'],['C[C@H](CN(C(=O)C1CCCCC1)c1ccccn1)N1CCN(CC1)c1cccc2[nH]ccc12'],,,,,
14861,WAY-629,['6604933'],['C1CCc2c(C1)n1CCNCc3cccc2c13'],Preclinical,serotonin receptor agonist,HTR2C,,
14862,WH-4023,['11844351'],['CC1=C(C(=CC=C1)C)OC(=O)N(C2=C(C=C(C=C2)OC)OC)C3=NC(=NC=C3)NC4=CC=C(C=C4)N5CCN(CC5)C'],,,,,
14863,WH-4025,['73707529'],['COc1ccc(N(C(=O)Oc2cc(ccc2C)C(=O)Nc2cccc(c2)C(F)(F)F)c2ccnc(Nc3ccc(cc3)N3CCN(C)CC3)n2)c(OC)c1'],,,,,
14864,WHI-P154,['23863723'],['COc1cc2ncnc(Nc3ccc(O)c(Br)c3)c2cc1OC'],Preclinical,JAK inhibitor,EGFR|JAK1|JAK2|JAK3,,
14865,WR-216174,['10405323'],['Fc1ccc(cc1)C(=O)/C=C/2\\C(=O)Nc3ccc(Br)cc23'],,,,,
14866,WT-171,['44601455'],['ONC(=O)CCCCCCC(=O)N/N=C/c1ccc(cc1)N(c2ccccc2)c3ccccc3'],,,,,
14867,WY-01-034,['70680403'],['C[C@@H]1C\\C=C\\CCC(=O)N[C@@H](CC(=O)O1)c1ccccc1'],,,,,
14868,WY-01-045,['70680407'],['C[C@@H]1C\\C=C\\CCNC(=O)[C@@H](COC1=O)c1ccccc1'],,,,,
14869,WYE-125132,['25260757'],['CNC(=O)Nc1ccc(cc1)-c1nc(N2CC3CCC(C2)O3)c2cnn(C3CCC4(CC3)OCCO4)c2n1'],Preclinical,mTOR inhibitor,MTOR,,
14870,WYE-354,['44219749'],['COC(=O)Nc1ccc(cc1)-c1nc(N2CCOCC2)c2cnn(C3CCN(CC3)C(=O)OC)c2n1'],Preclinical,mTOR inhibitor,MTOR,,
14871,WZ-3105,['42628507'],['CC(C)n1cnc2c(Nc3cccc(NC(=O)C=C)c3)nc(N[C@H]3CC[C@@H](CC3)N(C)C)nc12'],,,,,
14872,WZ-3146,['44607360'],['CN1CCN(CC1)c1ccc(Nc2ncc(Cl)c(Oc3cccc(NC(=O)C=C)c3)n2)cc1'],Preclinical,EGFR inhibitor,EGFR,,
14873,WZ-4-145,['73707531'],['CN1CCN(CC1)C2=CC=C(C=C2)NC3=CC(=NC=N3)N(CC4=CC=C(C=C4)NC(=O)C=C)C(=O)NC5=C(C(=CC(=C5Cl)OC)OC)Cl'],,,,,
14874,WZ-4002,['44607530'],['COc1cc(ccc1Nc1ncc(Cl)c(Oc2cccc(NC(=O)C=C)c2)n1)N1CCN(C)CC1'],Preclinical,EGFR inhibitor,EGFR|ERBB2,,
14875,WZ-7043,['73265276'],['CCN(CC)CCCCNc1ncc2CN(C(=O)N(C)c2n1)c1c(Cl)c(OC)cc(OC)c1Cl'],,,,,
14876,XAV-939,['2726824'],['Oc1nc(nc2CCSCc12)-c1ccc(cc1)C(F)(F)F'],Preclinical,tankyrase inhibitor,TNKS|TNKS2,,
14877,XE-991,['656732'],['O=C1c2ccccc2C(Cc2ccncc2)(Cc2ccncc2)c2ccccc12'],Preclinical,potassium channel blocker,KCNQ1|KCNQ2|KCNQ3|KCNQ4|KCNQ5,,
14878,XL-147,['1893730'],['Cc1ccc(cc1)S(=O)(=O)Nc1nc2ccccc2nc1Nc1ccc2nsnc2c1'],,,,,
14879,XMD-1150,['46843906'],['COc1cc(ccc1Nc1ncc2N(C)C(=O)c3ccccc3N(C)c2n1)C(=O)N1CCC(CC1)N1CCN(C)CC1'],,,,,
14880,XMD-1185H,['42628535'],['COc1cc(ccc1Nc1ncc2N(C(C)C)C(=O)CCN(C3CCCC3)c2n1)C(=O)NC1CCN(C)CC1'],,,,,
14881,XMD-132,['68234129'],['O=C(Nc1n[nH]c2cc(ccc12)-c1cccc(c1)C(=O)NC1CC1)C1CC1'],,,,,
14882,XMD-1499,['73265211'],['COc1cc(ccc1Nc1nc(N)c(s1)C(=O)c1c(Cl)cccc1Cl)N1CCN(C)CC1'],,,,,
14883,XMD-1527,['73707532'],['COc1cc(ccc1Nc1nc(N)c(s1)C(=O)c1ccc(NC(=O)C=C)cc1)N1CCN(C)CC1'],,,,,
14884,XMD-16144,['73707533'],['CN(C)C\\C=C\\C(=O)Nc1cccc(Nc2ncc3N(C)C(=O)c4ccccc4N(C)c3n2)c1'],,,,,
14885,XMD-885,['46844147'],['COc1cc(ccc1Nc1ncc2N(C)C(=O)c3ccccc3N(C)c2n1)N1CCN(C)CC1'],,,,,
14886,XMD-892,['46843772'],['CCOc1cc(ccc1Nc1ncc2N(C)C(=O)c3ccccc3N(C)c2n1)N1CCC(O)CC1'],,,,,
14887,Y-134,['11784736'],['CC(C)N1CCN(CC1)c1ccc(cc1)C(=O)c1c(sc2cc(O)ccc12)-c1ccc(O)cc1'],Preclinical,estrogen receptor antagonist,ESR1|ESR2,,
14888,Y-26763,['121878'],['CC(=O)N(O)[C@H]1[C@H](O)C(C)(C)Oc2ccc(cc12)C#N'],Phase 1,potassium channel activator,KCNJ8,,
14889,Y-27152,['6918184'],['CC(=O)N(OCc1ccccc1)[C@H]1[C@H](O)C(C)(C)Oc2ccc(cc12)C#N'],Phase 1,potassium channel activator,KCNJ8,,
14890,Y-27632,['5711'],['CC(C1CCC(CC1)C(=O)NC2=CC=NC=C2)N'],Preclinical,rho associated kinase inhibitor,PKIA|PKN2|PRKACA|PRKCE|ROCK1|ROCK2,,
14891,Y-39983,['9810884'],['C[C@@H](N)c1ccc(cc1)C(=O)Nc1ccnc2[nH]ccc12'],Phase 2,rho associated kinase inhibitor,ROCK1|ROCK2,,
14892,YC-1,['5712'],['OCc1ccc(o1)c2nn(Cc3ccccc3)c4ccccc24'],Preclinical,guanylyl cyclase activator,GUCY1A2|GUCY1A3|GUCY1B3|HIF1A,,
14893,YK-4279,['44632017'],['COc1ccc(cc1)C(=O)CC1(O)C(=O)Nc2c1c(Cl)ccc2Cl'],,,,,
14894,YL-51,['73707435'],['CC[C@H](C)[C@H](NC(=O)[C@H](CCCNC(N)=N)NC(=O)[C@H](CCCNC(N)=N)NC(=O)[C@H](CCCNC(N)=N)NC(=O)[C@@H](NC(=O)CCNC(C)=O)C(C)C)C(=O)N[C@]1(C)CCC\\C=C/CCC[C@@](C)(NC(=O)[C@H](CC(C)C)NC(=O)[C@@H]2CCCN2C(=O)[C@H](CCSC)NC1=O)C(=O)N[C@@H](C)C(=O)N1CCC[C@H]1C(=O)N[C@@H](CC(N)=O)C(=O)N[C@@H](Cc1ccc(O)cc1)C(=O)N[C@@H](CC(C)C)C(=O)N[C@@H](CCC(O)=O)C(=O)N[C@@H](CCCNC(N)=N)C(N)=O'],,,,,
14895,YL-52,['73707436'],['CC[C@H](C)[C@H](NC(=O)[C@H](CCCNC(N)=N)NC(=O)[C@H](CCCNC(N)=N)NC(=O)[C@H](CCCNC(N)=N)NC(=O)[C@@H](NC(=O)CCNC(C)=O)C(C)C)C(=O)N[C@]1(C)CCC\\C=C/CCC[C@@](C)(NC(=O)[C@H](CC(C)C)NC(=O)[C@H](CC(C)C)NC(=O)[C@H](CCSC)NC1=O)C(=O)N[C@@H](C)C(=O)N[C@@H](C)C(=O)N[C@@H](CC(N)=O)C(=O)N[C@@H](Cc1ccc(O)cc1)C(=O)N[C@@H](CC(C)C)C(=O)N[C@@H](CCC(O)=O)C(=O)N[C@@H](CCCNC(N)=N)C(N)=O'],,,,,
14896,YL-53,['73707437'],['CCCC[C@@H]1NC(=O)[C@@](C)(CCC\\C=C/CCC[C@@](C)(NC(=O)[C@H](CC(C)C)NC(=O)[C@H](CC(C)C)NC1=O)C(=O)N[C@@H](C)C(=O)N[C@@H](C)C(=O)N[C@@H](CC(N)=O)C(=O)N[C@@H](Cc1ccc(O)cc1)C(=O)N[C@@H](CC(C)C)C(=O)N[C@@H](CCC(O)=O)C(=O)N[C@@H](CCCNC(N)=N)C(N)=O)NC(=O)[C@@H](NC(=O)[C@H](CCCNC(N)=N)NC(=O)[C@H](CCCNC(N)=N)NC(=O)[C@H](CCCNC(N)=N)NC(=O)[C@@H](NC(=O)CCNC(C)=O)C(C)C)[C@@H](C)CC'],,,,,
14897,YL-54,['73707438'],['CC[C@H](C)[C@H](NC(=O)[C@H](CCCNC(N)=N)NC(=O)[C@H](CCCNC(N)=N)NC(=O)CCNC(C)=O)C(=O)N[C@]1(C)CCC\\C=C/CCC[C@@](C)(NC(=O)[C@H](CC(C)C)NC(=O)[C@H](CC(C)C)NC(=O)[C@H](CCSC)NC1=O)C(=O)N[C@@H](C)C(=O)N[C@@H](C)C(=O)N[C@@H](CC(N)=O)C(=O)N[C@@H](CCCNC(N)=N)C(=O)N[C@@H](CC(C)C)C(=O)N[C@@H](CCC(O)=O)C(=O)N[C@@H](CCCNC(N)=N)C(O)=O'],,,,,
14898,YL-55,['73707439'],['CCCC[C@@H]1NC(=O)[C@@](C)(CCC\\C=C/CCC[C@@](C)(NC(=O)[C@H](CC(C)C)NC(=O)[C@H](CC(C)C)NC1=O)C(=O)N[C@@H](C)C(=O)N[C@@H](C)C(=O)N[C@@H](CC(N)=O)C(=O)N[C@@H](CCCNC(N)=N)C(=O)N[C@@H](CC(C)C)C(=O)N[C@@H](CCC(O)=O)C(=O)N[C@@H](CCCNC(N)=N)C(O)=O)NC(=O)[C@@H](NC(=O)[C@H](CCCNC(N)=N)NC(=O)[C@H](CCCNC(N)=N)NC(=O)CCNC(C)=O)[C@@H](C)CC'],,,,,
14899,YL-59,['73707440'],['CC[C@H](C)[C@H](NC(=O)[C@H](CCCNC(N)=N)NC(=O)[C@H](CCCNC(N)=N)NC(=O)CCNC(C)=O)C(=O)N[C@@H](CCC(N)=O)C(=O)N[C@@H](CCSC)C(=O)N[C@@H](CC(C)C)C(=O)N[C@@H](CC(C)C)C(=O)N[C@@H](CCC(O)=O)C(=O)N[C@@H](C)C(=O)N[C@@H](C)C(=O)N[C@@H](CC(N)=O)C(=O)N[C@@H](CCCNC(N)=N)C(=O)N[C@]1(C)CCC\\C=C/CCC[C@@](C)(NC(=O)[C@H](CCCNC(N)=N)NC(=O)[C@H](CCCNC(N)=N)NC(=O)[C@H](CCC(O)=O)NC1=O)C(=O)N[C@@H](CCCNC(N)=N)C(N)=O'],,,,,
14900,YL-60,['73707441'],['CCCC[C@H](NC(=O)[C@H](CCC(N)=O)NC(=O)[C@@H](NC(=O)[C@H](CCCNC(N)=N)NC(=O)[C@H](CCCNC(N)=N)NC(=O)CCNC(C)=O)[C@@H](C)CC)C(=O)N[C@@H](CC(C)C)C(=O)N[C@@H](CC(C)C)C(=O)N[C@@H](CCC(O)=O)C(=O)N[C@@H](C)C(=O)N[C@@H](C)C(=O)N[C@@H](CC(N)=O)C(=O)N[C@@H](CCCNC(N)=N)C(=O)N[C@]1(C)CCC\\C=C/CCC[C@@](C)(NC(=O)[C@H](CCCNC(N)=N)NC(=O)[C@H](CCCNC(N)=N)NC(=O)[C@H](CCC(O)=O)NC1=O)C(=O)N[C@@H](CCCNC(N)=N)C(N)=O'],,,,,
14901,YL-61,['73707442'],['CC[C@H](C)[C@H](NC(=O)[C@H](CCCNC(N)=N)NC(=O)[C@H](CCCNC(N)=N)NC(=O)[C@H](CCCNC(N)=N)NC(=O)[C@H](CC(C)C)NC(=O)[C@H](CCCNC(N)=N)NC(=O)[C@H](CCC(O)=O)NC(=O)CCNC(C)=O)C(=O)N[C@]1(C)CCC\\C=C/CCC[C@@](C)(NC(=O)[C@H](CCCNC(N)=N)NC(=O)[C@H](CS)NC(=O)[C@H](CC(C)C)NC1=O)C(=O)N[C@@H](Cc1c[nH]cn1)C(=O)N[C@@H](Cc1c[nH]cn1)C(=O)N[C@@H](CO)C(=O)N[C@@H]([C@@H](C)O)C(N)=O'],,,,,
14902,YL-62,['73707443'],['CC[C@H](C)[C@H](NC(=O)[C@H](CCCNC(N)=N)NC(=O)[C@H](CCCNC(N)=N)NC(=O)[C@H](CCCNC(N)=N)NC(=O)[C@H](CC(C)C)NC(=O)[C@H](CCCNC(N)=N)NC(=O)[C@H](CCC(O)=O)NC(=O)[C@H](Cc1c[nH]c2ccccc12)NC(=O)CCNC(C)=O)C(=O)N[C@]1(C)CCC\\C=C/CCC[C@@](C)(NC(=O)[C@H](CCCNC(N)=N)NC(=O)[C@H](CS)NC(=O)[C@H](CC(C)C)NC1=O)C(=O)N[C@@H](Cc1c[nH]cn1)C(=O)N[C@@H](Cc1c[nH]cn1)C(=O)N[C@@H](CO)C(=O)N[C@@H]([C@@H](C)O)C(N)=O'],,,,,
14903,YM-09151-2,['9952220'],['CNc1cc(OC)c(cc1Cl)C(=O)N[C@H]1CCN(Cc2ccccc2)[C@H]1C'],,,,,
14904,YM-155,['10126189'],['CC1=[N+](C2=C(N1CCOC)C(=O)C3=CC=CC=C3C2=O)CC4=NC=CN=C4'],Phase 2,survivin inhibitor,BIRC5,,
14905,YM-201636,['9956222'],['Nc1ccc(cn1)C(=O)Nc1cccc(c1)-c1nc(N2CCOCC2)c2oc3ncccc3c2n1'],Preclinical,PI3K inhibitor,,,
14906,YM-298198,['9819432'],['CC1=C(SC2=NC3=C(N12)C=C(C=C3)N)C(=O)N(C)C4CCCCC4'],Preclinical,glutamate receptor antagonist,GRM1,,
14907,YM-90709,['1103147'],['COc1cc2CC(C)(C)n3c(cc4nc5ccccc5nc34)-c2cc1OC'],Preclinical,IL5 inhibitor,CSF2RB|IL5RA,,
14908,YM-976,['6604918'],['CCc1ccc2c(nc(=O)n(CC)c2n1)-c1cccc(Cl)c1'],Phase 1,phosphodiesterase inhibitor,PDE4A,,
14909,YO-2,['5713'],['CCCCCCCCNC(=O)C(Cc1ccc(OCc2ccncc2)cc1)NC(=O)C3CCC(CN)CC3'],,,,,
14910,YS-035,['6917841'],['COc1ccc(CCN(C)CCc2ccc(OC)c(OC)c2)cc1OC'],Preclinical,calcium channel blocker,,,
14911,Z-36,['71311634'],['COc1ccc2[nH]cc(\\C=C3/C(=O)N(CCCN(C)C)c4ccc(F)cc34)c2c1'],,,,,
14912,ZD-2079,['158794'],['O[C@@H](CNCCOc1ccc(CC(O)=O)cc1)c1ccccc1'],Phase 2,adrenergic receptor agonist,ADRB3,,
14913,ZD-7114,['121877'],['COCCNC(=O)COc1ccc(OCCNC[C@@H](O)COc2ccccc2)cc1'],Phase 1,adrenergic receptor agonist,ADRB3,,
14914,ZD-7155,['4673492'],['CCc1cc2N(Cc3ccc(cc3)-c3ccccc3-c3nnn[nH]3)C(=O)CCc2c(CC)n1'],Preclinical,angiotensin receptor antagonist,AGTR1,,
14915,ZD-7288,['3938007'],['CCN(c1ccccc1)c1cc(NC)[n+](C)c(C)n1'],Phase 2,HCN channel blocker,HCN1|HCN2|HCN3|HCN4,,
14916,ZG-10,['57340680'],['CN(C)C/C=C/C(=O)NC1=CC=C(C=C1)C(=O)NC2=CC=CC(=C2)NC3=NC=CC(=N3)C4=CN=CC=C4'],,,,,
14917,ZK-164015,['9806489'],['CCCCCS(=O)(=O)CCCCCCCCCCn1c(c(C)c2cc(O)ccc12)-c1ccc(O)cc1'],Preclinical,estrogen receptor antagonist,ESR1|ESR2,,
14918,ZK-756326,['11688990'],['OCCOCCN1CCN(Cc2cccc(Oc3ccccc3)c2)CC1'],,,,,
14919,ZK-93423,['121926'],['CCOC(=O)c1ncc2[nH]c3ccc(OCc4ccccc4)cc3c2c1COC'],Phase 3,benzodiazepine receptor agonist,GABRA1|GABRA2|GABRA3|GABRA5|GABRB2|GABRG2,,
14920,ZK-93426,['115210'],['CCOC(=O)c1ncc2[nH]c3cccc(OC(C)C)c3c2c1C'],Phase 1,benzodiazepine receptor antagonist,GABRA1|GABRA2|GABRA3|GABRA5,,
14921,ZM-241385,['176407'],['Nc1nc(NCCc2ccc(O)cc2)nc2nc(nn12)-c1ccco1'],Preclinical,adenosine receptor antagonist,ADORA1|ADORA2A|ADORA2B|ADORA3,,
14922,ZM-306416,['5329006'],['COc1cc2ncnc(Nc3ccc(Cl)cc3F)c2cc1OC'],Preclinical,Abl kinase inhibitor|SRC inhibitor|VEGFR inhibitor,EGFR|FLT1|FLT4|KDR,,
14923,ZM-323881,['16759369'],['Cc1cc(F)c(Nc2ncnc3cc(OCc4ccccc4)ccc23)cc1O'],Preclinical,VEGFR inhibitor,KDR,,
14924,ZM-336372,['5730'],['CN(C)c1cccc(c1)C(=O)Nc1ccc(C)c(NC(=O)c2ccc(O)cc2)c1'],Preclinical,RAF inhibitor,BRAF|LCK|MAPK14|RAF1,,
14925,ZM-39923,['3797'],['CC(C)N(CCC(=O)c1ccc2ccccc2c1)Cc1ccccc1'],Preclinical,JAK inhibitor,JAK1|JAK3,,
14926,ZM-447439,['9914412'],['COc1cc2c(Nc3ccc(NC(=O)c4ccccc4)cc3)ncnc2cc1OCCCN1CCOCC1'],Preclinical,Aurora kinase inhibitor,AURKA|AURKB,,
14927,ZSTK-474,['11647372'],['FC(F)c1nc2ccccc2n1-c1nc(nc(n1)N1CCOCC1)N1CCOCC1'],Phase 1/Phase 2,PI3K inhibitor,PIK3CB|PIK3CD|PIK3CG,,
14928,a-disintegrin-and-metalloproteinase,['73707601'],['CN(C)c1ccccc1Sc1ccc(I)cc1N'],,,,,
14929,abiraterone,['73707387'],['C[C@]12CC[C@@H]3[C@@H](CC=C4C[C@@H](O)CC[C@@]34C)[C@@H]1CC=C2c1cccnc1'],Launched,androgen biosynthesis inhibitor,CYP11B1|CYP17A1,oncology,prostate cancer
14930,acadesine,"['16667722', '266934']","['NC(=O)c1ncn(C2OC(CO)C(O)C2O)c1N', 'NC(=O)c1ncn(C2O[C@H](CO)[C@@H](O)[C@H]2O)c1N']",Phase 3,AMPK activator,,,
14931,acamprosate,['73707392'],['CC(=O)NCCCS(O)(=O)=O'],Launched,glutamate receptor antagonist,GABRA1|GABRA2|GABRA3|GABRA4|GABRA5|GABRA6|GABRB1|GABRB2|GABRB3|GABRD|GABRE|GABRG1|GABRG2|GABRG3|GABRP|GABRQ|GRIN1|GRIN2A|GRIN2B|GRIN2C|GRIN2D|GRIN3A|GRIN3B|GRM5,neurology/psychiatry,abstinence from alcohol
14932,acarbose,"['41774', '444254']","['C[C@H]1O[C@H](O[C@@H]2[C@@H](CO)O[C@H](O[C@@H]3[C@@H](CO)OC(O)[C@H](O)[C@H]3O)[C@H](O)[C@H]2O)[C@H](O)[C@@H](O)[C@@H]1N[C@H]1C=C(CO)[C@@H](O)[C@H](O)[C@H]1O', 'C[C@H]1O[C@H](O[C@@H]2[C@@H](CO)O[C@H](O[C@@H]3[C@@H](CO)O[C@@H](O)[C@H](O)[C@H]3O)[C@H](O)[C@H]2O)[C@H](O)[C@@H](O)[C@@H]1N[C@H]1C=C(CO)[C@@H](O)[C@H](O)[C@H]1O']",Launched,glucosidase inhibitor,AMY2A|MGAM,endocrinology,diabetes mellitus
14933,acebutolol,['441307'],['CCCC(=O)Nc1ccc(OCC(O)CNC(C)C)c(c1)C(C)=O'],Launched,adrenergic receptor antagonist,ADRB1,cardiology,hypertension|ventricular arrhythmias
14934,aceclidine,['1979'],['CC(=O)OC1CN2CC[C@H]1CC2'],Launched,acetylcholine receptor agonist,CHRM1|CHRM2|CHRM3|CHRM4|CHRM5,ophthalmology,glaucoma
14935,aceclofenac,['71771'],['OC(=O)COC(=O)Cc1ccccc1Nc1c(Cl)cccc1Cl'],Launched,prostanoid receptor antagonist,PTGS2,rheumatology,rheumatoid arthritis|ankylosing spondylitis|osteoarthritis|periarthritis|lumbago|ischiadynia
14936,acefylline,['69550'],['Cn1c2ncn(CC(O)=O)c2c(=O)n(C)c1=O'],Launched,adenosine receptor agonist,ADORA1,pulmonary,asthma
14937,acemetacin,['1981'],['COc1ccc2n(C(=O)c3ccc(Cl)cc3)c(C)c(CC(=O)OCC(O)=O)c2c1'],Launched,cyclooxygenase inhibitor,PTGS1|PTGS2,rheumatology,osteoarthritis
14938,acenocoumarol,['54676537'],['CC(=O)CC(c1ccc(cc1)[N+]([O-])=O)c1c(O)c2ccccc2oc1=O'],Launched,vitamin K antagonist,VKORC1,hematology,deep vein thrombosis (DVT)
14939,acepromazine,['20832455'],['CN(C)CCCN1c2ccccc2Sc2ccc(cc12)C(C)=O'],Launched,dopamine receptor antagonist,ADRA1A|ADRA1B|DRD1|DRD2|HTR1A|HTR2A,neurology/psychiatry,sedative
14940,acetaldehyde,['177'],['CC=O'],,,,,
14941,acetamide,['178'],['CC(N)=O'],,,,,
14942,acetazolamide,['1986'],['CC(=O)Nc1nnc(s1)S(N)(=O)=O'],Launched,carbonic anhydrase inhibitor,AQP1|CA1|CA12|CA14|CA2|CA3|CA4|CA7,ophthalmology,glaucoma
14943,acetohexamide,['1989'],['CC(=O)c1ccc(cc1)S(=O)(=O)NC(=O)NC1CCCCC1'],Launched,ATP channel blocker,ABCC8|KCNJ1|KCNJ10|KCNJ11,endocrinology,diabetes mellitus
14944,acetohydroxamic-acid,['220184'],['ONC(=O)Cc1ccccc1'],Launched,urease inhibitor,MMP12,infectious disease,urinary tract infections
14945,acetyl-farnesyl-cysteine,['6438381'],['CC(=O)N[C@@H](CSC\\C=C(/C)CC\\C=C(/C)CCC=C(C)C)C(O)=O'],Launched,methyltransferase inhibitor,PPARG,dermatology,acne vulgaris (AV)
14946,acetyl-geranygeranyl-cysteine,['11575713'],['CC(=CCC/C(=C/CC/C(=C/CC/C(=C/CSC[C@H](NC(=O)C)C(=O)O)/C)/C)/C)C'],,,,,
14947,acetyl-geranyl-cysteine,['10063341'],['CC(=CCC/C(=C/CSC[C@@H](C(=O)O)NC(=O)C)/C)C'],,,,,
14948,acetylcholine,['93565'],['CC(=O)OCC[N+](C)(C)C'],Launched,acetylcholine receptor agonist,ACHE|CHRM1|CHRM2|CHRM3|CHRM4|CHRM5|CHRNA2,neurology/psychiatry|gastroenterology|pulmonary,drowsiness|fatigue|headache|indigestion|chest congestion
14949,acetylcysteine,['12035'],['CC(=O)N[C@@H](CS)C(O)=O'],Launched,mucolytic agent,ACY1|CHUK|GRIN1|GRIN2A|GRIN2B|GRIN2D|GRIN3A|GSS|IKBKB|RELA|SLC7A11,gastroenterology,acetaminophen overdose|hepatic injury
14950,acetylsalicylsalicylic-acid,['10745'],['CC(=O)Oc1ccccc1C(=O)Oc1ccccc1C(O)=O'],Preclinical,cyclooxygenase inhibitor,,,
14951,acipimox,['5310993'],['Cc1cnc(c[n+]1[O-])C(O)=O'],Launched,cholesterol inhibitor,HCAR2,endocrinology,hyperlipidemia
14952,acitretin,['5284513'],['CC1=CC(=C(C(=C1/C=C/C(=C/C=C/C(=C/C(=O)O)/C)/C)C)C)OC'],Launched,retinoid receptor agonist,RARA|RARB|RARG|RBP1|RXRA|RXRB|RXRG|STAT3,dermatology,psoriasis
14953,actarit,['2018'],['CC(=O)Nc1ccc(CC(O)=O)cc1'],Launched,interleukin receptor agonist,,rheumatology,rheumatoid arthritis
14954,actinomycin-d,['2019'],['CC(C)C1NC(=O)C(NC(=O)c2ccc(C)c3oc4c(C)c(=O)c(N)c(C(=O)NC5C(C)OC(=O)C(C(C)C)N(C)C(=O)CN(C)C(=O)C6CCCN6C(=O)C(NC5=O)C(C)C)c4nc23)C(C)OC(=O)C(C(C)C)N(C)C(=O)CN(C)C(=O)C7CCCN7C1=O'],Launched,RNA polymerase inhibitor,,oncology,Wilm's tumor|Ewing's sarcoma|rhabdomyosarcoma|testicular carcinoma
14955,acyclovir,['2022'],['Nc1nc2n(COCCO)cnc2c(=O)[nH]1'],Launched,DNA polymerase inhibitor,PNP,infectious disease,genitial herpes|shingles|chicken pox
14956,adapalene,['60164'],['COc1ccc(cc1C12CC3CC(CC(C3)C1)C2)-c1ccc2cc(ccc2c1)C(O)=O'],Launched,retinoid receptor agonist,RARA|RARB|RARG|RXRA|RXRB|RXRG,dermatology,acne vulgaris (AV)
14957,adenosine-phosphate,['6419976'],['Nc1ncnc2n(cnc12)[C@@H]3O[C@H](COP(=O)(O)O)[C@@H](O)[C@H]3O'],Launched,adenosine receptor agonist,ACSL1|ACSS1|ACSS2|ADCY1|ADK|CREB1|FBP1|HINT1|PDE4B|PDE4D|PIM1|PRKAA1|PRKAB1|PRKAB2|PYGL|TRPM4,,
14958,adiphenine,['5763'],['CCN(CC)CCOC(=O)C(c1ccccc1)c1ccccc1'],Launched,acetylcholine receptor antagonist,CHRNA1,neurology/psychiatry,spasms
14959,adipiodone,['3739'],['OC(=O)c1c(I)cc(I)c(NC(=O)CCCCC(=O)Nc2c(I)cc(I)c(C(=O)O)c2I)c1I'],,,,,
14960,adrenosterone,['6927363'],['C[C@]12CC(=O)[C@@H]3[C@H](CCC4=CC(=O)CC[C@]34C)[C@@H]1CCC2=O'],Preclinical,11-beta hydroxysteroid dehydrogenase inhibitor,HSD11B1|HSD11B2,,
14961,afatinib,['10184653'],['CN(C)C/C=C/C(=O)NC1=C(C=C2C(=C1)C(=NC=N2)NC3=CC(=C(C=C3)F)Cl)O[C@H]4CCOC4'],Launched,EGFR inhibitor,EGFR|ERBB2|ERBB4,oncology,non-small cell lung cancer (NSCLC)
14962,aflatoxin-b1,['14403'],['COc1cc2OC3OC=CC3c2c2oc(=O)c3C(=O)CCc3c12'],,,,,
14963,alaproclate,['2081'],['CC(N)C(=O)OC(C)(C)Cc1ccc(Cl)cc1'],Phase 2,serotonin receptor antagonist,SLC6A4,,
14964,albendazole,['2082'],['CCCSc1ccc2[nH]c(NC(=O)OC)nc2c1'],Launched,tubulin polymerization inhibitor,TUBA1A|TUBB|TUBB4B,infectious disease,cystic hydatid disease|parenchymal neurocysticercosis
14965,alclometasone,['73707510'],['CCC(=O)OCC(=O)C1([C@@H](C[C@@H]2[C@@]1(C[C@@H]([C@@H]3[C@@H]2[C@@H](CC4=CC(=O)C=C[C@]34C)Cl)O)C)C)OC(=O)CC'],,,,,
14966,alcuronium,['73707450'],['OCC=C1C[N@+]2(CC=C)CC[C@@]34[C@@H]2C[C@@H]1C1=CN2C5C(=CN(C31)c1ccccc41)[C@@H]1C[C@@H]3[C@@]5(CC[N@@+]3(CC=C)CC1=CCO)c1ccccc21'],Launched,muscle relaxant,CHRM1|CHRM2|CHRM3|CHRM4|CHRNA7,neurology/psychiatry,muscle relaxant
14967,alda-1,['831629'],['Clc1cccc(Cl)c1C(=O)NCc2ccc3OCOc3c2'],Preclinical,aldehyde dehydrogenase activator,ALDH2,,
14968,alendronic-acid,['2088'],['NCCCC(O)(P(O)(O)=O)P(O)(O)=O'],,,,,
14969,alexidine,['18968508'],['CCCCC(CC)CNC(=N)NC(=N)NCCCCCCNC(=N)NC(=N)NCC(CC)CCCC'],Preclinical,phosphatidylglycerophosphatase inhibitor,PTPMT1,,
14970,alfacalcidol,"['73707426', '73707490']","['CC(C)CCC[C@@H](C)[C@@H]1CC[C@H]2[C@@]1(C)CCC\\C2=C/C=C1/C[C@@H](O)C[C@H](O)C1=C', 'CC(C)CCC[C@@H](C)[C@H]1CC[C@H]2C(CCC[C@]12C)=CC=C1C[C@@H](O)C[C@H](O)C1=C']",Launched,vitamin D receptor agonist,CYP27B1|VDR,endocrinology,vitamin D deficiency
14971,alfadolone,['73707462'],['CC(=O)OCC(=O)[C@H]1CC[C@H]2[C@H]3CC[C@H]4C[C@H](O)CC[C@]4(C)[C@@H]3C(=O)C[C@]12C'],,,,,
14972,alfadolone-acetate,['24733'],['CC(=O)OCC(=O)[C@H]1CC[C@H]2[C@@H]3CC[C@H]4C[C@H](O)CC[C@]4(C)[C@H]3C(=O)C[C@]12C'],Phase 2,benzodiazepine receptor agonist,,,
14973,alfaxalone,['7092517'],['CC(=O)[C@H]1CC[C@@H]2[C@@]1(CC(=O)[C@@H]3[C@@H]2CC[C@@H]4[C@@]3(CC[C@H](C4)O)C)C'],,,,,
14974,alfuzosin,['2092'],['COc1cc2nc(nc(N)c2cc1OC)N(C)CCCNC(=O)C1CCCO1'],Launched,adrenergic receptor antagonist,ADRA1A|ADRA1B|ADRA1D|SCN10A|SCN11A|SCN1A|SCN2A|SCN3A|SCN4A|SCN5A|SCN7A|SCN8A|SCN9A,urology,benign prostatic hyperplasia (BPH)
14975,alimemazine,['73707352'],['CC(CN1C2=CC=CC=C2SC3=CC=CC=C31)CN(C)C.CC(CN1C2=CC=CC=C2SC3=CC=CC=C31)CN(C)C'],Launched,histamine receptor agonist|histamine receptor antagonist,HRH1,neurology/psychiatry|allergy|pulmonary,sedative|urticaria|itching|cough suppressant
14976,alisertib,['24771867'],['COc1cc(Nc2ncc3CN=C(c4cc(Cl)ccc4-c3n2)c2c(F)cccc2OC)ccc1C(O)=O'],Phase 3,Aurora kinase inhibitor,AURKA,,
14977,aliskiren,['5493444'],['COCCCOc1cc(C[C@@H](C[C@H](N)[C@@H](O)C[C@@H](C(C)C)C(=O)NCC(C)(C)C(N)=O)C(C)C)ccc1OC'],,,,,
14978,alitretinoin,['449171'],['C/C(=C/C=C/C(=C/C(=O)O)/C)/C=C/C1=C(C)CCCC1(C)C'],,,,,
14979,alizapride,['6410734'],['COc1cc2[nH]nnc2cc1C(=O)NCC1CCCN1CC=C'],Launched,dopamine receptor antagonist,,gastroenterology,nausea
14980,allantoin,['204'],['NC(=O)NC1NC(=O)NC1=O'],Launched,cosmetic,,dermatology,skin protectant
14981,allantoxanamide,['188244'],['NC(=O)c1nc(=O)[nH]c(=O)[nH]1'],,,,,
14982,allopurinol,['2094'],['O=c1[nH]cnc2[nH]ncc12'],Launched,xanthine oxidase inhibitor,XDH,rheumatology|urology,gout|kidney stones
14983,aloisine,['3641059'],['CCCCC1=C(NC2=NC=CN=C12)C3=CC=C(C=C3)OC'],,,,,
14984,alosetron,['60758'],['Cc1[nH]cnc1CN1CCc2c(C1=O)c1ccccc1n2C'],Withdrawn,serotonin receptor antagonist,HTR3A,,
14985,alpha-estradiol,['450'],['CC12CCC3C(CCc4cc(O)ccc34)C1CCC2O'],,,,,
14986,alpha-linolenic-acid,['5280934'],['CC\\C=C/C\\C=C/C\\C=C/CCCCCCCC(O)=O'],Phase 3,omega 3 fatty acid stimulant,ELOVL4|FADS1|FADS2|FFAR1|FFAR4|PTGS2|SLC8A1|TRPV1,,
14987,alpha-methylserotonin,['24847763'],['CC(N)Cc1c[nH]c2ccc(O)cc12'],Preclinical,serotonin receptor agonist,HTR1D|HTR1E|HTR1F|HTR2A|HTR2B|HTR2C|HTR4,,
14988,alpha-tocopherol,['2116'],['CC(C)CCCC(C)CCCC(C)CCCC1(C)CCc2c(C)c(O)c(C)c(C)c2O1'],,,,,
14989,alprazolam,['2118'],['Cc1nnc2CN=C(c3ccccc3)c3cc(Cl)ccc3-n12'],,,,,
14990,alprenolol,['2119'],['CC(C)NCC(O)COc1ccccc1CC=C'],Launched,adrenergic receptor antagonist,ADRB1|ADRB2,cardiology,angina pectoris
14991,alprostadil,['5280723'],['CCCCC[C@H](O)\\C=C\\[C@H]1[C@H](O)CC(=O)[C@@H]1CCCCCCC(O)=O'],Launched,prostanoid receptor agonist,CATSPER1|CATSPER2|CATSPER3|CATSPER4|PTGDR|PTGER1|PTGER2|PTGER4|PTGIR,cardiology,congenital heart defects
14992,alrestatin,['2120'],['OC(=O)CN1C(=O)c2cccc3cccc(C1=O)c23'],Preclinical,aldose reductase inhibitor,AKR1B1,,
14993,altanserin,['3033677'],['Fc1ccc(cc1)C(=O)C1CCN(CCn2c(=S)[nH]c3ccccc3c2=O)CC1'],Phase 2,serotonin receptor antagonist,HTR2A,,
14994,altizide,['2122'],['NS(=O)(=O)c1cc2c(NC(CSCC=C)NS2(=O)=O)cc1Cl'],,,,,
14995,altrenogest,['10041070'],['C[C@]12C=CC3=C4CCC(=O)C=C4CCC3C1CC[C@@]2(O)CC=C'],Launched,progestogen hormone,PGR,endocrinology,estrus
14996,altretamine,['2123'],['CN(C)c1nc(nc(n1)N(C)C)N(C)C'],Launched,DNA synthesis inhibitor,,oncology,ovarian cancer
14997,alverine,['3678'],['CCN(CCCc1ccccc1)CCCc1ccccc1'],Launched,muscle relaxant,HTR1A,gastroenterology,irritable bowel syndrome|diverticular disease
14998,alvespimycin,['5288674'],['C[C@H]1C[C@@H]([C@@H]([C@H](/C=C(/[C@@H]([C@H](/C=C\\C=C(\\C(=O)NC2=CC(=O)C(=C(C1)C2=O)NCCN(C)C)/C)OC)OC(=O)N)\\C)C)O)OC'],Phase 2,HSP inhibitor,HSP90AA1,,
14999,alvocidib,['5287969'],['CN1CC[C@@H]([C@H](O)C1)c1c(O)cc(O)c2c1oc(cc2=O)-c1ccccc1Cl'],Phase 2,CDK inhibitor,CDK1|CDK2|CDK4|CDK5|CDK6|CDK7|CDK8|CDK9|EGFR|PYGM,,
15000,amantadine,['21249869'],['C1C2CC3CC1CC(C2)(C3)N.C1C2CC3CC1CC(C2)(C3)N'],Launched,glutamate receptor antagonist,DRD2|GRIN2A|GRIN2B|GRIN2C|GRIN2D|GRIN3A,infectious disease|neurology/psychiatry,influenza A virus infection|Parkinson's Disease
15001,ambelline,"['25092366', '290811', '441585', '494154', '6708518']",['CO[C@@H]1CC2N3CC(O)C2(C=C1)c4cc5OCOc5c(OC)c4C3'],,,,,
15002,ambrisentan,['197712'],['COC(C(Oc1nc(C)cc(C)n1)C(=O)O)(c2ccccc2)c3ccccc3'],Launched,endothelin receptor antagonist,EDNRA|EDNRB,pulmonary,pulmonary arterial hypertension (PAH)
15003,ambroxol,['2132'],['Nc1c(Br)cc(Br)cc1CN[C@H]1CC[C@H](O)CC1'],Launched,sodium channel blocker,CYP3A4,pulmonary,bronchitis
15004,amcinonide,"['2133', '40469418']","['CC(=O)OCC(=O)C12OC3(CCCC3)OC1CC1C3CCC4=CC(=O)C=CC4(C)C3(F)C(O)CC21C', 'CC(=O)OCC(=O)[C@@]12OC3(CCCC3)O[C@@H]1CC1C3CCC4=CC(=O)C=C[C@]4(C)[C@@]3(F)[C@@H](O)C[C@]21C', 'CC(=O)OCC(=O)[C@@]12OC3(CCCC3)O[C@@H]1C[C@H]1[C@H]3CCC4=CC(=O)C=C[C@]4(C)[C@@]3(F)[C@@H](O)C[C@]21C']",Launched,glucocorticoid receptor agonist,NR3C1,dermatology,corticosteroid-responsive dermatoses
15005,amfepramone,['7029'],['CCN(CC)C(C)C(=O)c1ccccc1'],,,,,
15006,amifostine,['2141'],['NCCCNCCSP(O)(O)=O'],Launched,reducing agent,ALPPL2|ENPP1,nephrology,renal toxicity
15007,amikacin,['16218899'],['NCC[C@H](O)C(=O)N[C@@H]1C[C@H](N)[C@@H](O[C@H]2O[C@H](CN)[C@@H](O)[C@H](O)[C@H]2O)[C@H](O)[C@H]1O[C@H]1O[C@H](CO)[C@@H](O)[C@H](N)[C@H]1O'],Launched,bacterial 30S ribosomal subunit inhibitor,,infectious disease,gram-negative bacterial infections
15008,amiloride,['16231'],['NC(=N)NC(=O)c1nc(Cl)c(N)nc1N'],Launched,sodium channel blocker,AOC1|ASIC1|ASIC2|ASIC3|PKD2|PKD2L1|PLAU|SCNN1A|SCNN1B|SCNN1D|SCNN1G|SLC9A1|TRPC7|TRPV2,cardiology,hypertension|congestive heart failure
15009,aminobenztropine,['62872'],['Clc1ccc2Sc3ccccc3N(CCCN3CCN(CC3)C3C4CC5CC(C4)CC3C5)c2c1'],,,,,
15010,aminocaproic-acid,['564'],['NCCCCCC(O)=O'],Launched,plasminogen activator inhibitor,LPA|PLAT|PLG,hematology,fibrinolytic bleeding
15011,aminogenistein,['125519'],['Nc1ccc(cc1)c2cc(=O)c3cc(O)ccc3o2'],,,,,
15012,aminoglutethimide,['2145'],['CCC1(CCC(=O)NC1=O)c1ccc(N)cc1'],Launched,glucocorticoid receptor antagonist,CYP11A1|CYP19A1,endocrinology|oncology,Cushing's syndrome|breast cancer
15013,aminohippuric-acid,['2148'],['Nc1ccc(cc1)C(=O)NCC(O)=O'],,,,,
15014,aminoindazole,['81423'],['Nc1ccc2c[nH]nc2c1'],,,,,
15015,aminomethyltransferase,['7059445'],['CC1CCN=C(N)S1'],Preclinical,nitric oxide synthase inhibitor,NOS2,,
15016,aminopentamide,['22565'],['CC(CC(C(N)=O)(c1ccccc1)c1ccccc1)N(C)C'],Launched,acetylcholine receptor antagonist,CHRM1,gastroenterology,acute abdominal visceral spasm|hypertrophic gastritis (GHG)|nausea
15017,aminophylline,['18680317'],['Cn1c(=O)n(C)c2nc[nH]c2c1=O.Cn1c(=O)n(C)c2nc[nH]c2c1=O'],Launched,adenosine receptor antagonist,ADORA1|ADORA2A|ADORA2B|ADORA3|HDAC2|PDE3A|PDE3B|PDE4A|PDE4B|PDE4C|PDE4D|PDE5A,pulmonary,asthma|bronchitis|emphysema
15018,aminopurvalanol-a,['6604931'],['CC(C)[C@H](CO)Nc1nc(Nc2cc(N)cc(Cl)c2)c2ncn(C(C)C)c2n1'],Preclinical,CDK inhibitor|tyrosine kinase inhibitor,CDK1|CDK2|CDK5,,
15019,aminoresveratrol,['46191176'],['Nc1ccc(cc1)\\C=C\\c1cc(O)cc(O)c1'],,,,,
15020,aminosalicylic-acid,['4649'],['Nc1ccc(C(O)=O)c(O)c1'],,,,,
15021,amiodarone,['16218975'],['CCCCCC1=C(C2=CC=CC=C2O1)C(=O)C3=CC(=C(C(=C3)I)OCCN(CC)CC)I'],Launched,potassium channel blocker,ADRB1|CACNA1H|CACNA2D2|KCNA7|KCNH2,cardiology,ventricular arrhythmias
15022,amiprilose,['73707495'],['CN(C)CCCO[C@H]1[C@@H](O[C@@H]2OC(C)(C)O[C@@H]12)[C@H](O)CO'],Phase 3,CD antagonist,,,
15023,amisulpride,['2159'],['CCN1CCCC1CNC(=O)c1cc(c(N)cc1OC)S(=O)(=O)CC'],Launched,dopamine receptor antagonist,DRD2,neurology/psychiatry,psychosis|bipolar disorder|schizophrenia
15024,amitriptyline,['2160'],['CN(C)CCC=C1c2ccccc2CCc2ccccc12'],Launched,norepinephrine inhibitor|norepinephrine reuptake inhibitor|serotonin receptor antagonist|serotonin–norepinephrine reuptake inhibitor (SNRI),ADRA1A|ADRA1B|ADRA1D|ADRA2A|ADRB1|ADRB2|ADRB3|CHRM1|CHRM2|CHRM3|CHRM4|CHRM5|HRH1|HRH2|HRH4|HTR1A|HTR1B|HTR1D|HTR2A|HTR2C|HTR6|HTR7|KCNA1|KCND2|KCND3|KCNQ2|KCNQ3|NTRK1|NTRK2|OPRD1|OPRK1|OPRM1|SIGMAR1|SLC6A2|SLC6A4,neurology/psychiatry,depression
15025,amlexanox,['2161'],['CC(C)c1ccc2oc3nc(N)c(cc3c(=O)c2c1)C(O)=O'],Launched,histamine receptor modulator,FGF1|IL3|PDE4A|PDE4B|PDE4C|PDE4D|S100A12|S100A13,dental|pulmonary|ophthalmology|allergy,aphthous ulcers|asthma|conjunctivitis|allergic rhinitis
15026,amlodipine,['60496'],['CCOC(=O)C1=C(NC(=C(C1C2=CC=CC=C2Cl)C(=O)OC)C)COCCN'],Launched,calcium channel blocker,CACNA1C|CACNA1D|CACNA1F|CACNA1S|CACNA2D1,cardiology,hypertension|chronic stable angina|vasospastic angina|coronary artery disease (CAD)
15027,amodiaquine,['2165'],['CCN(CC)Cc1cc(Nc2ccnc3cc(Cl)ccc23)ccc1O'],Launched,histamine receptor agonist,HNMT,infectious disease,malaria
15028,amonafide,['50515'],['CN(C)CCN1C(=O)c2cccc3cc(N)cc(C1=O)c23'],Phase 3,topoisomerase inhibitor,TOP2A|TOP2B,,
15029,amoxapine,['2170'],['Clc1ccc2Oc3ccccc3N=C(N3CCNCC3)c2c1'],Launched,norepinephrine reputake inhibitor,ADRA1A|ADRA1B|ADRA1D|ADRA2A|ADRA2B|ADRA2C|CHRM1|CHRM2|CHRM3|CHRM4|CHRM5|DRD1|DRD2|DRD3|DRD4|DRD5|GABRA1|GABRA2|GABRA3|GABRA4|GABRA5|GABRA6|GABRB1|GABRB2|GABRB3|GABRD|GABRE|GABRG1|GABRG2|GABRG3|GABRP|GABRQ|HRH1|HRH4|HTR1A|HTR1B|HTR2A|HTR2B|HTR2C|HTR3A|HTR6|HTR7|SLC6A2|SLC6A3|SLC6A4,neurology/psychiatry,depression
15030,amoxicillin,['33613'],['CC1(C)S[C@@H]2[C@H](NC(=O)[C@H](N)c3ccc(O)cc3)C(=O)N2[C@H]1C(O)=O'],Launched,penicillin binding protein inhibitor,CYP2C19|SLC15A1|SLC15A2|SLC22A6,infectious disease|gastroenterology,skin infections|duodenal ulcer disease|gonorrhea|ear infections|throat infections|genitourinary tract infections|respiratory tract infections
15031,amperozide,['73333'],['CCNC(=O)N1CCN(CCCC(c2ccc(F)cc2)c2ccc(F)cc2)CC1'],Launched,dopamine receptor antagonist,FAAH|HTR2A,neurology/psychiatry,psychosis
15032,amphotericin-b,['73707460'],['C[C@H]1O[C@@H](O[C@@H]2C[C@H]3O[C@@](O)(C[C@H](O)[C@H]3C(O)=O)C[C@@H](O)C[C@@H](O)[C@H](O)CC[C@@H](O)C[C@@H](O)CC(=O)O[C@@H](C)[C@H](C)[C@H](O)[C@@H](C)C=CC=CC=CC=CC=CC=CC=C2)[C@@H](O)[C@@H](N)[C@@H]1O'],Launched,membrane permeability enhancer,,infectious disease,fungal infection
15033,ampicillin,['6249'],['CC1([C@@H](N2[C@H](S1)[C@@H](C2=O)NC(=O)[C@@H](C3=CC=CC=C3)N)C(=O)O)C'],Launched,bacterial cell wall synthesis inhibitor,,infectious disease,respiratory tract infections|meningitis|bacterial septicemia|endocarditis|urinary tract infections|gastrointestinal infections
15034,ampiroxicam,['2176'],['CCOC(=O)OC(C)OC1=C(N(C)S(=O)(=O)c2ccccc12)C(=O)Nc1ccccn1'],Launched,cyclooxygenase inhibitor,PTGS1|PTGS2,neurology/psychiatry,pain relief
15035,ampyrone,['2151'],['Cc1c(N)c(=O)n(-c2ccccc2)n1C'],Preclinical,cyclooxygenase inhibitor,,,
15036,amsacrine,['2179'],['COc1cc(NS(=O)(=O)C)ccc1Cc2c3ccccc3nc4ccccc24'],Launched,topoisomerase inhibitor,KCNH2|TOP2A,hematologic malignancy,acute lymphoblastic leukemia (ALL)
15037,amthamine,['126688'],['Cc1nc(N)sc1CCN'],Preclinical,histamine receptor agonist,HRH2,,
15038,amuvatinib,['11282283'],['S=C(NCc1ccc2OCOc2c1)N1CCN(CC1)c1ncnc2c3ccccc3oc12'],Phase 2,FLT3 inhibitor|KIT inhibitor|PDGFR tyrosine kinase receptor inhibitor|RAD51 inhibitor|RET tyrosine kinase inhibitor,KIT|MET,,
15039,amyleine,['10767'],['CCC(C)(CN(C)C)OC(=O)c1ccccc1'],Preclinical,local anesthetic,,,
15040,anabasine,['205586'],['C1CC[C@@H](NC1)c2cccnc2'],Preclinical,acetylcholine receptor agonist,,,
15041,anacardic-acid,['167551'],['CCCCCCCCCCCCCCCc1cccc(O)c1C(O)=O'],,,,,
15042,anagrelide,['135409400'],['Clc1ccc2N=C3NC(=O)CN3Cc2c1Cl'],Launched,phosphodiesterase inhibitor,PDE3A,hematology|hematologic malignancy,thrombocythemia|myeloproliferative neoplasms
15043,anandamide,['5281969'],['CCCCC/C=C\\C/C=C\\C/C=C\\C/C=C\\CCCC(=O)NCCO'],Phase 2,cannabinoid receptor agonist,CACNA1G|CACNA1H|CACNA1I|CNR1|CNR2|GLRA1|GPR18|GPR55|KCNA2|KCNK3|KCNK9|TRPM8|TRPV1,,
15044,anastrozole,['2187'],['CC(C)(C#N)c1cc(Cn2cncn2)cc(c1)C(C)(C)C#N'],Launched,aromatase inhibitor,CYP19A1,oncology,breast cancer
15045,andarine,['9824562'],['CC(=O)Nc1ccc(OC[C@](C)(O)C(=O)Nc2ccc(c(c2)C(F)(F)F)[N+]([O-])=O)cc1'],Phase 1,androgen receptor modulator,AR,,
15046,"androsta-1,4-dien-3,17-dione",['13472'],['C[C@@]12CCC3C(CCC4=CC(=O)C=C[C@]34C)C2CCC1=O'],,,,,
15047,androstanol,['449196'],['C[C@@]12CCC[C@H]1[C@@H]3CC[C@H]4C[C@@H](CC[C@@]4([C@H]3CC2)C)O'],,,,,
15048,androstenedione,['6128'],['C[C@@]12CC[C@H]3[C@@H](CCC4=CC(=O)CC[C@]34C)[C@@H]2CCC1=O'],,,,,
15049,androstenol,['101989'],['C[C@]12CC[C@H]3[C@@H](CC[C@H]4C[C@H](O)CC[C@]34C)[C@@H]1CC=C2'],,,,,
15050,androsterone,['11868768'],['C[C@]12CC[C@@H]3[C@@H](CC[C@H]4C[C@H](O)CC[C@]34C)[C@H]1CCC2=O'],Preclinical,androgen receptor agonist,,,
15051,anethole,['637563'],['C/C=C/C1=CC=C(C=C1)OC'],Launched,glutathione transferase stimulant,,,
15052,angiogenesis-inhibitor,['5714572'],['O=C/1Nc2ccccc2\\C1=C/c3c[nH]cn3'],,,,,
15053,aniracetam,['2196'],['COc1ccc(cc1)C(=O)N1CCCC1=O'],Launched,glutamate receptor agonist,DRD2|GRIA1|GRIA2|GRIA3|GRIA4|HTR2A,,
15054,anisomycin,['31549'],['CC(=O)O[C@H]1[C@@H](CN[C@H]1CC2=CC=C(C=C2)OC)O'],Preclinical,DNA synthesis inhibitor,NHP2L1|RPL10L|RPL11|RPL13A|RPL15|RPL19|RPL23|RPL23A|RPL26L1|RPL3|RPL37|RPL8|RSL24D1,,
15055,anpirtoline,['65854'],['Clc1cccc(SC2CCNCC2)n1'],Phase 1,serotonin receptor agonist,HTR1B,,
15056,antazoline,['17275'],['C(N(Cc1ccccc1)c1ccccc1)C1=NCCN1'],Launched,antihistamine,HRH1,ophthalmology|otolaryngology,conjunctivitis|nasal congestion
15057,anthothecol,['73707348'],['CC(=O)O[C@@H]1C[C@@]2(C)[C@@H](C[C@H]3O[C@]32[C@@]4(C)C1[C@@]5(C)C=CC(=O)C(C)(C)C5C(=O)C4=O)c6ccoc6'],,,,,
15058,antimycin-a,"['16218979', '5702199', '6420045']","['CCCCCCC1[C@@H](OC(=O)CC(C)C)[C@H](C)OC(=O)[C@@H](NC(=O)c2cccc(NC=O)c2O)[C@@H](C)OC1=O', 'CCCCCC[C@@H]1[C@@H](OC(=O)CC(C)C)[C@H](C)OC(=O)C(NC(=O)c2cccc(NC=O)c2O)[C@@H](C)OC1=O', 'CCCCC[C@@H]1[C@@H](OC(=O)CC(C)C)[C@H](C)OC(=O)[C@@H](NC(=O)c2cccc(NC=O)c2O)[C@@H](C)OC1=O']",,,,,
15059,apafant,['65889'],['Cc1nnc2CN=C(c3cc(CCC(=O)N4CCOCC4)sc3-n12)c1ccccc1Cl'],Phase 3,platelet activating factor receptor antagonist,PTAFR,,
15060,apicidin,['467801'],['CCC(C)[C@H]1C(=O)N2CCCC[C@@H]2C(=O)N[C@H](C(=O)N[C@H](C(=O)N1)CC3=CN(C4=CC=CC=C43)OC)CCCCCC(=O)CC'],,,,,
15061,apigenin,['5280443'],['C1=CC(=CC=C1C2=CC(=O)C3=C(C=C(C=C3O2)O)O)O'],Preclinical,casein kinase inhibitor|cell proliferation inhibitor,AKR1B1|AR|CDK6|CFTR|CYP19A1|CYP1B1|HSD17B1,,
15062,apomorphine,['73707506'],['CN1CCc2cccc-3c2[C@@H]1Cc1ccc(O)c(O)c-31.CN1CCc2cccc-3c2[C@@H]1Cc1ccc(O)c(O)c-31'],,,,,
15063,apoptosis-activator-II,['1901244'],['Clc1ccc(CN2C(=O)C(=O)c3ccccc23)cc1Cl'],Preclinical,carboxylesterase inhibitor,BCHE|CES1,,
15064,apramycin,['23958199'],['CN[C@H]1[C@@H](O)C2O[C@H](O[C@@H]3[C@@H](N)C[C@@H](N)[C@H](O)[C@H]3O)[C@H](N)C[C@@H]2OC1O[C@H]4O[C@H](CO)[C@@H](N)[C@H](O)[C@H]4O'],Launched,bacterial 30S ribosomal subunit inhibitor,,infectious disease,gram-negative bacterial infections
15065,aprepitant,"['151165', '6918365']","['C[C@@H](O[C@@H]1OCCN(Cc2nc(=O)[nH][nH]2)[C@@H]1c1ccc(F)cc1)c1cc(cc(c1)C(F)(F)F)C(F)(F)F', 'C[C@@H](O[C@H]1OCCN(Cc2nc(=O)[nH][nH]2)[C@H]1c1ccc(F)cc1)c1cc(cc(c1)C(F)(F)F)C(F)(F)F']",Launched,tachykinin antagonist,TACR1,gastroenterology,nausea|vomiting
15066,arachidonamide,['5283393'],['CCCCC/C=C\\C/C=C\\C/C=C\\C/C=C\\CCCC(=O)N'],,,,,
15067,arachidonyl-trifluoro-methane,['5280436'],['CCCCC/C=C\\C/C=C\\C/C=C\\C/C=C\\CCCC(=O)C(F)(F)F'],,,,,
15068,arbutin,['440936'],['OC[C@H]1O[C@@H](Oc2ccc(O)cc2)[C@H](O)[C@@H](O)[C@@H]1O'],Phase 2/Phase 3,melanin inhibitor,TYR,,
15069,arctigenin,['64981'],['COc1cc(C[C@@H]2[C@@H](Cc3ccc(OC)c(OC)c3)COC2=O)ccc1O'],Preclinical,MEK inhibitor,CHUK|MAP2K1,,
15070,arcyriaflavin-a,['5327723'],['O=C1NC(=O)c2c1c1c3ccccc3[nH]c1c1[nH]c3ccccc3c21'],Preclinical,CDK inhibitor,CCND1|CDK4,,
15071,arecaidine-but-2-ynyl-ester,['4214594'],['CC#CCOC(=O)C1=CCCN(C)C1'],Preclinical,acetylcholine receptor agonist,CHRM2,,
15072,arecaidine-propargyl-ester,['2229'],['CN1CCC=C(C1)C(=O)OCC#C'],Preclinical,acetylcholine receptor agonist,CHRM1|CHRM2|CHRM3|CHRM4,,
15073,argatroban,['92722'],['C[C@@H]1CCN([C@H](C1)C(O)=O)C(=O)[C@H](CCCN=C(N)N)NS(=O)(=O)c1cccc2CC(C)CNc12'],Launched,thrombin inhibitor,F2,hematology,heparin-induced thrombocytopenia (HIT)
15074,aripiprazole,['60795'],['Clc1cccc(N2CCN(CCCCOc3ccc4CCC(=O)Nc4c3)CC2)c1Cl'],Launched,serotonin receptor agonist|serotonin receptor antagonist,ADRA1A|ADRA1B|ADRA2A|ADRA2B|ADRA2C|CHRM1|CHRM2|CHRM3|CHRM4|CHRM5|DRD1|DRD2|DRD3|DRD4|DRD5|HRH1|HTR1A|HTR1B|HTR1D|HTR1E|HTR2A|HTR2C|HTR3A|HTR6|HTR7,neurology/psychiatry,depression|schizophrenia|bipolar disorder
15075,aristolochic-acid,['2236'],['COc1cccc2c1cc([N+](=O)[O-])c3c(cc4OCOc4c23)C(=O)O'],,,,,
15076,artemether,['68911'],['CO[C@H]1O[C@@H]2O[C@@]3(C)CC[C@H]4[C@H](C)CC[C@@H]([C@H]1C)[C@@]24OO3'],Launched,antimalarial agent,ATP1A1,infectious disease,malaria
15077,artemisinin,['73707483'],['C[C@@H]1CC[C@@H]2[C@@H](C)C(=O)O[C@H]3O[C@@]4(C)CC[C@@H]1[C@@]23OO4'],Launched,DNA synthesis inhibitor,CYP2B6,infectious disease,malaria
15078,artesunate,"['65664', '73707396']","['C[C@@H]1CC[C@H]2[C@@H](C)C(OC(=O)CCC(O)=O)OC3O[C@]4(C)CC[C@@H]1[C@@]23OO4', 'C[C@@H]1CC[C@H]2[C@@H](C)[C@@H](OC(=O)CCC(=O)O)O[C@@H]3O[C@@]4(C)CC[C@@H]1[C@@]23OO4']",Launched,DNA synthesis inhibitor,,infectious disease,malaria
15079,articaine,['32170'],['CCCNC(C)C(=O)Nc1c(C)csc1C(=O)OC'],Launched,local anesthetic,,neurology/psychiatry,local anesthetic
15080,arvanil,['6449767'],['CCCCC/C=C\\C/C=C\\C/C=C\\C/C=C\\CCCC(=O)NCc1ccc(O)c(OC)c1'],,,,,
15081,ascorbic-acid,"['5176753', '73707421']","['CCCCCCCCCCCCCCCC(=O)OC[C@H](O)[C@@H]1OC(=O)C(=O)C1O', 'OCC(O)C1OC(=O)C(=O)C1O']",Launched,antioxidant,SLC23A1|SLC23A2,endocrinology,scurvy
15082,asenapine,['6440510'],['CN1C[C@@H]2[C@@H](C1)c1cc(Cl)ccc1Oc1ccccc21'],Launched,dopamine receptor antagonist|serotonin receptor antagonist,DRD2|HRH1|HTR1A|HTR1B|HTR1D|HTR1E|HTR2A,neurology/psychiatry,schizophrenia|bipolar disorder
15083,asiatic-acid,['119034'],['C[C@@H]1CC[C@@]2(CC[C@]3(C)C(=CCC4[C@@]5(C)C[C@@H](O)[C@H](O)[C@@](C)(CO)C5CC[C@@]34C)[C@@H]2[C@H]1C)C(O)=O'],Preclinical,apoptosis stimulant,PYGM,,
15084,asiaticoside,['11954171'],['C[C@@H]1CC[C@@]2(CC[C@]3(C)C(=CC[C@@H]4[C@@]5(C)C[C@@H](O)[C@H](O)[C@@](C)(CO)C5CC[C@]43C)[C@@H]2[C@H]1C)C(=O)O[C@@H]6O[C@H](COC7O[C@H](CO)[C@@H](OC8O[C@@H](C)[C@H](O)[C@@H](O)[C@H]8O)[C@H](O)[C@H]7O)[C@@H](O)[C@H](O)[C@H]6O'],,,,,
15085,aspirin,['2244'],['CC(=O)Oc1ccccc1C(O)=O'],Launched,cyclooxygenase inhibitor,AKR1C1|ASIC3|EDNRA|HSPA5|IKBKB|NFKB1|NFKB2|NFKBIA|PRKAA1|PRKAA2|PRKAB1|PRKAB2|PRKAG1|PRKAG2|PRKAG3|PTGS1|PTGS2|RPS6KA3|TP53,neurology/psychiatry|endocrinology|dental,headache|fever|toothache|muscle pain
15086,astemizole,['2247'],['COc1ccc(CCN2CCC(CC2)Nc2nc3ccccc3n2Cc2ccc(F)cc2)cc1'],Withdrawn,histamine receptor antagonist,HRH1|KCNH1|KCNH2,,
15087,ataluren,['11219835'],['OC(=O)c1cccc(c1)-c1noc(n1)-c1ccccc1F'],Launched,CFTR channel agonist|dystrophin stimulant,DMD,genetics|pulmonary,duchenne muscular dystrophy (DMD)|cystic fibrosis
15088,atenolol,['175540'],['CC(C)NC[C@H](O)COc1ccc(CC(N)=O)cc1'],,,,,
15089,atenolol-(+/-),['2249'],['CC(C)NCC(O)COc1ccc(CC(N)=O)cc1'],Launched,adrenergic receptor antagonist,ADRB1|ADRB2|LTF|PLA2G2E,cardiology,hypertension|angina pectoris
15090,atomoxetine,['54840'],['CNCC[C@@H](Oc1ccccc1C)c1ccccc1'],Launched,norepinephrine transporter inhibitor,GRIN1|GRIN2A|GRIN2B|GRIN2C|GRIN2D|GRIN3A|GRIN3B|SLC6A2|SLC6A3|SLC6A4,neurology/psychiatry,attention-deficit/hyperactivity disorder (ADHD)
15091,atorvastatin,['60823'],['CC(C)C1=C(C(=C(N1CC[C@H](C[C@H](CC(=O)O)O)O)C2=CC=C(C=C2)F)C3=CC=CC=C3)C(=O)NC4=CC=CC=C4'],Launched,HMGCR inhibitor,AHR|DPP4|HMGCR,neurology/psychiatry|cardiology,stroke|heart attack
15092,atovaquone,['44483269'],['C1CC(CCC1C2C(=O)C3=CC=CC=C3C(=O)C2=O)C4=CC=C(C=C4)Cl'],Launched,mitochondrial electron transport inhibitor,,infectious disease,pneumonia
15093,atractyloside,['73707514'],['CC(C)CC(=O)O[C@H]1[C@@H](O[C@@H]2C[C@H]([C@@H]3CC[C@@]45C[C@H](CC[C@@H]4[C@]3(C)C2)C(=C)[C@@H]5O)C(O)=O)O[C@H](CO)[C@@H](OS(O)(=O)=O)[C@@H]1OS(O)(=O)=O'],,,,,
15094,atracurium,['23641207'],['COc1ccc(CC2c3cc(OC)c(OC)cc3CC[N+]2(C)CCC(=O)OCCCCCOC(=O)CC[N+]2(C)CCc3cc(OC)c(OC)cc3C2Cc2ccc(OC)c(OC)c2)cc1OC'],Launched,acetylcholine receptor antagonist,,critical care|neurology/psychiatry,endotracheal intubation|muscle relaxant
15095,atropine,['73707493'],['CN1[C@@H]2CC[C@@H]1C[C@H](C2)OC(=O)C(CO)c1ccccc1.CN1[C@@H]2CC[C@@H]1C[C@H](C2)OC(=O)C(CO)c1ccccc1'],Launched,acetylcholine receptor antagonist,CHRM1|CHRM2|CHRM3,ophthalmology,cycloplegia|mydriasis|amblyopia
15096,auranofin,['16667669'],['CCP(CC)CC.CC(=O)OC[C@@H]1[C@H]([C@@H]([C@H]([C@@H](O1)[S-])OC(=O)C)OC(=O)C)OC(=O)C.[Au+]'],Launched,NFkB pathway inhibitor,IKBKB|PRDX5|TRPA1,rheumatology,rheumatoid arthritis
15097,auraptene,['1550607'],['CC(=CCC/C(=C/COc1ccc2ccc(=O)oc2c1)/C)C'],,,,,
15098,aurora-a-inhibitor-i,['44139710'],['CCN1CCN(CC1)C(=O)Cc1ccc(Nc2ncc(F)c(Nc3ccc(cc3)C(=O)Nc3ccccc3Cl)n2)cc1'],Preclinical,Aurora kinase inhibitor,AURKA,,
15099,austricine,"['25102721', '6419904', '6708801', '99114']","['C[C@H]1[C@H]2[C@H](OC1=O)[C@@H]3C(=CC(=O)C3=C(C)C[C@@H]2O)C', 'C[C@H]1[C@H]2[C@H](OC1=O)[C@H]3C(=CC(=O)C3=C(C)C[C@@H]2O)C']",,,,,
15100,avermectin,['73707505'],['CC[C@H](C)[C@H]1O[C@@]2(C[C@@H]3C[C@@H](CC=C(C)C(O[C@H]4C[C@H](OC)C(O[C@H]5C[C@H](OC)[C@@H](O)[C@H](C)O5)[C@H](C)O4)[C@@H](C)C=CC=C4CO[C@H]5[C@H](O)C(C)=C[C@H](C(=O)O3)[C@]45O)O2)C=C[C@@H]1C'],,,,,
15101,avicin-d,['73707595'],['CC1O[C@@H](OCC2O[C@@H](O[C@H]3CC[C@@]4(C)C(CC[C@]5(C)C4CC=C4C6CC(C)(C)[C@H](C[C@@]6([C@H](O)C[C@@]54C)C(=O)O[C@@H]4OC(CO)[C@@H](O)[C@@H](O)[C@@H]4O[C@@H]4OC(C)[C@H](O[C@@H]5O[C@@H](CO)[C@H](O)[C@@H]5O)[C@@H](O[C@@H]5OC(CO)[C@@H](O)[C@@H](O)[C@@H]5O)[C@@H]4O)OC(=O)C(\\CO)=C\\CC[C@](C)(O[C@@H]4OC(C)[C@@H](OC(=O)C(\\CO)=C\\CCC(C)(O)C=C)[C@@H](O)[C@@H]4O)C=C)C3(C)C)[C@@H](NC(C)=O)[C@H](O)[C@@H]2O)[C@@H](O[C@@H]2OC[C@@H](O)[C@@H](O)[C@@H]2O)[C@H](O)[C@H]1O'],,,,,
15102,avicin-g,['73707604'],['CC1O[C@@H](OCC2O[C@@H](O[C@H]3CC[C@@]4(C)C(CC[C@]5(C)C4CC=C4C6CC(C)(C)[C@H](C[C@@]6([C@H](O)C[C@@]54C)C(=O)O[C@@H]4OC(CO)[C@@H](O)[C@@H](O)[C@@H]4O[C@@H]4OC(C)[C@H](O[C@@H]5O[C@@H](CO)[C@H](O)[C@@H]5O)[C@@H](O[C@@H]5OC(CO)[C@@H](O)[C@@H](O)[C@@H]5O)[C@@H]4O)OC(=O)C(\\CO)=C\\CC[C@](C)(O[C@@H]4OC(C)[C@@H](OC(=O)C(\\C)=C\\CCC(C)(O)C=C)[C@@H](O)[C@@H]4O)C=C)C3(C)C)[C@@H](NC(C)=O)[C@H](O)[C@@H]2O)[C@@H](O[C@@H]2OC[C@@H](O)[C@@H](O)[C@@H]2O)[C@H](O)[C@H]1O'],,,,,
15103,avrainvillamide-analog-1,['73707607'],['CC1(C)[C@@H]2C[C@]34CCCN3C(=O)[C@]2(NC4=O)C=C2c3cc4nccnc4cc3[N+]([O-])=C12'],,,,,
15104,avrainvillamide-analog-2,['73707608'],['CC1(C)[C@@H]2C[C@]34CCCN3C(=O)[C@]2(NC4=O)C=C2c3ccc(cc3[N+]([O-])=C12)-c1ccccc1'],,,,,
15105,avrainvillamide-analog-3,['73707609'],['CC1(C)[C@@H]2C[C@]34CCCN3C(=O)[C@]2(NC4=O)C=C2c3cc4OCOc4cc3[N+]([O-])=C12'],,,,,
15106,avrainvillamide-analog-4,['11852606'],['CC1(C)CC(C)(C)C2=[N+]([O-])c3cc4OC(C)(C)C=Cc4cc3C2=C1'],,,,,
15107,avrainvillamide-analog-5,['73707610'],['CC1(C)Oc2cc3c(cc2C=C1)C1=CC24NC(=O)C5(CCCN5C2=O)CC4C(C)(C)C1=[N+]3[O-]'],,,,,
15108,avrainvillamide-analog-6,['73707611'],['CC1(C)Oc2cc3c(cc2C=C1)C1=C[C@@]2(CC(C)(C)C1=[N+]3[O-])NC(=O)[C@@H]1CCCN1C2=O'],,,,,
15109,axitinib,['6450551'],['CNC(=O)c1ccccc1Sc1ccc2c(\\C=C\\c3ccccn3)n[nH]c2c1'],Launched,PDGFR tyrosine kinase receptor inhibitor|VEGFR inhibitor,CSF1|FLT1|FLT4|KDR|PLK4,oncology,renal cell carcinoma (RCC)
15110,azacitidine,['9444'],['C1=NC(=NC(=O)N1[C@H]2[C@@H]([C@@H]([C@H](O2)CO)O)O)N'],Launched,DNA methyltransferase inhibitor,DNMT1|DNMT3A,hematologic malignancy|hematology,myelodysplastic diseases (MDS)|anemia|chronic myelomonocytic leukemia (CMMoL)
15111,azacyclonol,['15723'],['OC(C1CCNCC1)(c1ccccc1)c1ccccc1'],Preclinical,histamine receptor antagonist,HRH1,,
15112,azaperone,['15443'],['Fc1ccc(cc1)C(=O)CCCN1CCN(CC1)c1ccccn1'],Launched,dopamine receptor antagonist,DRD2|DRD3,neurology/psychiatry,sedative
15113,azapropazone,['26098'],['CCCC1C(=O)N2N(C1=O)c1cc(C)ccc1N=C2N(C)C'],Withdrawn,cyclooxygenase inhibitor,PTGS2,,
15114,azasetron,['115000'],['CN1C(=O)COc2c1cc(Cl)cc2C(=O)NC1CN2CCC1CC2'],Launched,serotonin receptor antagonist,HTR3A|HTR3B,infectious disease,genitial herpes
15115,azathioprine,['2265'],['Cn1cnc(c1Sc1[nH]cnc2ncnc12)[N+]([O-])=O'],Launched,dehydrogenase inhibitor,HPRT1|IMPDH1|PPAT,transplant|rheumatology,renal homotransplantation|rheumatoid arthritis
15116,azauridine,['5901'],['OC[C@H]1O[C@H]([C@H](O)[C@@H]1O)n2ncc(=O)[nH]c2=O'],,,,,
15117,azelastine,['54360'],['CN1CCCC(CC1)n1nc(Cc2ccc(Cl)cc2)c2ccccc2c1=O'],Launched,histamine receptor antagonist,HRH1,ophthalmology,conjunctivitis
15118,azithromycin,['447043'],['CC[C@H]1OC(=O)[C@H](C)[C@@H](O[C@H]2C[C@@](C)(OC)[C@@H](O)[C@H](C)O2)[C@H](C)[C@@H](O[C@@H]2O[C@H](C)C[C@@H]([C@H]2O)N(C)C)[C@](C)(O)C[C@@H](C)CN(C)[C@H](C)[C@@H](O)[C@]1(C)O'],Launched,bacterial 50S ribosomal subunit inhibitor,MLNR,infectious disease,pelvic inflammatory disease|pneumonia
15119,azlocillin,['6560164'],['CC1(C)S[C@H]2[C@H](NC(=O)[C@H](NC(=O)N3CCNC3=O)c3ccccc3)C(=O)N2[C@H]1C(O)=O'],Launched,bacterial cell wall synthesis inhibitor,,infectious disease,gram-positive bacterial infections|gram-negative bacterial infections
15120,aztreonam,['54117'],['C[C@H]1[C@H](NC(=O)C(=NOC(C)(C)C(=O)O)c2csc(N)n2)C(=O)N1S(=O)(=O)O'],Launched,bacterial cell wall synthesis inhibitor,,infectious disease,urinary tract infections|respiratory tract infections|bacterial septicemia|skin infections|intra-abdominal infections|gynecologic infections
15121,bacampicilline,['73707475'],['CCOC(=O)OC(C)OC(=O)[C@@H]1N2[C@@H](SC1(C)C)[C@H](NC(=O)[C@H](N)c1ccccc1)C2=O'],,,,,
15122,baccatin-III,['65366'],['CC(=O)O[C@@H]1C2=C(C)[C@@H](O)C[C@@](O)([C@@H](OC(=O)c3ccccc3)C3[C@@]4(CO[C@@H]4C[C@H](O)[C@@]3(C)C1=O)OC(C)=O)C2(C)C'],,,,,
15123,bacitracin,['6714010'],['CCC(C)C(N)C1=NC(CS1)C(=O)N[C@@H](CC(C)C)C(=O)N[C@H](CCC(=O)O)C(=O)N[C@@H]([C@@H](C)CC)C(=O)N[C@H]2CCCCNC(=O)[C@H](CC(=O)N)NC(=O)[C@@H](CC(=O)O)NC(=O)[C@H](Cc3cnc[nH]3)NC(=O)[C@@H](Cc4ccccc4)NC(=O)[C@@H](NC(=O)[C@@H](CCCN)NC2=O)[C@@H](C)CC'],Launched,bacterial cell wall synthesis inhibitor,IDE,infectious disease,first-aid antibiotic
15124,baclofen,['2284'],['NCC(CC(O)=O)c1ccc(Cl)cc1'],Launched,benzodiazepine receptor agonist,GABBR1|GABBR2|KCTD12|KCTD16|KCTD8,neurology/psychiatry,multiple sclerosis|spasms
15125,baeomycesic-acid,['5321461'],['COc1cc(C)c(C(=O)Oc2cc(C)c(O)c(C(=O)O)c2C)c(O)c1C=O'],,,,,
15126,bafilomycin,['53321987'],['CO[C@H]1\\C=C/C=C(C)/C[C@H](C)[C@H](O)[C@H](C)\\C=C(C)\\C=C(OC)\\C(=O)OC1[C@@H](C)[C@@H](O)[C@H](C)[C@@]1(O)C[C@@H](O)[C@H](C)[C@H](O1)C(C)C'],,,,,
15127,balsalazide,['6335412'],['OC(=O)CCNC(=O)c1ccc(cc1)N=Nc1ccc(O)c(c1)C(O)=O'],Launched,cyclooxygenase inhibitor,ALOX5|PPARG|PTGS1|PTGS2,gastroenterology,ulcerative colitis
15128,bambuterol,['54766'],['CN(C)C(=O)Oc1cc(OC(=O)N(C)C)cc(c1)C(O)CNC(C)(C)C'],Launched,adrenergic receptor agonist,ADRB2|BCHE,pulmonary,asthma
15129,barasertib-HQPA,['16007391'],['CCN(CCO)CCCOc1ccc2c(Nc3cc(CC(=O)Nc4cccc(F)c4)[nH]n3)ncnc2c1'],Phase 2/Phase 3,Aurora kinase inhibitor,AURKB,,
15130,batimastat,['5362422'],['CNC(=O)[C@H](Cc1ccccc1)NC(=O)[C@H](CC(C)C)[C@H](CSc1cccs1)C(=O)NO'],Phase 3,matrix metalloprotease inhibitor,ADAM28|ADAMTS5|MMP12|MMP16|MMP2|MMP8,,
15131,beclometasone,"['12790158', '16218996']","['CC1CC2C3CCC4=CC(=O)C=CC4(C)[C@@]3(Cl)C(O)CC2(C)C1(O)C(=O)CO', 'CCC(=O)OCC(=O)[C@@]1(OC(=O)CC)[C@@H](C)C[C@H]2[C@H]3CCC4=CC(=O)C=C[C@]4(C)[C@@]3(Cl)[C@@H](O)C[C@]12C']",,,,,
15132,beclomethasone-dipropionate,['21700'],['CCC(=O)OCC(=O)[C@@]1(OC(=O)CC)[C@@H](C)C[C@H]2[C@@H]3CCC4=CC(=O)C=C[C@]4(C)[C@@]3(Cl)[C@@H](O)C[C@]12C'],Launched,glucocorticoid receptor agonist,GPR97|NR3C1,allergy,allergic rhinitis
15133,belinostat,['6918638'],['ONC(=O)\\C=C\\c1cccc(c1)S(=O)(=O)Nc1ccccc1'],Launched,HDAC inhibitor,HDAC1|HDAC10|HDAC11|HDAC2|HDAC3|HDAC4|HDAC5|HDAC6|HDAC7|HDAC8|HDAC9,hematologic malignancy,peripheral T-cell lymphoma (PTCL)
15134,bemegride,['2310'],['CCC1(C)CC(=O)NC(=O)C1'],Launched,chemoreceptor agonist,GABRA1,critical care,poison antidote
15135,bemesetron,['2861858'],['CN1C2CCC1CC(C2)OC(=O)c1cc(Cl)cc(Cl)c1'],Phase 3,serotonin receptor antagonist,HTR3A|HTR3B,,
15136,benactyzine,['66448'],['CCN(CC)CCOC(=O)C(O)(c1ccccc1)c2ccccc2'],Preclinical,butyrylcholinesterase inhibitor,,,
15137,benazepril,['5362123'],['CCOC(=O)[C@H](CCC1=CC=CC=C1)N[C@H]2CCC3=CC=CC=C3N(C2=O)CC(=O)O.Cl'],Launched,angiotensin converting enzyme inhibitor,ACE,cardiology,hypertension
15138,bendroflumethiazide,['2315'],['NS(=O)(=O)c1cc2c(NC(Cc3ccccc3)NS2(=O)=O)cc1C(F)(F)F'],Launched,sodium/potassium/chloride transporter inhibitor,SLC12A1|SLC12A3,cardiology,hypertension
15139,benfluorex,['2318'],['CC(Cc1cccc(c1)C(F)(F)F)NCCOC(=O)c1ccccc1'],Withdrawn,gluconeogenesis inhibitor,HMGCR,,
15140,benfotiamine,['5282168'],['CC(N(Cc1cnc(C)nc1N)C=O)=C(CCOP(O)(O)=O)SC(=O)c1ccccc1'],Launched,antioxidant,AGER,rheumatology,lumbago
15141,benidipine,['656667'],['COC(=O)C1[C@H](C(=C(C)N=C1C)C(=O)O[C@@H]2CCCN(Cc3ccccc3)C2)c4cccc(c4)[N+](=O)[O-]'],Launched,calcium channel blocker,CACNA1C|CACNA1G,cardiology,hypertension
15142,benperidol,['16363'],['Fc1ccc(cc1)C(=O)CCCN1CCC(CC1)n1c2ccccc2[nH]c1=O'],Launched,dopamine receptor antagonist,DRD2,neurology/psychiatry,schizophrenia
15143,benproperine,['167811'],['CC(COc1ccccc1Cc2ccccc2)N3CCCCC3'],Launched,antitussive,SCN5A,pulmonary,cough suppressant
15144,benserazide,['26964'],['NC(CO)C(=O)NNCc1ccc(O)c(O)c1O'],Launched,DOPA decarboxylase inhibitor,DDC,neurology/psychiatry,Parkinson's Disease
15145,benzamil,['108107'],['C1=CC=C(C=C1)CN=C(N)NC(=O)C2=C(N=C(C(=N2)Cl)N)N'],Phase 2,sodium channel blocker,ASIC1|PKD2L1|SCNN1A|SCNN1B|SCNN1D|SCNN1G|SLC8A1,,
15146,benzanthrone,['6697'],['O=C1c2ccccc2-c3cccc4cccc1c34'],,,,,
15147,benzathine,['73707453'],['CC1(C)S[C@H]2[C@H](NC(=O)COc3ccccc3)C(=O)N2C1C(O)=O.CC1(C)S[C@H]2[C@H](NC(=O)COc3ccccc3)C(=O)N2C1C(O)=O'],,,,,
15148,benzatropine,['1201549'],['CN1[C@@H]2CC[C@H]1CC(C2)OC(C3=CC=CC=C3)C4=CC=CC=C4'],,,,,
15149,benzbromarone,['2333'],['CCc1oc2ccccc2c1C(=O)c1cc(Br)c(O)c(Br)c1'],Launched,chloride channel blocker,ABCC1,rheumatology,gout
15150,benzethonium,['8478'],['CC(C)(C)CC(C)(C)c1ccc(OCCOCC[N+](C)(C)Cc2ccccc2)cc1'],Launched,sodium channel blocker,SCN10A,infectious disease,first-aid antiseptic
15151,benzo(a)pyrene,['2336'],['c1ccc2c(c1)cc3ccc4cccc5ccc2c3c45'],,,,,
15152,benzo(e)pyrene,['9128'],['c1ccc2c(c1)c3cccc4ccc5cccc2c5c43'],,,,,
15153,benzocaine,['2337'],['CCOC(=O)c1ccc(N)cc1'],Launched,sodium channel blocker,SCN10A,infectious disease,first-aid antiseptic
15154,benzofuran,['9223'],['c1cc2ccccc2o1'],,,,,
15155,benzohydroxamic-acid,['10313'],['ONC(=O)c1ccccc1'],,,,,
15156,benzoic-acid,['243'],['OC(=O)c1ccccc1'],Launched,food preservative,DAO|HRSP12|PRDX5|RAB9A,infectious disease,tinea pedis
15157,benzonatate,['7699'],['CCCCNc1ccc(cc1)C(=O)OCCOCCOCCOCCOCCOCCOCCOCCOCCOC'],Launched,local anesthetic,SCN5A,pulmonary,cough suppressant
15158,benzopurpurin-4b,['13816'],['Cc1cc(ccc1N=Nc2cc(c3ccccc3c2N)S(=O)(=O)O)c4ccc(N=Nc5cc(c6ccccc6c5N)S(=O)(=O)O)c(C)c4'],,,,,
15159,benzoxiquine,['6855'],['O=C(Oc1cccc2cccnc12)c1ccccc1'],Preclinical,antiinfective drug,,,
15160,benzthiazide,['2343'],['NS(=O)(=O)c1cc2c(cc1Cl)N=C(CSCc1ccccc1)NS2(=O)=O'],Launched,carbonic anhydrase inhibitor,CA2,cardiology,hypertension|edema
15161,benzydamine,['12555'],['CN(C)CCCOC1=NN(C2=CC=CC=C21)CC3=CC=CC=C3'],Launched,prostanoid receptor antagonist,,dental|otolaryngology,mouth inflammation|throat inflammation
15162,benzyl-quinazolin-4-yl-amine,['6603129'],['C(Nc1ncnc2ccccc12)c3ccccc3'],,,,,
15163,benzylpenicillin,['5904'],['CC1(C)S[C@@H]2[C@H](NC(=O)Cc3ccccc3)C(=O)N2[C@H]1C(O)=O'],Launched,penicillin binding protein inhibitor,,infectious disease,celluitis|meningitis|endocarditis|syphilis|pneumonia|bacterial septicemia
15164,bephenium,['45479728'],['C[N+](C)(CCOc1ccccc1)Cc1ccccc1'],,,,,
15165,bepridil,['2351'],['CC(C)COCC(CN(Cc1ccccc1)c1ccccc1)N1CCCC1'],Launched,calcium channel blocker,KCNQ4,cardiology,angina pectoris
15166,berbamine,['275182'],['COc1cc2CCN(C)[C@@H]3Cc4ccc(OC(=O)c5ccc(cc5)[N+](=O)[O-])c(Oc6ccc(C[C@@H]7N(C)CCc8cc(OC)c(Oc(c1OC)c32)cc78)cc6)c4'],,,,,
15167,bergenin,['66065'],['COc1c(O)cc2C(=O)OC3C(O)C(O)C(CO)OC3c2c1O'],Preclinical,interleukin inhibitor,IL1B|TNF,,
15168,beta-CCP,['123662'],['CCCOC(=O)c1cc2c(cn1)[nH]c3ccccc32'],,,,,
15169,beta-alanine,['32334'],['NC(Cc1csc2ccc(O)cc12)C(O)=O'],,,,,
15170,betaescin,['73707521'],['CC(=O)O[C@H]1C(OC=C(C)C(O)=O)C(C)(C)CC2C3=CCC4C5(C)CCC(OC6O[C@@H]([C@@H](O[C@@H]7O[C@H](CO)[C@@H](O)[C@H](O)[C@H]7O)[C@H](O)[C@H]6O[C@@H]6O[C@H](CO)[C@@H](O)[C@H](O)[C@H]6O)C(O)=O)[C@](C)(CO)C5CCC4(C)[C@]3(C)C[C@@H](O)C12CO'],,,,,
15171,betahistine,['2366'],['CNCCc1ccccn1'],Launched,histamine receptor agonist|histamine receptor antagonist,HRH1|HRH3,neurology/psychiatry,Meniere's disease
15172,betamethasone,['9782'],['C[C@H]1C[C@H]2[C@@H]3CCC4=CC(=O)C=C[C@@]4([C@]3([C@H](C[C@@]2([C@]1(C(=O)CO)O)C)O)F)C'],Launched,glucocorticoid receptor agonist,NR3C1,dermatology,corticosteroid-responsive dermatoses
15173,betamethasone-acetate,['443967'],['C[C@H]1CC2C3CCC4=CC(=O)C=C[C@]4(C)[C@@]3(F)[C@@H](O)C[C@]2(C)[C@@]1(O)C(=O)COC(C)=O'],Launched,glucocorticoid receptor agonist,NR3C1,dermatology,corticosteroid-responsive dermatoses
15174,betaxolol,['2369'],['CC(C)NCC(O)COc1ccc(CCOCC2CC2)cc1'],Launched,adrenergic receptor antagonist,ADRB1|ADRB2,ophthalmology,intraocular pressure|glaucoma|ocular hypertension
15175,betazole,['16051987'],['NCCc1cc[nH]n1'],Launched,histamine receptor agonist,HRH2,gastroenterology,gastric hypersecretion diagnostic
15176,bethanechol,['11548'],['CC(C[N+](C)(C)C)OC(N)=O'],Launched,acetylcholine receptor agonist,CHRM1|CHRM2|CHRM3|CHRM4,urology,urinary retention
15177,betulinic-acid,['64971'],['CC(=C)[C@@H]1CC[C@@]2(CC[C@]3(C)[C@H](CC[C@@H]4[C@@]5(C)CC[C@H](O)C(C)(C)[C@@H]5CC[C@@]34C)[C@@H]12)C(O)=O'],Phase 1/Phase 2,apoptosis stimulant|NFkB pathway inhibitor,GPBAR1,,
15178,bezafibrate,['39042'],['CC(C)(Oc1ccc(CCNC(=O)c2ccc(Cl)cc2)cc1)C(O)=O'],Launched,PPAR receptor agonist,PPARA|PPARD|PPARG,cardiology,cholesterol
15179,bicalutamide,['2375'],['CC(O)(CS(=O)(=O)c1ccc(F)cc1)C(=O)Nc1ccc(C#N)c(c1)C(F)(F)F'],Launched,androgen receptor antagonist,AR,oncology,prostate cancer
15180,bicuculline,['6710622'],['CN1CCc2cc3OCOc3cc2[C@H]1C4OC(=O)c5c6OCOc6ccc45'],,,,,
15181,bietaserpine,['20054848'],['CCN(CC)CCn1c2[C@H]3C[C@H]4[C@H](C[C@@H](OC(=O)c5cc(OC)c(OC)c(OC)c5)[C@H](OC)[C@H]4C(=O)OC)CN3CCc2c2ccc(OC)cc12'],,,,,
15182,bifemelane,['2377'],['CNCCCCOc1ccccc1Cc1ccccc1'],Launched,acetylcholine release enhancer,MAOA|MAOB,ophthalmology|neurology/psychiatry,glaucoma|senile dementia
15183,bifonazole,['2378'],['c1cn(cn1)C(c1ccccc1)c1ccc(cc1)-c1ccccc1'],Launched,sterol demethylase inhibitor,,infectious disease,tinea pedis|tinea cruris
15184,bimatoprost,['46780805'],['CCNC(=O)CCC\\C=C/CC1C(O)CC(O)[C@@H]1\\C=C\\C(O)CCc1ccccc1'],Launched,prostanoid receptor agonist,AKR1C3|PTGER1|PTGER3|PTGFR,ophthalmology,intraocular pressure|glaucoma|ocular hypertension
15185,biochanin-a,['5280373'],['COc1ccc(cc1)c2coc3cc(OC(=O)C)cc(OC(=O)C)c3c2=O'],,,,,
15186,biotin,['6604653'],['C1[C@@H]2[C@@H]([C@@H](S1)CCCCC(=O)O)NC(=O)N2'],Launched,vitamin B,ACACA|ACACB|HLCS|MCCC1|MCCC2|PC|PCCA|PCCB|SLC5A6,,
15187,biperiden,['2381'],['C1CCN(CC1)CCC(C2CC3CC2C=C3)(C4=CC=CC=C4)O'],Launched,acetylcholine receptor antagonist,CHRM1|CHRM2|CHRM3|CHRM4|CHRM5,neurology/psychiatry,Parkinson's Disease
15188,bis-tyrphostin,['5329255'],['Oc1ccc(/C=C(\\C#N)/C(=O)NCCCNC(=O)\\C(=C\\c2ccc(O)c(O)c2)\\C#N)cc1O'],,,,,
15189,bisacodyl,['2391'],['CC(=O)Oc1ccc(cc1)C(c1ccc(OC(C)=O)cc1)c1ccccn1'],Launched,laxative,,gastroenterology,constipation
15190,bisbenzimide,['1464'],['CCOc1ccc(cc1)c2nc3cc(ccc3[nH]2)c4nc5cc(ccc5[nH]4)N6CCN(C)CC6'],,,,,
15191,bisindolylmaleimide,['2399'],['C1=CC=C2C(=C1)C(=CN2)C3=C(C(=O)NC3=O)C4=CNC5=CC=CC=C54'],,,,,
15192,bisindolylmaleimide-ix,['5083'],['Cn1cc(C2=C(C(=O)NC2=O)c2cn(CCCSC(N)=N)c3ccccc23)c2ccccc12'],,,,,
15193,bisoprolol,['2405'],['CC(C)NCC(O)COc1ccc(COCCOC(C)C)cc1'],Launched,adrenergic receptor antagonist,ADRB1,cardiology,hypertension
15194,bisphenol-a,['6623'],['CC(C)(c1ccc(O)cc1)c2ccc(O)cc2'],,,,,
15195,bithionol,['2406'],['Oc1c(Cl)cc(Cl)cc1Sc1cc(Cl)cc(Cl)c1O'],Withdrawn,autotaxin inhibitor,ESR1|ESR2|MCL1,,
15196,blebbistatin,['3476986'],['Cc1ccc2N=C3N(CCC3(O)C(=O)c2c1)c1ccccc1'],,,,,
15197,boldine,['10154'],['COc1cc-2c(C[C@@H]3N(C)CCc4cc(O)c(OC)c2c34)cc1O'],,,,,
15198,bongkrek-acid,['16760034'],['COC(C/C=C/C=C/CC\\C=C/CC(C)\\C=C/C(=C\\C(=O)O)/CC(=O)O)/C(=C\\C=C(/C)\\C(=O)O)/C'],,,,,
15199,bortezomib,['387447'],['B([C@H](CC(C)C)NC(=O)[C@H](CC1=CC=CC=C1)NC(=O)C2=NC=CN=C2)(O)O'],Launched,NFkB pathway inhibitor|proteasome inhibitor,PSMA1|PSMA2|PSMA3|PSMA4|PSMA5|PSMA6|PSMA7|PSMA8|PSMB1|PSMB10|PSMB11|PSMB2|PSMB3|PSMB4|PSMB5|PSMB6|PSMB7|PSMB8|PSMB9|PSMD1|PSMD2|RELA,hematologic malignancy,multiple myeloma|mantle cell lymphoma (MCL)
15200,bosentan,['185462'],['COc1ccccc1Oc1c(NS(=O)(=O)c2ccc(cc2)C(C)(C)C)nc(nc1OCCO)-c1ncccn1'],Launched,endothelin receptor antagonist,EDNRA|EDNRB,pulmonary,pulmonary arterial hypertension (PAH)
15201,bosutinib,['5328940'],['COc1cc(Nc2c(cnc3cc(OCCCN4CCN(C)CC4)c(OC)cc23)C#N)c(Cl)cc1Cl'],Launched,Abl kinase inhibitor|Bcr-Abl kinase inhibitor|SRC inhibitor,ABL1|BCR|CAMK1D|CAMK2G|CDK2|FRK|FYN|HCK|LYN|MAP2K1|MAP2K2|MAP3K2|MAP4K5|SRC|STK10|STK24|STK4|TNK2|TXK,hematologic malignancy,chronic myeloid leukemia (CML)
15202,brazilin,['73384'],['Oc1ccc2C3c4cc(O)c(O)cc4CC3(O)COc2c1'],,,,,
15203,brefeldin-a,"['44634702', '5353446']","['CC1CCCC=CC2CC(O)CC2C(O)C=CC(=O)O1', 'CC1CCC\\C=C/C2CC(O)CC2C(O)\\C=C/C(=O)O1', 'C[C@H]1CCC\\C=C\\C2C[C@H](O)C[C@H]2[C@H](O)\\C=C\\C(=O)O1']",,,,,
15204,bretylium,['6100'],['CC[N+](C)(C)Cc1ccccc1Br'],Launched,norepinephrine inhibitor,ATP1A1,cardiology,ventricular arrhythmias|ventricular fibrillation (VF)|ventricular tachycardia (VT)
15205,brimonidine,['2435'],['Brc1c(NC2=NCCN2)ccc2nccnc12'],Launched,adrenergic receptor agonist,ADRA2A|ADRA2B|ADRA2C,ophthalmology,intraocular pressure|glaucoma|ocular hypertension
15206,brinzolamide,['68844'],['CCN[C@H]1CN(CCCOC)S(=O)(=O)c2sc(cc12)S(N)(=O)=O'],Launched,carbonic anhydrase inhibitor,CA1|CA12|CA14|CA2|CA4|CA5A|CA7,ophthalmology,intraocular pressure|glaucoma|ocular hypertension
15207,brivanib,['11234052'],['CC1=CC2=C(N1)C=CC(=C2F)OC3=NC=NN4C3=C(C(=C4)OC[C@@H](C)O)C'],Phase 3,FGFR inhibitor|VEGFR inhibitor,CYP3A4|FGFR1|FLT1|KCNH2|KDR,,
15208,bromfenac,['60726'],['Nc1c(CC(O)=O)cccc1C(=O)c1ccc(Br)cc1'],Withdrawn,cyclooxygenase inhibitor,PTGS1|PTGS2,,
15209,bromhexine,['2442'],['CN(Cc1cc(Br)cc(Br)c1N)C1CCCCC1'],Launched,mucolytic agent,,pulmonary,chest congestion
15210,bromocriptine,['73707474'],['CC(C)C[C@H]1C(=O)N2CCC[C@@H]2[C@]3(N1C(=O)[C@](O3)(C(C)C)NC(=O)[C@H]4CN([C@H]5CC6=C(NC7=CC=CC(=C67)C5=C4)Br)C)O'],Launched,dopamine receptor agonist,ADRA1A|ADRA1B|ADRA1D|ADRA2A|ADRA2B|ADRA2C|DRD1|DRD2|DRD3|DRD4|DRD5|HTR1A|HTR1B|HTR1D|HTR2A|HTR2B|HTR2C|HTR6|HTR7,endocrinology|neurology/psychiatry,hyperprolactinemia|Parkinson's Disease|acromegaly
15211,bromperidol,['2448'],['OC1(CCN(CCCC(=O)c2ccc(F)cc2)CC1)c1ccc(Br)cc1'],Launched,dopamine receptor antagonist,DRD2,neurology/psychiatry,schizophrenia
15212,brompheniramine,['6834'],['CN(C)CCC(c1ccc(Br)cc1)c1ccccn1'],Launched,histamine receptor antagonist,HRH1,allergy|otolaryngology,allergic rhinitis|common cold
15213,brucine,['442021'],['COC1=C(C=C2C(=C1)[C@]34CCN5[C@H]3C[C@@H]6[C@@H]7[C@@H]4N2C(=O)C[C@@H]7OCC=C6C5)OC'],Preclinical,glycine receptor antagonist,CHRM1|CHRM2|CHRM3|CHRM4|CHRM5,,
15214,bucladesine,"['23666343', '73707507']","['CCCC(=O)Nc1ncnc2n(cnc12)C1O[C@@H]2COP(O)(=O)O[C@H]2[C@H]1OC(=O)CCC', 'CCCC(=O)Nc1ncnc2n(cnc12)C3OC4COP(=O)(O)OC4C3OC(=O)CCC', 'CCCC(=O)Nc1ncnc2n(cnc12)[C@@H]1O[C@@H]2COP(O)(=O)O[C@H]2[C@H]1OC(=O)CCC', 'CCCC(=O)Nc1ncnc2n(cnc12)[C@@H]1O[C@@H]2OP(O)(=O)OC[C@@H]2[C@H]1OC(=O)CCC', 'CCCC(=O)Nc1ncnc2n(cnc12)[C@@H]3O[C@@H]4OP(=O)(O)OC[C@H]4[C@H]3OC(=O)CCC']",Launched,adenosine receptor agonist|cAMP stimulant,PRKACA,dermatology,skin ulcer
15215,buddleoflavonoloside,['6708769'],['COc1ccc(cc1)c2cc(=O)c3c(O)cc(O[C@H]4O[C@H](CO[C@@H]5O[C@@H](C)[C@H](O)[C@@H](O)[C@H]5O)[C@@H](O)[C@H](O)[C@H]4O)cc3o2'],,,,,
15216,budesonide,['73707488'],['CCCC1O[C@@H]2C[C@H]3[C@H]4CCC5=CC(=O)C=C[C@@]5([C@H]4[C@H](C[C@@]3([C@@]2(O1)C(=O)CO)C)O)C'],Launched,glucocorticoid receptor agonist,NR3C1,gastroenterology,Crohn's disease
15217,bufalin,['9547215'],['C[C@@]12CC[C@H]3[C@@H](CC[C@@H]4C[C@@H](O)CC[C@@]43C)[C@@]2(O)CC[C@@H]1c5ccc(=O)oc5'],,,,,
15218,bufexamac,['2466'],['CCCCOc1ccc(CC(=O)NO)cc1'],Withdrawn,cyclooxygenase inhibitor,HDAC10|HDAC6,,
15219,buflomedil,['6420013'],['COc1cc(OC)c(C(=O)CCCN2CCCC2)c(OC)c1'],Launched,adrenergic receptor antagonist|calcium channel blocker,ADRA1A,cardiology,peripheral artery disease (PAD)
15220,bulleyaconitine-a,['44634652'],['CCN1C[C@]2(COC)CCC(OC)[C@]3(C4C[C@@]5(O)[C@H](OC(=O)c6ccc(OC)cc6)C4[C@](C[C@H]5OC)(OC(=O)C)[C@H]7[C@H](OC)C32)[C@@H]71'],,,,,
15221,bumetanide,['2471'],['CCCCNc1cc(cc(c1Oc1ccccc1)S(N)(=O)=O)C(O)=O'],Launched,solute carrier family member inhibitor,CFTR|GPR35|SLC12A1|SLC12A2|SLC12A4|SLC12A5,cardiology,edema|congestive heart failure
15222,buparlisib,['16654980'],['Nc1cc(c(cn1)-c1cc(nc(n1)N1CCOCC1)N1CCOCC1)C(F)(F)F'],Phase 3,PI3K inhibitor,PIK3CA|PIK3CG,,
15223,buphenine,['5702098'],['CC(CCc1ccccc1)NC(C)C(O)c1ccc(O)cc1'],Launched,adrenergic receptor agonist,ADRB2,rheumatology,Raynaud's disease
15224,bupivacaine,['2474'],['CCCCN1CCCCC1C(=O)Nc1c(C)cccc1C'],Launched,sodium channel blocker,KCNA5|SCN10A,neurology/psychiatry,peripheral nerve block|caudal epidural block|lumbar epidural block
15225,bupropion,['444'],['CC(NC(C)(C)C)C(=O)c1cccc(Cl)c1'],Launched,dopamine reuptake inhibitor,SLC6A2|SLC6A3,neurology/psychiatry,depression
15226,buspirone,['2477'],['O=C1CC2(CCCC2)CC(=O)N1CCCCN1CCN(CC1)c1ncccn1'],Launched,serotonin receptor agonist,DRD2|HTR1A,neurology/psychiatry,generalized anxiety disorder (GAD)
15227,busulfan,['2478'],['CS(=O)(=O)OCCCCOS(C)(=O)=O'],Launched,DNA inhibitor,,hematologic malignancy,chronic myeloid leukemia (CML)
15228,butabindide,['9817923'],['CCCCNC(=O)C1Cc2ccccc2N1C(=O)C(N)CC'],Preclinical,tripeptidyl peptidase inhibitor,TPP2,,
15229,butacaine,['2480'],['CCCCN(CCCC)CCCOC(=O)c1ccc(N)cc1'],Launched,local anesthetic,,neurology/psychiatry,local anesthetic
15230,butalbital,['2481'],['CC(C)CC1(CC=C)C(=O)NC(=O)NC1=O'],Launched,GABA receptor antagonist,CHRNA4|CHRNA7|GABRA1|GABRA2|GABRA3|GABRA4|GABRA5|GABRA6|GABRB1|GABRB2|GABRB3|GABRD|GABRE|GABRG1|GABRG2|GABRG3|GABRP|GABRQ|GRIA2|GRIK2,neurology/psychiatry,headache|muscle relaxant
15231,butamben,['2482'],['CCCCOC(=O)c1ccc(N)cc1'],Withdrawn,sodium channel blocker,,,
15232,butein,['5281222'],['Oc1ccc(C(=O)\\C=C\\c2ccc(O)c(O)c2)c(O)c1'],Preclinical,EGFR inhibitor|SRC inhibitor,ACE,,
15233,butenafine,['443867'],['CN(Cc1ccc(cc1)C(C)(C)C)Cc1cccc2ccccc12'],Launched,fungal squalene epoxidase inhibitor,SQLE,infectious disease,tinea pedis|tinea cruris|tinea corporis
15234,buthionine-sulfoximine,['119565'],['CCCCS(=N)(=O)CC[C@H](N)C(O)=O'],Phase 1,glutathione transferase inhibitor,GCLM,,
15235,butirosin,['23846564'],['NCCC(O)C(=O)N[C@@H]1C[C@H](N)[C@@H](OC2O[C@H](CN)[C@@H](O)[C@H](O)[C@H]2N)[C@H](OC3O[C@H](CO)C(O)[C@H]3O)[C@H]1O'],,,,,
15236,butoconazole,['47472'],['Clc1ccc(CCC(Cn2ccnc2)Sc2c(Cl)cccc2Cl)cc1'],Launched,bacterial cell wall synthesis inhibitor,,infectious disease,vulvovaginal candidiasis
15237,butyl-paraben,['7184'],['CCCCOC(=O)c1ccc(O)cc1'],Preclinical,DNA synthesis inhibitor,,,
15238,butylscopolammonium,['73707491'],['CCCC[N+]1(C)[C@H]2C[C@@H](C[C@@H]1[C@@H]1O[C@@H]21)OC(=O)[C@H](CO)c1ccccc1'],,,,,
15239,butyrolactone,['10081070'],['CCC[C@@H]1OC(=O)C(=C)[C@H]1C(O)=O'],,,,,
15240,byssochlamic-acid,['164723'],['CCC[C@H]1CC2=C(C[C@@H](CC)CC3=C1C(=O)OC3=O)C(=O)OC2=O'],,,,,
15241,cabergoline,['54746'],['CCNC(=O)N(CCCN(C)C)C(=O)[C@@H]1C[C@H]2[C@@H](CC3=CNC4=CC=CC2=C34)N(C1)CC=C'],Launched,dopamine receptor agonist,ADRA1A|ADRA1B|ADRA1D|ADRA2A|ADRA2B|ADRA2C|ADRB1|ADRB2|DRD1|DRD2|DRD3|DRD4|DRD5|HTR1A|HTR1B|HTR1D|HTR2A|HTR2B|HTR2C|HTR7,endocrinology,hyperprolactinemia
15242,cadmium-chloride,['24947'],['Cl[Cd]Cl'],,,,,
15243,caffeic-acid,['689043'],['C1=CC(=C(C=C1/C=C/C(=O)O)O)O'],Preclinical,HIV integrase inhibitor|lipoxygenase inhibitor|nitric oxide production inhibitor|tumor necrosis factor production inhibitor,ALOX5|MIF,,
15244,caffeic-acid-phenethyl-ester,['5281787'],['Oc1ccc(\\C=C\\C(=O)OCCc2ccccc2)cc1O'],Preclinical,HIV integrase inhibitor,RELA,,
15245,caffeine,['2519'],['Cn1cnc2n(C)c(=O)n(C)c(=O)c12'],Launched,adenosine receptor antagonist|phosphodiesterase inhibitor,ADORA1|ADORA2A|ADORA2B|ADORA3|ATM|ITPR1|ITPR2|ITPR3|PDE10A|PDE11A|PDE1A|PDE1B|PDE1C|PDE2A|PDE3A|PDE3B|PDE4A|PDE4B|PDE4C|PDE4D|PDE5A|PDE6A|PDE6B|PDE6C|PDE7A|PDE7B|PDE8A|PDE8B|PDE9A|PIK3CA|PIK3CB|PIK3CD|PRKDC|RYR1|RYR2|RYR3,neurology/psychiatry,fatigue|drowsiness
15246,calcifediol,['5283731'],['C[C@H](CCCC(C)(C)O)[C@H]1CC[C@@H]\\2[C@@]1(CCC/C2=C\\C=C/3\\C[C@H](CCC3=C)O)C'],Launched,vitamin D receptor agonist,VDR,endocrinology,hyperparathyroidism
15247,calcipotriol,"['5353464', '71773386']","['CC(\\C=C\\C(O)C1CC1)C1CCC2C1(C)CCC\\C2=C/C=C1\\CC(O)CC(O)C1=C', 'C[C@H](C=C[C@@H](O)C1CC1)[C@H]1CC[C@H]2C(CCC[C@]12C)=CC=C1C[C@@H](O)C[C@H](O)C1=C', 'C[C@H](\\C=C\\[C@@H](O)C1CC1)[C@H]1CC[C@@H]2[C@]1(C)CCC\\C2=C/C=C1/C[C@@H](O)C[C@H](O)C1=C']",Launched,vitamin D receptor agonist,VDR,dermatology,psoriasis
15248,calcitriol,"['21158442', '5283740', '73707427']","['CC(CCCC(C)(C)O)C1CCC2C1(C)CCC\\C2=C/C=C1/CC(O)CC(O)C1=C', 'CC(CCCC(C)(C)O)C1CCC2\\C(CCC[C@@]12C)=C/C=C1/CC(O)C[C@H](O)C1=C', 'C[C@H](CCCC(C)(C)O)[C@H]1CC[C@@H]2[C@]1(C)CCC\\C2=C/C=C1/C[C@@H](O)C[C@H](O)C1=C']",Launched,vitamin D receptor agonist,VDR,endocrinology|orthopedics,hypocalcemia|hypoparathyroidism|osteoporosis
15249,calmidazolium,['2531'],['C1=CC(=CC=C1C(C2=CC=C(C=C2)Cl)N3C=C[N+](=C3)CC(C4=C(C=C(C=C4)Cl)Cl)OCC5=C(C=C(C=C5)Cl)Cl)Cl'],,,,,
15250,calpeptin,['73364'],['CCCC[C@@H](C=O)NC(=O)[C@H](CC(C)C)NC(=O)OCC1=CC=CC=C1'],Preclinical,calpain inhibitor,,,
15251,calycanthine,['5392245'],['CN1CC[C@]23[C@@H]4Nc5ccccc5[C@]3(CCN4C)[C@@H]1Nc6ccccc62'],,,,,
15252,calyculin,['5311365'],['COC[C@H]([C@@H](O)[C@@H](O)C(=O)NCC[C@@H](C)c1nc(/C=C/C[C@H]2OC3(C[C@H](O)[C@H]2C)OC([C@@H](C[C@@H](O)[C@@H](C)[C@@H](O)[C@@H](C)/C=C(\\C)/C(=C/C=C/C(=C\\C#N)/C)/C)OC)[C@@H](OP(=O)(O)O)C3(C)C)co1)N(C)C'],,,,,
15253,camptothecin,['24360'],['CC[C@@]1(C2=C(COC1=O)C(=O)N3CC4=CC5=CC=CC=C5N=C4C3=C2)O'],Phase 3,topoisomerase inhibitor,TOP1,,
15254,candesartan,['2541'],['CCOc1nc2cccc(C(O)=O)c2n1Cc1ccc(cc1)-c1ccccc1-c1nnn[nH]1'],Launched,angiotensin receptor antagonist,AGTR1,cardiology,hypertension|congestive heart failure
15255,candesartan-cilextil,['2540'],['CCOc1nc2cccc(C(=O)OC(C)OC(=O)OC3CCCCC3)c2n1Cc1ccc(cc1)-c1ccccc1-c1nnn[nH]1'],,,,,
15256,canertinib,['156414'],['Fc1ccc(Nc2ncnc3cc(OCCCN4CCOCC4)c(NC(=O)C=C)cc23)cc1Cl'],Phase 3,EGFR inhibitor,AKT1|EGFR|ERBB2|ERBB4,,
15257,canrenoic-acid,['40469463'],['C[C@]12CCC(=O)C=C1C=C[C@@H]3[C@H]2CC[C@]4([C@@H]3CC[C@]4(CCC(=O)O)O)C'],,,,,
15258,canrenone,['7061052'],['C[C@]12CC[C@@H]3[C@@H](C=CC4=CC(=O)CC[C@]34C)[C@H]1CC[C@@]21CCC(=O)O1'],Withdrawn,mineralocorticoid receptor antagonist,NR3C2,,
15259,cantharidin,['5944'],['C[C@]12[C@@H]3CC[C@@H](O3)[C@@]1(C)C(=O)OC2=O'],Launched,protein phosphatase inhibitor,,dermatology,blisters
15260,capecitabine,['60953'],['CCCCCOC(=O)Nc1nc(=O)n(cc1F)[C@@H]1O[C@H](C)[C@@H](O)[C@H]1O'],Launched,DNA synthesis inhibitor|thymidylate synthase inhibitor,TYMS,oncology,breast cancer|colorectal cancer
15261,capsaicin,['1548943'],['CC(C)/C=C/CCCCC(=O)NCC1=CC(=C(C=C1)O)OC'],Launched,TRPV agonist,CFTR|TRPV1,neurology/psychiatry|rheumatology,muscle pain|rheumatoid arthritis
15262,capsazepine,['2733484'],['Oc1cc2CCCN(Cc2cc1O)C(=S)NCCc1ccc(Cl)cc1'],Preclinical,TRPV agonist,TRPV1|TRPV4,,
15263,captopril,['44093'],['C[C@H](CS)C(=O)N1CCC[C@H]1C(O)=O'],Launched,angiotensin converting enzyme inhibitor,ACE|LTA4H|MMP2|MMP9,cardiology|endocrinology|nephrology,hypertension|congestive heart failure|myocardial infarction|diabetes mellitus|diabetic nephropathy
15264,carbachol,['5831'],['C[N+](C)(C)CCOC(N)=O'],Launched,cholinergic receptor agonist,CHRM1|CHRM2|CHRM3|CHRM4|CHRM5|CHRNA2,ophthalmology,intraocular pressure
15265,carbacyclin,['5311242'],['CCCCC[C@H](O)/C=C/[C@H]1[C@H](O)C[C@@H]2C/C(=C\\CCCC(=O)O)/C[C@H]12'],,,,,
15266,carbadox,['5353472'],['COC(=O)NN=Cc1c[n+]([O-])c2ccccc2[n+]1[O-]'],Launched,other antibiotic,,infectious disease|gastroenterology,dysentry|enteritis
15267,carbamazepine,['2554'],['NC(=O)N1c2ccccc2C=Cc2ccccc12'],Launched,carboxamide antiepileptic,SCN10A|SCN11A|SCN1A|SCN2A|SCN3A|SCN4A|SCN5A|SCN7A|SCN8A|SCN9A,neurology/psychiatry,seizures
15268,carbarsone,['8480'],['NC(=O)Nc1ccc(cc1)[As](O)(O)=O'],Launched,antiprotozoal agent,,infectious disease,amebiasis
15269,carbaryl,['6129'],['CNC(=O)Oc1cccc2ccccc12'],,,,,
15270,carbenoxolone,['12866477'],['C[C@]12CC[C@](C[C@@H]1C3=CC(=O)[C@@H]4[C@]5(CC[C@@H](C([C@@H]5CC[C@]4([C@@]3(CC2)C)C)(C)C)OC(=O)CCC(=O)O)C)(C)C(=O)O'],Launched,11-beta hydroxysteroid dehydrogenase inhibitor,GJA1|GJA10|GJA3|GJA4|GJA5|GJA8|GJA9|GJB1|GJB2|GJB3|GJB4|GJB5|GJB6|GJB7|GJC1|GJC2|GJC3|GJD2|GJD3|GJD4|GJE1|HSD11B1|PANX1|PANX2|PANX3,gastroenterology|dental,peptic ulcer disease (PUD)|mouth inflammation
15271,carbetocin,['73707428'],['CCC(C)[C@H]1NC(=O)[C@H](Cc2ccc(OC)cc2)NC(=O)CCCSC[C@H](NC(=O)[C@H](CC(N)=O)NC(=O)[C@@H](CCC(N)=O)NC1=O)C(=O)N1CCC[C@H]1C(=O)N[C@H](C(=O)NCC(N)=O)C(C)(C)C'],Launched,oxytocin receptor agonist,OXTR,hematology,hemorrhage
15272,carbidopa,['34359'],['C[C@](CC1=CC(=C(C=C1)O)O)(C(=O)O)NN'],Launched,aromatic L-amino acid decarboxylase inhibitor,DDC,neurology/psychiatry,Parkinson's Disease
15273,carbimazole,['31072'],['CCOC(=O)n1ccn(C)c1=S'],Launched,antithyroid agent,TPO,endocrinology,hyperthyroidism
15274,carbinoxamine,['2564'],['CN(C)CCOC(c1ccc(Cl)cc1)c1ccccn1'],Launched,histamine receptor antagonist,HRH1,allergy|ophthalmology|otolaryngology|dermatology,allergic rhinitis|conjunctivitis|vasomotor rhinitis|dermatographism
15275,carbofuran,['2566'],['CNC(=O)Oc1cccc2CC(C)(C)Oc21'],,,,,
15276,carbon-tetrachloride,['5943'],['ClC(Cl)(Cl)Cl'],,,,,
15277,cardamonin,['641785'],['COc1cc(O)cc(O)c1C(=O)/C=C/c2ccccc2'],,,,,
15278,cardiogenol-c,['11345983'],['COc1ccc(Nc2nccc(NCCO)n2)cc1'],,,,,
15279,carisoprodol,['2576'],['CCCC(C)(COC(N)=O)COC(=O)NC(C)C'],,,,,
15280,carmofur,['2577'],['CCCCCCNC(=O)n1cc(F)c(=O)[nH]c1=O'],Launched,thymidylate synthase inhibitor,TYMS,oncology,breast cancer|colorectal cancer
15281,carmoxirole,['57364'],['OC(=O)c1ccc2[nH]cc(CCCCN3CCC(=CC3)c3ccccc3)c2c1'],Phase 2,dopamine receptor agonist,DRD2,,
15282,carnosol,['442009'],['CC(C)c1cc2[C@@H]3C[C@H]4C(C)(C)CCC[C@]4(C(=O)O3)c2c(O)c1O'],,,,,
15283,carprofen,['2581'],['CC(C(O)=O)c1ccc2c(c1)[nH]c1ccc(Cl)cc21'],Launched,cyclooxygenase inhibitor,PTGS2,rheumatology,osteoarthritis
15284,carteolol,['2583'],['CC(C)(C)NCC(O)COc1cccc2NC(=O)CCc12'],Launched,adrenergic receptor antagonist,ADRB1|ADRB2|ADRB3,ophthalmology,intraocular pressure|glaucoma|ocular hypertension
15285,carvedilol,['2585'],['COc1ccccc1OCCNCC(O)COc1cccc2[nH]c3ccccc3c12'],Launched,adrenergic receptor antagonist,ADRB1|ADRB2|ADRB3,cardiology,myocardial infarction|hypertension
15286,catechin,['9064'],['C1[C@@H]([C@H](OC2=CC(=CC(=C21)O)O)C3=CC(=C(C=C3)O)O)O'],,,,,
15287,catharanthine,['7073234'],['CCC1=C[C@@H]2CN3CCc4c([nH]c5ccccc45)[C@@](C2)([C@H]13)C(=O)OC'],Preclinical,tubulin polymerization inhibitor,,,
15288,cediranib,['9933475'],['COc1cc2c(Oc3ccc4[nH]c(C)cc4c3F)ncnc2cc1OCCCN1CCCC1'],Phase 3,KIT inhibitor|VEGFR inhibitor,CSF1R|FLT1|FLT3|FLT4|KDR|KIT|PDGFRA|PDGFRB,,
15289,cefaclor,['51039'],['N[C@@H](C(=O)N[C@H]1[C@H]2SCC(Cl)=C(N2C1=O)C(O)=O)c1ccccc1'],Launched,bacterial cell wall synthesis inhibitor,,infectious disease|otolaryngology,pneumonia|skin infections|urinary tract infections|respiratory tract infections|tonsillitis|pharyngitis
15290,cefadroxil,['47965'],['CC1=C(N2[C@H](SC1)[C@H](NC(=O)[C@H](N)c3ccc(O)cc3)C2=O)C(=O)O'],Launched,bacterial cell wall synthesis inhibitor,SLC15A1|SLC15A2|SLC22A6|SLC22A8,infectious disease|otolaryngology,urinary tract infections|skin infections|tonsillitis|pharyngitis
15291,cefalotin,['7048637'],['CC(=O)OCC1=C(N2[C@H](SC1)[C@@H](NC(=O)Cc1cccs1)C2=O)C(O)=O'],,,,,
15292,cefatrizine,['6410757'],['N[C@@H](C(=O)N[C@H]1[C@H]2SCC(CSc3c[nH]nn3)=C(N2C1=O)C(O)=O)c1ccc(O)cc1'],,,,,
15293,cefazolin,"['2618', '7048624']","['Cc1nnc(SCC2=C(N3C(SC2)C(NC(=O)Cn4cnnn4)C3=O)C(=O)O)s1', 'Cc1nnc(SCC2=C(N3[C@H](SC2)[C@@H](NC(=O)Cn2cnnn2)C3=O)C(O)=O)s1']",Launched,bacterial cell wall synthesis inhibitor,PON1,infectious disease,urinary tract infections|skin infections|bacterial septicemia|endocarditis|surgical prophylaxis|bone and joint infections
15294,cefdinir,"['6398970', '6399253']","['Nc1nc(cs1)C(=N/O)\\C(=O)N[C@H]1[C@H]2SCC(C=C)=C(N2C1=O)C(O)=O', 'Nc1nc(cs1)C(=NO)C(=O)N[C@H]2[C@H]3SCC(=C(N3C2=O)C(=O)O)C=C']",Launched,bacterial cell wall synthesis inhibitor,MPO,infectious disease|otolaryngology|pulmonary,pneumonia|tonsillitis|pharyngitis|bronchitis|skin infections|otitis|sinusitis
15295,cefepime,['73707457'],['CON=C(C(=O)N[C@@H]1[C@H]2SCC(C[N+]3(C)CCCC3)=C(N2C1=O)C(O)=O)c1csc(N)n1'],Launched,bacterial cell wall synthesis inhibitor,,infectious disease,pneumonia|urinary tract infections|skin infections|intra-abdominal infections
15296,cefixime,"['6321411', '73707511']","['Nc1nc(cs1)/C(=N\\OCC(=O)O)/C(=O)N[C@H]2[C@H]3SCC(=C(N3C2=O)C(=O)O)C=C', 'Nc1nc(cs1)C(=NOCC(O)=O)C(=O)N[C@@H]1[C@H]2SCC(C=C)=C(N2C1=O)C(O)=O', 'Nc1nc(cs1)C(=N\\OCC(O)=O)\\C(=O)N[C@H]1[C@H]2SCC(C=C)=C(N2C1=O)C(O)=O']",Launched,bacterial cell wall synthesis inhibitor,,infectious disease|otolaryngology|pulmonary,urinary tract infections|otitis|pharyngitis|tonsillitis|gonorrhea|bronchitis
15297,cefmetazole,['23666711'],['CO[C@]1(NC(=O)CSCC#N)[C@H]2SCC(=C(N2C1=O)C(=O)O)CSc3nnnn3C'],Launched,bacterial cell wall synthesis inhibitor,,infectious disease,urinary tract infections|skin infections
15298,ceforanide,['23637804'],['C1C(=C(N2[C@H](S1)[C@H](C2=O)NC(=O)CC3=CC=CC=C3CN)C(=O)O)CSC4=NN=NN4CC(=O)O'],Launched,penicillin binding protein inhibitor,,infectious disease,gram-negative bacterial infections
15299,cefotaxime,"['10695961', '5361298']","['CON=C(C(=O)N[C@H]1[C@H]2SCC(=C(N2C1=O)C(=O)O)COC(=O)C)c3csc(N)n3', 'CO\\N=C(\\C(=O)NC1C2SCC(COC(C)=O)=C(N2C1=O)C(O)=O)c1csc(N)n1']",Launched,bacterial cell wall synthesis inhibitor,,infectious disease,respiratory tract infections|bone and joint infections|pelvic inflammatory disease|intra-abdominal infections|skin infections|meningitis|urinary tract infections|bacterial septicemia|gynecologic infections
15300,cefotetan,['53025'],['CO[C@]1(NC(=O)C2SC(=C(C(=O)N)C(=O)O)S2)[C@H]3SCC(=C(N3C1=O)C(=O)O)CSc4nnnn4C'],Launched,bacterial cell wall synthesis inhibitor,,infectious disease,urinary tract infections|respiratory tract infections|skin infections|gynecologic infections|chlamydia|intra-abdominal infections|bone and joint infections|surgical prophylaxis
15301,cefotiam,['12810432'],['CN(C)CCN1C(=NN=N1)SCC2=C(N3[C@@H]([C@H](C3=O)NC(=O)CC4=CSC(=N4)N)SC2)C(=O)O'],Launched,bacterial cell wall synthesis inhibitor,,infectious disease,bacterial septicemia|bone and joint infections|respiratory tract infections|skin infections|urinary tract infections
15302,cefoxitin,['23667300'],['CO[C@]1(NC(=O)Cc2cccs2)[C@H]2SCC(COC(N)=O)=C(N2C1=O)C(O)=O'],Launched,bacterial cell wall synthesis inhibitor,,infectious disease,respiratory tract infections|urinary tract infections|intra-abdominal infections|gynecologic infections|bacterial septicemia|bone and joint infections|skin infections
15303,cefpodoxime,['6321414'],['COCC1=C(N2[C@H](SC1)[C@H](NC(=O)C(=N\\OC)\\c1csc(N)n1)C2=O)C(=O)OC(C)OC(=O)OC(C)C'],Launched,bacterial cell wall synthesis inhibitor,,otolaryngology|infectious disease|pulmonary,pharyngitis|pneumonia|bronchitis|gonorrhea|skin infections|urinary tract infections|sinusitis|tonsillitis
15304,cefsulodin,['51387307'],['NC(=O)c1cc[n+](CC2=C(N3[C@H](SC2)[C@@H](NC(=O)[C@@H](c2ccccc2)S(O)(=O)=O)C3=O)C(O)=O)cc1'],Launched,bacterial cell wall synthesis inhibitor,,infectious disease,gram-negative bacterial infections
15305,ceftazidime,['6857980'],['CC(C)(ON=C(C(=O)N[C@H]1[C@H]2SCC(C[n+]3ccccc3)=C(N2C1=O)C(O)=O)c1csc(N)n1)C(O)=O'],Launched,bacterial cell wall synthesis inhibitor,,infectious disease,respiratory tract infections|skin infections|bacterial septicemia|bone and joint infections|gynecologic infections|intra-abdominal infections|meningitis
15306,cefuroxime,"['5361202', '73707496']","['CO/N=C(/C(=O)N[C@H]1[C@H]2SCC(=C(N2C1=O)C(=O)O)COC(=O)N)\\c3ccco3', 'CON=C(C(=O)N[C@@H]1[C@H]2SCC(COC(N)=O)=C(N2C1=O)C(O)=O)c1ccco1']",Launched,bacterial cell wall synthesis inhibitor,,infectious disease,gram-negative bacterial infections
15307,celastrol,"['73707365', '73707418']","['CC1C(=O)C(=O)C=C2C1=CC=C1[C@]2(C)CC[C@]2(C)[C@H]3C[C@](C)(CC[C@@]3(C)CC[C@@]12C)C(O)=O', 'CC1C(=O)C(=O)C=C2C1=CC=C3[C@@]2(C)CCC4(C)[C@@H]5C[C@@](C)(CC[C@]5(C)CC[C@]34C)C(=O)O']",,,,,
15308,celecoxib,['2662'],['Cc1ccc(cc1)-c1cc(nn1-c1ccc(cc1)S(N)(=O)=O)C(F)(F)F'],Launched,cyclooxygenase inhibitor,CA12|PDPK1|PTGS2,rheumatology|endocrinology,osteoarthritis|rheumatoid arthritis|ankylosing spondylitis|primary dysmenorrhea (PD)
15309,celiprolol,['2663'],['CCN(CC)C(=O)Nc1ccc(OCC(O)CNC(C)(C)C)c(c1)C(C)=O'],Launched,adrenergic receptor antagonist,ADRA2A|ADRB1|ADRB2,genetics,Ehlers-Danlos syndrome (EDS)
15310,cephaeline,['442195'],['CC[C@H]1CN2CCc3cc(OC)c(OC)cc3[C@@H]2C[C@@H]1C[C@H]4NCCc5cc(O)c(OC)cc45'],,,,,
15311,cephalexin,['27447'],['CC1=C(N2[C@H](SC1)[C@H](NC(=O)[C@H](N)c1ccccc1)C2=O)C(O)=O'],Launched,bacterial cell wall synthesis inhibitor,,infectious disease|otolaryngology,respiratory tract infections|otitis|skin infections|bone and joint infections|genitourinary tract infections
15312,cephalosporanic-acid,"['441328', '483168']","['CC(=O)OCC1=C(N2C(SC1)[C@H](N)C2=O)C(O)=O', 'CC(=O)OCC1=C(N2[C@H](SC1)[C@H](N)C2=O)C(O)=O']",,,,,
15313,cephalotaxine,['65305'],['COC1=CC23CCCN3CCc4cc5OCOc5cc4C2C1O'],,,,,
15314,ceramide,"['10031001', '10056286', '100913584', '100918211', '101013604', '101027251', '101171003', '10120583', '101255688', '10169092', '101709389', '10224348', '10255824', '102600843', '10260120', '102601546', '10327583', '10417280', '10427441', '10462091', '10531760', '10605054', '10627700', '10652772', '10793076', '10864091', '10865704', '10942278', '11056977', '11104507', '11181277', '11193108', '11273482', '11313425', '11434029', '11592784', '11651004', '11686138', '11799850', '118146581', '118698110', '118797225', '12010537', '12030188', '122632334', '122632354', '123968', '124202368', '124524037', '125305975', '125329357', '125462772', '129626612', '131700587', '131700588', '131708300', '131708519', '132274806', '132274824', '132274925', '132487837', '132936324', '133126497', '134692082', '134716595', '134717774', '134725797', '134730643', '134764580', '134766318', '134772763', '135391064', '136212421', '136212564', '136212565', '136212566', '136212567', '136212568', '136212569', '136212570', '136212572', '136212573', '136212667', '136212668', '136212669', '136212672', '136212674', '136212677', '136212678', '136212679', '136212680', '136212681', '136212682', '136212683', '136212684', '136212685', '136212694', '136212695', '136212696', '136212698', '136212699', '136212701', '136212702', '136212703', '136212707', '136212708', '136212710', '136212711', '136212712', '136212713', '136212714', '136212719', '136212722', '136212723', '136212724', '136212728', '136212729', '136212730', '136212731', '136212732', '136212733', '136212734', '136212735', '136212736', '136212737', '136212738', '136212739', '136212746', '136212747', '136212752', '136212760', '136212762', '136212763', '136212884', '137333872', '137700115', '137700177', '137700192', '137700198', '137700200', '137700204', '137700325', '137700331', '137700344', '138319182', '138319318', '138453937', '138453943', '138453945', '138454935', '138991685', '139033009', '139034192', '139036264', '139181554', '139584292', '145710005', '145714735', '145714790', '145714792', '145714794', '145714838', '145714894', '146035635', '146035657', '146035665', '146035672', '146036929', '146037070', '146037277', '146037339', '15199918', '15350691', '155885745', '15599558', '156593866', '156593952', '156593954', '156963291', '16219109', '16219163', '16219484', '16219783', '162422403', '162422410', '162623606', '163203540', '163304548', '163304549', '163319942', '163332456', '163332457', '163332458', '163332465', '163408960', '163408977', '164516753', '164516879', '164516910', '164516964', '164516969', '164516970', '167312874', '167312875', '167312876', '16755624', '168006292', '168006304', '168006561', '168006697', '168314234', '168314618', '168314892', '168315034', '168315164', '168315165', '168315166', '168315290', '168432187', '168679803', '169435898', '169435900', '169435901', '169435977', '170915997', '171041955', '171042940', '171364899', '171364903', '171364907', '171364911', '171364914', '171364921', '171364923', '171364926', '171364931', '171364941', '171364943', '171364945', '171394610', '171904488', '172400026', '172407705', '172407891', '172429265', '172429267', '172429269', '172429270', '172429271', '172429273', '172429275', '172429277', '172429279', '172641651', '172641666', '172641937', '172866494', '172866501', '172866504', '172866523', '172866528', '172866574', '172866577', '172866586', '172866592', '172866725', '172866727', '172866778', '172866844', '172875151', '172875467', '172879865', '172879879', '172879881', '172879883', '172946535', '172946537', '172946539', '172946541', '172946543', '172946549', '172946551', '172946553', '172946554', '172946555', '172946556', '172946557', '172946558', '172946559', '172946560', '172946561', '172946562', '172946563', '172946565', '172946566', '172946568', '172946571', '172946572', '172946575', '172946576', '172946577', '172946578', '172946579', '172946580', '172946581', '172946588', '172946590', '172946592', '172948488', '18625186', '18790987', '20057282', '20057354', '20057357', '20057358', '23255423', '23702767', '24779575', '24780116', '24808427', '2498', '25032478', '2505', '2508', '25211416', '25244686', '25262385', '25263523', '25263525', '25271603', '25271604', '2826713', '3082568', '3311013', '3607830', '375405', '4110676', '4231348', '42626468', '4307993', '44183838', '44238198', '44260149', '44260152', '44260154', '44355218', '44584335', '44625889', '44626398', '4465356', '45039325', '4517717', '45266629', '45480633', '46780961', '46782034', '46891727', '46891728', '46931124', '46931180', '46931181', '49791939', '5017602', '5049114', '5176144', '5282310', '5282311', '5283562', '5283563', '5283564', '5283565', '5283566', '5283567', '5283568', '5283569', '5283570', '5283571', '5283572', '5283573', '5283575', '5283576', '5283577', '5283579', '5283580', '5283583', '5283587', '52921641', '52931112', '52931115', '52931118', '52931120', '52931123', '52931124', '52931125', '52931126', '52931127', '52931128', '52931256', '52931260', '53262287', '53262288', '53356671', '53356672', '53356736', '53356737', '53356739', '53356755', '53394579', '53477559', '53477895', '53480650', '53480999', '53481001', '53481046', '53481051', '5353456', '5355130', '53630484', '53759071', '53901181', '54485594', '5459361', '5497107', '5497136', '5497158', '56927883', '56951728', '56951730', '56951731', '56951732', '56951733', '5702612', '5702613', '5702614', '5702615', '57308637', '57369666', '57378373', '5771774', '5789754', '58418606', '58654975', '59902661', '60128173', '6064609', '6138330', '6321355', '6321357', '6321360', '6372196', '6379314', '6384103', '6411284', '6420173', '644245', '6442676', '6443311', '6443523', '6443855', '6444126', '6450208', '6450363', '6450405', '6452860', '656817', '6610273', '6610274', '66616222', '70678639', '70678692', '70678799', '70678838', '70678862', '70678864', '70678878', '70698926', '70698929', '70698985', '70699266', '70788994', '70789026', '70789028', '70789030', '70789032', '70789034', '70789036', '70789038', '70789040', '70789042', '70789044', '70789046', '70789048', '70789050', '70789051', '70789052', '70789054', '71306361', '71311688', '71311692', '71313193', '71313708', '71314646', '71314647', '71317033', '71317100', '71540084', '71540085', '71581116', '71627147', '71728361', '71749343', '72334487', '72588628', '72715765', '72715794', '72715801', '73106923', '73416329', '73416330', '73425489', '73425527', '73427330', '73427338', '73427339', '73427341', '73427348', '73427349', '73427351', '73427352', '73427372', '73427373', '73947189', '74430505', '74945544', '75228638', '75228639', '76308629', '76959838', '76966493', '76966617', '78382263', '86269023', '86290099', '86583360', '87791841', '90475527', '90476384', '90657223', '90657224', '90657232', '90657280', '90657281', '90657288', '90657302', '90657332', '90657492', '90657549', '90657561', '90657611', '90657626', '90657646', '90657715', '90657887', '90657933', '90657975', '90658028', '90658029', '90658109', '90658183', '90658219', '90658225', '90658277', '90658278', '90658354', '90658376', '90658415', '90658489', '90658562', '90658591', '90658830', '90658846', '90658869', '90658876', '90658904', '90658940', '90659095', '90659135', '90659187', '90659207', '90659214', '90659304', '90659830', '90659841', '91415609', '91617599', '91746286', '91749041', '91749042', '91749043', '91749044', '91749045', '91749046', '91819907', '91819918', '91820041', '91820212', '91820344', '91820507', '91820527', '91824243', '92863358', '93535594', '95065863', '9547202', '95858541', '95858619', '95858620', '97041751', '97043297', '97046253', '97046261', '97046269', '97182175', '9832502', '9873070', '9898642', '9963963', '9985066']","['CCCCCCCCCCCCCC=CC(O)C(CO)NC(=O)C', 'CCCCCCCCCCCCC\\C=C\\[C@@H](O)[C@H](CO)NC(C)=O']",Launched,phosphoenolpyruvate carboxylase activator|serine/threonine protein phosphatase activator,,dermatology,cosmetic
15315,cercosporin,"['2674', '360901', '90471707', '91617']",['COc1c(O)c2c(=O)cc3OCOc4cc(O)c5c(=O)c(OC)c(CC(C)O)c6c(c1CC(C)O)c2c3c4c56'],,,,,
15316,cerivastatin,['23663992'],['COCc1c(nc(C(C)C)c(/C=C/[C@@H](O)C[C@@H](O)CC(=O)O)c1c2ccc(F)cc2)C(C)C'],,,,,
15317,cerulenin,['5282054'],['C\\C=C\\C\\C=C\\CCC(=O)[C@H]1O[C@H]1C(N)=O'],Launched,fatty acid synthase inhibitor,FASN,infectious disease,fungal infection
15318,cetirizine,['2678'],['OC(=O)COCCN1CCN(CC1)C(c1ccccc1)c1ccc(Cl)cc1'],Launched,histamine receptor antagonist,HRH1,allergy,allergic rhinitis
15319,cetraxate,['34001'],['NC[C@H]1CC[C@@H](CC1)C(=O)Oc2ccc(CCC(=O)O)cc2'],,,,,
15320,chaetocin,['161591'],['CN1C(=O)C23CC4(C(Nc5ccccc54)N3C(=O)C1(CO)SS2)C67CC8(SSC9(CO)N(C)C8=O)N(C7Nc%10ccccc%106)C9=O'],,,,,
15321,chelidonine,['197810'],['CN1Cc2c3OCOc3ccc2[C@H]4[C@@H](O)Cc5cc6OCOc6cc5[C@H]41'],,,,,
15322,chenodeoxycholic-acid,['10133'],['C[C@H](CCC(=O)O)[C@H]1CC[C@@H]2[C@@]1(CC[C@H]3[C@H]2[C@@H](C[C@H]4[C@@]3(CC[C@H](C4)O)C)O)C'],Launched,11-beta hydroxysteroid dehydrogenase inhibitor|FXR agonist,HSD11B1|NR1H4,cardiology|gastroenterology,cerebral cholesterosis|gallstones
15323,chicago-sky-blue-6b,['9566046'],['COc1cc(ccc1\\N=N\\c1ccc2c(cc(c(N)c2c1O)S(O)(=O)=O)S(O)(=O)=O)-c1ccc(\\N=N\\c2ccc3c(cc(c(N)c3c2O)S(O)(=O)=O)S(O)(=O)=O)c(OC)c1'],Preclinical,glutamate inhibitor|macrophage migration inhibiting factor inhibitor,MIF,,
15324,chlorambucil,['2708'],['OC(=O)CCCc1ccc(cc1)N(CCCl)CCCl'],Launched,DNA inhibitor,,hematologic malignancy,chronic lymphocytic leukemia (CLL)|Hodgkin's lymphoma
15325,chloramphenicol,['5959'],['C1=CC(=CC=C1[C@H]([C@@H](CO)NC(=O)C(Cl)Cl)O)[N+](=O)[O-]'],Launched,bacterial 50S ribosomal subunit inhibitor,CD55,infectious disease|endocrinology,meningitis|fever|cholera
15326,chlorcyclizine,['2710'],['CN1CCN(CC1)C(c1ccccc1)c1ccc(Cl)cc1'],Launched,histamine receptor antagonist,,allergy,allergic rhinitis
15327,chlordiazepoxide,['2712'],['CNC1=Nc2ccc(Cl)cc2C(=[N+]([O-])C1)c3ccccc3'],,,,,
15328,chlorhexidine,['12303047'],['Clc1ccc(NC(=N)NC(=N)NCCCCCCNC(=N)NC(=N)Nc2ccc(Cl)cc2)cc1'],Launched,membrane integrity inhibitor,,dermatology|infectious disease|dental,cosmetic|skin infections|gingivitis
15329,chlormadinone,['40532410'],['CC(=O)O[C@@]1(CC[C@@H]2[C@H]3C=C(Cl)C4=CC(=O)CC[C@]4(C)[C@@H]3CC[C@]12C)C(C)=O'],,,,,
15330,chlormadinone-acetate,['9324'],['CC(=O)O[C@@]1(CCC2C3C=C(Cl)C4=CC(=O)CC[C@]4(C)C3CC[C@@]21C)C(=O)C'],Launched,5 alpha reductase inhibitor,PGR,endocrinology,hypermenorrhea|amenorrhea|oligomenorrhea|polymenorrhea
15331,chlormezanone,['2717'],['CN1C(c2ccc(Cl)cc2)S(=O)(=O)CCC1=O'],Withdrawn,GABA receptor modulator,GABRA1,,
15332,chloroform,['6212'],['ClC(Cl)Cl'],,,,,
15333,chloropyramine,['80311'],['CN(C)CCN(Cc1ccc(Cl)cc1)c1ccccn1'],Launched,histamine receptor antagonist,HRH1,cardiology|ophthalmology|allergy|pulmonary,edema|conjunctivitis|allergic rhinitis|asthma
15334,chloroquine,['2719'],['CCN(CC)CCCC(C)Nc1ccnc2cc(Cl)ccc12'],Launched,antimalarial agent,MRGPRX1,infectious disease,malaria|amebiasis
15335,chlorothiazide,['2720'],['NS(=O)(=O)c1cc2c(cc1Cl)N=CNS2(=O)=O'],Launched,diuretic,CA1|CA2|CA4|SLC12A3,cardiology,hypertension
15336,chlorotrianisene,['11289'],['COc1ccc(cc1)C(Cl)=C(c1ccc(OC)cc1)c1ccc(OC)cc1'],Launched,estrogenic hormone,ESR1|ESR2,endocrinology|oncology,menopause|prostate cancer
15337,chloroxine,['2722'],['Oc1c(Cl)cc(Cl)c2cccnc12'],Launched,opioid receptor antagonist,OPRK1,gastroenterology|infectious disease|dermatology,diarrhea|inflammatory bowel disease|giardiasis|dandruff
15338,chlorphenamine,['2725'],['CN(C)CCC(C1=CC=C(C=C1)Cl)C2=CC=CC=N2'],Launched,histamine receptor antagonist,,allergy,allergic rhinitis|urticaria
15339,chlorphenesin-carbamate,['2724'],['NC(=O)OCC(O)COc1ccc(Cl)cc1'],,,,,
15340,chlorpromazine,"['15491403', '160588', '165214', '70413']","['CN(C)CCCN1c2ccccc2S(=O)(=O)c2ccc(Cl)cc12', 'CN(C)CCCN1c2ccccc2S(=O)c2ccc(Cl)cc12', 'CN(C)CCCN1c2ccccc2Sc2ccc(Cl)cc12', 'CN(C)CCC[N+]1([O-])c2ccccc2Sc2ccc(Cl)cc12', 'NCCCCNCCCN1c2ccccc2Sc2ccc(Cl)cc12']",Launched,dopamine receptor antagonist,ADRA1A|ADRA1B|ADRA1D|ADRA2A|ADRA2B|ADRA2C|CALM1|CHRM1|CHRM3|DRD1|DRD2|DRD3|DRD4|DRD5|HRH1|HRH4|HTR1A|HTR2A|HTR2B|HTR2C|HTR6|HTR7|KCNH2|ORM1|ORM2|SMPD1|TRPC5,neurology/psychiatry|gastroenterology|hematology|infectious disease,schizophrenia|nausea|vomiting|acute intermittent porphyria (AIP)|tetanus
15341,chlorprothixene,['667467'],['CN(C)CC/C=C\\1/C2=CC=CC=C2SC3=C1C=C(C=C3)Cl'],Launched,dopamine receptor antagonist,CHRM1|CHRM2|CHRM3|CHRM4|CHRM5|DRD1|DRD2|DRD3|HRH1|HTR2A|HTR2B|HTR2C,neurology/psychiatry,schizophrenia|bipolar disorder
15342,chlortetracycline,['73707519'],['C[C@@]1([C@@H]2C[C@H]3[C@@H](C(=O)C(C(=O)[C@]3(C(=O)C2C(=O)C4=C(C=CC(=C41)Cl)O)O)C(=O)N)N(C)C)O'],Launched,protein synthesis inhibitor,,ophthalmology,conjunctivitis
15343,chlorthalidone,['2732'],['NS(=O)(=O)c1cc(ccc1Cl)C1(O)NC(=O)c2ccccc12'],Launched,carbonic anhydrase inhibitor,CA1|CA12|CA14|CA2|CA4|CA7|SLC12A1,cardiology|gastroenterology|rheumatology|nephrology,hypertension|edema|congestive heart failure|hepatic cirrhosis|nephrotic syndrome|acute glomerulonephritis (AGN)|chronic renal failure
15344,chlorzoxazone,['2733'],['Clc1ccc2oc(=O)[nH]c2c1'],Launched,bacterial 30S ribosomal subunit inhibitor,KCNMA1|KCNN4,neurology/psychiatry,muscle relaxant
15345,cholic-acid,['221493'],['C[C@H](CCC(O)=O)[C@H]1CC[C@H]2[C@@H]3[C@H](O)C[C@@H]4C[C@H](O)CC[C@]4(C)[C@H]3C[C@H](O)[C@]12C'],Launched,bile acid,ADH1C|CES1|COX4I1|COX5A|COX5B|COX6A2|COX6B1|COX6C|COX7A1|COX7B|COX7C|COX8A|ESRRG|FABP6|FECH|GPBAR1|MT-CO1|MT-CO2|MT-CO3|PLA2G1B,gastroenterology|neurology/psychiatry|genetics,bile acid synthesis disorders|peroxisomal disorders|Zellweger syndrome
15346,chromanol,['99479'],['CCS(=O)(=O)N(C)C1C(O)C(C)(C)Oc2ccc(C#N)cc12'],,,,,
15347,chromomycin-a3,['73707419'],['CO[C@@H]([C@H]1Cc2cc3cc(OC4CC(OC5CC(O)C(OC)C(C)O5)C(OC(C)=O)C(C)O4)c(C)c(O)c3c(O)c2C(=O)[C@H]1OC1CC(OC2CC(OC3CC(C)(O)C(C)C(C)O3)C(O)C(C)O2)C(O)C(C)O1)C(=O)[C@@H](O)[C@@H](C)O'],,,,,
15348,chrysamine-g,['73707551'],['OOCc1cc(ccc1O)\\N=N\\c1ccc(cc1)-c1ccc(cc1)\\N=N\\c1ccc(O)c(c1)C(O)=O'],,,,,
15349,chrysenequinone,['180933'],['O=C1C=CC(=O)c2c1ccc3c2ccc4ccccc43'],,,,,
15350,ciclacillin,['19003'],['CC1(C)S[C@@H]2[C@H](NC(=O)C3(N)CCCCC3)C(=O)N2[C@H]1C(=O)O'],,,,,
15351,ciclopirox,['38911'],['Cc1cc(C2CCCCC2)n(O)c(=O)c1'],Launched,membrane integrity inhibitor,ATP1A1,infectious disease,onychomycosis
15352,ciglitazone,['2750'],['CC1(COc2ccc(CC3SC(=O)NC3=O)cc2)CCCCC1'],Phase 2,PPAR receptor agonist,PPARG,,
15353,cilastatin,['23663403'],['CC1(C[C@@H]1C(=O)N/C(=C\\CCCCSC[C@@H](C(=O)O)N)/C(=O)[O-])C.[Na+]'],Launched,dehydropeptidase inhibitor,DPEP1,,
15354,cilnidipine,['5282138'],['COCCOC(=O)C1=C(C)NC(=C(C1c2cccc(c2)[N+](=O)[O-])C(=O)OCC=Cc3ccccc3)C'],Launched,calcium channel blocker,CACNA1B,cardiology,hypertension
15355,cilomilast,['151170'],['COc1ccc(cc1OC1CCCC1)[C@@]1(CC[C@@H](CC1)C(O)=O)C#N'],Phase 3,phosphodiesterase inhibitor,PDE4A|PDE4B|PDE4D,,
15356,cilostamide,['2753'],['CN(C1CCCCC1)C(=O)CCCOc1ccc2[nH]c(=O)ccc2c1'],Preclinical,phosphodiesterase inhibitor,PDE3A|PDE3B,,
15357,cilostazol,['2754'],['O=C1CCc2cc(OCCCCc3nnnn3C3CCCCC3)ccc2N1'],Launched,phosphodiesterase inhibitor,PDE3A|PDE3B,cardiology,claudication
15358,cimaterol,['2755'],['CC(C)NCC(O)c1ccc(N)c(c1)C#N'],Preclinical,adrenergic receptor agonist,ADRB1|ADRB2|ADRB3,,
15359,cimetidine,['2756'],['CC1=C(N=CN1)CSCCNC(=NC)NC#N'],Launched,histamine receptor antagonist,HRH2|SLC29A4|SLC47A1|SLC47A2,gastroenterology|hematologic malignancy|endocrinology,duodenal ulcer disease|peptic ulcer disease (PUD)|gastroesophageal reflux disease (GERD)|aggressive systemic mastocytosis (ASM)|Zollinger-Ellison syndrome|endocrine adenoma
15360,cinacalcet,['156418'],['C[C@@H](NCCCc1cccc(c1)C(F)(F)F)c1cccc2ccccc12'],Launched,calcium channel activator,CASR,endocrinology|nephrology|oncology,hyperparathyroidism|chronic kidney disease (CKD)|parathyroid carcinoma|hypercalcemia
15361,cinalukast,['6436135'],['CCC(CC)(CC(=O)Nc1cccc(C=Cc2nc(cs2)C3CCC3)c1)C(=O)O'],Phase 2,leukotriene receptor antagonist,CYSLTR1,,
15362,cinanserin,['5475158'],['CN(C)CCCSC1=CC=CC=C1NC(=O)/C=C/C2=CC=CC=C2'],Preclinical,serotonin receptor antagonist,HTR2A,,
15363,cinchocaine,['3025'],['CCCCOc1cc(C(=O)NCCN(CC)CC)c2ccccc2n1'],Launched,sodium channel blocker,CALM1|SCN10A|SCN5A,neurology/psychiatry,local anesthetic
15364,cinchonine,['90454'],['O[C@@H]([C@H]1C[C@@H]2CC[N@]1C[C@@H]2C=C)c1ccnc2ccccc12'],Preclinical,P glycoprotein inhibitor,CYP2D6,,
15365,cinnarizine,['1547484'],['C1CN(CCN1C/C=C/C2=CC=CC=C2)C(C3=CC=CC=C3)C4=CC=CC=C4'],,,,,
15366,cinobufagin,['23947601'],['C[C@@H]1C[C@H]2[C@@H](CC[C@@H]3C[C@@H](O)CC[C@@]32C)[C@]45O[C@@H]5[C@H](OC(=O)C)[C@@H](C14)c6ccc(=O)oc6'],,,,,
15367,ciprofibrate,['2763'],['CC(C)(Oc1ccc(cc1)C1CC1(Cl)Cl)C(O)=O'],Launched,PPAR receptor agonist,PPARA,endocrinology,hyperlipidemia
15368,ciprofloxacin,['2764'],['OC(=O)c1cn(C2CC2)c2cc(N3CCNCC3)c(F)cc2c1=O'],Launched,bacterial DNA gyrase inhibitor,TOP2A,otolaryngology,otitis
15369,ciproxifan,['6422124'],['O=C(C1CC1)c1ccc(OCCCc2c[nH]cn2)cc1'],Preclinical,histamine receptor antagonist,ADRA2A|ADRA2C|HRH3|HRH4|HTR3A,,
15370,cirazoline,['2765'],['C(Oc1ccccc1C1CC1)C1=NCCN1'],Preclinical,adrenergic receptor agonist,ADRA1A,,
15371,cisapride,['6917698'],['CO[C@H]1CN(CC[C@H]1NC(=O)C2=CC(=C(C=C2OC)N)Cl)CCCOC3=CC=C(C=C3)F'],Withdrawn,serotonin receptor agonist,HTR2A|HTR3A|HTR4|KCNH2,,
15372,cisplatin,['18317220'],['Cl[Pt]Cl'],Launched,DNA alkylating agent|DNA synthesis inhibitor,XIAP,oncology,testicular carcinoma|ovarian cancer|bladder cancer
15373,citalopram,['2771'],['CN(C)CCCC1(OCc2cc(ccc12)C#N)c1ccc(F)cc1'],Launched,selective serotonin reuptake inhibitor (SSRI),ADRA1A|CHRM1|HRH1|SLC6A2|SLC6A3|SLC6A4,neurology/psychiatry,depression
15374,citiolone,['14520'],['CC(=O)NC1CCSC1=O'],Preclinical,lipotropic|mucolytic agent,,,
15375,cladribine,['20279'],['Nc1nc(Cl)nc2n(cnc12)[C@H]1C[C@H](O)[C@@H](CO)O1'],Launched,adenosine deaminase inhibitor|ribonucleotide reductase inhibitor,ADA|PNP|POLA1|POLE|POLE2|POLE3|POLE4|RRM1|RRM2|RRM2B,hematologic malignancy,hairy cell leukemia
15376,clarithromycin,['84029'],['CC[C@H]1OC(=O)[C@H](C)[C@@H](O[C@H]2C[C@@](C)(OC)[C@@H](O)[C@H](C)O2)[C@H](C)[C@@H](O[C@@H]2O[C@H](C)C[C@@H]([C@H]2O)N(C)C)[C@@](C)(C[C@@H](C)C(=O)[C@H](C)[C@@H](O)[C@]1(C)O)OC'],Launched,bacterial 50S ribosomal subunit inhibitor,CYP3A4,otolaryngology|pulmonary|infectious disease,pharyngitis|tonsillitis|sinusitis|bronchitis|pneumonia|skin infections|otitis
15377,clavulanic-acid,['5281002'],['OCC=C1O[C@@H]2CC(=O)N2[C@H]1C(O)=O'],,,,,
15378,clebopride,['2780'],['COc1cc(N)c(Cl)cc1C(=O)NC1CCN(Cc2ccccc2)CC1'],Launched,dopamine receptor antagonist,ACHE|DRD2,gastroenterology,nausea
15379,clemastine,['26987'],['CN1CCC[C@@H]1CCO[C@](C)(c1ccccc1)c1ccc(Cl)cc1'],Launched,histamine receptor antagonist,HRH1,allergy,allergic rhinitis|urticaria
15380,clemizole,['5309446'],['Clc1ccc(Cn2c(CN3CCCC3)nc3ccccc23)cc1'],Launched,HCV inhibitor,,allergy,allergic rhinitis
15381,clenbuterol,['5702273'],['CC(C)(C)NCC(O)c1cc(Cl)c(N)c(Cl)c1'],Launched,adrenergic receptor agonist,ABCC8|ADRB2|KCNJ11,pulmonary,chronic obstructive pulmonary disease (COPD)|asthma
15382,clinafloxacin,['60063'],['NC1CCN(C1)c1c(F)cc2c(c1Cl)n(cc(C(O)=O)c2=O)C1CC1'],Phase 3,bacterial DNA gyrase inhibitor,,,
15383,clindamycin,['6419884'],['CCC[C@@H]1C[C@H](N(C)C1)C(=O)N[C@H]([C@H](C)Cl)C1O[C@H](SC)[C@H](O)[C@@H](O)[C@H]1O'],Launched,protein synthesis inhibitor,,infectious disease,respiratory tract infections|pneumonia|skin infections|gynecologic infections|intra-abdominal infections|bacterial septicemia|bone and joint infections
15384,clioquinol,['2788'],['Oc1c(I)cc(Cl)c2cccnc12'],Withdrawn,chelating agent,OPRK1,,
15385,clobenpropit,['2790'],['Clc1ccc(CNC(=N)SCCCc2c[nH]cn2)cc1'],Preclinical,histamine receptor antagonist,HRH1|HRH2|HRH3|HRH4,,
15386,clobetasol,"['32798', '40469415']","['CCC(=O)OC1([C@@H](C)C[C@H]2[C@@H]3CCC4=CC(=O)C=C[C@]4(C)[C@@]3(F)[C@@H](O)C[C@@]21C)C(=O)CCl', 'CCC(=O)O[C@@]1([C@@H](C)CC2C3CCC4=CC(=O)C=C[C@]4(C)[C@@]3(F)[C@@H](O)C[C@@]21C)C(=O)CCl', 'CCC(=O)O[C@@]1([C@@H](C)C[C@H]2[C@@H]3CCC4=CC(=O)C=C[C@]4(C)[C@@]3(F)[C@@H](O)C[C@@]21C)C(=O)CCl', 'CCC(=O)O[C@@]1([C@@H](C)C[C@H]2[C@H]3CCC4=CC(=O)C=C[C@]4(C)[C@@]3(F)[C@@H](O)C[C@]12C)C(=O)CCl']",,,,,
15387,clobutinol,['26937'],['CC(CN(C)C)C(C)(O)Cc1ccc(Cl)cc1'],Withdrawn,antitussive,,,
15388,clocortolone,['56840865'],['C[C@@H]1C[C@@H]2[C@@H]3C[C@H](F)C4=CC(=O)C=C[C@]4(C)[C@@]3(Cl)[C@@H](O)C[C@]2(C)[C@H]1C(=O)COC(=O)C(C)(C)C'],,,,,
15389,clocortolone-pivalate,['5282493'],['C[C@@H]1C[C@H]2[C@@H]3C[C@H](F)C4=CC(=O)C=C[C@]4(C)[C@@]3(Cl)[C@@H](O)C[C@]2(C)[C@H]1C(=O)COC(=O)C(C)(C)C'],Launched,steroid,NR3C1|PLA2G1B,dermatology,corticosteroid-responsive dermatoses
15390,clodronic-acid,['25419'],['OP(O)(=O)C(Cl)(Cl)P(O)(O)=O'],Launched,bone resorption inhibitor,SLC25A4|SLC25A5|SLC25A6,orthopedics|endocrinology|hematologic malignancy,osteoporosis|hyperparathyroidism|hypercalcemia|multiple myeloma
15391,clofarabine,['119182'],['Nc1nc(Cl)nc2n(cnc12)C3OC(CO)C(O)C3F'],Launched,ribonucleotide reductase inhibitor,POLA1|POLD1|POLE|RRM1|RRM2|RRM2B,hematologic malignancy,acute lymphoblastic leukemia (ALL)
15392,clofazimine,['2794'],['CC(C)\\N=c1/cc2n(-c3ccc(Cl)cc3)c3ccccc3nc2cc1Nc1ccc(Cl)cc1'],Launched,GK0582 inhibitor,,infectious disease,leprosy
15393,clofibrate,['2796'],['CCOC(=O)C(C)(C)Oc1ccc(Cl)cc1'],Launched,PPAR receptor agonist,LPL|PPARA,endocrinology|cardiology,hyperlipidemia|cholesterol
15394,clofibric-acid,['2797'],['CC(C)(Oc1ccc(Cl)cc1)C(O)=O'],Launched,PPAR receptor agonist,PPARA,endocrinology,hyperlipidemia
15395,clofilium,['175533'],['CCCCCCC[N+](CC)(CC)CCCCc1ccc(Cl)cc1'],Phase 2,potassium channel blocker,KCNA5|KCNH1,,
15396,clomethiazole,['10783'],['Cc1ncsc1CCCl'],Launched,GABA receptor antagonist|GABA receptor modulator,GABRA1,neurology/psychiatry,Parkinson's Disease|sedative|muscle relaxant
15397,clomifene,['1548955'],['CCN(CC)CCOC1=CC=C(C=C1)/C(=C(/C2=CC=CC=C2)\\Cl)/C3=CC=CC=C3'],Launched,estrogen receptor antagonist,ESR1,obstetrics/gynecology,infertility
15398,clomipramine,['2801'],['CN(C)CCCN1c2ccccc2CCc2ccc(Cl)cc12'],Launched,serotonin transporter (SERT) inhibitor,GSTP1|HTR2A|HTR2B|HTR2C|SLC6A2|SLC6A3|SLC6A4,neurology/psychiatry,obsessive compulsive disorder (OCD)
15399,clonidine,['2803'],['Clc1cccc(Cl)c1N=C1NCCN1'],Launched,adrenergic receptor agonist,ADRA1A|ADRA1B|ADRA1D|ADRA2A|ADRA2B|ADRA2C,cardiology|neurology/psychiatry,hypertension|attention-deficit/hyperactivity disorder (ADHD)
15400,clopamide,['12492'],['C[C@H]1CCC[C@@H](C)N1NC(=O)c2ccc(Cl)c(c2)S(=O)(=O)N'],Launched,sodium/chloride cotransporter inhibitor,,cardiology,hypertension
15401,cloperastine,['2805'],['Clc1ccc(cc1)C(OCCN1CCCCC1)c1ccccc1'],Launched,antitussive,,pulmonary,cough suppressant
15402,clopidogrel,['60606'],['COC(=O)[C@H](C1=CC=CC=C1Cl)N2CCC3=C(C2)C=CS3'],Launched,purinergic receptor antagonist,P2RY12,cardiology|neurology/psychiatry,myocardial infarction|stroke|peripheral artery disease (PAD)|acute coronary syndrome (ACS)
15403,clorgiline,['28767'],['CN(CCCOc1ccc(Cl)cc1Cl)CC#C'],Phase 2,monoamine oxidase inhibitor,MAOA,,
15404,clorsulon,['43231'],['Nc1cc(C(Cl)=C(Cl)Cl)c(cc1S(N)(=O)=O)S(N)(=O)=O'],Launched,glycolysis inhibitor,,infectious disease,gastrointestinal roundworms|lungworms|liver flukes|lice|mites
15405,closantel,['42574'],['Cc1cc(C(C#N)c2ccc(Cl)cc2)c(Cl)cc1NC(=O)c1cc(I)cc(I)c1O'],Launched,chitinase inhibitor|NFkB pathway inhibitor,,infectious disease,liver flukes
15406,clotrimazole,['2812'],['Clc1ccccc1C(c1ccccc1)(c1ccccc1)n1ccnc1'],Launched,cytochrome P450 inhibitor|imidazoline receptor ligand,CYP3A4|KCNN4|NR1I2|NR1I3|TRPM2|TRPM4|TRPM8,infectious disease,vulvovaginal candidiasis|oropharyngeal candidiasis
15407,cloxacillin,['12625909'],['Cc1onc(c1C(=O)N[C@H]1[C@@H]2SC(C)(C)[C@@H](N2C1=O)C(O)=O)-c1ccccc1Cl'],Launched,bacterial cell wall synthesis inhibitor,,infectious disease,gram-positive bacterial infections
15408,clozapine,['135398737'],['CN1CCN(CC1)C1=Nc2cc(Cl)ccc2Nc2ccccc12'],Launched,dopamine receptor antagonist|serotonin receptor antagonist,ADRA1A|ADRA1B|ADRA1D|ADRA2A|ADRA2B|ADRA2C|CALY|CHRM1|CHRM2|CHRM3|CHRM4|CHRM5|DRD1|DRD2|DRD3|DRD4|DRD5|HRH1|HRH4|HTR1A|HTR1B|HTR1D|HTR1E|HTR1F|HTR2A|HTR2B|HTR2C|HTR3A|HTR5A|HTR6|HTR7,neurology/psychiatry,schizophrenia
15409,cobalt(II)-chloride,['24288'],['Cl[Co]Cl'],,,,,
15410,colchicine,['6167'],['COc1cc2CC[C@H](NC(C)=O)c3cc(=O)c(OC)ccc3-c2c(OC)c1OC'],Launched,microtubule inhibitor,GLRA1|GLRA2|TUBA1A|TUBA1B|TUBA1C|TUBA3C|TUBA3D|TUBA3E|TUBA4A|TUBB|TUBB1|TUBB2A|TUBB2B|TUBB3|TUBB4A|TUBB4B|TUBB6|TUBB8,rheumatology|endocrinology,gout|fever
15411,colforsin,['47936'],['CC(=O)O[C@H]1[C@@H](O)C2C(C)(C)CC[C@H](O)[C@]2(C)[C@@]2(O)C(=O)C[C@@](C)(O[C@]12C)C=C'],Phase 2,adenylyl cyclase activator,ADCY2|ADCY5,,
15412,colistin,['6602488'],['CC(C)CCCCC(=O)N[C@H](CCN)C(=O)N[C@@H]([C@@H](C)O)C(=O)N[C@H](CCN)C(=O)N[C@@H]1CCNC(=O)[C@@H](NC(=O)[C@H](CCN)NC(=O)[C@H](CCN)NC(=O)[C@@H](CNC(=O)[C@@H](CC(C)C)NC(=O)[C@H](CCN)NC1=O)C(C)C)[C@@H](C)O'],Launched,bacterial permeability inducer,,infectious disease,gram-negative bacterial infections|gram-negative bacterial infections
15413,corticosterone,['5753'],['C[C@]12CCC(=O)C=C1CC[C@@H]3[C@@H]2[C@H](C[C@]4([C@H]3CC[C@@H]4C(=O)CO)C)O'],Preclinical,mineralocorticoid receptor agonist,HSD11B1|NCOA1|NR3C2,,
15414,cortisol,['73707472'],['CC(=O)OCC(=O)[C@@]1(O)CC[C@@H]2[C@@H]3CCC4=CC(=O)CC[C@]4(C)[C@H]3[C@@H](O)C[C@]12C'],,,,,
15415,cortisone,"['5745', '73707452']","['CC(=O)OCC(=O)[C@@]1(O)CC[C@H]2[C@@H]3CCC4=CC(=O)CC[C@]4(C)[C@H]3C(=O)C[C@]12C', 'C[C@@]12CC(=O)[C@H]3[C@@H](CCC4=CC(=O)CC[C@]34C)[C@@H]2CC[C@]1(O)C(=O)CO', 'C[C@]12CC(=O)[C@@H]3[C@H](CCC4=CC(=O)CC[C@]34C)[C@@H]1CC[C@]2(O)C(=O)CO']",Launched,glucocorticoid receptor agonist,NR3C1,gastroenterology|rheumatology|dermatology,ulcerative colitis|rheumatoid arthritis|psoriasis|joint inflammation|eczema
15416,cortisone-acetate,['5745'],['CC(=O)OCC(=O)[C@@]1(O)CCC2C3CCC4=CC(=O)CC[C@]4(C)C3C(=O)C[C@]12C'],Launched,glucocorticoid receptor agonist,NR3C1,pulmonary|rheumatology|allergy|dermatology|ophthalmology|gastroenterology|infectious disease,asthma|rheumatoid arthritis|urticaria|osteoarthritis|psoriasis|allergic rhinitis|conjunctivitis|ulcerative colitis|meningitis
15417,corynanthine,['92766'],['COC(=O)[C@@H]1[C@@H](O)CC[C@H]2CN3CCc4c([nH]c5ccccc45)[C@@H]3C[C@H]12'],,,,,
15418,cosmosiin,['5280704'],['OC[C@H]1O[C@@H](Oc2cc(O)c3c(=O)cc(oc3c2)c4ccc(O)cc4)[C@H](O)[C@@H](O)[C@@H]1O'],,,,,
15419,cotinine,['854019'],['CN1[C@@H](CCC1=O)c1cccnc1'],Phase 2,nicotine metabolite,,,
15420,coumaric-acid,['1622530'],['COc1ccccc1/C=C\\C(=O)O'],,,,,
15421,coumarin,['323'],['O=c1ccc2ccccc2o1'],Launched,vitamin K antagonist,CA1|CA12|CA14|CA2|CA4|CA6|CA9|CYP2A6,gastroenterology|pulmonary,ulcerative colitis|asthma|celiac disease
15422,coumestrol,['5281707'],['Oc1ccc2c(c1)oc3c2c(=O)oc4cc(O)ccc34'],,,,,
15423,crizotinib,['11626560'],['C[C@@H](Oc1cc(cnc1N)-c1cnn(c1)C1CCNCC1)c1c(Cl)ccc(F)c1Cl'],Launched,ALK tyrosine kinase receptor inhibitor,ALK|MET,oncology,non-small cell lung cancer (NSCLC)
15424,cromakalim,"['443423', '71191', '93504']",['CC1(C)Oc2ccc(C#N)cc2C(C1O)N3CCCC3=O'],Phase 2,,KCNJ8,,
15425,cromoglicic-acid,['657312'],['OC(COc1cccc2oc(cc(=O)c12)C(O)=O)COc1cccc2oc(cc(=O)c12)C(O)=O'],Launched,immunosuppressant,KCNMA1|S100P,pulmonary|ophthalmology|allergy|gastroenterology,asthma|conjunctivitis|urticaria|ulcerative colitis
15426,crotamiton,['688020'],['CCN(C1=CC=CC=C1C)C(=O)/C=C/C'],Launched,antipruritic,,infectious disease,scabies
15427,cucurbitacin-i,['73707401'],['C[C@@]12C[C@H](C([C@]1(CC(=O)[C@@]3(C2CC=C4C3CC(=O)C(=O)C4(C)C)C)C)[C@](C)(C(=O)/C=C/C(C)(C)O)O)O'],,,,,
15428,cuneatin,['5385091'],['COc1ccc2c(=O)c(coc2c1)c3cc4OCOc4cc3OC'],,,,,
15429,curcumin,"['16760039', '5281767']","['COc1cc(ccc1O)\\C=C\\C(=O)CC(=O)\\C=C\\c1ccc(O)c(OC)c1', 'COc1ccc(/C=C/C(=O)CC(=O)\\C=C\\c2cccc(O)c2OC)cc1O', 'COc1ccc(C=CC(=O)CC(=O)C=Cc2cccc(O)c2OC)cc1O']",Launched,cyclooxygenase inhibitor|histone acetyltransferase inhibitor|lipoxygenase inhibitor|NFkB pathway inhibitor,APP|CA1|CA12|CA14|CA2|CA4|CA6|CA9|CHRM3|CYP3A4|DNMT3B|EP300|MMP13|MMP9|NOS2|PTGS1|PTGS2|XDH,,
15430,cyanocobalamin,['73707516'],['C[C@H](CNC(=O)CC[C@]1(C)[C@@H](CC(N)=O)[C@@H]2N=C1C(C)=C1N=C(C=C3N=C(C(C)=C4[C@@H](CCC(N)=O)[C@](C)(CC(N)=O)[C@@]2(C)N4[Co+]C#N)[C@@](C)(CC(N)=O)[C@@H]3CCC(N)=O)C(C)(C)[C@@H]1CCC(N)=O)OP(O)(=O)O[C@@H]1[C@@H](CO)O[C@@H]([C@@H]1O)n1cnc2cc(C)c(C)cc12'],Launched,methylmalonyl CoA mutase stimulant|vitamin B,MUT,hematology|infectious disease|gastroenterology,anemia|fish tapeworm infestation|celiac disease
15431,cyanopindolol,['155346'],['CC(C)(C)NCC(COC1=CC=CC2=C1C=C(N2)C#N)O'],Phase 2,adrenergic receptor antagonist,ADRB1|HTR1A|HTR1D,,
15432,cyanoquinoline-11,['17759555'],['Fc1ccc(Nc2c(cnc3c(Cl)cc(NCc4cnc[nH]4)cc23)C#N)cc1Cl'],,,,,
15433,cyclazosin,['2894'],['COc1cc2nc(nc(N)c2cc1OC)N1CCN(C2CCCCC12)C(=O)c1ccco1'],,,,,
15434,cyclizine,['6726'],['CN1CCN(CC1)C(c1ccccc1)c1ccccc1'],Launched,histamine receptor modulator,HRH1|SULT1E1,gastroenterology|neurology/psychiatry,nausea|vomiting|vertigo|motion sickness
15435,cyclo-[Arg-Gly-Asp-D-Phe-Val],"['6610347', '9851104']",['CC(C)[C@@H]1NC(=O)[C@H](Cc2ccccc2)NC(=O)[C@@H](CC(=O)O)NC(=O)CNC(=O)[C@H](CCCNC(=N)N)NC1=O'],,,,,
15436,cyclobenzaprine,['22576'],['CN(C)CCC=C1c2ccccc2C=Cc2ccccc12'],Launched,adrenergic receptor agonist|serotonin receptor agonist,HTR2A,neurology/psychiatry,spasms
15437,cycloheximide,['6610302'],['CCOC(=O)CN1C(=O)CC(CC1=O)C[C@H](C2C[C@H](C[C@@H](C2=O)C)C)O'],Preclinical,protein synthesis inhibitor,RPL3,,
15438,cyclopamine,['442972'],['C[C@H]1C[C@@H]2[C@H]([C@H]([C@]3(O2)CC[C@H]4[C@@H]5CC=C6C[C@H](CC[C@@]6([C@H]5CC4=C3C)C)O)C)NC1'],Preclinical,hedgehog pathway inhibitor,,,
15439,cyclopenthiazide,['2904'],['NS(=O)(=O)c1cc2c(NC(CC3CCCC3)NS2(=O)=O)cc1Cl'],Launched,thiazide diuretic,,cardiology,hypertension|congestive heart failure
15440,cyclopentolate,['2905'],['CN(C)CCOC(=O)C(c1ccccc1)C1(O)CCCC1'],Launched,acetylcholine receptor antagonist,,ophthalmology,mydriasis|cycloplegia
15441,cyclophosphamide,['22420'],['ClCCN(CCCl)P1(=O)NCCCO1'],Launched,DNA alkylating agent,CYP2A6|CYP2B6|CYP2C18|CYP2C19|CYP2C8|CYP2C9|CYP2D6|CYP3A4|CYP3A5|CYP3A7,hematologic malignancy|oncology,Hodgkin's lymphoma|small lymphocytic lymphoma (SLL)|breast cancer|neuroblastoma|Burkitt's lymphoma|multiple myeloma|chronic lymphocytic leukemia (CLL)|acute myeloid leukemia (AML)|acute lymphoblastic leukemia (ALL)|chronic myeloid leukemia (CML)|true histiocytic lymphoma (THL)|retinoblastoma|ovarian cancer
15442,cyclopiazonic-acid,['54682463'],['CC(=O)C1=C([C@@H]2[C@@H]3[C@@H](CC4=C5C3=CNC5=CC=C4)C(N2C1=O)(C)C)O'],Preclinical,ATPase inhibitor,ATP2A1,,
15443,cycloserine,['449215'],['N[C@H]1CONC1=O'],,,,,
15444,cycloserine-(d),['6234'],['N[C@@H]1CONC1=O'],,,,,
15445,cyclosporin-a,['5284373'],['CC[C@H]1C(=O)N(CC(=O)N([C@H](C(=O)N[C@H](C(=O)N([C@H](C(=O)N[C@H](C(=O)N[C@@H](C(=O)N([C@H](C(=O)N([C@H](C(=O)N([C@H](C(=O)N([C@H](C(=O)N1)[C@@H]([C@H](C)C/C=C/C)O)C)C(C)C)C)CC(C)C)C)CC(C)C)C)C)C)CC(C)C)C)C(C)C)CC(C)C)C)C'],,,,,
15446,cymarin,['441853'],['C[C@@H]1[C@H]([C@H](C[C@@H](O1)O[C@H]2CC[C@@]3([C@H]4CC[C@@]5([C@H](CC[C@@]5([C@@H]4CC[C@@]3(C2)O)O)C6=CC(=O)OC6)C)C=O)OC)O'],,,,,
15447,cyproheptadine,['2913'],['CN1CCC(CC1)=C1c2ccccc2C=Cc2ccccc12'],Launched,histamine receptor antagonist,ADRA1A|ADRA1B|ADRA1D|CHRM1|CHRM2|CHRM3|HRH1|HTR2A|HTR2C|HTR6|HTR7,allergy|otolaryngology|ophthalmology|dermatology,allergic rhinitis|vasomotor rhinitis|conjunctivitis|urticaria|dermatographism
15448,cyproterone,['73707455'],['CC(=O)[C@]1(CC[C@H]2[C@@]1(CC[C@@H]3[C@H]2C=C(C4=CC(=O)C5CC5[C@]34C)Cl)C)OC(=O)C'],,,,,
15449,cytarabine,['6253'],['C1=CN(C(=O)N=C1N)[C@H]2[C@H]([C@@H]([C@H](O2)CO)O)O'],Launched,ribonucleotide reductase inhibitor,POLA1|POLB|POLD1|POLE,hematologic malignancy,acute lymphoblastic leukemia (ALL)|chronic lymphocytic leukemia (CLL)|acute myeloid leukemia (AML)|non-Hodgkin lymphoma (NHL)
15450,cytochalasin-b,['5311281'],['C[C@H]1[C@H]2[C@H](Cc3ccccc3)NC(=O)[C@]22OC(=O)\\C=C\\[C@H](O)CCC[C@@H](C)C\\C=C\\[C@H]2[C@H](O)C1=C'],,,,,
15451,cytochalasin-d,['44634700'],['C[C@H]1[C@H]2[C@H](Cc3ccccc3)NC(=O)[C@@]22[C@@H](\\C=C\\C[C@H](C)C(=O)[C@@](C)(O)\\C=C\\[C@H]2OC(C)=O)[C@H](O)C1=C'],,,,,
15452,cytosporone-b,['10687292'],['CCCCCCCC(=O)c1c(O)cc(O)cc1CC(=O)OCC'],,,,,
15453,dabrafenib,['44462760'],['CC(C)(C)c1nc(c(s1)-c1ccnc(N)n1)-c1cccc(NS(=O)(=O)c2c(F)cccc2F)c1F'],Launched,RAF inhibitor,BRAF|LIMK1|NEK11|RAF1|SIK1,oncology,melanoma
15454,dacarbazine,['5351166'],['CN(C)\\N=N\\c1[nH]cnc1C(N)=O'],Launched,DNA alkylating agent,PGD|POLA2,oncology|hematologic malignancy,melanoma|Hodgkin's lymphoma
15455,dacinostat,['6445533'],['OCCN(CCc1c[nH]c2ccccc12)Cc1ccc(\\C=C\\C(=O)NO)cc1'],Phase 1,HDAC inhibitor,HDAC1|HDAC2|HDAC3|HDAC4|HDAC5|HDAC6|HDAC7|HDAC8|HDAC9,,
15456,dactinomycin,['457193'],['C[C@@H]1[C@@H](C(=O)N[C@@H](C(=O)N2CCC[C@H]2C(=O)N(CC(=O)N([C@H](C(=O)O1)C(C)C)C)C)C(C)C)NC(=O)C3=C4C(=C(C=C3)C)OC5=C(C(=O)C(=C(C5=N4)C(=O)N[C@H]6[C@H](OC(=O)[C@@H](N(C(=O)CN(C(=O)[C@@H]7CCCN7C(=O)[C@H](NC6=O)C(C)C)C)C)C(C)C)C)N)C'],Launched,RNA polymerase inhibitor,POLR2A,oncology,testicular carcinoma|Wilm's tumor|rhabdomyosarcoma|Ewing's sarcoma|gestational trophoblastic disease (GTD)
15457,daidzein,['5281708'],['Oc1ccc(cc1)-c1coc2cc(O)ccc2c1=O'],Phase 2,estrogen receptor agonist,ESRRA|ESRRB|ESRRG|TRPC5,,
15458,dalcetrapib,['6918540'],['CCC(CC)CC1(CCCCC1)C(=O)Nc1ccccc1SC(=O)C(C)C'],Phase 3,cholesteryl ester transfer protein inhibitor,CETP,,
15459,damnacanthal,['2948'],['COc1c(C=O)c(O)cc2C(=O)c3ccccc3C(=O)c12'],,,,,
15460,danazol,['6540825'],['C[C@]12CC[C@@H]3[C@H]([C@H]1CC[C@]2(C#C)O)CCC4=CC5=C(C[C@]34C)C=NO5'],Launched,estrogen receptor antagonist|progesterone receptor agonist,AR|CCL2|ESR1|GNRHR|GNRHR2|PGR,obstetrics/gynecology|cardiology,endometriosis|angioedema
15461,danoprevir,['46931004'],['CC(C)(C)OC(=O)N[C@H]1CCCCC\\C=C/[C@@H]2C[C@@]2(CNS(=O)(=O)C2CC2)NC(=O)[C@@H]2C[C@H](CN2C1=O)OC(=O)N1Cc2cccc(F)c2C1'],Phase 3,HCV inhibitor,,,
15462,dantrolene,['32731'],['C1C(=NC(=O)N1N=CC2=CC=C(O2)C3=CC=C(C=C3)[N+](=O)[O-])[O-].[Na+]'],Launched,calcium channel blocker,RYR1|RYR3,neurology/psychiatry|endocrinology,spasms|malignant hyperthermia (MH)
15463,dantron,['2950'],['Oc1cccc2C(=O)c3cccc(O)c3C(=O)c12'],Withdrawn,laxative,,,
15464,danusertib,['11442891'],['CO[C@@H](C(=O)N1Cc2[nH]nc(NC(=O)c3ccc(cc3)N3CCN(C)CC3)c2C1)c1ccccc1'],Phase 2,Aurora kinase inhibitor|growth factor receptor inhibitor,AURKA|AURKB|AURKC|FGFR1|NTRK1|RET|SLK,,
15465,daphnetin,['5280569'],['Oc1ccc2ccc(=O)oc2c1O'],Preclinical,protein kinase inhibitor,,,
15466,dapsone,['2955'],['Nc1ccc(cc1)S(=O)(=O)c1ccc(N)cc1'],Launched,bacterial antifolate,DHFR,dermatology|infectious disease,dermatitis herpetiformis (DH)|leprosy
15467,darifenacin,['444031'],['NC(=O)C([C@@H]1CCN(CCc2ccc3OCCc3c2)C1)(c1ccccc1)c1ccccc1'],Launched,acetylcholine receptor antagonist,CHRM1|CHRM2|CHRM3|CHRM4|CHRM5,urology,urinary incontinence
15468,darinaparsin,['11683005'],['C[As](C)SC[C@H](NC(=O)CC[C@H](N)C(O)=O)C(=O)NCC(O)=O'],,,,,
15469,dasatinib,['3062316'],['Cc1nc(Nc2ncc(s2)C(=O)Nc2c(C)cccc2Cl)cc(n1)N1CCN(CCO)CC1'],Launched,Bcr-Abl kinase inhibitor|ephrin inhibitor|KIT inhibitor|PDGFR tyrosine kinase receptor inhibitor|SRC inhibitor|tyrosine kinase inhibitor,ABL1|ABL2|BLK|EPHA2|FGR|FRK|FYN|HCK|KIT|LCK|LYN|PDGFRB|SRC|SRMS|STAT5B|YES1,hematologic malignancy,chronic myeloid leukemia (CML)|acute lymphoblastic leukemia (ALL)
15470,daunorubicin,"['12309103', '2958', '46931007']","['COc1cccc2C(=O)c3c(O)c4CC(O)(CC(OC5CC(N)C(O)C(C)O5)c4c(O)c3C(=O)c12)C(=O)C', 'COc1cccc2C(=O)c3c(O)c4C[C@](O)(C[C@@H](O[C@H]5C[C@H](N)[C@H](O)[C@H](C)O5)c4c(O)c3C(=O)c12)C(C)=O', 'COc1cccc2C(=O)c3c(O)c4C[C@](O)(C[C@H](C[C@H]5C[C@H](N)[C@H](O)[C@H](C)O5)c4c(O)c3C(=O)c12)C(O)=O', 'COc1cccc2C(=O)c3c(O)c4C[C@](O)(C[C@H](OC5CC(N)C(O)C(C)O5)c4c(O)c3C(=O)c12)C(C)=O', 'COc1cccc2C(=O)c3c(O)c4C[C@](O)(C[C@H](O[C@H]5C[C@H](N)[C@H](O)[C@H](C)O5)c4c(O)c3C(=O)c12)C(C)=O']",Launched,RNA synthesis inhibitor|topoisomerase inhibitor,TOP2A|TOP2B,hematologic malignancy,acute myeloid leukemia (AML)|acute lymphoblastic leukemia (ALL)
15471,debrisoquine,['73707358'],['NC(=N)N1CCc2ccccc2C1.NC(=N)N1CCc2ccccc2C1'],,,,,
15472,decafluorobutane,['9638'],['Fc1cccc(C=NN=Cc2cccc(F)c2)c1'],,,,,
15473,decitabine,['451668'],['Nc1ncn([C@H]2C[C@H](O)[C@@H](CO)O2)c(=O)n1'],Launched,DNA methyltransferase inhibitor,DNMT1|DNMT3A,hematologic malignancy|hematology,myelodysplastic diseases (MDS)|anemia|chronic myeloid leukemia (CML)
15474,deferiprone,['2972'],['Cc1c(O)c(=O)ccn1C'],Launched,chelating agent,UGT1A6,hematology,transfusional hemosiderosis|thalassemia|iron overload
15475,deflazacort,['73707512'],['CC(=O)OCC(=O)[C@@]12N=C(C)O[C@@H]1C[C@H]1[C@H]3CCC4=CC(=O)C=C[C@]4(C)[C@H]3[C@@H](O)C[C@]21C'],Launched,glucocorticoid receptor agonist,NR3C1,rheumatology,joint inflammation
15476,deforolimus,['57495783'],['CO[C@@H]1C[C@H](C[C@@H](C)[C@@H]2CC(=O)[C@H](C)\\C=C(C)\\[C@@H](O)[C@@H](OC)C(=O)[C@H](C)C[C@H](C)\\C=C\\C=C/C=C(C)/[C@H](C[C@@H]3CC[C@@H](C)[C@@](O)(O3)C(=O)C(=O)N3CCCC[C@H]3C(=O)O2)OC)CC[C@H]1OP(C)(C)=O'],Phase 3,mTOR inhibitor,MTOR,,
15477,deguelin,['107935'],['COc1cc2OC[C@H]3Oc4c5C=CC(C)(C)Oc5ccc4C(=O)[C@H]3c2cc1OC'],,,,,
15478,dehydrocholate,['11869222'],['C[C@H](CCC(O)=O)[C@H]1CCC2C3C(CC(=O)[C@]12C)[C@@]1(C)CCC(=O)CC1CC3=O'],Preclinical,,,,
15479,dehydrocholic-acid,['6674'],['C[C@H](CCC(=O)O)[C@H]1CC[C@@H]2[C@@]1(C(=O)C[C@H]3[C@H]2C(=O)C[C@H]4[C@@]3(CCC(=O)C4)C)C'],,,,,
15480,dehydroisoandosterone,['6604284'],['CC(=O)O[C@H]1CC[C@@]2([C@@H]3CC[C@]4([C@@H]([C@@H]3CC=C2C1)CCC4=O)C)C'],,,,,
15481,delcorine,['441724'],['CCN1C[C@]2(COC)CC[C@H](OC)[C@]3([C@@H]4C[C@H]5[C@H](OC)[C@@H]4[C@@]6(C[C@@H]5OC)OCO[C@]76[C@@H](O)[C@@H]32)C17'],,,,,
15482,deltaline,['441728'],['CCN1C[C@]2(C)CC[C@H](OC)[C@@]34[C@@H]2[C@H](OC(=O)C)[C@@]5(OCO[C@]65C[C@H](OC)[C@H]7C[C@]4(O)[C@@H]6[C@H]7OC)C13'],,,,,
15483,demecarium,['25163033'],['CN(CCCCCCCCCCN(C)C(=O)Oc1cccc(c1)[N+](C)(C)C)C(=O)Oc1cccc(c1)[N+](C)(C)C'],Launched,acetylcholinesterase inhibitor,ACHE|BCHE,ophthalmology,intraocular pressure|glaucoma
15484,demeclocycline,"['17756785', '73707518']","['CN(C)C1C2CC3C(O)c4c(Cl)ccc(O)c4C(=O)C3C(=O)C2(O)C(=O)C(C(N)=O)C1=O', 'CN(C)[C@H]1[C@@H]2C[C@H]3[C@H](O)c4c(Cl)ccc(O)c4C(=O)C3C(=O)[C@]2(O)C(=O)C(C(N)=O)C1=O']",Launched,bacterial 30S ribosomal subunit inhibitor,,endocrinology|infectious disease|ophthalmology|urology,fever|respiratory tract infections|psittacosis|trachoma|conjunctivitis|urethritis|chancroid|cholera|syphilis|listeria|anthrax|actinomycosis|tularemia|brucellosis
15485,denbufylline,['2984'],['CCCCn1c(=O)n(CCCC)c2ncn(CC(=O)C)c2c1=O'],,,,,
15486,deoxyandirobin,['6708516'],['CC1(C)[C@H](O)C=C[C@]2(C)C3CC[C@@]4(C)[C@@H](OC(=O)C=C4[C@]3(C)OC(=O)CC12)c5ccoc5'],,,,,
15487,deoxycholic-acid,"['23679071', '6742']","['CC(CCC(O)=O)[C@H]1CC[C@H]2[C@@H]3CC[C@@H]4C[C@H](O)CC[C@]4(C)[C@H]3C[C@H](O)[C@]12C', 'C[C@H](CCC(O)=O)[C@H]1CC[C@H]2[C@@H]3CC[C@@H]4C[C@H](O)CC[C@]4(C)[C@H]3C[C@H](O)[C@]12C']",Launched,biliverdin reductase A activator|G protein-coupled receptor agonist,FPR1|GPBAR1,endocrinology,submental fat
15488,deoxycorticosterone-acetate,"['3001', '5952']",['CC(=O)OCC(=O)[C@H]1CCC2C3CCC4=CC(=O)CC[C@]4(C)C3CC[C@]12C'],Preclinical,progestogen hormone,NR3C2,,
15489,deoxyrhapontin,['5316606'],['COc1ccc(C=Cc2cc(O)cc(O[C@@H]3O[C@H](CO)[C@@H](O)[C@H](O)[C@H]3O)c2)cc1'],,,,,
15490,dephostatin,['2990'],['CN([N+][O-])c1cc(O)ccc1O'],,,,,
15491,depomedrol,['5877'],['C[C@H]1C[C@H]2[C@@H]3CC[C@](O)(C(=O)COC(=O)C)[C@@]3(C)C[C@H](O)[C@@H]2[C@@]4(C)C=CC(=O)C=C14'],,,,,
15492,deptropine,['6604492'],['CN1[C@H]2CC[C@@H]1CC(C2)OC1c2ccccc2CCc2ccccc12'],Preclinical,histamine receptor antagonist,HRH1,,
15493,depudecin,['10420710'],['C[C@@H](O)[C@H]1O[C@H]1\\C=C\\[C@H]1O[C@H]1[C@H](O)C=C'],,,,,
15494,dequalinium,['2993'],['Cc1cc(N)c2ccccc2[n+]1CCCCCCCCCC[n+]1c(C)cc(N)c2ccccc12'],Launched,PKC inhibitor,KCNN1|KCNN3,infectious disease,first-aid antiseptic
15495,deracoxib,['3058754'],['COc1ccc(cc1F)-c1cc(nn1-c1ccc(cc1)S(N)(=O)=O)C(F)F'],Launched,cyclooxygenase inhibitor,PTGS2,rheumatology,osteoarthritis
15496,desipramine,['2995'],['CNCCCN1c2ccccc2CCc2ccccc12'],Launched,tricyclic antidepressant,ADRA1A|ADRA1B|ADRA1D|ADRA2A|ADRA2B|ADRA2C|ADRB1|ADRB2|CHRM1|CHRM2|CHRM3|CHRM4|CHRM5|DRD2|HRH1|HTR1A|HTR2A|HTR2C|SLC6A2|SLC6A4|SMPD1,neurology/psychiatry,depression
15497,desloratadine,['124087'],['Clc1ccc2c(CCc3cccnc3C2=C2CCNCC2)c1'],Launched,histamine receptor antagonist,HRH1,allergy,allergic rhinitis|urticaria
15498,desmethyl-DASB,['73707561'],['CNCc1ccccc1Sc1ccc(cc1N)[N+]#[C-]'],,,,,
15499,desmethylclomipramine,['622606'],['CNCCCN1c2ccccc2CCc2ccc(Cl)cc12'],,,,,
15500,desmethylclozapine,['2820'],['Clc1ccc2Nc3ccccc3C(=Nc2c1)N1CCNCC1'],Phase 2,acetylcholine receptor agonist,HTR2C,,
15501,desoximetasone,['5311067'],['C[C@@H]1C[C@H]2[C@@H]3CCC4=CC(=O)C=C[C@@]4([C@]3([C@H](C[C@@]2([C@H]1C(=O)CO)C)O)F)C'],Launched,glucocorticoid receptor agonist,NR3C1|PLA2G1B,dermatology,corticosteroid-responsive dermatoses
15502,desoxycortone,['73707523'],['C[C@]12CC[C@@H]3[C@@H]([C@@H]1CC[C@@H]2C(=O)CO)CCC4=CC(=O)CC[C@]34C'],Preclinical,mineralocorticoid receptor agonist,NR3C1|NR3C2,,
15503,desoxypeganine,['442894'],['C1CN2Cc3ccccc3N=C2C1'],Phase 1,acetylcholinesterase inhibitor|monoamine oxidase inhibitor,ACHE,,
15504,devazepide,['443375'],['CN1C(=O)[C@@H](NC(=O)c2cc3ccccc3[nH]2)N=C(c4ccccc4)c5ccccc15'],Preclinical,CCK receptor antagonist,,,
15505,dexamethasone,['5743'],['C[C@@H]1C[C@H]2[C@@H]3CCC4=CC(=O)C=C[C@@]4([C@]3([C@H](C[C@@]2([C@]1(C(=O)CO)O)C)O)F)C'],Launched,glucocorticoid receptor agonist,ANXA1|NOS2|NR0B1|NR3C1|NR3C2,endocrinology|rheumatology|allergy|gastroenterology|hematology|neurology/psychiatry|dermatology,hypercalcemia|rheumatoid arthritis|psoriatic arthritis|osteoarthritis|allergic rhinitis|ulcerative colitis|anemia|multiple sclerosis|enteritis|lupus|dermatitis herpetiformis (DH)|nephrotic syndrome|psoriasis
15506,dexamethasone-acetate,['236702'],['C[C@@H]1CC2C3CCC4=CC(=O)C=C[C@]4(C)[C@@]3(F)[C@@H](O)C[C@]2(C)[C@@]1(O)C(=O)COC(C)=O'],Launched,glucocorticoid receptor agonist,,endocrinology|rheumatology|allergy|gastroenterology|hematology|neurology/psychiatry|dermatology,hypercalcemia|rheumatoid arthritis|psoriatic arthritis|osteoarthritis|allergic rhinitis|ulcerative colitis|anemia|multiple sclerosis|enteritis|lupus|dermatitis herpetiformis (DH)|nephrotic syndrome|psoriasis
15507,dexbrompheniramine,['6433334'],['CN(C)CC[C@@H](c1ccc(Br)cc1)c2ccccn2'],,,,,
15508,dexchlorpheniramine,['5281070'],['CN(C)CC[C@@H](c1ccc(Cl)cc1)c1ccccn1'],Launched,histamine receptor antagonist,,allergy|cardiology,allergic conjunctivitis|allergic rhinitis|urticaria|angioedema
15509,dexfenfluramine,['66264'],['CCN[C@@H](C)Cc1cccc(c1)C(F)(F)F'],,,,,
15510,dexketoprofen,['667550'],['C[C@H](C(=O)O)c1cccc(c1)C(=O)c2ccccc2'],,,,,
15511,dexrazoxane,['71384'],['C[C@@H](CN1CC(=O)NC(=O)C1)N1CC(=O)NC(=O)C1'],Launched,chelating agent|topoisomerase inhibitor,TOP2A|TOP2B,cardiology,cardiomyopathy
15512,dextromethorphan,['5360696'],['CN1CC[C@@]23CCCC[C@@H]2[C@@H]1CC4=C3C=C(C=C4)OC'],Launched,glutamate receptor antagonist|sigma receptor agonist,CHRNA2|CHRNA3|CHRNA4|CHRNA7|CHRNB2|CHRNB4|CYBA|CYBB|GRIN3A|NCF1|NCF2|NCF4|OPRD1|OPRK1|OPRM1|PGRMC1|RAC1|RAC2|SIGMAR1|SLC6A2|SLC6A4,pulmonary,cough suppressant
15513,dextrorphan,['5388990'],['CN1CC[C@]23CCCC[C@@H]3[C@@H]1Cc4ccc(O)cc42'],,,,,
15514,diacerein,['26248'],['CC(=O)Oc1cccc2C(=O)c3cc(cc(OC(C)=O)c3C(=O)c12)C(O)=O'],Launched,interleukin inhibitor,IL1B,rheumatology,osteoarthritis
15515,diaminoquinazoline,['44818131'],['CNc1nc(NCc2ccc(NC(=O)c3ccc(F)cc3)cc2)c2ccccc2n1'],,,,,
15516,diarylpropionitrile,['102614'],['Oc1ccc(CC(C#N)c2ccc(O)cc2)cc1'],Preclinical,estrogen receptor agonist,ESR2,,
15517,diarylsulfonesulfonamide,['25147679'],['CCc1ccc(cc1S(=O)(=O)NCCc1ccc(OC)c(OC)c1)S(=O)(=O)c1ccccc1'],,,,,
15518,diazepam,['3016'],['CN1c2ccc(Cl)cc2C(=NCC1=O)c1ccccc1'],,,,,
15519,diazoxide,['3019'],['CC1=Nc2ccc(Cl)cc2S(=O)(=O)N1'],Launched,potassium channel activator,ATP1A1|CA1|CA2|KCNJ11|KCNJ8|KCNMA1|SLC12A3,endocrinology,hypoglycemia
15520,dibenzepin,['9419'],['CN(C)CCN1C(=O)c2ccccc2N(C)c3ccccc13'],,,,,
15521,dibenzoylmethane,['8433'],['O=C(CC(=O)c1ccccc1)c2ccccc2'],,,,,
15522,dibutyryl-cAMP-Na,['51397512'],['CCCC(=O)Nc1ncnc2n(cnc12)[C@H]1O[C@H]2COP(O)(=O)O[C@@H]2[C@@H]1OC(=O)CCC'],,,,,
15523,dibutyrylcyclic-gmp,['6610337'],['CCCC(=O)Nc1nc2n(cnc2c(=O)[nH]1)C3O[C@H]4COP(=O)(O)O[C@@H]4[C@@H]3OC(=O)CCC'],,,,,
15524,dichloroacetic-acid,['6597'],['OC(=O)C(Cl)Cl'],,,,,
15525,dichlorobenzamil,['114771'],['N/C(=N\\C(=O)c1nc(Cl)c(N)nc1N)/NCc2ccc(Cl)cc2Cl'],,,,,
15526,dichlorodiamine-platinum,['2768'],['Cl[Pt++]Cl'],,,,,
15527,diclofenac,['3033'],['OC(=O)Cc1ccccc1Nc1c(Cl)cccc1Cl'],Launched,cyclooxygenase inhibitor,AKR1C3|ALOX5|ASIC1|ASIC3|KCNQ2|KCNQ3|PLA2G2A|PPARG|PTGS1|PTGS2|SCN4A,rheumatology|neurology/psychiatry,rheumatoid arthritis|osteoarthritis|migraine headache
15528,diclofenamide,['3038'],['NS(=O)(=O)c1cc(Cl)c(Cl)c(c1)S(N)(=O)=O'],Launched,carbonic anhydrase inhibitor,CA1|CA12|CA2|CA4|CA7,ophthalmology|neurology/psychiatry,glaucoma|epilepsy
15529,dicloxacillin,['23667628'],['Cc1onc(c1C(=O)N[C@H]1[C@H]2SC(C)(C)[C@@H](N2C1=O)C(O)=O)-c1c(Cl)cccc1Cl'],Launched,bacterial cell wall synthesis inhibitor,,infectious disease,gram-positive bacterial infections
15530,dicoumarol,['653'],['Oc1c(Cc2c(O)c3ccccc3oc2=O)c(=O)oc2ccccc12'],Launched,NADPH inhibitor,CRYZ|NQO1|VKORC1,hematology,deep vein thrombosis (DVT)
15531,dictamnine,['68085'],['COc1c2ccoc2nc3ccccc13'],,,,,
15532,dicyclohexylurea,['4277'],['O=C(NC1CCCCC1)NC2CCCCC2'],,,,,
15533,dicycloverine,['3042'],['CCN(CC)CCOC(=O)C1(CCCCC1)C1CCCCC1'],Launched,acetylcholine receptor antagonist,CHRM1|CHRM2|CHRM3,gastroenterology,irritable bowel syndrome
15534,didanosine,['50599'],['OC[C@@H]1CC[C@@H](O1)n1cnc2c(O)ncnc12'],Launched,nucleoside reverse transcriptase inhibitor,PNP,infectious disease,human immunodeficiency virus (HIV-1)
15535,dieldrin,['3048'],['ClC1=C(Cl)C2(Cl)C3C4CC(C5OC54)C3C1(Cl)C2(Cl)Cl'],,,,,
15536,dienestrol,['667476'],['C/C=C(/C(=C/C)/C1=CC=C(C=C1)O)\\C2=CC=C(C=C2)O'],Launched,estrogen receptor agonist,ESR1,endocrinology,menopause
15537,diethylcarbamazine,['3052'],['CCN(CC)C(=O)N1CCN(C)CC1'],Launched,lipoxygenase inhibitor,ALOX5|PTGS1,infectious disease,filariasis
15538,diethylstilbestrol,['448537'],['CC/C(=C(/CC)\\C1=CC=C(C=C1)O)/C2=CC=C(C=C2)O'],Withdrawn,estrogen receptor agonist,ESR1|ESR2|ESRRB|ESRRG,,
15539,diethyltoluamide,['4284'],['CCN(CC)C(=O)c1cccc(C)c1'],Launched,ionotropic receptor IR40a activator,,dermatology,sunscreen lotion
15540,diflorasone,['52897293'],['C[C@H]1C[C@@H]2[C@@H]3C[C@@H](C4=CC(=O)C=C[C@@]4([C@]3([C@H](C[C@@]2([C@]1(C(=O)COC(=O)C)OC(=O)C)C)O)F)C)F'],,,,,
15541,diflunisal,['3059'],['OC(=O)c1cc(ccc1O)-c1ccc(F)cc1F'],Launched,prostanoid receptor antagonist,PTGS1|PTGS2,rheumatology,rheumatoid arthritis|osteoarthritis
15542,digitoxigenin,['73707465'],['C[C@]12CC[C@@H](C[C@@H]1CC[C@H]3[C@@H]2CC[C@]4([C@@]3(CC[C@@H]4C5=CC(=O)OC5)O)C)O'],Preclinical,ATPase inhibitor,ATP1A1,,
15543,digitoxin,['73707526'],['C[C@@H]1[C@H]([C@H](C[C@H](O1)O[C@@H]2[C@H](O[C@@H](C[C@@H]2O)O[C@@H]3[C@H](O[C@@H](C[C@@H]3O)O[C@H]4CC[C@]5([C@@H](C4)CC[C@@H]6[C@@H]5CC[C@]7([C@@]6(CC[C@@H]7C8=CC(=O)OC8)O)C)C)C)C)O)O'],Launched,ATPase inhibitor,ATP1A1|ATP1A2|ATP1A3|ATP1A4|ATP1B1|ATP1B2|ATP1B3|FXYD2,cardiology,congestive heart failure|cardiac arrythmia
15544,digoxigenin,['73707458'],['C[C@]12CC[C@@H](C[C@@H]1CC[C@H]3[C@@H]2C[C@H]([C@]4([C@@]3(CC[C@@H]4C5=CC(=O)OC5)O)C)O)O'],Preclinical,steroid,,,
15545,digoxin,"['30322', '73707466']","['C[C@H]1O[C@H](C[C@H](O)[C@@H]1O)O[C@@H]2[C@@H](C)O[C@H](C[C@@H]2O)O[C@@H]3[C@@H](C)O[C@H](C[C@@H]3O)O[C@H]4CC[C@@]5(C)[C@H](CC[C@@H]6[C@@H]5C[C@@H](O)[C@]7(C)[C@H](CC[C@]67O)C8=CC(=O)OC8)C4', 'C[C@H]1O[C@H](C[C@H](O)[C@@H]1O)O[C@H]1[C@@H](O)C[C@H](O[C@H]2[C@@H](O)C[C@H](O[C@H]3CC[C@@]4(C)[C@@H](CC[C@H]5[C@@H]4C[C@@H](O)[C@]4(C)[C@H](CC[C@]54O)C4=CC(=O)OC4)C3)O[C@@H]2C)O[C@@H]1C', 'C[C@H]1O[C@H](C[C@H](O)[C@@H]1O)O[C@H]1[C@@H](O)C[C@H](O[C@H]2[C@@H](O)C[C@H](O[C@H]3CC[C@@]4(C)[C@H](CCC5C4C[C@@H](O)[C@]4(C)[C@H](CC[C@]54O)C4=CC(=O)OC4)C3)O[C@@H]2C)O[C@@H]1C', 'C[C@H]1O[C@H](C[C@H](O)[C@@H]1O)O[C@H]1[C@@H](O)C[C@H](O[C@H]2[C@@H](O)C[C@H](O[C@H]3CC[C@@]4(C)[C@H](CC[C@@H]5[C@@H]4C[C@@H](O)[C@]4(C)C(CC[C@]54O)C4=CC(=O)OC4)C3)O[C@@H]2C)O[C@@H]1C']",Launched,ATPase inhibitor,ATP1A1,cardiology,congestive heart failure|atrial fibrillation (AF)
15546,dihomo-gamma-linolenic-acid,['5280581'],['CCCCC\\C=C/C\\C=C/C\\C=C/CCCCCCC(O)=O'],Phase 2,prostanoid receptor agonist,PTGS1|PTGS2,,
15547,dihydrexidine,['23581820'],['C1CC2=CC(=C(C=C2[C@@H]3[C@@H]1NCC4=CC=CC=C34)O)O.O.Cl'],Phase 2,dopamine receptor agonist,DRD1|DRD2|DRD3|DRD4|DRD5,,
15548,dihydro-7-desacetyldeoxygedunin,['6708643'],['CC1(C)C2C[C@@H](O)[C@]3(C)C(CC[C@@]4(C)[C@@H](OC(=O)C=C43)c5ccoc5)[C@@]2(C)CCC1=O'],,,,,
15549,dihydrocapsaicin,['107982'],['COc1cc(CNC(=O)CCCCCCC(C)C)ccc1O'],,,,,
15550,dihydrodeoxygedunin,['6708636'],['CC(=O)O[C@@H]1CC2C(C)(C)C(=O)CC[C@]2(C)C3CC[C@@]4(C)[C@@H](OC(=O)C=C4[C@]13C)c5ccoc5'],,,,,
15551,dihydroergocristine,['107715'],['CC(C)[C@@]1(C(=O)N2[C@H](C(=O)N3CCC[C@H]3[C@@]2(O1)O)CC4=CC=CC=C4)NC(=O)[C@@H]5C[C@H]6[C@@H](CC7=CNC8=CC=CC6=C78)N(C5)C'],Launched,adrenergic receptor antagonist|prolactin inhibitor,ADRA1A|ADRB1|DRD1|DRD2|DRD3|DRD4|DRD5|HTR1A|HTR2A|HTR3A|HTR4|HTR5A|HTR6|HTR7,neurology/psychiatry,senile dementia|cerebrovascular insufficiency
15552,dihydroergotamine,['73707468'],['C[C@@]1(C(=O)N2[C@H](C(=O)N3CCC[C@H]3[C@@]2(O1)O)CC4=CC=CC=C4)NC(=O)[C@@H]5C[C@H]6[C@H](CC7=CNC8=CC=CC6=C78)N(C5)C.C[C@@]1(C(=O)N2[C@H](C(=O)N3CCC[C@H]3[C@@]2(O1)O)CC4=CC=CC=C4)NC(=O)[C@@H]5CC6[C@H](CC7=CNC8=CC=CC6=C78)N(C5)C'],Launched,serotonin receptor agonist,ADRA2A|DRD2|HTR1B|HTR1D|HTR1E|HTR1F|HTR2B|HTR7,neurology/psychiatry,migraine headache
15553,dihydroobliquin,['3503044'],['CC(C)C1COc2cc3oc(=O)ccc3cc2O1'],,,,,
15554,dihydroptaeroxylin,['612556'],['CC1CCc2c(O)c3c(=O)cc(C)oc3cc2OC1'],,,,,
15555,dihydrorobustic-acid,['54686939'],['COc1ccc(cc1)c2c(O)c3c(OC)c4CCC(C)(C)Oc4cc3oc2=O'],,,,,
15556,dihydrosamidin,['442128'],['CC(C)CC(=O)O[C@@H]1[C@H](OC(=O)C)c2c(OC1(C)C)ccc3ccc(=O)oc23'],,,,,
15557,dihydrostreptomycin,['73707353'],['CN[C@H]1[C@H](O)[C@@H](O)[C@H](CO)O[C@H]1O[C@H]2[C@H](O[C@@H]3[C@@H](O)[C@H](O)[C@@H](NC(=N)N)[C@H](O)[C@H]3NC(=N)N)O[C@@H](C)[C@]2(O)CO.CN[C@H]1[C@H](O)[C@@H](O)[C@H](CO)O[C@H]1O[C@H]2[C@H](O[C@@H]3[C@@H](O)[C@H](O)[C@@H](NC(=N)N)[C@H](O)[C@H]3NC(=N)N)O[C@@H](C)[C@]2(O)CO'],Withdrawn,bacterial 30S ribosomal subunit inhibitor,,,
15558,dihydroxyphenylglycine,['108001'],['NC(C(O)=O)c1cc(O)cc(O)c1'],Preclinical,glutamate receptor agonist,GRM1|GRM5,,
15559,dilazep,['3074'],['COc1cc(cc(OC)c1OC)C(=O)OCCCN1CCCN(CCCOC(=O)c2cc(OC)c(OC)c(OC)c2)CC1'],Launched,adenosine reuptake inhibitor,SLC29A1,cardiology,coronary heart disease
15560,diloxanide,['11367'],['CN(C(=O)C(Cl)Cl)c1ccc(OC(=O)c2ccco2)cc1'],Launched,protein synthesis inhibitor,,infectious disease,amebiasis
15561,diltiazem,['198107'],['CC(=O)O[C@H]1[C@H](SC2=CC=CC=C2N(C1=O)CCN(C)C)C3=CC=C(C=C3)OC'],Launched,calcium channel blocker,CACNA1C|CACNA1S|CACNA2D1|CACNG1|HTR3A|KCNA5,cardiology,hypertension|angina pectoris
15562,dimaprit,['3077'],['CN(C)CCCSC(N)=N'],Preclinical,histamine receptor agonist,HRH2|HRH3|HRH4,,
15563,dimenhydrinate,['10660'],['Cn1c2nc(Cl)[nH]c2c(=O)n(C)c1=O.CN(C)CCOC(c1ccccc1)c1ccccc1'],Launched,histamine receptor antagonist,HRH1,neurology/psychiatry|gastroenterology,motion sickness|nausea|vomiting
15564,dimercaptosuccinic-acid,['2724354'],['OC(=O)[C@@H](S)[C@@H](S)C(O)=O'],Launched,chelating agent,DNMT1,neurology/psychiatry,metal toxicity
15565,dimethadione,['3081'],['CC1(C)OC(=O)NC1=O'],Preclinical,oxazolidine antiepileptic,,,
15566,dimethylnitrosamine,['6124'],['CN(C)[N+][O-]'],,,,,
15567,dinoprost,['73707481'],['COC(N)(CO)CO.CCCCC[C@H](O)C=C[C@H]1[C@H](O)C[C@H](O)[C@@H]1CC=CCCCC(O)=O'],Launched,prostacyclin analog,PTGDR|PTGDR2|PTGER1|PTGER2|PTGER3|PTGER4|PTGFR|TBXA2R,obstetrics/gynecology,labor induction
15568,dinoprostone,['5280360'],['CCCCC[C@H](O)\\C=C\\[C@H]1[C@H](O)CC(=O)[C@@H]1C\\C=C/CCCC(O)=O'],Withdrawn,prostanoid receptor agonist,CATSPER1|CATSPER2|CATSPER3|CATSPER4|PTGDR|PTGDR2|PTGER1|PTGER2|PTGER3|PTGER4|PTGFR|TBXA2R,,
15569,dinorcitalopram-oxalate,['22094944'],['NCCCC1(OCc2cc(ccc12)[N+]#[C-])c1ccc(F)cc1'],,,,,
15570,diosmin,['5281613'],['COc1ccc(cc1O)-c1cc(=O)c2c(O)cc(O[C@@H]3O[C@H](CO[C@@H]4O[C@@H](C)[C@H](O)[C@@H](O)[C@H]4O)[C@@H](O)[C@H](O)[C@H]3O)cc2o1'],Launched,aryl hydrocarbon receptor agonist|capillary stabilizing agent,AHR,cardiology|hematology|dermatology,chronic venous insufficiency (CVI)|edema|deep vein thrombosis (DVT)|statis dermatitis|heavy leg syndrome
15571,dioxane,['31275'],['C1COCCO1'],,,,,
15572,dioxybenzone,['8569'],['COc1ccc(C(=O)c2ccccc2O)c(O)c1'],Preclinical,topical sunscreen agent,,,
15573,diperodon,['10831'],['O=C(Nc1ccccc1)OCC(CN1CCCCC1)OC(=O)Nc1ccccc1'],Preclinical,local anesthetic,,,
15574,diphemanil,['6127'],['C[N+]1(C)CCC(CC1)=C(c1ccccc1)c1ccccc1'],Launched,acetylcholine receptor antagonist,CHRM3,neurology/psychiatry,spasms
15575,diphencyprone,['65057'],['O=c1c(c1-c1ccccc1)-c1ccccc1'],Phase 2,immunostimulant,,,
15576,diphenhydramine,['8980'],['CN(C)CCOC(c1ccccc1)c1ccccc1'],Launched,histamine receptor antagonist,HRH1,neurology/psychiatry,headache
15577,diphenidol,['3055'],['OC(CCCN1CCCCC1)(c1ccccc1)c1ccccc1'],Launched,acetylcholine receptor agonist,CHRM1|CHRM2|CHRM3|CHRM4,neurology/psychiatry,vertigo
15578,diphenoxylate,['6432394'],['CCOC(=O)C1(CCN(CCC(C#N)(c2ccccc2)c3ccccc3)CC1)c4ccccc4'],,,,,
15579,diphenyleneiodonium,['3101'],['[I+]1c2ccccc2-c2ccccc12'],Preclinical,nitric oxide synthase inhibitor,NOS2|NOS3,,
15580,diphenylpyraline,['66063'],['CN1CCC(CC1)OC(c1ccccc1)c1ccccc1'],Launched,dopamine reuptake inhibitor,HRH1|SLC6A3,allergy,allergic rhinitis
15581,dipivefrine,['3105'],['CNCC(O)c1ccc(OC(=O)C(C)(C)C)c(OC(=O)C(C)(C)C)c1'],Launched,adrenergic receptor agonist,,ophthalmology,glaucoma|intraocular pressure
15582,dipropyl-5ct,['156314'],['CCCN(CCC)CCc1c[nH]c2ccc(cc12)C(=O)N'],,,,,
15583,dipropyl-dopamine,['3106'],['CCCN(CCC)CCc1ccc(O)c(O)c1'],,,,,
15584,diprotin-a,['94701'],['CC[C@H](C)[C@H](N)C(=O)N1CCC[C@H]1C(=O)N[C@@H]([C@@H](C)CC)C(=O)O'],,,,,
15585,dipyridamole,['3108'],['OCCN(CCO)c1nc(N2CCCCC2)c2nc(nc(N3CCCCC3)c2n1)N(CCO)CCO'],Launched,phosphodiesterase inhibitor,ADA|PDE10A|PDE1A|PDE1B|PDE1C|PDE2A|PDE3A|PDE3B|PDE4A|PDE4B|PDE4C|PDE4D|PDE5A|PDE6A|PDE6B|PDE6C|PDE6D|PDE6G|PDE6H|PDE7A|PDE7B|PDE8A|PDE8B|PDE9A|SLC29A1,cardiology,coronary artery disease (CAD)|peripheral artery disease (PAD)|hypertension
15586,dirithromycin,['6473883'],['CC[C@H]1OC(=O)[C@H](C)[C@@H](O[C@H]2C[C@@](C)(OC)[C@@H](O)[C@H](C)O2)[C@H](C)[C@@H](O[C@@H]2O[C@H](C)C[C@@H]([C@H]2O)N(C)C)[C@](C)(O)C[C@@H](C)[C@@H]2N[C@@H](COCCOC)O[C@H]([C@H]2C)[C@]1(C)O'],Launched,bacterial 50S ribosomal subunit inhibitor,,pulmonary,bronchitis
15587,disopyramide,['3114'],['CC(C)N(CCC(C(N)=O)(c1ccccc1)c1ccccn1)C(C)C'],Launched,sodium channel blocker,CHRM1|CHRM2|CHRM3|KCND2|KCND3|KCNH2|SCN5A,cardiology,ventricular tachycardia (VT)|ventricular arrhythmias
15588,disulfiram,['3117'],['CCN(CC)C(=S)SSC(=S)N(CC)CC'],Launched,aldehyde dehydrogenase inhibitor|DNA methyltransferase inhibitor|TRPV agonist,ALDH2|DBH,neurology/psychiatry,abstinence from alcohol
15589,dithiothreitol,['19001'],['OC(CS)C(O)CS'],,,,,
15590,ditolylguanidine,['7333'],['Cc1ccccc1NC(=N)Nc1ccccc1C'],Preclinical,sigma receptor agonist,GRIN1|GRIN2A|GRIN2B|SIGMAR1,,
15591,dizocilpine,['180081'],['C[C@@]12C3=CC=CC=C3C[C@@H](N1)C4=CC=CC=C24'],,,,,
15592,dobutamine,['36811'],['CC(CCc1ccc(O)cc1)NCCc1ccc(O)c(O)c1'],Launched,adrenergic receptor agonist,ADRB1|ADRB2,cardiology,congestive heart failure
15593,docetaxel,"['11970251', '73707388', '73707494']","['CC(=O)O[C@@]12CO[C@H]1C[C@H](O)[C@]1(C)[C@H]2[C@H](OC(=O)c2ccccc2)[C@@]2(O)C[C@H](OC(=O)[C@H](O)[C@@H](NC(=O)OC(C)(C)C)c3ccccc3)C(C)=C([C@@H](O)C1=O)C2(C)C', 'CC(=O)O[C@]12CO[C@@H]1C[C@H](O)[C@]1(C)[C@@H]2[C@H](OC(=O)c2ccccc2)[C@]2(O)C[C@@H](OC(=O)[C@H](O)[C@@H](NC(=O)OC(C)(C)C)c3ccccc3)C(C)=C([C@@H](O)C1=O)C2(C)C', 'CC(=O)O[C@]12CO[C@@H]2C[C@H](O)[C@]3(C)[C@@H]1[C@H](OC(=O)c4ccccc4)[C@@]5(O)C[C@H](OC(=O)[C@H](O)[C@@H](NC(=O)OC(C)(C)C)c6ccccc6)C(=C([C@@H](O)C3=O)C5(C)C)C']",Launched,tubulin polymerization inhibitor,BCL2|MAP2|MAP4|MAPT|NR1I2|TUBA1A|TUBA1B|TUBA1C|TUBA3C|TUBA3D|TUBA3E|TUBA4A|TUBB|TUBB1|TUBB2A|TUBB2B|TUBB3|TUBB4A|TUBB4B|TUBB6|TUBB8,oncology,breast cancer|non-small cell lung cancer (NSCLC)|prostate cancer|gastric adenocarcinoma|head and neck squamous cell carcinoma (HNSCC)
15594,doconexent,['445580'],['CC\\C=C/C\\C=C/C\\C=C/C\\C=C/C\\C=C/C\\C=C/CCC(O)=O'],Launched,PPAR receptor agonist,FFAR1|PTGS1|PTGS2,,
15595,docosatrienoic-acid,['5312557'],['CC/C=C\\C/C=C\\C/C=C\\CCCCCCCCCCCC(=O)O'],,,,,
15596,dofetilide,['71329'],['CN(CCOc1ccc(NS(C)(=O)=O)cc1)CCc1ccc(NS(C)(=O)=O)cc1'],Withdrawn,potassium channel blocker,KCNH1|KCNH2|KCNJ12|KCNK2,,
15597,dolasetron,['3033817'],['O=C(O[C@H]1C[C@H]2C[C@H]3C[C@@H](C1)N2CC3=O)c1c[nH]c2ccccc12'],Launched,serotonin receptor antagonist,HTR3A,gastroenterology,nausea|vomiting
15598,domperidone,['3151'],['Clc1ccc2n(C3CCN(CCCn4c5ccccc5[nH]c4=O)CC3)c(=O)[nH]c2c1'],Launched,dopamine receptor antagonist,DRD2|DRD3,infectious disease,fescue toxicosis
15599,donepezil,['3152'],['COc1cc2CC(CC3CCN(Cc4ccccc4)CC3)C(=O)c2cc1OC'],Launched,acetylcholinesterase inhibitor,ACHE,neurology/psychiatry,Alzheimer's disease
15600,dopamine,"['122136', '123932', '162755', '53734236', '65340']","['NCCC(=O)NCCc1ccc(O)c(O)c1', 'NCCc1ccc(O)c(O)c1', 'NCCc1ccc(O)c(OS(O)(=O)=O)c1', 'NCCc1ccc(OC2O[C@@H]([C@@H](O)[C@H](O)[C@H]2O)C(O)=O)c(O)c1', 'NCCc1ccc(OS(O)(=O)=O)c(O)c1']",Launched,dopamine receptor agonist,DBH|DRD1|DRD2|DRD3|DRD4|DRD5|HTR1A|HTR7|SLC6A2|SLC6A3|SLC6A4,cardiology|neurology/psychiatry,ventricular arrhythmias|depression|headache|tremors
15601,doramapimod,['156422'],['Cc1ccc(cc1)-n1nc(cc1NC(=O)Nc1ccc(OCCN2CCOCC2)c2ccccc12)C(C)(C)C'],Phase 2,p38 MAPK inhibitor,MAPK11|MAPK12|MAPK13|MAPK14,,
15602,dorsomorphin,['11524144'],['C(CN1CCCCC1)Oc2ccc(cc2)c3cnc4c(cnn4c3)c5ccncc5'],Preclinical,AMPK inhibitor,ACVR1|BMPR1A|BMPR1B|EPHA2|FKBP1A|FLT1|FLT3|KDR|LCK|MKNK1|PRKAA1|RPS6KA1|SRC,,
15603,dorzolamide,['5284549'],['CCN[C@H]1C[C@H](C)S(=O)(=O)c2sc(cc12)S(=O)(=O)N'],Launched,carbonic anhydrase inhibitor,CA1|CA12|CA14|CA2|CA4|CA7,ophthalmology,intraocular pressure|glaucoma
15604,dosulepin,"['3155', '5282426', '5284550']",['CN(C)CC\\C=C1/c2ccccc2CSc2ccccc12'],Launched,norepinephrine reuptake inhibitor|serotonin–norepinephrine reuptake inhibitor (SNRI)|tricyclic antidepressant,CHRM1|CHRM2|CHRM3|CHRM4|CHRM5|HRH1|SLC6A2|SLC6A4,neurology/psychiatry,depression
15605,dovitinib,['9886808'],['CN1CCN(CC1)c1ccc2nc([nH]c2c1)-c1c(N)c2c(F)cccc2[nH]c1=O'],Phase 3,EGFR inhibitor|FGFR inhibitor|FLT3 inhibitor|PDGFR tyrosine kinase receptor inhibitor|VEGFR inhibitor,CSF1R|EGFR|FGFR1|FGFR2|FGFR3|FLT1|FLT3|FLT4|INSR|KDR|KIT|PDGFRA|PDGFRB,,
15606,doxapram,['3156'],['CCN1CC(CCN2CCOCC2)C(C1=O)(c1ccccc1)c1ccccc1'],Launched,potassium channel blocker,,pulmonary|neurology/psychiatry,respiratory depression|central nervous system depression|acute hypercapnia (AHC)
15607,doxazosin,['3157'],['COc1cc2nc(nc(N)c2cc1OC)N1CCN(CC1)C(=O)C1COc2ccccc2O1'],Launched,adrenergic receptor antagonist,ADRA1A|ADRA1B|ADRA1D,urology|cardiology,benign prostatic hyperplasia (BPH)|hypertension
15608,doxepin,['667477'],['CN(C)CC/C=C/1\\C2=CC=CC=C2COC3=CC=CC=C31'],Launched,histamine receptor antagonist,HRH1|SLC6A2|SLC6A4,neurology/psychiatry,depression|anxiety
15609,doxercalciferol,['73707407'],['CC(C)[C@@H](C)\\C=C\\[C@@H](C)[C@@H]1CC[C@H]2[C@@]1(C)CCC\\C2=C/C=C1/C[C@@H](O)C[C@H](O)C1=C'],Launched,vitamin D receptor agonist,VDR,nephrology|endocrinology,chronic kidney disease (CKD)|hyperparathyroidism
15610,doxofylline,['50942'],['Cn1c2ncn(CC3OCCO3)c2c(=O)n(C)c1=O'],Launched,adenosine receptor antagonist,ADORA1|PDE4A|PDE4B|PDE4C|PDE4D,pulmonary,asthma
15611,doxorubicin,['31703'],['C[C@H]1[C@H]([C@H](C[C@@H](O1)O[C@H]2C[C@@](CC3=C2C(=C4C(=C3O)C(=O)C5=C(C4=O)C(=CC=C5)OC)O)(C(=O)CO)O)N)O'],Launched,topoisomerase inhibitor,TOP2A,hematologic malignancy|oncology,acute lymphoblastic leukemia (ALL)|acute myeloid leukemia (AML)|Wilm's tumor|breast cancer|ovarian cancer|Hodgkin's lymphoma|bladder cancer|multiple myeloma
15612,doxycycline,['54416524'],['CC1C2C(O)C3C(N(C)C)C(=O)C(C(N)=O)C(=O)C3(O)C(=O)C2C(=O)c2c(O)cccc12'],Launched,bacterial 30S ribosomal subunit inhibitor|metalloproteinase inhibitor,MMP8,dental,periodontitis
15613,doxylamine,['3162'],['CN(C)CCOC(C)(c1ccccc1)c1ccccn1'],Launched,histamine receptor antagonist,HRH1,neurology/psychiatry,sedative
15614,droperidol,['3168'],['Fc1ccc(cc1)C(=O)CCCN1CCC(=CC1)n1c2ccccc2[nH]c1=O'],Launched,dopamine receptor antagonist,ADRA1A|DRD2|DRD3|DRD4|HTR2A,gastroenterology,nausea|vomiting
15615,dropropizine,['3169'],['OCC(O)CN1CCN(CC1)c1ccccc1'],Launched,antitussive,,pulmonary,cough suppressant
15616,droxinostat,['568416'],['Cc1cc(Cl)ccc1OCCCC(=O)NO'],Preclinical,HDAC inhibitor,HDAC6|HDAC8,,
15617,dubinidine,['442897'],['COc1c2CC(Oc2nc3ccccc13)C(C)(O)CO'],,,,,
15618,duloxetine,['60835'],['CNCC[C@H](Oc1cccc2ccccc12)c1cccs1'],Launched,norepinephrine reuptake inhibitor|serotonin–norepinephrine reuptake inhibitor (SNRI),HTR2A|HTR2C|HTR6|SLC6A2|SLC6A3|SLC6A4,neurology/psychiatry,depression|generalized anxiety disorder (GAD)|muscle pain|peripheral neuropathy
15619,dyclonine,['3180'],['CCCCOc1ccc(cc1)C(=O)CCN1CCCCC1'],Launched,sodium channel blocker,SCN10A|SCN5A,neurology/psychiatry,local anesthetic
15620,dydrogesterone,['11875278'],['CC(=O)[C@H]1CC[C@H]2[C@@]1(CC[C@@H]3[C@H]2C=CC4=CC(=O)CC[C@@]34C)C'],Launched,progesterone receptor agonist,PGR,obstetrics/gynecology,infertility
15621,dyphylline,['3182'],['Cn1c2ncn(CC(O)CO)c2c(=O)n(C)c1=O'],Launched,adenosine receptor antagonist|phosphodiesterase inhibitor,PDE4A,pulmonary,asthma|bronchitis|emphysema
15622,ebelactone-b,['73707410'],['CC[C@@H](C)[C@@H](O)[C@H](C)C(=O)[C@H](C)\\C=C(/C)C[C@H](C)[C@H]1OC(=O)[C@H]1CC'],,,,,
15623,ebselen,['3194'],['O=c1n([se]c2ccccc12)-c1ccccc1'],Phase 2/Phase 3,cyclooxygenase inhibitor|glutathione peroxidase agonist|H+/K+-ATPase inhibitor|nitric oxide synthase inhibitor,ALB,,
15624,econazole,['3198'],['Clc1ccc(COC(Cn2ccnc2)c2ccc(Cl)cc2Cl)cc1'],Launched,lanosterol demethylase inhibitor|sterol demethylase inhibitor,NPY1R|NPY2R|TRPM2|TRPV5,infectious disease,tinea pedis|tinea cruris|tinea corporis|tinea versicolor|cutaneous candidiasis
15625,ecopipam,['107930'],['CN1CCc2cc(Cl)c(O)cc2[C@@H]3[C@@H]1CCc4ccccc34'],,,,,
15626,edaravone,['4021'],['CC1=NN(C(=O)C1)c1ccccc1'],Launched,nootropic agent,BCL2,neurology/psychiatry,stroke
15627,edrophonium,['8307'],['CC[N+](C)(C)c1cccc(O)c1'],Launched,acetylcholinesterase inhibitor,ACHE|BCHE,neurology/psychiatry,myasthenia gravis
15628,efavirenz,['64139'],['FC(F)(F)[C@]1(OC(=O)Nc2ccc(Cl)cc12)C#CC1CC1'],Launched,HIV protease inhibitor,CYP1A2|CYP2B6|CYP2C19|CYP2C9|CYP2D6|CYP3A4,infectious disease,human immunodeficiency virus (HIV-1)
15629,eicosadienoic-acid,['6439848'],['CCCCC/C=C\\C/C=C\\CCCCCCCCCC(=O)O'],,,,,
15630,eicosatetraynoic-acid,['1780'],['CCCCCC#CCC#CCC#CCC#CCCCC(=O)O'],,,,,
15631,eicosatrienoic-acid,['10467'],['CC/C=C\\C/C=C\\C/C=C\\CCCCCCCCCC(=O)O'],,,,,
15632,elesclomol,['300471'],['CN(NC(=O)CC(=O)NN(C)C(=S)c1ccccc1)C(=S)c1ccccc1'],Phase 3,oxidative stress inducer,HSPA1A,,
15633,eliprodil,['60703'],['OC(CN1CCC(Cc2ccc(F)cc2)CC1)c1ccc(Cl)cc1'],Phase 3,glutamate receptor antagonist,GRIN1|GRIN2B,,
15634,ellagic-acid,['5281855'],['Oc1cc2c3c(oc(=O)c4cc(O)c(O)c(oc2=O)c34)c1O'],Phase 2,glutathione transferase inhibitor|non-nucleoside reverse transcriptase inhibitor,CA1|CA12|CA14|CA2|CA3|CA4|CA5A|CA5B|CA6|CA7|CA9|CSNK2A1|GSK3B|PRKACA|PRKCA|PRKCB|SQLE|SYK,,
15635,ellipticine,['3213'],['Cc1c2[nH]c3ccccc3c2c(C)c4cnccc14'],,,,,
15636,elvitegravir,['5277135'],['COc1cc2n(cc(C(O)=O)c(=O)c2cc1Cc1cccc(Cl)c1F)[C@H](CO)C(C)C'],Launched,HIV integrase inhibitor,,infectious disease,human immunodeficiency virus (HIV-1)
15637,embelin,['44483355'],['CCCCCCCCCCCC1C(=O)C(=O)CC(=O)C1=O'],Preclinical,HCV inhibitor|XIAP inhibitor,XIAP,,
15638,emedastine,['3219'],['CCOCCn1c(nc2ccccc12)N1CCCN(C)CC1'],Launched,histamine receptor antagonist,HRH1,ophthalmology,conjunctivitis
15639,emetine,['10219'],['CC[C@H]1CN2CCC3=CC(=C(C=C3[C@@H]2C[C@@H]1C[C@@H]4C5=CC(=C(C=C5CCN4)OC)OC)OC)OC'],Phase 2,protein synthesis inhibitor,RPS2,,
15640,emodic-acid,['361510'],['OC(=O)c1cc(O)c2C(=O)c3c(O)cc(O)cc3C(=O)c2c1'],,,,,
15641,emodin,['3220'],['Cc1cc(O)c2C(=O)c3c(O)cc(O)cc3C(=O)c2c1'],Preclinical,11-beta hydroxysteroid dehydrogenase inhibitor,CSNK2A1,,
15642,enalapril,['5362032'],['CCOC(=O)[C@@H](CCC1=CC=CC=C1)N[C@@H](C)C(=O)N2CCC[C@H]2C(=O)O'],Launched,angiotensin converting enzyme inhibitor,ACE,cardiology,hypertension|congestive heart failure|left ventricular systolic dysfunction (LVSD)
15643,enalaprilat,['5462501'],['C[C@H](N[C@@H](CCc1ccccc1)C(O)=O)C(=O)N1CCC[C@H]1C(O)=O'],Launched,angiotensin converting enzyme inhibitor,ACE,cardiology,hypertension
15644,endecaphyllin-x,['6710740'],['O[C@@H]1O[C@H](COC(=O)CC[N+](=O)[O-])[C@@H](OC(=O)CC[N+](=O)[O-])[C@H](OC(=O)CC[N+](=O)[O-])[C@H]1OC(=O)CC[N+](=O)[O-]'],,,,,
15645,endo-IWR-1,['44483163'],['O=C(Nc1cccc2cccnc12)c1ccc(cc1)N1C(=O)[C@H]2[C@@H]3C[C@@H](C=C3)[C@H]2C1=O'],Preclinical,PARP inhibitor,TNKS|TNKS2,,
15646,enevalproate,['6437068'],['CCC\\C(=C/CC)C(O)=O'],,,,,
15647,enilconazole,['37175'],['Clc1ccc(C(Cn2ccnc2)OCC=C)c(Cl)c1'],Launched,sterol demethylase inhibitor,CYP19A1|CYP1A2|CYP2B6|CYP2C9|CYP2J2|CYP3A4|CYP3A5|NR1I2|PPARA|PTGER2,infectious disease,skin infections
15648,enobosarm,['25226380'],['C[C@@](O)(COc1ccc(cc1)C#N)C(=O)Nc1ccc(C#N)c(c1)C(F)(F)F'],,,,,
15649,enoxacin,['3229'],['CCn1cc(C(O)=O)c(=O)c2cc(F)c(nc12)N1CCNCC1'],Launched,topoisomerase inhibitor,TOP2A,infectious disease,urinary tract infections|gonorrhea
15650,enrofloxacin,['71188'],['CCN1CCN(CC1)c1cc2n(cc(C(O)=O)c(=O)c2cc1F)C1CC1'],Launched,bacterial DNA gyrase inhibitor,,infectious disease,gram-negative bacterial infections
15651,entacapone,['5281081'],['CCN(CC)C(=O)/C(=C/C1=CC(=C(C(=C1)O)O)[N+](=O)[O-])/C#N'],Launched,catechol O methyltransferase inhibitor,COMT,neurology/psychiatry,Parkinson's Disease
15652,entecavir,['153941'],['Nc1nc(=O)c2ncn([C@H]3C[C@H](O)[C@@H](CO)C3=C)c2[nH]1'],Launched,DNA replication inhibitor|nucleoside reverse transcriptase inhibitor,,infectious disease,hepatitis B
15653,entinostat,['4261'],['Nc1ccccc1NC(=O)c1ccc(CNC(=O)OCc2cccnc2)cc1'],Phase 3,HDAC inhibitor,HDAC1|HDAC2|HDAC3|HDAC9,,
15654,enzalutamide,['15951529'],['CNC(=O)c1ccc(cc1F)N1C(=S)N(C(=O)C1(C)C)c1ccc(C#N)c(c1)C(F)(F)F'],Launched,androgen receptor antagonist,AR,oncology,prostate cancer
15655,enzastaurin,['176167'],['Cn1cc(C2=C(C(=O)NC2=O)c2cn(C3CCN(Cc4ccccn4)CC3)c3ccccc23)c2ccccc12'],Phase 3,PKC inhibitor,AKT1|GSK3B|PRKCA|PRKCB|PRKCD|PRKCG,,
15656,ephedrine,['414684'],['C[N+](C)(C)CC(C1=CC(=C(C=C1)O)O)O'],Launched,adrenergic receptor agonist,ACHE|ADRA1A|ADRB2|SLC18A2|SLC6A2,cardiology|pulmonary|neurology/psychiatry|endocrinology,hypotension|asthma|narcolepsy|obesity
15657,ephedrine-(racemic),['7028'],['CNC(C)C(O)c1ccccc1'],Launched,adrenergic receptor agonist,ADRA1A|ADRA2A|ADRB1|ADRB2|ATF1|ATF2|ATF3|ATF4|ATF5|ATF6|ATF7|FOS|IL2|JDP2|JUN|NFATC1|SLC6A2|SLC6A3|SLC6A4|TNF,cardiology|pulmonary|neurology/psychiatry|endocrinology,hypotension|asthma|narcolepsy|obesity
15658,epiandrosterone,['11868648'],['C[C@]12CC[C@@H]3[C@@H](CC[C@H]4C[C@@H](O)CC[C@]34C)[C@H]1CCC2=O'],Preclinical,steroid,G6PD,,
15659,epibatidine,['854023'],['Clc1ccc(cn1)C2CC3CCC2N3'],,,,,
15660,epicatechin-gallate-(-),['107905'],['Oc1cc(O)c2C[C@@H](OC(=O)c3cc(O)c(O)c(O)c3)[C@H](Oc2c1)c1ccc(O)c(O)c1'],Phase 2,bacterial DNA gyrase inhibitor,BACE1|FASN,,
15661,epidepride,['86101'],['CCN1CCC[C@H]1CNC(=O)c1cc(I)cc(OC)c1OC'],,,,,
15662,epigallocatechin,['199472'],['Oc1cc(O)c2C[C@@H](OC(=O)c3cc(O)c(O)c(O)c3)[C@@H](Oc2c1)c4cc(O)c(O)c(O)c4'],,,,,
15663,epigallocatechin-gallate-(-),['65064'],['Oc1cc(O)c2C[C@@H](OC(=O)c3cc(O)c(O)c(O)c3)[C@H](Oc2c1)c1cc(O)c(O)c(O)c1'],Phase 2/Phase 3,bacterial DNA gyrase inhibitor,ELANE|EP300|FASN|KAT2B|MMP14|MMP2,,
15664,epinephrine-(racemic),['5924'],['CNCC(O)c1ccc(O)c(O)c1'],,,,,
15665,epirizole,['3242'],['COc1cc(C)nn1-c1nc(C)cc(OC)n1'],Launched,cyclooxygenase inhibitor,PTGS1|PTGS2,neurology/psychiatry,pain relief
15666,epirubicin,['32875'],['CC1C(C(CC(O1)O[C@H]2C[C@@](CC3=C2C(=C4C(=C3O)C(=O)C5=C(C4=O)C(=CC=C5)OC)O)(C(=O)CO)O)N)O'],Launched,topoisomerase inhibitor,CHD1|TOP2A,oncology,breast cancer
15667,epitestosterone,['10204'],['C[C@]12CC[C@H]3[C@H]([C@@H]1CC[C@H]2O)CCC4=CC(=O)CC[C@]34C'],,,,,
15668,epitiostanol,['73707456'],['C[C@]12CC[C@@H]3[C@@H](CC[C@@H]4CC5SC5C[C@]34C)[C@@H]1CC[C@@H]2O'],Launched,androgen receptor agonist,AR,oncology,breast cancer
15669,eplerenone,['21865526'],['COC(=O)C1CC2=CC(=O)CCC2(C)C34OC4CC5(C)C(CCC65CCC(=O)O6)C13'],Launched,cytochrome P450 inhibitor,NR3C2,cardiology,congestive heart failure|hypertension
15670,epothilone,['448013'],['C[C@H]1CCC[C@@]2(C)O[C@H]2C[C@H](OC(=O)C[C@H](O)C(C)(C)C(=O)[C@H](C)[C@H]1O)C(\\C)=C\\c1csc(C)n1'],,,,,
15671,epothilone-a,['448799'],['C[C@H]1CCC[C@H]2O[C@H]2C[C@H](OC(=O)C[C@H](O)C(C)(C)C(=O)[C@H](C)[C@H]1O)C(\\C)=C\\c1csc(C)n1'],,,,,
15672,epoxycholesterol,['3247059'],['C[C@H](CC[C@@H]1OC1(C)C)[C@H]1CC[C@H]2[C@@H]3CC=C4C[C@@H](O)CC[C@]4(C)[C@H]3CC[C@]12C'],,,,,
15673,eprosartan,['5281037'],['CCCCc1ncc(\\C=C(/Cc2cccs2)C(O)=O)n1Cc1ccc(cc1)C(O)=O'],Launched,angiotensin receptor antagonist,AGTR1,cardiology,hypertension
15674,equilin,['223368'],['C[C@]12CC[C@H]3C(=CCC4=C3C=CC(=C4)O)[C@@H]1CCC2=O'],Preclinical,estrogen receptor agonist,HSD17B1,,
15675,equol,['382975'],['Oc1ccc(cc1)C2COc3cc(O)ccc3C2'],Launched,estrogen receptor agonist,ESR1|ESR2,,
15676,erastin,['11214940'],['CCOc1ccccc1-n1c(=O)c2ccccc2nc1C(C)N1CCN(CC1)C(=O)COc1ccc(Cl)cc1'],Preclinical,ion channel antagonist,VDAC2,,
15677,erbstatin-analog,['5353609'],['COC(=O)\\C=C\\c1cc(O)ccc1O'],Preclinical,EGFR inhibitor|tyrosine kinase inhibitor,EGFR,,
15678,ergocornine,['73453'],['CC(C)[C@@H]1N2C(=O)[C@](NC(=O)[C@H]3CN(C)[C@@H]4Cc5c[nH]c6cccc(C4=C3)c56)(O[C@@]2(O)[C@@H]7CCCN7C1=O)C(C)C'],,,,,
15679,ergocryptine,['134551'],['CC(C)C[C@@H]1N2C(=O)[C@](NC(=O)[C@H]3CN(C)[C@@H]4Cc5c[nH]c6cccc(C4=C3)c56)(O[C@@]2(O)[C@@H]7CCCN7C1=O)C(C)C'],,,,,
15680,ergometrine,['3250'],['CC(CO)NC(=O)C1CN(C)C2Cc3c[nH]c4cccc(C2=C1)c34'],,,,,
15681,eriochrome-black-t,['135465089'],['Oc1cc(c2cc(ccc2c1N=Nc3ccc4ccccc4c3O)[N+](=O)[O-])S(=O)(=O)O'],,,,,
15682,eriodictyol,['11095'],['Oc1cc(O)c2C(=O)CC(Oc2c1)c3ccc(O)c(O)c3'],,,,,
15683,erlotinib,['176871'],['COCCOc1cc2ncnc(Nc3cccc(c3)C#C)c2cc1OCCOC'],Launched,EGFR inhibitor,EGFR|NR1I2,oncology,non-small cell lung cancer (NSCLC)|pancreatic cancer
15684,erythromycin,['12560'],['CC[C@@H]1[C@@]([C@@H]([C@H](C(=O)[C@@H](C[C@@]([C@@H]([C@H]([C@@H]([C@H](C(=O)O1)C)O[C@H]2C[C@@]([C@H]([C@@H](O2)C)O)(C)OC)C)O[C@H]3[C@@H]([C@H](C[C@H](O3)C)N(C)C)O)(C)O)C)C)O)(C)O'],Launched,NFkB pathway inhibitor,MLNR,infectious disease,listeria|respiratory tract infections|skin infections|syphilis|amebiasis|pelvic inflammatory disease|chlamydia|diphtheria|erythrasma
15685,erythromycin-estolate,['71277'],['CC[C@H]1OC(=O)[C@H](C)[C@@H](O[C@H]2C[C@@](C)(OC)[C@@H](O)[C@H](C)O2)[C@H](C)[C@@H](O[C@@H]2O[C@H](C)C[C@@H]([C@H]2OC(=O)CC)N(C)C)[C@](C)(O)C[C@@H](C)C(=O)[C@H](C)[C@@H](O)[C@]1(C)O'],Launched,bacterial 50S ribosomal subunit inhibitor,ABCB1|ALB|CYP3A4|CYP51A1|KCNH2|MLNR|SLC47A1,infectious disease,listeria|respiratory tract infections|skin infections|syphilis|amebiasis|pelvic inflammatory disease|chlamydia|diphtheria|erythrasma
15686,erythromycin-ethylsuccinate,['443953'],['CCOC(=O)CCC(=O)O[C@H]1[C@H](O[C@@H]2[C@@H](C)[C@H](O[C@H]3C[C@@](C)(OC)[C@@H](O)[C@H](C)O3)[C@@H](C)C(=O)O[C@H](CC)[C@@](C)(O)[C@H](O)[C@@H](C)C(=O)[C@H](C)C[C@@]2(C)O)O[C@H](C)C[C@@H]1N(C)C'],Launched,cytochrome P450 inhibitor|protein synthesis inhibitor,ABCB1|ALB|CYP3A4|CYP51A1|KCNH2|MLNR|SLC47A1,infectious disease,listeria|respiratory tract infections|skin infections|syphilis|amebiasis|pelvic inflammatory disease|chlamydia|diphtheria|erythrasma
15687,erythrosine,['3259'],['OC(=O)c1ccccc1-c1c2cc(I)c(O)c(I)c2oc2c(I)c(=O)c(I)cc12'],Preclinical,coloring agent,,,
15688,esatenolol,['180559'],['CC(C)NC[C@@H](O)COc1ccc(CC(N)=O)cc1'],,,,,
15689,escitalopram,['146570'],['CN(C)CCC[C@]1(OCc2cc(ccc12)C#N)c1ccc(F)cc1'],Launched,selective serotonin reuptake inhibitor (SSRI),SLC6A4,neurology/psychiatry,depression|generalized anxiety disorder (GAD)
15690,esculin,['15558439'],['OC[C@H]1OC(Oc2cc3ccc(=O)oc3cc2O)[C@H](O)[C@@H](O)[C@@H]1O'],Phase 1,antioxidant,,,
15691,eserine,['73707354'],['CNC(=O)Oc1ccc2N(C)[C@H]3N(C)CC[C@@]3(C)c2c1.CNC(=O)Oc1ccc2N(C)[C@H]3N(C)CC[C@@]3(C)c2c1'],,,,,
15692,eseroline,"['45479742', '7015679']","['CN1CC[C@]2(C)[C@@H]1N(C)c3ccc(O)cc32', 'CN1CC[C@]2(C)[C@H]1N(C)c1ccc(O)cc21']",,,,,
15693,esmolol,['104769'],['COC(=O)CCc1ccc(OCC(O)CNC(C)C)cc1'],Launched,adrenergic receptor antagonist,ADRB1,cardiology,ventricular tachycardia (VT)|hypertension
15694,esomeprazole,['5311083'],['COc1ccc2n([Mg]n3c(nc4cc(OC)ccc34)S(=O)Cc5ncc(C)c(OC)c5C)c(nc2c1)S(=O)Cc6ncc(C)c(OC)c6C'],Launched,ATPase inhibitor,ATP4A,gastroenterology,gastroesophageal reflux disease (GERD)|Zollinger-Ellison syndrome|peptic ulcer disease (PUD)
15695,estradiol,['5757'],['C[C@]12CC[C@H]3[C@H]([C@@H]1CC[C@@H]2O)CCC4=C3C=CC(=C4)O'],Launched,estrogen receptor agonist,ESR1|ESR2|GPER1|KCNMA1|NR1I2,endocrinology,contraceptive
15696,estradiol-benzoate,['222757'],['CC12CCC3C(CCc4cc(OC(=O)c5ccccc5)ccc34)C2CCC1O'],Preclinical,contraceptive agent,ESR1,,
15697,estradiol-cypionate,['9403'],['C[C@]12CCC3C(CCc4cc(O)ccc34)C1CC[C@@H]2OC(=O)CCC1CCCC1'],Launched,estrogen receptor agonist,ESR1,endocrinology,hypoestrogenism|menopause
15698,estradiol-valerate,['163332'],['CCCCC(=O)O[C@H]1CCC2C3CCc4cc(O)ccc4C3CC[C@]12C'],Launched,estrogen receptor agonist,ESR1,oncology|endocrinology|obstetrics/gynecology,prostate cancer|hypoestrogenism|menopause|vaginal atrophy
15699,estriol,['5756'],['C[C@]12CC[C@H]3[C@H]([C@@H]1C[C@H]([C@@H]2O)O)CCC4=C3C=CC(=C4)O'],Launched,estrogen receptor agonist,ESR1|ESR2,endocrinology|obstetrics/gynecology|infectious disease,menopause|vaginal atrophy|urinary tract infections
15700,estrone,['5870'],['C[C@]12CC[C@H]3[C@H]([C@@H]1CCC2=O)CCC4=C3C=CC(=C4)O'],Launched,estrogen receptor agonist|estrogenic hormone,ESR1|ESR2,endocrinology,menopause
15701,estropipate,['6093179'],['C[C@]12CC[C@@H]3[C@H]([C@H]1CCC2=O)CCC4=C3C=CC(=C4)OS(=O)(=O)O'],Launched,estrogen receptor agonist,ESR1|ESR2,orthopedics|endocrinology|obstetrics/gynecology,osteoporosis|menopause|vaginal atrophy|hypoestrogenism
15702,etacrynic-acid,['3278'],['CCC(=C)C(=O)c1ccc(OCC(O)=O)c(Cl)c1Cl'],Launched,sodium/potassium/chloride transporter inhibitor,ATP1A1|SLC12A1,cardiology|gastroenterology|nephrology|rheumatology,hypertension|congestive heart failure|edema|hepatic cirrhosis|chronic renal failure|nephrotic syndrome
15703,etamivan,['9363'],['CCN(CC)C(=O)c1ccc(O)c(OC)c1'],,,,,
15704,etamsylate,['23672329'],['Oc1ccc(O)c(c1)S(O)(=O)=O'],Launched,hemostatic agent,,hematology,hemorrhage
15705,etanidazole,['3276'],['OCCNC(=O)Cn1ccnc1[N+]([O-])=O'],Phase 3,bacterial cell wall synthesis inhibitor,,,
15706,etazolate,['3277'],['CCOC(=O)c1cnc2n(CC)ncc2c1NN=C(C)C'],Phase 2,phosphodiesterase inhibitor,GABRB3|PDE4A,,
15707,ethambutol,"['3279', '6852402']","['CCC(CO)NCCNC(CC)CO', 'CC[C@H](CO)NCCN[C@H](CC)CO']",Launched,bacterial cell wall synthesis inhibitor,,infectious disease,tuberculosis
15708,ethaverine,['3280'],['CCOc1ccc(Cc2nccc3cc(OCC)c(OCC)cc23)cc1OCC'],Launched,calcium channel blocker,,neurology/psychiatry,muscle relaxant|spasms
15709,ethinyl-estradiol,['3285'],['CC12CCC3C(C1CCC2(C#C)O)CCC4=C3C=CC(=C4)O'],Launched,estrogen receptor agonist|estrogenic hormone,ESR1|ESR2|NR1I2,endocrinology,contraceptive
15710,ethinylestradiol,['5991'],['C[C@]12CC[C@H]3[C@H]([C@@H]1CC[C@]2(C#C)O)CCC4=C3C=CC(=C4)O'],,,,,
15711,ethionamide,['2761171'],['CCc1cc(ccn1)C(S)=N'],Launched,mycolic synthesis inhibitor,,infectious disease,tuberculosis
15712,ethisterone,['5284557'],['C[C@]12CCC(=O)C=C1CC[C@@H]3[C@@H]2CC[C@]4([C@H]3CC[C@]4(C#C)O)C'],Launched,progestogen hormone,TYR,endocrinology,amenorrhea
15713,ethoprop,['3289'],['CCCSP(=O)(OCC)SCCC'],,,,,
15714,ethosuximide,['3291'],['CCC1(C)CC(=O)NC1=O'],Launched,succinimide antiepileptic,CACNA1G|CACNA1H|CACNA1I,neurology/psychiatry,epilepsy
15715,ethotoin,['3292'],['CCN1C(=O)NC(C1=O)c1ccccc1'],Launched,hydantoin antiepileptic,SCN5A,neurology/psychiatry,seizures
15716,ethoxyquin,['3293'],['CCOc1ccc2NC(C)(C)C=C(C)c2c1'],Preclinical,antioxidant,,,
15717,ethylestrenol,['13765'],['CC[C@]1(O)CC[C@H]2[C@@H]3CCC4=CCCC[C@@H]4[C@H]3CC[C@]12C'],,,,,
15718,ethynodiol,['53315104'],['CC(=O)O[C@H]1CC[C@@H]2[C@H]3CC[C@@]4(C)[C@H](CC[C@@]4(OC(C)=O)C#C)[C@@H]3CCC2=C1'],,,,,
15719,eticlopride,['57267'],['CCN1CCC[C@H]1CNC(=O)c1c(O)c(CC)cc(Cl)c1OC'],Preclinical,dopamine receptor antagonist,DRD2|DRD3|DRD4,,
15720,etidronic-acid,['3305'],['CC(O)(P(O)(O)=O)P(O)(O)=O'],Launched,bone resorption inhibitor,ATP6V1A|PTPRS,endocrinology|orthopedics,Paget's disease|heterotopic ossification
15721,etifenin,['170344'],['CCc1cccc(CC)c1NC(=O)CN(CC(O)=O)CC(O)=O'],Preclinical,renal function diagnostic agent,,,
15722,etilefrine,['3306'],['CCNCC(O)c1cccc(O)c1'],Launched,adrenergic receptor agonist,ADRA1A|ADRB1,neurology/psychiatry|otolaryngology|endocrinology|pulmonary,headache|nasal congestion|fever|cough suppressant|common cold
15723,etiocholanolone,['73707504'],['C[C@]12CCC3[C@@H](CC[C@@H]4C[C@H](O)CC[C@]34C)[C@H]1CCC2=O'],,,,,
15724,etodolac,"['667528', '73707528']","['CCC1C=CC=C2C1=NC1=C2CCOC1(CC)CC(O)=O', 'CCc1cccc2c3CCOC(CC)(CC(O)=O)c3[nH]c12', 'CCc1cccc2c3CCO[C@](CC)(CC(O)=O)c3[nH]c12']",Launched,cyclooxygenase inhibitor,PTGS2,rheumatology,osteoarthritis|rheumatoid arthritis
15725,etofenamate,['35375'],['OCCOCCOC(=O)c1ccccc1Nc1cccc(c1)C(F)(F)F'],Launched,cyclooxygenase inhibitor,PTGS1|PTGS2,neurology/psychiatry|rheumatology,muscle pain|joint pain
15726,etofylline,['1892'],['Cn1c2ncn(CCO)c2c(=O)n(C)c1=O'],Launched,adenosine receptor antagonist,ADORA1,pulmonary,asthma|bronchitis
15727,etomidate,['667484'],['CCOC(=O)c1cncn1C(C)c1ccccc1'],Launched,GABA receptor modulator,ADRA2B|GABRA1|GABRA2|GABRA3|GABRA4|GABRA5|GABRA6|GABRB1|GABRB2|GABRB3|GABRD|GABRE|GABRG1|GABRG2|GABRG3|GABRP|GABRQ,neurology/psychiatry,general anaesthetic
15728,etomoxir,['9840324'],['CCOC(=O)[C@]1(CO1)CCCCCCOC2=CC=C(C=C2)Cl'],Phase 2,carnitine palmitoyltransferase inhibitor,CPT1A,,
15729,etoposide,['36462'],['C[C@@H]1OC[C@@H]2[C@@H](O1)[C@@H]([C@H]([C@@H](O2)O[C@H]3[C@H]4COC(=O)[C@@H]4[C@@H](C5=CC6=C(C=C35)OCO6)C7=CC(=C(C(=C7)OC)O)OC)O)O'],Launched,topoisomerase inhibitor,TOP2A|TOP2B,oncology,non-small cell lung cancer (NSCLC)
15730,etoricoxib,['123619'],['Cc1ccc(cn1)-c1ncc(Cl)cc1-c1ccc(cc1)S(C)(=O)=O'],Launched,cyclooxygenase inhibitor,PTGS2,rheumatology,rheumatoid arthritis|psoriatic arthritis|osteoarthritis|gout|ankylosing spondylitis
15731,etretinate,['5282375'],['CCOC(=O)C=C(C)C=CC=C(C)C=Cc1c(C)cc(OC)c(C)c1C'],Withdrawn,protein synthesis inhibitor,RARA|RXRG,,
15732,eucatropine,['102428'],['CC1CC(CC(C)(C)N1C)OC(=O)C(O)c1ccccc1'],Preclinical,acetylcholine receptor antagonist,,,
15733,eudesmic-acid,['8357'],['COc1cc(cc(OC)c1OC)C(=O)O'],,,,,
15734,eugenitol,['5036604'],['Cc1cc(=O)c2c(O)c(C)c(O)cc2o1'],,,,,
15735,eugenol,['3314'],['COc1cc(CC=C)ccc1O'],Launched,androgen receptor antagonist,AR,dental,toothache
15736,everolimus,['6442177'],['CO[C@@H]1C[C@H](C[C@@H](C)[C@@H]2CC(=O)[C@H](C)\\C=C(C)\\[C@@H](O)[C@@H](OC)C(=O)[C@H](C)C[C@H](C)\\C=C\\C=C\\C=C(C)\\[C@H](C[C@@H]3CC[C@@H](C)[C@@](O)(O3)C(=O)C(=O)N3CCCC[C@H]3C(=O)O2)OC)CC[C@H]1OCCO'],Launched,mTOR inhibitor,MTOR,oncology|neurology/psychiatry|genetics|urology,breast cancer|neuroendocrine tumors of pancreatic origin (PNET)|renal cell carcinoma (RCC)|subependymal giant cell astrocytoma (SEGA)|tuberous sclerosis complex (TSC)|renal angiomyolipoma
15737,evodiamine,['151289'],['CN1C2N(CCc3c2[nH]c2ccccc32)C(=O)c2ccccc12'],Preclinical,ATPase inhibitor|TRPV agonist,TRPV1,,
15738,evoxine,['673465'],['COc1c(OC[C@@H](O)C(C)(C)O)ccc2c(OC)c3ccoc3nc12'],,,,,
15739,exemestane,['60198'],['C[C@]12CC[C@H]3[C@H]([C@@H]1CCC2=O)CC(=C)C4=CC(=O)C=C[C@]34C'],Launched,aromatase inhibitor,CYP19A1,oncology,breast cancer
15740,exifone,['40399'],['Oc1ccc(C(=O)c2cc(O)c(O)c(O)c2)c(O)c1O'],Withdrawn,nootropic agent,TYR,,
15741,ezetimibe,['150311'],['C1=CC(=CC=C1[C@@H]2[C@H](C(=O)N2C3=CC=C(C=C3)F)CC[C@@H](C4=CC=C(C=C4)F)O)O'],Launched,cholesterol inhibitor|Niemann-Pick C1-like 1 protein antagonist,ANPEP|NPC1L1|SOAT1,endocrinology|metabolism,hyperlipidemia|hypercholesterolemia|sitosterolemia
15742,fadrozole,['59693'],['N#Cc1ccc(cc1)C1CCCc2cncn12'],Launched,aromatase inhibitor,CYP11B1|CYP19A1,oncology,breast cancer
15743,famciclovir,['3324'],['CC(=O)OCC(CCn1cnc2cnc(N)nc12)COC(C)=O'],Launched,DNA polymerase inhibitor,,dental|infectious disease,cold sore|genitial herpes|shingles
15744,famotidine,['5702160'],['NC(N)=Nc1nc(CSCC\\C(N)=N/S(N)(=O)=O)cs1'],Launched,histamine receptor antagonist,HRH2,gastroenterology,heartburn
15745,famprofazone,['3326'],['CC(Cc1ccccc1)N(C)Cc1c(C(C)C)c(=O)n(-c2ccccc2)n1C'],Preclinical,cyclooxygenase inhibitor,,,
15746,fananserin,['60785'],['Fc1ccc(cc1)N1CCN(CCCN2c3cccc4cccc(c34)S2(=O)=O)CC1'],Phase 2,dopamine receptor antagonist|serotonin receptor antagonist,HTR2A,,
15747,farnesol,['445070'],['CC(=CCC/C(=C/CC/C(=C/CO)/C)/C)C'],,,,,
15748,farnesylcysteine-methyl-ester,['6439225'],['COC(=O)[C@@H](N)CSC/C=C(\\C)/CC/C=C(\\C)/CCC=C(C)C'],,,,,
15749,farnesylpyrophosphate,['445713'],['CC(C)=CCC\\C(C)=C\\CC\\C(C)=C\\COP(O)(=O)OP(O)(O)=O'],,,,,
15750,farnesylthioacetic-acid,['5353623'],['CC(=CCC/C(=C/CC/C(=C/CSCC(=O)O)/C)/C)C'],,,,,
15751,farnesylthiotriazole,['5353633'],['CC(=CCC/C(=C/CC/C(=C/CSc1nc[nH]n1)/C)/C)C'],,,,,
15752,fasudil,['3547'],['O=S(=O)(N1CCCNCC1)c1cccc2cnccc12'],Launched,rho associated kinase inhibitor,PKIA|PRKACA|ROCK1|ROCK2,neurology/psychiatry,cerebral vasospasm
15753,fatostatin,['2850562'],['CCCc1cc(ccn1)c2nc(cs2)c3ccc(C)cc3'],,,,,
15754,febuxostat,['134018'],['CC(C)COc1ccc(cc1C#N)-c1nc(C)c(s1)C(O)=O'],Launched,xanthine oxidase inhibitor,XDH,nephrology,hyperuricemia
15755,felamidin,['1042895'],['CC(C)(OC(=O)c1ccccc1)[C@@H]2Cc3cc4ccc(=O)oc4cc3O2'],,,,,
15756,felbamate,['3331'],['NC(=O)OCC(COC(N)=O)c1ccccc1'],Launched,glutamate receptor antagonist,GRIN1|GRIN2A|GRIN2B|GRIN2C|GRIN2D|GRIN3A|GRIN3B,neurology/psychiatry,epilepsy
15757,felbinac,['3332'],['OC(=O)Cc1ccc(cc1)-c1ccccc1'],Launched,cyclooxygenase inhibitor,CTSL,rheumatology|neurology/psychiatry,rheumatoid arthritis|muscle pain
15758,felodipine,['3333'],['CCOC(=O)C1=C(C)NC(C)=C(C1c1cccc(Cl)c1Cl)C(=O)OC'],Launched,calcium channel blocker,CFTR,cardiology,hypertension
15759,fenbendazole,['3334'],['COC(=O)Nc1nc2ccc(Sc3ccccc3)cc2[nH]1'],Launched,tubulin polymerization inhibitor,TUBB,infectious disease,gastrointestinal parasites|gastrointestinal roundworms
15760,fenbufen,['3335'],['OC(=O)CCC(=O)c1ccc(cc1)-c1ccccc1'],Launched,cyclooxygenase inhibitor,PTGS1|PTGS2,neurology/psychiatry,pain relief
15761,fendiline,['5702162'],['CC(NCCC(c1ccccc1)c1ccccc1)c1ccccc1'],Preclinical,calcium channel blocker,HTR2B,,
15762,fenipentol,['3338'],['CCCCC(O)c1ccccc1'],Launched,choleretic agent,,gastroenterology,bile stimulation
15763,fenobam,['162834'],['CN1CC(=O)N=C1NC(=O)Nc1cccc(Cl)c1'],Phase 2,glutamate receptor antagonist,GRM5,,
15764,fenofibrate,['3339'],['CC(C)OC(=O)C(C)(C)Oc1ccc(cc1)C(=O)c1ccc(Cl)cc1'],Launched,PPAR receptor agonist,MMP25|PPARA,endocrinology,hypercholesterolemia|hypertriglyceridemia
15765,fenoldopam,['3341'],['Oc1ccc(cc1)C1CNCCc2c(Cl)c(O)c(O)cc12'],Launched,dopamine receptor agonist,DRD1|DRD4,cardiology,hypertension
15766,fenoprofen,['19905833'],['CC(C(=O)O)c1cccc(Oc2ccccc2)c1.CC(C(=O)O)c1cccc(Oc2ccccc2)c1'],Launched,prostaglandin inhibitor,PTGS1|SLC5A8,rheumatology,rheumatoid arthritis|osteoarthritis
15767,fenoterol,['3343'],['CC(Cc1ccc(O)cc1)NCC(O)c1cc(O)cc(O)c1'],Withdrawn,adrenergic receptor agonist,ADRB2,,
15768,fenpiverinium,['71489'],['C[N+]1(CCC(C(=O)N)(c2ccccc2)c3ccccc3)CCCCC1'],,,,,
15769,fenretinide,['5288209'],['CC1=C(C(CCC1)(C)C)/C=C/C(=C/C=C/C(=C/C(=O)NC2=CC=C(C=C2)O)/C)/C'],Phase 3,apoptosis stimulant|retinoid receptor agonist,RARA,,
15770,fenspiride,['3344'],['O=C1NCC2(CCN(CCc3ccccc3)CC2)O1'],Launched,bronchodilator,,pulmonary|otolaryngology,asthma|otitis|sinusitis|rhinopharyngitis|laryngitis
15771,fentiazac,['28871'],['OC(=O)Cc1sc(nc1-c1ccc(Cl)cc1)-c1ccccc1'],Launched,cyclooxygenase inhibitor,PTGS1|PTGS2,neurology/psychiatry|rheumatology,muscle pain|joint pain
15772,fexaramine,['5326713'],['COC(=O)C=Cc1cccc(c1)N(Cc2ccc(cc2)c3ccc(cc3)N(C)C)C(=O)C4CCCCC4'],Preclinical,FXR agonist,NR1H4,,
15773,fexofenadine,['3348'],['CC(C)(C(O)=O)c1ccc(cc1)C(O)CCCN1CCC(CC1)C(O)(c1ccccc1)c1ccccc1'],Launched,histamine receptor antagonist,HRH1,allergy,allergic rhinitis|urticaria
15774,fillalbin,['933171'],['COc1cc(ccc1O)C(=O)O[C@@H]2C[C@@H]3CC[C@H](C2)N3C'],,,,,
15775,finasteride,['57363'],['C[C@]12CC[C@H]3[C@H]([C@@H]1CC[C@@H]2C(=O)NC(C)(C)C)CC[C@@H]4[C@@]3(C=CC(=O)N4)C'],Launched,5 alpha reductase inhibitor,AKR1D1|SRD5A1|SRD5A2,endocrinology,androgenetic alopecia
15776,fipexide,['3351'],['Clc1ccc(OCC(=O)N2CCN(Cc3ccc4OCOc4c3)CC2)cc1'],Withdrawn,psychoactive drug,,,
15777,fipronil,['3352'],['Nc1c(c(nn1-c1c(Cl)cc(cc1Cl)C(F)(F)F)C#N)S(=O)C(F)(F)F'],Launched,chloride channel blocker|GABA gated chloride channel blocker,,infectious disease,flea control
15778,fisetinidol,['442397'],['O[C@H]1Cc2ccc(O)cc2O[C@@H]1c3ccc(O)c(O)c3'],,,,,
15779,flavanone,['10251'],['O=C1CC(Oc2ccccc12)c3ccccc3'],,,,,
15780,flavokavain-b,['5356121'],['COc1cc(O)c(C(=O)/C=C/c2ccccc2)c(OC)c1'],,,,,
15781,flavoxate,['3354'],['Cc1c(oc2c(cccc2c1=O)C(=O)OCCN1CCCCC1)-c1ccccc1'],Launched,acetylcholine receptor antagonist,CHRM1|CHRM2,urology,urinary incontinence|interstitial cystitis (IC)|urethritis|prostatitis
15782,flecainide,['3356'],['FC(F)(F)COc1ccc(OCC(F)(F)F)c(c1)C(=O)NCC1CCCCN1'],Launched,sodium channel blocker,KCNA5|KCNA7|SCN5A,cardiology,ventricular tachycardia (VT)|atrial fibrillation (AF)|ventricular arrhythmias
15783,florfenicol,['114811'],['CS(=O)(=O)c1ccc(cc1)[C@@H](O)[C@@H](CF)NC(=O)C(Cl)Cl'],Launched,protein synthesis inhibitor,,pulmonary,bovine respiratory disease (BRD)
15784,floxuridine,['5790'],['C1[C@@H]([C@H](O[C@H]1N2C=C(C(=O)NC2=O)F)CO)O'],Launched,DNA synthesis inhibitor,TYMS,oncology,colorectal cancer
15785,flubendazole,['35802'],['COC(=O)Nc1nc2cc(ccc2[nH]1)C(=O)c1ccc(F)cc1'],Launched,tubulin polymerization inhibitor,TUBB,infectious disease,gastrointestinal parasites
15786,flucloxacillin,"['6713996', '73707461']","['Cc1onc(c1C(=O)N[C@H]1[C@@H]2SC(C)(C)C(N2C1=O)C(O)=O)-c1c(F)cccc1Cl', 'Cc1onc(c1C(=O)N[C@H]1[C@H]2SC(C)(C)C(N2C1=O)C(O)=O)-c1c(F)cccc1Cl']",Launched,bacterial cell wall synthesis inhibitor,,infectious disease|otolaryngology|dermatology|gastroenterology,gram-positive bacterial infections|tonsillitis|sinusitis|pneumonia|eczema|endocarditis|meningitis|enteritis|bacterial septicemia
15787,fluconazole,['3365'],['OC(Cn1cncn1)(Cn1cncn1)c1ccc(F)cc1F'],Launched,sterol demethylase inhibitor,CYP51A1,infectious disease,esophageal candidiasis|meningitis
15788,flucytosine,['3366'],['Nc1nc(=O)[nH]cc1F'],Launched,other antifungal,DNMT1,infectious disease,bacterial septicemia|endocarditis|urinary tract infections|meningitis
15789,fludarabine,['657237'],['C1=NC2=C(N=C(N=C2N1[C@H]3[C@H]([C@@H]([C@H](O3)CO)O)O)F)N'],Launched,ribonucleotide reductase inhibitor,ADA|DCK|POLA1|RRM1|RRM2,hematologic malignancy,chronic lymphocytic leukemia (CLL)
15790,fludrocortisone,['73707451'],['CC(=O)OCC(=O)[C@@]1(O)CC[C@H]2[C@H]3CCC4=CC(=O)CC[C@]4(C)C3(F)[C@@H](O)C[C@]12C'],,,,,
15791,fludrocortisone-acetate,['225609'],['CC(=O)OCC(=O)[C@@]1(O)CCC2C3CCC4=CC(=O)CC[C@]4(C)[C@@]3(F)[C@@H](O)C[C@]12C'],Launched,,NR3C2,endocrinology,Addison's disease|adrenogenital syndrome
15792,fludroxycortide,['15209'],['C[C@]12CCC(=O)C=C1[C@H](C[C@@H]3[C@@H]2[C@H](C[C@]4([C@H]3C[C@@H]5[C@]4(OC(O5)(C)C)C(=O)CO)C)O)F'],Launched,glucocorticoid receptor agonist,NR3C1|SERPINA6,infectious disease|dermatology,skin infections|psoriasis
15793,flufenamic-acid,['3371'],['OC(=O)c1ccccc1Nc1cccc(c1)C(F)(F)F'],Preclinical,chloride channel blocker,AKR1C3|ANO1|AR|GJA1|GJA10|GJA3|GJA4|GJA5|GJA8|GJA9|GJB1|GJB2|GJB3|GJB4|GJB5|GJB6|GJB7|GJC1|GJC2|GJC3|GJD2|GJD3|GJD4|GJE1|PANX1|PANX2|PANX3|PKD2L1|PTGS1|PTGS2|TRPC5|TRPM2|TRPM5,,
15794,flumazenil,['3373'],['CCOC(=O)c1ncn-2c1CN(C)C(=O)c1cc(F)ccc-21'],Launched,benzodiazepine receptor antagonist,GABRA1|GABRA2|GABRA3|GABRA4|GABRA5|GABRA6|GABRB1|GABRB2|GABRB3|GABRD|GABRE|GABRG1|GABRG2|GABRG3|GABRP|GABRQ,neurology/psychiatry,sedative
15795,flumequine,['3374'],['CC1CCc2cc(F)cc3c2n1cc(C(O)=O)c3=O'],Launched,topoisomerase inhibitor,,infectious disease,urinary tract infections
15796,flumetasone,['16490'],['C[C@@H]1C[C@H]2[C@@H]3C[C@@H](C4=CC(=O)C=C[C@@]4([C@]3([C@H](C[C@@]2([C@]1(C(=O)CO)O)C)O)F)C)F'],,,,,
15797,flumethasone,['40469854'],['C[C@@H]1C[C@@H]2[C@@H]3C[C@H](F)C4=CC(=O)C=C[C@]4(C)[C@@]3(F)[C@@H](O)C[C@]2(C)[C@@]1(O)C(=O)CO'],Launched,glucocorticoid receptor agonist,NR3C1|PLA2G1B,otolaryngology|infectious disease|dermatology,otitis|ear infections|corticosteroid-responsive dermatoses
15798,flunarizine,['941361'],['C1CN(CCN1C/C=C/C2=CC=CC=C2)C(C3=CC=C(C=C3)F)C4=CC=C(C=C4)F'],Launched,calcium channel blocker,CACNA1G|CACNA1H|CACNA1I|CALM1|HRH1,neurology/psychiatry|cardiology,migraine headache|vertigo|peripheral artery disease (PAD)
15799,flunisolide,['82153'],['C[C@]12C[C@@H]([C@H]3[C@H]([C@@H]1C[C@@H]4[C@]2(OC(O4)(C)C)C(=O)CO)C[C@@H](C5=CC(=O)C=C[C@]35C)F)O'],Launched,cytochrome P450 inhibitor,NR3C1,allergy,allergic rhinitis
15800,flunixin,['38081'],['Cc1c(Nc2ncccc2C(O)=O)cccc1C(F)(F)F'],,,,,
15801,fluocinolone,"['40469508', '6215']","['CC1(C)O[C@@H]2CC3C4C[C@H](F)C5=CC(=O)C=C[C@]5(C)[C@@]4(F)[C@@H](O)C[C@]3(C)[C@@]2(O1)C(=O)CO', 'CC1(C)O[C@@H]2C[C@H]3[C@@H]4C[C@H](F)C5=CC(=O)C=C[C@]5(C)[C@@]4(F)[C@@H](O)C[C@]3(C)[C@@]2(O1)C(=O)CO', 'CC1(C)O[C@@H]2C[C@H]3[C@H]4C[C@H](F)C5=CC(=O)C=C[C@]5(C)[C@@]4(F)[C@@H](O)C[C@]3(C)[C@@]2(O1)C(=O)CO']",,,,,
15802,fluocinolone-acetonide,['6215'],['CC(=O)OCC(=O)[C@@]12OC(C)(C)O[C@@H]1CC1C3C[C@H](F)C4=CC(=O)C=C[C@]4(C)[C@@]3(F)[C@@H](O)C[C@]21C'],Launched,glucocorticoid receptor agonist,NR3C1|SERPINA6,dermatology,seborrheic dermatitis
15803,fluocinonide,['9642'],['CC(=O)OCC(=O)[C@@]12[C@@H](C[C@@H]3[C@@]1(C[C@@H]([C@]4([C@H]3C[C@@H](C5=CC(=O)C=C[C@@]54C)F)F)O)C)OC(O2)(C)C'],Launched,glucocorticoid receptor agonist,NR3C1|SERPINA6|SMO,dermatology,seborrheic dermatitis|eczema
15804,fluorometholone,['40469506'],['C[C@H]1C[C@H]2[C@H]3CC[C@@]([C@]3(C[C@@H]([C@@]2([C@@]4(C1=CC(=O)C=C4)C)F)O)C)(C(=O)C)O'],Launched,glucocorticoid receptor agonist,NR3C1,ophthalmology,eye inflammation
15805,fluoropyruvate,['67946'],['OC(=O)C(=O)CF'],,,,,
15806,fluorouracil,['3385'],['Fc1c[nH]c(=O)[nH]c1=O'],,,,,
15807,fluoxetine,['3386'],['CNCCC(Oc1ccc(cc1)C(F)(F)F)c1ccccc1'],Launched,selective serotonin reuptake inhibitor (SSRI),ANO1|HTR2B|SLC6A4,neurology/psychiatry,depression|obsessive compulsive disorder (OCD)|bulimia nervosa|panic disorders|bipolar disorder
15808,fluoxymesterone,['3387'],['CC1(O)CCC2C3CCC4=CC(=O)CCC4(C)C3(F)C(O)CC12C'],,,,,
15809,flupentixol,['5281881'],['OCCN1CCN(CC\\C=C2\\c3ccccc3Sc3ccc(cc23)C(F)(F)F)CC1'],Launched,dopamine receptor antagonist,ADRA1A|CHRM1|DRD1|DRD2|DRD3|DRD5|HTR2A,neurology/psychiatry,schizophrenia|depression
15810,fluperlapine,['49381'],['CN1CCN(CC1)C2=Nc3cc(F)ccc3Cc4ccccc24'],,,,,
15811,fluphenazine,['9550045'],['C1CN(CCN1CCCN2C3=CC=CC=C3SC4=C2C=C(C=C4)C(F)(F)F)CCCl.Cl'],Launched,dopamine receptor antagonist,CALM1|DRD1|DRD2|DRD5|HRH1|HTR2A|HTR6|HTR7,neurology/psychiatry,schizophrenia
15812,flupirtine,['25162978'],['CCOC(=O)Nc1ccc(NCc2ccc(F)cc2)nc1N'],Launched,glutamate receptor antagonist,ADRA2A|KCNQ1|KCNQ2,neurology/psychiatry,pain relief
15813,fluprostenol,['5311100'],['O[C@@H](COc1cccc(c1)C(F)(F)F)/C=C/[C@H]2[C@H](O)C[C@H](O)[C@@H]2C/C=C\\CCCC(=O)O'],,,,,
15814,flurandrenolide,['73707509'],['CC1(C)O[C@@H]2C[C@H]3[C@H]4C[C@H](F)C5=CC(=O)CC[C@]5(C)[C@H]4[C@@H](O)C[C@]3(C)[C@@]2(O1)C(=O)CO'],,,,,
15815,flurbiprofen-(+/-),['3394'],['CC(C(O)=O)c1ccc(c(F)c1)-c1ccccc1'],Launched,cyclooxygenase inhibitor,,rheumatology,rheumatoid arthritis|osteoarthritis
15816,flurofamide,['51173'],['NP(N)(=O)NC(=O)c1ccc(F)cc1'],Preclinical,urease inhibitor,,,
15817,fluspirilene,['3396'],['Fc1ccc(cc1)C(CCCN1CCC2(CC1)N(CNC2=O)c1ccccc1)c1ccc(F)cc1'],Launched,dopamine receptor antagonist,CACNG1|DRD2|HRH1|HTR1A|HTR1D|HTR1E|HTR2A,neurology/psychiatry,schizophrenia
15818,flutamide,['3397'],['CC(C)C(=O)Nc1ccc(c(c1)C(F)(F)F)[N+]([O-])=O'],Launched,androgen receptor antagonist,AHR|AR,oncology,prostate cancer
15819,fluticasone,"['25320895', '44483336', '73707412']","['CC1CC2C3CC(F)C4=CC(=O)C=CC4(C)C3(F)C(O)CC2(C)C1(CC(=O)CO)C(=O)SCF', 'CCC(=O)O[C@@]1([C@H](C)C[C@@H]2[C@@H]3C[C@H](F)C4=CC(=O)C=C[C@]4(C)[C@@]3(F)[C@@H](O)C[C@]12C)C(=O)SCF', 'CCC(=O)O[C@]1([C@H](C)C[C@@H]2[C@H]3C[C@H](F)C4=CC(=O)C=C[C@@]4(C)[C@]3(F)[C@@H](O)C[C@@]12C)C(=O)SCF']",,,,,
15820,fluticasone-propionate,['444036'],['CCC(=O)O[C@@]1([C@H](C)C[C@H]2[C@@H]3C[C@H](F)C4=CC(=O)C=C[C@]4(C)[C@@]3(F)[C@@H](O)C[C@]12C)C(=O)SCF'],Launched,glucocorticoid receptor agonist,NR3C1|NR3C2|PGR|PLA2G4A,dermatology,corticosteroid-responsive dermatoses
15821,fluvastatin,['1548972'],['CC(C)N1C2=CC=CC=C2C(=C1/C=C/[C@@H](C[C@@H](CC(=O)O)O)O)C3=CC=C(C=C3)F'],Launched,HMGCR inhibitor,HMGCR,endocrinology|cardiology,hypercholesterolemia|congenital heart defects
15822,fluvoxamine,"['5281089', '5361192']","['COCCCCC(=NOCCN)c1ccc(cc1)C(F)(F)F', 'COCCCC\\C(c1ccc(cc1)C(F)(F)F)=N\\OCCN']",Launched,selective serotonin reuptake inhibitor (SSRI),SLC6A4,neurology/psychiatry,obsessive compulsive disorder (OCD)
15823,folic-acid,['6037'],['Nc1nc(=O)c2nc(CNc3ccc(cc3)C(=O)N[C@@H](CCC(O)=O)C(O)=O)cnc2[nH]1'],Launched,folate receptor ligand,FOLR2|FOLR3|SLC19A1|SLC46A1,hematology,megaloblastic anemia
15824,foliosidine,['2837663'],['COc1cc(=O)n(C)c2c(OCC(O)C(C)(C)O)cccc12'],,,,,
15825,fomepizole,['11957593'],['Cc1cn[nH]c1'],Launched,alcohol dehydrogenase inhibitor,ADH1A|ADH1B|ADH1C|AKR1A1|CAT,critical care,poison antidote
15826,foretinib,['42642645'],['COc1cc2c(Oc3ccc(NC(=O)C4(CC4)C(=O)Nc4ccc(F)cc4)cc3F)ccnc2cc1OCCCN1CCOCC1'],Phase 2,VEGFR inhibitor,FLT1|FLT4|KDR|MET,,
15827,formestane,"['44511091', '73707500']","['CC12CCC3C(CCC4C(=O)C(=O)CCC34C)C2CCC1=O', 'C[C@]12CC[C@@H]3[C@@H](CCC4C(=O)C(=O)CC[C@]34C)[C@H]1CCC2=O']",Launched,aromatase inhibitor,CYP19A1,oncology,breast cancer
15828,formoterol,"['23581795', '44483332']",['COc1ccc(C[C@H](C)NC[C@@H](O)c2ccc(O)c(NC=O)c2)cc1'],Launched,adrenergic receptor agonist,ADRB2,pulmonary,asthma|chronic obstructive pulmonary disease (COPD)|bronchospasm
15829,forskolin,"['3413', '9871875']","['CC(=O)OC1C(O)C2C(C)(C)CCC(O)C2(C)C2(O)C(=O)CC(C)(OC12C)C=C', 'CC(=O)O[C@H]1[C@@H](O)[C@H]2C(C)(C)CC[C@@H](O)[C@]2(C)[C@@]3(O)C(=O)C[C@@](C)(O[C@]13C)C=C', 'CC(=O)O[C@H]1[C@@H](O)[C@H]2C(C)(C)CC[C@H](O)[C@]2(C)[C@@]2(O)C(=O)C[C@@](C)(O[C@]12C)C=C', 'CN1CCN(CCCC(=O)O[C@H]2[C@@H](O)[C@H]3C(C)(C)CC[C@H](O)[C@]3(C)[C@@]4(O)C(=O)C[C@@](C)(O[C@]24C)C=C)CC1']",Launched,adenylyl cyclase activator,ADCY2|ADCY5|GNAS,,
15830,fosfosal,['3418'],['OC(=O)c1ccccc1OP(O)(O)=O'],Launched,phosphodiesterase inhibitor,PTGS1|PTGS2,neurology/psychiatry,pain relief
15831,fosinopril,['6708482'],['CCC(=O)O[C@@H](OP(=O)(CCCCc1ccccc1)CC(=O)N1C[C@@H](C[C@H]1C(O)=O)C1CCCCC1)C(C)C'],Launched,angiotensin converting enzyme inhibitor,ACE,cardiology,hypertension|congestive heart failure
15832,fostamatinib,['11213558'],['COc1cc(Nc2ncc(F)c(Nc3ccc4OC(C)(C)C(=O)Nc4n3)n2)cc(OC)c1OC'],Launched,SYK inhibitor,SYK,hematology,chronic immune thrombocytopenia (ITP)
15833,foxy-5,['44628955'],['CSCC[C@H](NC=O)C(=O)N[C@@H](CC(O)=O)C(=O)NCC(=O)N[C@@H](CS)C(=O)N[C@@H](CCC(O)=O)C(=O)N[C@@H](CC(C)C)C(O)=O'],Phase 2,WNT5a peptide mimetic,WNT5A,,
15834,fraxetin,['5273569'],['COc1cc2ccc(=O)oc2c(O)c1O'],,,,,
15835,fraxidin,['3083928'],['COc1cc2ccc(=O)oc2c(OC)c1OC'],,,,,
15836,fulvestrant,"['5284640', '73707501']","['CC12CCC3C(C2CCC1O)C(CCCCCCCCCS(=O)CCCC(F)(F)C(F)(F)F)Cc4cc(O)ccc34', 'C[C@]12CC[C@H]3[C@@H]([C@H]1CC[C@@H]2O)[C@H](CCCCCCCCCS(=O)CCCC(F)(F)C(F)(F)F)Cc1cc(O)ccc31', 'C[C@]12CC[C@H]3[C@H]([C@@H]1CC[C@@H]2O)C(CCCCCCCCCS(=O)CCCC(F)(F)C(F)(F)F)Cc1cc(O)ccc31']",Launched,estrogen receptor antagonist,ESR1|ESR2|GPER1,oncology,breast cancer
15837,fumonisin-b1,['73707380'],['CCCC[C@@H](C)[C@@H](OC(=O)C[C@@H](CC(O)=O)C(O)=O)[C@H](CC(C)C[C@H](O)CCCC[C@@H](O)C[C@H](O)[C@H](C)N)OC(=O)C[C@@H](CC(O)=O)C(O)=O'],,,,,
15838,furaltadone,['92968'],['[O-][N+](=O)c1ccc(C=NN2CC(CN3CCOCC3)OC2=O)o1'],Launched,bacterial DNA inhibitor,,infectious disease,gram-negative bacterial infections
15839,furan,['8029'],['c1ccoc1'],,,,,
15840,furosemide,['3440'],['NS(=O)(=O)c1cc(C(O)=O)c(NCc2ccco2)cc1Cl'],Launched,diuretic,CA2|GPR35|SLC12A1|SLC12A2,cardiology|rheumatology,edema|hypertension|congestive heart failure|nephrotic syndrome
15841,fursultiamine,['3002119'],['C\\C(N(Cc1cnc(C)nc1N)C=O)=C(\\CCO)SSCC1CCCO1'],Launched,vitamin B,,metabolism,thiamine deficiency
15842,fusaric-acid,['3442'],['CCCCc1ccc(nc1)C(=O)O'],,,,,
15843,gabapentin,['3446'],['NCC1(CC(O)=O)CCCCC1'],Launched,calcium channel blocker,ADORA1|CACNA1A|CACNA1B|CACNA1C|CACNA1D|CACNA1E|CACNA1F|CACNA1G|CACNA1H|CACNA1I|CACNA1S|CACNA2D1|CACNA2D2|CACNA2D3|CACNA2D4|CACNB1|CACNB2|CACNB3|CACNB4|CACNG1|CACNG2|CACNG3|CACNG4|CACNG5|CACNG6|CACNG7|CACNG8|GRIN1|GRIN2A|GRIN2B|GRIN2C|GRIN2D|GRIN3A|GRIN3B,infectious disease|neurology/psychiatry,virus herpes simplex (HSV)|shingles|seizures|restless leg syndrome
15844,gabazine,['5275'],['COC1=CC=C(C=C1)C2=N[N+](=C(C=C2)N)CCCC(=O)O'],Preclinical,GABA receptor antagonist,GABRA1|GABRA2|GABRA3|GABRA4|GABRA5|GABRA6|GABRG2,,
15845,gabexate,['3447'],['CCOC(=O)c1ccc(OC(=O)CCCCCNC(N)=N)cc1'],Launched,serine protease inhibitor,PRSS1|TPSAB1,gastroenterology,pancreatitis
15846,gaboxadol,['5702253'],['Oc1noc2CNCCc12'],Phase 3,benzodiazepine receptor agonist,GABRA1|GABRA2|GABRA3|GABRA4|GABRA5|GABRA6|GABRD|GABRR1|GABRR2|GABRR3,,
15847,galantamine,['9651'],['CN1CC[C@@]23C=C[C@@H](C[C@@H]2OC4=C(C=CC(=C34)C1)OC)O'],Launched,acetylcholinesterase inhibitor,ACHE|BCHE|CHRNA1|CHRNA10|CHRNA2|CHRNA3|CHRNA4|CHRNA5|CHRNA6|CHRNA7|CHRNA9|CHRNB1|CHRNB2|CHRNB3|CHRNB4|CHRND|CHRNE|CHRNG,neurology/psychiatry,senile dementia
15848,gallamine,['5458167'],['CC[N+](CC)(CC)CCOc1cccc(OCC[N+](CC)(CC)CC)c1OCC[N+](CC)(CC)CC'],,,,,
15849,gallic-acid,['370'],['OC(=O)c1cc(O)c(O)c(O)c1'],Preclinical,beta amyloid protein neurotoxicity inhibitor|PPAR receptor agonist,CA1|CA12|CA14|CA2|CA4|CA6|CA9|SELP,,
15850,gamma-linolenic-acid,['5280933'],['CCCCC\\C=C/C\\C=C/C\\C=C/CCCCC(O)=O'],Phase 2,cyclooxygenase inhibitor|prostanoid receptor agonist,PTGS1|PTGS2,,
15851,ganciclovir,['3454'],['Nc1nc2n(COC(CO)CO)cnc2c(=O)[nH]1'],Launched,DNA polymerase inhibitor,,infectious disease,cytomegalovirus (CMV)
15852,gangaleoidin,['4565183'],['COC(=O)c1c(C)c2Oc3c(Cl)c(O)c(Cl)c(C)c3C(=O)Oc2cc1OC'],,,,,
15853,ganglioside,['4673190'],['COC(=O)c1c(C)c2Oc3c(Cl)c(OC(=O)C)c(Cl)c(C)c3C(=O)Oc2cc1OC'],,,,,
15854,garcinol,['73707546'],['CC(=C)[C@@H](CC=C(C)C)C[C@]12C[C@H](CC=C(C)C)C(C)(C)[C@](CC=C(C)C)(C(=O)C(C(=O)c3ccc(O)c(O)c3)C1=O)C2=O'],,,,,
15855,gatifloxacin,['5379'],['COc1c(N2CCNC(C)C2)c(F)cc2c1n(cc(C(O)=O)c2=O)C1CC1'],Withdrawn,bacterial DNA gyrase inhibitor,,,
15856,gavestinel,['6450546'],['OC(=O)c1[nH]c2cc(Cl)cc(Cl)c2c1C=CC(=O)Nc3ccccc3'],Phase 3,glutamate receptor antagonist,GLRB|GRIN1|GRIN2A|GRIN2B|GRIN2C|GRIN2D|GRIN3A|GRIN3B,,
15857,gedunin,['12004512'],['CC1(C)C=CC(=O)[C@@]2(C)C1CC(=O)[C@]3(C)C2CC[C@@]4(C)[C@@H](OC(=O)C5OC543)c6ccoc6'],Preclinical,HSP inhibitor,HSP90AA1,,
15858,gefitinib,['123631'],['COc1cc2ncnc(Nc3ccc(F)c(Cl)c3)c2cc1OCCCN1CCOCC1'],Launched,EGFR inhibitor,EGFR,oncology,non-small cell lung cancer (NSCLC)
15859,geldanamycin,['5288382'],['C[C@H]1C[C@@H]([C@@H]([C@H](/C=C(/[C@@H]([C@H](/C=C\\C=C(\\C(=O)NC2=CC(=O)C(=C(C1)C2=O)OC)/C)OC)OC(=O)N)\\C)C)O)OC'],Preclinical,HSP inhibitor,HSP90AA1,,
15860,gelsemine,['5390854'],['CN1C[C@@]2(C=C)C3CC4OC[C@@H]3[C@@H]1[C@H]2[C@@]45C(=O)Nc6ccccc65'],,,,,
15861,gemcitabine,['60749'],['Nc1ccn([C@@H]2O[C@H](CO)[C@@H](O)C2(F)F)c(=O)n1'],Launched,ribonucleotide reductase inhibitor,CMPK1|RRM1|RRM2|TYMS,oncology,ovarian cancer|breast cancer|non-small cell lung cancer (NSCLC)|pancreatic cancer
15862,gemfibrozil,['3463'],['Cc1ccc(C)c(OCCCC(C)(C)C(O)=O)c1'],Launched,lipoprotein lipase activator,LPL|PPARA|SLCO1B1|SLCO1B3|SLCO2B1,endocrinology|cardiology,hyperlipidemia|coronary heart disease
15863,genipin,['23340'],['COC(=O)C1=COC(O)C2C1CC=C2CO'],Preclinical,choleretic agent,,,
15864,genistein,['5280961'],['C1=CC(=CC=C1C2=COC3=CC(=CC(=C3C2=O)O)O)O'],Phase 2/Phase 3,tyrosine kinase inhibitor,CFTR|ESR1|ESR2|ESRRA|ESRRB|ESRRG|NCOA1|NCOA2|PPARG|PTK2B|TOP2A|TRPC5,,
15865,gentamicin,['6713924'],['CN[C@H](C)[C@@H]1CC[C@@H](N)[C@@H](O[C@@H]2[C@@H](N)C[C@@H](N)[C@H](O[C@H]3OC[C@](C)(O)[C@H](NC)[C@H]3O)[C@H]2O)O1.CN[C@@H]1[C@@H](O)[C@@H](O[C@H]2[C@H](N)C[C@H](N)[C@@H](O[C@H]3O[C@H](CN)CC[C@H]3N)[C@@H]2O)OC[C@]1(C)O.CN[C@@H]1[C@@H](O)[C@@H](O[C@H]2[C@H](N)C[C@H](N)[C@@H](O[C@H]3O[C@@H](CC[C@H]3N)[C@@H](C)N)[C@@H]2O)OC[C@]1(C)O'],,,,,
15866,geranyl-geranyl-pyrophosphate,['447277'],['CC(C)=CCC\\C(C)=C\\CC\\C(C)=C\\CC\\C(C)=C\\COP(O)(=O)OP(O)(O)=O'],,,,,
15867,geranylgeraniol,['5281365'],['CC(C)=CCC\\C(C)=C\\CC\\C(C)=C\\CC\\C(C)=C\\CO'],,,,,
15868,gestrinone,"['73707430', '73707492']","['CC[C@]1(O)CCC2[C@@H]3CCC4=CC(=O)CCC4=C3C=C[C@@]12CC', 'CC[C@]12C=CC3=C4CCC(=O)C=C4CC[C@H]3[C@H]1CC[C@@]2(O)C#C']",Launched,progesterone receptor antagonist,AR|ESR1|PGR,obstetrics/gynecology,endometriosis
15869,gingerol,['442793'],['CCCCC[C@H](O)CC(=O)CCc1ccc(O)c(OC)c1'],,,,,
15870,ginsenoside,['100018'],['CC(=CCCC(C)(OC1OC(COC2OC(CO)C(O)C2O)C(O)C(O)C1O)C3CCC4(C)C3C(O)CC5C6(C)CCC(OC7OC(CO)C(O)C(O)C7OC8OC(CO)C(O)C(O)C8O)C(C)(C)C6CCC54C)C'],,,,,
15871,gitoxigenin,['348482'],['C[C@@]12CCC3C(CC[C@@H]4C[C@@H](O)CC[C@@]43C)[C@@]2(O)C[C@H](O)[C@@H]1C5=CC(=O)OC5'],,,,,
15872,givinostat,['9804992'],['CCN(CC)Cc1ccc2cc(COC(=O)Nc3ccc(cc3)C(=O)NO)ccc2c1'],Phase 3,HDAC inhibitor,HDAC1|HDAC2|HDAC3|HDAC4|HDAC5|HDAC6|HDAC7|HDAC8|HDAC9,,
15873,glafenine,['3474'],['OCC(O)COC(=O)c1ccccc1Nc1ccnc2cc(Cl)ccc12'],Withdrawn,DeltaF508-CFTR Correctors,CFTR,,
15874,glibenclamide,['3488'],['COc1ccc(Cl)cc1C(=O)NCCc2ccc(cc2)S(=O)(=O)NC(=O)NC3CCCCC3'],,,,,
15875,gliclazide,['3475'],['Cc1ccc(cc1)S(=O)(=O)NC(=O)NN1CC2CCCC2C1'],Launched,ATP channel blocker|insulin secretagogue,,endocrinology,diabetes mellitus
15876,glimepiride,['3476'],['CCC1=C(CN(C1=O)C(=O)NCCC2=CC=C(C=C2)S(=O)(=O)NC(=O)NC3CCC(CC3)C)C'],Launched,insulin secretagogue,ABCC8|KCNJ1|KCNJ11,endocrinology,diabetes mellitus
15877,glipizide,['3478'],['Cc1cnc(cn1)C(=O)NCCc1ccc(cc1)S(=O)(=O)NC(=O)NC1CCCCC1'],Launched,sulfonylurea,ABCC8|KCNJ10|KCNJ11|PPARG,endocrinology,diabetes mellitus|hyperglycemia
15878,gliquidone,['91610'],['COc1ccc2c(c1)C(=O)N(CCc1ccc(cc1)S(=O)(=O)NC(=O)NC1CCCCC1)C(=O)C2(C)C'],Launched,sulfonylurea,ABCC8|KCNJ10|KCNJ8,endocrinology,diabetes mellitus
15879,glucosamine,['445621'],['N[C@H]1[C@@H](O)O[C@H](CO)[C@@H](O)[C@@H]1O'],Launched,glycosylated protein precursor,IL1B,neurology/psychiatry|rheumatology,muscle pain|rheumatoid arthritis|joint pain|backache
15880,glutamine,['5961'],['N[C@@H](CCC(N)=O)C(O)=O'],,,,,
15881,glutamyldopamine,['73707617'],['N[C@H](CCC(=O)NCCc1ccc(O)c(O)c1)C(O)=O'],,,,,
15882,glycerol,['753'],['OCC(O)CO'],,,,,
15883,glycocholic-acid,['10140'],['C[C@H](CCC(=O)NCC(=O)O)[C@H]1CC[C@H]2[C@@H]3[C@H](O)C[C@@H]4C[C@H](O)CC[C@]4(C)[C@H]3C[C@H](O)[C@]12C'],,,,,
15884,glycodeoxycholic-acid,['3035026'],['C[C@H](CCC(=O)NCC(=O)O)[C@H]1CC[C@@H]2[C@@]1([C@H](C[C@H]3[C@H]2CC[C@H]4[C@@]3(CC[C@H](C4)O)C)O)C'],,,,,
15885,glycopyrrolate,['11693'],['C[N+]1(C)CCC(C1)OC(=O)C(O)(C1CCCC1)c1ccccc1'],Launched,acetylcholine receptor antagonist,CHRM1|CHRM2|CHRM3|CHRM4|CHRM5,gastroenterology,peptic ulcer disease (PUD)
15886,goserelin,['23581804'],['CC(C)CC(NC(=O)C(COC(C)(C)C)NC(=O)C(Cc1ccc(O)cc1)NC(=O)C(CO)NC(=O)C(Cc1c[nH]c2ccccc12)NC(=O)C(Cc1c[nH]cn1)NC(=O)C1CCC(=O)N1)C(=O)N[C@@H](CCCN=C(N)N)C(=O)N1CCCC1C(=O)NNC(N)=O'],,,,,
15887,gossypin,['5281621'],['OC[C@H]1O[C@@H](Oc2c(O)cc(O)c3c2oc(-c2ccc(O)c(O)c2)c(O)c3=O)[C@H](O)[C@@H](O)[C@@H]1O'],,,,,
15888,gossypol,['227456'],['CC(C)c1c(O)c(O)c(C=O)c2c(O)c(c(C)cc12)-c1c(C)cc2c(C(C)C)c(O)c(O)c(C=O)c2c1O'],Phase 2,BCL inhibitor|MCL1 inhibitor,BCL2,,
15889,granisetron,"['17572266', '6918003']","['CN1[C@H]2CCC[C@@H]1C[C@@H](C2)NC(=O)c3nn(C)c4ccccc34', 'CN1[C@H]2CCC[C@H]1C[C@H](C2)NC(=O)c1nn(C)c2ccccc12']",Launched,serotonin receptor antagonist,HTR3A,gastroenterology,nausea|vomiting
15890,graveoline,['353825'],['Cn1c(cc(=O)c2ccccc12)c3ccc4OCOc4c3'],,,,,
15891,griseofulvin,['441140'],['COc1cc(OC)c(Cl)c2O[C@]3([C@H](C)CC(=O)C=C3OC)C(=O)c12'],Launched,tubulin polymerization inhibitor,KRT12,infectious disease,ringworm|tinea pedis
15892,guaiacol,['460'],['COc1ccccc1O'],Launched,local anesthetic,CA2,pulmonary,cough suppressant
15893,guaifenesin,['3516'],['COc1ccccc1OCC(O)CO'],Launched,expectorant,,pulmonary,cough suppressant
15894,guanaben-acetate,['5702063'],['NC(=N)N\\N=C\\c1c(Cl)cccc1Cl'],Launched,adrenergic receptor agonist,ADRA2A|ADRA2B|ADRA2C,cardiology,hypertension
15895,guanabenz,['5702063'],['C1=CC(=C(C(=C1)Cl)/C=N/N=C(N)N)Cl'],,,,,
15896,guanadrel,['66931399'],['NC(=N)NCC1COC2(CCCCC2)O1.NC(=N)NCC1COC2(CCCCC2)O1'],Launched,adrenergic inhibitor,,cardiology,hypertension
15897,guanethidine,['73707360'],['NC(=N)NCCN1CCCCCCC1.NC(=N)NCCN1CCCCCCC1'],Launched,adrenergic inhibitor,SLC6A2,cardiology,hypertension
15898,guanfacine,['3519'],['NC(=N)NC(=O)Cc1c(Cl)cccc1Cl'],Launched,adrenergic receptor agonist,ADRA2A|ADRA2B|ADRA2C,cardiology,hypertension
15899,guggulsterone,"['21976524', '73707425']","['CC=C1C(=O)CC2C3CCC4=CC(=O)CCC4(C)C3CCC21C', 'C\\C=C1/C(=O)CC2C3CCC4=CC(=O)CC[C@@]4(C)C3CC[C@@]12C']",,,,,
15900,haematoxylin-pentaacetate,['6708558'],['CC(=O)Oc1ccc2C3c4cc(OC(=O)C)c(OC(=O)C)c(OC(=O)C)c4CC3(O)COc2c1OC(=O)C'],,,,,
15901,halcinonide,['443943'],['C[C@]12CCC(=O)C=C1CC[C@@H]3[C@@]2([C@H](C[C@]4([C@H]3C[C@@H]5[C@]4(OC(O5)(C)C)C(=O)CCl)C)O)F'],Launched,glucocorticoid receptor agonist,NR3C1,dermatology,corticosteroid-responsive dermatoses
15902,halofantrine,['37392'],['CCCCN(CCCC)CCC(O)c1cc2c(Cl)cc(Cl)cc2c2cc(ccc12)C(F)(F)F'],Launched,antimalarial agent,KCNN4,infectious disease,malaria
15903,halometasone,['9846332'],['C[C@@H]1C[C@H]2[C@@H]3C[C@H](F)C4=CC(=O)C(=C[C@]4(C)[C@@]3(F)[C@@H](O)C[C@]2(C)[C@@]1(O)C(=O)CO)Cl'],,,,,
15904,haloperidol,['3559'],['OC1(CCN(CCCC(=O)c2ccc(F)cc2)CC1)c1ccc(Cl)cc1'],Launched,dopamine receptor antagonist,DRD1|DRD2|DRD3|DRD4|DRD5|GRIN2B|HRH1|HTR1A|HTR1D|HTR2A|HTR2B|HTR7|KCNH1,neurology/psychiatry,schizophrenia|Tourette's disorder
15905,haloprogin,['3561'],['Clc1cc(Cl)c(OCC#CI)cc1Cl'],Launched,other antifungal,,infectious disease,tinea pedis
15906,harmine,['5280953'],['COc1ccc2c(c1)[nH]c3c(C)nccc23'],,,,,
15907,harpagoside,['5281542'],['C[C@@]1(C[C@@H](O)[C@]2(O)C=CO[C@@H](O[C@@H]3O[C@H](CO)[C@@H](O)[C@H](O)[C@H]3O)[C@H]12)OC(=O)/C=C/c4ccccc4'],,,,,
15908,heliomycin,['5282060'],['Cc1cc(O)c2C(=O)c3c(O)cc(O)c4C(=O)C(C)(C)c5cc(O)c1c2c5-c34'],,,,,
15909,heliotrine,['906426'],['CO[C@H](C)C(O)(C(C)C)C(=O)OCC1=CCN2CC[C@H](O)[C@H]21'],,,,,
15910,helveticoside,['441860'],['C[C@H]1O[C@H](C[C@H](O)[C@@H]1O)OC2CC[C@]3(C=O)[C@H]4CC[C@]5(C)[C@H](CC[C@]5(O)[C@@H]4CC[C@]3(O)C2)C6=CC(=O)OC6'],,,,,
15911,hemado,['4043357'],['CCCCC#Cc1nc(NC)c2ncn(C3OC(CO)C(O)C3O)c2n1'],,,,,
15912,hemicholinium-3,['6852385'],['C[N+]1(C)CCOC(O)(C1)c2ccc(cc2)c3ccc(cc3)C4(O)C[N+](C)(C)CCO4'],,,,,
15913,heptaminol,['3590'],['CC(N)CCCC(C)(C)O'],Launched,vasoconstrictor,,cardiology,hypotension
15914,heraclenol,['328236'],['CC(C)(O)C(O)COc1c2occc2cc3ccc(=O)oc13'],,,,,
15915,herniarin,['10748'],['COc1ccc2ccc(=O)oc2c1'],,,,,
15916,hesperidin,['10621'],['COc1ccc(cc1O)[C@@H]2CC(=O)c3c(O)cc(O[C@@H]4O[C@H](CO[C@@H]5O[C@@H](C)[C@H](O)[C@@H](O)[C@H]5O)[C@@H](O)[C@H](O)[C@H]4O)cc3O2'],Launched,flavanone glycoside,AURKB|CACNA1B,,
15917,hexachlorophene,['3598'],['Oc1c(Cl)cc(Cl)c(Cl)c1Cc1c(O)c(Cl)cc(Cl)c1Cl'],Launched,potassium channel activator,GLUD1|SDHD,infectious disease,gram-positive bacterial infections
15918,hexamethonium,['23723027'],['C[N+](C)(C)CCCCCC[N+](C)(C)C'],Preclinical,cholinergic receptor antagonist,CHRNA2|CHRNA3|CHRNA4|CHRNA6,,
15919,hexamethyleneamiloride,['1794'],['NC(=N)NC(=O)c1nc(Cl)c(nc1N)N2CCCCCC2'],,,,,
15920,hexamethylenebisacetamide,['3616'],['CC(=O)NCCCCCCNC(=O)C'],Phase 2,AKT inhibitor|differentiation inducer|NFKB pathway inhibitor,AKT1,,
15921,hexestrol,['3606'],['CCC(C(CC)c1ccc(O)cc1)c1ccc(O)cc1'],Launched,synthetic estrogen,AKR1C1|ESR1|ESR2,endocrinology,hypoestrogenism
15922,hexetidine,['3607'],['CCCCC(CC)CN1CN(CC(CC)CCCC)CC(C)(N)C1'],Launched,local anesthetic,,otolaryngology|infectious disease|dental|gastroenterology,pharyngitis|meningitis|laryngitis|gingivitis|ulcerative colitis
15923,hexylcaine,['10770'],['CC(CNC1CCCCC1)OC(=O)c1ccccc1'],Launched,sodium channel blocker,SCN5A,neurology/psychiatry,local anesthetic
15924,hexylresorcinol,['3610'],['CCCCCCc1ccc(O)cc1O'],Launched,local anesthetic,TYR,infectious disease,skin infections|first-aid antiseptic
15925,hinokitiol,['3611'],['CC(C)c1cccc(=O)c(O)c1'],,,,,
15926,hippeastrine,['441594'],['CN1CCC2=C[C@H](O)[C@H]3OC(=O)c4cc5OCOc5cc4[C@H]3[C@H]12'],,,,,
15927,hispidin,['5353671'],['Oc1cc(/C=C/c2ccc(O)c(O)c2)oc(=O)c1'],,,,,
15928,homatropine,['73707487'],['CN1[C@H]2CC[C@H]1CC(C2)OC(=O)C(C3=CC=CC=C3)O'],Launched,acetylcholine receptor antagonist,CHRM1,ophthalmology,uveal tract inflammation|pupil dilation
15929,homochlorcyclizine,['3627'],['CN1CCCN(CC1)C(c1ccccc1)c1ccc(Cl)cc1'],Launched,antihistamine,HRH1,allergy,allergic rhinitis
15930,homoharringtonine,['285033'],['CC(C)(CCC[C@@](CC(=O)OC)(C(=O)O[C@H]1[C@H]2C3=CC4=C(C=C3CCN5[C@@]2(CCC5)C=C1OC)OCO4)O)O'],Launched,protein synthesis inhibitor,RPL3,hematologic malignancy,chronic myeloid leukemia (CML)
15931,homosalate,['8362'],['CC1CC(CC(C)(C)C1)OC(=O)c1ccccc1O'],Preclinical,HSP inducer,,,
15932,homoveratrylamine,['8421'],['COc1ccc(CCN)cc1OC'],Preclinical,monoamine oxidase inhibitor,,,
15933,honokiol,['72303'],['Oc1ccc(cc1CC=C)-c1cc(CC=C)ccc1O'],Phase 3,AKT inhibitor,ALOX5|PTGS1|PTGS2,,
15934,huperzine-a,"['4369233', '907504']","['C/C=C/1\\C2Cc3[nH]c(=O)ccc3C1(N)CC(=C2)C', 'C\\C=C1/[C@H]2Cc3[nH]c(=O)ccc3[C@]1(N)CC(C)=C2', 'C\\C=C1\\[C@@H]2Cc3nc(O)ccc3[C@@]1(N)CC(C)=C2']",,,,,
15935,hycanthone,['3634'],['CCN(CC)CCNc1ccc(CO)c2sc3ccccc3c(=O)c12'],Launched,RNA synthesis inhibitor,,infectious disease,schistosomiasis
15936,hydralazine,"['23817956', '71299681']","['N/N=C/1\\N=NC=C2C=CC=CC12', 'NN=C1N=NC=C2C=CC=CC12']",Launched,vasodilator,,cardiology,hypertension
15937,"hydrastine-(1r,-9s)",['197834'],['COc1ccc2[C@H](OC(=O)c2c1OC)[C@@H]1N(C)CCc2cc3OCOc3cc12'],,,,,
15938,hydrastinine,['3397945'],['C[N+]1=Cc2cc3OCOc3cc2CC1'],Preclinical,hemostatic agent,,,
15939,hydrochlorothiazide,['3639'],['NS(=O)(=O)c1cc2c(NCNS2(=O)=O)cc1Cl'],Launched,thiazide diuretic,CA1|CA12|CA2|CA4|CA9|KCNMA1|SLC12A3,cardiology,hypertension|congestive heart failure
15940,hydrocortisone,['5754'],['C[C@]12CCC(=O)C=C1CC[C@@H]3[C@@H]2[C@H](C[C@]4([C@H]3CC[C@@]4(C(=O)CO)O)C)O'],Launched,glucocorticoid receptor agonist,ANXA1|NOS2|NR3C1|NR3C2,dermatology|neurology/psychiatry,eczema|psoriasis|seborrheic dermatitis|itching
15941,hydrocortisone-acetate,['5744'],['CC(=O)OCC(=O)[C@@]1(O)CCC2C3CCC4=CC(=O)CC[C@]4(C)C3[C@@H](O)C[C@]12C'],Launched,glucocorticoid receptor agonist,NR3C1,dermatology,corticosteroid-responsive dermatoses
15942,hydrocortisone-hemisuccinate,['16623'],['C[C@]12C[C@H](O)C3C(CCC4=CC(=O)CC[C@]34C)C1CC[C@]2(O)C(=O)COC(=O)CCC(O)=O'],Phase 2/Phase 3,,,,
15943,hydrocortisone-phosphate,['155903676'],['CC12C[C@H](O)C3C(CCC4=CC(=O)CCC34C)C1CC[C@]2(O)C(=O)COP(O)(O)=O'],Launched,,,pulmonary|gastroenterology|hematologic malignancy|ophthalmology,asthma|nausea|vomiting|multiple myeloma|contact dermatitis|enteritis|colitis
15944,hydrocortisone-valerate,['45006145'],['CCCCC(=O)O[C@@]1(CCC2C3CCC4=CC(=O)CC[C@]4(C)C3[C@@H](O)C[C@]12C)C(=O)CO'],Launched,glucocorticoid receptor agonist,NR3C1,dermatology,corticosteroid-responsive dermatoses
15945,hydrocotarnine,['3646'],['COc1c2OCOc2cc3CCN(C)Cc13'],,,,,
15946,hydroflumethiazide,['3647'],['NS(=O)(=O)c1cc2c(NCNS2(=O)=O)cc1C(F)(F)F'],Launched,sodium/potassium/chloride transporter inhibitor,ATP1A1|CA1|CA12|CA2|CA4|CA9|KCNMA1|SLC12A1|SLC12A3,cardiology|gastroenterology|rheumatology|nephrology,edema|congestive heart failure|hepatic cirrhosis|nephrotic syndrome|chronic renal failure|acute glomerulonephritis (AGN)|hypertension
15947,hydroquinidine,['45479756'],['CC[C@H]1CN2CCC1C[C@@H]2[C@@H](O)c1ccnc2ccc(OC)cc12'],Launched,antiarrhythmic,,cardiology,cardiac arrythmia
15948,hydroquinine,['121515'],['CC[C@H]1CN2CCC1C[C@H]2[C@H](O)c3ccnc4ccc(OC)cc34'],,,,,
15949,hydroxychloroquine,['3652'],['CCN(CCO)CCCC(C)Nc1ccnc2cc(Cl)ccc12'],Launched,antimalarial agent,TLR7|TLR9,infectious disease,malaria
15950,hydroxycholesterol,['10135759'],['C[C@H](CC[C@H](C(C)C)O)[C@H]1CC[C@@H]2[C@@]1(CC[C@H]3[C@H]2CC=C4[C@@]3(CC[C@@H](C4)O)C)C'],,,,,
15951,hydroxyfasudil,['3064778'],['Oc1nccc2c(cccc12)S(=O)(=O)N1CCCNCC1'],Preclinical,rho associated kinase inhibitor,PKIA|PRKACA|ROCK1,,
15952,hydroxyl,['73707605'],['CC1O[C@@H](OCC2O[C@@H](O[C@H]3CC[C@@]4(C)C(CC[C@]5(C)C4[C@H](O)C=C4C6CC(C)(C)[C@H](C[C@@]6([C@H](O)C[C@@]54C)C(=O)O[C@@H]4OC(CO)[C@@H](O)[C@@H](O)[C@@H]4O[C@@H]4OC(C)[C@H](O[C@@H]5O[C@@H](CO)[C@H](O)[C@@H]5O)[C@@H](O[C@@H]5OC(CO)[C@@H](O)[C@@H](O)[C@@H]5O)[C@@H]4O)OC(=O)C(\\CO)=C\\CC[C@](C)(O[C@@H]4OC(C)[C@@H](OC(=O)C(\\CO)=C\\CCC(C)(O)C=C)[C@@H](O)[C@@H]4O)C=C)C3(C)C)[C@@H](NC(C)=O)[C@H](O)[C@@H]2O)[C@@H](O[C@@H]2OC[C@@H](O)[C@@H](O)[C@@H]2O)[C@H](O)[C@H]1O'],,,,,
15953,"hydroxytacrine-maleate-(r,s)",['667530'],['Nc1c2C(O)CCCc2nc2ccccc12'],,,,,
15954,hydroxytyrosol,['82755'],['OCCc1ccc(O)c(O)c1'],,,,,
15955,hydroxyzine,['71612'],['OCCOCCN1CCN(CC1)C(c1ccccc1)c1ccc(Cl)cc1'],Launched,antihistamine,HRH1,neurology/psychiatry|allergy|dermatology,anxiety|urticaria|itching|dermatosis
15956,hymecromone,['5280567'],['Cc1cc(=O)oc2cc(O)ccc12'],Phase 2,monoamine oxidase inhibitor,MAOA|MAOB,,
15957,hyoscyamine,['154417'],['CN1[C@@H]2CC[C@H]1CC(C2)OC(=O)[C@H](CO)C3=CC=CC=C3'],Launched,acetylcholine receptor antagonist,CHRM1|CHRM2|CHRM3|CHRM4,gastroenterology|urology|neurology/psychiatry|allergy,peptic ulcer disease (PUD)|acute abdominal visceral spasm|ulcerative colitis|interstitial cystitis (IC)|enterocolitis|irritable bowel syndrome|tremors|allergic rhinitis
15958,hyperforin,['51348735'],['CC(C)C(=O)[C@@]12C(=O)C(CC=C(C)C)C(=O)[C@@](CC=C(C)C)(C[C@H](CC=C(C)C)[C@@]1(C)CCC=C(C)C)C2=O'],,,,,
15959,hypericin,['3663'],['Cc1cc(O)c2c3c1c1c(C)cc(O)c4c1c1c3c3c(c(O)cc(O)c3c2=O)c2c(O)cc(O)c(c12)c4=O'],Phase 3,tyrosine kinase inhibitor,,,
15960,hyperoside,['5281643'],['OC[C@H]1O[C@@H](Oc2c(oc3cc(O)cc(O)c3c2=O)c4ccc(O)c(O)c4)[C@H](O)[C@@H](O)[C@H]1O'],,,,,
15961,ibandronic-acid,['60852'],['CCCCCN(C)CCC(O)(P(O)(O)=O)P(O)(O)=O'],,,,,
15962,ibrutinib,['16126651'],['Nc1ncnc2n(nc(-c3ccc(Oc4ccccc4)cc3)c12)C1CCCN(C1)C(=O)C=C'],Launched,Bruton's tyrosine kinase (BTK) inhibitor,BLK|BMX|BTK,hematologic malignancy,chronic lymphocytic leukemia (CLL)|mantle cell lymphoma (MCL)|Waldenstrom's macroglobulinemia (WM)
15963,ibudilast,['3671'],['CC(C)C(=O)c1c(nn2ccccc12)C(C)C'],Launched,leukotriene receptor antagonist|phosphodiesterase inhibitor,IL1B|IL6|PDE3A|PDE4A|PDE4B|PDE4C|PDE4D|PDE5A,pulmonary|neurology/psychiatry,asthma|stroke
15964,ibuprofen,['3672'],['CC(C)Cc1ccc(cc1)C(C)C(O)=O'],Launched,cyclooxygenase inhibitor,,neurology/psychiatry|rheumatology|otolaryngology|obstetrics/gynecology|endocrinology|dental,headache|muscle pain|rheumatoid arthritis|backache|common cold|menstrual pain|fever|toothache
15965,ibuprofen-(S),['39912'],['CC(C)Cc1ccc(cc1)[C@H](C)C(O)=O'],Launched,cyclooxygenase inhibitor,ASIC1|PTGS1|PTGS2|SLC5A8,neurology/psychiatry,pain relief
15966,ibutilide,['73707513'],['CCCCCCCN(CC)CCCC(O)c1ccc(NS(C)(=O)=O)cc1.CCCCCCCN(CC)CCCC(O)c1ccc(NS(C)(=O)=O)cc1'],Launched,potassium channel blocker,CACNA1C|KCNH2,cardiology,atrial fibrillation (AF)
15967,icariin,['5318997'],['COc1ccc(cc1)c2oc3c(CC=C(C)C)c(O[C@@H]4O[C@H](CO)[C@@H](O)[C@H](O)[C@H]4O)cc(O)c3c(=O)c2O[C@@H]5O[C@@H](C)[C@H](O)[C@@H](O)[C@H]5O'],Phase 3,phosphodiesterase inhibitor,PDE5A,,
15968,ichthynone,['3428129'],['COc1cc2OCOc2cc1c3coc4c5C=CC(C)(C)Oc5c(OC)cc4c3=O'],,,,,
15969,icilin,['161930'],['Oc1ccccc1N1CC=C(NC1=O)c1cccc(c1)[N+]([O-])=O'],Phase 1,TRPV agonist,TRPA1|TRPM8,,
15970,icosapent,['446284'],['CC\\C=C/C\\C=C/C\\C=C/C\\C=C/C\\C=C/CCCC(O)=O'],Launched,platelet aggregation inhibitor,ACSL3|ACSL4|FADS1|FFAR1|PPARD|PPARG|PTGS1|PTGS2|SLC8A1|TRPV1,endocrinology,hypertriglyceridemia
15971,idarubicin,"['42594', '636362']","['CC1OC(CC(N)C1O)O[C@H]1C[C@@](O)(Cc2c(O)c3C(=O)c4ccccc4C(=O)c3c(O)c12)C(C)=O', 'C[C@@H]1O[C@H](C[C@H](N)[C@@H]1O)O[C@H]1C[C@@](O)(Cc2c(O)c3C(=O)c4ccccc4C(=O)c3c(O)c12)C(C)=O']",Launched,topoisomerase inhibitor,TOP2A,hematologic malignancy,acute myeloid leukemia (AML)
15972,idazoxan,['154494'],['C1CN=C(N1)C1COc2ccccc2O1'],Phase 3,adrenergic receptor antagonist,ADRA2A|PTGS2,,
15973,idebenone,['3686'],['COC1=C(OC)C(=O)C(CCCCCCCCCCO)=C(C)C1=O'],Launched,calcium channel modulator,,neurology/psychiatry|ophthalmology,Alzheimer's disease|Friedreich's ataxia|Leber hereditary optic neuropathy (LHON)
15974,idelalisib,['11625818'],['CC[C@H](Nc1ncnc2[nH]cnc12)c1nc2cccc(F)c2c(=O)n1-c1ccccc1'],Launched,PI3K inhibitor,PIK3CA|PIK3CB|PIK3CD|PIK3CG,hematologic malignancy,chronic lymphocytic leukemia (CLL)
15975,idoxuridine,['5905'],['OC[C@H]1O[C@H](C[C@@H]1O)n1cc(I)c(=O)[nH]c1=O'],Launched,DNA directed DNA polymerase inhibitor|DNA synthesis inhibitor,,infectious disease,virus herpes simplex (HSV)
15976,ifenprodil,['6419987'],['CC(C(O)c1ccc(O)cc1)N1CCC(Cc2ccccc2)CC1'],Launched,adrenergic receptor antagonist|glutamate receptor antagonist,GRIN2B,,
15977,ifosfamide,['3690'],['ClCCNP1(=O)OCCCN1CCCl'],Launched,DNA alkylating agent,CYP2A6|CYP2B6|CYP2C18|CYP2C19|CYP2C8|CYP2C9|CYP3A4|CYP3A5|CYP3A7|PTGS1,oncology|urology,testicular carcinoma|hemorrhagic cystitis
15978,ilomastat,['132519'],['CNC(=O)[C@H](Cc1c[nH]c2ccccc12)NC(=O)[C@H](CC(C)C)CC(=O)NO'],Phase 3,matrix metalloprotease inhibitor,ACAN|ADAM28|MMP1|MMP12|MMP13|MMP14|MMP2|MMP3|MMP8|MMP9,,
15979,iloperidone,['71360'],['COc1cc(ccc1OCCCN1CCC(CC1)c1noc2cc(F)ccc12)C(C)=O'],Launched,dopamine receptor antagonist|serotonin receptor antagonist,ADRA1A|ADRA2C|DRD1|DRD2|DRD3|DRD4|HRH1|HTR1A|HTR2A|HTR6|HTR7,neurology/psychiatry,schizophrenia
15980,iloprost,['5311181'],['CC#CCC(C)[C@@H](/C=C/[C@H]1[C@@H](C[C@H]2[C@@H]1C/C(=C/CCCC(=O)O)/C2)O)O'],Launched,platelet aggregation inhibitor|prostanoid receptor agonist,PTGDR|PTGER1|PTGER2|PTGER3|PTGER4|PTGFR|PTGIR|TBXA2R,pulmonary,pulmonary arterial hypertension (PAH)
15981,imatinib,['123596'],['CN1CCN(Cc2ccc(cc2)C(=O)Nc2ccc(C)c(Nc3nccc(n3)-c3cccnc3)c2)CC1'],Launched,Bcr-Abl kinase inhibitor|KIT inhibitor|PDGFR tyrosine kinase receptor inhibitor,ABL1|CSF1R|DDR1|KIT|NTRK1|PDGFRA|PDGFRB|RET,hematologic malignancy|oncology,chronic myeloid leukemia (CML)|acute lymphoblastic leukemia (ALL)|myelodysplastic diseases (MDS)|aggressive systemic mastocytosis (ASM)|hypereosinophilic syndrome (HES)|chronic eosinophilic leukemia (CEL)|dermatofibrosarcoma protuberans (DFSP)|gastrointestinal stromal tumors (GIST)
15982,imidazolidinyl-urea,['38258'],['OCN1C(NC(=O)NCNC(=O)NC2N(CO)C(=O)NC2=O)C(=O)NC1=O'],,,,,
15983,imiloxan,['133621'],['CCn1ccnc1CC1COc2ccccc2O1'],Phase 1,adrenergic receptor antagonist,ADRA2A|ADRA2B,,
15984,imipenem,['12801781'],['C[C@@H](O)[C@H]1[C@H]2CC(SCCNC=N)=C(N2C1=O)C(O)=O'],Launched,bacterial cell wall synthesis inhibitor,,infectious disease,pneumonia|urinary tract infections|intra-abdominal infections|gynecologic infections|bacterial septicemia|bone and joint infections|skin infections|endocarditis
15985,imipramine,['3696'],['CN(C)CCCN1c2ccccc2CCc2ccccc12'],Launched,norepinephrine reputake inhibitor|serotonin reuptake inhibitor,ADRA1A|ADRA1B|ADRA1D|CHRM1|CHRM2|CHRM3|CHRM4|CHRM5|DRD1|DRD2|DRD5|HRH1|HTR1A|HTR2A|HTR2C|HTR6|HTR7|KCND2|KCND3|KCNH1|KCNH2|SLC6A2|SLC6A3|SLC6A4,neurology/psychiatry|urology,depression|nocturnal enuresis
15986,imiquimod,['57469'],['CC(C)Cn1cnc2c(N)nc3ccccc3c12'],Launched,interferon inducer|toll-like receptor agonist,TLR7|TLR8,dermatology|infectious disease|oncology,actinic keratosis (AK)|genital warts|basal cell carcinoma (BCC)
15987,immepip,['3035842'],['C(C1CCNCC1)c1c[nH]cn1'],Preclinical,histamine receptor agonist,HRH3|HRH4,,
15988,immethridine,['9989505'],['C(c1cnc[nH]1)c1ccncc1'],Phase 1,histamine receptor agonist,HRH3,,
15989,imperatorin,['10212'],['CC(=CCOc1c2occc2cc3ccc(=O)oc13)C'],,,,,
15990,importazole,['2949965'],['CC(Nc1nc(nc2ccccc12)N3CCCC3)c4ccccc4'],,,,,
15991,indapamide,['3702'],['CC1Cc2ccccc2N1NC(=O)c1ccc(Cl)c(c1)S(N)(=O)=O'],Launched,thiazide diuretic,CA2|HTR3A|KCNQ1,cardiology,hypertension|congestive heart failure
15992,indatraline,['10314472'],['CN[C@@H]1C[C@H](c2ccccc12)c1ccc(Cl)c(Cl)c1'],Preclinical,norepinephrine transporter inhibitor,MAOA|MAOB,,
15993,indinavir,['5462355'],['CC(C)(C)NC(=O)[C@@H]1CN(Cc2cccnc2)CCN1C[C@@H](O)C[C@@H](Cc1ccccc1)C(=O)N[C@@H]1[C@H](O)Cc2ccccc12'],Launched,HIV protease inhibitor,CYP3A4|CYP3A5|CYP3A7,infectious disease,human immunodeficiency virus (HIV-1)
15994,indirubin,['10177'],['C1=CC=C2C(=C1)C(=C(N2)O)C3=NC4=CC=CC=C4C3=O'],Phase 2/Phase 3,CDK inhibitor|glycogen synthase kinase inhibitor,CDK1|CDK5|GSK3A,,
15995,indirubin-3-monoxime,['3707'],['O\\N=C1c2ccccc2NC/1=C1\\C(=O)Nc2ccccc12'],Preclinical,CDK inhibitor|glycogen synthase kinase inhibitor,CDK1|CDK2|CDK5|CDK5R1|GSK3B,,
15996,indole-3-carbinol,['3712'],['OCc1c[nH]c2ccccc12'],Phase 2/Phase 3,"aryl hydrocarbon receptor agonist|indoleamine 2,3-dioxygenase inhibitor",AHR,,
15997,indolophenanthridine,['58144'],['CN1Cc2ccccc2[C@H]3[C@H]1Cc4c[nH]c5cccc3c45'],,,,,
15998,indometacin,['3715'],['COc1ccc2n(C(=O)c3ccc(Cl)cc3)c(C)c(CC(=O)O)c2c1'],,,,,
15999,indoprofen,['3718'],['CC(C(O)=O)c1ccc(cc1)N1Cc2ccccc2C1=O'],Withdrawn,cyclooxygenase inhibitor|prostanoid receptor antagonist,CXCR1|CXCR2|PTGS1|PTGS2,,
16000,ingenol,['5225086'],['CC1CC2C(C3C=C(COC(=O)c4ccccc4)C(O)C4(O)C(OC(=O)c5ccccc5)C(C)=CC14C3=O)C2(C)C'],Launched,PKC activator,PRKCD|PRKCE,dermatology,keratosis
16001,inhibitor-BEC,['16760312'],['N[C@H](CSCCB(O)O)C(=O)O'],,,,,
16002,iniparib,['9796068'],['NC(=O)c1ccc(I)c(c1)[N+]([O-])=O'],Phase 3,PARP inhibitor,PARP1,,
16003,iobenguane,['2759362'],['NC(=N)NCc1cccc(I)c1'],Launched,antineoplastic agent,,oncology|cardiology|endocrinology,neuroblastoma|congestive heart failure|pheochromocytoma
16004,iocetamic-acid,['76964490'],['CC(CN(C(C)=O)c1c(I)cc(I)c(N)c1I)C(O)=O'],Launched,radiopaque medium,,radiology,contrast agent
16005,iodixanol,['3724'],['CC(=O)N(CC(O)CN(C(C)=O)c1c(I)c(C(=O)NCC(O)CO)c(I)c(C(=O)NCC(O)CO)c1I)c1c(I)c(C(=O)NCC(O)CO)c(I)c(C(=O)NCC(O)CO)c1I'],Launched,radiopaque medium,,radiology,contrast agent
16006,iodoacetic-acid,['5240'],['OC(=O)CI'],,,,,
16007,iodophenpropit,['3035746'],['Ic1ccc(CCNC(=N)SCCCc2c[nH]cn2)cc1'],Preclinical,histamine receptor antagonist,HRH3|HRH4,,
16008,iohexol,['3730'],['CC(=O)N(CC(O)CO)c1c(I)c(C(=O)NCC(O)CO)c(I)c(C(=O)NCC(O)CO)c1I'],Launched,radiopaque medium,,radiology,contrast agent
16009,ionomycin,['73652146'],['CCC[C@@H](C)C[C@H](C)C[C@H](C)C(=O)CC(=O)[C@H](C)C[C@H](C)C\\C=C\\[C@@H](C)[C@@H](O)[C@@H](C)[C@@H](O)C[C@@H]1CC[C@](C)(O1)C1CC[C@](C)(O1)[C@@H](C)O'],,,,,
16010,iopamidol,['65492'],['C[C@H](O)C(=O)Nc1c(I)c(C(=O)NC(CO)CO)c(I)c(C(=O)NC(CO)CO)c1I'],Launched,radiopaque medium,,radiology,contrast agent
16011,iopanoic-acid,['3735'],['CCC(Cc1c(I)cc(I)c(N)c1I)C(=O)O'],,,,,
16012,iopromide,['3736'],['COCC(=O)Nc1c(I)c(C(=O)NCC(O)CO)c(I)c(C(=O)N(C)CC(O)CO)c1I'],Launched,radiopaque medium,,radiology,contrast agent
16013,ioversol,['3741'],['OCCN(C(=O)CO)c1c(I)c(C(=O)NCC(O)CO)c(I)c(C(=O)NCC(O)CO)c1I'],Launched,radiopaque medium,,radiology,contrast agent
16014,ioxaglic-acid,['3742'],['CNC(=O)c1c(I)c(N(C)C(C)=O)c(I)c(C(=O)NCC(=O)Nc2c(I)c(C(O)=O)c(I)c(C(=O)NCCO)c2I)c1I'],Launched,radiopaque medium,,radiology,contrast agent
16015,ipidacrine,['604519'],['Nc1c2CCCc2nc2CCCCc12'],Phase 3,acetylcholinesterase inhibitor,ACHE,,
16016,ipratropium,['5702074'],['CC(C)[N+]1([C@@H]2CCC1CC(C2)OC(=O)C(CO)C3=CC=CC=C3)C'],Launched,acetylcholine receptor antagonist,CHRM1|CHRM2|CHRM3|CHRM4|CHRM5,pulmonary,bronchospasm|chronic obstructive pulmonary disease (COPD)|bronchitis|emphysema
16017,ipriflavone,['3747'],['CC(C)Oc1ccc2c(c1)occ(-c1ccccc1)c2=O'],Launched,bone resorption inhibitor,,orthopedics,osteoporosis
16018,iproniazid,['9367'],['CC(C)NNC(=O)c1ccncc1'],Withdrawn,monoamine oxidase inhibitor,MAOA|MAOB,,
16019,ipsapirone,['56971'],['O=C1N(CCCCN2CCN(CC2)c2ncccn2)S(=O)(=O)c2ccccc12'],Phase 3,serotonin receptor agonist,HTR1A,,
16020,irbesartan,['3749'],['CCCCC1=NC2(CCCC2)C(=O)N1Cc1ccc(cc1)-c1ccccc1-c1nnn[nH]1'],Launched,angiotensin receptor antagonist,AGTR1|JUN|SLC10A1,cardiology|nephrology,hypertension|diabetic nephropathy
16021,iriflophenone,['6710752'],['COc1cc(OC)c(C(=O)c2ccc(O)cc2)c(OC)c1'],,,,,
16022,irilin-a,['6710754'],['COc1ccccc1c2coc3cc(OC)c(OC)c(OC)c3c2=O'],,,,,
16023,irinotecan,['60838'],['CCc1c2Cn3c(cc4c(COC(=O)[C@]4(O)CC)c3=O)-c2nc2ccc(OC(=O)N3CCC(CC3)N3CCCCC3)cc12'],Launched,topoisomerase inhibitor,TOP1|TOP1MT,oncology,colorectal cancer
16024,irsogladine,['5282435'],['Nc1nc(N)nc(n1)-c1cc(Cl)ccc1Cl'],Launched,phosphodiesterase inhibitor,PDE4A,gastroenterology,peptic ulcer disease (PUD)
16025,isamoltane,['127404'],['CC(C)NCC(O)COc1ccccc1-n1cccc1'],Phase 1,adrenergic receptor antagonist,HTR1A|HTR1B,,
16026,iso-olomoucine,['512292'],['Cn1cnc2nc(NCCO)nc(NCc3ccccc3)c12'],,,,,
16027,isocarboxazid,['3759'],['Cc1cc(no1)C(=O)NNCc1ccccc1'],Launched,monoamine oxidase inhibitor,MAOA|MAOB,neurology/psychiatry,depression
16028,isoeugenol,['5318562'],['Cc1cc(=O)c2c(O)cc(O)c(C)c2o1'],,,,,
16029,isoflupredone,['51397657'],['CC(=O)OCC(=O)[C@@]1(O)CC[C@H]2[C@H]3CCC4=CC(=O)C=C[C@]4(C)[C@@]3(F)[C@@H](O)C[C@]12C'],,,,,
16030,isoflupredone-acetate,['224246'],['CC(=O)OCC(=O)[C@@]1(O)CC[C@H]2[C@@H]3CCC4=CC(=O)C=C[C@]4(C)[C@@]3(F)[C@@H](O)C[C@]12C'],Preclinical,,NR3C1,,
16031,isogedunin,['6708584'],['CC(=O)O[C@@H]1CC2C(C)(C)C=CC(=O)[C@]2(C)C3CC[C@@]4(C)[C@@H](OC(=O)C5OC54[C@]13C)c6ccoc6'],,,,,
16032,isoliquiritigenin,['638278'],['Oc1ccc(cc1)\\C=C\\C(=O)c1ccc(O)cc1O'],Preclinical,guanylate cyclase activator,GABBR1,,
16033,isometheptene,['45105106'],['CNC(C)CCC=C(C)C.CNC(C)CCC=C(C)C.OC(C(O)C(O)C(=O)O)C(O)C(=O)O'],,,,,
16034,isoniazid,['3767'],['NNC(=O)c1ccncc1'],Launched,FABI inhibitor,CYP1A2|CYP2C19|CYP2C8|CYP2E1|CYP3A4,infectious disease,tuberculosis
16035,isonicotinamide,['15074'],['NC(=O)c1ccncc1'],,,,,
16036,isonicotinohydroxamic-acid,['72967'],['ONC(=O)c1ccncc1'],,,,,
16037,isoprenaline,['656783'],['CC(C)NC[C@H](O)c1ccc(O)c(O)c1'],Launched,adrenergic receptor agonist,ADRB1|ADRB2|ADRB3,cardiology|pulmonary,bradycardia|heart block|asthma
16038,isoquercetin,['5280804'],['OC[C@H]1O[C@@H](Oc2c(oc3cc(O)cc(O)c3c2=O)c4ccc(O)c(O)c4)[C@H](O)[C@@H](O)[C@@H]1O'],,,,,
16039,isoreserpine,['5701996'],['CO[C@H]1[C@@H](C[C@@H]2CN3CCc4c([nH]c5cc(OC)ccc45)[C@@H]3C[C@@H]2[C@@H]1C(=O)OC)OC(=O)c6cc(OC)c(OC)c(OC)c6'],,,,,
16040,isorotenone,['6453092'],['COc1cc2OC[C@H]3Oc4c(ccc5oc(cc45)C(C)C)C(=O)[C@H]3c2cc1OC'],,,,,
16041,isosalsoline,['46697'],['COc1cc2CCNC(C)c2cc1O'],,,,,
16042,isosorbide,"['13019152', '27661']","['O[C@H]1CO[C@@H]2[C@@H](CO[C@H]12)O[N+]([O-])=O', '[O-][N+](=O)O[C@@H]1CO[C@H]2[C@H](CO[C@H]12)O[N+]([O-])=O']",Launched,nitric oxide stimulant,,cardiology,angina pectoris|coronary artery disease (CAD)
16043,isosorbide-mononitrate,[],[],Launched,nitric oxide stimulant,GUCY1A2|GUCY1A3|GUCY1B2|GUCY1B3,cardiology,angina pectoris|coronary artery disease (CAD)
16044,isotretinoin,['5282379'],['CC(/C=C/C1=C(C)CCCC1(C)C)=C\\C=C\\C(C)=C/C(O)=O'],Launched,retinoid receptor agonist,RARA|RARB|RARG,dermatology,acne vulgaris (AV)
16045,isoxicam,['54677972'],['CN1C(C(=O)Nc2cc(C)on2)C(=O)c2ccccc2S1(=O)=O'],Withdrawn,cyclooxygenase inhibitor,PTGS1|PTGS2,,
16046,isoxsuprine,['11368'],['CC(COC1=CC=CC=C1)NC(C)C(C2=CC=C(C=C2)O)O.Cl'],Launched,adrenergic receptor agonist,ADRB2,rheumatology|cardiology,Raynaud's disease|arteriosclerosis|Buerger's disease
16047,ispinesib,['6851740'],['CC(C)[C@@H](N(CCCN)C(=O)c1ccc(C)cc1)c1nc2cc(Cl)ccc2c(=O)n1Cc1ccccc1'],Phase 2,kinesin inhibitor,KIF11,,
16048,isradipine,['3784'],['CC1=C(C(C(=C(N1)C)C(=O)OC(C)C)C2=CC=CC3=NON=C32)C(=O)OC'],Launched,calcium channel blocker,CACNA1D|CACNA1F|CACNA2D1,cardiology,hypertension
16049,itdac-1,['3785'],['ONC(=O)CCCN1C(=O)c2cccc3cccc(C1=O)c23'],,,,,
16050,itopride,['129791'],['COc1ccc(cc1OC)C(=O)NCc1ccc(OCCN(C)C)cc1'],Launched,dopamine receptor antagonist,CHRM3|DRD2,gastroenterology|neurology/psychiatry,dyspepsia|gastroparesis|heartburn|nausea|vomiting|anorexia
16051,itraconazole,['3793'],['CCC(C)n1ncn(c2ccc(cc2)N3CCN(CC3)c4ccc(OCC5COC(Cn6cncn6)(O5)c7ccc(Cl)cc7Cl)cc4)c1=O'],Launched,cytochrome P450 inhibitor,,infectious disease,onychomycosis|histoplasmosis|blastomycosis|aspergillosis
16052,ivachtin,['11201705'],['CC(=O)OCCN1C(=O)c2c(C1=O)c3cc(ccc3nc2C)S(=O)(=O)N4CCOCC4'],,,,,
16053,ivermectin,"['3085416', '45114068']","['CCC(C)[C@H]1O[C@]2(CC[C@@H]1C)C[C@@H]1C[C@@H](C\\C=C(C)\\[C@@H](OC3C[C@H](OC)C(O[C@H]4C[C@H](OC)[C@@H](O)[C@H](C)O4)[C@H](C)O3)[C@@H](C)\\C=C\\C=C3/CO[C@@H]4[C@H](O)C(C)=C[C@@H](C(=O)O1)[C@]34O)O2', 'CC[C@H](C)[C@H]1O[C@]2(CC[C@@H]1C)C[C@@H]3C[C@@H](CC=C(C)[C@@H](O[C@H]4C[C@H](OC)[C@@H](O[C@H]5C[C@H](OC)[C@@H](O)[C@H](C)O5)[C@H](C)O4)[C@@H](C)C=CC=C6CO[C@@H]7[C@H](O)C(=C[C@@H](C(=O)O3)[C@@]76O)C)O2']",Launched,benzodiazepine receptor agonist,CHRNA7|P2RX7,infectious disease,gastrointestinal roundworms|lungworms|cattle grubs|mites|lice|horn flies
16054,ixazomib,['25183872'],['CC(C)C[C@H](NC(=O)CNC(=O)c1cc(Cl)ccc1Cl)B(O)O'],Launched,proteasome inhibitor,,hematologic malignancy,multiple myeloma
16055,josamycin,['23581794'],['CO[C@H]1[C@@H](CC(=O)O[C@H](C)CC=CC=C[C@H](O)[C@H](C)C[C@H](CC=O)[C@@H]1O[C@@H]2O[C@H](C)[C@@H](O[C@H]3C[C@@](C)(OC(=O)CC(C)C)[C@@H](O)[C@H](C)O3)[C@@H]([C@H]2O)N(C)C)OC(=O)C'],Launched,bacterial 50S ribosomal subunit inhibitor,,pulmonary,bronchitis
16056,kaempferol,['5280863'],['Oc1ccc(cc1)-c1oc2cc(O)cc(O)c2c(=O)c1O'],Preclinical,bone resorption inhibitor|estrogen-related receptor inverse agonist,AKR1B1|ALOX15B|ALOX5|AR|CYP1B1|GLO1|HSD17B1|UGT3A1,,
16057,kanamycin,['6032'],['NC[C@H]1O[C@H](O[C@@H]2[C@@H](N)C[C@@H](N)[C@H](O[C@H]3O[C@H](CO)[C@@H](O)[C@H](N)[C@H]3O)[C@H]2O)[C@H](O)[C@@H](O)[C@@H]1O'],Launched,bacterial 30S ribosomal subunit inhibitor,,infectious disease,gram-negative bacterial infections
16058,karakoline,['441742'],['CCN1C[C@]2(C)CC[C@H](O)[C@]3([C@@H]4C[C@H]5C(O)[C@@H]4[C@](O)(C[C@@H]5OC)[C@H]6C[C@@H]32)C61'],,,,,
16059,kavain,['5369129'],['COC1=CC(=O)OC(C1)/C=C/c2ccccc2'],,,,,
16060,kawain,['5281565'],['COC1=CC(=O)O[C@H](C1)/C=C/c2ccccc2'],,,,,
16061,kenpaullone,['3820'],['Brc1ccc2[nH]c-3c(CC(=O)Nc4ccccc-34)c2c1'],Preclinical,CDK inhibitor|glycogen synthase kinase inhibitor,CCNB1|CDK1|CDK5|GSK3B,,
16062,kepone,['299'],['ClC1(C(=O)C2(Cl)C3(Cl)C14Cl)C5(Cl)C2(Cl)C3(Cl)C(Cl)(Cl)C45Cl'],,,,,
16063,ketanserin,['44246718'],['Fc1ccc(cc1)C(=O)C1CCN(CCn2c(=O)[nH]c3ccccc3c2=O)CC1'],Launched,serotonin receptor antagonist,ADRA1A|ADRA1B|ADRA1D|DRD1|DRD5|HTR1A|HTR1B|HTR1D|HTR2A|HTR2B|HTR2C|HTR5A|HTR7|SLC18A1|SLC18A2,cardiology,hypertension
16064,ketocholesterol,['12791166'],['CC(C)CCCC(C)[C@H]1CC[C@H]2[C@H]3[C@H](CC[C@]12C)[C@@]1(C)CC[C@H](O)CC1=CC3=O'],,,,,
16065,ketoconazole,"['3823', '456201']","['CC(=O)N1CCN(CC1)c1ccc(OC[C@H]2CO[C@@](Cn3ccnc3)(O2)c2ccc(Cl)cc2Cl)cc1', 'CC(=O)N1CCN(CC1)c2ccc(OCC3COC(Cn4ccnc4)(O3)c5ccc(Cl)cc5Cl)cc2']",Launched,sterol demethylase inhibitor,KCNA10,dermatology,seborrheic dermatitis
16066,ketoprofen,['3825'],['CC(C(O)=O)c1cccc(c1)C(=O)c1ccccc1'],Launched,cyclooxygenase inhibitor,PTGS1|PTGS2|SLC5A8,rheumatology,rheumatoid arthritis|osteoarthritis
16067,ketorolac,['3826'],['OC(=O)C1CCn2c1ccc2C(=O)c1ccccc1'],Launched,cyclooxygenase inhibitor,PTGS1|PTGS2,neurology/psychiatry,pain relief
16068,ketotifen,['3827'],['CN1CCC(CC1)=C1c2ccsc2C(=O)Cc2ccccc12'],Launched,histamine receptor agonist|leukotriene receptor antagonist|phosphodiesterase inhibitor,HRH1,neurology/psychiatry,itching
16069,khellin,['3828'],['COc1c2ccoc2c(OC)c2oc(C)cc(=O)c12'],Phase 2,vasodilator,,,
16070,kinetin,['3830'],['C(Nc1ncnc2[nH]cnc12)c1ccco1'],Launched,cell division inducer,,dermatology,sunburn
16071,kinetin-riboside,['20345'],['OC[C@H]1O[C@H]([C@H](O)[C@@H]1O)n2cnc3c(NCc4ccco4)ncnc23'],,,,,
16072,kitasamycin,['44634697'],['CO[C@H]1[C@@H](CC(=O)O[C@H](C)C\\C=C/C=C/[C@H](O)[C@H](C)C[C@H](CC=O)[C@@H]1O[C@@H]1O[C@H](C)[C@@H](O[C@H]2C[C@@](C)(OC(=O)CC(C)C)[C@@H](O)[C@H](C)O2)[C@@H]([C@H]1O)N(C)C)OC(C)=O'],,,,,
16073,kynuramine,['4990100'],['NCC(N)C(=O)c1ccccc1'],,,,,
16074,l-buthionine-sulfoximine,['21157'],['CCCCS(=N)(=O)CCC(N)C(=O)O'],,,,,
16075,labetalol,['134044'],['C[C@H](CCC1=CC=CC=C1)NC[C@@H](C2=CC(=C(C=C2)O)C(=O)N)O'],Launched,adrenergic receptor antagonist,ADRA1D|ADRB1|ADRB2,cardiology,hypertension
16076,lacidipine,['5311217'],['CCOC(=O)C1=C(NC(=C(C1C2=CC=CC=C2/C=C/C(=O)OC(C)(C)C)C(=O)OCC)C)C'],Launched,calcium channel blocker,CACNA1C,cardiology,hypertension
16077,lactotensin,['18496254'],['CCC(C)C(NC(=O)C(N)Cc1c[nH]cn1)C(=O)NC(CCCNC(N)=N)C(=O)NC(CC(C)C)C(O)=O'],,,,,
16078,lamivudine,['60825'],['Nc1ccn([C@@H]2CS[C@H](CO)O2)c(=O)n1'],Launched,nucleoside reverse transcriptase inhibitor,,infectious disease,human immunodeficiency virus (HIV-1)|acquired immunodeficiency syndrome (AIDS)|hepatitis B
16079,lamotrigine,['3878'],['Nc1nnc(c(N)n1)-c1cccc(Cl)c1Cl'],Launched,serotonin receptor antagonist|sodium channel blocker,SCN10A|SCN11A|SCN1A|SCN2A|SCN3A|SCN4A|SCN5A|SCN7A|SCN8A|SCN9A,neurology/psychiatry,epilepsy|bipolar disorder
16080,lanatoside-c,['73707447'],['C[C@@H]1[C@H]([C@H](C[C@@H](O1)O[C@H]2CC[C@]3([C@H](C2)CC[C@H]4[C@@H]3C[C@H]([C@]5([C@@]4(CC[C@@H]5C6=CC(=O)OC6)O)C)O)C)O)O[C@H]7C[C@@H]([C@@H]([C@H](O7)C)O[C@H]8C[C@@H]([C@@H]([C@H](O8)C)O[C@H]9[C@@H]([C@H]([C@@H]([C@H](O9)CO)O)O)O)OC(=O)C)O'],,,,,
16081,lansoprazole,['3883'],['Cc1c(OCC(F)(F)F)ccnc1CS(=O)c1nc2ccccc2[nH]1'],Launched,ATPase inhibitor,ATP4A|ATP4B,gastroenterology,heartburn
16082,lapatinib,['208908'],['CS(=O)(=O)CCNCc1ccc(o1)-c1ccc2ncnc(Nc3ccc(OCc4cccc(F)c4)c(Cl)c3)c2c1'],Launched,EGFR inhibitor,EGFR|ERBB2,oncology,breast cancer
16083,larixinic-acid,['8369'],['Cc1occc(=O)c1O'],,,,,
16084,lasalocid,['6426773'],['CC[C@H]([C@@H]1[C@H](C[C@@](O1)(CC)[C@H]2CC[C@@]([C@@H](O2)C)(CC)O)C)C(=O)[C@@H](C)[C@H]([C@H](C)CCC3=C(C(=C(C=C3)C)O)C(=O)[O-])O.[Na+]'],Launched,bacterial permeability inducer,,infectious disease,coccidiosis
16085,latamoxef,['5488645'],['CO[C@]1(NC(=O)[C@H](C(O)=O)c2ccc(O)cc2)[C@H]2OCC(CSc3nnnn3C)=C(N2C1=O)C(O)=O'],,,,,
16086,latanoprost,['5311221'],['CC(C)OC(=O)CCC\\C=C/C[C@H]1[C@@H](O)C[C@@H](O)[C@@H]1CC[C@@H](O)CCc1ccccc1'],Launched,prostanoid receptor agonist,PTGFR,ophthalmology,ocular hypertension|glaucoma
16087,latrepirdine,['197033'],['CN1CCc2c(C1)c1cc(C)ccc1n2CCc1ccc(C)nc1'],Phase 3,glutamate receptor antagonist,HRH1|HTR6,,
16088,latrunculin-b,['6436219'],['C[C@H]1CC[C@@H]2C[C@H](C[C@@](O)(O2)C2CSC(=O)N2)OC(=O)\\C=C(C)/CC\\C=C/1'],,,,,
16089,laudanosine,['15548'],['COc1ccc(CC2N(C)CCc3cc(OC)c(OC)cc23)cc1OC'],,,,,
16090,lavendustin-a,['3894'],['OC(=O)c1cc(ccc1O)N(Cc2ccccc2O)Cc3cc(O)ccc3O'],,,,,
16091,lavendustin-c,['3896'],['OC(=O)c1cc(NCc2cc(O)ccc2O)ccc1O'],,,,,
16092,lawsone,['10125107'],['O=C1CC(=O)c2ccccc2C1=O'],,,,,
16093,leflunomide,['3899'],['Cc1oncc1C(=O)Nc1ccc(cc1)C(F)(F)F'],Launched,dihydroorotate dehydrogenase inhibitor|PDGFR tyrosine kinase receptor inhibitor,AHR|DHODH|PTK2B,rheumatology,rheumatoid arthritis
16094,lenalidomide,['216326'],['C1CC(=O)NC(=O)C1N2CC3=C(C2=O)C=CC=C3N'],Launched,anticancer agent,TNF,hematologic malignancy,multiple myeloma|mantle cell lymphoma (MCL)|myelodysplastic diseases (MDS)
16095,leoidin,['3310692'],['COC(=O)c1c(C)c2Oc3c(Cl)c(OC)c(Cl)c(C)c3C(=O)Oc2c(C)c1OC'],,,,,
16096,lestaurtinib,['126565'],['C[C@]12O[C@H](C[C@]1(O)CO)n1c3ccccc3c3c4C(=O)NCc4c4c5ccccc5n2c4c13'],Phase 3,FLT3 inhibitor|growth factor receptor inhibitor|JAK inhibitor,FLT3|NTRK1,,
16097,letrozole,['3902'],['N#Cc1ccc(cc1)C(c1ccc(cc1)C#N)n1cncn1'],Launched,aromatase inhibitor,CYP19A1,oncology,breast cancer
16098,leu-enkephalin,['461776'],['CC(C)CC(NC(=O)C(Cc1ccccc1)NC(=O)CNC(=O)CNC(=O)C(N)Cc2ccc(O)cc2)C(=O)O'],,,,,
16099,leucodin,['167683'],['C[C@H]1[C@@H]2CCC(=C3[C@@H]([C@H]2OC1=O)C(=CC3=O)C)C'],,,,,
16100,leucovorin,['6006'],['Nc1nc(=O)c2N(C=O)C(CNc3ccc(cc3)C(=O)N[C@@H](CCC(O)=O)C(O)=O)CNc2[nH]1'],Launched,folate receptor ligand,,oncology,osteosarcoma
16101,levalbuterol,['123600'],['CC(C)(C)NC[C@H](O)c1ccc(O)c(CO)c1'],Launched,adrenergic receptor agonist,ADRB2,pulmonary,bronchospasm
16102,levcromakalim,['93504'],['CC1(C)Oc2ccc(cc2[C@H]([C@@H]1O)N1CCCC1=O)C#N'],Phase 3,potassium channel activator,KCNJ5,,
16103,levetiracetam,['5284583'],['CC[C@H](N1CCCC1=O)C(N)=O'],Launched,calcium channel blocker,CACNA1B|SCN1A|SV2A,neurology/psychiatry,seizures
16104,levisoprenaline,['6852409'],['CC(C)NC[C@@H](O)c1ccc(O)c(O)c1'],,,,,
16105,levobunolol,['5460339'],['CC(C)(C)NC[C@@H](O)COc1cccc2C(=O)CCCc12'],Launched,adrenergic receptor antagonist,ADRB1|ADRB2|ADRB3,ophthalmology,glaucoma|ocular hypertension
16106,levocabastine,['54385'],['C[C@@H]1CN(CC[C@]1(C(O)=O)c1ccccc1)[C@H]1CC[C@](CC1)(C#N)c1ccc(F)cc1'],Launched,histamine receptor antagonist,HRH1|NTSR2,ophthalmology,conjunctivitis
16107,levocetirizine,['1549000'],['OC(=O)COCCN1CCN(CC1)[C@H](c1ccccc1)c1ccc(Cl)cc1'],Launched,histamine receptor antagonist,HRH1,allergy,allergic rhinitis|urticaria
16108,levodopa,['6047'],['N[C@@H](Cc1ccc(O)c(O)c1)C(O)=O'],Launched,dopamine precursor,DRD1|DRD2|DRD3|DRD4|DRD5|GPR143,neurology/psychiatry,Parkinson's Disease
16109,levofloxacin,['149096'],['C[C@H]1COc2c(N3CCN(C)CC3)c(F)cc3c2n1cc(C(O)=O)c3=O'],Launched,bacterial DNA gyrase inhibitor,TOP2A,infectious disease|otolaryngology|pulmonary|urology,pneumonia|sinusitis|bronchitis|skin infections|prostatitis|urinary tract infections|pyelonephritis|anthrax|plague
16110,levomepromazine,['45479743'],['COc1ccc2Sc3ccccc3N(C[C@H](C)CN(C)C)c2c1'],Launched,dopamine receptor antagonist,ADRA1A|ADRA1B|ADRA1D|ADRA2A|ADRA2B|ADRA2C|CHRM1|CHRM2|CHRM3|CHRM4|CHRM5|DRD1|DRD2|DRD3|DRD4|DRD5|HRH1|HTR2A|HTR2C,neurology/psychiatry|gastroenterology,psychosis|schizophrenia|bipolar disorder|nausea|insomnia
16111,levonorgestrel,['13109'],['CC[C@]12CC[C@H]3[C@H]([C@@H]1CC[C@]2(C#C)O)CCC4=CC(=O)CC[C@H]34'],Launched,estrogen receptor agonist|glucocorticoid receptor antagonist|progesterone receptor agonist|progesterone receptor antagonist,PGR,endocrinology,contraceptive
16112,levopropoxyphene,['45479733'],['CCC(=O)OC(Cc1ccccc1)(C(C)CN(C)C)c1ccccc1'],Launched,antitussive,,pulmonary,cough suppressant
16113,levosulpiride,['688272'],['CCN1CCC[C@H]1CNC(=O)c1cc(ccc1OC)S(N)(=O)=O'],Launched,dopamine receptor antagonist,CA1|CA12|CA7|DRD2|DRD3,neurology/psychiatry|gastroenterology|urology,schizophrenia|psychosis|anxiety|vertigo|dyspepsia|irritable bowel syndrome|premature ejaculation (PE)
16114,levothyroxine,['5819'],['N[C@@H](Cc1cc(I)c(Oc2cc(I)c(O)c(I)c2)c(I)c1)C(O)=O'],Launched,thyroid hormone stimulant,THRA|THRB,endocrinology,myxedema coma
16115,licochalcone-a,['5318998'],['COc1cc(O)c(cc1/C=C/C(=O)c2ccc(O)cc2)C(C)(C)C=C'],,,,,
16116,lidocaine,['3676'],['CCN(CC)CC(=O)Nc1c(C)cccc1C'],Launched,histamine receptor agonist,EGFR|SCN10A|SCN5A|SCN9A,neurology/psychiatry|dermatology|hematology,itching|eczema|hemorrhage
16117,lidoflazine,['3926'],['Cc1cccc(C)c1NC(=O)CN1CCN(CCCC(c2ccc(F)cc2)c2ccc(F)cc2)CC1'],Launched,calcium channel blocker,SCN1A|SCN3A|SLC29A1,cardiology,coronary artery disease (CAD)
16118,limonin,['179651'],['CC1(C)O[C@H]2CC(=O)OC[C@@]23[C@H]1CC(=O)[C@]4(C)[C@@H]3CC[C@@]5(C)[C@@H](OC(=O)[C@H]6O[C@]654)c7ccoc7'],Preclinical,HIV protease inhibitor,,,
16119,lincomycin,['3000540'],['CCC[C@@H]1C[C@H](N(C)C1)C(=O)N[C@H]([C@@H](C)O)[C@H]1O[C@H](SC)[C@H](O)[C@@H](O)[C@H]1O'],Launched,bacterial 30S ribosomal subunit inhibitor,,gastroenterology,enteritis
16120,linezolid,['441401'],['CC(=O)NC[C@H]1CN(C(=O)O1)c1ccc(N2CCOCC2)c(F)c1'],Launched,bacterial 50S ribosomal subunit inhibitor,MAOA|MAOB,infectious disease,pneumonia|skin infections
16121,linifanib,['11485656'],['Cc1ccc(F)c(NC(=O)Nc2ccc(cc2)-c2cccc3[nH]nc(N)c23)c1'],Phase 3,PDGFR tyrosine kinase receptor inhibitor|VEGFR inhibitor,CSF1|CSF1R|FLT1|FLT3|FLT4|KDR|KIT|PDGFRB|RET|TEK,,
16122,linoleamide,['6435901'],['CCCCC/C=C\\C/C=C\\CCCCCCCC(=O)N'],,,,,
16123,linoleic-acid,['5280450'],['CCCCC/C=C\\C/C=C\\CCCCCCCC(=O)O'],Phase 3,oxidative stress inducer,FABP4|FFAR1|FFAR4|HNF4A|KCNB1|PPARG|TRPM8,,
16124,linopirdine,['3932'],['O=C1N(c2ccccc2C1(Cc1ccncc1)Cc1ccncc1)c1ccccc1'],Phase 3,potassium channel blocker,KCNQ2|KCNQ3|KCNQ4|KCNQ5,,
16125,linsitinib,['11640390'],['CC1(CC(C1)C2=NC(=C3N2C=CN=C3N)C4=CC5=C(C=C4)C=CC(=N5)C6=CC=CC=C6)O'],Phase 3,IGF-1 inhibitor,IGF1R|INSR|INSRR,,
16126,liothyronine,['5920'],['N[C@@H](Cc1cc(I)c(Oc2ccc(O)c(I)c2)c(I)c1)C(O)=O'],Launched,thyroid hormone stimulant,THRA|THRB,endocrinology,hypothyroidism|myxedema coma
16127,liquiritigenin,['114829'],['COc1ccc(cc1)C2CC(=O)c3ccc(OC)cc3O2'],,,,,
16128,lisinopril,['5362119'],['NCCCC[C@H](N[C@@H](CCc1ccccc1)C(O)=O)C(=O)N1CCC[C@H]1C(O)=O'],Launched,angiotensin converting enzyme inhibitor,ACE|ACE2,cardiology|endocrinology,hypertension|congestive heart failure|diabetes mellitus
16129,lisuride,['11957615'],['CCN(CC)C(=O)N[C@H]1CN(C)[C@@H]2Cc3c[nH]c4cccc(C2=C1)c34'],Launched,dopamine receptor agonist,ADRA1A|ADRA2A|ADRA2B|ADRA2C|DRD1|DRD2|DRD3|DRD4|DRD5|HTR1A|HTR1B|HTR1D|HTR2A|HTR2B|HTR2C|HTR6,neurology/psychiatry,Parkinson's Disease
16130,lithium-chloride,['6610281'],['[Li].Cl'],,,,,
16131,lithocholic-acid,['9903'],['C[C@H](CCC(=O)O)[C@H]1CC[C@@H]2[C@@]1(CC[C@H]3[C@H]2CC[C@H]4[C@@]3(CC[C@H](C4)O)C)C'],Preclinical,FXR antagonist|vitamin D receptor agonist,GPBAR1|NR1H4|NR1I2|VDR,,
16132,lobaric-acid,['73157'],['CCCCCc1c(C(=O)O)c(O)cc2OC(=O)c3c(cc(OC)cc3Oc12)C(=O)CCCC'],,,,,
16133,lobelanidine,['96946'],['CN1C(CC(O)c2ccccc2)CCCC1CC(O)c3ccccc3'],,,,,
16134,lobeline,['101615'],['CN1[C@H](C[C@H](O)c2ccccc2)CCC[C@@H]1CC(=O)c1ccccc1'],Launched,acetylcholine receptor antagonist,CHRNA10|CHRNA9|SLC18A2,neurology/psychiatry,smoking cessation
16135,lobendazole,['22752'],['CCOC(=O)Nc1nc2ccccc2[nH]1'],Preclinical,anthelmintic agent,,,
16136,lofepramine,['33611'],['CN(CCCN1c2ccccc2CCc2ccccc12)CC(=O)c1ccc(Cl)cc1'],Launched,norepinephrine reuptake inhibitor|serotonin–norepinephrine reuptake inhibitor (SNRI),HTR1A|SLC6A2|SLC6A4,neurology/psychiatry,depression
16137,lofexidine,['30667'],['CC(Oc1c(Cl)cccc1Cl)C1=NCCN1'],Launched,adrenergic receptor agonist,,neurology/psychiatry,opioid withdrawal
16138,lomatin,['600670'],['CC1(C)Oc2ccc3ccc(=O)oc3c2CC1O'],,,,,
16139,lomefloxacin,['3948'],['CCn1cc(C(O)=O)c(=O)c2cc(F)c(N3CCNC(C)C3)c(F)c12'],Launched,bacterial DNA gyrase inhibitor,,infectious disease,respiratory tract infections|urinary tract infections
16140,lomerizine,['13579832'],['COc1ccc(CN2CCN(CC2)C(c2ccc(F)cc2)c2ccc(F)cc2)c(OC)c1OC'],Launched,calcium channel blocker,CACNA1B|SCN5A,neurology/psychiatry,migraine headache
16141,lomifylline,['65599'],['CC(=O)CCCCn1cnc2n(C)c(=O)n(C)c(=O)c12'],,,,,
16142,lonidamine,['39562'],['C1=CC=C2C(=C1)C(=NN2CC3=C(C=C(C=C3)Cl)Cl)C(=O)O'],Launched,glucokinase inhibitor,GCK,,
16143,loperamide,['71420'],['CN(C)C(=O)C(CCN1CCC(O)(CC1)c1ccc(Cl)cc1)(c1ccccc1)c1ccccc1'],Launched,opioid receptor agonist,CACNA1A|CALM1|OPRD1|OPRK1|OPRM1|POMC,gastroenterology,diarrhea
16144,lopinavir,['92727'],['CC(C)[C@H](N1CCCNC1=O)C(=O)N[C@H](C[C@H](O)[C@H](Cc1ccccc1)NC(=O)COc1c(C)cccc1C)Cc1ccccc1'],Launched,HIV protease inhibitor,,infectious disease,human immunodeficiency virus (HIV-1)
16145,loracarbef,['5284585'],['N[C@@H](C(=O)N[C@H]1[C@H]2CCC(Cl)=C(N2C1=O)C(O)=O)c1ccccc1'],Launched,bacterial cell wall synthesis inhibitor,,infectious disease|otolaryngology|pulmonary,ear infections|laryngitis|bronchitis|pneumonia|urinary tract infections|skin infections
16146,loratadine,['3957'],['CCOC(=O)N1CCC(CC1)=C1c2ccc(Cl)cc2CCc2cccnc12'],Launched,histamine receptor antagonist,HRH1,allergy|neurology/psychiatry,allergic rhinitis|itching
16147,lorazepam,['3958'],['OC1N=C(c2ccccc2Cl)c2cc(Cl)ccc2NC1=O'],,,,,
16148,loreclezole,['50988829'],['ClC(=Cn1cncn1)c2ccc(Cl)cc2Cl'],Phase 2,benzodiazepine receptor agonist,GABRB2|GABRB3,,
16149,lorglumide,['23681233'],['CCCCCN(CCCCC)C(=O)C(CCC(O)=O)NC(=O)c1ccc(Cl)c(Cl)c1'],Phase 1,CCK receptor antagonist,CCKAR|CCKBR,,
16150,losartan,['3961'],['CCCCC1=NC(=C(N1CC2=CC=C(C=C2)C3=CC=CC=C3C4=NNN=N4)CO)Cl'],Launched,angiotensin receptor antagonist,AGTR1,cardiology|nephrology,hypertension|diabetic nephropathy|hypertension
16151,loteprednol,['444025'],['CCOC(=O)O[C@@]1(CC[C@H]2[C@@H]3CCC4=CC(=O)C=C[C@]4(C)[C@H]3[C@@H](O)C[C@]12C)C(=O)OCCl'],Launched,glucocorticoid receptor agonist|phospholipase inhibitor,NR3C1,ophthalmology,conjunctivitis
16152,lovastatin,['53232'],['CC[C@H](C)C(=O)O[C@H]1C[C@H](C=C2[C@H]1[C@H]([C@H](C=C2)C)CC[C@@H]3C[C@H](CC(=O)O3)O)C'],Launched,HMGCR inhibitor,HDAC2|HMGCR|ITGAL|NR1I2,cardiology|endocrinology,coronary heart disease|myocardial infarction|hypercholesterolemia
16153,loxapine,['3964'],['CN1CCN(CC1)C1=Nc2ccccc2Oc2ccc(Cl)cc12'],Launched,dopamine receptor antagonist|serotonin receptor antagonist,ADRA1A|ADRA1B|ADRA2A|ADRA2B|ADRA2C|ADRB1|CHRM1|CHRM2|CHRM3|CHRM4|CHRM5|DRD1|DRD2|DRD3|DRD4|DRD5|HRH1|HRH2|HRH4|HTR1A|HTR1B|HTR1D|HTR1E|HTR2A|HTR2C|HTR3A|HTR5A|HTR6|HTR7|SLC6A2|SLC6A3|SLC6A4,neurology/psychiatry,schizophrenia
16154,loxoprofen,['23663407'],['CC(C(O)=O)c1ccc(CC2CCCC2=O)cc1'],Launched,cyclooxygenase inhibitor|prostanoid receptor antagonist,PTGS2,neurology/psychiatry,pain relief
16155,lumicolchicine,['244898'],['COC1=C[C@H]2[C@H](C3=C2c4c(OC)c(OC)c(OC)cc4CC[C@@H]3NC(=O)C)C1=O'],,,,,
16156,lupanine,['91471'],['O=C1CCCC2C3CC(CN12)[C@@H]1CCCCN1C3'],Phase 1,sodium channel blocker,INS,,
16157,luteolin,['5280445'],['Oc1cc(O)c2c(c1)oc(cc2=O)-c1ccc(O)c(O)c1'],Phase 2,glucosidase inhibitor,TOP1,,
16158,luzindole,['122162'],['CC(=O)NCCc1c(Cc2ccccc2)[nH]c2ccccc12'],Preclinical,melatonin receptor antagonist,MTNR1A|MTNR1B,,
16159,lylamine,['62034'],['CC(C)c1ccc2c(CC[C@H]3[C@](C)(CN)CCC[C@]23C)c1'],Preclinical,cannabinoid receptor agonist,CNR1,,
16160,lymecycline,['73707463'],['CN(C)[C@H]1[C@@H]2C[C@@H]3C(C(=O)c4c(O)cccc4[C@@]3(C)O)C(=O)[C@]2(O)C(=O)C(C(=O)NCNC(CCCCN)C(O)=O)C1=O'],Launched,bacterial 50S ribosomal subunit inhibitor,,dermatology,acne vulgaris (AV)
16161,lynestrenol,['73707508'],['C[C@]12CC[C@H]3[C@@H](CCC4=CCCC[C@H]34)[C@H]1CC[C@@]2(O)C#C'],Launched,progestogen hormone,,endocrinology,contraceptive
16162,lypressin,['644076'],['NCCCC[C@H](NC(=O)[C@@H]1CCCN1C(=O)[C@@H]1CSSC[C@H](N)C(=O)N[C@@H](Cc2ccc(O)cc2)C(=O)N[C@@H](Cc2ccccc2)C(=O)N[C@@H](CCC(N)=O)C(=O)N[C@@H](CC(N)=O)C(=O)N1)C(=O)NCC(N)=O'],Launched,vasopressin receptor agonist,AVPR1A|AVPR1B|AVPR2,endocrinology,central diabetes insipidus
16163,lysergol,['14987'],['CN1C[C@H](CO)C=C2[C@H]1Cc3c[nH]c4cccc2c34'],,,,,
16164,lysylphenylalanyl-tyrosine,['6710772'],['NCCCC[C@H](N)C(=O)N[C@@H](Cc1ccccc1)C(=O)N[C@@H](Cc2ccc(O)cc2)C(=O)O'],,,,,
16165,m-3M3FBS,['761523'],['Cc1cc(C)c(c(C)c1)S(=O)(=O)Nc1cccc(c1)C(F)(F)F'],Preclinical,phospholipase activator,PLCB2|PLCB3|PLCD1|PLCG1|PLCG2,,
16166,m-chlorophenylbiguanide,['2730228'],['NC(=N)NC(=N)Nc1cccc(Cl)c1'],Preclinical,serotonin receptor agonist,HTR3A|HTR3B,,
16167,maackiain,['91510'],['Oc1ccc2C3Oc4cc5OCOc5cc4C3COc2c1'],,,,,
16168,mafenide,['67313'],['NCc1ccc(cc1)S(N)(=O)=O'],Launched,carbonic anhydrase inhibitor,CA12|CA14|CA2|CA4|CA6|CA9,infectious disease,first-aid antibiotic|skin infections
16169,malonoben,['16759147'],['CC(C)(C)c1cc(C=C(C#N)[N+]#[C-])cc(c1O)C(C)(C)C'],,,,,
16170,mammea-a,['5748555'],['CC(C)CC(=O)c1c(O)c(CC=C(C)C)c(O)c2c(cc(=O)oc12)c3ccccc3'],,,,,
16171,mannitol,['453'],['OCC(O)C(O)C(O)C(O)CO'],,,,,
16172,manumycin-a,['73707404'],['CCCC[C@@H](C)/C=C(\\C)/C=C(\\C)/C(=O)NC1=C[C@]([C@H]2C(C1=O)O2)(/C=C/C=C/C=C/C(=O)NC3C(=O)CCC3=O)O'],,,,,
16173,maprotiline,['4011'],['CNCCCC12CCC(C3=CC=CC=C31)C4=CC=CC=C24'],Launched,norepinephrine reputake inhibitor|tricyclic antidepressant,SLC6A2,neurology/psychiatry,depression|dysthymic disorder
16174,maraviroc,['483407'],['CC(C)c1nnc(C)n1C1CC2CCC(C1)N2CC[C@H](NC(=O)C1CCC(F)(F)CC1)c1ccccc1'],Launched,CC chemokine receptor antagonist,CCR5,infectious disease,human immunodeficiency virus (HIV-1)
16175,marbofloxacin,['3726475'],['CN1CCN(CC1)c1c(F)cc2c3c1OCN(C)n3cc(C(O)=O)c2=O'],Launched,bacterial DNA gyrase inhibitor,,infectious disease,gram-negative bacterial infections
16176,marmesin,['334704'],['CC(C)(O)[C@@H]1Cc2cc3ccc(=O)oc3cc2O1'],,,,,
16177,masitinib,['10074640'],['CN1CCN(Cc2ccc(cc2)C(=O)Nc2ccc(C)c(Nc3nc(cs3)-c3cccnc3)c2)CC1'],Launched,KIT inhibitor|PDGFR tyrosine kinase receptor inhibitor|SRC inhibitor,FGFR3|KIT|PDGFRA|PDGFRB,dermatology,mastocytoma
16178,mead-acid,['5312531'],['CCCCCCCC/C=C\\C/C=C\\C/C=C\\CCCC(=O)O'],,,,,
16179,mead-ethanolamide,['16061185'],['CCCCCCCC/C=C\\C/C=C\\C/C=C\\CCCC(=O)NCCO'],,,,,
16180,mebendazole,['4030'],['COC(=O)Nc1nc2ccc(cc2[nH]1)C(=O)c1ccccc1'],Launched,tubulin polymerization inhibitor,TUBA1A|TUBB|TUBB4B,infectious disease,pinworm|whipworm|hookworm|ascariasis
16181,mebeverine,['4031'],['CCN(CCCCOC(=O)c1ccc(OC)c(OC)c1)C(C)Cc1ccc(OC)cc1'],Launched,acetylcholine receptor antagonist,CHRM1,gastroenterology,irritable bowel syndrome
16182,mebhydrolin,['73707357'],['CN1CCc2c(C1)c3ccccc3n2Cc4ccccc4.CN1CCc2c(C1)c3ccccc3n2Cc4ccccc4'],Launched,antihistamine,,allergy,allergic rhinitis|urticaria
16183,mecamylamine,['4032'],['CNC1(C)C2CCC(C2)C1(C)C'],Launched,acetylcholine receptor antagonist,CHRNA1|CHRNA2|CHRNA3|CHRNA4|CHRNA6|CHRNA7|CHRNB4,cardiology,hypertension
16184,mecillinam,['36273'],['CC1(C)S[C@@H]2[C@H](\\N=C\\N3CCCCCC3)C(=O)N2[C@H]1C(O)=O'],,,,,
16185,meclizine,['92303'],['Cc1cccc(CN2CCN(CC2)C(c2ccccc2)c2ccc(Cl)cc2)c1'],Launched,constitutive androstane receptor (CAR) agonist,NR1I3,gastroenterology|neurology/psychiatry,nausea|vomiting|motion sickness
16186,meclocycline,['54682932'],['CN(C)[C@H]1[C@@H]2[C@@H](O)C3C(C(=O)c4c(O)ccc(Cl)c4C3=C)C(=O)[C@]2(O)C(=O)C(C(=O)N)C1=O'],,,,,
16187,meclofenamic-acid,['23663959'],['Cc1ccc(Cl)c(Nc2ccccc2C(O)=O)c1Cl'],Launched,cyclooxygenase inhibitor|prostanoid receptor antagonist,ALOX5|CNR1|KCNQ2|KCNQ3|PTGS1|PTGS2,rheumatology|neurology/psychiatry|endocrinology,joint pain|muscle pain|rheumatoid arthritis|primary dysmenorrhea (PD)
16188,meclofenoxate,['4039'],['CN(C)CCOC(=O)COc1ccc(Cl)cc1'],Launched,nootropic agent,,neurology/psychiatry,senile dementia|Alzheimer's disease
16189,medetomidine,['68602'],['CC(c1cnc[nH]1)c2cccc(C)c2C'],Launched,adrenergic receptor agonist,ADRA1A|ADRA1B|ADRA1D|ADRA2A|ADRA2B|ADRA2C,neurology/psychiatry,sedative
16190,medroxyprogesterone,['10631'],['C[C@H]1C[C@@H]2[C@H](CC[C@]3([C@H]2CC[C@@]3(C(=O)C)O)C)[C@@]4(C1=CC(=O)CC4)C'],Launched,progesterone receptor agonist,PGR,endocrinology,contraceptive
16191,medrysone,['247839'],['C[C@H]1C[C@H]2[C@@H]3CC[C@@H]([C@]3(C[C@@H]([C@@H]2[C@@]4(C1=CC(=O)CC4)C)O)C)C(=O)C'],Launched,glucocorticoid receptor agonist,NR3C1,ophthalmology,conjunctivitis|episcleritis
16192,mefenamic-acid,['4044'],['Cc1cccc(Nc2ccccc2C(O)=O)c1C'],Launched,cyclooxygenase inhibitor,KCNQ1|PTGS1|PTGS2|TRPM3,endocrinology,primary dysmenorrhea (PD)
16193,mefexamide,['4045'],['CCN(CC)CCNC(=O)COc1ccc(OC)cc1'],Preclinical,psychoactive drug,,,
16194,mefloquine,['40692'],['C1CCN[C@H](C1)[C@H](C2=CC(=NC3=C2C=CC=C3C(F)(F)F)C(F)(F)F)O'],Launched,adenosine receptor antagonist|hemoglobin antagonist,,infectious disease,malaria
16195,megestrol,"['11872394', '73707408']","['CC(=O)O[C@@]1(CC[C@@H]2[C@H]3C=C(C)C4=CC(=O)CC[C@]4(C)[C@@H]3CC[C@]12C)C(C)=O', 'CC(=O)O[C@@]1(CC[C@H]2[C@@H]3C=C(C)C4=CC(=O)CC[C@]4(C)[C@H]3CC[C@]12C)C(C)=O', 'CC(=O)O[C@]1(CC[C@@H]2[C@H]3C=C(C)C4=CC(=O)CC[C@@]4(C)[C@@H]3CC[C@@]12C)C(C)=O']",Launched,progesterone receptor agonist,,oncology,breast cancer
16196,megestrol-acetate,['6710729'],['CC(=O)O[C@@]1(CCC2C3C=C(C)C4=CC(=O)CCC4(C)C3CCC12C)C(C)=O'],Launched,progesterone receptor agonist,NR3C1|PGR,neurology/psychiatry|endocrinology,anorexia|cachexia
16197,meglumine,['8567'],['CNC[C@H](O)[C@@H](O)[C@H](O)[C@H](O)CO'],Launched,excipient,,,
16198,melatonin,['896'],['COc1ccc2[nH]cc(CCNC(C)=O)c2c1'],Launched,melatonin receptor agonist|nitric oxide synthase inhibitor,ASMT|CALM1|CALR|EPX|ESR1|HTR2B|MPO|MTNR1A|MTNR1B|NQO2|RORB,neurology/psychiatry,sleep cycle support
16199,melengestrol,['51695577'],['CC(=O)O[C@]1(C(C)=O)C(=C)C[C@@H]2[C@@H]3C=C(C)C4=CC(=O)CC[C@]4(C)[C@H]3CC[C@]12C'],,,,,
16200,meloxicam,['54677470'],['CN1C(C(=O)Nc2ncc(C)s2)C(=O)c2ccccc2S1(=O)=O'],Launched,cyclooxygenase inhibitor,PTGS1|PTGS2,rheumatology,osteoarthritis|rheumatoid arthritis
16201,melperone,['15387'],['CC1CCN(CCCC(=O)c2ccc(F)cc2)CC1'],Launched,dopamine receptor antagonist|serotonin receptor antagonist,DRD2|HTR2A,neurology/psychiatry,psychosis
16202,melphalan,['4053'],['NC(Cc1ccc(cc1)N(CCCl)CCCl)C(O)=O'],Launched,DNA alkylating agent|DNA inhibitor,,hematologic malignancy,multiple myeloma
16203,memantine,"['11229655', '2842572']","['CC12CC3CC(C)(C1)CC(N)(C3)C2', 'C[C@@]1(C[C@@H]2C[C@]3(C)C1)C[C@](N)(C2)C3']",Launched,glutamate receptor antagonist,,neurology/psychiatry,Alzheimer's disease|senile dementia
16204,menadione,['4055'],['CC1=CC(=O)c2ccccc2C1=O'],Launched,mitochondrial DNA polymerase inhibitor|phosphatase inhibitor,AOX1|BGLAP|F10|F2|F7|F9|GGCX|NQO1|NQO2|PROC|PROS1|PROZ|VKORC1|VKORC1L1,gastroenterology|neurology/psychiatry|dermatology|rheumatology,ulcerative colitis|diarrhea|headache|varicose veins|rheumatoid arthritis
16205,mepacrine,['237'],['CCN(CC)CCCC(C)Nc1c2ccc(Cl)cc2nc2ccc(OC)cc12'],Launched,cytokine production inhibitor|NFkB pathway inhibitor|TP53 activator,PLA2G1B,infectious disease,giardiasis
16206,mepenzolate,['6461'],['C[N+]1(C)CCCC(C1)OC(=O)C(O)(c1ccccc1)c1ccccc1'],Launched,acetylcholine receptor antagonist,,gastroenterology,peptic ulcer disease (PUD)
16207,mephenesin,['4059'],['Cc1ccccc1OCC(O)CO'],Launched,muscle relaxant,,neurology/psychiatry,muscle relaxant
16208,mephentermine,['73707340'],['CC(C)(CC1=CC=CC=C1)NC.CC(C)(CC1=CC=CC=C1)NC'],Launched,adrenergic receptor agonist,ADRA1A|ADRA1B|ADRA1D|ADRA2A|ADRA2B|ADRA2C|ADRB1|ADRB2|ADRB3,cardiology,hypotension
16209,mephenytoin,['4060'],['CCC1(NC(=O)N(C)C1=O)c1ccccc1'],Launched,hydantoin antiepileptic,SCN5A,neurology/psychiatry,seizures
16210,mepireserpate,['5052'],['COC1C(CC2CN3CCc4c([nH]c5cc(OC)ccc45)C3CC2C1C(=O)OC)OC(=O)c6cc(OC)c(OC)c(OC)c6'],,,,,
16211,mepivacaine,['4062'],['CN1CCCCC1C(=O)Nc1c(C)cccc1C'],Launched,potassium channel blocker|sodium channel blocker,,neurology/psychiatry,local anesthetic
16212,meprylcaine,['4065'],['CCCNC(C)(C)COC(=O)c1ccccc1'],Preclinical,local anesthetic,,,
16213,meptazinol,['41049'],['CCC1(CCCCN(C)C1)c1cccc(O)c1'],Launched,opioid receptor agonist,BCHE,neurology/psychiatry,pain relief
16214,mepyramine,['20057109'],['COc1ccc(cc1)CN(CCN(C)C)c1ccccn1'],Launched,histamine receptor antagonist,HRH1,otolaryngology|obstetrics/gynecology,common cold|menstrual pain
16215,merbromin,['4564401'],['O[Hg]c1c(O)c(Br)cc2c1Oc3cc(O)c(Br)cc3C42OC(=O)c5ccccc54'],Launched,antiseptic,,infectious disease,first-aid antiseptic
16216,mercaptopurine,['2724350'],['S=c1[nH]cnc2nc[nH]c12'],Launched,immunosuppressant|protein synthesis inhibitor|purine antagonist,HPRT1|IMPDH1|IMPDH2|PPAT,hematologic malignancy,acute lymphoblastic leukemia (ALL)
16217,meropenem,['441130'],['C[C@@H]1[C@@H]2[C@H](C(=O)N2C(=C1S[C@H]3C[C@H](NC3)C(=O)N(C)C)C(=O)O)[C@@H](C)O'],Launched,bacterial cell wall synthesis inhibitor,,infectious disease,skin infections|intra-abdominal infections|meningitis
16218,mesalazine,['4075'],['Nc1ccc(O)c(c1)C(O)=O'],Launched,cyclooxygenase inhibitor|lipoxygenase inhibitor|prostanoid receptor antagonist,ALOX5|CHUK|IKBKB|MPO|PPARG|PTGS1|PTGS2,gastroenterology,ulcerative colitis|inflammatory bowel disease
16219,mesna,['23662354'],['OS(=O)(=O)CCS'],Launched,antioxidant,,urology,hemorrhagic cystitis
16220,mesoridazine,['4078'],['CN1CCCCC1CCN1c2ccccc2Sc2ccc(cc12)S(C)=O'],Launched,dopamine receptor antagonist,DRD2|HTR2A,neurology/psychiatry,schizophrenia
16221,mestanolone,['10633'],['C[C@]1(O)CC[C@H]2[C@@H]3CC[C@H]4CC(=O)CC[C@]4(C)[C@H]3CC[C@]12C'],,,,,
16222,mestinon,['7550'],['CN(C)C(=O)Oc1ccc[n+](C)c1'],Launched,cholinesterase inhibitor,ACHE|BCHE,neurology/psychiatry,myasthenia gravis
16223,mestranol,['6291'],['C[C@]12CC[C@H]3[C@H]([C@@H]1CC[C@]2(C#C)O)CCC4=C3C=CC(=C4)OC'],Launched,estrogen receptor agonist,ESR1,endocrinology,contraceptive
16224,mesulergine,['68848'],['CN(C)S(=O)(=O)N[C@H]1C[C@H]2[C@@H](Cc3cn(C)c4cccc2c34)N(C)C1'],Phase 2,dopamine receptor agonist,HTR2A|HTR2B|HTR2C|HTR3A|HTR3B|HTR6|HTR7,,
16225,met-leu-phe,['91672'],['CSCCC(N)C(=O)NC(CC(C)C)C(=O)NC(Cc1ccccc1)C(=O)O'],,,,,
16226,metacycline,['44246714'],['CN(C)[C@H]1[C@@H]2[C@@H](O)[C@H]3C(C(=O)c4c(O)cccc4C3=C)C(=O)[C@]2(O)C(=O)C(C(N)=O)C1=O'],,,,,
16227,metamizole,['3111'],['CN(CS(O)(=O)=O)c1c(C)n(C)n(-c2ccccc2)c1=O'],Withdrawn,cyclooxygenase inhibitor|opioid receptor agonist,PTGS1,,
16228,metanephrine,['21100'],['CNCC(O)c1ccc(O)c(OC)c1'],,,,,
16229,metaraminol,['6419984'],['C[C@H](N)[C@H](O)c1cccc(O)c1'],Launched,adrenergic receptor agonist,ADRA1A,cardiology,hypotension
16230,metaxalone,['15459'],['Cc1cc(C)cc(OCC2CNC(=O)O2)c1'],Launched,muscle relaxant,,neurology/psychiatry,muscle pain
16231,metergoline,['28693'],['CN1C[C@@H](C[C@H]2[C@H]1CC3=CN(C4=CC=CC2=C34)C)CNC(=O)OCC5=CC=CC=C5'],Launched,dopamine receptor agonist|serotonin receptor antagonist,HTR1A|HTR1B|HTR1D|HTR1E|HTR1F|HTR2A|HTR2B|HTR2C|HTR5A|HTR6|HTR7,neurology/psychiatry|endocrinology,seasonal affective disorder|anxiety|hyperprolactinemia
16232,metformin,['4091'],['CN(C)C(=N)NC(N)=N'],Launched,insulin sensitizer,ACACB|PRKAB1,endocrinology,diabetes mellitus
16233,methandriol,['229021'],['C[C@]1(O)CC[C@H]2[C@@H]3CC=C4C[C@@H](O)CC[C@]4(C)[C@H]3CC[C@@]21C'],,,,,
16234,methantheline,['4097'],['CC[N+](C)(CC)CCOC(=O)C1c2ccccc2Oc2ccccc12'],Launched,acetylcholine receptor antagonist,CHRM1|HRH2,gastroenterology|neurology/psychiatry|urology,peptic ulcer disease (PUD)|irritable bowel syndrome|pancreatitis|dyskinesia|neurogenic bladder
16235,methapyrilene,['8667'],['CN(C)CCN(Cc1cccs1)c1ccccn1'],Withdrawn,histamine receptor antagonist,HRH1,,
16236,methazolamide,['4100'],['CC(=O)N=c1sc(nn1C)S(N)(=O)=O'],Launched,carbonic anhydrase inhibitor,CA1|CA12|CA14|CA2|CA4|CA7,ophthalmology,glaucoma|intraocular pressure
16237,methenamine,['4101'],['C1N2CN3CN1CN(C2)C3'],Launched,bacterial DNA inhibitor,,infectious disease,urinary tract infections
16238,methiazole,['6604471'],['COC(=O)Nc1nc2cc(SC(C)C)ccc2[nH]1'],Preclinical,anthelmintic agent,,,
16239,methimazole,['1349907'],['Cn1cc[nH]c1=S'],Launched,antithyroid agent,TPO,endocrinology,hyperthyroidism
16240,methocarbamol,['4107'],['COc1ccccc1OCC(O)COC(N)=O'],Launched,muscle relaxant,CA1,neurology/psychiatry,muscle relaxant
16241,methoprene-acid,['5353760'],['COC(C)(C)CCCC(C)C/C=C/C(=C/C(=O)O)/C'],,,,,
16242,methotrexate,"['165528', '4112']","['CN(Cc1cnc2nc(N)nc(N)c2n1)c1ccc(cc1)C(=O)NC(CCC(O)=O)C(O)=O', 'CN(Cc1cnc2nc(N)nc(N)c2n1)c1ccc(cc1)C(=O)N[C@@H](CCC(O)=O)C(O)=O']",Launched,dihydrofolate reductase inhibitor,DHFR,oncology|hematologic malignancy|dermatology|rheumatology,gestational choriocarcinoma|hydatidiform mole|acute lymphoblastic leukemia (ALL)|psoriasis|rheumatoid arthritis
16243,methoxamine,['6081'],['COc1ccc(OC)c(c1)C(O)C(C)N'],Launched,adrenergic receptor agonist,ADRA1A|ADRA1B|ADRA1D,cardiology,hypotension
16244,methoxsalen,['4114'],['COc1c2occc2cc2ccc(=O)oc12'],Launched,DNA synthesis inhibitor,CYP1A1|CYP1A2|CYP2A13|CYP2A6|CYP3A4,dermatology,psoriasis
16245,methoxychlor,['4115'],['COc1ccc(cc1)C(c2ccc(OC)cc2)C(Cl)(Cl)Cl'],,,,,
16246,methoxypyruvic-acid,['44721090'],['COc1cc(CC(=O)C(O)=O)ccc1OCc1ccccc1'],,,,,
16247,"methyl-2,5-dihydroxycinnamate",['5353609'],['COC(=O)C=Cc1cc(O)ccc1O'],,,,,
16248,methyl-angolensate,['21596327'],['COC(=O)CC1C(C)(C)C(=O)C[C@@H]2O[C@@]34CC(=O)O[C@@H](c5ccoc5)[C@]4(C)CCC(C3=C)[C@]12C'],,,,,
16249,methyl-benzethonium,['5702238'],['Cc1cc(ccc1OCCOCC[N+](C)(C)Cc1ccccc1)C(C)(C)CC(C)(C)C'],,,,,
16250,methyl-dopate,['17277'],['CCOC(=O)[C@@](C)(N)Cc1ccc(O)c(O)c1'],,,,,
16251,methyl-everninic-acid,['596344'],['COC(=O)c1c(C)cc(OC)cc1O'],,,,,
16252,methyl-fasudil,['9951687'],['Cc1cncc2cccc(c12)S(=O)(=O)N3CCCNCC3'],,,,,
16253,methyl-hydantoin,['6419931'],['C[C@@H]1NC(=O)NC1=O'],,,,,
16254,methyl-testosterone,['4160'],['CC1(O)CCC2C3CCC4=CC(=O)CCC4(C)C3CCC12C'],,,,,
16255,methylatropine,['51371412'],['C[N+]1(C)C2CC[C@H]1C[C@H](C2)OC(=O)C(CO)c3ccccc3.[O-][N+](=O)[O-]'],,,,,
16256,methyldopa,['38853'],['C[C@](N)(Cc1ccc(O)c(O)c1)C(O)=O'],Launched,adrenergic receptor agonist,ADRA2A|ADRA2B|ADRA2C|DDC,cardiology,hypertension
16257,methylene-blue,['4139'],['CN(C)c1ccc2nc3ccc(cc3[s+]c2c1)N(C)C'],Launched,guanylyl cyclase inhibitor|nitric oxide production inhibitor,ACHE,hematology,methemoglobinemia
16258,methylergometrine,['4140'],['CCC(CO)NC(=O)C1CN(C2CC3=CNC4=CC=CC(=C34)C2=C1)C'],Launched,dopamine receptor antagonist|serotonin receptor antagonist,DRD1|HTR1E|HTR1F|HTR2A|HTR2B|HTR2C,hematology|neurology/psychiatry,postpartum hemorrhage (PPH)|migraine headache
16259,methyllycaconitine,['494471'],['CCN1CC2(COC(=O)c3ccccc3N4C(=O)CC(C)C4=O)CCC(OC)C5(C6CC7C(OC)C6C(O)(CC7OC)C8(O)C(OC)C52)C18'],Preclinical,acetylcholine receptor antagonist,CHRNA7,,
16260,methylnorlichexanthone,['5377914'],['COc1cc(C)c2c(=O)c3c(O)cc(O)cc3oc2c1'],,,,,
16261,methylprednisolone,['6741'],['C[C@H]1C[C@H]2[C@@H]3CC[C@](O)(C(=O)CO)[C@@]3(C)C[C@H](O)[C@@H]2[C@@]4(C)C=CC(=O)C=C14'],Launched,glucocorticoid receptor agonist,NR3C1,endocrinology|rheumatology|dermatology|infectious disease|allergy|hematology|neurology/psychiatry|gastroenterology,hypercalcemia|thyroiditis|ankylosing spondylitis|bursitis|osteoarthritis|psoriatic arthritis|seborrheic dermatitis|mycosis|allergic rhinitis|psoriasis|anemia|multiple sclerosis|ulcerative colitis|enteritis
16262,methyltyramine,['9727'],['CNCCc1ccc(O)cc1'],,,,,
16263,methysergide,['4163'],['CCC(CO)NC(=O)C1CN(C2CC3=CN(C4=CC=CC(=C34)C2=C1)C)C'],Launched,serotonin receptor antagonist,HTR1B|HTR1D|HTR1E|HTR1F|HTR2A|HTR2B|HTR2C|HTR5A|HTR6|HTR7,neurology/psychiatry,headache
16264,meticrane,['4165'],['Cc1cc2CCCS(=O)(=O)c2cc1S(N)(=O)=O'],Launched,diuretic,,cardiology,edema
16265,metitepine,['4106'],['CSc1ccc2Sc3ccccc3CC(N3CCN(C)CC3)c2c1'],Preclinical,anti-HCVE2,HTR1A|HTR1B|HTR1D|HTR1E|HTR1F|HTR2A|HTR2B|HTR2C|HTR5A|HTR6|HTR7,,
16266,metixene,['4167'],['CN1CCCC(CC2c3ccccc3Sc3ccccc23)C1'],Launched,acetylcholine receptor antagonist,CHRM5,neurology/psychiatry,Parkinson's Disease
16267,metoclopramide,['4168'],['CCN(CC)CCNC(=O)c1cc(Cl)c(N)cc1OC'],Launched,dopamine receptor antagonist|serotonin receptor antagonist,CHRM1|DRD2|HTR3A|HTR3B|HTR4,gastroenterology,gastroparesis|nausea|vomiting
16268,metolazone,['4170'],['CC1Nc2cc(Cl)c(cc2C(=O)N1c1ccccc1C)S(N)(=O)=O'],Launched,carbonic anhydrase inhibitor,SLC12A3,cardiology,edema|hypertension
16269,metoprolol,"['21997268', '5702086']","['COCCc1ccc(OCC(O)CNC(C)C)cc1', 'COCCc1ccc(OCC(O)CNC(C)C)cc1.COCCc1ccc(OCC(O)CNC(C)C)cc1']",Launched,adrenergic receptor antagonist,ADRB1|ADRB2,cardiology,hypertension|angina pectoris|myocardial infarction
16270,metrifonate,['5853'],['COP(=O)(OC)C(O)C(Cl)(Cl)Cl'],Phase 3,acetylcholinesterase inhibitor,ACHE,,
16271,metrizamide,"['342467', '443944', '49800036', '6713943', '88714585']",['CN(C(C)=O)c1c(I)c(NC(C)=O)c(I)c(C(=O)N[C@H]2C(O)O[C@H](CO)[C@@H](O)[C@@H]2O)c1I'],Launched,radiopaque medium,,radiology,contrast agent
16272,metronidazole,['4173'],['Cc1ncc(n1CCO)[N+]([O-])=O'],Launched,DNA inhibitor,CYP2C9|CYP3A4,dermatology,rosacea
16273,metyrapone,['4174'],['CC(C)(C(=O)c1cccnc1)c1cccnc1'],Launched,cytochrome P450 inhibitor,CYP11B1,nephrology,adrenal diagnostic agent
16274,mevalonic-acid,['476'],['CC(O)(CCOP(O)(O)=O)CC(O)=O'],,,,,
16275,mevastatin,['64715'],['CC[C@H](C)C(=O)O[C@H]1CCC=C2[C@H]1[C@H]([C@H](C=C2)C)CC[C@@H]3C[C@H](CC(=O)O3)O'],Preclinical,HMGCR inhibitor,HMGCR,,
16276,mexiletine,['4178'],['CC(N)COc1c(C)cccc1C'],Launched,sodium channel blocker,PLAU|SCN4A|SCN5A,cardiology,ventricular arrhythmias|ventricular tachycardia (VT)
16277,mianserin,['4184'],['CN1CCN2C(C1)c1ccccc1Cc1ccccc21'],Launched,serotonin receptor antagonist,ADRA1A|ADRA1B|ADRA1D|HRH1|HRH2|HTR2A|HTR2B|HTR2C|HTR6|HTR7,neurology/psychiatry,depression
16278,mibefradil,['60663'],['CC(C)[C@H]1C2=C(CC[C@@]1(CCN(C)CCCC3=NC4=CC=CC=C4N3)OC(=O)COC)C=C(C=C2)F'],Withdrawn,T-type calcium channel blocker,ANO1|CACNA1C|CACNA1D|CACNA1F|CACNA1G|CACNA1H|CACNA1I|CACNA1S|CACNB1|CACNB2|CACNB3|CACNB4|CATSPER1|CATSPER2|CATSPER3|CATSPER4,,
16279,miconazole,['4189'],['Clc1ccc(COC(Cn2ccnc2)c2ccc(Cl)cc2Cl)c(Cl)c1'],Launched,bacterial cell wall synthesis inhibitor,TRPM2|TRPV5,infectious disease|neurology/psychiatry,yeast infection|itching
16280,micropenin,['4608'],['Cc1onc(c1C(=O)NC1C2SC(C)(C)C(N2C1=O)C(O)=O)-c1ccccc1'],,,,,
16281,midazolam,['43032'],['Cc1ncc2CN=C(c3ccccc3F)c4cc(Cl)ccc4-n12'],,,,,
16282,midodrine,['4195'],['COc1ccc(OC)c(c1)C(O)CNC(=O)CN'],Launched,adrenergic receptor agonist,,cardiology,hypotension
16283,midostaurin,['9829523'],['CO[C@@H]1[C@@H](C[C@H]2O[C@]1(C)n1c3ccccc3c3c4CNC(=O)c4c4c5ccccc5n2c4c13)N(C)C(=O)c1ccccc1'],Launched,FLT3 inhibitor|KIT inhibitor|PKC inhibitor,FLT3|PRKCG,hematologic malignancy,acute myeloid leukemia (AML)
16284,mifepristone,['55245'],['CC#C[C@@]1(CC[C@@H]2[C@@]1(C[C@@H](C3=C4CCC(=O)C=C4CC[C@@H]23)C5=CC=C(C=C5)N(C)C)C)O'],Launched,glucocorticoid receptor antagonist|progesterone receptor antagonist,AR|NR1I2|NR3C1|PGR,endocrinology,hyperglycemia|diabetes mellitus
16285,mifobate,['60910'],['COP(=O)(OC)OC(c1ccc(Cl)cc1)P(=O)(OC)OC'],Phase 2,PPAR receptor antagonist,PPARG,,
16286,miglitol,['441314'],['OCCN1C[C@H](O)[C@@H](O)[C@H](O)[C@H]1CO'],Launched,glucosidase inhibitor,GAA|GANAB|GANC|MGAM,endocrinology,diabetes mellitus
16287,milnacipran,['163701'],['CCN(CC)C(=O)[C@@]1(C[C@@H]1CN)c1ccccc1'],Launched,serotonin–norepinephrine reuptake inhibitor (SNRI),SLC6A2|SLC6A4,rheumatology,fibromyalgia
16288,milrinone,['4197'],['Cc1[nH]c(=O)c(cc1-c1ccncc1)C#N'],Launched,phosphodiesterase inhibitor,PDE2A|PDE3A|PDE3B|PDE5A,cardiology,congestive heart failure
16289,minaprine,['4199'],['Cc1cc(nnc1NCCN1CCOCC1)-c1ccccc1'],Withdrawn,serotonin reuptake inhibitor,ACHE|CHRM1|DRD1|DRD2|HTR2A|HTR2B|HTR2C|MAOA|SLC6A4,,
16290,minocycline,['44246707'],['CN(C)[C@@H]1C2CC3Cc4c(ccc(O)c4C(=O)C3C(=O)[C@@]2(O)C(=O)C(C(=O)N)C1=O)N(C)C'],Launched,bacterial 30S ribosomal subunit inhibitor,,endocrinology|infectious disease|ophthalmology|urology,fever|respiratory tract infections|psittacosis|trachoma|conjunctivitis|urethritis|chancroid|tularemia|cholera|brucellosis
16291,minoxidil,['4201'],['C1CCN(CC1)C2=NC(=N)N(C(=C2)N)O'],Launched,KATP activator|Kir6 channel (KATP) activator|vasodilator,ABCC9|KCNJ1|KCNJ10|KCNJ11|KCNJ8|PTGS1,endocrinology,androgenetic alopecia
16292,mirin,['1206243'],['NC1=NC(=O)\\C(S1)=C\\c1ccc(O)cc1'],Preclinical,MRE11A exonuclease inhibitor,MRE11A,,
16293,mirtazapine,['3085219'],['CN1CCN2[C@@H](C1)C3=CC=CC=C3CC4=C2N=CC=C4'],Launched,adrenergic receptor antagonist|serotonin receptor antagonist,ADRA2A|ADRA2B|ADRA2C|HTR2A|HTR2C,neurology/psychiatry,depression
16294,misoprostol,['5282381'],['CCCCC(C)(O)CC=C[C@H]1[C@H](O)CC(=O)[C@@H]1CCCCCCC(=O)OC'],Launched,prostanoid receptor agonist,PTGER2|PTGER3|PTGER4|PTGIR,gastroenterology,duodenal ulcer disease
16295,mitomycin-c,['15560563'],['CC1=C(C(=O)C2=C(C1=O)N3C[C@H]4[C@@H]([C@]3([C@@H]2COC(=O)N)OC)N4)N'],,,,,
16296,mitotane,['4211'],['ClC(Cl)C(c1ccc(Cl)cc1)c1ccccc1Cl'],Launched,antineoplastic agent,CYP11A1|CYP11B1|ESR1,oncology,adrenal cortical carcinoma
16297,mitoxantrone,['4212'],['OCCNCCNc1ccc(NCCNCCO)c2C(=O)c3c(O)ccc(O)c3C(=O)c12'],Launched,topoisomerase inhibitor,TOP2A,neurology/psychiatry|oncology|hematologic malignancy,multiple sclerosis|prostate cancer|acute myeloid leukemia (AML)
16298,mizolastine,['65906'],['CN(C1CCN(CC1)c1nc2ccccc2n1Cc1ccc(F)cc1)c1nccc(=O)[nH]1'],Launched,histamine receptor antagonist,HRH1,allergy,urticaria|allergic rhinitis
16299,mocetinostat,['9865515'],['Nc1ccccc1NC(=O)c1ccc(CNc2nccc(n2)-c2cccnc2)cc1'],Phase 2,HDAC inhibitor,HDAC1|HDAC11|HDAC2|HDAC3,,
16300,mocimycin,['24069689'],['CCC(C(=O)NC/C=C\\C=C(\\C)/C(OC)C(C)C1OC(\\C=C/C=C\\C=C(\\C)/C(=O)c2c(O)cc[nH]c2=O)C(O)C1O)C3(O)OC(\\C=C/C=C\\C)C(C)(C)C(O)C3O'],,,,,
16301,moclobemide,['4235'],['Clc1ccc(cc1)C(=O)NCCN1CCOCC1'],Launched,monoamine oxidase inhibitor,MAOA|MAOB,neurology/psychiatry,depression|anxiety
16302,modafinil,['4236'],['NC(=O)CS(=O)C(c1ccccc1)c1ccccc1'],,,,,
16303,moexipril,['91270'],['CCOC(=O)[C@H](CCc1ccccc1)N[C@@H](C)C(=O)N1Cc2cc(OC)c(OC)cc2C[C@H]1C(O)=O'],Launched,angiotensin converting enzyme inhibitor,ACE|ACE2,cardiology,hypertension
16304,mofezolac,['4237'],['COc1ccc(cc1)c2noc(CC(=O)O)c2c3ccc(OC)cc3'],Launched,cyclooxygenase inhibitor,PTGS1,rheumatology|orthopedics,rheumatoid arthritis|osteoporosis
16305,molindone,['23897'],['CCc1c(C)[nH]c2CCC(CN3CCOCC3)C(=O)c12'],Launched,dopamine receptor antagonist,DRD2|HRH1|HTR2A,neurology/psychiatry,schizophrenia
16306,molsidomine,['5360788'],['CCOC(=O)/N=c\\1/c[n+]([n-]o1)N2CCOCC2'],Launched,guanylate cyclase stimulant,GUCY1A3,cardiology,coronary artery disease (CAD)
16307,mometasone,"['26849680', '441336']","['C[C@@H]1C[C@H]2[C@@H]3CCC4=CC(=O)C=C[C@]4(C)[C@@]3(Cl)[C@@H](O)C[C@]2(C)[C@@]1(OC(=O)c5ccco5)C(=O)CCl', 'C[C@@H]1C[C@H]2[C@H]3CCC4=CC(=O)C=C[C@]4(C)[C@@]3(Cl)[C@@H](O)C[C@]2(C)[C@@]1(OC(=O)c1ccco1)C(=O)CCl']",Launched,glucocorticoid receptor agonist,NR3C1,dermatology,corticosteroid-responsive dermatoses
16308,monastrol,['2987927'],['CCOC(=O)C1=C(C)NC(=S)NC1c1cccc(O)c1'],Preclinical,kinesin inhibitor,KIF11,,
16309,monensin,['441145'],['CC[C@]1(CC[C@@H](O1)[C@]2(C)CC[C@]3(C[C@H](O)[C@@H](C)[C@H](O3)[C@@H](C)[C@@H](OC)[C@H](C)C(=O)O)O2)[C@@H]4O[C@H](C[C@@H]4C)[C@H]5O[C@@](O)(CO)[C@H](C)C[C@@H]5C'],Launched,bacterial permeability inducer,,infectious disease,gastrointestinal parasites
16310,monobenzone,['7638'],['Oc1ccc(OCc2ccccc2)cc1'],Launched,melanin inhibitor,TYR,dermatology,skin depigmentation
16311,monocrotaline,['4246'],['CC1C(=O)OC2CCN3CC=C(COC(=O)C(C)(O)C1(C)O)C23'],Preclinical,antitumor agent,,,
16312,monoethylhexylphthalate,['20393'],['CCCCC(CC)COC(=O)c1ccccc1C(O)=O'],,,,,
16313,montelukast,['5281040'],['CC(C)(C1=CC=CC=C1CC[C@H](C2=CC=CC(=C2)/C=C/C3=NC4=C(C=CC(=C4)Cl)C=C3)SCC5(CC5)CC(=O)O)O'],Launched,leukotriene receptor antagonist,ALOX5|CYSLTR1,pulmonary|allergy,asthma|allergic rhinitis|exercise-induced bronchoconstriction (EIB)
16314,moracizine,['34633'],['CCOC(=O)Nc1ccc2Sc3ccccc3N(C(=O)CCN3CCOCC3)c2c1'],Withdrawn,sodium channel blocker,SCN5A,cardiology,ventricular arrhythmias
16315,morantel,['5353792'],['CN1CCCN=C1C=Cc1sccc1C'],Launched,acetylcholine receptor agonist,,infectious disease,tapeworm
16316,morin,['5281670'],['Oc1ccc(c(O)c1)-c1oc2cc(O)cc(O)c2c(=O)c1O'],Preclinical,cytochrome P450 inhibitor,ADORA2A|ESR2|FASN|MCL1|SLC22A12,,
16317,moroxydine,['76621'],['NC(=N)NC(=N)N1CCOCC1'],Launched,antiviral,,infectious disease,influenza A virus infection
16318,morphothebaine,['5351542'],['COc1ccc2C[C@H]3N(C)CCc4cc(O)cc(c34)-c2c1O'],,,,,
16319,mosapride,['119584'],['CCOc1cc(N)c(Cl)cc1C(=O)NCC1CN(Cc2ccc(F)cc2)CCO1'],Launched,serotonin receptor agonist,HTR4,gastroenterology,hypertrophic gastritis (GHG)|gastroesophageal reflux disease (GERD)|dyspepsia|irritable bowel syndrome
16320,motesanib,['11667893'],['CC1(C)CNc2cc(NC(=O)c3cccnc3NCc3ccncc3)ccc12'],Phase 3,KIT inhibitor|PDGFR tyrosine kinase receptor inhibitor|VEGFR inhibitor,FLT1|FLT4|KDR|KIT,,
16321,moxifloxacin,['101526'],['COc1c(N2C[C@@H]3CCCN[C@@H]3C2)c(F)cc2c1n(cc(C(O)=O)c2=O)C1CC1'],Launched,bacterial DNA gyrase inhibitor,TOP2A,otolaryngology|pulmonary|infectious disease,sinusitis|bronchitis|pneumonia|skin infections|intra-abdominal infections
16322,moxisylyte,['6420039'],['CC(C)c1cc(OC(C)=O)c(C)cc1OCCN(C)C'],Withdrawn,adrenergic receptor antagonist,,,
16323,moxonidine,['4810'],['COc1nc(C)nc(Cl)c1NC1=NCCN1'],Launched,imidazoline receptor agonist,ADRA2A|ADRA2B|ADRA2C,cardiology,hypertension
16324,mupirocin,['446596'],['C[C@H](O)[C@H](C)[C@@H]1O[C@H]1C[C@H]1CO[C@@H](C\\C(C)=C\\C(=O)OCCCCCCCCC(O)=O)[C@H](O)[C@@H]1O'],Launched,isoleucyl-tRNA synthetase inhibitor,,infectious disease,impetigo
16325,mycophenolate-mofetil,['5281078'],['COc1c(C)c2COC(=O)c2c(O)c1C\\C=C(/C)CCC(=O)OCCN1CCOCC1'],Launched,dehydrogenase inhibitor|inositol monophosphatase inhibitor,IMPDH1|IMPDH2,transplant,organ rejection
16326,mycophenolic-acid,['446541'],['CC1=C2COC(=O)C2=C(C(=C1OC)C/C=C(\\C)/CCC(=O)O)O'],Launched,dehydrogenase inhibitor|inositol monophosphatase inhibitor,IMPDH1|IMPDH2,transplant,organ rejection
16327,myricetin,['5281672'],['Oc1cc(O)c2c(c1)oc(-c1cc(O)c(O)c(O)c1)c(O)c2=O'],Preclinical,androgen receptor agonist|cytochrome P450 inhibitor,PIK3CG,,
16328,myriocin,['73707382'],['CCCCCCC(=O)CCCCCC\\C=C\\C[C@H](O)[C@@H](O)C(N)(CO)C(O)=O'],,,,,
16329,n-acetyl-l-leucine,['1241420'],['CC(C)C[C@@H](NC(C)=O)C(O)=O'],,,,,
16330,n-bromoacetyltryptamine,['399698'],['BrCC(=O)NCCc1c[nH]c2ccccc12'],,,,,
16331,n-methylphenothiazine,['71015'],['CN1c2ccccc2Sc2ccccc12'],,,,,
16332,n-nitrosodiethylamine,['5921'],['CCN(CC)[N+][O-]'],,,,,
16333,nTZDpa,['9954280'],['OC(=O)c1n(Cc2ccc(Cl)cc2)c2ccc(Cl)cc2c1Sc1ccccc1'],Preclinical,PPAR receptor agonist,PPARG,,
16334,nabumetone,['4409'],['COc1ccc2cc(CCC(C)=O)ccc2c1'],Launched,cyclooxygenase inhibitor,PTGS1|PTGS2,rheumatology,rheumatoid arthritis|osteoarthritis
16335,nadide,['5893'],['NC(=O)c1ccc[n+](c1)[C@@H]1O[C@H](COP(O)(=O)OP(O)(=O)OC[C@H]2O[C@H]([C@H](O)[C@@H]2O)n2cnc3c(N)ncnc23)[C@@H](O)[C@H]1O'],Launched,free radical scavenger,AHCY|AKR1A1|ALDH2|BLVRA|DHPS|DLD|GALE|HMGCR|HSD17B1|HSD17B4|IMPDH2|MGAM|P2RY11|SORD|TRPM2,,
16336,nadifloxacin,['4410'],['CC1CCc2c(N3CCC(O)CC3)c(F)cc3c2n1cc(C(O)=O)c3=O'],Launched,bacterial DNA gyrase inhibitor,,dermatology|infectious disease,acne vulgaris (AV)|skin infections
16337,nadolol,['4411'],['CC(C)(C)NCC(COC1=CC=CC2=C1CC(C(C2)O)O)O'],Launched,adrenergic receptor antagonist,ADRB1|ADRB2|ADRB3,cardiology,angina pectoris|hypertension
16338,nafadotride,['3408722'],['CCCCN1CCCC1CNC(=O)c1cc(C#N)c2ccccc2c1OC'],Preclinical,dopamine receptor antagonist,DRD2|DRD3|HTR1A,,
16339,nafcillin,['23667630'],['CCOc1ccc2ccccc2c1C(=O)N[C@H]1[C@H]2SC(C)(C)[C@@H](N2C1=O)C(O)=O'],Launched,bacterial cell wall synthesis inhibitor,CYP1A2|CYP3A4|SLC22A6,infectious disease,gram-positive bacterial infections
16340,nafcilline,['13121776'],['CCOc1ccc2ccccc2c1C(=O)N[C@H]1[C@@H]2SC(C)(C)[C@@H](N2C1=O)C(O)=O'],,,,,
16341,naftidrofuryl,['4417'],['CCN(CC)CCOC(=O)C(CC1CCCO1)Cc1cccc2ccccc12'],Launched,adrenergic receptor antagonist,,cardiology,claudication
16342,naftifine,['47641'],['CN(C/C=C/C1=CC=CC=C1)CC2=CC=CC3=CC=CC=C32'],Launched,fungal squalene epoxidase inhibitor,,infectious disease,tinea pedis|tinea cruris|tinea corporis
16343,naftopidil,['4418'],['COc1ccccc1N1CCN(CC(O)COc2cccc3ccccc23)CC1'],Launched,adrenergic receptor antagonist,ADRA1A,urology,benign prostatic hyperplasia (BPH)
16344,nalbuphine,"['23581814', '5360630']","['OC1CC[C@@]2(O)[C@H]3Cc4ccc(O)c5OC1[C@]2(CCN3CC6CCC6)c54', 'O[C@H]1CC[C@@]2(O)[C@H]3Cc4ccc(O)c5OC1[C@]2(CCN3CC1CCC1)c45', 'O[C@H]1CC[C@@]2(O)[C@H]3Cc4ccc(O)c5O[C@@H]1[C@]2(CCN3CC1CCC1)c45']",Launched,opioid receptor agonist|opioid receptor antagonist,OPRD1|OPRK1|OPRM1,neurology/psychiatry,pain relief
16345,nalidixic-acid,['4421'],['CCn1cc(C(O)=O)c(=O)c2ccc(C)nc12'],Launched,bacterial DNA gyrase inhibitor,,infectious disease,urinary tract infections
16346,naloxone,"['5353813', '5702089']","['Oc1ccc2CC3N(CC=C)CCC4(C5Oc1c24)C3(O)CCC5=NNC(=O)c6ccccc6', 'Oc1ccc2CC3N(CC=C)CCC4(C5Oc1c24)C3(O)CCC5=O', 'Oc1ccc2C[C@H]3N(CC=C)CC[C@@]45[C@@H](Oc1c24)C(=O)CC[C@@]35O', 'Oc1ccc2C[C@H]3N(CC=C)CC[C@]4(C5Oc1c24)[C@@]3(O)CCC5=O']",Launched,opioid receptor antagonist,CREB1|ESR1|OPRD1|OPRK1|OPRM1|TLR4,pulmonary,respiratory depression
16347,naltrexone,['5360515'],['C1CC1CN2CC[C@]34[C@@H]5C(=O)CC[C@]3([C@H]2CC6=C4C(=C(C=C6)O)O5)O'],Launched,opioid receptor antagonist,OPRD1|OPRK1|OPRM1|SIGMAR1,neurology/psychiatry,abstinence from alcohol
16348,naltriben,['4429'],['Oc1ccc2CC3N(CC4CC4)CCC5(C6Oc1c25)C3(O)Cc7c6oc8ccccc78'],Preclinical,opioid receptor antagonist,OPRD1|OPRK1|OPRM1,,
16349,naltrindole,"['23581811', '4430']","['Oc1ccc2CC3N(CC4CC4)CCC5(C6Oc1c25)C3(O)Cc7c6[nH]c8ccccc78', 'Oc1ccc2CC3N(CC4CC4)CC[C@@]45[C@@H](Oc1c24)c1[nH]c2ccccc2c1C[C@@]35O']",Preclinical,opioid receptor antagonist,OPRD1|OPRK1|OPRM1,,
16350,nandrolone,['9904'],['C[C@]12CC[C@H]3[C@@H](CCC4=CC(=O)CC[C@H]34)[C@@H]1CC[C@@H]2O'],,,,,
16351,napelline,"['118701206', '16394550', '165359539', '17749282', '3133561', '441749', '6713970', '90473812', '98104034']",['CCN1C[C@]2(C)CC[C@H](O)[C@]3([C@@H]2C[C@H]4C13)[C@@H]5C[C@H](O)[C@H]6C[C@]45[C@H](O)C6=C'],,,,,
16352,naphazoline,['11079'],['C(C1=NCCN1)c1cccc2ccccc12'],Launched,adrenergic receptor agonist,ADRA1A|ADRA2A,ophthalmology,eye irritation
16353,naproxen,"['1302', '23675324', '23681059']","['COc1ccc2cc(ccc2c1)C(C)C(=O)O', 'COc1ccc2cc(ccc2c1)[C@@H](C)C(=O)O', 'COc1ccc2cc(ccc2c1)[C@H](C)C(O)=O']",Launched,cyclooxygenase inhibitor,PTGS1|PTGS2,neurology/psychiatry|rheumatology|dental|otolaryngology|endocrinology,pain relief|rheumatoid arthritis|headache|toothache|backache|muscle pain|common cold|fever
16354,naproxol,['3032818'],['COc1ccc2cc(ccc2c1)[C@H](C)CO'],,,,,
16355,narciclasine,['72376'],['O[C@H]1C=C2[C@@H](NC(=O)c3c(O)c4OCOc4cc23)[C@H](O)[C@@H]1O'],,,,,
16356,naringenin,['439246'],['Oc1ccc(cc1)C2CC(=O)c3c(O)cc(O)cc3O2'],Phase 1,aromatase inhibitor|TRPV antagonist,CYP19A1|CYP1B1|ESR2|GLO1|HSD17B1,,
16357,naringin,['442428'],['C[C@@H]1O[C@@H](O[C@@H]2[C@@H](O)[C@H](O)[C@@H](CO)O[C@H]2Oc3cc(O)c4C(=O)C[C@H](Oc4c3)c5ccc(O)cc5)[C@H](O)[C@H](O)[C@H]1O'],Preclinical,cytochrome P450 inhibitor,SLCO1A2,,
16358,nateglinide,['5311309'],['CC(C)C1CCC(CC1)C(=O)N[C@H](CC2=CC=CC=C2)C(=O)O'],Launched,insulin secretagogue,ABCC8|KCNJ10|KCNJ11|PPARG,endocrinology,diabetes mellitus
16359,navitoclax,['24978538'],['CC1(C)CCC(=C(CN2CCN(CC2)c2ccc(cc2)C(=O)NS(=O)(=O)c2ccc(N[C@H](CCN3CCOCC3)CSc3ccccc3)c(c2)S(=O)(=O)C(F)(F)F)C1)c1ccc(Cl)cc1'],Phase 2,BCL inhibitor,BCL2|BCL2L1|BCL2L2,,
16360,necrostatin-1,['2828334'],['CN1C(=S)NC(Cc2c[nH]c3ccccc23)C1=O'],Preclinical,RIPK inhibitor,RIPK1,,
16361,nefazodone,['54911'],['CCc1nn(CCCN2CCN(CC2)c2cccc(Cl)c2)c(=O)n1CCOc1ccccc1'],Withdrawn,adrenergic inhibitor|norepinephrine reuptake inhibitor|serotonin receptor antagonist|serotonin reuptake inhibitor,ADRA1A|ADRA1B|ADRA2A|CYP3A4|HTR1A|HTR2A|HTR2C|SLC6A2|SLC6A3|SLC6A4,,
16362,nefopam,['155290'],['CN1CCOC(c2ccccc2)c2ccccc2C1'],Launched,cyclooxygenase inhibitor,,neurology/psychiatry,pain relief
16363,nelfinavir,"['64142', '73707414']","['Cc1c(O)cccc1C(=O)N[C@@H](CSc1ccccc1)[C@H](O)CN1C[C@@H]2CCCC[C@@H]2C[C@H]1C(=O)NC(C)(C)C', 'Cc1c(O)cccc1C(=O)N[C@@H](CSc1ccccc1)[C@H](O)CN1C[C@H]2CCCC[C@H]2C[C@H]1C(=O)NC(C)(C)C']",Launched,HIV protease inhibitor,CYP1A2|CYP2B6|CYP2C19|CYP2C9|CYP2D6|CYP3A4|CYP3A7,infectious disease,human immunodeficiency virus (HIV-1)
16364,nemonapride,['156333'],['C[C@@H]1[C@@H](CCN1CC2=CC=CC=C2)NC(=O)C3=CC(=C(C=C3OC)NC)Cl'],Launched,dopamine receptor antagonist,DRD2|DRD3|DRD4,neurology/psychiatry,schizophrenia
16365,neomycin,['8378'],['NC[C@@H]1O[C@H](O[C@H]2[C@@H](O)[C@H](O[C@@H]3[C@@H](O)[C@H](N)C[C@H](N)[C@H]3O[C@H]4O[C@H](CN)[C@@H](O)[C@H](O)[C@H]4N)O[C@@H]2CO)[C@H](N)[C@@H](O)[C@@H]1O'],Launched,bacterial 30S ribosomal subunit inhibitor,CXCR4,infectious disease|gastroenterology,first-aid antibiotic|hepatic encephalopathy (HE)|intra-abdominal infections
16366,neostigmine,['8246'],['CN(C)C(=O)Oc1cccc(c1)[N+](C)(C)C'],Launched,acetylcholinesterase inhibitor,ACHE,neurology/psychiatry,myasthenia gravis
16367,neratinib,['9915743'],['CCOc1cc2ncc(C#N)c(Nc3ccc(OCc4ccccn4)c(Cl)c3)c2cc1NC(=O)\\C=C\\CN(C)C'],Launched,EGFR inhibitor,EGFR|ERBB2|KDR,oncology,breast cancer
16368,nerol,['637566'],['CC(=CCC/C(=C/CO)/C)C'],,,,,
16369,neurodazine,['16112820'],['COc1ccc(cc1)-c1nc([nH]c1-c1ccc(OC)cc1)-c1ccc(o1)-c1cccc(Cl)c1'],Preclinical,neurogenesis of non-pluripotent C2C12 myoblast inducer,,,
16370,nevirapine,['4463'],['Cc1ccnc2c1NC(=O)c1cccnc1N2C1CC1'],Launched,non-nucleoside reverse transcriptase inhibitor,CYP1A2|CYP2A6|CYP2B6|CYP2C9|CYP2D6|CYP3A4|CYP3A5,infectious disease,human immunodeficiency virus (HIV-1)
16371,niacin,['938'],['C1=CC(=CN=C1)C(=O)O'],Launched,NAD precursor|vitamin B,DGAT2|HCAR1|HCAR2|HCAR3|NNMT|QPRT,endocrinology,hypertriglyceridemia
16372,nialamide,['4472'],['O=C(CCNNC(=O)c1ccncc1)NCc1ccccc1'],Withdrawn,monoamine oxidase inhibitor,COMT|MAOA|MAOB,,
16373,nicardipine,['73707445'],['CC1=NC(=C(C(C1C(=O)OCCN(C)CC2=CC=CC=C2)C3=CC(=CC=C3)[N+](=O)[O-])C(=O)OC)C'],Launched,calcium channel blocker,ADORA3,cardiology,chronic stable angina|hypertension
16374,nicergoline,['7059561'],['CN1C[C@@H](C[C@]2([C@@H]1CC3=CN(C4=CC=CC2=C34)C)OC)COC(=O)C5=CC(=CN=C5)Br'],Launched,adrenergic receptor antagonist,ADRA1A,rheumatology|neurology/psychiatry|cardiology|hematology,Raynaud's disease|migraine headache|atherosclerosis|thrombosis
16375,niclosamide,['4477'],['Oc1ccc(Cl)cc1C(=O)Nc1ccc(cc1Cl)[N+]([O-])=O'],Launched,DNA replication inhibitor|STAT inhibitor,STAT3,infectious disease,tapeworm
16376,nicorandil,['47528'],['[O-][N+](=O)OCCNC(=O)c1cccnc1'],Launched,nitric oxide donor|potassium channel activator,KCNJ11,cardiology,angina pectoris
16377,nicotinamide,['936'],['NC(=O)c1cccnc1'],Launched,protein synthesis stimulant,BST1|LDHA|PARP1|SIRT5,dermatology,acne vulgaris (AV)
16378,nicotine,['89594'],['CN1CCC[C@H]1c1cccnc1'],Launched,acetylcholine receptor agonist,CHAT|CHRNA10|CHRNA2|CHRNA3|CHRNA4|CHRNA5|CHRNA6|CHRNA7|CHRNA9|CHRNB2|CHRNB3|CHRNB4|CYP19A1|TBXAS1|TRPA1,neurology/psychiatry,smoking cessation
16379,nicotinyl-alcohol-tartrate,['7510'],['OCc1cccnc1'],Launched,,,cardiology|neurology/psychiatry,vascular spasm|vertigo
16380,nifedipine,['4485'],['CC1=C(C(C(=C(N1)C)C(=O)OC)C2=CC=CC=C2[N+](=O)[O-])C(=O)OC'],Launched,calcium channel blocker,CACNA1C|CACNA1D|CACNA1F|CACNA1H|CACNA1S|CACNA2D1|CACNB2|CALM1|GLRA1|GLRA3|GLRB|KCNA1|KCNA5|NR1I2|TRPM3,cardiology,vasospastic angina|chronic stable angina
16381,nifekalant,['122188'],['Cn1c(NCCN(CCO)CCCc2ccc(cc2)[N+]([O-])=O)cc(=O)n(C)c1=O'],Launched,potassium channel blocker,,cardiology,ventricular arrhythmias|ventricular tachycardia (VT)
16382,nifenazone,['4487'],['Cc1c(NC(=O)c2cccnc2)c(=O)n(-c2ccccc2)n1C'],Launched,analgesic agent,,neurology/psychiatry,pain relief
16383,niflumic-acid,['4488'],['OC(=O)c1cccnc1Nc1cccc(c1)C(F)(F)F'],Launched,cyclooxygenase inhibitor,ANO1|CLCN1|CLCNKA|CLCNKB|KCNQ1|PLA2G1B|PLA2G4A|PTGS1|PTGS2|UGT1A9,rheumatology|neurology/psychiatry,joint pain|muscle pain
16384,nifuroxazide,['5337997'],['Oc1ccc(cc1)C(=O)NN=Cc2ccc(o2)[N+](=O)[O-]'],Launched,bacterial DNA inhibitor,,gastroenterology,colitis|diarrhea
16385,nifurtimox,['6842999'],['CC1CS(=O)(=O)CCN1N=Cc1ccc(o1)[N+]([O-])=O'],Launched,DNA inhibitor,,infectious disease,Chagas disease|African trypanosomiasis
16386,niguldipine,['1236'],['CC1=C(C(C(=C(N1)C)C(=O)OCCCN2CCC(CC2)(C3=CC=CC=C3)C4=CC=CC=C4)C5=CC(=CC=C5)[N+](=O)[O-])C(=O)OC'],,,,,
16387,nikkomycin,['24151277'],['CC(C(C)c1ccc(O)cn1)C(N)C(=O)NC([C@H]2O[C@H]([C@@H](O)[C@H]2O)N3C=CC(=O)CC3=O)C(=O)O'],,,,,
16388,nilotinib,['644241'],['Cc1cn(cn1)-c1cc(NC(=O)c2ccc(C)c(Nc3nccc(n3)-c3cccnc3)c2)cc(c1)C(F)(F)F'],Launched,Abl kinase inhibitor|Bcr-Abl kinase inhibitor,ABL1|KIT,hematologic malignancy,chronic myeloid leukemia (CML)
16389,nilutamide,['4493'],['CC1(C)NC(=O)N(C1=O)c1ccc(c(c1)C(F)(F)F)[N+]([O-])=O'],Launched,androgen receptor antagonist,AR,oncology,prostate cancer
16390,nimesulide,['4495'],['CS(=O)(=O)Nc1ccc(cc1Oc1ccccc1)[N+]([O-])=O'],Launched,cyclooxygenase inhibitor,LTF|PLA2G2E|PTGS1|PTGS2,rheumatology|obstetrics/gynecology,osteoarthritis|menstrual pain
16391,nimetazepam,['4496'],['CN1c2ccc(cc2C(=NCC1=O)c1ccccc1)[N+]([O-])=O'],,,,,
16392,nimodipine,['4497'],['CC1=C(C(C(=C(N1)C)C(=O)OC(C)C)C2=CC(=CC=C2)[N+](=O)[O-])C(=O)OCCOC'],Launched,calcium channel blocker,CFTR|NR3C2,hematology,hemorrhage
16393,nintedanib,['9809715'],['COC(=O)c1ccc2c(NC(=O)\\C2=C(/Nc2ccc(cc2)N(C)C(=O)CN2CCN(C)CC2)c2ccccc2)c1'],Launched,FGFR inhibitor|PDGFR tyrosine kinase receptor inhibitor|VEGFR inhibitor,FGFR1|FGFR2|FGFR3|FGFR4|FLT1|FLT4|KDR|PDGFRA|PDGFRB,pulmonary,idiopathic pulmonary fibrosis (IPF)
16394,niridazole,['6093'],['[O-][N+](=O)c1cnc(s1)N1CCNC1=O'],Launched,phosphofructokinase inhibitor,,infectious disease,schistosomiasis
16395,nisoldipine,['4499'],['CC1=C(C(C(=C(N1)C)C(=O)OCC(C)C)C2=CC=CC=C2[N+](=O)[O-])C(=O)OC'],Launched,calcium channel blocker,CACNA1C|CACNA1D|CACNA1F|CACNA1S,cardiology,hypertension
16396,nisoxetine,['134453'],['CNCCC(Oc1ccccc1OC)c1ccccc1'],Phase 1,norepinephrine reuptake inhibitor,SLC6A2|SLC6A3|SLC6A4,,
16397,nitazoxanide,['41684'],['CC(=O)Oc1ccccc1C(=O)Nc1ncc(s1)[N+]([O-])=O'],Launched,pyruvate ferredoxin oxidoreductase inhibitor,,gastroenterology,diarrhea
16398,nitrarine,['398797'],['C1CN[C@H]2[C@@H](C1)C3CCC2[C@H]4N3CCc5c4[nH]c6ccccc56'],,,,,
16399,nitrazepam,['4506'],['[O-][N+](=O)c1ccc2NC(=O)CN=C(c3ccccc3)c2c1'],,,,,
16400,nitrendipine,['4507'],['CCOC(=O)C1=C(NC(=C(C1C2=CC(=CC=C2)[N+](=O)[O-])C(=O)OC)C)C'],Launched,calcium channel blocker,CACNA1D|CACNA2D1|KCNN4,cardiology,hypertension
16401,nitrocaramiphen,['25102587'],['CCN(CC)CCOC(=O)C1(CCCC1)c1ccc(cc1)[N+]([O-])=O'],Preclinical,cholinergic receptor antagonist,CHRM1,,
16402,nitrofural,['5447130'],['C1=C(OC(=C1)[N+](=O)[O-])/C=N/NC(=O)N'],,,,,
16403,nizatidine,['3033637'],['CN/C(=C\\[N+](=O)[O-])/NCCSCC1=CSC(=N1)CN(C)C'],Launched,histamine receptor antagonist,HRH2,gastroenterology,duodenal ulcer disease|erosive esophagitis (EE)|ulcerative esophagitis (UE)|gastroesophageal reflux disease (GERD)
16404,nobiletin,['72344'],['COc1ccc(cc1OC)-c1cc(=O)c2c(OC)c(OC)c(OC)c(OC)c2o1'],Preclinical,MEK inhibitor,MAP2K1,,
16405,nocodazole,['4122'],['COC(=O)Nc1nc2cc(ccc2[nH]1)C(=O)c1cccs1'],Preclinical,tubulin polymerization inhibitor,HPGDS,,
16406,nomegestrol,['29926609'],['CC(=O)O[C@@]1(CC[C@@H]2[C@@H]3C=C(C)C4=CC(=O)CC[C@@H]4[C@@H]3CC[C@]12C)C(C)=O'],,,,,
16407,nomegestrol-acetate,['91668'],['CC(=O)O[C@@]1(CC[C@H]2[C@@H]3C=C(C)C4=CC(=O)CC[C@@H]4[C@H]3CC[C@]12C)C(C)=O'],Launched,progesterone receptor agonist,PGR,endocrinology,contraceptive
16408,nomifensine,['23615863'],['CN1CC(c2ccccc2)c2cccc(N)c2C1'],Withdrawn,dopamine reuptake inhibitor|noradrenaline uptake inhibitor,DRD2|SLC6A2|SLC6A3,,
16409,nomilin,['6710776'],['CC(=O)O[C@@H]1CC(=O)OC(C)(C)C2CC(=O)[C@]3(C)C(CC[C@@]4(C)[C@@H](OC(=O)[C@H]5O[C@]543)c6ccoc6)[C@]21C'],,,,,
16410,nonoxynol-9,['72385'],['CCCCCCCCCc1ccc(OCCOCCOCCOCCOCCOCCOCCOCCOCCO)cc1'],Launched,membrane integrity inhibitor,,endocrinology,contraceptive
16411,nor-1-chlorpromazine,"['11723560', '62875']","['CNCCCN1c2ccccc2S(=O)c2ccc(Cl)cc12', 'CNCCCN1c2ccccc2Sc2ccc(Cl)cc12']",,,,,
16412,nor-1-promazine,['23275476'],['CNCCCN1c2ccccc2S(=O)c2ccccc12'],,,,,
16413,nor-2-chlorpromazine,['75220'],['NCCCN1c2ccccc2S(=O)c2ccc(Cl)cc12'],,,,,
16414,nor-binaltorphimine,['5480230'],['Oc1ccc2CC3N(CC4CC4)CCC5(C6Oc1c25)C3(O)Cc7c8CC9(O)C%10Cc%11ccc(O)c%12OC(c8[nH]c67)C9(CCN%10CC%13CC%13)c%12%11'],Preclinical,opioid receptor antagonist,OPRD1|OPRK1|OPRM1,,
16415,norcitalopram,['22094941'],['CNCCCC1(OCc2cc(ccc12)[N+]#[C-])c1ccc(F)cc1'],,,,,
16416,norcyclobenzaprine,['9918'],['CNCCC=C1c2ccccc2C=Cc2ccccc12'],Preclinical,adrenergic receptor agonist|serotonin receptor antagonist,,,
16417,noreleagnine,['107838'],['C1Cc2c(CN1)[nH]c3ccccc23'],,,,,
16418,norepinephrine,"['5814', '5923']","['NCC(O)c1ccc(O)c(O)c1', 'NC[C@@H](O)c1ccc(O)c(O)c1']",Launched,adrenergic receptor agonist,ADRA1A|ADRA1B|ADRA1D|ADRA2A|ADRA2B|ADRA2C|ADRB1|ADRB2|ADRB3|PAH|SLC18A1|SLC18A2,cardiology|allergy|neurology/psychiatry,hypertension|urticaria|headache|seasonal affective disorder
16419,norethindrone,"['5832', '7048591']","['CC(=O)O[C@]1(CCC2C3CCC4=CC(=O)CC[C@@H]4C3CC[C@@]21C)C#C', 'CC(=O)O[C@]1(CC[C@H]2[C@@H]3CCC4=CC(=O)CC[C@@H]4[C@H]3CC[C@]12C)C#C', 'C[C@]12CC[C@H]3[C@@H](CCC4=CC(=O)CC[C@H]34)[C@H]1CC[C@@]2(O)C#C']",Launched,progesterone receptor agonist,PGR,obstetrics/gynecology,endometriosis
16420,norethisterone,['6230'],['C[C@]12CC[C@H]3[C@H]([C@@H]1CC[C@]2(C#C)O)CCC4=CC(=O)CC[C@H]34'],,,,,
16421,noretynodrel,['6231'],['C[C@]12CC[C@H]3[C@H]([C@@H]1CC[C@]2(C#C)O)CCC4=C3CCC(=O)C4'],Launched,progestogen hormone,PGR,endocrinology,contraceptive
16422,norfenfluramine,['15897'],['CC(CC1=CC(=CC=C1)C(F)(F)F)N'],,,,,
16423,norfloxacin,['4539'],['CCn1cc(C(O)=O)c(=O)c2cc(F)c(cc12)N1CCNCC1'],Launched,bacterial DNA gyrase inhibitor,TOP2A,infectious disease|urology,urinary tract infections|gonorrhea|prostatitis
16424,norgestimate,['73707471'],['CC[C@]12CC[C@H]3[C@H]([C@H]1CC[C@]2(C#C)OC(=O)C)CCC4=C/C(=N\\O)/CC[C@H]34'],Launched,progesterone receptor agonist,ESR1|PGR,endocrinology,contraceptive
16425,norgestrel,"['29985980', '5702096']","['CC[C@@]12CCC3C(CCC4=CC(=O)CC[C@H]34)C2CC[C@@]1(O)C#C', 'CC[C@]12CC[C@H]3[C@@H](CCC4=CC(=O)CC[C@H]34)[C@H]1CC[C@@]2(O)C#C']",Launched,progesterone receptor agonist,AR|ESR1|PGR|SRD5A1,endocrinology,contraceptive
16426,norketamine,['123767'],['NC1(CCCCC1=O)c2ccccc2Cl'],,,,,
16427,nornicotine,['412'],['C1CNC(C1)c1cccnc1'],Preclinical,acetylcholine receptor agonist,,,
16428,nortriptyline,['441358'],['CNCCC=C1c2ccccc2CCc2ccccc12'],Launched,tricyclic antidepressant,ADRA1A|ADRA1B|ADRA1D|ADRA2A|ADRA2B|ADRA2C|ADRB1|ADRB2|ADRB3|CHRM1|CHRM2|CHRM3|CHRM4|CHRM5|DRD2|HRH1|HTR1A|HTR2A|HTR2C|HTR6|KCNJ10|PGRMC1|SIGMAR1|SLC6A2|SLC6A4,neurology/psychiatry,depression
16429,noscapine,['275196'],['CN1CCC2=CC3=C(C(=C2[C@@H]1[C@@H]4C5=C(C(=C(C=C5)OC)OC)C(=O)O4)OC)OCO3'],Launched,bradykinin receptor antagonist|tubulin polymerization inhibitor,SIGMAR1,pulmonary,cough suppressant
16430,novobiocin,['9346'],['CO[C@@H]1[C@@H](OC(N)=O)[C@@H](O)[C@H](Oc2ccc3c(O)c(NC(=O)c4ccc(O)c(CC=C(C)C)c4)c(=O)oc3c2C)OC1(C)C'],Launched,bacterial DNA gyrase inhibitor,,obstetrics/gynecology,mastitis
16431,nutlin-3,['216345'],['COc1ccc(C2=NC(C(N2C(=O)N2CCNC(=O)C2)c2ccc(Cl)cc2)c2ccc(Cl)cc2)c(OC(C)C)c1'],Preclinical,MDM inhibitor,MDM2|TP53,,
16432,nystatin,['71312688'],['C[C@H]1O[C@@H](OC2CC(O)C(C(O)CC(=O)CC(O)C(O)CCC(O)CC(O)CC(O)CC(=O)OC(C)C(C)C(O)C(C)C=CC=CCCC=CC=CC=CC=C2)C(=O)O)[C@@H](O)[C@@H](N)[C@@H]1O'],Launched,fungal ergosterol inhibitor,,infectious disease,esophageal candidiasis|skin infections|yeast infection
16433,obatoclax,['11404337'],['COC1=CC(=N\\C\\1=C/c1[nH]c(C)cc1C)c1cc2ccccc2[nH]1'],Phase 3,BCL inhibitor,BCL2,,
16434,ochratoxin-a,['442530'],['C[C@@H]1Cc2c(Cl)cc(C(=O)N[C@@H](Cc3ccccc3)C(=O)O)c(O)c2C(=O)O1'],,,,,
16435,octopamine,['102484'],['NCC(O)c1ccc(O)cc1'],Preclinical,trace amine associated receptor agonist,F10|TAAR1,,
16436,ofloxacin,['4583'],['CC1COc2c(N3CCN(C)CC3)c(F)cc3c2n1cc(C(O)=O)c3=O'],Launched,bacterial DNA gyrase inhibitor,,infectious disease|otolaryngology|gastroenterology|endocrinology,respiratory tract infections|sinusitis|skin infections|bone and joint infections|intra-abdominal infections|diarrhea|fever|urinary tract infections
16437,olanzapine,['4585'],['CN1CCN(CC1)C1=Nc2ccccc2Nc2sc(C)cc12'],Launched,dopamine receptor antagonist|serotonin receptor antagonist,ADRA1A|ADRA1B|ADRA2A|ADRA2B|ADRA2C|ADRB1|ADRB2|ADRB3|CHRM1|CHRM2|CHRM3|CHRM4|CHRM5|DRD1|DRD2|DRD3|DRD4|DRD5|GABRA1|GABRA2|GABRA3|GABRA4|GABRA5|GABRA6|GABRB1|GABRB2|GABRB3|GABRD|GABRE|GABRG1|GABRG2|GABRG3|GABRP|GABRQ|HRH1|HRH2|HRH4|HTR1A|HTR1B|HTR1D|HTR1E|HTR1F|HTR2A|HTR2B|HTR2C|HTR3A|HTR5A|HTR6|HTR7,neurology/psychiatry,schizophrenia|bipolar disorder
16438,olaparib,['23725625'],['Fc1ccc(Cc2n[nH]c(=O)c3ccccc23)cc1C(=O)N1CCN(CC1)C(=O)C1CC1'],Launched,PARP inhibitor,PARP1|PARP2,oncology,ovarian cancer
16439,oleanolic-acid,['6708573'],['CC(=O)O[C@@H]1CC[C@@]2(C)C(CC[C@]3(C)C2CC=C4C5CC(C)(C)CC[C@@]5(CC[C@]43C)C(=O)O)C1(C)C'],Preclinical,G protein-coupled receptor agonist,GPBAR1,,
16440,oleoylethanolamide,['5283454'],['CCCCCCCC\\C=C/CCCCCCCC(=O)NCCO'],Preclinical,cannabinoid receptor agonist|glucose dependent insulinotropic receptor agonist|potassium channel blocker|PPAR receptor agonist,CNR1|GPR119|GPR55|PPARA,,
16441,oleylethanolamide,['5283454'],['CCCCCCCCC=CCCCCCCCC(=O)NCCO'],,,,,
16442,oligomycin-a,"['44634687', '6364620', '73707429']","['CCC1CCC2OC3(CC[C@@H](C)C(C[C@H](C)O)O3)[C@H](C)C(OC(=O)\\C=C\\[C@@H](C)[C@H](O)[C@@H](C)C(=O)[C@H](C)[C@@H](O)[C@H](C)C(=O)[C@@](C)(O)[C@H](O)[C@@H](C)C\\C=C\\C=C\\1)[C@H]2C', 'CC[C@H]1CC[C@@H]2O[C@]3(CC[C@@H](C)[C@@H](C[C@@H](C)O)O3)[C@H](C)[C@H](OC(=O)\\C=C\\[C@@H](C)[C@H](O)[C@@H](C)C(=O)[C@@H](C)[C@H](O)[C@@H](C)C(=O)[C@@](C)(O)[C@H](O)[C@@H](C)C\\C=C\\C=C\\1)[C@H]2C', 'CC[C@H]1CC[C@H]2O[C@@]3(CC[C@@H](C)[C@@H](C[C@H](C)O)O3)[C@H](C)[C@@H](OC(=O)\\C=C\\[C@@H](C)[C@H](O)[C@@H](C)C(=O)[C@@H](C)[C@H](O)[C@@H](C)C(=O)[C@@](C)(O)[C@H](O)[C@@H](C)C\\C=C\\C=C\\1)[C@H]2C']",,,,,
16443,oligomycin-c,['5281901'],['CC[C@H]1CC[C@H]2O[C@@]3(CC[C@@H](C)[C@@H](C[C@H](C)O)O3)[C@H](C)[C@@H](OC(=O)\\C=C\\[C@@H](C)[C@H](O)[C@@H](C)C(=O)[C@@H](C)[C@H](O)[C@@H](C)C(=O)[C@H](C)[C@H](O)[C@@H](C)C\\C=C\\C=C\\1)[C@H]2C'],,,,,
16444,olmesartan,['158781'],['CCCc1nc(c(C(O)=O)n1Cc1ccc(cc1)-c1ccccc1-c1nn[nH]n1)C(C)(C)O'],Launched,angiotensin receptor antagonist,AGTR1,cardiology,hypertension
16445,olmesartan-medoxomil,['130881'],['CCCc1nc(C(C)(C)O)c(C(=O)OCc2oc(=O)oc2C)n1Cc1ccc(cc1)-c1ccccc1-c1nn[nH]n1'],Launched,angiotensin receptor antagonist,AGTR1,cardiology,hypertension
16446,olomoucine,['4592'],['Cn1cnc2c(NCc3ccccc3)nc(NCCO)nc12'],Preclinical,CDK inhibitor,CDK1|CDK2|CDK5|MAPK1,,
16447,olopatadine,['5281071'],['CN(C)CC/C=C\\1/C2=CC=CC=C2COC3=C1C=C(C=C3)CC(=O)O'],Launched,histamine receptor antagonist,HRH1|S100A1|S100A12|S100A13|S100A2|S100B,ophthalmology,conjunctivitis
16448,olvanil,['5808649'],['CCCCCCCCC=CCCCCCCCC(=O)NCc1ccc(O)c(OC)c1'],Preclinical,TRPV agonist,CNR1|GPR119|TRPV1,,
16449,omeprazole,['4594'],['COc1ccc2nc([nH]c2c1)S(=O)Cc1ncc(C)c(OC)c1C'],Launched,ATPase inhibitor,ATP4A|CLCN2,gastroenterology,heartburn
16450,ondansetron,['4595'],['Cc1nccn1CC1CCc2c(C1=O)c1ccccc1n2C'],Launched,serotonin receptor antagonist,HTR3A|HTR3B,gastroenterology,nausea|vomiting
16451,opipramol,['22313116'],['OCCN1CCN(CCCN2c3ccccc3C=Cc3ccccc23)CC1'],Launched,sigma receptor agonist,,neurology/psychiatry,generalized anxiety disorder (GAD)
16452,orantinib,['5329099'],['CC1=C(NC(=C1CCC(=O)O)C)/C=C\\2/C3=CC=CC=C3NC2=O'],Phase 3,FGFR inhibitor|PDGFR tyrosine kinase receptor inhibitor|VEGFR inhibitor,AURKA|AURKB|EGFR|FGFR1|FGFR2|KDR|PDGFRA|PDGFRB,,
16453,orciprenaline,"['69049742', '9861452']","['CC(C)NCC(O)c1cc(O)cc(O)c1', 'CC(C)NCC(O)c1cc(O)cc(O)c1.CC(C)NCC(O)c1cc(O)cc(O)c1']",,,,,
16454,orlistat,['3034010'],['CCCCCCCCCCC[C@@H](C[C@@H]1OC(=O)[C@H]1CCCCCC)OC(=O)[C@H](CC(C)C)NC=O'],Launched,lipase inhibitor,CNR1|DAGLA|DAGLB|FASN|LIPF|PNLIP,endocrinology,weight-loss aid
16455,ormetoprim,['23418'],['COc1cc(C)c(Cc2cnc(N)nc2N)cc1OC'],,,,,
16456,ornidazole,['28061'],['Cc1ncc(n1CC(O)CCl)[N+]([O-])=O'],Launched,antiprotozoal agent,,infectious disease,protozoan infection
16457,orphenadrine,['83823'],['CN(C)CCOC(c1ccccc1)c1ccccc1C'],Launched,acetylcholine receptor antagonist,,neurology/psychiatry,muscle pain
16458,orteronel,['9883029'],['CNC(=O)c1ccc2cc(ccc2c1)C1(O)CCn2cncc12'],Phase 3,androgen biosynthesis inhibitor|androgen receptor antagonist|cytochrome P450 inhibitor,CYP17A1,,
16459,orthothymotinic-acid,['11052'],['CC(C)c1ccc(C)c(C(=O)O)c1O'],,,,,
16460,osthol,['10228'],['COc1ccc2ccc(=O)oc2c1CC=C(C)C'],Preclinical,calcium channel blocker,,,
16461,ouabain,['439501'],['C[C@H]1[C@@H]([C@H]([C@H]([C@@H](O1)O[C@H]2C[C@H]([C@@]3([C@@H]4[C@@H](CC[C@@]3(C2)O)[C@]5(CC[C@@H]([C@]5(C[C@H]4O)C)C6=CC(=O)OC6)O)CO)O)O)O)O'],Launched,ATPase inhibitor,ATP1A1,cardiology,hypertension|cardiac arrythmia
16462,oxacillin,['6196'],['Cc1onc(c1C(=O)N[C@H]1[C@H]2SC(C)(C)[C@@H](N2C1=O)C(O)=O)-c1ccccc1'],Launched,bacterial cell wall synthesis inhibitor,,infectious disease,staphylococcal infections
16463,oxalomalic-acid,['439620'],['OC(C(C(O)=O)C(=O)C(O)=O)C(O)=O'],,,,,
16464,oxamflatin,['5353852'],['ONC(=O)/C=C/C#Cc1cccc(NS(=O)(=O)c2ccccc2)c1'],,,,,
16465,oxandrolone,['73707489'],['C[C@]1(O)CC[C@@H]2[C@@H]3CC[C@H]4CC(=O)OC[C@]4(C)[C@@H]3CC[C@]12C'],,,,,
16466,oxantel,['51371405'],['CN1C(=NCCC1)/C=C/C2=CC(=CC=C2)O.CN1C(=NCCC1)/C=C/C2=CC(=CC=C2)O.C1=CC=C2C(=C(C(=CC2=C1)O)C(=O)O)CC3=C(C(=CC4=CC=CC=C34)O)C(=O)O'],Launched,anthelmintic agent,,infectious disease,gastrointestinal parasites
16467,oxaprozin,['4614'],['OC(=O)CCc1nc(c(o1)-c1ccccc1)-c1ccccc1'],Launched,cyclooxygenase inhibitor,PTGS1|PTGS2,rheumatology,osteoarthritis|rheumatoid arthritis
16468,oxcarbazepine,['34312'],['NC(=O)N1c2ccccc2CC(=O)c2ccccc12'],Launched,sodium channel blocker,SCN10A|SCN11A|SCN1A|SCN2A|SCN3A|SCN4A|SCN5A|SCN7A|SCN8A|SCN9A,neurology/psychiatry,seizures
16469,oxetacaine,['4621'],['CN(C(=O)CN(CCO)CC(=O)N(C)C(C)(C)Cc1ccccc1)C(C)(C)Cc1ccccc1'],,,,,
16470,oxetane,['73707606'],['CC1O[C@@H](OCC2O[C@@H](O[C@H]3CC[C@@]4(C)C(CC[C@]5(C)C4CC=C4C6CC(C)(C)[C@H](C[C@@]6([C@H](O)C[C@@]54C)C(=O)O[C@@H]4OC(CO)[C@@H](O)[C@@H](O)[C@@H]4O[C@@H]4OC(C)[C@H](O[C@@H]5O[C@@H](CO)[C@H](O)[C@@H]5O)[C@@H](O[C@@H]5OC(CO)[C@@H](O)[C@@H](O)[C@@H]5O)[C@@H]4O)OC(=O)C(\\CO)=C\\CC[C@](C)(O[C@@H]4OC(C)[C@@H](OC(=O)C5COC5CCC(C)(O)C=C)[C@@H](O)[C@@H]4O)C=C)C3(C)C)[C@@H](NC(C)=O)[C@H](O)[C@@H]2O)[C@@H](O[C@@H]2OC[C@@H](O)[C@@H](O)[C@@H]2O)[C@H](O)[C@H]1O'],,,,,
16471,oxfendazole,['40854'],['COC(=O)Nc1nc2ccc(cc2[nH]1)S(=O)c1ccccc1'],Launched,anthelmintic agent,,infectious disease,lungworms|tapeworm|gastrointestinal roundworms
16472,oxibendazole,['4622'],['CCCOc1ccc2nc(NC(=O)OC)[nH]c2c1'],Launched,tubulin polymerization inhibitor,TUBB|TUBB4B,infectious disease,strongyles
16473,oxiconazole,"['47316', '5361463']","['Clc1ccc(CON=C(Cn2ccnc2)c3ccc(Cl)cc3Cl)c(Cl)c1', 'Clc1ccc(CO\\N=C(\\Cn2ccnc2)c2ccc(Cl)cc2Cl)c(Cl)c1']",Launched,bacterial cell wall synthesis inhibitor,,infectious disease,tinea pedis|tinea cruris|tinea corporis
16474,oxidopamine,['176170'],['NCCc1cc(O)c(O)cc1O'],Preclinical,neurotoxin,,,
16475,oxindole-I,['5908088'],['O=C/1Nc2ccccc2\\C1=C\\c3ccc[nH]3'],,,,,
16476,oxolamine,['13738'],['CCN(CC)CCc1nc(no1)-c1ccccc1'],Launched,antitussive,,pulmonary,cough suppressant
16477,oxolinic-acid,['4628'],['CCn1cc(C(O)=O)c(=O)c2cc3OCOc3cc12'],Preclinical,bacterial DNA gyrase inhibitor,,,
16478,oxotremorine-sesquifumarate,['4630'],['O=C1CCCN1CC#CCN1CCCC1'],Preclinical,cholinergic receptor agonist,CHRM1|CHRM2|CHRM3|CHRM4,,
16479,oxprenolol,['4631'],['CC(C)NCC(O)COc1ccccc1OCC=C'],Launched,adrenergic receptor antagonist,ADRB1,cardiology,angina pectoris|hypertension|cardiac arrythmia
16480,oxybenzone,['4632'],['COc1ccc(C(=O)c2ccccc2)c(O)c1'],Launched,lipase inhibitor,LIPE,dermatology,sunscreen lotion
16481,oxybuprocaine,['4633'],['CCCCOc1cc(ccc1N)C(=O)OCCN(CC)CC'],Launched,local anesthetic,SCN10A,neurology/psychiatry,local anesthetic
16482,oxybutynin,['91505'],['CCN(CC)CC#CCOC(=O)C(O)(C1CCCCC1)c1ccccc1'],Launched,acetylcholine receptor antagonist,CHRM1|CHRM2|CHRM3,urology,urinary incontinence
16483,oxymetazoline,['4636'],['Cc1cc(c(O)c(C)c1CC1=NCCN1)C(C)(C)C'],Launched,adrenergic receptor agonist,ADRA1A|ADRA1B|ADRA1D|ADRA2A|ADRA2B|ADRA2C|HTR1B|HTR1D|HTR2C,otolaryngology,nasal congestion
16484,oxymetholone,"['3032303', '73707603']","['CC1(O)CCC2C3CCC4CC(=O)C(CC4(C)C3CCC12C)C=O', 'C[C@]1(O)CC[C@H]2[C@@H]3CC[C@H]4CC(=O)C(C[C@]4(C)[C@H]3CC[C@]12C)C=O']",,,,,
16485,oxyphenbutazone,['4641'],['CCCCC1C(=O)N(N(C1=O)c1ccc(O)cc1)c1ccccc1'],Withdrawn,cyclooxygenase inhibitor,,,
16486,oxyphenonium,['5748'],['CC[N+](C)(CC)CCOC(=O)C(O)(C1CCCCC1)c1ccccc1'],Launched,cholinergic receptor antagonist,CHRM1|CHRM3,gastroenterology,peptic ulcer disease (PUD)
16487,oxytetracycline,['24981350'],['CN(C)[C@H]1[C@@H]2[C@@H](O)[C@H]3C(C(=O)c4c(O)cccc4[C@@]3(C)O)C(=O)[C@]2(O)C(=O)C(C(N)=O)C1=O'],Launched,bacterial 30S ribosomal subunit inhibitor,,infectious disease|urology,chlamydia|urinary tract infections|skin infections|ear infections|gonorrhea|urethritis|Lyme disease
16488,ozagrel,['5282440'],['C1=CC(=CC=C1CN2C=CN=C2)/C=C/C(=O)O'],Launched,thromboxane synthase inhibitor,TBXAS1,neurology/psychiatry,stroke
16489,p-aminophenethylspiperone,['125085'],['Nc1ccc(CCN2CN(c3ccccc3)C3(CCN(CCCC(=O)c4ccc(F)cc4)CC3)C2=O)cc1'],,,,,
16490,p-azido-PE-TFMPP,['128737'],['[N-]=[N+]=Nc1ccc(CCN2CCN(CC2)c2cccc(C(F)(F)F)c2)cc1'],,,,,
16491,paclitaxel,"['4666', '73707502']","['CC(=O)OC1C2=C(C)C(CC(O)(C(OC(=O)c3ccccc3)C4C5(COC5CC(O)C4(C)C1=O)OC(=O)C)C2(C)C)OC(=O)C(O)C(NC(=O)c6ccccc6)c7ccccc7', 'CC(=O)O[C@@H]1C2=C(C)[C@H](C[C@@](O)([C@@H](OC(=O)c3ccccc3)C3[C@@]4(CO[C@@H]4C[C@H](O)[C@@]3(C)C1=O)OC(C)=O)C2(C)C)OC(=O)[C@H](O)[C@@H](NC(=O)c1ccccc1)c1ccccc1', 'CC(=O)O[C@@H]1C2=C(C)[C@H](C[C@@](O)([C@@H](OC(=O)c3ccccc3)[C@H]3[C@@]4(CO[C@H]4C[C@H](O)[C@@]3(C)C1=O)OC(C)=O)C2(C)C)OC(=O)[C@H](O)[C@@H](NC(=O)c1ccccc1)c1ccccc1']",Launched,tubulin polymerization inhibitor,BCL2|MAP2|MAP4|MAPT|NR1I2|TLR4|TUBA1A|TUBA1B|TUBA1C|TUBA3C|TUBA3D|TUBA3E|TUBA4A|TUBB|TUBB1|TUBB2A|TUBB2B|TUBB3|TUBB4A|TUBB4B|TUBB6|TUBB8,oncology,ovarian cancer|breast cancer|non-small cell lung cancer (NSCLC)
16492,palbociclib,['5330286'],['CC(=O)c1c(C)c2cnc(Nc3ccc(cn3)N3CCNCC3)nc2n(C2CCCC2)c1=O'],Launched,CDK inhibitor,CDK4|CDK6,oncology,breast cancer
16493,palmitoylethanolamide,['4671'],['CCCCCCCCCCCCCCCC(=O)NCCO'],Launched,cannabinoid receptor agonist,CNR2|GPR119|GPR55,,
16494,palonosetron,['6918303'],['O=C1N(C[C@H]2CCCc3cccc1c23)[C@@H]1CN2CCC1CC2'],Launched,serotonin receptor antagonist,HTR3A,gastroenterology,nausea|vomiting
16495,pancuronium,"['23641206', '73707464']","['CC(=O)OC1C(C[C@H]2C3CC[C@H]4C[C@H](OC(=O)C)C(CC4(C)[C@H]3CCC12C)[N+]5(C)CCCCC5)[N+]6(C)CCCCC6', 'CC(=O)O[C@H]1[C@H](C[C@H]2[C@H]3CC[C@H]4C[C@H](OC(C)=O)[C@H](C[C@]4(C)[C@@H]3CC[C@]12C)[N+]1(C)CCCCC1)[N+]1(C)CCCCC1']",Launched,acetylcholine receptor antagonist,CHRM2|CHRM3|CHRNA1|CHRNA2,critical care|neurology/psychiatry,endotracheal intubation|muscle relaxant
16496,panobinostat,['6918837'],['Cc1[nH]c2ccccc2c1CCNCc1ccc(\\C=C\\C(=O)NO)cc1'],Launched,HDAC inhibitor,HDAC1|HDAC2|HDAC3|HDAC4|HDAC6|HDAC7|HDAC8|HDAC9,hematologic malignancy,multiple myeloma
16497,pantoprazole,['4679'],['COc1ccnc(CS(=O)c2nc3cc(OC(F)F)ccc3[nH]2)c1OC'],Launched,ATPase inhibitor,ATP4A,gastroenterology,gastroesophageal reflux disease (GERD)|erosive esophagitis (EE)|Zollinger-Ellison syndrome
16498,papaverine,['6084'],['COc1ccc(Cc2nccc3cc(OC)c(OC)cc23)cc1OC'],Launched,phosphodiesterase inhibitor,PDE10A|PDE4B|PDE5A,cardiology|hematology|gastroenterology,myocardial infarction|angina pectoris|pulmonary embolism (PE)|colitis|vascular spasm
16499,paracetamol,['1983'],['CC(=O)Nc1ccc(O)cc1'],Launched,cyclooxygenase inhibitor,FAAH|PTGS1|PTGS2|TRPV1,neurology/psychiatry|endocrinology,pain relief|fever
16500,parachlorophenol,['4684'],['Oc1ccc(Cl)cc1'],Launched,antiinfective drug,,infectious disease,first-aid antiseptic
16501,parbendazole,['26596'],['CCCCc1ccc2[nH]c(NC(=O)OC)nc2c1'],Preclinical,tubulin polymerization inhibitor,TUBB,,
16502,parecoxib,['119828'],['CCC(=O)NS(=O)(=O)c1ccc(cc1)-c1c(C)onc1-c1ccccc1'],Launched,cyclooxygenase inhibitor,LTF,neurology/psychiatry,pain relief
16503,pargyline,['9373'],['CN(CC#C)Cc1ccccc1'],Launched,monoamine oxidase inhibitor,MAOA|MAOB,cardiology,hypertension
16504,paromomycin,['73707499'],['NC[C@@H]1O[C@H](O[C@@H]2[C@@H](CO)O[C@@H](O[C@@H]3[C@@H](O)[C@H](N)C[C@H](N)[C@@H]3OC3O[C@H](CO)[C@@H](O)[C@H](O)[C@H]3N)[C@@H]2O)[C@H](N)[C@@H](O)[C@@H]1O'],Launched,bacterial 30S ribosomal subunit inhibitor,,infectious disease,amebiasis
16505,paroxetine,"['10947895', '9951025']","['CN1CC[C@H]([C@H](COc2ccc3OCOc3c2)C1)c1ccc(F)cc1', 'Fc1ccc(cc1)C2CCNCC2COc3ccc4OCOc4c3', 'Fc1ccc(cc1)[C@@H]1CCNC[C@H]1COc1ccc2OCOc2c1']",Launched,selective serotonin reuptake inhibitor (SSRI),CHRM1|CHRM2|CHRM3|CHRM4|CHRM5|HTR2A|SLC6A2|SLC6A4,neurology/psychiatry,depression|obsessive compulsive disorder (OCD)|generalized anxiety disorder (GAD)|panic disorders|posttraumatic stress disorder|social anxiety disorder
16506,parthenolide,"['24870789', '44593496', '5420804', '6473881']","['CC1=CCC[C@@]2(C)O[C@H]2[C@@H]2OC(=O)C(=C)[C@@H]2CC1', 'C\\C1=C/CC[C@@]2(C)O[C@H]2[C@H]2OC(=O)C(=C)[C@@H]2CC1', 'C\\C1=C/CC[C@]2(C)OC2[C@H]2OC(=O)C(=C)[C@@H]2CC1', 'C\\C1=C\\CC[C@@]2(C)O[C@@H]2[C@H]2OC(=O)C(=C)[C@@H]2CC1']",Phase 1,NFkB pathway inhibitor,,,
16507,parthenolide-(alternate-stereo),['7251185'],['C\\C1=C/CC[C@@]2(C)O[C@@H]2[C@H]2OC(=O)C(=C)[C@@H]2CC1'],Preclinical,NFkB pathway inhibitor,IKBKB|RELA,,
16508,paxilline,['105008'],['CC(C)(O)[C@H]1O[C@H]2CC[C@]3(C)[C@]4(C)[C@H](Cc5c4[nH]c6ccccc56)CC[C@@]3(O)C2=CC1=O'],,,,,
16509,pazopanib,['11525740'],['CN(c1ccc2c(C)n(C)nc2c1)c1ccnc(Nc2ccc(C)c(c2)S(N)(=O)=O)n1'],Launched,KIT inhibitor|PDGFR tyrosine kinase receptor inhibitor|VEGFR inhibitor,CSF1R|FGF1|FGFR1|FGFR3|FLT1|FLT4|ITK|KDR|KIT|PDGFRA|PDGFRB|SH2B3,oncology,renal cell carcinoma (RCC)|soft tissue sarcoma (STS)
16510,pazufloxacin,['65957'],['C[C@H]1COc2c(c(F)cc3c2n1cc(C(O)=O)c3=O)C1(N)CC1'],Launched,topoisomerase inhibitor,,infectious disease,pneumonia|peritonitis|bacterial septicemia
16511,pefloxacin,['119525'],['CCn1cc(C(O)=O)c(=O)c2cc(F)c(cc12)N1CCN(C)CC1'],Launched,bacterial DNA gyrase inhibitor,TOP2A,infectious disease|urology,gastrointestinal infections|urethritis|gonorrhea|urinary tract infections
16512,pelitinib,['6445562'],['CCOc1cc2ncc(C#N)c(Nc3ccc(F)c(Cl)c3)c2cc1NC(=O)\\C=C\\CN(C)C'],Phase 2,EGFR inhibitor,EGFR,,
16513,pemetrexed,['60843'],['Nc1nc2[nH]cc(CCc3ccc(cc3)C(=O)N[C@H](CCC(O)=O)C(O)=O)c2c(=O)[nH]1'],Launched,dihydrofolate reductase inhibitor|thymidylate synthase inhibitor,ATIC|DHFR|GART|TYMS,oncology,non-small cell lung cancer (NSCLC)|mesothelioma
16514,pemoline,['4723'],['NC1=NC(=O)C(O1)c1ccccc1'],,,,,
16515,pempidine,['6419918'],['CN1C(C)(C)CCCC1(C)C'],Launched,ganglionic blocker,,cardiology,hypertension
16516,penbutolol,['73707345'],['CC(C)(C)NCC(O)COc1ccccc1C2CCCC2.CC(C)(C)NCC(O)COc1ccccc1C2CCCC2'],Launched,adrenergic receptor antagonist,ADRB1|ADRB2|HTR1A|HTR1B,cardiology,hypertension
16517,penciclovir,['4725'],['Nc1nc(O)c2ncn(CCC(CO)CO)c2n1'],Launched,DNA directed DNA polymerase inhibitor,,dental,cold sore
16518,penfluridol,['33630'],['OC1(CCN(CCCC(c2ccc(F)cc2)c2ccc(F)cc2)CC1)c1ccc(Cl)c(c1)C(F)(F)F'],Launched,T-type calcium channel blocker,CACNA1G,neurology/psychiatry,schizophrenia
16519,penicillic-acid,['1268111'],['COC1=CC(=O)OC1(O)C(=C)C'],,,,,
16520,penicillin,"['4731', '6560153']","['CC1(C)SC2C(NC(=O)COc3ccccc3)C(=O)N2C1C(=O)O', 'CC1(C)S[C@H]2[C@H](NC(=O)Cc3ccccc3)C(=O)N2[C@H]1C(O)=O']",,,,,
16521,penitrem-a,['16759989'],['C[C@]12CC[C@H]3[C@@]4([C@@]1(CC[C@@H]5[C@@]2(C6=C7[C@H]5OC([C@H]8C[C@H]9[C@@]8(C1=C7C(=CC(=C1CC9=C)Cl)N6)O)(C)C)C)O)[C@H](O4)[C@H]([C@H](O3)C(=O)O)O'],,,,,
16522,pentachlorophenol,['992'],['Oc1c(Cl)c(Cl)c(Cl)c(Cl)c1Cl'],,,,,
16523,pentamidine,['359323'],['NC(=N)c1ccc(OCCCCCOc2ccc(cc2)C(N)=N)cc1'],Launched,anti-pneumocystis agent,TRDMT1,infectious disease,pneumonia
16524,pentetic-acid,['3053'],['OC(=O)CN(CCN(CC(O)=O)CC(O)=O)CCN(CC(O)=O)CC(O)=O'],Phase 2,chelating agent,,,
16525,pentobarbital,['4737'],['CCCC(C)C1(CC)C(=O)NC(=O)NC1=O'],,,,,
16526,pentolinium,['5850'],['C[N+]1(CCCCC[N+]2(C)CCCC2)CCCC1'],Launched,cholinergic receptor antagonist,CHRNA10|CHRNA3|CHRNA4|CHRNB4,cardiology,hypertension
16527,pentoxifylline,['4740'],['CC(=O)CCCCn1c(=O)n(C)c2ncn(C)c2c1=O'],Launched,phosphodiesterase inhibitor,ADORA1|ADORA2A|ADORA2B|ADRA2B|NT5E|PDE10A|PDE1A|PDE1B|PDE1C|PDE2A|PDE3A|PDE3B|PDE4A|PDE4B|PDE4C|PDE4D|PDE5A|PDE6A|PDE6B|PDE6C|PDE6D|PDE6G|PDE6H|PDE7A|PDE7B|PDE8A|PDE8B|PDE9A|TNF,cardiology,claudication
16528,pentoxyverine,['90010'],['CCN(CC)CCOCCOC(=O)C1(CCCC1)c1ccccc1'],,,,,
16529,pentylenetetrazol,['5917'],['C1CCc2nnnn2CC1'],Withdrawn,GABA receptor antagonist,,,
16530,pepstatin,['5478883'],['CC(C)C[C@H](NC(=O)[C@H](C)NC(=O)C[C@H](O)[C@H](CC(C)C)NC(=O)[C@@H](NC(=O)[C@@H](NC(=O)CC(C)C)C(C)C)C(C)C)[C@@H](O)CC(O)=O'],Preclinical,aspartic protease inhibitor,CTSB|CTSD|CTSL|REN,,
16531,pergolide,['47811'],['CCCN1C[C@H](CSC)C[C@H]2[C@H]1Cc1c[nH]c3cccc2c13'],Withdrawn,dopamine receptor agonist,ADRA1A|ADRA1B|ADRA1D|ADRA2A|ADRA2B|ADRA2C|DRD1|DRD2|DRD3|DRD4|DRD5|HTR1A|HTR1B|HTR1D|HTR2A|HTR2B|HTR2C,,
16532,perhexiline,['5284439'],['C(C(C1CCCCC1)C1CCCCC1)C1CCCCN1'],Launched,carnitine palmitoyltransferase inhibitor,CPT1A,cardiology,angina pectoris
16533,perindopril,['58153637'],['CCC[C@@H](C(=O)OCC)N[C@@H](C)C(=O)N1[C@H]2CCCC[C@@H]2C[C@H]1C(=O)O'],Launched,angiotensin converting enzyme inhibitor,ACE,cardiology,hypertension|myocardial infarction|coronary artery disease (CAD)
16534,periplocymarin,"['11967823', '120710', '12305974', '20054989', '36145', '44566918', '6708762']",['CO[C@@H]1C[C@H](O[C@H]2CC[C@]3(C)C4CC[C@]5(C)[C@H](CC[C@]5(O)[C@@H]4CC[C@]3(O)C2)C6=CC(=O)OC6)O[C@H](C)[C@@H]1O'],,,,,
16535,perospirone,['115367'],['O=C1[C@H]2CCCC[C@H]2C(=O)N1CCCCN1CCN(CC1)c1nsc2ccccc12'],Launched,dopamine receptor antagonist|serotonin receptor antagonist,DRD2|DRD3|DRD4,neurology/psychiatry,schizophrenia|bipolar disorder
16536,perphenazine,['4748'],['OCCN1CCN(CCCN2c3ccccc3Sc3ccc(Cl)cc23)CC1'],Launched,dopamine receptor antagonist,CALM1|DRD1|DRD2|HRH1|HTR2A|HTR2C|HTR6|HTR7,neurology/psychiatry|gastroenterology,schizophrenia|nausea|vomiting
16537,peruvoside,['5702166'],['CO[C@@H]1[C@@H](O)[C@H](C)O[C@H](O[C@H]2CC[C@@]3(C=O)[C@H](CCC4C3CC[C@]5(C)[C@H](CC[C@]45O)C6=CC(=O)OC6)C2)[C@H]1O'],Phase 1,cardiac glycoside,,,
16538,peucedanin,['8616'],['COc1c(oc2cc3oc(=O)ccc3cc12)C(C)C'],,,,,
16539,pevonedistat,['16720766'],['NS(=O)(=O)OC[C@@H]1C[C@H](C[C@@H]1O)n1ccc2c(N[C@H]3CCc4ccccc34)ncnc12'],Phase 3,nedd activating enzyme inhibitor,NAE1|UBA3,,
16540,phenacetin,['4754'],['CCOc1ccc(NC(C)=O)cc1'],Withdrawn,cyclooxygenase inhibitor,PTGS1,,
16541,phenamil,['135403792'],['Nc1nc(N)c(nc1Cl)C(=O)NC(=N)Nc2ccccc2'],,,,,
16542,phenanthridone,['1853'],['O=c1[nH]c2ccccc2c3ccccc13'],,,,,
16543,phenazone,['98889'],['CC1=C(C(=O)N(N1C)C2=CC=CC=C2)O'],Launched,cyclooxygenase inhibitor,PTGS1|PTGS2,neurology/psychiatry,pain relief
16544,phenazopyridine,['8691'],['Nc1ccc(\\N=N\\c2ccccc2)c(N)n1'],Launched,local anesthetic,SCN1A,infectious disease,urinary tract infections
16545,phenelzine,['61100'],['NNCCc1ccccc1'],Launched,monoamine oxidase inhibitor,ABAT|AOC3|GAD2|GPT|GPT2|MAOA|MAOB|SLC6A2|SLC6A3|SLC6A4,neurology/psychiatry,depression
16546,phenethyl-isothiocyanate,['16741'],['S=C=NCCc1ccccc1'],Phase 2,anticancer agent,CYP2E1,,
16547,phenformin,['13266'],['NC(=N)NC(=N)NCCc1ccccc1'],Withdrawn,AMPK activator,KCNJ8|PRKAA1,,
16548,phenindione,['4760'],['O=C1C(C(=O)c2ccccc12)c1ccccc1'],Launched,vitamin K antagonist,VKORC1,hematology,deep vein thrombosis (DVT)
16549,pheniramine,['4761'],['CN(C)CCC(c1ccccc1)c1ccccn1'],Launched,histamine receptor antagonist,HRH1,allergy,allergic rhinitis|urticaria
16550,phenolphthalein,['4764'],['Oc1ccc(cc1)C1(OC(=O)c2ccccc12)c1ccc(O)cc1'],Withdrawn,indicator dye,UGT1A9,,
16551,phenothiazine,['7108'],['C1=CC=C2C(=C1)NC3=CC=CC=C3S2'],Preclinical,dopamine receptor antagonist,,,
16552,phenoxazine,['67278'],['N1c2ccccc2Oc2ccccc12'],,,,,
16553,phenoxybenzamine,['5284441'],['CC(COc1ccccc1)N(CCCl)Cc1ccccc1'],Launched,adrenergic receptor antagonist,ADRA1A|ADRA1B|ADRA1D|ADRA2A|ADRA2B|ADRA2C,cardiology|endocrinology,hypertension|pheochromocytoma
16554,phenprobamate,['4770'],['NC(=O)OCCCc1ccccc1'],Launched,muscle relaxant,,neurology/psychiatry,anxiety|muscle relaxant
16555,phensuximide,['6839'],['CN1C(=O)CC(C1=O)c1ccccc1'],Launched,succinimide antiepileptic,,neurology/psychiatry,seizures
16556,phentermine,['4771'],['CC(C)(N)Cc1ccccc1'],,,,,
16557,phentolamine,['5775'],['CC1=CC=C(C=C1)N(CC2=NCCN2)C3=CC(=CC=C3)O'],Launched,adrenergic receptor antagonist,ADRA1A|ADRA1B|ADRA1D|ADRA2A|ADRA2B|ADRA2C,endocrinology|cardiology,pheochromocytoma|hypertension
16558,phenylalanyltyrosine,['515709'],['N[C@@H](Cc1ccccc1)C(=O)N[C@@H](Cc2ccc(O)cc2)C(=O)O'],,,,,
16559,phenylbutazone,['4781'],['CCCCC1C(=O)N(N(C1=O)c1ccccc1)c1ccccc1'],Withdrawn,cyclooxygenase inhibitor|prostanoid receptor antagonist,PTGIS|PTGS1|PTGS2,,
16560,phenylbutyrate,['4775'],['OC(=O)CCCc1ccccc1'],Launched,HDAC inhibitor,HDAC1,metabolism,urea cycle disorders
16561,phenylpropanolamine,['26934'],['C[C@@H](N)[C@@H](O)c1ccccc1'],,,,,
16562,phenytoin,['1775'],['O=C1NC(=O)C(N1)(c1ccccc1)c1ccccc1'],Launched,hydantoin antiepileptic,SCN10A|SCN11A|SCN1A|SCN2A|SCN3A|SCN4A|SCN5A|SCN7A|SCN8A|SCN9A,neurology/psychiatry,seizures
16563,phloretin,['4788'],['Oc1ccc(CCC(=O)c2c(O)cc(O)cc2O)cc1'],Launched,sodium/glucose cotransporter inhibitor,AQP9|CLCN3|SLC23A1,,
16564,phorbol-12-myristate-13-acetate,['4792'],['CCCCCCCCCCCCCC(=O)OC1C(C)C2(O)C3C=C(C)C(=O)C3(O)CC(=CC2C4C(C)(C)C41OC(=O)C)CO'],,,,,
16565,phorbol-myristate-acetate,['27924'],['CCCCCCCCCCCCCC(=O)O[C@@H]1[C@@H](C)[C@]2(O)[C@@H]3C=C(C)C(=O)[C@@]3(O)CC(CO)=C[C@H]2[C@@H]2C(C)(C)[C@]12OC(C)=O'],,,,,
16566,phosphodiesterase-V-inhibitor-II,['11003969'],['CCCCN1C(=O)[C@H]2Cc3c([nH]c4ccccc34)[C@@H](N2C1=O)c5ccc(OC)cc5'],,,,,
16567,phthalylsulfathiazole,['4806'],['OC(=O)c1ccccc1C(=O)Nc1ccc(cc1)S(=O)(=O)Nc1nccs1'],Launched,dihydropteroate synthetase inhibitor,,infectious disease|gastroenterology,dysentry|colitis
16568,phylloquinone,['5280483'],['CC(C)CCCC(C)CCCC(C)CCC/C(=C/CC1=C(C)C(=O)c2ccccc2C1=O)/C'],,,,,
16569,physostigmine,['16212981'],['C[C@@]12CCN(C1N(C3=C2C=C(C=C3)OC(=O)NC)C)C.C1=CC=C(C(=C1)C(=O)O)O'],Launched,acetylcholinesterase inhibitor|cholinesterase inhibitor,ACHE|BCHE,cardiology|neurology/psychiatry|ophthalmology|gastroenterology,hypotension|Alzheimer's disease|glaucoma|gastroparesis
16570,piceatannol,['4813'],['C1=CC(=C(C=C1C=CC2=CC(=CC(=C2)O)O)O)O'],Preclinical,SYK inhibitor,ATP5A1|ATP5B|ATP5C1|IRF3,,
16571,piceid,['5281718'],['COc1ccc(/C=C/c2cc(O)cc(O[C@@H]3O[C@H](CO)[C@@H](O)[C@H](O)[C@H]3O)c2)cc1'],,,,,
16572,picotamide,['4814'],['COc1ccc(cc1C(=O)NCc1cccnc1)C(=O)NCc1cccnc1'],Launched,thromboxane receptor antagonist|thromboxane synthase inhibitor,TBXA2R,hematology,thrombosis
16573,picrotoxin,"['24041599', '6473767', '73707459']","['CC(=C)[C@@H]1[C@H]2OC(=O)[C@@H]1[C@]3(O)C[C@H]4O[C@]45C(=O)O[C@H]2[C@@]53C.CC(C)(O)[C@@H]1[C@H]2OC(=O)[C@@H]1[C@]3(O)C[C@H]4O[C@]45C(=O)O[C@H]2[C@@]53C', 'CC(=C)[C@H]1[C@H]2OC(=O)C1[C@]1(O)CC3O[C@]33C(=O)O[C@@H]2[C@]13C', 'CC(=C)[C@H]1[C@H]2OC(=O)C1[C@]3(O)CC4O[C@]45C(=O)O[C@H]2[C@@]53C']",,,,,
16574,pidotimod,['65944'],['OC(=O)[C@@H]1CSCN1C(=O)[C@@H]1CCC(=O)N1'],Launched,interferon receptor agonist|interleukin receptor agonist,,infectious disease,immune adjuvant
16575,pifithrin,['443278'],['Cc1ccc(cc1)c2cn3c4CCCCc4sc3n2'],,,,,
16576,pifithrin-alpha,['4817'],['Cc1ccc(cc1)C(=O)Cn1c2CCCCc2sc1=N'],Preclinical,TP53 inhibitor,TP53,,
16577,pifithrin-mu,['327653'],['NS(=O)(=O)C#Cc1ccccc1'],Preclinical,HSP inhibitor,HSPA1A|TP53,,
16578,pilocarpine,['5909'],['CC[C@H]1[C@@H](Cc2cncn2C)COC1=O'],Launched,acetylcholine receptor agonist,CHRM1|CHRM2|CHRM3|CHRM4|CHRM5,ophthalmology|cardiology,glaucoma|hypertension
16579,pimethixene,['4822'],['CN1CCC(CC1)=C1c2ccccc2Sc2ccccc12'],Launched,antihistamine,,neurology/psychiatry|allergy,attention-deficit/hyperactivity disorder (ADHD)|anxiety|sleep cycle support|allergic rhinitis
16580,pimozide,['16362'],['Fc1ccc(cc1)C(CCCN1CCC(CC1)n1c2ccccc2[nH]c1=O)c1ccc(F)cc1'],Launched,dopamine receptor antagonist,CACNA1I|CALM1|DRD1|DRD2|DRD3|DRD4|DRD5|HRH1|HTR1A|HTR2A|KCNA10|KCNH2,neurology/psychiatry,Tourette's disorder
16581,pinacidil,['4826'],['CC(C(C)(C)C)N=C(NC#N)NC1=CC=NC=C1'],Launched,ATP channel activator|potassium channel activator,ABCC8|ABCC9,cardiology,hypertension
16582,pindolol,['4828'],['CC(C)NCC(O)COc1cccc2[nH]ccc12'],Launched,adrenergic receptor antagonist,ADRB1|ADRB2|HTR1A|HTR2A|HTR2B,cardiology,hypertension
16583,pinocembrin,['68071'],['Oc1cc(O)c2C(=O)C[C@H](Oc2c1)c1ccccc1'],Phase 2,cytochrome P450 inhibitor,CYP1B1,,
16584,pioglitazone,['4829'],['CCc1ccc(CCOc2ccc(CC3SC(=O)NC3=O)cc2)nc1'],Launched,insulin sensitizer|PPAR receptor agonist,PPARG|TRPM3,endocrinology,diabetes mellitus
16585,pipamperone,['4830'],['NC(=O)C1(CCN(CCCC(=O)c2ccc(F)cc2)CC1)N1CCCCC1'],Launched,dopamine receptor antagonist,DRD2|HRH1|HTR1A|HTR1B|HTR1D|HTR2A,neurology/psychiatry,schizophrenia
16586,pipemidic-acid,['4831'],['CCn1cc(C(O)=O)c(=O)c2cnc(nc12)N1CCNCC1'],Launched,topoisomerase inhibitor,,infectious disease,gram-negative bacterial infections
16587,piperacetazine,['19675'],['CC(=O)c1ccc2Sc3ccccc3N(CCCN3CCC(CCO)CC3)c2c1'],Launched,dopamine receptor antagonist,,neurology/psychiatry,schizophrenia
16588,piperacillin,"['12799467', '23666879']","['CCN1CCN(C(=O)N[C@@H](C(=O)N[C@H]2[C@@H]3SC(C)(C)[C@@H](N3C2=O)C(O)=O)c2ccccc2)C(=O)C1=O', 'CCN1CCN(C(=O)N[C@@H](C(=O)N[C@H]2[C@H]3SC(C)(C)[C@@H](N3C2=O)C(O)=O)c2ccccc2)C(=O)C1=O']",Launched,bacterial cell wall synthesis inhibitor,,infectious disease,intra-abdominal infections|skin infections|pelvic inflammatory disease|pneumonia
16589,piperidolate,['4839'],['CCN1CCCC(C1)OC(=O)C(c1ccccc1)c1ccccc1'],Launched,acetylcholine receptor antagonist,CHRM1,neurology/psychiatry,spasms
16590,piperine,['638024'],['O=C(\\C=C\\C=C\\c1ccc2OCOc2c1)N1CCCCC1'],Phase 1,monoamine oxidase inhibitor,MAOA|MAOB|TRPV1,,
16591,piperlongumine,['637858'],['COc1cc(/C=C/C(=O)N2CCC=CC2=O)cc(OC)c1OC'],,,,,
16592,piracetam,['4843'],['NC(=O)CN1CCCC1=O'],Launched,acetylcholine receptor agonist,GRIA1|GRIA2|GRIA3|GRIA4,neurology/psychiatry,senile dementia
16593,pirarubicin,['11296583'],['COc1cccc2C(=O)c3c(O)c4C[C@](O)(C[C@H](O[C@H]5C[C@H](N)[C@H](O[C@@H]6CCCCO6)[C@H](C)O5)c4c(O)c3C(=O)c12)C(=O)CO'],Launched,topoisomerase inhibitor,TOP2A,oncology,breast cancer
16594,pirenperone,['4847'],['Cc1nc2ccccn2c(=O)c1CCN1CCC(CC1)C(=O)c1ccc(F)cc1'],Preclinical,serotonin receptor antagonist,HTR2A|HTR7,,
16595,pirenzepine,['185248'],['CN1CCN(CC(=O)N2c3ccccc3C(=O)Nc3cccnc23)CC1'],Launched,acetylcholine receptor antagonist,CHRM1|CHRM2|CHRM3|CHRM4|CHRM5,gastroenterology,peptic ulcer disease (PUD)
16596,piretanide,['4849'],['NS(=O)(=O)c1cc(cc(N2CCCC2)c1Oc1ccccc1)C(O)=O'],Launched,glucocorticoid receptor agonist,SLC12A1|SLC12A2,cardiology,hypertension|edema
16597,pirfenidone,['40632'],['Cc1ccc(=O)n(c1)-c1ccccc1'],Launched,TGF beta receptor inhibitor,FURIN|TNF,pulmonary,idiopathic pulmonary fibrosis (IPF)
16598,piribedil,['4850'],['C(N1CCN(CC1)c1ncccn1)c1ccc2OCOc2c1'],Launched,dopamine receptor agonist,ADRA1A|ADRA2A|ADRA2C|DRD2|DRD3|DRD4|HTR1A|HTR2B,neurology/psychiatry,Parkinson's Disease|dizziness
16599,pirinixic-acid,['5694'],['Cc1cccc(Nc2cc(Cl)nc(SCC(O)=O)n2)c1C'],Preclinical,PPAR receptor agonist,PPARA,,
16600,pirlindole,['68802'],['Cc1ccc2n3CCNC4CCCc(c34)c2c1'],Launched,monoamine oxidase inhibitor,MAOA,neurology/psychiatry,depression
16601,piromidic-acid,['4855'],['CCn1cc(C(O)=O)c(=O)c2cnc(nc12)N1CCCC1'],Phase 2,bacterial DNA gyrase inhibitor,,,
16602,piroxicam,['54676228'],['CN1C(C(=O)Nc2ccccn2)C(=O)c2ccccc2S1(=O)=O'],Launched,cyclooxygenase inhibitor,PTGS1|PTGS2,rheumatology,osteoarthritis|rheumatoid arthritis
16603,pitavastatin,['11251522'],['O[C@H](C[C@H](O)/C=C/c1c(nc2ccccc2c1c3ccc(F)cc3)C4CC4)CC(=O)O[Ca]OC(=O)C[C@H](O)C[C@H](O)/C=C/c5c(nc6ccccc6c5c7ccc(F)cc7)C8CC8'],Launched,HMGCR inhibitor,HMGCR,endocrinology,hyperlipidemia
16604,pivampicillin,['73707476'],['CC(C)(C)C(=O)OCOC(=O)[C@@H]1N2[C@@H](SC1(C)C)[C@H](NC(=O)[C@H](N)c1ccccc1)C2=O'],Launched,bacterial cell wall synthesis inhibitor,,pulmonary|infectious disease,bronchitis|pneumonia|gynecologic infections
16605,pivmecillinam,['73707477'],['CC1([C@@H](N2[C@@H](S1)[C@@H](C2=O)N=CN3CCCCCC3)C(=O)OCOC(=O)C(C)(C)C)C'],Launched,bacterial cell wall synthesis inhibitor,,infectious disease,urinary tract infections|gram-negative bacterial infections
16606,pizotifen,['27400'],['CN1CCC(CC1)=C1c2ccsc2CCc2ccccc12'],Launched,serotonin receptor antagonist,HTR1A|HTR2A|HTR2C,neurology/psychiatry,migraine headache
16607,plerixafor,['65015'],['C(N1CCCNCCNCCCNCC1)c1ccc(CN2CCCNCCNCCCNCC2)cc1'],Launched,CC chemokine receptor antagonist,ACKR3|CCR4|CXCR4,hematologic malignancy,non-Hodgkin lymphoma (NHL)|multiple myeloma
16608,plinabulin,['9949641'],['CC(C)(C)c1[nH]cnc1\\C=c1/[nH]c(=O)\\c(=C\\c2ccccc2)[nH]c1=O'],Phase 3,tubulin polymerization inhibitor,,,
16609,plumbagin,['10205'],['CC1=CC(=O)c2c(O)cccc2C1=O'],Preclinical,anticancer agent,,,
16610,podophyllotoxin,['10607'],['COC1=CC(=CC(=C1OC)OC)[C@H]2[C@@H]3[C@H](COC3=O)[C@H](C4=CC5=C(C=C24)OCO5)O'],Launched,microtubule inhibitor|tubulin polymerization inhibitor,IGF1R|TOP2A|TUBA4A|TUBB,infectious disease,genital warts
16611,polydatin,['5281718'],['OC[C@H]1O[C@@H](Oc2cc(O)cc(\\C=C\\c3ccc(O)cc3)c2)[C@H](O)[C@@H](O)[C@@H]1O'],Phase 2,ICAM1 expression inhibitor,ICAM1,,
16612,ponalrestat,['5278'],['OC(=O)Cc1nn(Cc2ccc(Br)cc2F)c(=O)c3ccccc13'],,,,,
16613,ponatinib,['24826799'],['CN1CCN(Cc2ccc(NC(=O)c3ccc(C)c(c3)C#Cc3cnc4cccnn34)cc2C(F)(F)F)CC1'],Launched,Bcr-Abl kinase inhibitor|FLT3 inhibitor|PDGFR tyrosine kinase receptor inhibitor,ABL1|BCR|FGFR1|FGFR2|FGFR3|FGFR4|FLT3|KDR|KIT|LCK|LYN|PDGFRA|RET|SRC|TEK,hematologic malignancy,chronic myeloid leukemia (CML)|acute lymphoblastic leukemia (ALL)
16614,potassium-canrenoate,['656615'],['C[C@]12CC[C@H]3[C@@H](C=CC4=CC(=O)CC[C@]34C)[C@@H]1CC[C@@]2(O)CCC(O)=O'],Launched,mineralocorticoid receptor antagonist,NR3C2,cardiology,edema
16615,practolol,['4883'],['CC(C)NCC(O)COc1ccc(NC(C)=O)cc1'],Withdrawn,adrenergic receptor antagonist,ADRB1,,
16616,pralidoxime,['5464070'],['C[n+]1ccccc1C=NO'],Launched,acetylcholinesterase inhibitor,ACHE|BCHE,critical care,organophosphate poisoning
16617,pramipexole,['9964861'],['CCCN[C@H]1CCc2nc(N)sc2C1'],Launched,dopamine receptor agonist,ADRA2A|ADRA2B|ADRA2C|DRD1|DRD2|DRD3|DRD4|DRD5|HTR1A|HTR1B|HTR1D|HTR2A|HTR2B|HTR2C,neurology/psychiatry,Parkinson's Disease
16618,pramocaine,['73957'],['CCCCOc1ccc(OCCCN2CCOCC2)cc1'],,,,,
16619,pranlukast,['4887'],['O=C(Nc1cccc2c1oc(cc2=O)-c1nnn[nH]1)c1ccc(OCCCCc2ccccc2)cc1'],Launched,leukotriene receptor antagonist,CYSLTR1|CYSLTR2|IL5|MUC2|NFKB1|RNASE3|TNF,pulmonary,bronchospasm|asthma
16620,pranoprofen,['4888'],['CC(C(O)=O)c1ccc2Oc3ncccc3Cc2c1'],Launched,cyclooxygenase inhibitor,,neurology/psychiatry,pain relief
16621,pravastatin,['54687'],['CC[C@H](C)C(=O)O[C@H]1C[C@@H](C=C2[C@H]1[C@H]([C@H](C=C2)C)CC[C@H](C[C@H](CC(=O)O)O)O)O'],Launched,HMGCR inhibitor,HMGCR|SLCO1B1,endocrinology|cardiology,hypercholesterolemia|myocardial infarction|hyperlipidemia
16622,praziquantel,['4891'],['O=C(C1CCCCC1)N1CC2N(CCc3ccccc23)C(=O)C1'],Launched,anthelmintic agent,,infectious disease,gastrointestinal parasites|cystic hydatid disease|schistosomiasis
16623,prazosin,['68546'],['COc1cc2nc(nc(N)c2cc1OC)N3CCN(CC3)C(=O)c4ccco4'],Launched,adrenergic receptor antagonist,ADRA1A|ADRA1B|ADRA1D|ADRA2A|ADRA2B|ADRA2C|KCNH2|KCNH6|KCNH7,cardiology,hypertension
16624,prednicarbate,['73707478'],['CCC(=O)OCC(=O)[C@]1(CC[C@H]2[C@@]1(C[C@@H]([C@H]3[C@H]2CCC4=CC(=O)C=C[C@]34C)O)C)OC(=O)OCC'],Launched,phospholipase activator,PLA2G1B,dermatology|ophthalmology|neurology/psychiatry,eczema|contact dermatitis|itching
16625,prednisolone,"['7048968', '7061270']","['C[C@H]1C[C@H]2[C@H]3CC[C@](O)(C(=O)CO)[C@@]3(C)C[C@H](O)[C@H]2[C@@]2(C)C=CC(=O)C=C12', 'C[C@]12C[C@H](O)C3C(CCC4=CC(=O)C=C[C@]34C)C1CC[C@]2(O)C(=O)CO', 'C[C@]12C[C@H](O)[C@H]3[C@@H](CCC4=CC(=O)C=C[C@]34C)[C@H]1CC[C@]2(O)C(=O)CO']",Launched,glucocorticoid receptor agonist,NR3C1|NR3C2|SERPINA6,ophthalmology|dermatology|infectious disease,conjunctivitis|rosacea|punctate keratitis|shingles|iritis|cyclitis
16626,prednisolone-acetate,['5834'],['CC(=O)OCC(=O)[C@@]1(O)CCC2C3CCC4=CC(=O)C=CC4(C)C3[C@@H](O)C[C@]12C'],Launched,glucocorticoid receptor agonist,NR3C1,ophthalmology|dermatology|infectious disease,conjunctivitis|rosacea|punctate keratitis|shingles|iritis|cyclitis
16627,prednisolone-hemisuccinate,['656804'],['C[C@]12C[C@H](O)C3C(CCC4=CC(=O)C=C[C@]34C)C1CC[C@]2(O)C(=O)COC(=O)CCC(O)=O'],Preclinical,glucocorticoid receptor agonist,NR3C1,,
16628,prednisone,['40469477'],['C[C@]12CC(=O)[C@@H]3[C@@H]([C@@H]1CC[C@@]2(C(=O)CO)O)CCC4=CC(=O)C=C[C@]34C'],Launched,glucocorticoid receptor agonist,HSD11B1|NR3C1,endocrinology|rheumatology|infectious disease|dermatology|ophthalmology|hematology|gastroenterology|neurology/psychiatry,congenital adrenal hyperplasia|hypercalcemia|rheumatoid arthritis|psoriatic arthritis|ankylosing spondylitis|bursitis|osteoarthritis|epicondylitis|dermatomyositis|psoriasis|mycosis|conjunctivitis|anemia|ulcerative colitis|enteritis|multiple sclerosis|meningitis
16629,pregnenolone,['8955'],['CC(=O)[C@H]1CC[C@@H]2[C@@]1(CC[C@H]3[C@H]2CC=C4[C@@]3(CC[C@@H](C4)O)C)C'],Launched,glutamate receptor modulator,SULT2B1,rheumatology,rheumatoid arthritis
16630,pregnenolone-succinate,['51413113'],['CC(=O)[C@H]1CCC2C3CC=C4C[C@H](CC[C@]4(C)C3CC[C@]12C)OC(=O)CCC(O)=O'],Preclinical,GABA receptor negative allosteric modulator,CYP17A1,,
16631,prenylamine,['65557'],['CC(Cc1ccccc1)NCCC(c1ccccc1)c1ccccc1'],Withdrawn,calcium channel blocker,,,
16632,prilocaine,['92163'],['CCCNC(C)C(=O)Nc1ccccc1C'],Launched,local anesthetic,SCN5A,neurology/psychiatry,anesthetic
16633,prima-1-met,['73707386'],['COC[C@]1(CO)[N@@]2CC[C@@H](CC2)C1=O'],,,,,
16634,primaquine,['4908'],['COc1cc(NC(C)CCCN)c2ncccc2c1'],Launched,antimalarial agent|DNA inhibitor,,infectious disease,malaria
16635,primidone,['4909'],['CCC1(C(=O)NCNC1=O)c1ccccc1'],Launched,GABA receptor antagonist,CHRNA4|CHRNA7|GABRA1|GABRA2|GABRA3|GABRA4|GABRA5|GABRA6|GABRB1|GABRB2|GABRB3|GABRD|GABRE|GABRG1|GABRG2|GABRG3|GABRP|GABRQ|GRIA2|GRIK2|SCN10A|SCN11A|SCN1A|SCN2A|SCN3A|SCN4A|SCN5A|SCN7A|SCN8A|SCN9A,neurology/psychiatry,seizures
16636,proadifen,['4910'],['CCCC(C(=O)OCCN(CC)CC)(c1ccccc1)c1ccccc1'],Preclinical,nitric oxide synthase inhibitor,NOS1,,
16637,probenecid,['4911'],['CCCN(CCC)S(=O)(=O)c1ccc(cc1)C(O)=O'],Launched,uricosuric blocker,PANX1|SLC22A11|SLC22A6|SLC22A8|SLCO1C1,nephrology|rheumatology,hyperuricemia|gout
16638,probucol,['4912'],['CC(C)(Sc1cc(c(O)c(c1)C(C)(C)C)C(C)(C)C)Sc1cc(c(O)c(c1)C(C)(C)C)C(C)(C)C'],Launched,atherogenesis inhibitor,ABCA1|ABCB11|CES1,cardiology,coronary artery disease (CAD)
16639,procainamide,['4913'],['CCN(CC)CCNC(=O)c1ccc(N)cc1'],Launched,sodium channel blocker,DNMT1|SCN5A,cardiology,ventricular arrhythmias|ventricular tachycardia (VT)
16640,procaine,['5795'],['CCN(CC)CCOC(=O)c1ccc(N)cc1'],Launched,HMGCR inhibitor,CHRNA2|GRIN3A|HTR3A|KCNMA1|KCNMB1|KCNMB2|KCNMB3|KCNMB4|KCNN1|KCNN2|KCNN3|KCNN4|MAOA|MAOB|RYR1|RYR2|SCN10A|SLC6A3,neurology/psychiatry,anesthetic
16641,procarbazine,['9703'],['CNNCc1ccc(cc1)C(=O)NC(C)C'],Launched,monoamine oxidase inhibitor,,hematologic malignancy,Hodgkin's lymphoma
16642,procaterol,['4916'],['CCC(NC(C)C)C(O)c1ccc(O)c2[nH]c(=O)ccc12'],Launched,adrenergic receptor agonist,ADRB2,pulmonary,asthma
16643,prochlorperazine,['4917'],['CN1CCN(CCCN2c3ccccc3Sc3ccc(Cl)cc23)CC1'],Launched,dopamine receptor antagonist,DRD1|DRD2|DRD3|DRD4,gastroenterology,nausea|vomiting
16644,procyclidine,['207841'],['OC(CCN1CCCC1)(C1CCCCC1)c1ccccc1'],Launched,acetylcholine receptor antagonist,,neurology/psychiatry,parkinsonism|Parkinson's Disease|akathisia|dystonia
16645,profenamine,['3290'],['CCN(CC)C(C)CN1c2ccccc2Sc2ccccc12'],Launched,butyrylcholinesterase inhibitor|cholinergic receptor antagonist,CHRM1,neurology/psychiatry,Parkinson's Disease
16646,progesterone,['5994'],['CC(=O)[C@H]1CC[C@@H]2[C@@]1(CC[C@H]3[C@H]2CCC4=CC(=O)CC[C@]34C)C'],Launched,progesterone receptor agonist,CATSPER1|CATSPER2|CATSPER3|CATSPER4|CYP17A1|ESR1|NR3C2|OPRK1|PGR|TRPC5,obstetrics/gynecology|endocrinology,infertility|amenorrhea
16647,proglumide,['23677833'],['CCCN(CCC)C(=O)C(CCC(O)=O)NC(=O)c1ccccc1'],Withdrawn,CCK receptor antagonist,CCKAR|CCKBR,,
16648,proguanil,['6178111'],['CC(C)NC(=N)NC(=N)Nc1ccc(Cl)cc1'],Launched,dihydrofolate reductase inhibitor,DHFR,infectious disease,malaria
16649,promazine,['4926'],['CN(C)CCCN1c2ccccc2Sc2ccccc12'],Launched,dopamine receptor antagonist,ADRA1A|ADRA1B|ADRA1D|CHRM1|CHRM2|CHRM3|CHRM4|CHRM5|DRD1|DRD2|DRD3|DRD4|HRH1|HTR2A|HTR2C,neurology/psychiatry,schizophrenia
16650,promethazine,['6014'],['CC(CN1c2ccccc2Sc2ccccc12)N(C)C'],Launched,histamine receptor antagonist,HRH1,neurology/psychiatry|allergy,sedative|allergic rhinitis
16651,prometon,['4928'],['COc1nc(NC(C)C)nc(NC(C)C)n1'],,,,,
16652,pronetalol,['4930'],['CC(C)NCC(O)c1ccc2ccccc2c1'],,,,,
16653,propafenone,['4932'],['CCCNCC(O)COc1ccccc1C(=O)CCc1ccccc1'],Launched,antiarrhythmic,ADRB1|ADRB2|KCNA5|KCNH2,cardiology,atrial fibrillation (AF)|ventricular tachycardia (VT)|ventricular arrhythmias
16654,propanoic-acid,['14182642'],['OC(=O)CCc1c[nH]c2ccc(O)cc12'],,,,,
16655,propantheline,['9279'],['CC(C)[N+](C)(CCOC(=O)C1c2ccccc2Oc2ccccc12)C(C)C'],Launched,acetylcholine receptor antagonist,CHRM1|CHRM2|CHRM3|CHRM4,gastroenterology,peptic ulcer disease (PUD)
16656,propentofylline,['4938'],['CCCn1cnc2n(C)c(=O)n(CCCCC(C)=O)c(=O)c12'],Launched,adenosine reuptake inhibitor|phosphodiesterase inhibitor,PDE1A,neurology/psychiatry,stroke
16657,propidium,['24871268'],['CC[N+](C)(CC)CCC[n+]1c(-c2ccccc2)c2cc(N)ccc2c2ccc(N)cc12'],,,,,
16658,propofol,['4943'],['CC(C)c1cccc(C(C)C)c1O'],Launched,benzodiazepine receptor agonist,FAAH|GABRA1|GABRA2|GABRA3|GABRA4|GABRA5|GABRA6|GABRB1|GABRB2|GABRB3|GABRD|GABRE|GABRG1|GABRG2|GABRG3|GABRP|GABRQ|SCN2A|SCN4A,neurology/psychiatry,anesthetic
16659,propoxycaine,['6843'],['CCCOc1cc(N)ccc1C(=O)OCCN(CC)CC'],Launched,local anesthetic,,neurology/psychiatry,anesthetic
16660,propranolol,"['165193', '21138', '91536']","['CC(C)NCC(O)COc1cccc2ccccc12', 'CC(C)NC[C@@H](O)COc1cccc2ccccc12', 'CC(C)NC[C@H](O)COc1cccc2ccccc12']",Launched,adrenergic receptor antagonist,ADRB1|ADRB2,cardiology|neurology/psychiatry,hypertension|angina pectoris|migraine headache
16661,propylpyrazole,['35027762'],['CCCc1cn(nc1-c1ccc(O)cc1)-c1ccc(O)cc1'],,,,,
16662,propylthiouracil,['657298'],['CCCc1cc(=O)[nH]c(=S)[nH]1'],Launched,thyroid peroxidase inhibitor,DIO1|TPO,endocrinology,hyperthyroidism|Grave's disease|goiter
16663,proscillaridin,['5284613'],['C[C@@H]1O[C@@H](O[C@H]2CC[C@]3(C)C4CC[C@]5(C)[C@H](CC[C@]5(O)C4CCC3=C2)c6ccc(=O)oc6)[C@H](O)[C@H](O)[C@H]1O'],,,,,
16664,proscillaridin-a,['73707522'],['C[C@@H]1O[C@@H](O[C@H]2CC[C@]3(C)[C@H]4CC[C@]5(C)[C@H](CC[C@]5(O)[C@H]4CCC3=C2)c2ccc(=O)oc2)[C@H](O)[C@H](O)[C@H]1O'],,,,,
16665,prostaglandin,['13292831'],['CCCCC[C@H](O)\\C=C\\[C@H]1[C@H](C\\C=C/CCCC(O)=O)[C@@H](O)CC1=O'],,,,,
16666,prostaglandin-a1,['5281912'],['CCCCC[C@H](O)/C=C/[C@H]1C=CC(=O)[C@@H]1CCCCCCC(=O)O'],,,,,
16667,prostaglandin-b2,['5280881'],['CCCCC[C@H](O)/C=C/C1=C(C/C=C\\CCCC(=O)O)C(=O)CC1'],,,,,
16668,prostaglandin-e1,['149351'],['CCCCC[C@H](O)C=C[C@H]1[C@H](O)CC(=O)[C@@H]1CCCCCCC(O)=O'],,,,,
16669,prostratin,['454217'],['C[C@@H]1C[C@]2(OC(=O)C)[C@H]([C@@H]3C=C(CO)C[C@@]4(O)[C@@H](C=C(C)C4=O)[C@@]13O)C2(C)C'],,,,,
16670,protein-tyrosine-phosphatase-inhibitor-IV,['6420094'],['CC(C)(c1ccc(NS(=O)(=O)C(F)(F)F)cc1)c2ccc(cc2)C(C)(C)c3cccc(NS(=O)(=O)C(F)(F)F)c3'],,,,,
16671,prothionamide,['666418'],['CCCC1=NC=CC(=C1)C(=S)N'],,,,,
16672,protopine,['4970'],['CN1CCc2cc3OCOc3cc2C(=O)Cc4ccc5OCOc5c4C1'],,,,,
16673,protriptyline,['4976'],['CNCCCC1c2ccccc2C=Cc2ccccc12'],Launched,tricyclic antidepressant,SLC6A2|SLC6A4,neurology/psychiatry,depression
16674,proxyfan,['6421522'],['C(COCc1ccccc1)Cc1cnc[nH]1'],Preclinical,histamine receptor modulator,HRH3,,
16675,proxymetacaine,['517321'],['CCCOc1ccc(cc1N)C(=O)OCCN(CC)CC'],Launched,sodium channel blocker,SCN10A|SCN5A,neurology/psychiatry,anesthetic
16676,prunetin,['5281804'],['COc1cc(O)c2c(=O)c(coc2c1)c3ccc(O)cc3'],,,,,
16677,pseudoephedrine,['7028'],['CN[C@@H](C)[C@@H](O)c1ccccc1'],,,,,
16678,pseudopelletierine,['11096'],['CN1C2CCCC1CC(=O)C2'],,,,,
16679,psoromic-acid,['23725'],['COc1cc(C(=O)O)c2Oc3c(C=O)c(O)cc(C)c3C(=O)Oc2c1C'],,,,,
16680,pterostilbene,['5281727'],['COc1cc(OC)cc(/C=C/c2ccc(O)cc2)c1'],Phase 2/Phase 3,cyclooxygenase inhibitor|PPAR receptor agonist,PTGS2,,
16681,purmorphamine,['5284329'],['C1CCC(CC1)n1cnc2c(Nc3ccc(cc3)N3CCOCC3)nc(Oc3cccc4ccccc34)nc12'],Preclinical,smoothened receptor agonist,SMO,,
16682,puromycin,"['23618032', '5702164']","['COc1ccc(C[C@H](N)C(=O)N[C@@H]2[C@@H](CO)OC([C@@H]2O)n2cnc3c(ncnc23)N(C)C)cc1', 'COc1ccc(C[C@H](N)C(=O)N[C@H]2[C@@H](O)[C@@H](O[C@@H]2CO)n3cnc4c(ncnc34)N(C)C)cc1']",Preclinical,protein synthesis inhibitor,NHP2L1|RPL10L|RPL11|RPL13A|RPL15|RPL19|RPL23|RPL23A|RPL26L1|RPL3|RPL37|RPL8|RSL24D1,,
16683,purpurogallin,['5281571'],['Oc1cc2cccc(O)c(=O)c2c(O)c1O'],,,,,
16684,purvalanol-a,['456214'],['CC(C)[C@H](CO)Nc1nc(Nc2cccc(Cl)c2)c2ncn(C(C)C)c2n1'],,,,,
16685,purvalanol-b,['448991'],['CC(C)[C@H](CO)Nc1nc(Nc2ccc(C(O)=O)c(Cl)c2)c2ncn(C(C)C)c2n1'],,,,,
16686,pyrantel,['708857'],['CN1CCCN=C1C=Cc1cccs1'],Launched,acetylcholine receptor agonist|nicotinic receptor agonist,,infectious disease,gastrointestinal roundworms
16687,pyrazinamide,['1046'],['NC(=O)c1cnccn1'],Launched,fatty acid synthase inhibitor,FASN,infectious disease,tuberculosis
16688,pyrazolanthrone,['8515'],['O=C1c2ccccc2-c2n[nH]c3cccc1c23'],Preclinical,JNK inhibitor,MAPK10|MAPK8|MAPK8IP1|MAPK9|TTK,,
16689,"pyridine-2,4-dicarboxylic-acid",['10365'],['OC(=O)c1ccnc(c1)C(=O)O'],,,,,
16690,pyridine-2-aldoxime,['5353895'],['CN1C=CC=C\\C1=C/N=O'],,,,,
16691,pyridoxine,['6019'],['Cc1ncc(CO)c(CO)c1O'],Launched,vitamin B,DDC|PDXK,metabolism,vitamin B6 deficiency
16692,pyrimethamine,['4993'],['CCc1nc(N)nc(N)c1-c1ccc(Cl)cc1'],Launched,dihydrofolate reductase inhibitor,DHFR|SLC47A1,infectious disease,malaria
16693,pyrithyldione,['4994'],['CCC1(CC)C(=O)NC=CC1=O'],Withdrawn,psychoactive drug,,,
16694,pyroxamide,['4996'],['ONC(=O)CCCCCCC(=O)Nc1cccnc1'],Phase 1,HDAC inhibitor,HDAC1,,
16695,pyrrolidine-dithiocarbamate,['517348'],['SC(=S)N1CCCC1'],Preclinical,NFkB pathway inhibitor,HSD11B1|RELA,,
16696,pyrvinium,"['71311933', '73707346']","['CN(C)c1ccc2[n+](C)c(C=Cc3cc(C)n(c3C)-c3ccccc3)ccc2c1.CN(C)c1ccc2[n+](C)c(C=Cc3cc(C)n(c3C)-c3ccccc3)ccc2c1', 'CN(C)c1ccc2[n+](C)c(CCc3cc(C)n(c3C)-c3ccccc3)ccc2c1']",,,,,
16697,pyrvinium-pamoate,['73707397'],['CN(C)c1ccc2[n+](C)c(CCc3cc(C)n(c3C)-c3ccccc3)ccc2c1'],Launched,androgen receptor antagonist,AR,infectious disease,pinworm
16698,quercetagetin,['386331'],['COc1ccc(cc1OC)-c1oc2cc(OC)c(OC)c(OC)c2c(=O)c1OC'],,,,,
16699,quercetin,['16212154'],['Oc1cc(O)c2c(c1)oc(-c1ccc(O)c(O)c1)c(O)c2=O'],Launched,polar auxin transport inhibitor,ATP5A1|ATP5B|ATP5C1|HCK|HIBCH|PIK3CG|PIM1|STK17B|UGT3A1,neurology/psychiatry|allergy,fatigue|allergic rhinitis|drowsiness
16700,quetiapine,['5002'],['OCCOCCN1CCN(CC1)C1=Nc2ccccc2Sc2ccccc12'],Launched,dopamine receptor antagonist|serotonin receptor antagonist,ADRA1A|ADRA1B|ADRA1D|ADRA2A|ADRA2B|ADRA2C|CHRM1|CHRM2|CHRM3|CHRM4|CHRM5|DRD1|DRD2|DRD3|DRD4|DRD5|HRH1|HTR1A|HTR1B|HTR1D|HTR1E|HTR1F|HTR2A|HTR2C|HTR3A|HTR6|HTR7|SLC6A2,neurology/psychiatry,schizophrenia|bipolar disorder
16701,quiflapon,['60923'],['CC(C)(C)Sc1c(CC(C)(C)C(O)=O)n(Cc2ccc(Cl)cc2)c2ccc(OCc3ccc4ccccc4n3)cc12'],Phase 2,leukotriene synthesis inhibitor,ALOX5|ALOX5AP,,
16702,quinapril,['54892'],['CCOC(=O)[C@H](CCc1ccccc1)N[C@@H](C)C(=O)N1Cc2ccccc2C[C@H]1C(O)=O'],Launched,angiotensin converting enzyme inhibitor,ACE,cardiology,hypertension|congestive heart failure|angioedema
16703,quinelorane,['57242'],['CCCN1CCC[C@@H]2Cc3nc(N)ncc3C[C@@H]12'],Phase 3,dopamine receptor agonist,DRD2|DRD3,,
16704,quinethazone,['6307'],['CCC1NC(=O)c2cc(c(Cl)cc2N1)S(N)(=O)=O'],Launched,thiazide diuretic,,cardiology,hypertension
16705,quinidine,['441074'],['COC1=CC2=C(C=CN=C2C=C1)[C@@H]([C@H]3C[C@@H]4CCN3C[C@@H]4C=C)O'],Launched,sodium channel blocker,KCNA5|KCNA7|KCNH1|KCNH2|KCNH5|KCNK1|KCNK6|SCN5A|SLC29A4,infectious disease|cardiology,malaria|atrial fibrillation (AF)|ventricular arrhythmias
16706,quinine,['3034034'],['COc1ccc2nccc([C@@H](O)[C@H]3C[C@@H]4CC[N@]3C[C@@H]4C=C)c2c1'],Launched,hemozoin biocrystallization inhibitor,GP9|KCNB2|KCNN4|SLC29A4,infectious disease,malaria
16707,quinisocaine,"['6857', '9883104']",['CCCCc1cc2ccccc2c(OCCN(C)C)n1'],,,,,
16708,quinoclamine,['17748'],['NC1=C(Cl)C(=O)c2ccccc2C1=O'],,,,,
16709,quinpirol-(-),['54562'],['CCCN1CCC[C@@H]2Cc3n[nH]cc3C[C@@H]12'],Phase 2,dopamine receptor agonist,DRD1|DRD2|DRD3|DRD4|HTR1A|HTR2A|HTR2B|HTR2C,,
16710,quinpirole,['54562'],['CCCN1CCCC2Cc3n[nH]cc3CC21'],,,,,
16711,quipazine,['5011'],['C1CN(CCN1)c1ccc2ccccc2n1'],Preclinical,serotonin receptor agonist,HTR1A|HTR1D|HTR2A|HTR2B|HTR2C|HTR3A|HTR3B|HTR6|SLC6A4,,
16712,quizartinib,['24889392'],['CC(C)(C)c1cc(NC(=O)Nc2ccc(cc2)-c2cn3c(n2)sc2cc(OCCN4CCOCC4)ccc32)no1'],Phase 3,FLT3 inhibitor,CSF1R|FLT3|KIT|PDGFRA|PDGFRB|RET,,
16713,r(-)-propylnorapomorphine,['167715'],['CCCN1CCc2cccc-3c2[C@H]1Cc4ccc(O)c(O)c43'],,,,,
16714,rabeprazole,['5029'],['COCCCOc1ccnc(CS(=O)c2nc3ccccc3[nH]2)c1C'],Launched,ATPase inhibitor|gastrin inhibitor,ATP4A,gastroenterology,gastroesophageal reflux disease (GERD)|duodenal ulcer disease|Zollinger-Ellison syndrome
16715,racecadotril,['107751'],['CC(=O)SCC(Cc1ccccc1)C(=O)NCC(=O)OCc1ccccc1'],Launched,enkephalinase inhibitor,MME,gastroenterology,diarrhea
16716,raclopride,['3033769'],['CCN1CCC[C@H]1CNC(=O)c1c(O)c(Cl)cc(Cl)c1OC'],Launched,dopamine receptor antagonist,DRD2|DRD3|HTR1A,,
16717,radicicol,"['23351218', '5311380']","['CC1CC2OC2\\C=C\\C=C\\C(=O)Cc2c(Cl)c(O)cc(O)c2C(=O)O1', 'C[C@@H]1C[C@@H]2O[C@H]2\\C=C\\C=C\\C(=O)Cc2c(Cl)c(O)cc(O)c2C(=O)O1']",,,,,
16718,raloxifene,['5035'],['Oc1ccc(cc1)-c1sc2cc(O)ccc2c1C(=O)c1ccc(OCCN2CCCCC2)cc1'],Launched,estrogen receptor antagonist|selective estrogen receptor modulator (SERM),ESR1|ESR2,orthopedics|oncology,osteoporosis|breast cancer
16719,raltegravir,['54671008'],['Cc1nnc(o1)C(=O)NC(C)(C)c1nc(C(=O)NCc2ccc(F)cc2)c(O)c(=O)n1C'],Launched,HIV integrase inhibitor,,infectious disease,human immunodeficiency virus (HIV-1)
16720,raltitrexed,['104758'],['CN(Cc1ccc2[nH]c(C)nc(=O)c2c1)c1ccc(s1)C(=O)N[C@@H](CCC(O)=O)C(O)=O'],Launched,thymidylate synthase inhibitor,FPGS|TYMS,oncology,mesothelioma
16721,ramifenazone,['83592'],['CC(C)Nc1c(C)n(C)n(-c2ccccc2)c1=O'],Launched,cyclooxygenase inhibitor,,neurology/psychiatry|endocrinology,pain relief|fever
16722,ramipril,['5362129'],['CCOC(=O)[C@H](CCC1=CC=CC=C1)N[C@@H](C)C(=O)N2[C@H]3CCC[C@H]3C[C@H]2C(=O)O'],Launched,angiotensin converting enzyme inhibitor,ACE,cardiology,hypertension
16723,ranitidine,"['3033332', '6603542']","['CNC(=C[N+](=O)[O-])NCCSCc1ccc(CN(C)C)o1', 'CN\\C(NCCSCc1ccc(CN(C)C)o1)=C/[N+]([O-])=O', 'CN\\C(NCCSCc1ccc(CN(C)C)o1)=C\\[N+]([O-])=O']",Launched,histamine receptor antagonist,HRH2,gastroenterology,heartburn
16724,ranolazine,['56959'],['COc1ccccc1OCC(O)CN1CCN(CC(=O)Nc2c(C)cccc2C)CC1'],Launched,sodium channel blocker,SCN10A|SCN9A,cardiology,chronic stable angina
16725,rathyronine,['861'],['NC(Cc1cc(I)c(Oc2ccc(O)c(I)c2)c(I)c1)C(=O)O'],,,,,
16726,rebamipide,['5042'],['OC(=O)C(Cc1cc(=O)[nH]c2ccccc12)NC(=O)c1ccc(Cl)cc1'],Launched,free radical scavenger,FPR1,gastroenterology,peptic ulcer disease (PUD)|gastritis
16727,reboxetine,"['3022645', '5311403', '65856']","['CCOc1ccccc1OC(C2CNCCO2)c3ccccc3', 'CCOc1ccccc1O[C@H]([C@@H]1CNCCO1)c1ccccc1', 'CCOc1ccccc1O[C@H]([C@H]1CNCCO1)c1ccccc1']",Launched,adrenergic receptor antagonist,SLC6A2,neurology/psychiatry,depression
16728,reichstein,['227112'],['CC12CCC3C(CCC4=CC(=O)CCC34C)C2CCC1(O)C(=O)CO'],,,,,
16729,relcovaptan,['60943'],['COc1ccc(cc1OC)S(=O)(=O)N1[C@@H](C(=O)N2CCC[C@H]2C(N)=O)[C@](O)(c2cc(Cl)ccc12)c1ccccc1Cl'],Phase 2,vasopressin receptor antagonist,AVPR1A|AVPR1B|AVPR2|OXTR,,
16730,remacemide,['60510'],['CC(Cc1ccccc1)(NC(=O)CN)c1ccccc1'],Phase 3,glutamate receptor antagonist,GRIN1,,
16731,remoxipride,['54477'],['CCN1CCC[C@H]1CNC(=O)c1c(OC)ccc(Br)c1OC'],Withdrawn,dopamine receptor antagonist,DRD2|DRD3|DRD4|HTR2A|SIGMAR1,,
16732,repaglinide,['65981'],['CCOc1cc(CC(=O)N[C@@H](CC(C)C)c2ccccc2N2CCCCC2)ccc1C(O)=O'],Launched,insulin secretagogue,ABCC8|KCNJ11|PPARG,endocrinology,diabetes mellitus
16733,rescinnamine,['5280954'],['CO[C@H]1[C@@H](C[C@@H]2CN3CCc4c([nH]c5cc(OC)ccc45)[C@H]3C[C@@H]2[C@@H]1C(=O)OC)OC(=O)/C=C/c6cc(OC)c(OC)c(OC)c6'],,,,,
16734,reserpic-acid,['65747'],['CO[C@H]1[C@H](O)C[C@@H]2CN3CCc4c([nH]c5cc(OC)ccc45)[C@H]3C[C@@H]2[C@@H]1C(=O)O'],,,,,
16735,reserpine,['5770'],['CO[C@H]1[C@@H](C[C@@H]2CN3CCC4=C([C@H]3C[C@@H]2[C@@H]1C(=O)OC)NC5=C4C=CC(=C5)OC)OC(=O)C6=CC(=C(C(=C6)OC)OC)OC'],Launched,vesicular monoamine transporter inhibitor,SLC18A1|SLC18A2,cardiology,hypertension
16736,resmethrin,['5053'],['CC(=CC1C(C(=O)OCc2coc(Cc3ccccc3)c2)C1(C)C)C'],,,,,
16737,resorcinol,['5054'],['CC(=O)Oc1cccc(O)c1'],Launched,phosphodiesterase inhibitor,CA12|CA14|CA2|PTGS1,dermatology,acne vulgaris (AV)|eczema|psoriasis|seborrheic dermatitis
16738,resveratrol,['445154'],['C1=CC(=CC=C1/C=C/C2=CC(=CC(=C2)O)O)O'],Launched,cytochrome P450 inhibitor|SIRT activator,CSNK2A1|NQO2|PTGS1|PTGS2,,
16739,retinol,['445354'],['CC1=C(C(CCC1)(C)C)/C=C/C(=C/C=C/C(=C/CO)/C)/C'],Launched,retinoid receptor ligand,ALDH1A1|ALDH1A2|ALDH1A3|DHRS3|DHRS4|LRAT|NR2C2|RBP1|RBP3|RDH11|RDH12|RDH13|RDH14|RDH5|RDH8|RETSAT|RHO|RLBP1|RXRA|RXRB|RXRG,dermatology,cosmetic|acne vulgaris (AV)|keratosis
16740,retinyl-acetate,['638034'],['CC(=O)OC\\C=C(C)\\C=C\\C=C(C)\\C=C\\C1=C(C)CCCC1(C)C'],Launched,,,,
16741,retrorsine,['5281743'],['C/C=C\\1/C[C@@H](C)[C@](O)(CO)C(=O)OCC2=CCN3CC[C@@H](OC1=O)[C@H]32'],,,,,
16742,reversine,['210332'],['C1CCC(CC1)Nc2nc(Nc3ccc(cc3)N4CCOCC4)nc5[nH]cnc25'],Preclinical,Aurora kinase inhibitor,AURKB|INCENP|MAP2K1,,
16743,rhamnetin,['5281691'],['COc1cc(O)c2c(=O)c(O)c(oc2c1)c3ccc(O)c(O)c3'],,,,,
16744,rhapontin,['637213'],['COc1ccc(/C=C/c2cc(O)cc(O[C@@H]3O[C@H](CO)[C@@H](O)[C@H](O)[C@H]3O)c2)cc1O'],,,,,
16745,rhizocarpic-acid,['73707395'],['COC(=O)[C@H](Cc1ccccc1)NC(=O)C(\\c1ccccc1)=C1/OC(=O)C(C1=O)c1ccccc1'],,,,,
16746,rhodomyrtoxin,['4445621'],['CC(C)CC(=O)c1c(O)c(C)c(O)c2c1oc3c(C(=O)CC(C)C)c(O)c(C)c(O)c32'],,,,,
16747,rhodomyrtoxin-b,['3270699'],['CCC(C)C(=O)c1c(O)c(C)c2oc3c(C)c(O)c(C(=O)C(C)CC)c(O)c3c2c1O'],,,,,
16748,ribavirin,['37542'],['C1=NC(=NN1[C@H]2[C@@H]([C@@H]([C@H](O2)CO)O)O)C(=O)N'],Launched,antiviral,ADK|ENPP1|IMPDH1|IMPDH2|NT5C2,infectious disease,hepatitis C
16749,riboflavin,['493570'],['Cc1cc2nc3c(nc(=O)[nH]c3=O)n(C[C@H](O)[C@H](O)[C@H](O)CO)c2cc1C'],Launched,vitamin B,BLVRB|RFK,gastroenterology,jaundice
16750,ribostamycin,['73707473'],['NC[C@H]1O[C@H](OC2[C@@H](N)C[C@@H](N)[C@H](O)[C@@H]2O[C@@H]2O[C@H](CO)[C@@H](O)[C@H]2O)[C@H](N)[C@@H](O)[C@@H]1O'],Launched,bacterial 30S ribosomal subunit inhibitor,P4HB,infectious disease,human immunodeficiency virus (HIV-1)
16751,ricinine,['10666'],['COc1ccn(C)c(=O)c1C#N'],,,,,
16752,rifabutin,"['5361912', '5482874', '57448257']","['CCC(C)N1CCC2(CC1)NC3=C4NC(=O)C(=CC=C[C@H](C)[C@H](O)[C@@H](C)[C@@H](O)[C@@H](C)[C@H](OC(=O)C)[C@H](C)[C@@H](OC)C=CO[C@@]5(C)Oc6c(C5=O)c(C3=N2)c(C4=O)c(O)c6C)C', 'CO[C@H]1\\C=C\\O[C@@]2(C)Oc3c(C2=O)c2C4=NC5(CCN(CC(C)C)CC5)NC4=C(NC(=O)\\C(C)=C/C=C/[C@H](C)[C@H](O)[C@@H](C)[C@@H](O)[C@@H](C)[C@H](OC(C)=O)[C@@H]1C)C(=O)c2c(O)c3C', 'CO[C@H]1\\C=C\\O[C@@]2(C)Oc3c(C2=O)c2c(c(O)c3C)c(O)c(NC(=O)\\C(C)=C\\C=C\\[C@H](C)[C@H](O)[C@@H](C)[C@@H](O)[C@@H](C)[C@H](OC(C)=O)[C@@H]1C)c1=NC3(CCN(CC(C)C)CC3)N=c21']",Launched,protein synthesis inhibitor,,infectious disease,human immunodeficiency virus (HIV-1)
16753,rifampicin,"['5388984', '71760896']","['CO[C@H]1C=CO[C@@]2(C)Oc3c(C2=O)c4c(O)c(C=NN5CCN(C)CC5)c(NC(=O)C(=CC=C[C@H](C)[C@H](O)[C@@H](C)[C@@H](O)[C@@H](C)[C@H](OC(=O)C)[C@@H]1C)C)c(O)c4c(O)c3C', 'CO[C@H]1\\C=C\\O[C@@]2(C)Oc3c(C2=O)c2c(O)c(\\C=N\\N4CCN(C)CC4)c(NC(=O)\\C(C)=C/C=C/[C@H](C)[C@H](O)[C@@H](C)[C@@H](O)[C@@H](C)[C@H](OC(C)=O)[C@@H]1C)c(O)c2c(O)c3C']",,,,,
16754,rifapentine,"['23581793', '57503812']","['CO[C@H]1C=CO[C@@]2(C)Oc3c(C2=O)c4c(O)c(C=NN5CCN(CC5)C6CCCC6)c(NC(=O)C(=CC=C[C@H](C)[C@H](O)[C@@H](C)[C@@H](O)[C@@H](C)[C@H](OC(=O)C)[C@@H]1C)C)c(O)c4c(O)c3C', 'CO[C@H]1\\C=C\\O[C@@]2(C)Oc3c(C2=O)c2c(O)c(\\C=N\\N4CCN(CC4)C4CCCC4)c(NC(=O)\\C(C)=C/C=C/[C@H](C)[C@H](O)[C@@H](C)[C@@H](O)[C@@H](C)[C@H](OC(C)=O)[C@@H]1C)c(O)c2c(O)c3C', 'CO[C@H]1\\C=C\\O[C@@]2(C)Oc3c(C2=O)c2c(O)c(\\C=N\\N4CCN(CC4)C4CCCC4)c(NC(=O)\\C(C)=C\\C=C\\[C@H](C)[C@H](O)[C@@H](C)[C@@H](O)[C@@H](C)[C@H](OC(C)=O)[C@@H]1C)c(O)c2c(O)c3C']",Launched,RNA polymerase inhibitor,CYP2C8|CYP2C9|CYP3A4,infectious disease,tuberculosis
16755,rifaximin,['57507834'],['CO[C@H]1\\C=C\\O[C@@]2(C)Oc3c(C2=O)c2c4nc5cc(C)ccn5c4c(NC(=O)\\C(C)=C\\C=C\\[C@H](C)[C@H](O)[C@@H](C)[C@@H](O)[C@@H](C)[C@H](OC(C)=O)[C@@H]1C)c(O)c2c(O)c3C'],Launched,RNA synthesis inhibitor,,gastroenterology,diarrhea|irritable bowel syndrome|hepatic encephalopathy (HE)
16756,rigosertib,[],[],Phase 3,cell cycle inhibitor|PLK inhibitor,PLK1,,
16757,rilmenidine,"['5388964', '73707355']","['C1CC1C(NC1=NCCO1)C1CC1', 'C1CC1C(NC2=NCCO2)C3CC3']",Launched,adrenergic receptor agonist|imidazoline receptor agonist,ADRA2A,cardiology,hypertension
16758,riluzole,['5070'],['Nc1nc2ccc(OC(F)(F)F)cc2s1'],Launched,glutamate inhibitor,KCNK10|KCNK2|KCNK4|KCNN4|SCN10A|SCN11A|SCN1A|SCN2A|SCN3A|SCN4A|SCN5A|SCN7A|SCN8A|SCN9A|SLC7A11,neurology/psychiatry,amyotrophic lateral sclerosis (ALS)
16759,rimantadine,['5071'],['CC(C12CC3CC(C1)CC(C3)C2)N'],Launched,antiviral|RNA synthesis inhibitor,,infectious disease,influenza A virus infection
16760,rimcazole,"['18528119', '5072']","['CC1CN(CCCn2c3ccccc3c4ccccc24)CC(C)N1', 'C[C@H]1CN(CCCn2c3ccccc3c3ccccc23)C[C@@H](C)N1']",Phase 1,sigma receptor antagonist,SIGMAR1,,
16761,rimexolone,['5311412'],['CCC(=O)[C@]1([C@@H](C[C@@H]2[C@@]1(C[C@@H]([C@H]3[C@H]2CCC4=CC(=O)C=C[C@]34C)O)C)C)C'],Launched,glucocorticoid receptor agonist,NR3C1|SERPINA6,ophthalmology,anterior uveitis
16762,rimonabant,['104850'],['Cc1c(nn(c1-c1ccc(Cl)cc1)-c1ccc(Cl)cc1Cl)C(=O)NN1CCCCC1'],Withdrawn,cannabinoid receptor antagonist,CNR1|GPR55,,
16763,risperidone,['5073'],['Cc1nc2CCCCn2c(=O)c1CCN1CCC(CC1)c1noc2cc(F)ccc12'],Launched,dopamine receptor antagonist|serotonin receptor antagonist,ADRA1A|ADRA1B|ADRA1D|ADRA2A|ADRA2B|ADRA2C|DRD1|DRD2|DRD3|DRD4|HRH1|HTR1A|HTR1B|HTR1D|HTR1E|HTR1F|HTR2A|HTR2C|HTR6|HTR7,neurology/psychiatry,schizophrenia|bipolar disorder|irritability
16764,ritanserin,['5074'],['Cc1nc2sccn2c(=O)c1CCN1CCC(CC1)=C(c1ccc(F)cc1)c1ccc(F)cc1'],Phase 3,serotonin receptor antagonist,ADRA1A|ADRA1B|ADRA1D|HTR1A|HTR1B|HTR1D|HTR2A|HTR2B|HTR2C|HTR5A|HTR6|HTR7,,
16765,ritodrine,['31729'],['CC(C(C1=CC=C(C=C1)O)O)NCCC2=CC=C(C=C2)O'],Withdrawn,adrenergic receptor agonist,,obstetrics/gynecology,premature labor
16766,ritonavir,['392622'],['CC(C)C1=NC(=CS1)CN(C)C(=O)N[C@@H](C(C)C)C(=O)N[C@@H](CC2=CC=CC=C2)C[C@@H]([C@H](CC3=CC=CC=C3)NC(=O)OCC4=CN=CS4)O'],Launched,HIV protease inhibitor,CYP1A2|CYP2B6|CYP2C19|CYP2C8|CYP2C9|CYP2D6|CYP2E1|CYP3A4|CYP3A5|CYP3A7,infectious disease,human immunodeficiency virus (HIV-1)
16767,rivaroxaban,['9875401'],['Clc1ccc(s1)C(=O)NC[C@H]1CN(C(=O)O1)c1ccc(cc1)N1CCOCC1=O'],Launched,coagulation factor inhibitor,F10,neurology/psychiatry|hematology|cardiology,stroke|systemic embolism|atrial fibrillation (AF)|deep vein thrombosis (DVT)|pulmonary embolism (PE)
16768,rivastigmine,['77991'],['CCN(C)C(=O)Oc1cccc(c1)[C@H](C)N(C)C'],Launched,acetylcholinesterase inhibitor,ACHE|BCHE,neurology/psychiatry,Alzheimer's disease|Parkinson's Disease|senile dementia
16769,rizatriptan,['5078'],['CN(C)CCc1c[nH]c2ccc(Cn3cncn3)cc12'],Launched,serotonin receptor agonist,HTR1A|HTR1B|HTR1D|HTR1E|HTR1F,neurology/psychiatry,migraine headache
16770,robustic-acid,['54677407'],['COc1ccc(cc1)c2c(O)c3c(OC)c4C=CC(C)(C)Oc4cc3oc2=O'],,,,,
16771,rofecoxib,['5090'],['CS(=O)(=O)c1ccc(cc1)C1=C(C(=O)OC1)c1ccccc1'],Withdrawn,cyclooxygenase inhibitor,ELN|PTGS2,,
16772,rolipram,['448055'],['COC1=C(C=C(C=C1)[C@H]2CC(=O)NC2)OC3CCCC3'],Phase 3,phosphodiesterase inhibitor,,,
16773,rolitetracycline,['6420073'],['CN(C)[C@H]1C2CC3C(C(=O)c4c(O)cccc4[C@@]3(C)O)C(=O)[C@]2(O)C(=O)C(C(=O)NCN5CCCC5)C1=O'],Launched,bacterial 30S ribosomal subunit inhibitor,,infectious disease,gram-negative bacterial infections|gram-positive bacterial infections
16774,rondual-kinase-inhibitor,['16757524'],['COc1ccc2c(Oc3ccc(NC(=O)c4c(C)n(CC(C)(C)O)n(-c5ccccc5)c4=O)cc3F)ccnc2c1'],,,,,
16775,ronidazole,['5094'],['Cn1c(COC(N)=O)ncc1[N+]([O-])=O'],Launched,antiprotozoal agent,,infectious disease,histomoniasis|dysentry
16776,ropinirole,['5095'],['CCCN(CCC)CCc1cccc2NC(=O)Cc12'],Launched,dopamine receptor agonist,ADRA2A|ADRA2B|ADRA2C|DRD1|DRD2|DRD3|DRD4|DRD5|HTR1A|HTR1B|HTR1D|HTR2A|HTR2B|HTR2C,neurology/psychiatry,Parkinson's Disease|restless leg syndrome
16777,ropivacaine,['175804'],['CCCN1CCCC[C@H]1C(=O)Nc1c(C)cccc1C'],Launched,sodium channel blocker,SCN10A,neurology/psychiatry,anesthetic
16778,roquinimex,['55197'],['CN(C(=O)c1c(O)c2ccccc2n(C)c1=O)c1ccccc1'],Phase 3,angiogenesis inhibitor|tumor necrosis factor production inhibitor,,,
16779,roscovitine,['160355'],['CC[C@H](CO)Nc1nc(NCc2ccccc2)c2ncn(C(C)C)c2n1'],Phase 2,CDK inhibitor,CDK2|CDK9,,
16780,rosiglitazone,['77999'],['CN(CCOc1ccc(CC2SC(=O)NC2=O)cc1)c1ccccn1'],Withdrawn,insulin sensitizer|PPAR receptor agonist,FFAR1|PPARG|TRPC5|TRPM3,,
16781,rosmarinic-acid,['5281792'],['OC(=O)[C@@H](Cc1ccc(O)c(O)c1)OC(=O)\\C=C\\c1ccc(O)c(O)c1'],Launched,GABA transaminase inhibitor,MCL1|TYR,,
16782,rosuvastatin,['446157'],['CC(C)c1nc(nc(-c2ccc(F)cc2)c1\\C=C\\[C@@H](O)C[C@@H](O)CC(O)=O)N(C)S(C)(=O)=O'],Launched,HMGCR inhibitor,HMGCR,endocrinology|cardiology,hyperlipidemia|dyslipidemia|hypertriglyceridemia|hypercholesterolemia|atherosclerosis
16783,rotenone,['6758'],['COc1cc2OC[C@H]3Oc4c5C[C@@H](Oc5ccc4C(=O)[C@H]3c2cc1OC)C(=C)C'],,,,,
16784,rotenonic-acid,['6708539'],['COc1cc2OC[C@H]3Oc4c(CC=C(C)C)c(O)ccc4C(=O)[C@H]3c2cc1OC'],,,,,
16785,rottlerin,['5281847'],['CC1=C(C(=C(C(=C1O)C(=O)C)O)CC2=C(C(=C3C(=C2O)C=CC(O3)(C)C)C(=O)/C=C/C4=CC=CC=C4)O)O'],,,,,
16786,roxarsone,['5104'],['Oc1ccc(cc1[N+]([O-])=O)[As](O)(O)=O'],Launched,antiprotozoal agent,,endocrinology,weight-gain aid
16787,roxatidine-acetate,['56704'],['CC(=O)OCC(=O)NCCCOc1cccc(CN2CCCCC2)c1'],Launched,histamine receptor antagonist,HRH2,gastroenterology,Zollinger-Ellison syndrome|erosive esophagitis (EE)|gastroesophageal reflux disease (GERD)|gastritis
16788,roxithromycin,['73707503'],['CC[C@H]1OC(=O)[C@H](C)[C@@H](O[C@H]2C[C@@](C)(OC)[C@@H](O)[C@H](C)O2)[C@H](C)[C@@H](O[C@H]2O[C@H](C)C[C@@H]([C@H]2O)N(C)C)[C@](C)(O)C[C@@H](C)C(=NOCOCCOC)[C@H](C)[C@@H](O)[C@]1(C)O'],Launched,bacterial 50S ribosomal subunit inhibitor,MLNR,infectious disease,respiratory tract infections|urinary tract infections|skin infections
16789,rucaparib,['9931954'],['CNCc1ccc(cc1)-c1[nH]c2cc(F)cc3C(=O)NCCc1c23'],Phase 3,PARP inhibitor,PARP1|PARP2,,
16790,rufloxacin,['58258'],['CN1CCN(CC1)c1c(F)cc2c3c1SCCn3cc(C(O)=O)c2=O'],Launched,bacterial DNA gyrase inhibitor,,infectious disease,gram-negative bacterial infections
16791,rutin,['5293655'],['CC1C(C(C(C(O1)OCC2C(C(C(C(O2)OC3=C(OC4=CC(=CC(=C4C3=O)O)O)C5=CC(=C(C=C5)O)O)O)O)O)O)O)O'],Launched,antioxidant|capillary stabilizing agent|nitric oxide scavenger,AKR1C3,rheumatology|otolaryngology|gastroenterology|neurology/psychiatry|allergy,joint pain|nasal congestion|constipation|irritability|allergic rhinitis
16792,ruxolitinib,['25126798'],['N#CC[C@H](C1CCCC1)n1cc(cn1)-c1ncnc2[nH]ccc12'],Launched,JAK inhibitor,JAK1|JAK2|JAK3|TYK2,hematologic malignancy|hematology,myelofibrosis|polycythemia vera
16793,ryanodine,['6610313'],['CC(C)[C@]1(O)[C@@H](OC(=O)c2ccc[nH]2)[C@]3(O)[C@]4(O)[C@]1(C)[C@]5(O)C[C@@]3(C)[C@@]6(O)CC[C@H](C)[C@@H](O)[C@]46O5'],,,,,
16794,ryuvidine,['481747'],['Cc1nc2c(s1)C(=O)C=C(Nc1ccc(C)cc1)C2=O'],Preclinical,histone lysine methyltransferase inhibitor,CDK2|CDK4,,
16795,saclofen,['122150'],['NCC(CS(O)(=O)=O)c1ccc(Cl)cc1'],Preclinical,GABA receptor antagonist,GABBR1|GABBR2|KCTD12|KCTD16|KCTD8,,
16796,safinamide,['5487407'],['C[C@@H](NCc1ccc(OCc2cccc(F)c2)cc1)C(N)=O'],Launched,dopamine reuptake inhibitor|glutamate inhibitor|monoamine oxidase inhibitor,MAOB,neurology/psychiatry,Parkinson's Disease
16797,safrolglycol,['97807'],['OCC(O)Cc1ccc2OCOc2c1'],,,,,
16798,salbutamol,['2083'],['CC(C)(C)NCC(O)c1ccc(O)c(CO)c1'],,,,,
16799,salermide,['42626405'],['CC(C(=O)Nc1cccc(c1)\\N=C\\c1c(O)ccc2ccccc12)c1ccccc1'],,,,,
16800,salicin,['439503'],['OC[C@H]1O[C@@H](Oc2ccccc2CO)[C@H](O)[C@@H](O)[C@@H]1O'],Phase 1,anti-inflammatory agent,,,
16801,salmeterol,['5152'],['OCc1cc(ccc1O)C(O)CNCCCCCCOCCCCc1ccccc1'],Launched,adrenergic receptor agonist,ADRB2,pulmonary,asthma|chronic obstructive pulmonary disease (COPD)|bronchospasm
16802,salsolidine,['10302'],['COc1cc2CCNC(C)c2cc1OC'],,,,,
16803,salsoline,['46695'],['COc1cc2C(C)NCCc2cc1O'],,,,,
16804,salsolinol,['54456'],['CC1C2=CC(=C(C=C2CCN1)O)O'],,,,,
16805,salubrinal,['5717801'],['ClC(Cl)(Cl)C(NC(=O)C=Cc1ccccc1)NC(=S)Nc2cccc3cccnc23'],Preclinical,eukaryotic translation initiation factor inhibitor,EIF2S1,,
16806,salvinorin-a,['128563'],['COC(=O)[C@@H]1C[C@H](OC(C)=O)C(=O)[C@H]2[C@@]1(C)CC[C@H]1C(=O)O[C@@H](C[C@]21C)c1ccoc1'],,,,,
16807,sappanone-a,['9817274'],['COc1ccc2C(=O)/C(=C\\c3ccc(OC)c(OC)c3)/COc2c1'],,,,,
16808,saquinavir,['441243'],['CC(C)(C)NC(=O)[C@@H]1C[C@@H]2CCCC[C@@H]2CN1C[C@H]([C@H](CC3=CC=CC=C3)NC(=O)[C@H](CC(=O)N)NC(=O)C4=NC5=CC=CC=C5C=C4)O'],Launched,HIV protease inhibitor,CYP3A4,infectious disease,human immunodeficiency virus (HIV-1)
16809,saracatinib,['10302451'],['CN1CCN(CCOc2cc(OC3CCOCC3)c3c(Nc4c5OCOc5ccc4Cl)ncnc3c2)CC1'],Phase 2/Phase 3,SRC inhibitor,ABL1|LCK|SRC|YES1,,
16810,sarafloxacin,['45479753'],['OC(=O)c1cn(-c2ccc(F)cc2)c2cc(N3CCNCC3)c(F)cc2c1=O'],Launched,bacterial DNA gyrase inhibitor,,infectious disease,gram-negative bacterial infections|gram-positive bacterial infections
16811,sarmentogenin,['6708600'],['CC12C[C@@H](O)C3C(CCC4CC(O)CCC43C)C2(O)CCC1C5=CC(=O)OC5'],,,,,
16812,scandenin,['634819'],['COc1c(CC=C(C)C)c2OC(C)(C)C=Cc2c3oc(=O)c(c(O)c13)c4ccc(O)cc4'],,,,,
16813,scopolamine,"['23581798', '2837667', '5702114', '73707515']","['CN1C2CC(CC1C3OC32)OC(=O)C(CO)c4ccccc4', 'CN1C2C[C@@H](C[C@H]1[C@H]1OC21)OC(=O)[C@H](CO)c1ccccc1', 'CN1[C@H]2C[C@@H](C[C@@H]1[C@H]1O[C@@H]21)OC(=O)[C@H](CO)c1ccccc1', 'C[N+]1([O-])[C@H]2C[C@@H](C[C@@H]1[C@@H]1O[C@@H]21)OC(=O)[C@H](CO)c1ccccc1']",Launched,acetylcholine receptor antagonist,CHRM1|CHRM2|CHRM3|CHRM4|CHRM5|SI,neurology/psychiatry|gastroenterology,motion sickness|vomiting|nausea
16814,scopolamine-n-oxide,['3000667'],['C[N+]1([O-])[C@H]2C[C@@H](C[C@@H]1[C@H]1O[C@@H]21)OC(=O)[C@H](CO)c1ccccc1'],,,,,
16815,scopoline,['25084503'],['CN1[C@H]2CC3CC1C(O)C2O3'],,,,,
16816,scoulerine,['439654'],['COc1ccc2C[C@@H]3N(CCc4cc(OC)c(O)cc34)Cc2c1O'],,,,,
16817,scriptaid,['5186'],['ONC(=O)CCCCCN1C(=O)c2cccc3cccc(C1=O)c23'],Preclinical,HDAC inhibitor,HDAC1|HDAC2|HDAC3|HDAC4|HDAC5|HDAC6|HDAC7|HDAC8|HDAC9,,
16818,secnidazole,['71815'],['CC(O)Cn1c(C)ncc1[N+]([O-])=O'],Launched,acetylcholinesterase inhibitor|microtubule inhibitor,,infectious disease,protozoan infection
16819,secoisolariciresinol,['65373'],['COc1cc(C[C@@H](CO)[C@H](CO)Cc2ccc(O)c(OC)c2)ccc1O'],,,,,
16820,securinine,['442872'],['C1CCN2[C@H](C1)[C@]34C[C@H]2C=CC3=CC(=O)O4'],Preclinical,GABA receptor antagonist|TP53 activator,GABRA1,,
16821,selamectin,['9578507'],['CO[C@H]1CC(O[C@H]2[C@@H](C)\\C=C\\C=C3/CO[C@@H]4C(=N/O)\\C(C)=C[C@@H](C(=O)O[C@H]5C[C@@H](C\\C=C2/C)O[C@@]2(CC[C@H](C)[C@H](O2)C2CCCCC2)C5)[C@]34O)O[C@@H](C)C1O'],Launched,nematocide,,infectious disease,flea control
16822,selegiline,['26758'],['C[C@H](Cc1ccccc1)N(C)CC#C'],Launched,monoamine oxidase inhibitor,MAOA|MAOB,neurology/psychiatry,Parkinson's Disease
16823,selinidin,['668081'],['C/C=C(/C)\\C(=O)O[C@@H]1Cc2c(OC1(C)C)ccc3ccc(=O)oc23'],,,,,
16824,selumetinib,['10127622'],['Cn1cnc2c(F)c(Nc3ccc(Br)cc3Cl)c(cc12)C(=O)NOCCO'],Phase 3,MEK inhibitor,MAP2K1,,
16825,semaxanib,['5329098'],['Cc1cc(C)c(\\C=C2/C(=O)Nc3ccccc23)[nH]1'],Phase 3,VEGFR inhibitor,FGFR1|FLT1|KDR|KIT|PDGFRA|PDGFRB|RET,,
16826,seneciphylline,['5281750'],['C/C=C\\1/CC(=C)[C@@](C)(O)C(=O)OCC2=CCN3CC[C@@H](OC1=O)[C@H]32'],,,,,
16827,serdemetan,['60167550'],['C(Cc1c[nH]c2ccccc12)Nc1cccc(Nc2ccncc2)c1'],Phase 1,MDM inhibitor,MDM2,,
16828,sericetin,['4020240'],['CC(=CCC1=C2C(=C(C3=C1OC(=C(C3=O)O)C4=CC=CC=C4)O)C=CC(O2)(C)C)C'],,,,,
16829,serotonin,"['73707586', '73707588', '73707615']","['CCCc1c[nH]c2ccc(CS(O)(=O)=O)cc12', 'NCCc1c[nH]c2ccc(OC3O[C@@H]([C@@H](O)[C@H](O)[C@H]3O)C(O)=O)cc12', '[2H]C([2H])([2H])C(=O)NC([2H])([2H])C([2H])([2H])c1c[nH]c2ccc(O)cc12']",Launched,growth factor receptor activator,DRD1|DRD5|HTR1A|HTR1B|HTR1D|HTR1E|HTR1F|HTR2A|HTR2B|HTR2C|HTR3A|HTR3B|HTR4|HTR5A|HTR6|HTR7|SLC36A1,neurology/psychiatry,anxiety|depression|sleeplessness
16830,sertaconazole,['65863'],['Clc1ccc(C(Cn2ccnc2)OCc2csc3c(Cl)cccc23)c(Cl)c1'],Launched,sterol demethylase inhibitor,,infectious disease,tinea pedis
16831,sertindole,['60149'],['Fc1ccc(cc1)-n1cc(C2CCN(CCN3CCNC3=O)CC2)c2cc(Cl)ccc12'],Withdrawn,dopamine receptor antagonist|serotonin receptor antagonist,ADRA1A|ADRA1B|ADRA1D|DRD2|DRD3|DRD4|HRH1|HTR1A|HTR1B|HTR1D|HTR1E|HTR1F|HTR2A|HTR2C|HTR6|KCNH2,,
16832,sertraline,['6093397'],['CN[C@H]1CC[C@@H](C2=CC=CC=C12)C3=CC(=C(C=C3)Cl)Cl'],Launched,selective serotonin reuptake inhibitor (SSRI),SLC6A3|SLC6A4,neurology/psychiatry|obstetrics/gynecology,depression|obsessive compulsive disorder (OCD)|panic disorders|posttraumatic stress disorder|premenstrual syndrome|social anxiety disorder
16833,sibutramine,['64764'],['CC(C)CC(N(C)C)C1(CCC1)c1ccc(Cl)cc1'],,,,,
16834,siguazodan,['72124'],['CC1CC(=O)NN=C1C2=CC=C(C=C2)NC(=NC)NC#N'],Phase 1,phosphodiesterase inhibitor,PDE3A,,
16835,sildenafil,['5212'],['CCCC1=NN(C2=C1NC(=NC2=O)C3=C(C=CC(=C3)S(=O)(=O)N4CCN(CC4)C)OCC)C'],Launched,phosphodiesterase inhibitor,PDE5A|PDE6G|PDE6H|SLCO1B1|SLCO1B3,urology,erectile dysfunction
16836,silibinin,['5213'],['COc1cc(ccc1O)C2Oc3cc(ccc3OC2CO)C4Oc5cc(O)cc(O)c5C(=O)C4O'],Launched,cytochrome P450 inhibitor,ALOX5,gastroenterology,hepatic cirrhosis
16837,simvastatin,['73707467'],['CCC(C)(C)C(=O)O[C@H]1C[C@H](C=C2[C@@H]1[C@@H]([C@H](C=C2)C)CC[C@@H]3C[C@H](CC(=O)O3)O)C'],Launched,HMGCR inhibitor,HMGCR|ITGB2,endocrinology|cardiology|neurology/psychiatry,hypercholesterolemia|coronary heart disease|myocardial infarction|stroke|hyperlipidemia
16838,sinensetin,['145659'],['COc1ccc(cc1OC)-c1cc(=O)c2c(OC)c(OC)c(OC)cc2o1'],,,,,
16839,sirolimus,['5284616'],['C[C@@H]1CC[C@H]2C[C@@H](/C(=C/C=C/C=C/[C@H](C[C@H](C(=O)[C@@H]([C@@H](/C(=C/[C@H](C(=O)C[C@H](OC(=O)[C@@H]3CCCCN3C(=O)C(=O)[C@@]1(O2)O)[C@H](C)C[C@@H]4CC[C@H]([C@@H](C4)OC)O)C)/C)O)OC)C)C)/C)OC'],Launched,mTOR inhibitor,FKBP1A|MTOR,transplant|pulmonary,organ rejection|lymphangioleiomyomatosis
16840,sirtinol,['5717148'],['CC(NC(=O)c1ccccc1\\N=C\\c1c(O)ccc2ccccc12)c1ccccc1'],Preclinical,SIRT inhibitor,SIRT1|SIRT2,,
16841,sisomicin,['23789067'],['CN[C@H]1[C@@H](O)[C@H](O[C@@H]2[C@@H](N)C[C@@H](N)[C@H](OC3OC(=CCC3N)CN)[C@@H]2O)OC[C@@]1(C)O'],Launched,protein synthesis inhibitor,,ophthalmology,conjunctivitis|punctate keratitis
16842,sitagliptin,['4369359'],['N[C@@H](CC(=O)N1CCn2c(C1)nnc2C(F)(F)F)Cc1cc(F)c(F)cc1F'],Launched,dipeptidyl peptidase inhibitor,DPP4,endocrinology,diabetes mellitus
16843,skatole,['6736'],['Cc1c[nH]c2ccccc12'],,,,,
16844,skimmianine,['6760'],['COc1ccc2c(OC)c3ccoc3nc2c1OC'],,,,,
16845,solanine,['9549171'],['C[C@H]1[C@H]2[C@H](C[C@H]3[C@@H]4CC=C5C[C@H](CC[C@]5(C)[C@H]4CC[C@]23C)O[C@@H]6O[C@H](CO)[C@H](O)[C@H](O[C@@H]7O[C@H](CO)[C@@H](O)[C@H](O)[C@H]7O)[C@H]6O[C@@H]8O[C@@H](C)[C@H](O)[C@@H](O)[C@H]8O)N9C[C@@H](C)CC[C@H]19'],,,,,
16846,solifenacin,['154059'],['O=C(O[C@H]1CN2CCC1CC2)C1NCc2ccccc2[C@@H]1c1ccccc1'],,,,,
16847,somatostatin,['16129706'],['C[C@@H](O)[C@@H]1NC(=O)[C@H](CCCCN)NC(=O)[C@H](Cc2c[nH]c3ccccc23)NC(=O)[C@H](Cc2ccccc2)NC(=O)[C@H](Cc2ccccc2)NC(=O)[C@H](CC(N)=O)NC(=O)[C@H](CCCCN)NC(=O)[C@H](CSSC[C@H](NC(=O)[C@H](CO)NC(=O)[C@@H](NC(=O)[C@H](Cc2ccccc2)NC1=O)[C@@H](C)O)C(O)=O)NC(=O)CNC(=O)[C@H](C)N'],Launched,somatostatin receptor agonist,OPRD1|OPRM1|SSTR1|SSTR2|SSTR3|SSTR4|SSTR5,hematology,hemorrhage
16848,sonidegib,['24775005'],['C[C@H]1CN(C[C@@H](C)O1)c1ccc(NC(=O)c2cccc(-c3ccc(OC(F)(F)F)cc3)c2C)cn1'],Launched,smoothened receptor antagonist,SMO,oncology,basal cell carcinoma (BCC)
16849,sorafenib,"['10173949', '406563']","['CNC(=O)c1cc(Oc2ccc(NC(=O)Nc3ccc(Cl)c(c3)C(F)(F)F)cc2)ccn1', 'CNC(=O)c1cccc(Oc2ccc(NC(=O)Nc3ccc(Cl)c(c3)C(F)(F)F)cc2)c1']",Launched,FLT3 inhibitor|KIT inhibitor|PDGFR tyrosine kinase receptor inhibitor|RAF inhibitor|RET tyrosine kinase inhibitor|VEGFR inhibitor,BRAF|DDR2|FGFR1|FLT1|FLT3|FLT4|KDR|KIT|PDGFRB|RAF1|RET,oncology,renal cell carcinoma (RCC)|thyroid cancer|hepatocellular carcinoma (HCC)
16850,sotalol,['5253'],['CC(C)NCC(O)c1ccc(NS(C)(=O)=O)cc1'],Launched,adrenergic receptor antagonist,ADRB1|ADRB2|KCNH2,cardiology,atrial fibrillation (AF)|ventricular arrhythmias
16851,spaglumic-acid,['23760140'],['CC(=O)N[C@@H](CC(=O)N[C@H](CCC(=O)O)C(=O)O)C(=O)O'],Launched,glutamate receptor antagonist,GRM3,allergy,allergic conjunctivitis|allergic rhinitis
16852,sparfloxacin,['60464'],['C[C@H]1CN(C[C@@H](C)N1)c1c(F)c(N)c2c(c1F)n(cc(C(O)=O)c2=O)C1CC1'],Withdrawn,bacterial DNA gyrase inhibitor,TOP2A,,
16853,sparfosic-acid,['39981'],['OC(=O)C[C@H](NC(=O)CP(O)(O)=O)C(O)=O'],,,,,
16854,spectinomycin,['24747691'],['CN[C@@H]1[C@H](O)[C@H](NC)[C@H]2O[C@]3(O)[C@@H](O[C@H](C)CC3=O)O[C@@H]2[C@H]1O'],Launched,bacterial 30S ribosomal subunit inhibitor,,pulmonary,airsacculitis|chronic respiratory disease
16855,spermidine,['16219989'],['NCCCCNCCCN'],Preclinical,glutamate receptor modulator,KCNJ4|TXNRD1,,
16856,sphingosine,['5280335'],['CCCCCCCCCCCCC/C=C/[C@@H](O)[C@@H](N)CO'],,,,,
16857,spiperone,['5265'],['Fc1ccc(cc1)C(=O)CCCN1CCC2(CC1)N(CNC2=O)c1ccccc1'],Launched,dopamine receptor antagonist,ADRA1A|ADRA1B|ADRA1D|DRD1|DRD2|DRD3|DRD4|DRD5|HTR1A|HTR1D|HTR2A|HTR2B|HTR2C|HTR6|HTR7,neurology/psychiatry,schizophrenia
16858,spiramide,['68186'],['Fc1ccc(OCCCN2CCC3(CC2)N(CNC3=O)c4ccccc4)cc1'],,,,,
16859,spironolactone,['5833'],['CC(=O)S[C@@H]1CC2=CC(=O)CC[C@@]2([C@@H]3[C@@H]1[C@@H]4CC[C@]5([C@]4(CC3)C)CCC(=O)O5)C'],Launched,mineralocorticoid receptor antagonist,AR|CACNA1A|CACNA1B|CACNA1C|CACNA1D|CACNA1F|CACNA1G|CACNA1H|CACNA1I|CACNA1S|CACNA2D1|CACNA2D2|CACNA2D3|CACNB1|CACNB2|CACNB3|CACNB4|CACNG1|CYP11B2|NR3C1|NR3C2|PGR|SHBG,endocrinology|cardiology|gastroenterology|rheumatology,hyperaldosteronism|congestive heart failure|hepatic cirrhosis|nephrotic syndrome|hypertension|hypokalemia
16860,spiroxatrine,['5268'],['O=C1NCN(c2ccccc2)C11CCN(CC2COc3ccccc3O2)CC1'],Preclinical,serotonin receptor antagonist,ADRA1A|ADRA1B|ADRA1D|ADRA2A|ADRA2B|ADRA2C|HTR1A|HTR2B,,
16861,splitomycin,['5269'],['O=C1CCc2c(O1)ccc1ccccc21'],Preclinical,SIRT inhibitor,SIRT1,,
16862,stanozolol,['73707524'],['C[C@]1(O)CC[C@@H]2[C@@H]3CC[C@H]4Cc5[nH]ncc5C[C@]4(C)[C@@H]3CC[C@]12C'],,,,,
16863,staurosporine,['44259'],['C[C@@]12[C@@H]([C@@H](C[C@@H](O1)N3C4=CC=CC=C4C5=C6C(=C7C8=CC=CC=C8N2C7=C53)CNC6=O)NC)OC'],,,,,
16864,stavudine,['18283'],['Cc1cn([C@@H]2O[C@H](CO)C=C2)c(=O)[nH]c1=O'],Launched,DNA directed DNA polymerase inhibitor|nucleoside reverse transcriptase inhibitor,,infectious disease,human immunodeficiency virus (HIV-1)
16865,stiripentol,['5311454'],['CC(C)(C)C(O)/C=C/c1ccc2OCOc2c1'],Launched,GABA uptake inhibitor,GABRA3,neurology/psychiatry,epilepsy
16866,streptozotocin,['29327'],['CN(C(=O)N[C@@H]1[C@H]([C@@H]([C@H](O[C@@H]1O)CO)O)O)N=O'],Launched,DNA alkylating agent,,oncology,pancreatic cancer
16867,strophanthidin,['6185'],['C[C@@]12CC[C@H]3[C@@H](CC[C@]4(O)C[C@@H](O)CC[C@]34C=O)[C@@]2(O)CC[C@@H]1C5=CC(=O)OC5'],,,,,
16868,strychnine,['441071'],['O=C1CC2OCC=C3CN4CC[C@@]56C4C[C@@H]3[C@@H]2C5N1c1ccccc61'],Preclinical,acetylcholine receptor antagonist,CHRM1|CHRM2|CHRM3|CHRM4|CHRM5|CHRNA10|CHRNA9|GLRA1|GLRA2|GLRA3|GLRB,,
16869,suberoyl-bis-hydroxamic-acid,['5173'],['ONC(=O)CCCCCCC(=O)NO'],,,,,
16870,succinylsulfathiazole,['5315'],['OC(=O)CCC(=O)Nc1ccc(cc1)S(=O)(=O)Nc1nccs1'],Phase 2,dihydrofolate reductase inhibitor,DHFR,,
16871,sulbactam,['130313'],['CC1(C)[C@@H](N2[C@@H](CC2=O)S1(=O)=O)C(O)=O'],Launched,beta lactamase inhibitor,,infectious disease,skin infections|intra-abdominal infections|gynecologic infections
16872,sulconazole,['65495'],['Clc1ccc(CSC(Cn2ccnc2)c2ccc(Cl)cc2Cl)cc1'],Launched,sterol demethylase inhibitor,,infectious disease,tinea pedis|tinea cruris|tinea corporis
16873,sulfabenzamide,['5319'],['Nc1ccc(cc1)S(=O)(=O)NC(=O)c1ccccc1'],Launched,bacterial antifolate,,infectious disease,gram-negative bacterial infections|gram-positive bacterial infections
16874,sulfacetamide,['5320'],['CC(=O)NS(=O)(=O)c1ccc(N)cc1'],Launched,PABA antagonist,,ophthalmology,conjunctivitis
16875,sulfachlorpyridazine,['6634'],['Nc1ccc(cc1)S(=O)(=O)Nc1ccc(Cl)nn1'],Launched,bacterial antifolate,,infectious disease,urinary tract infections
16876,sulfadiazine,['5215'],['Nc1ccc(cc1)S(=O)(=O)Nc1ncccn1'],Launched,bacterial antifolate,,infectious disease|ophthalmology,malaria|meningitis|urinary tract infections|conjunctivitis|trachoma|chancroid
16877,sulfadimethoxine,['5323'],['COc1cc(NS(=O)(=O)c2ccc(N)cc2)nc(OC)n1'],,,,,
16878,sulfadimidine,['5327'],['Cc1cc(C)nc(NS(=O)(=O)c2ccc(N)cc2)n1'],,,,,
16879,sulfadoxine,['17134'],['COc1ncnc(NS(=O)(=O)c2ccc(N)cc2)c1OC'],Launched,dihydropteroate synthase inhibitor,,infectious disease,malaria
16880,sulfafurazole,['5344'],['Cc1noc(NS(=O)(=O)c2ccc(N)cc2)c1C'],Launched,bacterial antifolate,,infectious disease,urinary tract infections
16881,sulfaguanidine,['5324'],['NC(=N)NS(=O)(=O)c1ccc(N)cc1'],Launched,bacterial antifolate,,infectious disease,urinary tract infections
16882,sulfamerazine,['5325'],['Cc1ccnc(NS(=O)(=O)c2ccc(N)cc2)n1'],Launched,bacterial antifolate,,infectious disease,coccidiosis|cholera
16883,sulfamethizole,['5328'],['Cc1nnc(NS(=O)(=O)c2ccc(N)cc2)s1'],Launched,bacterial antifolate,,infectious disease,urinary tract infections
16884,sulfamethoxazole,['5329'],['Cc1cc(NS(=O)(=O)c2ccc(N)cc2)no1'],Launched,PABA antagonist,,infectious disease|gastroenterology,pneumonia|enteritis|urinary tract infections
16885,sulfamethoxypyridazine,['5330'],['COc1ccc(NS(=O)(=O)c2ccc(N)cc2)nn1'],Withdrawn,bacterial antifolate,,,
16886,sulfamonomethoxine,['5332'],['COc1cc(NS(=O)(=O)c2ccc(N)cc2)ncn1'],Launched,bacterial antifolate,,infectious disease,urinary tract infections
16887,sulfaphenazole,['5335'],['Nc1ccc(cc1)S(=O)(=O)Nc1ccnn1-c1ccccc1'],Launched,dihydropteroate synthetase inhibitor,DHPS,infectious disease,urinary tract infections
16888,sulfapyridine,['5336'],['Nc1ccc(cc1)S(=O)(=O)Nc1ccccn1'],Launched,PABA antagonist,,infectious disease,gram-negative bacterial infections|gram-positive bacterial infections
16889,sulfaquinoxaline,['5338'],['Nc1ccc(cc1)S(=O)(=O)Nc1cnc2ccccc2n1'],Launched,vitamin K antagonist,,infectious disease,coccidiosis
16890,sulfasalazine,['5359476'],['OC(=O)c1cc(ccc1O)\\N=N\\c1ccc(cc1)S(=O)(=O)Nc1ccccn1'],Launched,cyclooxygenase inhibitor,ACAT1|ALOX5|CHUK|IKBKB|PLA2G1B|PPARG|PTGS1|PTGS2|SLC46A1|SLC7A11|TBXAS1,gastroenterology,ulcerative colitis
16891,sulfathiazole,['5340'],['Nc1ccc(cc1)S(=O)(=O)Nc1nccs1'],Launched,dihydropteroate synthase inhibitor,,infectious disease,gram-negative bacterial infections|gram-positive bacterial infections
16892,sulfinpyrazone,['5342'],['O=C1C(CCS(=O)c2ccccc2)C(=O)N(N1c1ccccc1)c1ccccc1'],Launched,uricosuric blocker,ABCC1|FPR1|SLC22A12,rheumatology,gout
16893,sulforaphane,['5350'],['CS(=O)CCCCN=C=S'],Phase 2,anticancer agent|aryl hydrocarbon receptor antagonist,NFE2L2,,
16894,sulindac,['1548887'],['CC\\1=C(C2=C(/C1=C\\C3=CC=C(C=C3)S(=O)C)C=CC(=C2)F)CC(=O)O'],Launched,cyclooxygenase inhibitor,AKR1B1,rheumatology,osteoarthritis|rheumatoid arthritis|ankylosing spondylitis
16895,sulmazole,['55690'],['COc1cc(ccc1c2nc3ccncc3[nH]2)S(=O)C'],Phase 1,adenosine receptor antagonist,,,
16896,suloctidil,['5354'],['CCCCCCCCNC(C)C(C1=CC=C(C=C1)SC(C)C)O'],Withdrawn,adrenergic receptor antagonist,,,
16897,sulpiride,['5355'],['CCN1CCCC1CNC(=O)C2=C(C=CC(=C2)S(=O)(=O)N)OC'],Launched,dopamine receptor antagonist,,neurology/psychiatry,schizophrenia
16898,sumatriptan,['5358'],['CNS(=O)(=O)Cc1ccc2[nH]cc(CCN(C)C)c2c1'],Launched,serotonin receptor agonist,HTR1A|HTR1B|HTR1D|HTR1E|HTR1F|HTR5A|HTR6|HTR7,neurology/psychiatry,migraine headache
16899,sunitinib,['73707432'],['CCN(CC)CCNC(=O)c1c(C)[nH]c(\\C=C2/C(=O)Nc3ccc(F)cc23)c1C'],Launched,FLT3 inhibitor|KIT inhibitor|PDGFR tyrosine kinase receptor inhibitor|RET tyrosine kinase inhibitor|VEGFR inhibitor,CSF1R|FGFR1|FLT1|FLT3|FLT4|KDR|KIT|PDGFRA|PDGFRB|RET,oncology,gastrointestinal stromal tumors (GIST)|renal cell carcinoma (RCC)|neuroendocrine tumors of pancreatic origin (PNET)
16900,suprofen,['5359'],['CC(C(O)=O)c1ccc(cc1)C(=O)c1cccs1'],Withdrawn,cyclooxygenase inhibitor,PTGS1|PTGS2,,
16901,suramin,['5361'],['Cc1ccc(cc1NC(=O)c1cccc(NC(=O)Nc2cccc(c2)C(=O)Nc2cc(ccc2C)C(=O)Nc2ccc(c3cc(cc(c23)S(O)(=O)=O)S(O)(=O)=O)S(O)(=O)=O)c1)C(=O)Nc1ccc(c2cc(cc(c12)S(O)(=O)=O)S(O)(=O)=O)S(O)(=O)=O'],Launched,DNA synthesis inhibitor,F2|FSHR|P2RY1|P2RY11|P2RY13|P2RY2|PLA2G2A|RYR1|RYR2|SIRT5,infectious disease,African trypanosomiasis|onchocerciasis
16902,suxibuzone,['5362'],['CCCCC1(COC(=O)CCC(O)=O)C(=O)N(N(C1=O)c1ccccc1)c1ccccc1'],Launched,cyclooxygenase inhibitor,,rheumatology|neurology/psychiatry,joint pain|muscle pain
16903,synephrine,['7172'],['CNCC(O)c1ccc(O)cc1'],Launched,adrenergic receptor agonist,ADRA1A,otolaryngology,sinusitis
16904,syringic-acid,['10742'],['COc1cc(cc(OC)c1O)C(=O)O'],,,,,
16905,syrosingopine,['6769'],['CCOC(=O)Oc1c(OC)cc(cc1OC)C(=O)O[C@@H]2C[C@@H]3CN4CCc5c([nH]c6cc(OC)ccc56)[C@H]4C[C@@H]3[C@@H]([C@H]2OC)C(=O)OC'],,,,,
16906,tacedinaline,['2746'],['CC(=O)Nc1ccc(cc1)C(=O)Nc1ccccc1N'],Phase 3,HDAC inhibitor,HDAC1,,
16907,tacrine,['1935'],['Nc1c2CCCCc2nc2ccccc12'],Launched,acetylcholinesterase inhibitor,ACHE|BCHE,neurology/psychiatry,Alzheimer's disease
16908,tacrolimus,"['13819073', '24140138', '6473866']","['CO[C@@H]1C[C@@H](CC[C@H]1O)\\C=C(/C)[C@H]1OC(=O)[C@@H]2CCCCN2C(=O)C(=O)[C@@]2(O)O[C@@H]([C@H](C[C@H]2C)OC)[C@H](C[C@@H](C)C\\C(C)=C\\[C@@H](CC=C)C(=O)C[C@H](O)[C@H]1C)OC', 'CO[C@@H]1C[C@@H](CC[C@H]1O)\\C=C(/C)[C@H]1OC(=O)[C@@H]2CCCCN2C(=O)C(=O)[C@]2(O)O[C@@H]([C@H](C[C@H]2C)OC)[C@H](C[C@@H](C)C\\C(C)=C/[C@@H](CC=C)C(=O)C[C@H](O)[C@H]1C)OC', 'CO[C@@H]1C[C@@H](CC[C@H]1O)\\C=C(/C)[C@H]1OC(=O)[C@@H]2CCCCN2C(=O)C(=O)[C@]2(O)O[C@@H]([C@H](C[C@H]2C)OC)[C@H](C[C@@H](C)C\\C(C)=C\\[C@@H](CC=C)C(=O)C[C@H](O)[C@H]1C)OC', 'CO[C@@H]1C[C@@H](CC[C@H]1O)\\C=C(/C)[C@H]1OC(=O)[C@@H]2CCCCN2C(=O)C(=O)[C@]2(O)O[C@H](C[C@H](C[C@@H](C)C\\C(C)=C/[C@@H](CC=C)C(=O)C[C@H](O)[C@H]1C)OC)[C@H](C[C@H]2C)OC']",Launched,calcineurin inhibitor,FKBP1A,transplant,organ rejection
16909,tadalafil,['110635'],['CN1CC(=O)N2[C@H](Cc3c([nH]c4ccccc34)[C@H]2c2ccc3OCOc3c2)C1=O'],Launched,phosphodiesterase inhibitor,PDE11A|PDE5A,urology,erectile dysfunction
16910,talampicillin,['73707484'],['CC1([C@@H](N2[C@@H](S1)[C@@H](C2=O)NC(=O)[C@@H](C3=CC=CC=C3)N)C(=O)OC4C5=CC=CC=C5C(=O)O4)C'],,,,,
16911,talipexole,['5374'],['Nc1nc2CCN(CC=C)CCc2s1'],Launched,adrenergic receptor agonist|dopamine receptor agonist,ADRA2A|DRD2|HTR3A,infectious disease,genitial herpes
16912,talniflumate,['48229'],['FC(F)(F)c1cccc(Nc2ncccc2C(=O)OC2OC(=O)c3ccccc23)c1'],Launched,cyclooxygenase inhibitor,CLCA1,neurology/psychiatry,pain relief
16913,tamibarotene,['108143'],['CC1(C)CCC(C)(C)c2cc(NC(=O)c3ccc(cc3)C(O)=O)ccc12'],Launched,retinoid receptor agonist,RARA|RARB,hematologic malignancy,acute promyelocytic leukemia (APL)
16914,tamoxifen,['2733526'],['CC/C(=C(\\C1=CC=CC=C1)/C2=CC=C(C=C2)OCCN(C)C)/C3=CC=CC=C3'],Launched,estrogen receptor antagonist|selective estrogen receptor modulator (SERM),EBP|ESR1|ESR2|GPER1|PRKCA|PRKCB|PRKCD|PRKCE|PRKCG|PRKCI|PRKCQ|PRKCZ,oncology,breast cancer
16915,tandutinib,['3038522'],['COc1cc2c(ncnc2cc1OCCCN1CCCCC1)N1CCN(CC1)C(=O)Nc1ccc(OC(C)C)cc1'],Phase 2,FLT3 inhibitor|KIT inhibitor|PDGFR tyrosine kinase receptor inhibitor,CSF1R|FLT3|KIT|PDGFD|PDGFRB,,
16916,tanespimycin,"['44634694', '73707384']","['COC1CC(C)CC2=C(NCC=C)C(=O)C=C(NC(=O)\\C(C)=C\\C=C\\C(OC)C(OC(N)=O)\\C(C)=C\\C(C)C1O)C2=O', 'CO[C@H]1C[C@H](C)CC2=C(NCC=C)C(=O)C=C(NC(=O)\\C(C)=C\\C=C/[C@H](OC)[C@@H](OC(N)=O)\\C(C)=C\\[C@H](C)[C@H]1O)C2=O']",Phase 3,HSP inhibitor,HSP90AA1,,
16917,tangeritin,['68077'],['COc1ccc(cc1)-c1cc(=O)c2c(OC)c(OC)c(OC)c(OC)c2o1'],Preclinical,cell cycle inhibitor,,,
16918,targinine,['135242'],['C/N=C(\\N)/NCCC[C@H](N)C(=O)O'],Phase 3,nitric oxide synthase inhibitor,NOS3,,
16919,taurocholic-acid,['23687511'],['C[C@H](CCC(=O)NCCS(=O)(=O)O)[C@H]1CC[C@H]2[C@@H]3[C@H](O)C[C@@H]4C[C@H](O)CC[C@]4(C)[C@H]3C[C@H](O)[C@]12C'],,,,,
16920,taurodeoxycholic-acid,['2733768'],['C[C@H](CCC(=O)NCCS(O)(=O)=O)[C@H]1CC[C@H]2[C@@H]3CC[C@@H]4C[C@H](O)CC[C@]4(C)[C@H]3C[C@H](O)[C@]12C'],,,,,
16921,taxifolin,['439533'],['C1=CC(=C(C=C1[C@@H]2[C@H](C(=O)C3=C(C=C(C=C3O2)O)O)O)O)O'],Phase 2,opioid receptor antagonist,ADIPOR2,,
16922,tazobactam,['123630'],['C[C@]1(Cn2ccnn2)[C@@H](N2[C@@H](CC2=O)S1(=O)=O)C(O)=O'],Launched,beta lactamase inhibitor,,infectious disease,pneumonia
16923,tebuthiuron,['5383'],['CNC(=O)N(C)c1nnc(s1)C(C)(C)C'],,,,,
16924,tegafur,['5386'],['Fc1cn(C2CCCO2)c(=O)[nH]c1=O'],,,,,
16925,tegaserod,['6918369'],['CCCCC\\N=C(/N)N\\N=C\\c1c[nH]c2ccc(OC)cc12'],Withdrawn,serotonin receptor partial agonist,HTR2A|HTR2B|HTR2C|HTR4,,
16926,telenzepine,['5387'],['CN1CCN(CC(=O)N2c3c(C)scc3C(=O)Nc3ccccc23)CC1'],Phase 3,acetylcholine receptor antagonist,CHRM1,,
16927,telmisartan,['65999'],['CCCc1nc2c(C)cc(cc2n1Cc1ccc(cc1)-c1ccccc1C(O)=O)-c1nc2ccccc2n1C'],Launched,angiotensin receptor antagonist,AGTR1|PPARG,cardiology,hypertension
16928,temefos,['5392'],['COP(=S)(OC)Oc1ccc(Sc2ccc(OP(=S)(OC)OC)cc2)cc1'],Launched,cholinesterase inhibitor,,,
16929,temozolomide,['5394'],['Cn1nnc2c(ncn2c1=O)C(N)=O'],Launched,DNA alkylating agent,MGMT,oncology,glioblastoma|astrocytoma
16930,temsirolimus,['6440033'],['COC1CC(CC(C)C2CC(=O)C(C)\\C=C(C)\\C(O)C(OC)C(=O)C(C)CC(C)\\C=C\\C=C\\C=C(C)\\C(CC3CCC(C)C(O)(O3)C(=O)C(=O)N3CCCCC3C(=O)O2)OC)CCC1OC(=O)C(C)(CO)CO'],Launched,mTOR inhibitor,MTOR,oncology,renal cell carcinoma (RCC)
16931,tenatoprazole,['636411'],['COc1ccc2[nH]c(nc2n1)S(=O)Cc1ncc(C)c(OC)c1C'],Phase 2,ATPase inhibitor,IDO1,,
16932,tenidap,['57946'],['NC(=O)N1C(=O)C(C(=O)c2cccs2)c2cc(Cl)ccc12'],Phase 3,cyclooxygenase inhibitor,KCNJ4|PTGS1,,
16933,teniposide,['452548'],['COc1cc(cc(OC)c1O)[C@H]1[C@@H]2C(COC2=O)C(O[C@@H]2O[C@@H]3CO[C@H](OC3[C@H](O)[C@H]2O)c2cccs2)c2cc3OCOc3cc12'],Launched,topoisomerase inhibitor,TOP2A|TOP2B,hematologic malignancy,acute lymphoblastic leukemia (ALL)
16934,tenofovir,['464205'],['C[C@H](Cn1cnc2c(N)ncnc12)OCP(O)(O)=O'],Launched,HIV integrase inhibitor|nucleoside reverse transcriptase inhibitor,,infectious disease,human immunodeficiency virus (HIV-1)|hepatitis B
16935,tenovin-1,['1013376'],['CC(=O)Nc1ccc(NC(=S)NC(=O)c2ccc(cc2)C(C)(C)C)cc1'],Preclinical,SIRT inhibitor|TP53 activator,SIRT1,,
16936,tenoxicam,['54677971'],['CN1C(C(=O)Nc2ccccn2)C(=O)c2sccc2S1(=O)=O'],Launched,cyclooxygenase inhibitor,PTGS1|PTGS2,rheumatology|orthopedics,rheumatoid arthritis|osteoarthritis|ankylosing spondylitis|tendinitis|bursitis|periarthritis
16937,terazosin,['44383'],['COc1cc2nc(nc(N)c2cc1OC)N1CCN(CC1)C(=O)C1CCCO1'],Launched,adrenergic receptor antagonist,ADRA1A|ADRA1B|ADRA1D,urology|cardiology,benign prostatic hyperplasia (BPH)|hypertension
16938,terbinafine,['5282481'],['CN(C\\C=C\\C#CC(C)(C)C)Cc1cccc2ccccc12'],Launched,fungal squalene epoxidase inhibitor,SQLE,infectious disease,tinea pedis|tinea cruris|tinea corporis
16939,terbutaline,"['657301', '73707356']","['CC(C)(C)NCC(O)c1cc(O)cc(O)c1', 'CC(C)(C)NCC(O)c1cc(O)cc(O)c1.CC(C)(C)NCC(O)c1cc(O)cc(O)c1']",Launched,adrenergic receptor agonist,ADRB2,pulmonary,bronchospasm|bronchitis|emphysema
16940,terconazole,['441383'],['CC(C)N1CCN(CC1)c1ccc(OC[C@H]2CO[C@@](Cn3cncn3)(O2)c2ccc(Cl)cc2Cl)cc1'],Launched,sterol demethylase inhibitor,,infectious disease,vulvovaginal candidiasis
16941,terfenadine,['5405'],['CC(C)(C)c1ccc(cc1)C(O)CCCN1CCC(CC1)C(O)(c1ccccc1)c1ccccc1'],Withdrawn,histamine receptor antagonist,HRH1|KCNH1|KCNH2,,
16942,terguride,['11957722'],['CCN(CC)C(=O)N[C@@H]1C[C@H]2[C@@H](Cc3c[nH]c4cccc2c34)N(C)C1'],Launched,dopamine receptor agonist|serotonin receptor antagonist,ADRA1A|ADRA2A|ADRA2B|ADRA2C|DRD2|DRD3|DRD4|HTR1A|HTR1B|HTR1D|HTR2A|HTR2B|HTR2C,neurology/psychiatry,Parkinson's Disease
16943,terreic-acid-(-),['44483234'],['CC1C(=O)[C@H]2O[C@H]2C(=O)C1=O'],Preclinical,Bruton's tyrosine kinase (BTK) inhibitor,BTK,,
16944,tert-butylhydroquinone,['16043'],['CC(C)(C)c1cc(O)ccc1O'],,,,,
16945,testosterone,"['5408', '5995', '6010']","['CC12CCC3C(CCC4=CC(=O)CCC34C)C2CCC1O', 'CCC(=O)O[C@H]1CC[C@H]2[C@@H]3CCC4=CC(=O)CC[C@]4(C)[C@H]3CC[C@]12C', 'C[C@]1(O)CC[C@H]2[C@@H]3CCC4=CC(=O)CC[C@]4(C)[C@H]3CC[C@]12C', 'C[C@]12CCC3C(CCC4=CC(=O)CC[C@]34C)C1CC[C@@H]2O']",,,,,
16946,testosterone-propionate,['5701990'],['CCC(=O)O[C@H]1CCC2C3CCC4=CC(=O)CC[C@]4(C)C3CC[C@]12C'],,,,,
16947,tetrabenazine,['6018'],['CC(C)CC1CN2CCC3=CC(=C(C=C3C2CC1=O)OC)OC'],Launched,vesicular monoamine transporter inhibitor,SLC18A1|SLC18A2,infectious disease|neurology/psychiatry,cholera|Huntington's disease
16948,tetracaine,['8695'],['CCCCNc1ccc(cc1)C(=O)OCCN(C)C'],Launched,membrane integrity inhibitor,SCN10A|SCN11A|SCN1A|SCN2A|SCN3A|SCN4A|SCN5A|SCN7A|SCN8A|SCN9A,neurology/psychiatry,anesthetic
16949,tetrachloroethylene,['31373'],['ClC(Cl)=C(Cl)Cl'],,,,,
16950,tetracycline,"['10410310', '44247471', '73707498']","['CC1[C@H]2C[C@H]3[C@H](N(C)C)C(=O)C(C(N)=O)C(=O)[C@@]3(O)C(=O)C2C(=O)c2c(O)cccc12', 'CN(C)C1C2CC3C(C(=O)c4c(O)cccc4C3(C)O)C(=O)C2(O)C(=O)C(C(=O)N)C1=O', 'CN(C)[C@H]1[C@@H]2C[C@@H]3C(C(=O)c4c(O)cccc4[C@@]3(C)O)C(=O)[C@]2(O)C(=O)C(C(N)=O)C1=O']",Launched,bacterial 30S ribosomal subunit inhibitor,,infectious disease|dermatology,respiratory tract infections|pneumonia|skin infections|urinary tract infections|acne vulgaris (AV)|plague|psittacosis
16951,tetradecylthioacetic-acid,['114924'],['CCCCCCCCCCCCCCSCC(O)=O'],Phase 2,lipid peroxidase inhibitor,,,
16952,tetraethylenepentamine,['8197'],['NCCNCCNCCNCCN'],Phase 2/Phase 3,superoxide dismutase inhibitor,SOD1|SOD2,,
16953,tetrahydrobiopterin,['53484654'],['CC(O)[C@H](O)C1CNc2nc(N)[nH]c(=O)c2N1'],,,,,
16954,tetrahydrocannabinol-7-oic-acid,['107885'],['CCCCCc1cc(O)c2C3C=C(CC[C@H]3C(C)(C)Oc2c1)C(=O)O'],,,,,
16955,tetrahydropalmatine,['72301'],['COc1ccc2CC3N(CCc4cc(OC)c(OC)cc34)Cc2c1OC'],,,,,
16956,tetrahydrozoline,['5419'],['C1CN=C(N1)C1CCCc2ccccc12'],Launched,adrenergic receptor agonist,,ophthalmology,eye irritation
16957,tetramethyl-haematoxylone,['4309557'],['COc1ccc2C(=O)c3cc(OC)c(OC)cc3CC(=O)COc2c1OC'],,,,,
16958,tetramethylsilane,['5354004'],['COc1ccc(C=Cc2cc(OC)cc(OC)c2)c(OC)c1'],,,,,
16959,tetramisole,['3913'],['C1CN2CC(N=C2S1)c1ccccc1'],Launched,immunostimulant,ALPPL2|CHRNA3,infectious disease,gastrointestinal parasites
16960,tetrindole,['160019'],['C1CCC(CC1)c1ccc2n3CCNC4CCCc(c34)c2c1'],Phase 3,monoamine oxidase inhibitor,MAOA,,
16961,tetroquinone,['36689751'],['OC1C(=O)C(=O)C(O)C(=O)C1=O'],Preclinical,,,,
16962,thalidomide,['5426'],['O=C1N(C2CCC(=O)NC2=O)C(=O)c2ccccc12'],Launched,tumor necrosis factor production inhibitor,TNF,oncology,myeloma
16963,thapsigargin,['5353993'],['CCCCCCCC(=O)OC1C2C(=C(C1OC(=O)/C(=C/C)/C)C)C3C(C(CC2(C)OC(=O)C)OC(=O)CCC)(C(C(=O)O3)(C)O)O'],,,,,
16964,thenoyltrifluoroacetone,['5601'],['FC(F)(F)C(=O)CC(=O)c1cccs1'],,,,,
16965,theobromine,['5429'],['Cn1cnc2n(C)c(=O)[nH]c(=O)c12'],Launched,phosphodiesterase inhibitor,ADORA1|ADORA2A|PDE4B,,
16966,theophylline,['2153'],['Cn1c2nc[nH]c2c(=O)n(C)c1=O'],,,,,
16967,thiamine,['6042'],['Cc1c(CCO)sc[n+]1Cc1cnc(C)nc1N'],Launched,vitamin B,SLC19A2|SLC19A3|TPK1,metabolism,thiamine deficiency
16968,thiamphenicol,['27200'],['CS(=O)(=O)c1ccc(cc1)[C@@H](O)[C@@H](CO)NC(=O)C(Cl)Cl'],Launched,bacterial 50S ribosomal subunit inhibitor,,infectious disease,pelvic inflammatory disease
16969,thiazolidinecarboxylic-acid,['72390'],['OC(=O)[C@@H]1CSC(=O)N1'],,,,,
16970,thiazolopyrimidine,['5758458'],['CCOC(=O)C1=C(C)N=c2s\\c(=C/c3cc(Br)c(O)c(Br)c3)c(=O)n2C1c1ccc2OCOc2c1'],,,,,
16971,thiethylperazine,['5440'],['CCSc1ccc2Sc3ccccc3N(CCCN3CCN(C)CC3)c2c1'],Launched,dopamine receptor antagonist,DRD1|DRD2|DRD4,gastroenterology,nausea
16972,thiocolchicoside,['9915886'],['CC(=O)N[C@H]1CCC2=CC(=C(C(=C2C3=CC=C(C(=O)C=C13)SC)OC)OC)O[C@H]4[C@@H]([C@H]([C@@H]([C@H](O4)CO)O)O)O'],Launched,GABA receptor antagonist,GABRA1|GABRB2|GABRG2|GLRA1|GLRB,neurology/psychiatry,muscle relaxant
16973,thiomersal,['67361'],['CC[Hg]Sc1ccccc1C(O)=O'],Launched,other antibiotic,OXCT1,infectious disease,preservative
16974,thioperamide,['3035905'],['C1CCC(CC1)NC(=S)N2CCC(CC2)C3=CN=CN3'],Preclinical,histamine receptor antagonist,HRH3|HRH4,,
16975,thioproperazine,['9429'],['CN(C)S(=O)(=O)c1ccc2Sc3ccccc3N(CCCN3CCN(C)CC3)c2c1'],Launched,dopamine receptor antagonist,ADRA1A|ADRA1B|DRD1|DRD2|HTR1A|HTR2A,neurology/psychiatry,schizophrenia
16976,thioridazine,['5452'],['CSc1ccc2Sc3ccccc3N(CCC3CCCCN3C)c2c1'],Withdrawn,dopamine receptor antagonist,DRD1|DRD2|DRD3|DRD4|DRD5|HRH1|HTR1A|HTR2A|HTR2C|HTR6|HTR7,,
16977,thiorphan,['3132'],['OC(=O)CNC(=O)C(CS)Cc1ccccc1'],Phase 1,membrane metalloendopeptidase inhibitor,MME,,
16978,thiostrepton,"['16129995', '73707520']","['CCC(C)C1NC2C=Cc3c(cc(nc3C2O)C(=O)OC(C)C2NC(=O)c3csc(n3)C(NC(=O)C3CSC(=N3)\\C(NC(=O)C(NC(=O)c3csc(n3)C3(CCC(=NC3c3csc2n3)c2nc(cs2)C(=O)NC(=C)C(=O)NC(=C)C(N)=O)NC(=O)C(C)NC(=O)C(=C)NC(=O)C(C)NC1=O)C(C)O)=C/C)C(C)(O)C(C)O)C(C)O', 'CCC(C)[C@@H]1N[C@@H]2C=Cc3c(cc(nc3[C@H]2O)C(=O)O[C@H](C)[C@@H]2NC(=O)c3csc(n3)[C@@H](NC(=O)[C@H]3CSC(=N3)C(NC(=O)[C@@H](NC(=O)c3csc(n3)[C@]3(CCC(=N[C@H]3c3csc2n3)c2nc(cs2)C(=O)NC(=C)C(=O)NC(=C)C(N)=O)NC(=O)[C@H](C)NC(=O)C(=C)NC(=O)[C@H](C)NC1=O)[C@@H](C)O)=CC)[C@@](C)(O)[C@@H](C)O)[C@H](C)O']",Launched,FOXM1 inhibitor|protein synthesis inhibitor,FOXM1,obstetrics/gynecology,mastitis
16979,thiotepa,['5453'],['S=P(N1CC1)(N1CC1)N1CC1'],Launched,cytochrome P450 inhibitor,CYP2B6|CYP3A4,oncology,breast cancer|ovarian cancer|bladder cancer
16980,thiothixene,"['6444849', '941650']","['CN(C)S(=O)(=O)c1ccc2Sc3ccccc3\\C(=C/CCN3CCN(C)CC3)c2c1', 'CN(C)S(=O)(=O)c1ccc2Sc3ccccc3\\C(=C\\CCN3CCNCC3)c2c1']",Launched,dopamine receptor antagonist,DRD1|DRD2|HRH1|HTR2A,neurology/psychiatry,schizophrenia
16981,thonzonium,['11102'],['CCCCCCCCCCCCCCCC[N+](C)(C)CCN(Cc1ccc(OC)cc1)c1ncccn1'],Launched,ATPase inhibitor,,infectious disease,ear infections
16982,tiabendazole,['5430'],['c1nc(cs1)-c1nc2ccccc2[nH]1'],Launched,angiogenesis inhibitor,,infectious disease,gastrointestinal roundworms|hookworm
16983,tiagabine,['91274'],['Cc1ccsc1C(=CCCN1CCC[C@H](C1)C(O)=O)c1sccc1C'],Launched,GABA uptake inhibitor,SLC6A1,neurology/psychiatry,seizures
16984,tianeptine,['68870'],['CN1c2ccccc2C(NCCCCCCC(O)=O)c2ccc(Cl)cc2S1(=O)=O'],Launched,selective serotonin reuptake enhancer (SSRE),OPRD1|OPRK1|OPRM1,neurology/psychiatry|pulmonary|gastroenterology,depression|asthma|irritable bowel syndrome
16985,tiapride,['5702214'],['CCN(CC)CCNC(=O)c1cc(ccc1OC)S(C)(=O)=O'],Launched,dopamine receptor antagonist,DRD2|DRD3,neurology/psychiatry,dyskinesia|abstinence from alcohol|psychosis
16986,tiaprofenic-acid,['181380'],['CC(C(O)=O)c1ccc(s1)C(=O)c1ccccc1'],Launched,cyclooxygenase inhibitor,PTGS2,rheumatology,rheumatoid arthritis
16987,tibolone,['444008'],['C[C@@H]1CC2=C(CCC(=O)C2)[C@H]3CC[C@@]4(C)[C@@H](CC[C@@]4(O)C#C)[C@H]13'],Launched,androgen receptor agonist|estrogen receptor agonist|progesterone receptor agonist,ESR1,obstetrics/gynecology,endometriosis
16988,ticarcillin,['13025387'],['CC1(C)S[C@H]2[C@H](NC(=O)C(C(O)=O)c3ccsc3)C(=O)N2[C@H]1C(O)=O'],Launched,lactamase inhibitor,,infectious disease,gram-negative bacterial infections
16989,ticlopidine,['5472'],['Clc1ccccc1CN1CCc2sccc2C1'],Launched,purinergic receptor antagonist,P2RY12,hematology|neurology/psychiatry,thrombosis|stroke
16990,tienilic-acid,['38409'],['OC(=O)COc1ccc(C(=O)c2cccs2)c(Cl)c1Cl'],Withdrawn,cytochrome P450 inhibitor|sodium/potassium/chloride transporter inhibitor,CYP2C9|SLC12A1,,
16991,tigecycline,['73707446'],['CN(C)[C@H]1[C@@H]2C[C@@H]3Cc4c(cc(NC(=O)CNC(C)(C)C)c(O)c4C(=O)C3C(=O)[C@]2(O)C(=O)C(C(N)=O)C1=O)N(C)C'],Launched,bacterial 30S ribosomal subunit inhibitor,,infectious disease,skin infections|pneumonia|intra-abdominal infections
16992,tiletamine,['26533'],['CCNC1(CCCCC1=O)c1cccs1'],,,,,
16993,timolol,['5281056'],['CC(C)(C)NC[C@H](O)COc1nsnc1N1CCOCC1'],Launched,adrenergic receptor antagonist,ADRB1|ADRB2,ophthalmology,ocular hypertension|glaucoma
16994,timosaponin,['73438891'],['C[C@H]1[C@H]2[C@H](C[C@H]3[C@@H]4CC[C@@H]5C[C@H](CC[C@]5(C)[C@H]4CC[C@]23C)O[C@@H]2O[C@H](CO)[C@H](O)[C@H](O)[C@H]2O[C@@H]2O[C@H](CO)[C@@H](O)[C@H](O)[C@H]2O)O[C@]11CCC(C)OC1'],,,,,
16995,tinidazole,['5479'],['CCS(=O)(=O)CCn1c(C)ncc1[N+]([O-])=O'],Launched,antiprotozoal agent,,infectious disease|obstetrics/gynecology,giardiasis|amebiasis|bacterial vaginosis|trichomoniasis
16996,tioconazole,['5482'],['Clc1sccc1COC(Cn1ccnc1)c1ccc(Cl)cc1Cl'],Launched,sterol demethylase inhibitor,,infectious disease,yeast infection
16997,tioguanine,['2724387'],['Nc1nc(S)c2ncn([C@@H]3O[C@H](CO)[C@@H](O)[C@H]3O)c2n1'],Launched,purine antagonist,,hematologic malignancy,acute myeloid leukemia (AML)|acute lymphoblastic leukemia (ALL)|chronic myeloid leukemia (CML)
16998,tiotidine,['50287'],['CNC(=NC#N)NCCSCc1csc(N=C(N)N)n1'],Phase 2,histamine receptor antagonist,HRH2,,
16999,tipifarnib,['9935249'],['Cn1cncc1[C@](N)(c1ccc(Cl)cc1)c1ccc2n(C)c(=O)cc(-c3cccc(Cl)c3)c2c1'],Phase 3,farnesyltransferase inhibitor,FNTA|FNTB,,
17000,tipifarnib-P2,['159324'],['Cn1cncc1[C@@](N)(c1ccc(Cl)cc1)c1ccc2n(C)c(=O)cc(-c3cccc(Cl)c3)c2c1'],,,,,
17001,tiratricol,['5803'],['OC(=O)Cc1cc(I)c(Oc2ccc(O)c(I)c2)c(I)c1'],Launched,thyroid hormone stimulant,THRA|THRB,endocrinology,Refetoff syndrome
17002,tivantinib,['11494412'],['O=C1NC(=O)[C@H]([C@@H]1c1c[nH]c2ccccc12)c1cn2CCCc3cccc1c23'],Phase 3,tyrosine kinase inhibitor,MET,,
17003,tivozanib,['9911830'],['COc1cc2nccc(Oc3ccc(NC(=O)Nc4cc(C)on4)c(Cl)c3)c2cc1OC'],Launched,VEGFR inhibitor,FLT1|FLT4|KDR|KIT|PDGFRA|PDGFRB,oncology,renal cell carcinoma (RCC)
17004,tizanidine,['114869'],['Clc1ccc2nsnc2c1NC1=NCCN1'],Launched,adrenergic receptor agonist,ADRA2A|ADRA2B|ADRA2C|NISCH,neurology/psychiatry,spasms
17005,tocainide,['38945'],['CC(N)C(=O)Nc1c(C)cccc1C'],Launched,sodium channel blocker,SCN5A,cardiology,cardiac arrythmia
17006,todralazine,['5501'],['CCOC(=O)NNc1nncc2ccccc12'],Launched,antihypertensive agent,,cardiology,hypertension
17007,tofacitinib,['9926791'],['C[C@@H]1CCN(C[C@@H]1N(C)c1ncnc2[nH]ccc12)C(=O)CC#N'],Launched,JAK inhibitor,JAK1|JAK2|JAK3,rheumatology,rheumatoid arthritis
17008,tolazamide,['5503'],['Cc1ccc(cc1)S(=O)(=O)NC(=O)NN1CCCCCC1'],Launched,ATP channel blocker,ABCC8|KCNJ1|KCNJ10|KCNJ11,endocrinology,diabetes mellitus
17009,tolazoline,['5504'],['C(C1=NCCN1)c1ccccc1'],Launched,adrenergic receptor antagonist,ADRA1A|ADRA2A|ADRA2B|ADRA2C|HRH1|HRH2,neurology/psychiatry,reverse sedative
17010,tolbutamide,['5505'],['CCCCNC(=O)NS(=O)(=O)c1ccc(C)cc1'],Launched,ATP channel blocker,ABCC8|KCNJ1|KCNJ11|KCNJ8,endocrinology,diabetes mellitus
17011,tolcapone,['4659569'],['Cc1ccc(cc1)C(=O)c1cc(O)c(O)c(c1)[N+]([O-])=O'],Withdrawn,catechol O methyltransferase inhibitor,COMT,,
17012,tolfenamic-acid,['610479'],['Cc1c(Cl)cccc1Nc1ccccc1C(O)=O'],Launched,cyclooxygenase inhibitor|prostanoid receptor antagonist,,neurology/psychiatry,migraine headache
17013,tolmetin,['5509'],['Cc1ccc(cc1)C(=O)c1ccc(CC(O)=O)n1C'],Launched,cyclooxygenase inhibitor,PTGS1|PTGS2,rheumatology,rheumatoid arthritis|osteoarthritis
17014,tolnaftate,['5510'],['CN(C(=S)Oc1ccc2ccccc2c1)c1cccc(C)c1'],Launched,fungal squalene epoxidase inhibitor,,infectious disease,tinea pedis|tinea corporis
17015,tolterodine,['9847786'],['CC(C)N(CC[C@H](c1ccccc1)c1cc(C)ccc1O)C(C)C'],Launched,acetylcholine receptor antagonist,CHRM1|CHRM2|CHRM3|CHRM4|CHRM5,urology,urinary incontinence|urinary frequency
17016,toltrazuril,['68591'],['Cc1cc(ccc1Oc1ccc(SC(F)(F)F)cc1)-n1c(=O)[nH]c(=O)n(C)c1=O'],Launched,antiprotozoal agent,,infectious disease,coccidiosis
17017,tomelukast,['3969'],['CCCc1c(OCCCCc2nnn[nH]2)ccc(C(C)=O)c1O'],Phase 3,leukotriene receptor antagonist,CYSLTR1,,
17018,topiramate,['5284627'],['CC1(C)O[C@@H]2CO[C@@]3(COS(N)(=O)=O)OC(C)(C)O[C@H]3[C@@H]2O1'],Launched,carbonic anhydrase inhibitor|glutamate receptor antagonist|kainate receptor antagonist,CA1|CA12|CA2|CA4|CA7|GABRA1|GABRA2|GABRA3|GABRA4|GABRA5|GABRA6|GABRB1|GABRB2|GABRB3|GABRD|GABRE|GABRG1|GABRG2|GABRG3|GABRP|GABRQ|GRIA1|GRIA2|GRIA3|GRIA4|GRIK1|GRIK2|GRIK3|GRIK4|GRIK5|SCN10A|SCN11A|SCN1A|SCN2A|SCN3A|SCN4A|SCN5A|SCN7A|SCN8A|SCN9A,neurology/psychiatry,epilepsy|migraine headache
17019,topotecan,"['5515', '60699']","['CCC1(O)C(=O)OCc2c1cc1-c3nc4ccc(O)c(CN(C)C)c4cc3Cn1c2=O', 'CC[C@@]1(O)C(=O)OCc2c1cc1-c3nc4ccc(O)c(CN(C)C)c4cc3Cn1c2=O']",Launched,topoisomerase inhibitor,TOP1|TOP1MT,oncology,small cell lung cancer|cervical cancer
17020,torasemide,['41781'],['CC(C)NC(=O)NS(=O)(=O)c1cnccc1Nc1cccc(C)c1'],Launched,electrolyte reabsorption inhibitor|thromboxane receptor antagonist,SLC12A1,cardiology,edema|congestive heart failure|hypertension
17021,toremifene,['6536897'],['CN(C)CCOC1=CC=C(C=C1)/C(=C(\\CCCl)/C2=CC=CC=C2)/C3=CC=CC=C3'],Launched,estrogen receptor antagonist|selective estrogen receptor modulator (SERM),ESR1,oncology,breast cancer
17022,torin-1,['49836027'],['CCC(=O)N1CCN(CC1)c1ccc(cc1C(F)(F)F)-n1c2c(ccc1=O)cnc1ccc(cc21)-c1cnc2ccccc2c1'],Preclinical,mTOR inhibitor,MTOR,,
17023,torin-2,['51358113'],['Nc1ccc(cn1)-c1ccc2ncc3ccc(=O)n(-c4cccc(c4)C(F)(F)F)c3c2c1'],Preclinical,mTOR inhibitor,MTOR,,
17024,tosedostat,['15547703'],['CC(C)C[C@H]([C@H](O)C(=O)NO)C(=O)N[C@H](C(=O)OC1CCCC1)c1ccccc1'],Phase 2,peptidase inhibitor,ANPEP|LAP3|NPEPPS,,
17025,tosufloxacin,['93858'],['NC1CCN(C1)c1nc2n(cc(C(O)=O)c(=O)c2cc1F)-c1ccc(F)cc1F'],Launched,bacterial DNA gyrase inhibitor,,infectious disease,gram-negative bacterial infections
17026,tosyl-phenylalanyl-chloromethyl-ketone,['18609500'],['Cc1ccc(cc1)S(=O)(=O)N[C@H](Cc2ccccc2)C(=O)CCl'],,,,,
17027,tosyllysyl-chloromethyl-ketone,['16760682'],['Cc1ccc(cc1)S(=O)(=O)N[C@H](CCCCN)C(=O)CCl'],,,,,
17028,totaralolal,['6708512'],['CC(C)c1c(O)ccc2c1CCC3[C@](C)(CCC[C@@]32C)C=O'],,,,,
17029,tozasertib,['5494449'],['CC1=CC(=NN1)NC2=CC(=NC(=N2)SC3=CC=C(C=C3)NC(=O)C4CC4)N5CCN(CC5)C'],Phase 2,Aurora kinase inhibitor|Bcr-Abl kinase inhibitor|FLT3 inhibitor|JAK inhibitor,AURKA|AURKB|AURKC|LCK,,
17030,tracazolate,['5522'],['CCCCNc1c(C(=O)OCC)c(C)nc2n(CC)ncc12'],Phase 2,GABA receptor modulator,GABRA1,,
17031,tramadol,['33741'],['CN(C)C[C@H]1CCCC[C@@]1(C2=CC(=CC=C2)OC)O'],,,,,
17032,trametinib,['11707110'],['CC(=O)Nc1cccc(c1)-n1c2c(C)c(=O)n(C)c(Nc3ccc(I)cc3F)c2c(=O)n(C2CC2)c1=O'],Launched,MEK inhibitor,MAP2K1|MAP2K2,oncology,melanoma
17033,tranexamic-acid,['5526'],['NC[C@H]1CC[C@@H](CC1)C(O)=O'],Launched,antifibrinolytic|plasminogen activator inhibitor,PLG,hematology,hemophilia
17034,tranilast,['5282230'],['COC1=C(C=C(C=C1)/C=C/C(=O)NC2=CC=CC=C2C(=O)O)OC'],Launched,angiogenesis inhibitor,HPGDS|HRH1,pulmonary,asthma
17035,trans-bis-q,['133795'],['C[N+](C)(C)Cc1cccc(c1)\\N=N\\c1cccc(C[N+](C)(C)C)c1'],,,,,
17036,tranylcypromine,['19493'],['C1[C@H]([C@@H]1N)C2=CC=CC=C2'],Launched,monoamine oxidase inhibitor,KDM1A|MAOA|MAOB,neurology/psychiatry,depression
17037,trap-101,['11494970'],['CCn1c2ccccc2n(C2=C(CO)CN(CC3CCCCCCC3)CC2)c1=O'],Preclinical,nociceptin/orphanin FQ receptor antagonist|opioid receptor antagonist,OPRL1,,
17038,trapidil,['5531'],['CCN(CC)c1cc(C)nc2ncnn12'],Launched,PDGFR tyrosine kinase receptor inhibitor,PDGFRA,cardiology,coronary artery disease (CAD)
17039,trazodone,['5533'],['Clc1cccc(c1)N1CCN(CCCn2nc3ccccn3c2=O)CC1'],Launched,adrenergic receptor antagonist|serotonin receptor antagonist|serotonin reuptake inhibitor,ADRA1A|ADRA2A|HRH1|HTR1A|HTR2A|HTR2B|HTR2C|SLC6A4,neurology/psychiatry,depression
17040,trehalose,['7427'],['OC[C@H]1O[C@H](O[C@H]2O[C@H](CO)[C@@H](O)[C@H](O)[C@H]2O)[C@H](O)[C@@H](O)[C@@H]1O'],,,,,
17041,tremorine,['5534'],['C(C#CCN1CCCC1)N1CCCC1'],Preclinical,acetylcholine receptor agonist,,,
17042,tremulacin,['442544'],['OC[C@H]1O[C@@H](Oc2ccccc2COC(=O)C3(O)C=CCCC3=O)[C@H](OC(=O)c4ccccc4)[C@@H](O)[C@@H]1O'],,,,,
17043,treprostinil,['73707411'],['CCCCC[C@H](O)CC[C@H]1[C@H](O)CC2Cc3c(C)cccc3CC12'],Launched,prostanoid receptor agonist,P2RY12|PPARD|PTGIR,pulmonary,pulmonary arterial hypertension (PAH)
17044,trequinsin,['5537'],['COc1cc2CCn3c(c\\c(=N/c4c(C)cc(C)cc4C)n(C)c3=O)-c2cc1OC'],Phase 1,phosphodiesterase inhibitor,PDE5A,,
17045,tretinoin,['444795'],['CC1=C(C(CCC1)(C)C)/C=C/C(=C/C=C/C(=C/C(=O)O)/C)/C'],Launched,retinoid receptor agonist|retinoid receptor ligand,ALDH1A1|ALDH1A2|GPRC5A|NR0B1|NR2C2|PPARD|RARA|RARB|RARG|RARRES1|RORB|RORC|RXRB|RXRG,hematologic malignancy,acute promyelocytic leukemia (APL)
17046,triacetylresveratrol,['5962587'],['CC(=O)Oc1ccc(/C=C/c2cc(OC(=O)C)cc(OC(=O)C)c2)cc1'],,,,,
17047,triacsin-c,['73707378'],['CCC\\C=C\\C\\C=C\\C=C\\C=N\\N[NH2+][O-]'],,,,,
17048,triamcinolone,['31307'],['C[C@]12C[C@@H]([C@]3([C@H]([C@@H]1C[C@H]([C@@]2(C(=O)CO)O)O)CCC4=CC(=O)C=C[C@@]43C)F)O'],Launched,glucocorticoid receptor agonist,NR3C1,dermatology,corticosteroid-responsive dermatoses
17049,triamcinolone-acetonide,['6436'],['CC1(C)O[C@@H]2CC3C4CCC5=CC(=O)C=C[C@]5(C)[C@@]4(F)[C@@H](O)C[C@]3(C)[C@@]2(O1)C(=O)CO'],Launched,glucocorticoid receptor agonist|immunosuppressant,NR3C1|SERPINA6,dermatology,corticosteroid-responsive dermatoses
17050,triamterene,['5546'],['Nc1nc(N)c2nc(-c3ccccc3)c(N)nc2n1'],Launched,sodium channel blocker,SCNN1A|SCNN1B|SCNN1D|SCNN1G,endocrinology|cardiology,hypokalemia|hypertension|edema
17051,tribenoside,['73707485'],['CCOC1[C@@H]([C@H]([C@@H](O1)[C@@H](COCC2=CC=CC=C2)OCC3=CC=CC=C3)OCC4=CC=CC=C4)O'],Launched,anti-inflammatory agent|capillary stabilizing agent,,,
17052,tributyltin,['15096'],['CCCC[Sn](Cl)(CCCC)CCCC'],,,,,
17053,trichlormethiazide,['5560'],['NS(=O)(=O)c1cc2c(NC(NS2(=O)=O)C(Cl)Cl)cc1Cl'],Launched,chloride channel blocker,PTGS1|PTGS2|SLC12A1,cardiology,hypertension|edema
17054,trichloroethylene,['6575'],['ClC=C(Cl)Cl'],Preclinical,,,,
17055,trichostatin-a,['444732'],['C[C@H](/C=C(\\C)/C=C/C(=O)NO)C(=O)C1=CC=C(C=C1)N(C)C'],Phase 1,HDAC inhibitor,HDAC1|HDAC10|HDAC2|HDAC3|HDAC4|HDAC5|HDAC6|HDAC7|HDAC8|HDAC9,,
17056,triciribine,['16759157'],['CN1C2=NC=NC3=C2C(=CN3[C@H]4[C@H](C([C@H](O4)CO)O)O)C(=N1)N'],Phase 1/Phase 2,AKT inhibitor,AKT1|AKT2|AKT3,,
17057,triclabendazole,['50248'],['CSc1nc2cc(Cl)c(Oc3cccc(Cl)c3Cl)cc2[nH]1'],Launched,microtubule inhibitor,DNMT1,infectious disease,tapeworm
17058,triclosan,['5564'],['Oc1cc(Cl)ccc1Oc1ccc(Cl)cc1Cl'],Launched,antibacterial agent,DNMT1,infectious disease,first-aid antiseptic
17059,tridihexethyl,['20298'],['CC[N+](CC)(CC)CCC(O)(C1CCCCC1)c1ccccc1'],Launched,acetylcholine receptor antagonist,,gastroenterology|ophthalmology,peptic ulcer disease (PUD)|nystagmus
17060,trifluoperazine,['5566'],['CN1CCN(CCCN2c3ccccc3Sc3ccc(cc23)C(F)(F)F)CC1'],Launched,dopamine receptor antagonist,ADRA1A|CALM1|CALY|DRD2|DRD4|HRH1|HTR2A|HTR2C|S100A4|TNNC1,neurology/psychiatry,schizophrenia
17061,triflupromazine,['5568'],['CN(C)CCCN1c2ccccc2Sc2ccc(cc12)C(F)(F)F'],Launched,dopamine receptor antagonist,CHRM1|CHRM2|DRD1|DRD2|HTR2B,neurology/psychiatry|gastroenterology,psychosis|nausea|vomiting
17062,trifluridine,['6256'],['OC[C@H]1O[C@H](C[C@@H]1O)n1cc(c(=O)[nH]c1=O)C(F)(F)F'],Launched,DNA directed DNA polymerase inhibitor|thymidylate synthase inhibitor,TYMS,infectious disease,virus herpes simplex (HSV)
17063,triflusal,['9458'],['CC(=O)Oc1cc(ccc1C(O)=O)C(F)(F)F'],Launched,cyclooxygenase inhibitor|platelet aggregation inhibitor|thromboxane synthase inhibitor,NFKB1|NOS2|PDE10A|PTGS1,neurology/psychiatry|cardiology,stroke|myocardial infarction|atrial fibrillation (AF)
17064,trihexyphenidyl,['66007'],['OC(CCN1CCCCC1)(C1CCCCC1)c1ccccc1'],Launched,acetylcholine receptor antagonist,CHRM1,neurology/psychiatry,parkinsonism
17065,trimebutine,['5388977'],['CCC(COC(=O)c1cc(OC)c(OC)c(OC)c1)(N(C)C)c1ccccc1'],Launched,opioid receptor agonist,OPRD1|OPRK1|OPRM1,gastroenterology,irritable bowel syndrome
17066,trimetazidine,['9926449'],['COc1ccc(CN2CCNCC2)c(OC)c1OC'],Launched,3-ketoacyl CoA thiolase inhibitor,ACAA2,cardiology,angina pectoris
17067,trimethadione,['5576'],['CN1C(=O)OC(C)(C)C1=O'],Launched,oxazolidine antiepileptic,CACNA1G|CACNA1H|CACNA1I,neurology/psychiatry,seizures
17068,trimethobenzamide,['5577'],['COc1cc(cc(OC)c1OC)C(=O)NCc1ccc(OCCN(C)C)cc1'],Launched,histamine receptor antagonist,DRD2,gastroenterology,vomiting|nausea|gastroenteritis
17069,trimethoprim,['5578'],['COc1cc(Cc2cnc(N)nc2N)cc(OC)c1OC'],Launched,dihydrofolate reductase inhibitor,DHFR|TYMS,infectious disease|gastroenterology,urinary tract infections|ear infections|diarrhea
17070,trimetozine,['12478'],['COc1cc(cc(OC)c1OC)C(=O)N1CCOCC1'],Launched,sedative,,neurology/psychiatry,sedative
17071,trimidox,['5464467'],['ONC(=N)c1cc(O)c(O)c(O)c1'],,,,,
17072,trimipramine,['5584'],['CC(CN(C)C)CN1c2ccccc2CCc2ccccc12'],Launched,norepinephrine reputake inhibitor|tricyclic antidepressant,SLC6A2|SLC6A3|SLC6A4,neurology/psychiatry,depression
17073,trioxsalen,['5585'],['Cc1cc2cc3c(C)cc(=O)oc3c(C)c2o1'],Launched,DNA synthesis inhibitor,,dermatology,vitiligo|eczema
17074,tripelennamine,['9066'],['CN(C)CCN(Cc1ccccc1)c1ccccn1'],Launched,histamine receptor antagonist,HRH1,pulmonary|allergy,asthma|allergic rhinitis|urticaria
17075,triphenyl-tin,['12540'],['Cl[Sn](c1ccccc1)(c1ccccc1)c1ccccc1'],,,,,
17076,triprolidine,['5282443'],['CC1=CC=C(C=C1)/C(=C\\CN2CCCC2)/C3=CC=CC=N3'],Launched,histamine receptor antagonist,HRH1,allergy,allergic rhinitis
17077,triptolide,['107985'],['CC(C)[C@@]12[C@@H](O1)[C@H]3[C@@]4(O3)[C@]5(CCC6=C([C@@H]5C[C@H]7[C@]4([C@@H]2O)O7)COC6=O)C'],Phase 3,RNA polymerase inhibitor,RELA,,
17078,troglitazone,['5591'],['Cc1c(C)c2OC(C)(COc3ccc(CC4SC(=O)NC4=O)cc3)CCc2c(C)c1O'],Withdrawn,insulin sensitizer|PPAR receptor agonist,CYP2C8|PPARG|TRPM3,,
17079,troleandomycin,['202225'],['CO[C@H]1C[C@H](O[C@H]2[C@H](C)[C@@H](O[C@@H]3O[C@H](C)C[C@@H]([C@H]3OC(=O)C)N(C)C)[C@@H](C)C[C@@]4(CO4)C(=O)[C@H](C)[C@@H](OC(=O)C)[C@@H](C)[C@@H](C)OC(=O)[C@@H]2C)O[C@@H](C)[C@@H]1OC(=O)C'],Launched,protein synthesis inhibitor,,infectious disease|pulmonary|otolaryngology,pneumonia|bronchitis|tonsillitis|sinusitis
17080,trolox,['40634'],['Cc1c(C)c2OC(C)(CCc2c(C)c1O)C(O)=O'],Launched,antioxidant,,,
17081,"tropanyl-3,5-dimethylbenzoate",['2837530'],['CN1C2CCC1CC(C2)OC(=O)c1cc(C)cc(C)c1'],Preclinical,serotonin receptor antagonist,HTR3A|HTR3B,,
17082,tropapride,['73707589'],['COc1cccc(C(=O)N[C@@H]2CC3CC[C@H](C2)N3Cc2ccccc2)c1OC'],,,,,
17083,tropicamide,['5593'],['CCN(Cc1ccncc1)C(=O)C(CO)c1ccccc1'],Launched,acetylcholine receptor antagonist,CHRM3|CHRM4,ophthalmology,mydriasis diagnostic|cycloplegia diagnostic
17084,tropisetron,"['656664', '9818540']","['CN1C2CCC1CC(C2)OC(=O)c3c[nH]c4ccccc34', 'CN1[C@H]2CC[C@@H]1CC(C2)OC(=O)C1C=Nc2ccccc12', 'CN1[C@H]2CC[C@@H]1C[C@@H](C2)OC(=O)c3c[nH]c4ccccc34']",Launched,serotonin receptor antagonist,GLRA1|GLRA2|GLRB|HTR3A|HTR4,gastroenterology,nausea|vomiting
17085,troxipide,['5597'],['COc1cc(cc(OC)c1OC)C(=O)NC1CCCNC1'],Launched,glucosamine synthetase stimulant,,gastroenterology,gastroesophageal reflux disease (GERD)
17086,tryptophan,['1148'],['NC(Cc1c[nH]c2ccccc12)C(=O)O'],Launched,serotonin receptor partial agonist,CASR|IDO1|SLC36A1|WARS|WARS2,neurology/psychiatry|gastroenterology,anxiety|bloating|constipation|fatigue|sleeplessness
17087,tubacin,['6675804'],['OCc1ccc(cc1)[C@@H]2C[C@H](CSc3nc(c(o3)c4ccccc4)c5ccccc5)O[C@@H](O2)c6ccc(NC(=O)CCCCCCC(=O)NO)cc6'],,,,,
17088,tubaic-acid,['3919910'],['CC(=C)C1CC2=C(O1)C=CC(=C2O)C(=O)O'],,,,,
17089,tubastatin-a,['49850262'],['CN1CCc2c(C1)c1ccccc1n2Cc1ccc(cc1)C(=O)NO'],,,,,
17090,tubocurarine,['6713947'],['CN1CCC2=CC(=C3C=C2[C@@H]1CC4=CC(=CC=C4)OC5=C6[C@@H](CC7=CC(=C(C=C7)O)O3)[N+](CCC6=CC(=C5O)OC)(C)C)OC'],Launched,acetylcholine receptor antagonist,ACHE|CHRNA2|HTR3A|HTR3B|KCNN1|KCNN2|KCNN3|ZACN,neurology/psychiatry,anesthetic
17091,tunicamycin,['16220051'],['CC(C)CCCCCCCC/C=C/C(=O)N[C@@H]1[C@H]([C@H]([C@H](O[C@H]1O[C@H]2[C@H]([C@@H]([C@H]([C@@H](O2)CO)O)O)NC(=O)C)C[C@H]([C@@H]3[C@H]([C@H]([C@@H](O3)N4C=CC(=O)NC4=O)O)O)O)O)O'],,,,,
17092,tylosin,['66509091'],['CC[C@H]1OC(=O)C[C@@H](O)[C@H](C)[C@@H](O[C@@H]2O[C@H](C)[C@@H](O[C@H]3C[C@@](C)(O)[C@@H](O)[C@H](C)O3)[C@@H]([C@H]2O)N(C)C)[C@@H](CC=O)C[C@@H](C)C(=O)C=CC(=C[C@@H]1CO[C@@H]4O[C@H](C)[C@@H](O)[C@@H](OC)[C@H]4OC)C'],Launched,protein synthesis inhibitor,,infectious disease|gastroenterology,gram-positive bacterial infections|colitis
17093,tyloxapol,['6604381'],['CC(C)(C)CC(C)(C)c1ccc(OCOCCOCCO)c(Cc2cc(cc(Cc3cc(ccc3OCOCCOCCO)C(C)(C)CC(C)(C)C)c2OCOCCOCCO)C(C)(C)CC(C)(C)C)c1'],,,,,
17094,tyramine,['153005'],['NCCc1ccc(OS(O)(=O)=O)cc1'],,,,,
17095,tyrphostin,['2051'],['COc1cc(C=C(C#N)C(=O)N)cc(CSc2nc3ccccc3s2)c1O'],,,,,
17096,tyrphostin-1,['2063'],['COc1ccc(C=C(C#N)C#N)cc1'],,,,,
17097,tyrphostin-47,['5485187'],['NC(=S)/C(=C/c1ccc(O)c(O)c1)/C#N'],,,,,
17098,tyrphostin-51,['5328807'],['NC(=C(C#N)C#N)/C(=C/c1cc(O)c(O)c(O)c1)/C#N'],,,,,
17099,tyrphostin-A9,['5614'],['CC(C)(C)c1cc(C=C(C#N)C#N)cc(c1O)C(C)(C)C'],Preclinical,protein tyrosine kinase inhibitor|tyrosine kinase inhibitor,,,
17100,tyrphostin-AG-112,['5328804'],['NC(=C(C#N)C#N)/C(=C/c1ccc(O)cc1)/C#N'],,,,,
17101,tyrphostin-AG-126,['2046'],['Oc1cc(C=C(C#N)C#N)ccc1[N+](=O)[O-]'],,,,,
17102,tyrphostin-AG-1288,['3856780'],['Oc1cc(C=C(C#N)C#N)cc([N+](=O)[O-])c1O'],,,,,
17103,tyrphostin-AG-1295,['2048'],['Cc1cc2ncc(nc2cc1C)c3ccccc3'],,,,,
17104,tyrphostin-AG-1296,['2049'],['COc1cc2ncc(nc2cc1OC)-c1ccccc1'],Preclinical,FLT3 inhibitor,FLT3,,
17105,tyrphostin-AG-1478,['2051'],['COc1cc2ncnc(Nc3cccc(Cl)c3)c2cc1OC'],Preclinical,EGFR inhibitor,EGFR|MAPK14,,
17106,tyrphostin-AG-18,['2052'],['Oc1ccc(C=C(C#N)C#N)cc1O'],Preclinical,EGFR inhibitor|tyrosine kinase inhibitor,EGFR,,
17107,tyrphostin-AG-494,['5328771'],['Oc1ccc(cc1O)\\C=C(/C#N)C(=O)Nc1ccccc1'],Preclinical,EGFR inhibitor,EGFR,,
17108,tyrphostin-AG-527,['5328772'],['C[C@@H](NC(=O)/C(=C/c1ccc(O)c(O)c1)/C#N)c2ccccc2'],,,,,
17109,tyrphostin-AG-538,['5328760'],['Oc1ccc(/C=C(\\C#N)/C(=O)c2ccc(O)c(O)c2)cc1O'],,,,,
17110,tyrphostin-AG-555,['5328770'],['Oc1ccc(C=C(C#N)C(=O)NCCCc2ccccc2)cc1O'],,,,,
17111,tyrphostin-AG-556,"['2059', '5353391']",['Oc1ccc(C=C(C#N)C(=O)NCCCCc2ccccc2)cc1O'],,,,,
17112,tyrphostin-AG-82,['2061'],['Oc1cc(C=C(C#N)C#N)cc(O)c1O'],,,,,
17113,tyrphostin-AG-825,['6091659'],['COc1cc(\\C=C(/C#N)C(N)=O)cc(CSc2nc3ccccc3s2)c1O'],Preclinical,protein tyrosine kinase inhibitor,ERBB2,,
17114,tyrphostin-AG-835,['5328769'],['C[C@H](NC(=O)C(=C\\c1ccc(O)c(O)c1)\\C#N)c1ccccc1'],Preclinical,protein tyrosine kinase inhibitor,EGFR,,
17115,tyrphostin-AG-879,['135419190'],['CC(C)(C)c1cc(cc(c1O)C(C)(C)C)\\C=C(/C#N)C(N)=S'],Preclinical,tyrosine kinase inhibitor,ERBB2|KDR|NTRK1,,
17116,tyrphostin-AG-99,['5328768'],['NC(=O)C(=C\\c1ccc(O)c(O)c1)\\C#N'],Preclinical,tyrosine kinase inhibitor,EGFR,,
17117,tyrphostin-B44,['23919058'],['C[C@@H](NC(=O)/C(=C\\c1ccc(O)c(O)c1)/C#N)c2ccccc2'],,,,,
17118,ubenimex,['72172'],['CC(C)C[C@H](NC(=O)[C@@H](O)[C@H](N)Cc1ccccc1)C(O)=O'],Launched,leukotriene synthesis inhibitor,LTA4H|RNPEP,hematologic malignancy,acute myeloid leukemia (AML)
17119,umbelliferone,['5281426'],['Oc1ccc2ccc(=O)oc2c1'],,,,,
17120,ungerine,['23760135'],['CO[C@H]1C=C2CCN(C)[C@H]2C3[C@@H]1OC(=O)c4cc5OCOc5cc34'],,,,,
17121,urapidil,['5639'],['COc1ccccc1N1CCN(CCCNc2cc(=O)n(C)c(=O)n2C)CC1'],Launched,adrenergic receptor antagonist,HTR1A,cardiology,hypertension
17122,urethane,['5641'],['CCOC(N)=O'],Preclinical,local anesthetic,,,
17123,urosiol,['73707486'],['C[C@H](CCC(O)=O)[C@@H]1CC[C@H]2[C@H]3[C@@H](O)C[C@@H]4C[C@H](O)CC[C@]4(C)[C@@H]3CC[C@]12C'],,,,,
17124,ursolic-acid,['64945'],['C[C@@H]1CC[C@@]2(CC[C@]3(C)C(=CC[C@@H]4[C@@]5(C)CC[C@H](O)C(C)(C)[C@@H]5CC[C@]43C)[C@@H]2[C@H]1C)C(=O)O'],Phase 2/Phase 3,ATPase inhibitor|NFkB pathway inhibitor|STAT inhibitor,HSD11B1|PLA2G1B|PTPN1|PYGM,,
17125,usnic-acid,['122718'],['CC(=O)C1C(=O)C=C2Oc3c(c(O)c(C)c(O)c3C(C)=O)[C@]2(C)C1=O'],,,,,
17126,valaciclovir,['60772'],['CC(C)[C@H](N)C(=O)OCCOCn1cnc2c1nc(N)[nH]c2=O'],Launched,DNA polymerase inhibitor,,infectious disease,shingles|virus herpes simplex (HSV)
17127,valdecoxib,['119607'],['Cc1onc(c1-c1ccc(cc1)S(N)(=O)=O)-c1ccccc1'],Withdrawn,cyclooxygenase inhibitor,CA12|PTGS2,,
17128,valproic-acid,['3121'],['CCCC(CCC)C(O)=O'],Launched,benzodiazepine receptor agonist|HDAC inhibitor,ABAT|ACADSB|ALDH5A1|HDAC1|HDAC2|HDAC9|OGDH|SCN10A|SCN11A|SCN1A|SCN1B|SCN2A|SCN2B|SCN3A|SCN3B|SCN4A|SCN4B|SCN5A|SCN7A|SCN8A|SCN9A,neurology/psychiatry,epilepsy|seizures|seizures
17129,valproxam,['88129'],['CCCC(CCC)C(=O)NO'],,,,,
17130,valsartan,['60846'],['CCCCC(=O)N(CC1=CC=C(C=C1)C2=CC=CC=C2C3=NNN=N3)[C@@H](C(C)C)C(=O)O'],Launched,angiotensin receptor antagonist,AGTR1,cardiology,hypertension|congestive heart failure|congestive heart failure
17131,valyltryptophan,['168182'],['CC(C)[C@H](N)C(=O)N[C@@H](Cc1c[nH]c2ccccc12)C(=O)O'],,,,,
17132,vancomycin,['73707482'],['CN[C@H](CC(C)C)C(=O)N[C@@H]1[C@H](O)c2ccc(Oc3cc4cc(Oc5ccc(cc5Cl)[C@@H](O)[C@H]5NC(=O)[C@@H](NC(=O)[C@@H]4NC(=O)[C@H](CC(N)=O)NC1=O)c1ccc(O)c(c1)-c1c(O)cc(O)cc1[C@H](NC5=O)C(O)=O)c3O[C@@H]1OC(CO)[C@@H](O)[C@H](O)[C@H]1O[C@H]1C[C@](C)(N)[C@H](O)[C@H](C)O1)c(Cl)c2'],Launched,bacterial cell wall synthesis inhibitor,,infectious disease,endocarditis
17133,vanillyl-glycol,['161566'],['COc1cc(CC(O)CO)ccc1O'],,,,,
17134,vanoxerine,['10238982'],['Fc1ccc(cc1)C(OCCN1CCN(CCCc2ccccc2)CC1)c1ccc(F)cc1'],Phase 3,dopamine reuptake inhibitor,SLC6A3,,
17135,vardenafil,['23581791'],['CCCc1nc(C)c2n1nc([nH]c2=O)-c1cc(ccc1OCC)S(=O)(=O)N1CCN(CC)CC1'],Launched,phosphodiesterase inhibitor,PDE5A|PDE6G|PDE6H,urology,erectile dysfunction
17136,varenicline,['5310966'],['C1[C@H]2CNC[C@@H]1c1cc3nccnc3cc21'],Launched,acetylcholine receptor agonist,CHRNA3|CHRNA4|CHRNA6|CHRNA7,neurology/psychiatry,smoking cessation
17137,vatalanib,['9886292'],['Clc1ccc(Nc2nnc(Cc3ccncc3)c3ccccc23)cc1'],Phase 3,KIT inhibitor|PDGFR tyrosine kinase receptor inhibitor|VEGFR inhibitor,EGFR|FLT1|FLT4|KDR|PDGFRB,,
17138,vecuronium,"['28280238', '39764', '57369718']","['CC(=O)O[C@H]1[C@H](C[C@@H]2[C@H]3CC[C@@H]4C[C@H](OC(C)=O)[C@H](C[C@@]4(C)[C@@H]3CC[C@@]12C)N1CCCCC1)[N+]1(C)CCCCC1', 'CC(=O)O[C@H]1[C@H](C[C@H]2[C@@H]3CC[C@H]4C[C@H](OC(=O)C)[C@H](C[C@]4(C)[C@H]3CC[C@]12C)N5CCCCC5)[N+]6(C)CCCCC6', 'CC(=O)O[C@H]1[C@H](C[C@H]2[C@H]3CC[C@H]4C[C@H](OC(C)=O)[C@H](C[C@]4(C)[C@@H]3CC[C@]12C)N1CCCCC1)[N+]1(C)CCCCC1']",Launched,acetylcholine receptor antagonist,CHRNA2,neurology/psychiatry,muscle relaxant
17139,veliparib,['11960529'],['C[C@@]1(CCCN1)C2=NC3=C(C=CC=C3N2)C(=O)N'],Phase 3,PARP inhibitor,PARP1|PARP2,,
17140,vemurafenib,['42611257'],['CCCS(=O)(=O)Nc1ccc(F)c(C(=O)c2c[nH]c3ncc(cc23)-c2ccc(Cl)cc2)c1F'],Launched,RAF inhibitor,BRAF|RAF1,oncology,melanoma
17141,venlafaxine,['5656'],['COc1ccc(cc1)C(CN(C)C)C1(O)CCCCC1'],Launched,adrenergic inhibitor|norepinephrine reuptake inhibitor|serotonin–norepinephrine reuptake inhibitor (SNRI),SLC6A2|SLC6A4,neurology/psychiatry,depression|generalized anxiety disorder (GAD)|panic disorders|social anxiety disorder
17142,verapamil,['62969'],['COc1ccc(CCN(C)CCCC(C#N)(C(C)C)c2ccc(OC)c(OC)c2)cc1OC'],Launched,calcium channel blocker,CACNA1A|CACNA1B|CACNA1C|CACNA1D|CACNA1F|CACNA1G|CACNA1I|CACNA1S|CACNB1|CACNB2|CACNB3|CACNB4|CYP3A4|KCNA10|KCNA7|KCNH2|KCNJ11|NALCN|SCN5A|SLC29A4|SLC6A4,cardiology,hypertension
17143,veratridine,['6280'],['COc1ccc(cc1OC)C(=O)O[C@H]2CC[C@@]3(C)[C@@H]4CC[C@@H]5[C@@]3(C[C@@]6(O)[C@@H]7CN8C[C@@H](C)CC[C@H]8[C@@](C)(O)[C@@]7(O)[C@@H](O)C[C@@]56O)O[C@@]42O'],,,,,
17144,verrucarin-a,['104830'],['CC1CCOC(=O)\\C=C\\C=C/C(=O)OC2CC3OC4C=C(C)CCC4(COC(=O)C1O)C2(C)C31CO1'],,,,,
17145,verteporfin,['11980942'],['CC1=C(C2=CC3=NC(=CC4=C(C(=C(N4)C=C5[C@@]6(C(C(=CC=C6C(=N5)C=C1N2)C(=O)OC)C(=O)OC)C)C)CCC(=O)OC)C(=C3C)CCC(=O)O)C=C'],Launched,photosensitizing agent,,ophthalmology,macular degeneration
17146,vesamicol,['6603219'],['O[C@@H]1CCCC[C@H]1N1CCC(CC1)c1ccccc1'],Preclinical,acetylcholinesterase inhibitor,SLC18A3,,
17147,vicriviroc,['73707391'],['COC[C@H](N1CCN(C[C@@H]1C)C1(C)CCN(CC1)C(=O)c1c(C)ncnc1C)c1ccc(cc1)C(F)(F)F'],Phase 3,CC chemokine receptor antagonist,CCR5,,
17148,vidarabine,['21704'],['Nc1ncnc2n(cnc12)[C@@H]1O[C@H](CO)[C@@H](O)[C@@H]1O'],Launched,antiviral,ADA,infectious disease,virus herpes simplex (HSV)|varicella-zoster virus (VZV)
17149,vigabatrin,['5665'],['NC(CCC(O)=O)C=C'],Launched,GABA aminotransferase inhibitor,ABAT|SLC32A1,neurology/psychiatry,seizures|spasms
17150,viloxazine,['5666'],['CCOc1ccccc1OCC1CNCCO1'],Launched,norepinephrine reuptake inhibitor,SLC6A2,neurology/psychiatry,depression
17151,vinblastine,"['3823887', '5388983', '5667', '6710780']","['CCC1(O)CC2CN(C1)CCc1c([nH]c3ccccc13)C(C2)(C(=O)OC)c1cc2c(cc1OC)N(C)C1C22CCN3CC=CC(CC)(C23)C(OC(C)=O)C1(O)C(=O)OC', 'CCC1(O)CC2CN(C1)CCc3c([nH]c4ccccc34)C(C2)(C(=O)OC)c5cc6c(cc5OC)N(C)C7C86CCN9CC=CC(CC)(C98)C(C(=O)OC)C7(O)C(=O)OC', 'CC[C@]1(O)CC2CN(C1)CCc1c([nH]c3ccccc13)[C@@](C2)(C(=O)OC)c1cc2c(cc1OC)N(C)[C@@H]1[C@]22CCN3CC=C[C@](CC)([C@@H]23)[C@@H](OC(C)=O)[C@]1(O)C(=O)OC', 'CC[C@]1(O)C[C@@H]2CN(C1)CCc3c([nH]c4ccccc34)[C@@](C2)(C(=O)OC)c5cc6c(cc5OC)N(C)[C@@H]7[C@@]86CCN9CC=C[C@](CC)([C@H]98)[C@@H](OC(=O)C)[C@]7(O)C(=O)OC']",Launched,microtubule inhibitor|tubulin polymerization inhibitor,JUN|TUBA1A|TUBB|TUBD1|TUBE1|TUBG1,hematologic malignancy|infectious disease|oncology,Hodgkin's lymphoma|true histiocytic lymphoma (THL)|mycosis|small lymphocytic lymphoma (SLL)|testicular carcinoma|Kaposi sarcoma
17152,vinburnine,['71203'],['CC[C@@]12CCCN3CCc4c([C@H]13)n(C(=O)C2)c1ccccc41'],Launched,adrenergic receptor antagonist,CHRM1|CHRM2|CHRM3|CHRM4,neurology/psychiatry,stroke
17153,vincamine,['15376'],['CC[C@]1(CCCN2CCc3c4[C@@H]21)C[C@](O)(C(=O)OC)n4c5ccccc35'],Withdrawn,adrenergic receptor antagonist,CHRM1|CHRM2|CHRM3|CHRM4,,
17154,vincristine,"['24058669', '5022426', '5388992', '6324671']","['CCC1(O)CC2CN(C1)CCc3c([nH]c4ccccc34)C(C2)(C(=O)OC)c5cc6c(cc5OC)N(C=O)C7C86CCN9CC=CC(CC)(C98)C(C(=O)OC)C7(O)C(=O)OC', 'CC[C@]1(O)CC2CN(C1)CCc1c([nH]c3ccccc13)[C@@](C2)(C(=O)OC)c1cc2c(cc1OC)N(C=O)[C@@H]1[C@]22CCN3CC=C[C@](CC)([C@@H]23)[C@@H](OC(C)=O)[C@]1(O)C(=O)OC', 'CC[C@]1(O)C[C@@H]2CN(C1)CCc3c([nH]c4ccccc34)[C@@](C2)(C(=O)OC)c5cc6c(cc5OC)N(C=O)[C@@H]7[C@@]86CCN9CC=C[C@](CC)([C@H]98)[C@@H](OC(=O)C)[C@]7(O)C(=O)OC', 'CC[C@]1(O)C[C@H]2C[N@@](C1)CCc1c([nH]c3ccccc13)[C@@](C2)(C(=O)OC)c1cc2c(cc1OC)N(C=O)[C@@H]1[C@]22CCN3CC=C[C@@](CC)([C@@H]23)[C@@H](OC(C)=O)[C@]1(O)C(=O)OC']",Launched,tubulin polymerization inhibitor,TUBA4A|TUBB,hematologic malignancy,acute lymphoblastic leukemia (ALL)
17155,vindesine,['40839'],['CC[C@]1(O)C[C@H]2CN(C1)CCc1c([nH]c3ccccc13)[C@@](C2)(C(=O)OC)c1cc2c(cc1OC)N(C)[C@@H]1[C@]22CCN3CC=C[C@](CC)([C@@H]23)[C@@H](O)[C@]1(O)C(N)=O'],Launched,tubulin polymerization inhibitor,TUBB|TUBB1,oncology,breast cancer|non-small cell lung cancer (NSCLC)|melanoma
17156,vinorelbine,"['13200033', '73707409', '73707424']","['CCC1=C[C@@H]2C[N@](C1)Cc1c([nH]c3ccccc13)[C@@](C2)(C(=O)OC)c1cc2c(cc1OC)N(C)[C@@H]1[C@]22CCN3CC=C[C@@](CC)([C@@H]23)[C@@H](OC(C)=O)[C@]1(O)C(=O)OC', 'CCC1=C[C@H]2CN(C1)Cc1c([nH]c3ccccc13)[C@@](C2)(C(=O)OC)c1cc2c(cc1OC)N(C)[C@@H]1[C@]22CCN3CC=C[C@](CC)([C@@H]23)[C@@H](OC(C)=O)[C@]1(O)C(=O)OC']",Launched,tubulin polymerization inhibitor,TUBA1A|TUBA1B|TUBA1C|TUBA3C|TUBA3D|TUBA3E|TUBA4A|TUBB|TUBB1|TUBB2A|TUBB2B|TUBB3|TUBB4A|TUBB4B|TUBB6|TUBB8,oncology,non-small cell lung cancer (NSCLC)
17157,vinpocetine,['443955'],['CC[C@@]12CCCN3[C@@H]1C4=C(CC3)C5=CC=CC=C5N4C(=C2)C(=O)OCC'],Launched,phosphodiesterase inhibitor|sodium channel blocker,PDE1A|PDE1C,neurology/psychiatry,stroke|senile dementia
17158,viomycin,['3037981'],['NCCC[C@H](N)CC(=O)N[C@H]1CNC(=O)[C@@H](NC(=O)C(NC(=O)[C@H](CO)NC(=O)[C@H](CO)NC1=O)=CNC(N)=O)[C@H]1C[C@H](O)N=C(N)N1'],Launched,protein synthesis inhibitor,,infectious disease,tuberculosis
17159,vitexin,['6713958'],['OC[C@H]1OC([C@H](O)[C@@H](O)[C@@H]1O)c2c(O)cc(O)c3c(=O)cc(oc23)c4ccc(O)cc4'],,,,,
17160,voriconazole,['71616'],['C[C@@H](C1=NC=NC=C1F)[C@](CN2C=NC=N2)(C3=C(C=C(C=C3)F)F)O'],Launched,cytochrome P450 inhibitor,CYP2C19|CYP2C9|CYP3A4|CYP3A5|PTGS1,infectious disease,esophageal candidiasis|aspergillosis|skin infections
17161,vorinostat,['5311'],['ONC(=O)CCCCCCC(=O)Nc1ccccc1'],Launched,HDAC inhibitor,HDAC1|HDAC10|HDAC11|HDAC2|HDAC3|HDAC5|HDAC6|HDAC8|HDAC9,hematologic malignancy,cutaneous T-cell lymphoma (CTCL)
17162,warfarin,['54688261'],['CC(=O)C[C@@H](C1=CC=CC=C1)C2=C(C3=CC=CC=C3OC2=O)O'],Launched,vitamin K antagonist,VKORC1,hematology|cardiology,deep vein thrombosis (DVT)|pulmonary embolism (PE)|atrial fibrillation (AF)|myocardial infarction
17163,westcort,['5225092'],['CCCCC(=O)OC1(CCC2C3CCC4=CC(=O)CCC4(C)C3C(O)CC12C)C(=O)CO'],,,,,
17164,wiskostatin,['2775510'],['CN(C)CC(O)Cn1c2ccc(Br)cc2c3cc(Br)ccc13'],Preclinical,actin related protein inhibitor|neural Wiskott-Aldrich syndrome protein inhibitor,WASL,,
17165,withaferin-a,['265237'],['CC1=C(C(=O)O[C@H](C1)[C@@H](C)[C@H]2CC[C@@H]3[C@@]2(CC[C@H]4[C@H]3C[C@@H]5[C@]6([C@@]4(C(=O)C=C[C@@H]6O)C)O5)C)CO'],,,,,
17166,wortmannin,['312145'],['CC(=O)O[C@@H]1C[C@]2([C@@H](CCC2=O)C3=C1[C@]4([C@H](OC(=O)C5=COC(=C54)C3=O)COC)C)C'],Preclinical,PI3K inhibitor,PI4KA|PI4KB|PIK3CA|PIK3CD|PIK3CG|PIK3R1|PLK1|PRKDC,,
17167,xaliproden,['128919'],['FC(F)(F)c1cccc(c1)C1=CCN(CCc2ccc3ccccc3c2)CC1'],Phase 3,serotonin receptor agonist,HTR1A,,
17168,xamoterol,['73707347'],['OC(CNCCNC(=O)N1CCOCC1)COc2ccc(O)cc2.OC(CNCCNC(=O)N1CCOCC1)COc2ccc(O)cc2'],Phase 3,adrenergic receptor agonist,ADRB1,,
17169,xanthinol,['9912'],['CN(CCO)CC(O)Cn1cnc2n(C)c(=O)n(C)c(=O)c12'],,,,,
17170,xanthohumol,['639665'],['COc1cc(O)c(CC=C(C)C)c(O)c1C(=O)/C=C/c2ccc(O)cc2'],,,,,
17171,xanthoxyline,['66654'],['COc1cc(O)c(C(=O)C)c(OC)c1'],,,,,
17172,xylazine,['5707'],['Cc1cccc(C)c1NC1=NCCCS1'],Launched,adrenergic receptor agonist,ADRA2A|ADRA2B|ADRA2C,neurology/psychiatry,anesthetic
17173,xylometazoline,['5282386'],['Cc1cc(cc(C)c1CC1=NCCN1)C(C)(C)C'],Launched,adrenergic receptor agonist,ADRA1A|ADRA1B|ADRA1D|ADRA2A|ADRA2B|ADRA2C,otolaryngology|allergy,nasal congestion|allergic rhinitis
17174,yohimbine,"['2866', '7059505']","['COC(=O)C1C(O)CCC2CN3CCc4c([nH]c5ccccc45)C3CC12', 'COC(=O)C1[C@@H](O)CC[C@H]2CN3CCc4c([nH]c5ccccc45)[C@@H]3C[C@H]12', 'COC(=O)[C@H]1[C@@H](O)CC[C@H]2CN3CCc4c([nH]c5ccccc45)[C@@H]3C[C@H]12', 'COC(=O)[C@H]1[C@@H](O)CC[C@H]2CN3CCc4c([nH]c5ccccc45)[C@H]3C[C@@H]12']",Launched,adrenergic receptor antagonist,ADRA2A|ADRA2B|ADRA2C|DRD2|DRD3|HTR1A|HTR1B|HTR1D|HTR1E|HTR1F|HTR2A|HTR2B|HTR2C|HTR5A|HTR7|KCNJ1|KCNJ10|KCNJ11|KCNJ12|KCNJ14|KCNJ15|KCNJ8,cardiology,cardiac arrythmia|bradycardia
17175,z-guggulsterone,['6439929'],['C\\C=C1\\C(=O)C[C@H]2[C@@H]3CCC4=CC(=O)CC[C@]4(C)[C@H]3CC[C@]12C'],,,,,
17176,z-leu3-VS,['5497183'],['CC(C)C[C@H](NC(=O)[C@H](CC(C)C)NC(=O)[C@H](CC(C)C)NC(=O)OCc1ccccc1)/C=C/S(=O)(=O)C'],,,,,
17177,z-prolyl-prolinal,['122623'],['O=C[C@@H]1CCCN1C(=O)[C@@H]2CCCN2C(=O)OCc3ccccc3'],,,,,
17178,zacopride,['108182'],['COc1cc(N)c(Cl)cc1C(=O)NC1CN2CCC1CC2'],Phase 2,serotonin receptor antagonist,HTR3A|HTR3B|HTR4|HTR5A,,
17179,zafirlukast,['5717'],['COc1cc(ccc1Cc1cn(C)c2ccc(NC(=O)OC3CCCC3)cc12)C(=O)NS(=O)(=O)c1ccccc1C'],Launched,leukotriene receptor antagonist,CYSLTR1|CYSLTR2,pulmonary,asthma
17180,zalcitabine,['24066'],['Nc1ccn([C@H]2CC[C@@H](CO)O2)c(=O)n1'],Launched,nucleoside reverse transcriptase inhibitor,,infectious disease,human immunodeficiency virus (HIV-1)
17181,zaldaride,['65909'],['CC1(CN2CCC(CC2)n2c3ccccc3[nH]c2=O)OCc2ccccc2-n2cccc12'],Phase 3,calmodulin antagonist,CALM1,,
17182,zaleplon,['5719'],['CCN(C(C)=O)c1cccc(c1)-c1ccnc2c(cnn12)C#N'],,,,,
17183,zamifenacin,['3086618'],['C(Cc1ccc2OCOc2c1)N1CCC[C@H](C1)OC(c1ccccc1)c1ccccc1'],Phase 3,acetylcholine receptor antagonist,CHRM3,,
17184,zaprinast,['5722'],['CCCOC1=CC=CC=C1C2=NC(=O)C3=NNNC3=N2'],Phase 2,phosphodiesterase inhibitor,GPR35|PDE1A|PDE4D|PDE5A|PDE9A,,
17185,zardaverine,['5723'],['COc1cc(ccc1OC(F)F)-c1ccc(=O)[nH]n1'],Phase 2,phosphodiesterase inhibitor,PDE4D,,
17186,zatebradine,['65637'],['COc1ccc(CCN(C)CCCN2CCc3cc(OC)c(OC)cc3CC2=O)cc1OC'],Phase 3,HCN channel blocker,HCN1|HCN2|HCN3|HCN4,,
17187,zearalenone,['5375083'],['CC1CCCC(=O)CCC\\C=C\\c2cc(O)cc(O)c2C(=O)O1'],,,,,
17188,zebularine,['100016'],['C1=CN(C(=O)N=C1)[C@H]2[C@@H]([C@@H]([C@H](O2)CO)O)O'],Preclinical,DNA methyltransferase inhibitor,CDA|DNMT1,,
17189,zeranol,['216284'],['CC1CCC[C@H](O)CCCCCc2cc(O)cc(O)c2C(=O)O1'],,,,,
17190,zibotentan,['9910224'],['COc1nc(C)cnc1NS(=O)(=O)c1cccnc1-c1ccc(cc1)-c1nnco1'],Phase 3,endothelin receptor antagonist,EDNRA,,
17191,zidovudine,['35370'],['Cc1cn([C@H]2C[C@H](N=[N+]=[N-])[C@@H](CO)O2)c(=O)[nH]c1=O'],Launched,nucleoside reverse transcriptase inhibitor,TERT,infectious disease,human immunodeficiency virus (HIV-1)|acquired immunodeficiency syndrome (AIDS)
17192,zileuton,['60490'],['CC(N(O)C(N)=O)c1cc2ccccc2s1'],Launched,leukotriene synthesis inhibitor|lipoxygenase inhibitor,ALOX5,pulmonary,asthma
17193,zimelidine,['5365247'],['CN(C)C/C=C(/C1=CC=C(C=C1)Br)\\C2=CN=CC=C2'],Withdrawn,selective serotonin reuptake inhibitor (SSRI),MAOA|MAOB|SLC6A4,,
17194,ziprasidone,['60854'],['Clc1cc2NC(=O)Cc2cc1CCN1CCN(CC1)c1nsc2ccccc12'],Launched,dopamine receptor antagonist|serotonin receptor antagonist,ADRA1A|ADRA1B|ADRA2A|ADRA2B|ADRA2C|CHRM1|CHRM2|CHRM3|CHRM4|CHRM5|DRD1|DRD2|DRD3|DRD4|DRD5|HRH1|HTR1A|HTR1B|HTR1D|HTR1E|HTR2A|HTR2C|HTR3A|HTR6|HTR7|SLC6A4,neurology/psychiatry,schizophrenia|bipolar disorder
17195,zolantidine,['23640915'],['C(CNc1nc2ccccc2s1)COc1cccc(CN2CCCCC2)c1'],Preclinical,histamine receptor antagonist,,,
17196,zolmitriptan,['60857'],['CN(C)CCc1c[nH]c2ccc(C[C@H]3COC(=O)N3)cc12'],Launched,serotonin receptor agonist,HTR1A|HTR1B|HTR1D|HTR1E|HTR1F,neurology/psychiatry,migraine headache
17197,zolpidem,['5732'],['CN(C)C(=O)Cc1c(nc2ccc(C)cn12)-c1ccc(C)cc1'],,,,,
17198,zonisamide,['2143'],['CN1C2CCC1CC(C2)OC(C3=CC=CC=C3)C4=CC=CC=C4N'],Launched,sodium channel blocker|T-type calcium channel blocker,CA1|CA10|CA11|CA12|CA13|CA14|CA2|CA3|CA4|CA5A|CA5B|CA6|CA7|CA8|CA9|CACNA1G|CACNA1H|CACNA1I|MAOA|MAOB|SCN10A|SCN11A|SCN1A|SCN1B|SCN2A|SCN2B|SCN3A|SCN3B|SCN4A|SCN4B|SCN5A|SCN7A|SCN8A|SCN9A,neurology/psychiatry,seizures|epilepsy
17199,zopiclone,['5735'],['CN1CCN(CC1)C(=O)OC2N(C(=O)c3nccnc23)c4ccc(Cl)cn4'],,,,,
17200,zosuquidar,['3036703'],['O[C@@H](COc1cccc2ncccc12)CN1CCN(CC1)[C@@H]1c2ccccc2[C@@H]2[C@H](c3ccccc13)C2(F)F'],Phase 3,P glycoprotein inhibitor,ABCB1|ABCB4,,
17201,zoxazolamine,['6103'],['Nc1nc2cc(Cl)ccc2o1'],Phase 2,myorelaxant,,,
17202,zuclopenthixol,['5311507'],['C1CN(CCN1CC/C=C\\2/C3=CC=CC=C3SC4=C2C=C(C=C4)Cl)CCO'],Launched,dopamine receptor antagonist,ADRA1A|ADRA2A|DRD1|DRD2|DRD5|HRH1|HTR2A,neurology/psychiatry,schizophrenia|bipolar disorder
