,pert_iname,pubchem_cid_list,canonical_smiles_list,clinical_phase,moa,target,disease_area,indication
4301,BRD-K29326853,['54657513'],['Cn1cnc(CCNC(=O)C[C@H]2CC[C@@H]3[C@H](COC[C@@H](O)CN3C(=O)Nc3ccc(cc3)C(F)(F)F)O2)c1'],,,,,
4302,BRD-K29326878,['54646053'],['COCC(=O)Nc1ccc2O[C@H]3[C@H](C[C@H](CC(=O)N[C@@H](C)c4ccccc4)O[C@@H]3CO)c2c1'],,,,,
4303,BRD-K29328696,['60189893'],['OC[C@@H]1[C@@H](c2ccccc2)C2(CN(C2)C(=O)c2cccnc2)N1Cc1ccc(Cl)cc1'],,,,,
4304,BRD-K29335396,['44483907'],['C[C@H](CO)N1C[C@H](C)[C@H](CN(C)S(=O)(=O)c2ccccc2)OCc3cn(CCCC1=O)nn3'],,,,,
4305,BRD-K29345712,['6729449'],['OCCOc1ccc(cc1)[C@H]2N3[C@@H]([C@@H](C(=O)N4CCCCCCC4)[C@]25C(=O)Nc6ccc(C#CC7=CCCCC7)cc65)C(=O)O[C@@H]([C@@H]3c8ccccc8)c9ccccc9'],,,,,
4306,BRD-K29360016,['44494441'],['CNC[C@H]1OCCCC[C@@H](C)Oc2ccc(NC(=O)NC(C)C)cc2C(=O)N(C[C@@H]1C)[C@H](C)CO'],,,,,
4307,BRD-K29368169,['56835273'],['C[C@@H](CO)N1C[C@H](C)[C@H](CN(C)S(=O)(=O)c2c(C)noc2C)OCc3ccccc3-c4ccccc4C1=O'],,,,,
4308,BRD-K29373549,['54651184'],['OC[C@@H]1N[C@@H](CNC(=O)c2ccccc2F)[C@H]1c1ccccc1'],,,,,
4309,BRD-K29381365,['54637727'],['COc1ccccc1NC(=O)N(C)C[C@H]2OCc3ccccc3-c4ccccc4C(=O)N(C[C@@H]2C)[C@@H](C)CO'],,,,,
4310,BRD-K29385065,['54637813'],['C[C@@H](CO)N1C[C@@H](C)[C@@H](CN(C)C(=O)N[C@H](C)c2ccccc2)OCc3ccccc3-c4ccccc4C1=O'],,,,,
4311,BRD-K29390829,['54661343'],['CN1[C@@H]([C@@H](CO)[C@@H]2Cn3c(ccc(-c4cccc(F)c4)c3=O)[C@H]12)C(=O)NCc1ccccn1'],,,,,
4312,BRD-K29396015,['44619689'],['C[C@H](CO)N1C[C@H](C)[C@@H](CN(C)C(=O)Nc2ccc(cc2)C(F)(F)F)OCCCC[C@H](C)Oc3ccc(NC(=O)Nc4cccc5ccccc45)cc3C1=O'],,,,,
4313,BRD-K29407738,['54630674'],['C[C@@H](CO)N1C[C@H](C)[C@H](CN(C)C(=O)c2ccncc2)Oc3cc(ccc3S1(=O)=O)C4=CCCC4'],,,,,
4314,BRD-K29423519,['44487297'],['CC(C)NC(=O)Nc1ccc2O[C@@H](CN(C)C(=O)NC3CCCCC3)[C@@H](C)CN([C@@H](C)CO)C(=O)c2c1'],,,,,
4315,BRD-K29426933,['54666410'],['C\\C=C\\c1ccc(cc1)[C@H]1[C@H](CO)N2CCCCN(CCC(F)(F)F)C[C@H]12'],,,,,
4316,BRD-K29427427,['54638009'],['C[C@@H](CO)N1C[C@H](C)[C@@H](CN(C)Cc2ccncc2)OCc3ccccc3-c4ccccc4C1=O'],,,,,
4317,BRD-K29451642,['54615081'],['C[C@@H](CO)N1C[C@H](C)[C@@H](CN(C)CC2CC2)OCCCC[C@H](C)Oc3ccc(NS(=O)(=O)c4ccc(F)cc4)cc3C1=O'],,,,,
4318,BRD-K29452018,['54639068'],['COCC(=O)N[C@@H]1C=C[C@@H](CC(=O)N2CCCCC2)O[C@@H]1CO'],,,,,
4319,BRD-K29474997,['54645845'],['CN(C)c1ccc2O[C@@H]3[C@@H](C[C@@H](CC(=O)NC4CCCCC4)O[C@H]3CO)c2c1'],,,,,
4320,BRD-K29475732,['54646612'],['OC[C@H]1O[C@H](CC(=O)N2CCc3ccccc3C2)C[C@H]4[C@@H]1Oc5ccc(NC(=O)c6cccnc6)cc45'],,,,,
4321,BRD-K29499344,['54650035'],['COc1ccccc1-c1ccc(cc1)[C@H]1[C@H](CO)N[C@@H]1C#N'],,,,,
4322,BRD-K29500995,['44460116'],['Fc1ccccc1C(=O)OCC#CCSc1nnc(o1)-c1cccc2ccccc12'],,,,,
4323,BRD-K29503610,['60191303'],['CN(C)C(=O)c1ccc(cc1)-c1ccc(cc1)[C@H]1[C@H](CO)N2[C@H]1CN(CC2=O)C(=O)CC1CC1'],,,,,
4324,BRD-K29506255,['53338849'],['CC(=O)Nc1sc2COCCc2c1-c1nc2ccccc2s1'],,,,,
4325,BRD-K29514489,['60185100'],['COc1ccc2c3c([C@@H](CO)N(C[C@]33CCN(Cc4cncnc4)CC3)S(C)(=O)=O)n(C)c2c1'],,,,,
4326,BRD-K29528387,['54657933'],['CN1CCN(CC1)C(=O)C[C@@H]1CC[C@@H]2[C@H](COC[C@H](O)CN2C(=O)c2ccccc2F)O1'],,,,,
4327,BRD-K29532955,['54632202'],['CO[C@@H]1CN(C)C(=O)c2cc(NC(=O)Cc3ccccc3)ccc2OC[C@@H](C)N(C[C@H]1C)C(C)=O'],,,,,
4328,BRD-K29540359,['71760691'],['COc1ccc2c3c([nH]c2c1)[C@H](CO)N(Cc1cc(OC)cc(OC)c1)C[C@]31CN(C1)S(=O)(=O)c1cccc(F)c1'],,,,,
4329,BRD-K29543879,['60190952'],['COc1ccccc1NC(=O)N1C[C@@H]2[C@@H]([C@H](CO)N2C(=O)C1)c1ccc(cc1)C#CC(C)C'],,,,,
4330,BRD-K29547084,['54649451'],['CC(C)(C)[S@@](=O)N1Cc2cc(nc(c2[C@H]1CCO)-c1cccc(c1)-c1ccc(cc1)C#N)C(=O)N1CCCCC1'],,,,,
4331,BRD-K29555302,['44505790'],['C[C@@H](CO)N1C[C@@H](C)[C@H](CN(C)C(=O)Nc2ccnc(c2)N3CCOCC3)OCc4cnnn4CCCC1=O'],,,,,
4332,BRD-K29567467,['54638915'],['OC[C@H]1O[C@H](CCn2cc(nn2)C2CC2)CC[C@H]1NC(=O)Nc1cc(F)ccc1F'],,,,,
4333,BRD-K29568987,['56835214'],['C[C@@H](CO)N1C[C@H](C)[C@H](CN(C)S(=O)(=O)c2cccc(C#N)c2)OCc3ccccc3-c4ccccc4C1=O'],,,,,
4334,BRD-K29582182,['60185263'],['COc1ccc2c3c([C@H](CO)N(C[C@]33CCN(Cc4ccccn4)CC3)C(=O)Nc3ccc(F)cc3)n(C)c2c1'],,,,,
4335,BRD-K29611469,['54650050'],['OC[C@H]1[C@H]([C@@H](C#N)N1C(=O)C1CCOCC1)c1ccc(cc1)C1=CCCC1'],,,,,
4336,BRD-K29622226,['4220279'],['Clc1ccc(OCC(=O)NCc2n[nH]c(=S)n2c3cccc(Cl)c3)cc1'],,,,,
4337,BRD-K29625564,['60189870'],['COc1ccc2c3c([nH]c2c1)[C@@H](CO)N(C[C@]31CCN(CC1)C(=O)Nc1ccccc1F)C(=O)Cc1ccccc1'],,,,,
4338,BRD-K29626061,['54654537'],['CN1[C@@H]2CC[C@@H](CC(=O)NCC3CCCCC3)O[C@H]2COc2ccc(NC(=O)c3cnccn3)cc2C1=O'],,,,,
4339,BRD-K29635534,['54631741'],['CCC(=O)Nc1ccc2OC[C@@H](C)N(Cc3ccncc3)C[C@@H](C)[C@H](CN(C)C(=O)c2c1)OC'],,,,,
4340,BRD-K29639729,['54613905'],['C[C@H](CO)N1C[C@H](C)[C@H](CN(C)Cc2ccc(cc2)C(F)(F)F)Oc3ccc(NC(=O)CCN4CCOCC4)cc3C1=O'],,,,,
4341,BRD-K29642180,['54657943'],['O[C@@H]1COC[C@@H]2O[C@H](CC(=O)NCC3CCCCC3)CC[C@H]2N(Cc2cccc(Cl)c2)C1'],,,,,
4342,BRD-K29642604,['60185238'],['COc1ccc2c3c([C@@H](CO)N(C[C@]33CCN(CC3)S(=O)(=O)c3cccc(C)c3)C(=O)Nc3ccc(F)cc3)n(C)c2c1'],,,,,
4343,BRD-K29648963,['44491979'],['COc1ccc(CN(C)C[C@@H]2Oc3ccc(NC(=O)c4ccncc4)cc3CC(=O)N(C[C@H]2C)[C@H](C)CO)cc1'],,,,,
4344,BRD-K29651341,['54666418'],['OC[C@@H]1[C@H]([C@H]2CN(CC3CCOCC3)CCCCN12)c1ccc(cc1)C#Cc1ccccc1F'],,,,,
4345,BRD-K29654204,['60184870'],['CCCN1C[C@@]2(C1)CN([C@H](CO)c1c2c2ccc(OC)cc2n1C)C(=O)CN1CCOCC1'],,,,,
4346,BRD-K29662826,['60185191'],['COc1ccc2c3c([C@@H](CO)N(C)C[C@]33CCN(CC3)S(=O)(=O)c3cccc(F)c3)n(C)c2c1'],,,,,
4347,BRD-K29674378,['54654098'],['COc1ccc(CNC(=O)C[C@@H]2CC[C@H]3[C@H](COc4ccc(NC(=O)C(C)C)cc4C(=O)N3C)O2)cc1'],,,,,
4348,BRD-K29702325,['54629162'],['C[C@H](CO)N1C[C@@H](C)[C@H](CN(C)Cc2ccncc2)Oc3cc(ccc3S1(=O)=O)C4=CCCC4'],,,,,
4349,BRD-K29711801,['54638550'],['OC[C@@H]1O[C@H](CCNS(=O)(=O)c2cccc(Cl)c2)CC[C@@H]1NC(=O)Nc1cccc(F)c1'],,,,,
4350,BRD-K29715937,['1034643'],['Cc1ccc(cc1)c2c(C#N)c(N)n(c3ccc(Cl)cc3)c(=O)c2C#N'],,,,,
4351,BRD-K29720768,['54660976'],['CC(=O)N1[C@H]([C@H](CO)[C@H]2Cn3c(ccc(\\C=C\\c4ccccc4)c3=O)[C@@H]12)C(=O)Nc1nccs1'],,,,,
4352,BRD-K29733597,['60185203'],['COc1cccc(CN2C[C@H]3N[C@@H](C2)[C@@H]3c2ccc(cc2)-c2ccccc2C)c1'],,,,,
4353,BRD-K29736077,['54649435'],['CCCNC(=O)c1cc2CN([C@@H](CCO)c2c(n1)-c1cccc(c1)-c1cccc(OC)c1)[S@@](=O)C(C)(C)C'],,,,,
4354,BRD-K29737933,['54646058'],['COCC(=O)Nc1ccc2O[C@H]3[C@H](C[C@@H](CC(=O)N[C@H](C)c4ccccc4)O[C@@H]3CO)c2c1'],,,,,
4355,BRD-K29745382,['44488232'],['C[C@H](CO)N1C[C@H](C)[C@@H](CN(C)Cc2ccc(Cl)c(Cl)c2)Oc3ccc(NC(=O)CCC(F)(F)F)cc3C1=O'],,,,,
4356,BRD-K29746329,['54650043'],['CN(C)C(=O)c1cccc(c1)-c1ccc(cc1)[C@H]1[C@@H](CO)N([C@@H]1C#N)C(=O)C1CC1'],,,,,
4357,BRD-K29767311,['2218783'],['Clc1cccc(c1)c2nc(C#N)c(NCC=C)o2'],,,,,
4358,BRD-K29776425,['54638378'],['COc1cccc(NC(=O)N[C@H]2C=C[C@@H](CC(=O)Nc3ccc(cc3)-c3ccccc3)O[C@@H]2CO)c1'],,,,,
4359,BRD-K29785053,['54657892'],['O[C@H]1COC[C@H]2O[C@@H](CC(=O)NCc3ccncn3)CC[C@@H]2N(C1)C(=O)Nc1ccccc1'],,,,,
4360,BRD-K29785890,['54652444'],['OC[C@H]1[C@H]2[C@H](CNc3ccccc23)N1S(=O)(=O)c1ccccc1'],,,,,
4361,BRD-K29792001,['44494818'],['COc1ccc(NC(=O)Nc2cccc3C(=O)N(C[C@H](C)[C@H](CN(C)Cc4ccc5OCOc5c4)Oc23)[C@@H](C)CO)cc1'],,,,,
4362,BRD-K29802265,['54661265'],['CCN1[C@@H]([C@@H](CO)[C@@H]2Cn3c(ccc(-c4cccc(c4)C(=O)N(C)C)c3=O)[C@H]12)C(=O)N(C)C'],,,,,
4363,BRD-K29809218,['54646422'],['CN(C)CC(=O)Nc1ccc2O[C@@H]3[C@@H](C[C@@H](CC(=O)N4CCCCC4)O[C@H]3CO)c2c1'],,,,,
4364,BRD-K29812154,['54651219'],['CCN(C[C@@H]1[C@H]([C@@H](CO)N1S(C)(=O)=O)c1ccccc1)C(=O)C1CC1'],,,,,
4365,BRD-K29824954,['54618447'],['C[C@H](CO)N1C[C@H](C)[C@@H](CN(C)Cc2cccc(c2)C(=O)O)Oc3cc(C#CCC4CCCC4)ccc3S1(=O)=O'],,,,,
4366,BRD-K29827452,['54660892'],['COC(=O)[C@H]1[C@H](CO)[C@H]2Cn3c(ccc(C4=CCCC4)c3=O)[C@@H]1N2C(=O)C1CCCCC1'],,,,,
4367,BRD-K29834132,['60191043'],['OC[C@@H]1[C@@H]([C@H]2CN(CC(=O)N12)C(=O)Nc1ccc(F)cc1)c1ccc(cc1)-c1cccc(F)c1'],,,,,
4368,BRD-K29834680,['54651428'],['CCC(=O)N(CC(C)C)C[C@@H]1[C@H]([C@H](CO)N1C(=O)C1CCC1)c1ccccc1'],,,,,
4369,BRD-K29890753,['54618453'],['C[C@@H](CO)N1C[C@H](C)[C@@H](CN(C)Cc2cccc(F)c2)Oc3ncc(C#CC(C)(C)O)cc3C1=O'],,,,,
4370,BRD-K29892351,['60191320'],['COCC(=O)N1C[C@@H]2[C@@H]([C@H](CO)N2C(=O)C1)c1ccc(cc1)-c1ccncc1'],,,,,
4371,BRD-K29911749,['54639061'],['N[C@@H]1CC[C@@H](CCn2cc(nn2)-c2ccccn2)O[C@H]1CO'],,,,,
4372,BRD-K29916225,['44498824'],['COc1ccc(NC(=O)N(C)C[C@H]2Oc3c(NC(=O)c4cc(C)nn4C)cccc3C(=O)N(C[C@H]2C)[C@@H](C)CO)cc1'],,,,,
4373,BRD-K29924325,['54632111'],['COCC(=O)N1C[C@H](C)[C@H](CN(C)C(=O)c2cc(NC(=O)c3cc(C)on3)ccc2OC[C@@H]1C)OC'],,,,,
4374,BRD-K29943481,['60189922'],['COc1ccc2c3c([nH]c2c1)[C@H](CO)N(C[C@]31CCN(CC1)C(=O)c1ccncc1)C(=O)CN(C)C'],,,,,
4375,BRD-K29946363,['54652407'],['OC[C@@H]1[C@@H]2[C@@H](CNc3ccccc23)N1Cc1cccnc1'],,,,,
4376,BRD-K29953802,['54657779'],['O[C@H]1CN[C@@H]2CC[C@H](CC(=O)N3CCc4ccccc4C3)O[C@H]2COC1'],,,,,
4377,BRD-K29956297,['54646669'],['OC[C@@H]1O[C@H](CC(=O)NC2CCCCC2)C[C@H]3[C@@H]1Oc4ccc(NS(=O)(=O)c5ccc(F)cc5)cc34'],,,,,
4378,BRD-K29957577,['54658009'],['Cn1cnc(c1)S(=O)(=O)N1C[C@H](O)COC[C@@H]2O[C@@H](CC(=O)NCc3cccc(F)c3)CC[C@@H]12'],,,,,
4379,BRD-K29966477,['54664792'],['COc1cccc(c1)S(=O)(=O)N1CC[C@H]2[C@@H]1c1cc(ccc1N(C)[C@H]2CO)C#Cc1cccnc1'],,,,,
4380,BRD-K29987902,['54637717'],['COc1ccc(CNC(=O)N(C)C[C@H]2OCc3ccccc3-c4ccccc4C(=O)N(C[C@H]2C)[C@@H](C)CO)cc1'],,,,,
4381,BRD-K29996103,['54631439'],['CO[C@H]1CN(C)C(=O)c2ccc(NC(=O)C3CCOCC3)cc2OC[C@@H](C)NC[C@@H]1C'],,,,,
4382,BRD-K30007764,['60190084'],['COc1ccc2c3c([nH]c2c1)[C@H](CO)NC[C@]31CCN(CC1)C(=O)C1CCOCC1'],,,,,
4383,BRD-K30021624,['60189839'],['CC(=O)N1[C@@H](CO)[C@@H](c2ccc(cc2)-c2ccc(cc2)C#N)C11CN(C1)C(=O)C1CC1'],,,,,
4384,BRD-K30033690,['54639038'],['Cc1ccc(cc1)S(=O)(=O)N[C@H]1C=C[C@@H](CC(=O)NCCN2CCCCC2)O[C@@H]1CO'],,,,,
4385,BRD-K30064966,['44197249'],['Oc1cccc2cc(C(=O)Nc3cccc(c3)-c3cn4ccccc4n3)c(=O)oc12'],,,,,
4386,BRD-K30066603,['44486706'],['C[C@@H](CO)N1C[C@@H](C)[C@@H](CN(C)C(=O)Nc2ccc(F)cc2)Oc3ccc(NS(=O)(=O)c4ccccc4)cc3C1=O'],,,,,
4387,BRD-K30079954,['54618576'],['C[C@@H](CO)N1C[C@H](C)[C@H](CN(C)CC2CCOCC2)Oc3cc(ccc3S1(=O)=O)c4cccnc4'],,,,,
4388,BRD-K30094073,['44506671'],['C[C@@H](CO)N1C[C@H](C)[C@H](CN(C)Cc2ccc(cc2)C(F)(F)F)Oc3ccc(NC(=O)CCCCCC(=O)Nc4ccccc4N)cc3CC1=O'],,,,,
4389,BRD-K30098855,['54652410'],['OC[C@H]1[C@H]2[C@H](CN(c3ccccc23)S(=O)(=O)c2ccc(F)cc2)N1Cc1ccc2OCOc2c1'],,,,,
4390,BRD-K30114694,['54660971'],['C[C@H](NC(=O)[C@@H]1[C@@H](CO)[C@@H]2Cn3c(cccc3=O)[C@@H]2N1S(C)(=O)=O)c1ccccc1'],,,,,
4391,BRD-K30126976,['54615039'],['C[C@@H](CO)N1C[C@H](C)[C@H](CN(C)Cc2ccccc2)OCCCC[C@H](C)Oc3ccc(NC(=O)c4ccncc4)cc3C1=O'],,,,,
4392,BRD-K30150248,['54625469'],['C[C@H](CO)N1C[C@@H](C)[C@H](CN(C)Cc2cccc(F)c2)Oc3ncc(C#CCN(C)C)cc3C1=O'],,,,,
4393,BRD-K30155575,['54660954'],['COC(=O)[C@H]1[C@H](CO)[C@H]2Cn3c(ccc(-c4ccccc4)c3=O)[C@H]2N1C(=O)CC1CC1'],,,,,
4394,BRD-K30160673,['60185457'],['Fc1cccc(CN2C[C@H]3N[C@@H](C2)[C@@H]3c2ccc(cc2)-c2cncnc2)c1'],,,,,
4395,BRD-K30180607,['46903404'],['C[C@H](CO)N1C[C@H](C)[C@@H](CN(C)CC2CCOCC2)Oc3cc(C#Cc4ccccc4F)ccc3S1(=O)=O'],,,,,
4396,BRD-K30183231,['44492789'],['C[C@@H](CO)N1C[C@@H](C)[C@@H](CN(C)C(=O)Nc2ccc(F)cc2)Oc3ccc(NC(=O)C4CC4)cc3C1=O'],,,,,
4397,BRD-K30194621,['44487465'],['CC(C)NC(=O)N(C)C[C@H]1OCCCC[C@H](C)Oc2ccc(NS(=O)(=O)c3c(C)noc3C)cc2C(=O)N(C[C@@H]1C)[C@H](C)CO'],,,,,
4398,BRD-K30199293,['54658003'],['O[C@@H]1COC[C@H]2O[C@H](CC(=O)NCC3CC3)CC[C@@H]2N(CC2CCOCC2)C1'],,,,,
4399,BRD-K30211346,['54666497'],['OC[C@H]1[C@H]([C@@H]2CN(Cc3ccccn3)CCCCN12)c1ccc(Br)cc1'],,,,,
4400,BRD-K30214283,['54649556'],['CO[C@H]1CC[C@H]2CCOc3c(cccc3C(=O)N(C)CCCC(=O)N(C)C[C@@H]1O2)C#N'],,,,,
4401,BRD-K30226385,['56835382'],['C[C@H](CO)N1C[C@H](C)[C@@H](CN(C)S(=O)(=O)c2cccc(C#N)c2)OCc3ccccc3-c4c(C1=O)n(C)c5ccccc45'],,,,,
4402,BRD-K30228236,['54631416'],['CO[C@H]1CN(C)C(=O)c2cc(NS(=O)(=O)c3c(C)noc3C)ccc2OC[C@@H](C)NC[C@H]1C'],,,,,
4403,BRD-K30229575,['60185212'],['COc1ccc2c3c([C@H](CO)N(Cc4cc(OC)cc(OC)c4)C[C@]33CN(C3)C(=O)CN3CCOCC3)n(C)c2c1'],,,,,
4404,BRD-K30231186,['44507103'],['C[C@@H](CO)N1C[C@H](C)[C@H](CN(C)CC2CC2)Oc3ccc(NC(=O)CCCCCC(=O)Nc4ccccc4N)cc3CC1=O'],,,,,
4405,BRD-K30234379,['54618462'],['C[C@H](CO)N1C[C@H](C)[C@H](CN(C)C(=O)c2ccncc2)Oc3ncc(cc3C1=O)c4ccc(cc4)C(=O)N(C)C'],,,,,
4406,BRD-K30267135,['54652481'],['OC[C@H]1[C@@H]2[C@@H](CN(C(=O)CC(F)(F)F)c3ccccc23)N1Cc1cccnc1'],,,,,
4407,BRD-K30270755,['54658014'],['Cn1cnc(c1)S(=O)(=O)N1C[C@H](O)COC[C@H]2O[C@@H](CC(=O)NCc3cccc(F)c3)CC[C@H]12'],,,,,
4408,BRD-K30275524,['54666663'],['OC[C@H]1[C@H]([C@H]2CN(CCCCN12)C(=O)NC1CCCC1)c1ccc(cc1)-c1cccnc1'],,,,,
4409,BRD-K30282337,['60185140'],['CCS(=O)(=O)N1C[C@@]2(C1)CN([C@H](CO)c1c2c2ccc(OC)cc2n1C)S(=O)(=O)c1ccccc1'],,,,,
4410,BRD-K30296979,['54651200'],['CN(C[C@H]1N[C@@H](CO)[C@H]1c1ccc(cc1)-c1ccc(F)cc1)C(=O)C1CCC1'],,,,,
4411,BRD-K30298702,['60189881'],['CCS(=O)(=O)N1C[C@@]2(C1)CN(C)[C@@H](CO)c1c2c2ccc(OC)cc2n1C'],,,,,
4412,BRD-K30309936,['54615107'],['C[C@H](CO)N1C[C@H](C)[C@@H](CN(C)Cc2ccc(cc2)C(F)(F)F)OCCCC[C@H](C)Oc3ccc(NS(=O)(=O)c4c(C)noc4C)cc3C1=O'],,,,,
4413,BRD-K30315899,['54621317'],['C/C=C/c1ccc2c(O[C@@H](CN(C)C(=O)Cc3ccccn3)[C@@H](C)CN([C@@H](C)CO)S2(=O)=O)c1'],,,,,
4414,BRD-K30342454,['54625687'],['C[C@H](CO)N1C[C@H](C)[C@@H](CN(C)Cc2cncnc2)Oc3cc(/C=C/c4ccccc4)ccc3S1(=O)=O'],,,,,
4415,BRD-K30347205,['54637922'],['C[C@H](CO)N1C[C@H](C)[C@@H](CN(C)Cc2ccc(F)cc2)OCc3ccccc3-c4ccccc4C1=O'],,,,,
4416,BRD-K30351863,['60138096'],['CC(=O)Nc1sc2CNCc2c1-c1nc2ccccc2s1'],,,,,
4417,BRD-K30357474,['54618401'],['CC(C)NC(=O)N(C)C[C@H]1Oc2ncc(C#CC3CC3)cc2C(=O)N(C[C@@H]1C)[C@H](C)CO'],,,,,
4418,BRD-K30361687,['54638645'],['COc1cccc(NC(=O)N[C@@H]2CC[C@@H](CC(=O)N3CCCCC3)O[C@@H]2CO)c1'],,,,,
4419,BRD-K30365815,['44489649'],['C[C@H](CO)N1C[C@H](C)[C@@H](CN(C)Cc2ccc(Cl)c(Cl)c2)Oc3c(NS(=O)(=O)C)cccc3C1=O'],,,,,
4420,BRD-K30371494,['44492633'],['CNC[C@@H]1OCCCC[C@H](C)Oc2ccc(NC(=O)NC(C)C)cc2C(=O)N(C[C@@H]1C)[C@H](C)CO'],,,,,
4421,BRD-K30373477,['54666692'],['OC[C@@H]1[C@@H]([C@H]2CN(Cc3cccnc3)CCCCN12)c1ccc(\\C=C\\c2ccccc2)cc1'],,,,,
4422,BRD-K30377297,['54638669'],['OC[C@@H]1O[C@@H](CCNC(=O)Cc2ccncc2)CC[C@@H]1NC(=O)C1CCC1'],,,,,
4423,BRD-K30377659,['54618668'],['COc1cccc(NC(=O)N(C)C[C@H]2Oc3ncc(C#Cc4ccncc4)cc3C(=O)N(C[C@@H]2C)[C@@H](C)CO)c1'],,,,,
4424,BRD-K30377815,['54638935'],['OC[C@@H]1O[C@@H](CC(=O)NCc2ccc(Cl)c(Cl)c2)CC[C@H]1NS(=O)(=O)c1ccc(F)cc1'],,,,,
4425,BRD-K30381304,['16014341'],['CC(C)c1nnc(NC(=O)c2nc(ncc2Cl)S(=O)(=O)Cc3ccc(C)cc3)s1'],,,,,
4426,BRD-K30381384,['6619100'],['COc1cc(NC(=O)c2cc(on2)C3CC3)c(OC)cc1Cl'],,,,,
4427,BRD-K30393343,['44616397'],['CC(C)NC(=O)N(C)C[C@@H]1OCCCC[C@@H](C)Oc2ccc(NC(=O)C3CCCCC3)cc2C(=O)N(C[C@H]1C)[C@@H](C)CO'],,,,,
4428,BRD-K30409687,['44503248'],['CC(C)NC(=O)Nc1ccc2O[C@@H](CN(C)Cc3ccc4OCOc4c3)[C@@H](C)CN([C@@H](C)CO)C(=O)Cc2c1'],,,,,
4429,BRD-K30415102,['60184838'],['C\\C=C\\c1ccc(cc1)[C@H]1[C@@H]2CNC[C@H]1N2S(=O)(=O)c1cccc(F)c1'],,,,,
4430,BRD-K30434763,['60138105'],['CCOc1ccc(CCNC(=O)c2cc3sccc3n2Cc2cccc(C)c2)cc1OCC'],,,,,
4431,BRD-K30436233,['54645937'],['C[C@H](NC(=O)C[C@@H]1C[C@@H]2[C@@H](Oc3ccc(NS(=O)(=O)c4ccc(F)cc4)cc23)[C@H](CO)O1)c5ccccc5'],,,,,
4432,BRD-K30437434,['54666583'],['CC(C)(O)C#Cc1ccc(cc1)[C@@H]1[C@@H](CO)N2CCCCN(C[C@H]12)S(C)(=O)=O'],,,,,
4433,BRD-K30437804,['54652462'],['OC[C@H]1[C@@H]2[C@@H](CN(C(=O)c3ccc4OCOc4c3)c3ccccc23)N1C(=O)CC1CC1'],,,,,
4434,BRD-K30438246,['54646308'],['COc1ccccc1CNC(=O)C[C@H]2C[C@@H]3[C@@H](Oc4ccc(NC(=O)Cc5ccncc5)cc34)[C@@H](CO)O2'],,,,,
4435,BRD-K30443205,['44142062'],['C(Nc1ncnc2ccc(cc12)c3ccoc3)c4ccc5OCOc5c4'],,,,,
4436,BRD-K30456673,['54660886'],['OC[C@H]1[C@@H]2Cn3c(cccc3=O)[C@H]([C@@H]1C(=O)NCC(F)(F)F)N2CC1CCOCC1'],,,,,
4437,BRD-K30459086,['44488191'],['C[C@@H](CO)N1C[C@@H](C)[C@@H](CN(C)C(=O)Nc2ccccc2)OCCCC[C@H](C)Oc3ccc(NC(=O)C4CCCCC4)cc3C1=O'],,,,,
4438,BRD-K30463976,['16958021'],['Oc1nc(SCCc2ccccc2)nc2CCCc12'],,,,,
4439,BRD-K30468438,['54654045'],['CN1[C@H]2CC[C@@H](CC(O)=O)O[C@@H]2COc2ccc(NC(=O)c3ccc(Cl)cc3)cc2C1=O'],,,,,
4440,BRD-K30468800,['44488349'],['C[C@H](CO)N1C[C@@H](C)[C@H](CN(C)Cc2ccc(Cl)c(Cl)c2)Oc3ccc(NC(=O)c4ccncc4)cc3C1=O'],,,,,
4441,BRD-K30507268,['54652416'],['CN1C[C@H]2[C@H]([C@H](CO)N2Cc2ccccc2Cl)c2ccccc12'],,,,,
4442,BRD-K30509186,['44501547'],['C[C@@H](CO)N1C[C@@H](C)[C@@H](CN(C)CC2CCCCC2)Oc3ccc(NC(=O)Nc4cccc5ccccc45)cc3CC1=O'],,,,,
4443,BRD-K30511626,['44498246'],['CCCN(C)C[C@@H]1OCCCC[C@@H](C)Oc2ccc(NC(=O)Nc3ccc(F)cc3)cc2C(=O)N(C[C@H]1C)[C@H](C)CO'],,,,,
4444,BRD-K30516885,['54618611'],['CC(C)CC#Cc1cnc2O[C@@H](CN(C)C(=O)c3cccc(F)c3)[C@H](C)CN([C@@H](C)CO)C(=O)c2c1'],,,,,
4445,BRD-K30523950,['44485115'],['C[C@@H](CO)N1C[C@H](C)[C@@H](CN(C)S(=O)(=O)c2ccc(F)cc2)OCCCC[C@H](C)Oc3ccc(NC(=O)Nc4ccccc4)cc3C1=O'],,,,,
4446,BRD-K30536692,['852319'],['CCSc1cc(nc(n1)c2ccc(Cl)cc2)N3CCCC3'],,,,,
4447,BRD-K30548766,['44500224'],['C[C@H](CO)N1C[C@H](C)[C@H](CN(C)C(=O)CCCN(C)C)OCCCC[C@@H](C)Oc2ccc(NS(=O)(=O)c3ccc(F)cc3)cc2C1=O'],,,,,
4448,BRD-K30553817,['23626931'],['BrCC(=O)NCCc1ccc2ccccc2c1'],,,,,
4449,BRD-K30563708,['54649954'],['CCc1csc(n1)N1[C@@H](CO)[C@H]([C@H]1C#N)c1ccc(cc1)\\C=C\\C'],,,,,
4450,BRD-K30563791,['60190954'],['COc1ccccc1NC(=O)N1C[C@H]2[C@H]([C@@H](CO)N2C(=O)C1)c1ccc(cc1)C#CC(C)C'],,,,,
4451,BRD-K30571172,['53382657'],['OC[C@H]1O[C@@H](CC(=O)NCC2CC2)C=C[C@H]1NC(=O)c1ccncc1'],,,,,
4452,BRD-K30613842,['54646315'],['COc1cccc(c1)S(=O)(=O)Nc2ccc3O[C@H]4[C@H](C[C@@H](CC(=O)NCc5ccccc5F)O[C@H]4CO)c3c2'],,,,,
4453,BRD-K30620974,['54638457'],['OC[C@@H]1O[C@H](CC(=O)NCCCN2CCOCC2)C=C[C@@H]1NS(=O)(=O)c1ccccc1F'],,,,,
4454,BRD-K30628839,['54650102'],['OC[C@@H]1[C@H]([C@H](C#N)N1C(=O)Cc1ccccc1)c1ccc(cc1)-c1cncnc1'],,,,,
4455,BRD-K30633722,['54615113'],['COc1ccc(cc1)S(=O)(=O)N(C)C[C@@H]2OCCCC[C@@H](C)Oc3ccc(NS(=O)(=O)c4cn(C)cn4)cc3C(=O)N(C[C@H]2C)[C@H](C)CO'],,,,,
4456,BRD-K30640165,['44487568'],['C[C@H](CO)N1C[C@@H](C)[C@H](CN(C)C)OCCCC[C@H](C)Oc2ccc(NC(=O)c3ccncc3)cc2C1=O'],,,,,
4457,BRD-K30644784,['54651270'],['CCN(C[C@@H]1[C@H]([C@H](CO)N1C(C)=O)c1ccccc1)C(=O)NC1CCCC1'],,,,,
4458,BRD-K30645599,['44485775'],['C[C@@H](CO)N1C[C@@H](C)[C@@H](CN(C)C(=O)Nc2ccccc2)OCCCC[C@@H](C)Oc3ccc(NC(=O)Nc4ccccc4)cc3C1=O'],,,,,
4459,BRD-K30647638,['5050726'],['CC(C)(C)n1nc(Cc2cccc3ccccc23)c(C#N)c1N'],,,,,
4460,BRD-K30649361,['54651189'],['CCN(C[C@@H]1[C@H]([C@@H](CO)N1C(=O)CC)c1ccccc1)C(=O)c1cccc(F)c1'],,,,,
4461,BRD-K30653168,['44505961'],['C[C@@H](CO)N1C[C@H](C)[C@@H](CN(C)S(=O)(=O)C)OCc2cn(CCCC1=O)nn2'],,,,,
4462,BRD-K30658064,['44505473'],['C[C@H](CO)N1C[C@H](C)[C@@H](CN(C)Cc2ccc(cc2)c3ccccc3)OCc4cnnn4CCCC1=O'],,,,,
4463,BRD-K30659453,['60191614'],['OC[C@H]1[C@@H](c2ccccc2)C2(CN(C2)C(=O)CC2CC2)N1C(=O)c1cnccn1'],,,,,
4464,BRD-K30684242,['54657646'],['CN1CCN(CC1)C(=O)C[C@H]1CC[C@@H]2[C@H](COC[C@@H](O)CN2C(=O)Nc2ccc3OCOc3c2)O1'],,,,,
4465,BRD-K30695296,['56835597'],['COCCNC(=O)c1cc2CN([C@@H](CCO)c2c(n1)c3cccc(c3)c4cccc(F)c4)S(=O)C(C)(C)C'],,,,,
4466,BRD-K30697829,['54657669'],['O[C@H]1COC[C@H]2O[C@H](CC(=O)N3CCCCC3)CC[C@@H]2N(C1)C(=O)c1ccc(F)cc1'],,,,,
4467,BRD-K30704475,['44492451'],['C[C@@H](CO)N1C[C@@H](C)[C@H](CN(C)C(=O)Nc2ccc(cc2)C(F)(F)F)Oc3c(NC(=O)Nc4cccc5ccccc45)cccc3C1=O'],,,,,
4468,BRD-K30706668,['54631349'],['CCCNC(=O)Nc1ccc2OC[C@@H](C)N(Cc3ccc(cc3)-c3ccccn3)C[C@@H](C)[C@H](CN(C)C(=O)c2c1)OC'],,,,,
4469,BRD-K30715099,['5741425'],['Oc1cc(OCC(=O)c2ccc(Cl)cc2)cc3oc4ccccc4c(=O)c13'],,,,,
4470,BRD-K30715463,['60191139'],['CC(C)C#Cc1ccc(cc1)[C@@H]1[C@H](CO)N2[C@@H]1CN(CC2=O)S(=O)(=O)c1ccccc1'],,,,,
4471,BRD-K30723822,['54618559'],['C[C@@H](O)C#Cc1cnc2O[C@H](CN(C)CC3CCOCC3)[C@H](C)CN([C@@H](C)CO)C(=O)c2c1'],,,,,
4472,BRD-K30724479,['54649980'],['COc1ccc(cc1)-c1ccc(cc1)[C@H]1[C@H](CO)N([C@@H]1C#N)C(=O)NC1CCCCC1'],,,,,
4473,BRD-K30726719,['44616544'],['CC(C)NC(=O)N(C)C[C@H]1Oc2ccc(NC(=O)Cc3cn(C)c4ccccc34)cc2CC(=O)N(C[C@@H]1C)[C@H](C)CO'],,,,,
4474,BRD-K30737452,['54657876'],['O[C@@H]1COC[C@@H]2O[C@H](CC(=O)NCc3ccc(F)cc3)CC[C@H]2N(C1)C(=O)c1cnccn1'],,,,,
4475,BRD-K30750630,['54632124'],['CO[C@H]1CN(C)C(=O)c2ccc(NC(=O)Nc3cc(F)ccc3F)cc2OC[C@H](C)N(C)C[C@H]1C'],,,,,
4476,BRD-K30758067,['54651478'],['OC[C@H]1[C@@H]([C@H](CNC(=O)NC2CCCC2)N1C(=O)C1CC1)c1ccccc1'],,,,,
4477,BRD-K30758351,['54654044'],['CN1[C@@H]2CC[C@@H](CC(O)=O)O[C@@H]2COc2ccc(NC(=O)c3ccc(Cl)cc3)cc2C1=O'],,,,,
4478,BRD-K30760376,['60190077'],['COc1ccc2c3c([C@H](CO)N(Cc4cc(OC)cc(OC)c4)C[C@]33CCN(CC3)C(=O)Nc3c(C)noc3C)n(C)c2c1'],,,,,
4479,BRD-K30779094,['53338858'],['Cn1ccc2cc(ccc12)S(=O)(=O)N1CCN(CC1)S(=O)(=O)c1c(F)cccc1F'],,,,,
4480,BRD-K30781400,['46930976'],['Cc1c(n2ccccc2[n+]1C)C(O)(c1ccccc1)c1ccccc1'],,,,,
4481,BRD-K30781800,['54646044'],['COCCNC(=O)C[C@H]1C[C@@H]2[C@@H](Oc3ccc(NC(=O)CN(C)C)cc23)[C@@H](CO)O1'],,,,,
4482,BRD-K30785989,['54637948'],['C[C@H](CO)N1C[C@@H](C)[C@@H](CN(C)S(=O)(=O)c2ccc(Cl)cc2)OCc3ccccc3-c4ccccc4C1=O'],,,,,
4483,BRD-K30794866,['54654597'],['CN1[C@@H]2CC[C@@H](CC(=O)NCc3ccc4OCOc4c3)O[C@H]2COc2ccc(NC(=O)C3CCOCC3)cc2C1=O'],,,,,
4484,BRD-K30795336,['44501884'],['COc1ccc(NC(=O)Nc2ccc3O[C@H](CN(C)Cc4ccc(cc4)C(F)(F)F)[C@H](C)CN([C@@H](C)CO)C(=O)Cc3c2)cc1'],,,,,
4485,BRD-K30802967,['44491342'],['COc1ccc(cc1)S(=O)(=O)N(C)C[C@H]2Oc3c(NC(=O)NC4CCCCC4)cccc3C(=O)N(C[C@H]2C)[C@@H](C)CO'],,,,,
4486,BRD-K30803694,['54631920'],['CO[C@@H]1CN(C)C(=O)c2cc(NC(=O)c3ccc4OCOc4c3)ccc2OC[C@H](C)N(CC2CC2)C[C@H]1C'],,,,,
4487,BRD-K30804015,['44237404'],['CC(C)(C)c1ccc(cc1)S(=O)(=O)Nc1ccc(cc1)C(O)(C(F)(F)F)C(F)(F)F'],,,,,
4488,BRD-K30820123,['54665083'],['COc1ccc(cc1)C#Cc1ccc2N(C)[C@@H](CO)[C@@H]3CCN([C@@H]3c2c1)C(=O)CN1CCOCC1'],,,,,
4489,BRD-K30822915,['54646061'],['COCC(=O)Nc1ccc2O[C@@H]3[C@@H](C[C@H](CC(=O)N[C@H](C)c4ccccc4)O[C@@H]3CO)c2c1'],,,,,
4490,BRD-K30836161,['53338853'],['FC(F)C(=O)Nc1sc2CNCCc2c1-c1nc2ccccc2s1'],,,,,
4491,BRD-K30836174,['54631761'],['CO[C@@H]1CN(C)C(=O)c2cc(NC(=O)C3CC3)ccc2OC[C@@H](C)N(C[C@H]1C)C(=O)CN1CCOCC1'],,,,,
4492,BRD-K30837577,['54657537'],['C[C@H](NC(=O)C[C@H]1CC[C@@H]2[C@H](COC[C@H](O)CN2C(=O)Nc2cccc(Cl)c2)O1)c1ccccc1'],,,,,
4493,BRD-K30851490,['54654181'],['COCC(=O)Nc1ccc2OC[C@@H]3O[C@@H](CC(=O)N4CCc5ccccc5C4)CC[C@@H]3N(C)C(=O)c2c1'],,,,,
4494,BRD-K30854557,['44502556'],['C[C@H](CO)N1C[C@@H](C)[C@@H](CN(C)C(=O)Nc2cccc3ccccc23)Oc4ccc(NS(=O)(=O)C)cc4CC1=O'],,,,,
4495,BRD-K30855709,['54638357'],['Cn1cnc(c1)S(=O)(=O)N[C@H]1C=C[C@H](CC(=O)N2CCN(CC2)c2ccccc2)O[C@@H]1CO'],,,,,
4496,BRD-K30857073,['54666582'],['CC(C)(O)C#Cc1ccc(cc1)[C@@H]1[C@H](CO)N2CCCCN(C[C@@H]12)S(C)(=O)=O'],,,,,
4497,BRD-K30857143,['54618493'],['C[C@@H](CO)N1C[C@@H](C)[C@@H](CN(C)C(=O)c2ccc(F)cc2)Oc3cc(ccc3S1(=O)=O)C4=CCCC4'],,,,,
4498,BRD-K30860517,['54631864'],['CO[C@@H]1CN(C)C(=O)c2cc(NS(=O)(=O)c3ccccc3OC)ccc2OC[C@H](C)NC[C@@H]1C'],,,,,
4499,BRD-K30882656,['44497639'],['COc1ccc(NC(=O)N(C)C[C@H]2Oc3c(NC(=O)NC4CCCCC4)cccc3C(=O)N(C[C@H]2C)[C@H](C)CO)cc1'],,,,,
4500,BRD-K30883461,['60190244'],['COc1ccc2c3c([C@@H](CO)NC[C@]33CN(C3)S(=O)(=O)c3cccc(C)c3)n(C)c2c1'],,,,,
4501,BRD-K30891382,['54646350'],['COc1ccc(NC(=O)Nc2ccc3O[C@@H]4[C@@H](C[C@@H](CC(=O)N5CCN(C)CC5)O[C@@H]4CO)c3c2)cc1'],,,,,
4502,BRD-K30910503,['54652554'],['OC[C@H]1[C@@H]2[C@@H](CNc3ccccc23)N1C(=O)C1CCCCC1'],,,,,
4503,BRD-K30912278,['56835236'],['C[C@H](CO)N1C[C@@H](C)[C@H](CN(C)C(=O)CCN(C)C)OCc2ccccc2-c3ccccc3C1=O'],,,,,
4504,BRD-K30934140,['54650203'],['CCc1cnc(s1)N1[C@H](CO)[C@H]([C@H]1C#N)c1ccc(cc1)-c1cccc(F)c1'],,,,,
4505,BRD-K30934336,['54651292'],['COCC(=O)NC[C@H]1[C@H]([C@H](CO)N1C(=O)C1CC1)c1ccc(cc1)C1=CCCC1'],,,,,
4506,BRD-K30934390,['44618659'],['CCCN(C)C[C@H]1OCCCC[C@H](C)Oc2ccc(NS(=O)(=O)c3ccc(C)cc3)cc2C(=O)N(C[C@H]1C)[C@H](C)CO'],,,,,
4507,BRD-K30935394,['54619491'],['CNC[C@@H]1Oc2cc(ccc2S(=O)(=O)N(C[C@H]1C)[C@H](C)CO)c3ccccc3F'],,,,,
4508,BRD-K30936057,['54651212'],['OC[C@H]1[C@@H]([C@@H](CNC(=O)c2ccccn2)N1Cc1cccnc1)c1ccccc1'],,,,,
4509,BRD-K30940328,['44502225'],['COc1ccc(NC(=O)N(C)C[C@H]2OCCCC[C@@H](C)Oc3ccc(cc3C(=O)N(C[C@@H]2C)[C@H](C)CO)N(C)C)cc1'],,,,,
4510,BRD-K30941218,['44497476'],['COc1ccc(cc1)S(=O)(=O)N(C)C[C@@H]2Oc3c(cccc3C(=O)N(C[C@@H]2C)[C@H](C)CO)N(C)C'],,,,,
4511,BRD-K30953566,['54631337'],['CCCNC(=O)Nc1ccc2OC[C@H](C)N(C[C@H](C)[C@H](CN(C)C(=O)c2c1)OC)C(=O)c1ccccc1F'],,,,,
4512,BRD-K30954716,['54650031'],['COc1ccccc1-c1ccc(cc1)[C@H]1[C@@H](CO)N[C@@H]1C#N'],,,,,
4513,BRD-K30958256,['60185096'],['COc1cc(CN2C[C@H]3N[C@@H](C2)[C@H]3c2ccc(\\C=C\\c3ccccc3)cc2)cc(OC)c1'],,,,,
4514,BRD-K30958640,['23958168'],['CC(C)(O[C@@H]1O[C@H](CO)[C@@H](O)[C@H](O)[C@H]1O)[C@@H](O)COc2c3ccoc3cc4oc(=O)ccc24'],,,,,
4515,BRD-K30962405,['44496792'],['CC(C)NC(=O)Nc1ccc2O[C@@H](CN(C)S(=O)(=O)c3ccccc3)[C@@H](C)CN([C@H](C)CO)C(=O)Cc2c1'],,,,,
4516,BRD-K31000214,['54649895'],['OC[C@H]1[C@H]([C@H](C#N)N1C(=O)C1CCCC1)c1ccccc1'],,,,,
4517,BRD-K31027517,['54653997'],['CCS(=O)(=O)Nc1ccc2OC[C@@H]3O[C@@H](CC(=O)N4CCN(C)CC4)CC[C@H]3N(C)C(=O)c2c1'],,,,,
4518,BRD-K31028119,['54638834'],['OC[C@H]1O[C@H](CC(=O)Nc2nccs2)CC[C@H]1NC(=O)CCN1CCCCC1'],,,,,
4519,BRD-K31030218,['96670'],['CCCCc1oc2ccccc2c1C(=O)c3ccc(O)cc3'],,,,,
4520,BRD-K31036503,['54618572'],['C[C@@H](CO)N1C[C@H](C)[C@H](CN(C)Cc2cncnc2)Oc3cc(C#CC4CCCC4)ccc3S1(=O)=O'],,,,,
4521,BRD-K31039264,['44486352'],['C[C@H](CO)N1C[C@H](C)[C@H](CN(C)C(=O)c2ccccc2)OCc3cn(CCCC1=O)nn3'],,,,,
4522,BRD-K31042078,['56835406'],['C[C@H](CO)N1C[C@H](C)[C@@H](CN(C)C(=O)c2c(C)noc2C)OCc3ccccc3-c4c(C1=O)n(C)c5ccccc45'],,,,,
4523,BRD-K31042955,['44494121'],['CNC[C@H]1OCCCC[C@H](C)Oc2ccc(NC(=O)NC(C)C)cc2C(=O)N(C[C@H]1C)[C@@H](C)CO'],,,,,
4524,BRD-K31045868,['44505465'],['COc1ccccc1NC(=O)N(C)C[C@@H]2OCc3cn(CCCC(=O)N(C[C@H]2C)[C@H](C)CO)nn3'],,,,,
4525,BRD-K31060354,['54649551'],['CO[C@H]1CC[C@@H]2CCOc3c(cccc3C(=O)N(C)C[C@@H](CC(=O)N(C)C[C@H]1O2)c1ccccc1)C#N'],,,,,
4526,BRD-K31067719,['54631919'],['CO[C@H]1CN(C)C(=O)c2cc(NC(=O)Nc3cccc(Cl)c3)ccc2OC[C@@H](C)NC[C@H]1C'],,,,,
4527,BRD-K31088139,['44495355'],['C[C@H](CO)N1C[C@@H](C)[C@@H](CN(C)C(=O)Nc2cccc3ccccc23)Oc4c(NS(=O)(=O)C)cccc4C1=O'],,,,,
4528,BRD-K31096204,['54618652'],['C[C@H](CO)N1C[C@H](C)[C@@H](CN(C)C(=O)C2CCCCC2)Oc3cc(C#CCN(C)C)ccc3S1(=O)=O'],,,,,
4529,BRD-K31099173,['54638967'],['OC[C@@H]1O[C@@H](CCNC(=O)c2ccc(F)cc2)CC[C@H]1NC(=O)Nc1ccc(Cl)c(Cl)c1'],,,,,
4530,BRD-K31103241,['54649460'],['CC(C)(C)[S@](=O)N1Cc2cc(nc(c2[C@@H]1CCO)-c1cccc(c1)-c1cccc(c1)C#N)C(=O)NCCc1ccncc1'],,,,,
4531,BRD-K31108633,['54646042'],['COCCNC(=O)C[C@@H]1C[C@H]2[C@H](Oc3ccc(NC(=O)CN(C)C)cc23)[C@@H](CO)O1'],,,,,
4532,BRD-K31112909,['54632197'],['CCC(=O)Nc1ccc2c(OC[C@H](C)N(C[C@@H](C)[C@@H](CN(C)C2=O)OC)C(=O)c2ccc(F)cc2)c1'],,,,,
4533,BRD-K31122916,['54661272'],['CC(C)NC(=O)N1[C@H]2Cn3c(ccc(-c4cccc(c4)C(=O)N(C)C)c3=O)[C@@H]1[C@@H]([C@H]2CO)C(O)=O'],,,,,
4534,BRD-K31126514,['54650196'],['CC(C)NC(=O)N1[C@@H](CO)[C@@H]([C@H]1C#N)c1ccc(cc1)C#CC1CCCCC1'],,,,,
4535,BRD-K31129604,['60185185'],['COc1ccc2c3c([nH]c2c1)[C@@H](CO)N(C[C@]31CN(C1)C(=O)CC1CC1)C(=O)c1cccc(F)c1'],,,,,
4536,BRD-K31138070,['44492810'],['C[C@H](CO)N1C[C@@H](C)[C@@H](CN(C)Cc2ccc(cc2)C(F)(F)F)Oc3ccc(NC(=O)CCN4CCOCC4)cc3C1=O'],,,,,
4537,BRD-K31142225,['71760121'],['CCCNC(=O)N1CC[C@@]2(CC1)CN([C@H](CO)c1c2c2ccc(OC)cc2n1C)C(=O)CC1CC1'],,,,,
4538,BRD-K31158126,['60185081'],['Fc1cccc(c1)-c1ccc(cc1)[C@@H]1[C@H]2CN(C[C@@H]1N2)C(=O)C1CC1'],,,,,
4539,BRD-K31160185,['56835222'],['COc1ccc(CNC(=O)N(C)C[C@@H]2OCc3ccccc3-c4ccccc4C(=O)N(C[C@@H]2C)[C@@H](C)CO)cc1'],,,,,
4540,BRD-K31163805,['54631486'],['CO[C@@H]1CN(C)C(=O)c2cc(NS(C)(=O)=O)ccc2OC[C@H](C)N(C[C@H]1C)C(=O)C1CCOCC1'],,,,,
4541,BRD-K31168993,['6336338'],['CSc1ccc(cc1)[C@H]1CN2CCC[C@H]2c2ccccc12'],,,,,
4542,BRD-K31175437,['54615102'],['C[C@H](CO)N1C[C@@H](C)[C@@H](CN(C)C(=O)c2ccncc2)OCCCC[C@@H](C)Oc3ccc(NC(=O)c4ccccc4)cc3C1=O'],,,,,
4543,BRD-K31183432,['54660719'],['C[C@@H](NC(=O)[C@H]1N[C@@H]2[C@@H](Cn3c2ccc(C2=CCCC2)c3=O)[C@@H]1CO)c1ccccc1'],,,,,
4544,BRD-K31194232,['60191651'],['CCCNC(=O)N1CC2(C1)[C@H]([C@@H](CO)N2Cc1ccccn1)c1ccccc1'],,,,,
4545,BRD-K31207674,['54631832'],['CO[C@@H]1CN(C)C(=O)c2cc(NC(=O)c3cccc(OC)c3)ccc2OC[C@@H](C)N(CCc2ccccc2)C[C@H]1C'],,,,,
4546,BRD-K31220088,['54650019'],['OC[C@@H]1[C@@H]([C@H](C#N)N1C(=O)c1ccc2OCOc2c1)c1ccccc1'],,,,,
4547,BRD-K31230167,['54646113'],['COC(=O)C[C@@H]1C[C@@H]2[C@@H](Oc3ccc(N)cc23)[C@H](CO)O1'],,,,,
4548,BRD-K31248348,['54631932'],['CO[C@@H]1CN(C)C(=O)c2cc(NC(=O)C3CCOCC3)ccc2OC[C@@H](C)N(CC2CC2)C[C@@H]1C'],,,,,
4549,BRD-K31251993,['54613906'],['C[C@H](CO)N1C[C@@H](C)[C@H](CN(C)S(=O)(=O)C)Oc2ccc(NC(=O)Nc3ccc(cc3)C(F)(F)F)cc2CC1=O'],,,,,
4550,BRD-K31260488,['44485125'],['C[C@@H](CO)N1C[C@H](C)[C@@H](CN(C)C(=O)Nc2cccc3ccccc23)OCCCC[C@@H](C)Oc4ccc(NC(=O)c5ccncc5)cc4C1=O'],,,,,
4551,BRD-K31262969,['54649487'],['CO[C@@H]1CC[C@@H]2CCN(C)C(=O)[C@@H](C)[C@@H](CN(C)C(=O)c3cccc(C#N)c3OC[C@H]1O2)OC'],,,,,
4552,BRD-K31274539,['60185139'],['C\\C=C\\c1ccc(cc1)[C@H]1[C@H]2CN(C[C@@H]1N2)S(C)(=O)=O'],,,,,
4553,BRD-K31284555,['54637892'],['C[C@H](CO)N1C[C@@H](C)[C@@H](CN(C)S(=O)(=O)C)OCc2ccccc2-c3ccccc3C1=O'],,,,,
4554,BRD-K31285743,['60189853'],['OC[C@@H]1[C@H](c2ccccc2)C2(CN(C2)C(=O)C2CC2)N1Cc1nccs1'],,,,,
4555,BRD-K31286015,['60138110'],['CCOc1ccc(CCNC(=O)c2ccccn2)cc1OCC'],,,,,
4556,BRD-K31290665,['44497608'],['C[C@@H](CO)N1C[C@H](C)[C@H](CN(C)S(=O)(=O)C)Oc2ccc(NC(=O)CCCN(C)C)cc2C1=O'],,,,,
4557,BRD-K31290842,['54660761'],['OC[C@H]1[C@@H]2Cn3c(ccc(-c4ccc(F)cc4)c3=O)[C@@H](N2)[C@@H]1C(=O)NCCc1ccncc1'],,,,,
4558,BRD-K31290914,['54660686'],['OC[C@@H]1[C@H]2Cn3c(ccc(\\C=C\\c4ccccc4)c3=O)[C@H]2N[C@H]1C(=O)NCCc1ccncc1'],,,,,
4559,BRD-K31295191,['54660926'],['COC(=O)[C@H]1[C@H](CO)[C@H]2Cn3c(ccc(C4=CCCCC4)c3=O)[C@H]2N1Cc1ccc2OCOc2c1'],,,,,
4560,BRD-K31302860,['44620440'],['CC(C)NC(=O)Nc1ccc2O[C@@H](C)CCCCO[C@H](CN(C)Cc3ccncc3)[C@H](C)CN([C@H](C)CO)C(=O)c2c1'],,,,,
4561,BRD-K31314139,['54653994'],['CN1[C@@H]2CC[C@H](CC(=O)NCc3ccc(Cl)c(Cl)c3)O[C@H]2COc2ccc(NC(=O)c3cscn3)cc2C1=O'],,,,,
4562,BRD-K31315646,['44494947'],['CC(C)NC(=O)N(C)C[C@@H]1OCCCC[C@H](C)Oc2ccc(NC(=O)C3CCCCC3)cc2C(=O)N(C[C@@H]1C)[C@@H](C)CO'],,,,,
4563,BRD-K31327364,['54639018'],['CN1CCN(CC1)C(=O)C[C@@H]1CC[C@@H](NC(=O)c2ccc3OCOc3c2)[C@@H](CO)O1'],,,,,
4564,BRD-K31329249,['44618418'],['C[C@H](CO)N1C[C@@H](C)[C@@H](CN(C)Cc2ccccc2)OCCCC[C@@H](C)Oc3ccc(NC(=O)c4ccncc4)cc3C1=O'],,,,,
4565,BRD-K31344914,['73707597'],['C[C@H](N)C(=O)N[C@@H](C)C(=O)NCCc1cc(O)c(O)cc1O'],,,,,
4566,BRD-K31367750,['44485146'],['C[C@@H](CO)N1C[C@@H](C)[C@H](CN(C)S(=O)(=O)c2c(C)noc2C)OCCCC[C@@H](C)Oc3ccc(cc3C1=O)N(C)C'],,,,,
4567,BRD-K31369513,['54657901'],['O[C@@H]1COC[C@@H]2O[C@@H](CC(=O)NCc3ccc(Oc4ccccc4)cc3)CC[C@H]2N(CCC(F)(F)F)C1'],,,,,
4568,BRD-K31373683,['54664980'],['Cc1ccccc1S(=O)(=O)N1CC[C@@H]2[C@H]1c1cc(ccc1N[C@@H]2CO)C#Cc1ccccc1'],,,,,
4569,BRD-K31378663,['54646675'],['COc1ccccc1CNC(=O)C[C@H]2C[C@@H]3[C@@H](Oc4ccc(NC(=O)CN(C)C)cc34)[C@H](CO)O2'],,,,,
4570,BRD-K31380618,['54615108'],['C[C@@H](CO)N1C[C@H](C)[C@H](CN(C)Cc2ccc(cc2)C(F)(F)F)OCCCC[C@H](C)Oc3ccc(NS(=O)(=O)c4c(C)noc4C)cc3C1=O'],,,,,
4571,BRD-K31385226,['54638334'],['OC[C@@H]1O[C@@H](CC(=O)NCCc2cscn2)C=C[C@@H]1NC(=O)C1CCOCC1'],,,,,
4572,BRD-K31387465,['60190945'],['CC(C)C#Cc1ccc(cc1)[C@H]1[C@H](CO)N2[C@H]1CN(CC2=O)C(=O)NC1CCCC1'],,,,,
4573,BRD-K31392657,['54631482'],['CO[C@H]1CN(C)C(=O)c2cc(NC(C)=O)ccc2OC[C@@H](C)N(C[C@H]1C)C(=O)c1ccc(F)cc1'],,,,,
4574,BRD-K31411295,['60185194'],['COc1ccc2c3c([nH]c2c1)[C@@H](CO)N(C[C@]31CCN(CC1)C(=O)Nc1ccccc1)S(C)(=O)=O'],,,,,
4575,BRD-K31412180,['5703330'],['CS(=O)(=O)/C(=C/c1cccn1S(=O)(=O)c2ccccc2)/C#N'],,,,,
4576,BRD-K31415071,['54657575'],['O[C@H]1COC[C@H]2O[C@@H](CC(=O)NCCCN3CCOCC3)CC[C@@H]2N(C1)C(=O)c1ccccc1'],,,,,
4577,BRD-K31418530,['54638666'],['OC[C@H]1O[C@@H](CC(=O)NCC2CCCCC2)C=C[C@@H]1NC(=O)Nc1cccc(F)c1'],,,,,
4578,BRD-K31422806,['54661293'],['CN1[C@H]([C@H](CO)[C@H]2Cn3c(ccc(-c4cncnc4)c3=O)[C@@H]12)C(=O)NC1Cc2ccccc2C1'],,,,,
4579,BRD-K31427141,['54650152'],['CCc1cnc(s1)N1[C@H](CO)[C@@H]([C@H]1C#N)c1ccc(cc1)C1=CCCCC1'],,,,,
4580,BRD-K31439714,['54618544'],['C/C=C/c1ccc2c(O[C@@H](CN(C)C(=O)Cc3cccnc3)[C@@H](C)CN([C@@H](C)CO)S2(=O)=O)c1'],,,,,
4581,BRD-K31441680,['54658780'],['O[C@H]1COC[C@H]2O[C@H](CC(=O)NCc3cccc(F)c3)CC[C@@H]2N(Cc2ccc(Cl)cc2)C1'],,,,,
4582,BRD-K31449336,['56835573'],['COc1cccc(c1)c2cccc(c2)c3nc(cc4CN([C@H](CCO)c43)S(=O)C(C)(C)C)C(=O)NCCCN5CCOCC5'],,,,,
4583,BRD-K31453413,['1261872'],['Cc1cc(NS(=O)(=O)c2ccc(NC(=O)c3cc(nc4c(C)cc(C)cc34)c5ccccn5)cc2)no1'],,,,,
4584,BRD-K31485493,['54615053'],['CC(C)NC(=O)Nc1ccc2O[C@@H](C)CCCCO[C@H](CN(C)CC3CCCCC3)[C@@H](C)CN([C@H](C)CO)C(=O)c2c1'],,,,,
4585,BRD-K31487013,['54637836'],['C[C@H](CO)N1C[C@@H](C)[C@@H](CN(C)S(=O)(=O)c2cccs2)OCc3ccccc3-c4ccccc4C1=O'],,,,,
4586,BRD-K31487253,['54639000'],['COc1ccccc1S(=O)(=O)N[C@H]1CC[C@@H](CCn2cc(nn2)C2CCCCC2)O[C@H]1CO'],,,,,
4587,BRD-K31494307,['54637756'],['C[C@@H](CO)N1C[C@H](C)[C@@H](CN(C)C(=O)Nc2ccccc2C(F)(F)F)OCc3ccccc3-c4ccccc4C1=O'],,,,,
4588,BRD-K31538032,['44488155'],['C[C@@H](CO)N1C[C@H](C)[C@H](CN(C)C(=O)Nc2ccccc2C(F)(F)F)OCc3cn(CCCC1=O)nn3'],,,,,
4589,BRD-K31545458,['54638830'],['COc1ccccc1S(=O)(=O)N[C@H]1C=C[C@@H](CC(=O)N2CCCCC2)O[C@@H]1CO'],,,,,
4590,BRD-K31553917,['17562110'],['CC(C)c1ccc(cc1)n2nnnc2SCc3nc(N)nc(N)n3'],,,,,
4591,BRD-K31556224,['54645942'],['C[C@@H](NC(=O)C[C@@H]1C[C@H]2[C@H](Oc3ccc(NS(=O)(=O)c4ccc(F)cc4)cc23)[C@H](CO)O1)c5ccccc5'],,,,,
4592,BRD-K31558029,['60191201'],['OC[C@@H]1[C@@H]([C@@H]2CN(CC(=O)N12)C(=O)c1cnccn1)c1ccc(\\C=C\\c2ccccc2)cc1'],,,,,
4593,BRD-K31561199,['54638637'],['CC(C)c1cn(CC[C@@H]2CC[C@@H](NC(=O)C3CC3)[C@H](CO)O2)nn1'],,,,,
4594,BRD-K31562577,['44503931'],['C[C@H](CO)N1C[C@@H](C)[C@@H](CN(C)S(=O)(=O)c2ccc(C)cc2)Oc3ccc(cc3CC1=O)N(C)C'],,,,,
4595,BRD-K31566137,['54657671'],['O[C@@H]1COC[C@@H]2O[C@H](CC(=O)N3CCCCC3)CC[C@H]2N(C1)C(=O)c1ccc(F)cc1'],,,,,
4596,BRD-K31569005,['44483910'],['C[C@H](CO)N1C[C@H](C)[C@H](CN(C)C(=O)Nc2ccccc2C(F)(F)F)OCc3cn(CCCC1=O)nn3'],,,,,
4597,BRD-K31593084,['44504018'],['C[C@@H](CO)N1C[C@H](C)[C@@H](CN(C)S(=O)(=O)C)Oc2ccc(NC(=O)Nc3cccc4ccccc34)cc2CC1=O'],,,,,
4598,BRD-K31593641,['60189914'],['COc1ccc2c3c([nH]c2c1)[C@@H](CO)N(C[C@]31CCN(CC1)C(=O)Nc1ccc2OCOc2c1)C(=O)Nc1ccc(F)cc1'],,,,,
4599,BRD-K31600199,['56643194'],['Cc1ccc2nc(NC3=NC4=C(C(=O)CCC4)C4(CCCC4)N3)oc2c1'],,,,,
4600,BRD-K31610599,['54654253'],['CN1[C@@H]2CC[C@@H](CC(=O)Nc3cn(C)nc3C)O[C@H]2COc2ccc(NC(=O)c3cccc(F)c3)cc2C1=O'],,,,,
4601,BRD-K31613395,['54632094'],['CO[C@H]1CN(C)C(=O)c2cc(NC(=O)Nc3cccc(OC)c3)ccc2OC[C@H](C)N(CC2CC2)C[C@H]1C'],,,,,
4602,BRD-K31618614,['54654212'],['CN1[C@@H]2CC[C@@H](CC(=O)NCC3CCCCC3)O[C@@H]2COc2ccc(NC(=O)c3cccc(F)c3)cc2C1=O'],,,,,
4603,BRD-K31633278,['60189773'],['COc1ccc2c3c([nH]c2c1)[C@H](CO)N(Cc1nccs1)C[C@]31CCN(Cc2cccnc2)CC1'],,,,,
4604,BRD-K31635696,['60189832'],['COc1ccc2c3c([C@H](CO)N(C[C@]33CCN(Cc4ccncc4)CC3)C(=O)CN3CCOCC3)n(C)c2c1'],,,,,
4605,BRD-K31641287,['54654047'],['CN1[C@H]2CC[C@H](CC(O)=O)O[C@H]2COc2ccc(NC(=O)c3ccc(Cl)cc3)cc2C1=O'],,,,,
4606,BRD-K31647448,['54651385'],['CCC(=O)N1[C@H](CO)[C@H]([C@@H]1CN(C(C)C)S(C)(=O)=O)c1ccccc1'],,,,,
4607,BRD-K31671785,['54638277'],['Cn1cnc(c1)S(=O)(=O)N[C@@H]1CC[C@H](CC(=O)NCC2CCCCC2)O[C@H]1CO'],,,,,
4608,BRD-K31678340,['54665014'],['Cc1ccc(cc1)S(=O)(=O)N1CC[C@@H]2[C@H]1c1cc(ccc1N[C@@H]2CO)C#Cc1ccc(F)cc1'],,,,,
4609,BRD-K31680744,['54645903'],['OC[C@H]1O[C@H](CC(=O)NCc2cccnc2)C[C@@H]3[C@H]1Oc4ccc(NC(=O)C5CCOCC5)cc34'],,,,,
4610,BRD-K31682048,['54632213'],['CO[C@@H]1CN(C)C(=O)c2ccc(cc2OC[C@H](C)NC[C@H]1C)NS(=O)(=O)c1cccc(Cl)c1'],,,,,
4611,BRD-K31688005,['44488210'],['C[C@@H](CO)N1C[C@@H](C)[C@@H](CN(C)C(=O)CCCN(C)C)OCCCC[C@@H](C)Oc2ccc(NS(=O)(=O)c3cccs3)cc2C1=O'],,,,,
4612,BRD-K31695944,['60187853'],['OC[C@@H]1Nc2ccc(Br)cc2[C@H]2[C@@H]1CCN2C(=O)C1CCCC1'],,,,,
4613,BRD-K31697605,['54615024'],['C[C@@H](CO)N1C[C@H](C)[C@@H](CN(C)S(=O)(=O)c2ccc(Cl)cc2)OCCCC[C@@H](C)Oc3ccc(NC(=O)Nc4c(C)noc4C)cc3C1=O'],,,,,
4614,BRD-K31703908,['54646650'],['C[C@H](NC(=O)C[C@@H]1C[C@H]2[C@H](Oc3ccc(NC(=O)Cc4ccncc4)cc23)[C@H](CO)O1)c5ccccc5'],,,,,
4615,BRD-K31704218,['44505027'],['C[C@@H](CO)N1C[C@@H](C)[C@H](CN(C)Cc2ccc(cc2)c3ccccc3)OCc4cnnn4CCCC1=O'],,,,,
4616,BRD-K31705167,['54638917'],['OC[C@@H]1O[C@@H](CCn2cc(nn2)C2CC2)CC[C@H]1NC(=O)Nc1cc(F)ccc1F'],,,,,
4617,BRD-K31706415,['23748696'],['COc1ccc(cc1)[Si](C)(C)[C@H]2[C@H](C)[C@]3(O[C@@H]2CCn4cc(CCO)nn4)C(=O)N(CC=C)c5ccc(cc53)N6C(=O)c7cccc8cccc6c78'],,,,,
4618,BRD-K31716313,['54631708'],['CO[C@@H]1CN(C)C(=O)c2cc(NC(C)=O)ccc2OC[C@H](C)N(Cc2ccccc2OC)C[C@H]1C'],,,,,
4619,BRD-K31720784,['54660789'],['CCN1[C@@H]2Cn3c(ccc(-c4ccccc4F)c3=O)[C@H]1[C@H]([C@@H]2CO)C(=O)NCc1ccc(F)cc1'],,,,,
4620,BRD-K31746020,['44500181'],['COc1ccc(NC(=O)N(C)C[C@@H]2Oc3c(NC(=O)NC4CCCCC4)cccc3C(=O)N(C[C@@H]2C)[C@@H](C)CO)cc1'],,,,,
4621,BRD-K31749518,['54628093'],['C[C@@H](CO)N1C[C@H](C)[C@H](CN(C)C(=O)C2CCC2)Oc3cc(ccc3S1(=O)=O)C4=CCCCC4'],,,,,
4622,BRD-K31752292,['44485716'],['CC(C)NC(=O)N(C)C[C@H]1Oc2ccc(cc2CC(=O)N(C[C@@H]1C)[C@@H](C)CO)N(C)C'],,,,,
4623,BRD-K31754360,['701150'],['Cc1cc(ccc1F)S(=O)(=O)NCC(=O)O'],,,,,
4624,BRD-K31755488,['44499268'],['C[C@H](CO)N1C[C@H](C)[C@@H](CN(C)Cc2ccc(cc2)c3ccccc3)Oc4c(cccc4C1=O)N(C)C'],,,,,
4625,BRD-K31765411,['54652484'],['COCC(=O)N1[C@H](CO)[C@H]2[C@@H]1CN(C(=O)Nc1cc(F)ccc1F)c1ccccc21'],,,,,
4626,BRD-K31770065,['60190136'],['CCCNC(=O)N1C[C@]2(CCN(CC2)C(=O)Nc2cccc(F)c2)c2c([C@@H]1CO)n(C)c1cc(OC)ccc21'],,,,,
4627,BRD-K31774852,['54639103'],['COc1ccc(NC(=O)N[C@H]2CC[C@@H](CC(=O)NC3CCC3)O[C@H]2CO)cc1'],,,,,
4628,BRD-K31784555,['54638571'],['COc1cccc(c1)S(=O)(=O)N[C@@H]1CC[C@@H](CCN)O[C@@H]1CO'],,,,,
4629,BRD-K31786211,['54618491'],['C[C@H](CO)N1C[C@@H](C)[C@H](CN(C)C(=O)c2ccc3OCOc3c2)Oc4cc(ccc4S1(=O)=O)c5ccccc5'],,,,,
4630,BRD-K31788208,['44486354'],['C[C@H](CO)N1C[C@H](C)[C@@H](CN(C)C(=O)Nc2cccc(Oc3ccccn3)c2)OCc4cn(CCCC1=O)nn4'],,,,,
4631,BRD-K31788299,['44485144'],['C[C@@H](CO)N1C[C@@H](C)[C@H](CN(C)S(=O)(=O)c2c(C)noc2C)OCCCC[C@H](C)Oc3ccc(cc3C1=O)N(C)C'],,,,,
4632,BRD-K31791559,['54654073'],['COc1cccc(c1)C(=O)Nc1ccc2OC[C@H]3O[C@@H](CC(=O)NCC(F)(F)F)CC[C@@H]3N(C)C(=O)c2c1'],,,,,
4633,BRD-K31800869,['60182741'],['CN(C[C@H]1N[C@H](CO)[C@@H]1c1ccc(cc1)-c1cccnc1)C(=O)NC1CCCC1'],,,,,
4634,BRD-K31812348,['54638257'],['OC[C@H]1O[C@H](CC(=O)NCc2ccc3OCOc3c2)C=C[C@H]1NC(=O)Nc1cc(F)ccc1F'],,,,,
4635,BRD-K31812476,['60191654'],['OC[C@H]1[C@@H](c2ccccc2)C2(CN(C2)C(=O)C2CCCCC2)N1C(=O)c1cccnc1'],,,,,
4636,BRD-K31815095,['54654168'],['CNC(=O)C[C@@H]1CC[C@@H]2[C@@H](COc3ccc(NC(=O)c4cc(F)cc(F)c4)cc3C(=O)N2C)O1'],,,,,
4637,BRD-K31822300,['54615090'],['C[C@@H](CO)N1C[C@H](C)[C@@H](CN(C)CC2CC2)OCCCC[C@H](C)Oc3ccc(NC(=O)Nc4c(C)noc4C)cc3C1=O'],,,,,
4638,BRD-K31826120,['44496416'],['CC(C)NC(=O)N(C)C[C@@H]1OCCCC[C@@H](C)Oc2ccc(NC(=O)c3ccccc3)cc2C(=O)N(C[C@@H]1C)[C@@H](C)CO'],,,,,
4639,BRD-K31828306,['60138125'],['CCOC(=O)C1CCN(CC1)C(=O)C(C)(C)NC(=O)Nc1ccc(cc1Cl)C(F)(F)F'],,,,,
4640,BRD-K31829694,['54649367'],['CC(C)(C)[S@@](=O)N1Cc2cc(nc(c2[C@H]1CCO)-c1cccc(c1)-c1cccnc1)C(=O)NCc1ccc2OCOc2c1'],,,,,
4641,BRD-K31830316,['54639134'],['Cc1ccc(cc1)S(=O)(=O)N[C@H]1CC[C@H](CC(=O)N2CCc3ccccc3C2)O[C@@H]1CO'],,,,,
4642,BRD-K31830662,['44492109'],['CC(C)NC(=O)Nc1ccc2O[C@H](C)CCCCO[C@H](CN(C)C(=O)CCCN(C)C)[C@H](C)CN([C@H](C)CO)C(=O)c2c1'],,,,,
4643,BRD-K31841256,['295425'],['Cc1ccc(NC(=O)COc2ccc(Cl)cc2Cl)c(c1)[N+](=O)[O-]'],,,,,
4644,BRD-K31844452,['60189568'],['CCCNC(=O)N1C[C@@H]2[C@H]([C@@H](CO)N2C(=O)C1)c1ccc(cc1)C#CCC1CCCC1'],,,,,
4645,BRD-K31846842,['54631520'],['CO[C@@H]1CN(C)C(=O)c2cc(NC(=O)c3cc(C)on3)ccc2OC[C@@H](C)N(C[C@H]1C)C(=O)Nc1ccccc1OC'],,,,,
4646,BRD-K31851742,['2057146'],['Cc1nn(CCCC(=O)O)c(C)c1[N+](=O)[O-]'],,,,,
4647,BRD-K31856043,['44506216'],['C[C@@H](CO)N1C[C@H](C)[C@H](CN(C)Cc2ccc(Cl)c(Cl)c2)Oc3ccc(NC(=O)CCCCCC(=O)Nc4ccccc4N)cc3C1=O'],,,,,
4648,BRD-K31869770,['54652591'],['OC[C@H]1[C@@H]2[C@@H](CN(C(=O)C3CC3)c3ccccc23)N1C(=O)c1ccccc1'],,,,,
4649,BRD-K31877241,['44490402'],['CC(C)NC(=O)N(C)C[C@@H]1OCCCC[C@@H](C)Oc2ccc(cc2C(=O)N(C[C@H]1C)[C@@H](C)CO)N(C)C'],,,,,
4650,BRD-K31883841,['44495973'],['CC(C)NC(=O)Nc1ccc2O[C@@H](C)CCCCO[C@@H](CN(C)C)[C@@H](C)CN([C@H](C)CO)C(=O)c2c1'],,,,,
4651,BRD-K31887147,['53338829'],['CSc1ccc(cc1)-c1csc(n1)N1CCC(CC1)C(N)=O'],,,,,
4652,BRD-K31898736,['60185004'],['COc1ccccc1NC(=O)N1C[C@H]2N[C@@H](C1)[C@H]2c1ccc(cc1)-c1ccc(cc1)C(=O)N(C)C'],,,,,
4653,BRD-K31900068,['54632023'],['COCC(=O)N1C[C@H](C)[C@H](CN(C)C(=O)c2cc(NC(=O)c3cc(C)on3)ccc2OC[C@H]1C)OC'],,,,,
4654,BRD-K31903015,['54646137'],['COc1ccccc1CNC(=O)C[C@@H]2C[C@@H]3[C@@H](Oc4ccc(NC(=O)c5ccc6OCOc6c5)cc34)[C@H](CO)O2'],,,,,
4655,BRD-K31906558,['54666584'],['CC(C)(O)C#Cc1ccc(cc1)[C@H]1[C@@H](CO)N2CCCCN(C[C@@H]12)S(C)(=O)=O'],,,,,
4656,BRD-K31920348,['54657989'],['CN1CCN(CC1)C(=O)C[C@@H]1CC[C@H]2[C@@H](COC[C@H](O)CN2Cc2cccc(F)c2)O1'],,,,,
4657,BRD-K31928320,['60189913'],['COc1ccc2c3c([nH]c2c1)[C@H](CO)N(C[C@]31CCN(CC1)C(=O)Nc1ccc2OCOc2c1)C(=O)Nc1ccc(F)cc1'],,,,,
4658,BRD-K31931379,['54638799'],['Cc1ccc(cc1)S(=O)(=O)NCC[C@@H]1CC[C@H](NC(=O)CC2CC2)[C@H](CO)O1'],,,,,
4659,BRD-K31931684,['60183177'],['OC[C@H]1[C@@H]([C@H]2CN(CC(=O)N12)C(=O)c1cccnc1)c1ccc(cc1)C#CCC1CCCC1'],,,,,
4660,BRD-K31933349,['54637958'],['C[C@H](CO)N1C[C@@H](C)[C@@H](CN(C)C(=O)c2c(C)noc2C)OCc3ccccc3-c4c(C1=O)n(C)c5ccccc45'],,,,,
4661,BRD-K31949858,['54652684'],['OC[C@@H]1[C@H]2[C@H](CN(C(=O)C3CCOCC3)c3ccccc23)N1C(=O)Cc1ccccc1'],,,,,
4662,BRD-K31955163,['54618554'],['C[C@@H](CO)N1C[C@@H](C)[C@H](CN(C)CC2CCOCC2)Oc3cc(ccc3S1(=O)=O)c4cccnc4'],,,,,
4663,BRD-K31969867,['60189653'],['CCC(=O)N1[C@H](CO)[C@H](c2ccccc2)C11CN(C1)C(=O)c1ccc2OCOc2c1'],,,,,
4664,BRD-K31970894,['54650134'],['OC[C@@H]1[C@@H]([C@H](C#N)N1C(=O)Cc1ccncc1)c1ccc(cc1)C1=CCCCC1'],,,,,
4665,BRD-K31975688,['54637725'],['C[C@@H](CO)N1C[C@@H](C)[C@@H](CN(C)C(=O)Nc2ccc(F)cc2)OCc3ccccc3-c4ccccc4C1=O'],,,,,
4666,BRD-K31998493,['54615067'],['C[C@H](CO)N1C[C@H](C)[C@H](CN(C)CC2CC2)OCCCC[C@H](C)Oc3ccc(NC(=O)Nc4ccc5OCOc5c4)cc3C1=O'],,,,,
4667,BRD-K31999759,['54615111'],['C[C@H](CO)N1C[C@@H](C)[C@H](CN(C)Cc2ccc(cc2)C(F)(F)F)OCCCC[C@@H](C)Oc3ccc(NS(=O)(=O)c4c(C)noc4C)cc3C1=O'],,,,,
4668,BRD-K32014638,['60190029'],['COc1ccc2c3c([nH]c2c1)[C@H](CO)N(C[C@]31CCN(CC1)S(C)(=O)=O)C(=O)C1CCOCC1'],,,,,
4669,BRD-K32015301,['44493879'],['COc1ccc(CN(C)C[C@@H]2Oc3ccc(NC(=O)Cn4cnnn4)cc3C(=O)N(C[C@@H]2C)[C@@H](C)CO)cc1'],,,,,
4670,BRD-K32021722,['44483763'],['C[C@H](CO)N1C[C@@H](C)[C@H](CN(C)Cc2ccc(cc2)C(=O)O)Oc3c(NC(=O)NC4CCCCC4)cccc3C1=O'],,,,,
4671,BRD-K32027259,['54660896'],['CCCN1[C@@H]([C@@H](CO)[C@@H]2Cn3c(ccc(-c4ccccc4OC)c3=O)[C@H]12)C(=O)Nc1nccs1'],,,,,
4672,BRD-K32030161,['54661366'],['CN1[C@H]2Cn3c(ccc(-c4ccccc4)c3=O)[C@@H]1[C@@H]([C@H]2CO)C(=O)NCC1CCCCC1'],,,,,
4673,BRD-K32049912,['54638714'],['CCC(=O)N[C@H]1CC[C@@H](CC(=O)NCc2ccccc2F)O[C@@H]1CO'],,,,,
4674,BRD-K32051704,['54618516'],['C[C@@H](CO)N1C[C@@H](C)[C@@H](CN(C)C(=O)Nc2ccc(F)cc2)Oc3cc(ccc3S1(=O)=O)c4ccccc4C'],,,,,
4675,BRD-K32053117,['54654072'],['COC(=O)C[C@H]1CC[C@@H]2[C@H](COc3ccc(NS(=O)(=O)c4ccc(F)cc4)cc3C(=O)N2C)O1'],,,,,
4676,BRD-K32053286,['60184849'],['CN(C)C(=O)c1cccc(c1)-c1ccc(cc1)[C@@H]1[C@@H]2CNC[C@H]1N2Cc1cccnc1'],,,,,
4677,BRD-K32066855,['60189933'],['CC(C)NC(=O)N1CC2(C1)[C@@H]([C@H](CO)N2C(C)=O)c1ccc(cc1)C1=CCCC1'],,,,,
4678,BRD-K32068846,['54638984'],['OC[C@@H]1O[C@H](CC(=O)NCCN2CCCC2)CC[C@@H]1NC(=O)c1cccc(F)c1'],,,,,
4679,BRD-K32069250,['54620419'],['C[C@@H](CO)N1C[C@H](C)[C@H](CN(C)Cc2cccnc2)Oc3cc(ccc3S1(=O)=O)C4=CCCCC4'],,,,,
4680,BRD-K32083350,['54661440'],['CCCN1[C@@H]2Cn3c(ccc(\\C=C\\c4ccccc4)c3=O)[C@H]1[C@H]([C@@H]2CO)C(=O)NCC'],,,,,
4681,BRD-K32088574,['54666549'],['COc1ccc(NC(=O)N2CCCCN3[C@H](CO)[C@@H]([C@@H]3C2)c2ccc(cc2)-c2ccccc2F)cc1'],,,,,
4682,BRD-K32099399,['46903353'],['C[C@@H](CO)N1C[C@@H](C)[C@H](CN(C)C(=O)Nc2ccc(cc2)C(F)(F)F)Oc3cc(Br)ccc3S1(=O)=O'],,,,,
4683,BRD-K32100931,['54652574'],['OC[C@@H]1[C@H]2[C@H](CNc3ccccc23)N1Cc1ccccc1Cl'],,,,,
4684,BRD-K32101742,['44487561'],['C[C@@H](CO)N1C[C@@H](C)[C@H](CN(C)C(=O)Nc2cccc3ccccc23)OCCCC[C@@H](C)Oc4ccc(NC(=O)c5ccncc5)cc4C1=O'],,,,,
4685,BRD-K32106123,['54661147'],['CCCNC(=O)[C@@H]1[C@@H](CO)[C@@H]2Cn3c(ccc(-c4cncnc4)c3=O)[C@H]1N2C(=O)Nc1ccccc1'],,,,,
4686,BRD-K32111336,['1135867'],['Cc1cc2cc3OCCOc3cc2n2c(SCC(=O)Nc3nc(cs3)-c3ccccc3)nnc12'],,,,,
4687,BRD-K32112425,['49835842'],['COC(=O)Cn1nc(-c2ccccc2)c2cccc(c12)C(F)(F)F'],,,,,
4688,BRD-K32128027,['54660925'],['COC(=O)[C@@H]1[C@@H](CO)[C@@H]2Cn3c(ccc(C4=CCCCC4)c3=O)[C@@H]2N1Cc1ccc2OCOc2c1'],,,,,
4689,BRD-K32132269,['24747152'],['COc1c(O)cccc1[C@@H](O)C2CCN(CCc3ccc(F)cc3)CC2'],,,,,
4690,BRD-K32159948,['54651309'],['CN(C[C@H]1[C@@H]([C@@H](CO)N1C(=O)C1CCC1)c1ccccc1)C(=O)c1ccccn1'],,,,,
4691,BRD-K32162364,['44488171'],['COc1ccccc1CN(C)C[C@@H]2OCc3cnnn3CCCC(=O)N(C[C@H]2C)[C@H](C)CO'],,,,,
4692,BRD-K32162676,['54652421'],['OC[C@@H]1[C@H]2[C@H](CN(C(=O)c3cccc(F)c3)c3ccccc23)N1Cc1cocn1'],,,,,
4693,BRD-K32183200,['54660775'],['OC[C@@H]1[C@H]2Cn3c(cccc3=O)[C@@H]([C@H]1C(=O)NCc1ccc(F)cc1)N2C(=O)Cc1ccccn1'],,,,,
4694,BRD-K32185509,['54660723'],['CCCNC(=O)N1[C@H]2Cn3c(cccc3=O)[C@@H]1[C@@H]([C@H]2CO)C(=O)N1CCC(Cc2ccccc2)CC1'],,,,,
4695,BRD-K32188552,['1969'],['CC(C)(C(N)=N)\\N=N\\C(C)(C)C(N)=N'],,,,,
4696,BRD-K32197572,['60189754'],['CCCNC(=O)N1C[C@@]2(C1)CN([C@H](CO)c1[nH]c3cc(OC)ccc3c21)C(=O)c1ccccc1'],,,,,
4697,BRD-K32209551,['54631617'],['CO[C@H]1CN(C)C(=O)c2cc(NC(=O)c3cc(C)on3)ccc2OC[C@H](C)N(CC2CC2)C[C@@H]1C'],,,,,
4698,BRD-K32231531,['56835218'],['C[C@@H](CO)N1C[C@H](C)[C@H](CN(C)Cc2cccc3OCCCOc23)OCc4ccccc4-c5ccccc5C1=O'],,,,,
4699,BRD-K32233845,['54638392'],['COc1ccccc1S(=O)(=O)N[C@H]1CC[C@@H](CCNC(=O)C2CCOCC2)O[C@@H]1CO'],,,,,
4700,BRD-K32234234,['54645901'],['OC[C@H]1O[C@@H](CC(=O)NCc2cccnc2)C[C@@H]3[C@H]1Oc4ccc(NC(=O)C5CCOCC5)cc34'],,,,,
4701,BRD-K32238524,['44537767'],['C[C@@H](CO)N1C[C@@H](C)[C@H](CN(C)S(=O)(=O)c2ccc(F)cc2)Oc3ccc(NC(=O)Nc4ccc(cc4)C(F)(F)F)cc3CC1=O'],,,,,
4702,BRD-K32240700,['54646742'],['OC[C@H]1O[C@@H](CC(=O)NCCc2ccccc2)C[C@@H]3[C@H]1Oc4ccc(NC(=O)c5ccc6OCOc6c5)cc34'],,,,,
4703,BRD-K32253397,['60184953'],['COc1ccc2c3c([nH]c2c1)[C@H](CO)N(C[C@]31CN(Cc2cc(on2)-c2ccccc2)C1)C(=O)Nc1ccc(F)cc1'],,,,,
4704,BRD-K32271530,['54618555'],['C[C@@H](CO)N1C[C@@H](C)[C@@H](CN(C)C(=O)c2ccncc2)Oc3ncc(cc3C1=O)c4ccc(cc4)C(=O)N(C)C'],,,,,
4705,BRD-K32272500,['54664892'],['COc1ccccc1-c1ccc2N[C@@H](CO)[C@@H]3CCN([C@@H]3c2c1)S(=O)(=O)c1cccc(F)c1'],,,,,
4706,BRD-K32294814,['44486966'],['C[C@H](CO)N1C[C@@H](C)[C@H](CN(C)C(=O)Nc2ccc(cc2)N3CCN(C)CC3)OCc4cnnn4CCCC1=O'],,,,,
4707,BRD-K32297746,['54620918'],['C/C=C/c1ccc2c(O[C@H](CN(C)Cc3ccccc3F)[C@H](C)CN([C@H](C)CO)S2(=O)=O)c1'],,,,,
4708,BRD-K32301393,['54651355'],['CC(=O)N1[C@@H](CO)[C@@H]([C@@H]1CNC(=O)CN1CCOCC1)c1ccccc1'],,,,,
4709,BRD-K32310489,['54649382'],['COc1ccccc1-c1cccc(c1)-c1nc(cc2CN([C@H](CCO)c12)[S@](=O)C(C)(C)C)C(=O)NCc1ccncc1'],,,,,
4710,BRD-K32320888,['44503848'],['C[C@H](CO)N1C[C@H](C)[C@H](CN(C)CC2CCCCC2)OCCCC[C@@H](C)Oc3ccc(NC(=O)c4ccncc4)cc3C1=O'],,,,,
4711,BRD-K32321439,['2207955'],['COc1ccc(Cl)cc1NC(=O)CSc2nnc(c3cc4cc(Br)ccc4o3)n2C'],,,,,
4712,BRD-K32323656,['54638281'],['C[C@@H](NC(=O)C[C@H]1O[C@H](CO)[C@H](NC(=O)Cc2ccccn2)C=C1)c1ccccc1'],,,,,
4713,BRD-K32324469,['54631378'],['COCC(=O)Nc1ccc2c(OC[C@H](C)N(Cc3cccc(F)c3)C[C@@H](C)[C@H](CN(C)C2=O)OC)c1'],,,,,
4714,BRD-K32326107,['54637666'],['CO[C@@H](C(=O)N(C)C[C@@H]1OCc2ccccc2-c3c(C(=O)N(C[C@@H]1C)[C@H](C)CO)n(C)c4ccccc34)c5ccccc5'],,,,,
4715,BRD-K32330804,['54657525'],['O[C@@H]1COC[C@H]2O[C@H](CC(=O)N3CCN(CC3)c3ccccc3)CC[C@@H]2N(C1)C(=O)c1cnccn1'],,,,,
4716,BRD-K32345392,['54658037'],['O[C@@H]1CN[C@H]2CC[C@H](CC(=O)NC3Cc4ccccc4C3)O[C@@H]2COC1'],,,,,
4717,BRD-K32350897,['54638811'],['COCC(=O)N[C@H]1C=C[C@@H](O[C@H]1CO)CC(=O)NCc1ccc(Cl)cc1'],,,,,
4718,BRD-K32354807,['54651220'],['CCN(C[C@H]1[C@@H]([C@@H](CO)N1S(C)(=O)=O)c1ccccc1)C(=O)C1CC1'],,,,,
4719,BRD-K32367664,['60191233'],['CCCC#Cc1ccc(cc1)[C@H]1[C@@H](CO)N2[C@H]1CN(CC2=O)C(=O)Nc1cccc(F)c1'],,,,,
4720,BRD-K32381042,['54646690'],['OC[C@H]1O[C@H](CC(=O)NCc2ccc(Cl)cc2)C[C@H]3[C@@H]1Oc4ccc(NC(=O)Nc5ccc(cc5)C(F)(F)F)cc34'],,,,,
4721,BRD-K32388810,['54654111'],['CN1[C@@H]2CC[C@@H](CC(=O)NCc3ccccc3F)O[C@H]2COc2ccc(NC(=O)C3CCCCC3)cc2C1=O'],,,,,
4722,BRD-K32389477,['44619439'],['C[C@@H](CO)N1C[C@@H](C)[C@H](CN(C)Cc2ccc(cc2)C(F)(F)F)OCCCC[C@H](C)Oc3ccc(NS(=O)(=O)c4c(C)noc4C)cc3C1=O'],,,,,
4723,BRD-K32407455,['54652411'],['OC[C@@H]1[C@H]2[C@H](CN(c3ccccc23)S(=O)(=O)c2ccc(F)cc2)N1Cc1ccc2OCOc2c1'],,,,,
4724,BRD-K32431994,['44489352'],['C[C@H](CO)N1C[C@H](C)[C@@H](CN(C)Cc2ccc(cc2)C(F)(F)F)Oc3ccc(NC(=O)CCN4CCOCC4)cc3C1=O'],,,,,
4725,BRD-K32436461,['54661016'],['OC[C@H]1[C@@H]2Cn3c(ccc(C4=CCCCC4)c3=O)[C@@H]2N(Cc2cocn2)[C@@H]1C(=O)Nc1ccccc1'],,,,,
4726,BRD-K32444480,['54615123'],['C[C@H](CO)N1C[C@H](C)[C@H](CN(C)C(=O)CCC(F)(F)F)OCCCC[C@H](C)Oc2ccc(NS(=O)(=O)c3ccc(Cl)cc3)cc2C1=O'],,,,,
4727,BRD-K32453902,['54639001'],['COc1ccccc1S(=O)(=O)N[C@H]1CC[C@H](CCn2cc(nn2)C2CCCCC2)O[C@@H]1CO'],,,,,
4728,BRD-K32460251,['54651442'],['CCN(C[C@@H]1N[C@H](CO)[C@H]1c1ccc(cc1)-c1ccc(F)cc1)C(=O)COC'],,,,,
4729,BRD-K32480492,['54646400'],['OC[C@@H]1O[C@@H](CC(=O)NCCc2ccccc2)C[C@H]3[C@@H]1Oc4ccc(NC(=O)C5CCC5)cc34'],,,,,
4730,BRD-K32485462,['44499001'],['C[C@H](CO)N1C[C@@H](C)[C@@H](CN(C)Cc2ccc(Oc3ccccc3)cc2)Oc4c(NC(=O)c5ccc(cc5)c6nccs6)cccc4C1=O'],,,,,
4731,BRD-K32503834,['54661053'],['COc1cccc(c1)-c1ccc2[C@H]3[C@H]([C@H](CO)[C@@H](Cn2c1=O)N3S(C)(=O)=O)C(=O)NCC1CC1'],,,,,
4732,BRD-K32516224,['54651228'],['CCN(C[C@H]1N[C@H](CO)[C@H]1c1ccccc1)C(=O)c1ccncc1'],,,,,
4733,BRD-K32519217,['54638546'],['OC[C@H]1O[C@H](CCNS(=O)(=O)c2cccc(Cl)c2)CC[C@H]1NC(=O)Nc1cccc(F)c1'],,,,,
4734,BRD-K32532498,['54637889'],['C[C@H](CO)N1C[C@H](C)[C@@H](CN(C)S(=O)(=O)C)OCc2ccccc2-c3ccccc3C1=O'],,,,,
4735,BRD-K32550888,['54651245'],['CCN(C[C@H]1[C@@H]([C@H](CO)N1C(C)=O)c1ccc(cc1)-c1cccnc1)C(C)=O'],,,,,
4736,BRD-K32568627,['44484267'],['C[C@@H](CO)N1C[C@H](C)[C@H](CN(C)Cc2ccc3OCOc3c2)Oc4ccc(NC(=O)Cc5cn(C)c6ccccc56)cc4C1=O'],,,,,
4737,BRD-K32580836,['44142119'],['FC(F)(F)c1ccc(Cl)c(NC(=O)COC(=O)CNC(=O)c2ccccc2Cl)c1'],,,,,
4738,BRD-K32581454,['54657690'],['O[C@H]1COC[C@H]2O[C@@H](CC(=O)N3CCc4ccccc4C3)CC[C@@H]2N(Cc2ccc(Oc3ccccc3)cc2)C1'],,,,,
4739,BRD-K32582686,['44488207'],['C[C@@H](CO)N1C[C@@H](C)[C@@H](CN(C)C(=O)Nc2ccc(F)cc2)OCCCC[C@@H](C)Oc3ccc(NS(=O)(=O)c4ccccc4)cc3C1=O'],,,,,
4740,BRD-K32585359,['44618988'],['C[C@@H](CO)N1C[C@@H](C)[C@H](CN(C)CC2CCCCC2)Oc3ccc(NC(=O)Nc4cccc5ccccc45)cc3CC1=O'],,,,,
4741,BRD-K32593492,['44619177'],['C[C@H](CO)N1C[C@H](C)[C@@H](CN(C)Cc2ccc(cc2)C(F)(F)F)OCCCC[C@H](C)Oc3ccc(NC(=O)c4ccncc4)cc3C1=O'],,,,,
4742,BRD-K32598858,['1639'],['Nc1nc[nH]n1'],,,,,
4743,BRD-K32602441,['54631468'],['CO[C@H]1CN(C)C(=O)c2ccc(NC(=O)NC(C)C)cc2OC[C@@H](C)N(C)C[C@H]1C'],,,,,
4744,BRD-K32605311,['44617432'],['C[C@H](CO)N1C[C@H](C)[C@@H](CN(C)Cc2ccc(Cl)c(Cl)c2)OCCCC[C@H](C)Oc3ccc(NC(=O)C4CCCCC4)cc3C1=O'],,,,,
4745,BRD-K32605960,['60185281'],['O=C(N1C[C@H]2N[C@@H](C1)[C@H]2c1ccc(\\C=C\\c2ccccc2)cc1)c1cnccn1'],,,,,
4746,BRD-K32628102,['54647052'],['OC[C@@H]1O[C@H](CC(=O)NCc2cc(F)ccc2F)C[C@@H]3[C@H]1Oc4ccc(NC(=O)Nc5ccccc5F)cc34'],,,,,
4747,BRD-K32629755,['54631362'],['CO[C@@H]1CN(C)C(=O)c2ccc(NC(C)=O)cc2OC[C@@H](C)N(Cc2cncnc2)C[C@@H]1C'],,,,,
4748,BRD-K32631210,['60185285'],['COc1cccc(c1)S(=O)(=O)N1C[C@]2(CCN(C)CC2)c2c([nH]c3cc(OC)ccc23)[C@@H]1CO'],,,,,
4749,BRD-K32636001,['9581015'],['COC(=O)c1cnn(c1C=NN=C(S)Nc1ccccc1)-c1ccc(Cl)cc1'],,,,,
4750,BRD-K32636206,['54631879'],['CCCNC(=O)Nc1ccc2c(OC[C@@H](C)N(Cc3cccnc3)C[C@@H](C)[C@@H](CN(C)C2=O)OC)c1'],,,,,
4751,BRD-K32644160,['1090779'],['N(c1nnc(s1)c2ccncc2)c3cccc4ccccc34'],,,,,
4752,BRD-K32652655,['54653991'],['CN1[C@H]2CC[C@@H](CC(=O)NCc3ccc(Cl)c(Cl)c3)O[C@@H]2COc2ccc(NC(=O)c3cscn3)cc2C1=O'],,,,,
4753,BRD-K32654925,['54631588'],['CO[C@H]1CN(C)C(=O)c2cc(NC(=O)c3ccc(F)cc3)ccc2OC[C@@H](C)N(Cc2cocn2)C[C@@H]1C'],,,,,
4754,BRD-K32655366,['54658091'],['O[C@@H]1COC[C@H]2O[C@@H](CC(=O)N3CCCCC3)CC[C@@H]2N(Cc2ccc3OCOc3c2)C1'],,,,,
4755,BRD-K32656671,['22416235'],['Fc1ccc2sn(c3ccccc3)c(=O)c2c1'],,,,,
4756,BRD-K32657617,['54664894'],['OC[C@@H]1Nc2ccc(cc2[C@H]2[C@@H]1CCN2C(=O)Cc1ccccn1)-c1cccc(F)c1'],,,,,
4757,BRD-K32665240,['54631747'],['CCC(=O)Nc1ccc2OC[C@@H](C)N(Cc3ccncc3)C[C@H](C)[C@H](CN(C)C(=O)c2c1)OC'],,,,,
4758,BRD-K32670473,['44488053'],['C[C@H](CO)N1C[C@H](C)[C@H](CN(C)Cc2ccncc2)Oc3c(NC(=O)Nc4c(C)noc4C)cccc3C1=O'],,,,,
4759,BRD-K32681593,['54645819'],['OC[C@H]1O[C@H](CC(=O)NCCN2CCCCC2)C[C@@H]3[C@H]1Oc4ccc(NC(=O)C5CCOCC5)cc34'],,,,,
4760,BRD-K32718105,['54651409'],['CN(C[C@H]1[C@@H]([C@@H](CO)N1C(=O)c1ccccc1)c1ccccc1)C(=O)C1CCC1'],,,,,
4761,BRD-K32735617,['54654096'],['COCCNC(=O)C[C@H]1CC[C@H]2[C@H](COc3ccc(NC(=O)Cc4ccccc4)cc3C(=O)N2C)O1'],,,,,
4762,BRD-K32755775,['54654594'],['CN1[C@@H]2CC[C@H](CC(=O)NCc3ccc4OCOc4c3)O[C@@H]2COc2ccc(NC(=O)C3CCOCC3)cc2C1=O'],,,,,
4763,BRD-K32759520,['54660933'],['OC[C@@H]1[C@H]2Cn3c(ccc(-c4cncnc4)c3=O)[C@H](N2)[C@H]1C(=O)NCC1CCCCC1'],,,,,
4764,BRD-K32761691,['54654715'],['COc1cccc(c1)S(=O)(=O)Nc1ccc2OC[C@@H]3O[C@H](CC(=O)NCC4CCCCC4)CC[C@H]3N(C)C(=O)c2c1'],,,,,
4765,BRD-K32782699,['54646177'],['OC[C@@H]1O[C@@H](CC(=O)NCC(F)(F)F)C[C@H]2[C@@H]1Oc3ccc(NC(=O)C4CCOCC4)cc23'],,,,,
4766,BRD-K32784186,['54654125'],['CN1[C@@H]2CC[C@@H](CC(=O)NCCc3ccncc3)O[C@H]2COc2ccc(NS(=O)(=O)c3ccc(C)cc3)cc2C1=O'],,,,,
4767,BRD-K32796290,['54618458'],['C[C@@H](CO)N1C[C@@H](C)[C@@H](CN(C)C(=O)C2CCCCC2)Oc3cc(C#CCN(C)C)ccc3S1(=O)=O'],,,,,
4768,BRD-K32799329,['54646286'],['OC[C@H]1O[C@@H](CC(=O)NC2CCCCC2)C[C@@H]3[C@H]1Oc4ccc(NC(=O)Nc5ccccc5F)cc34'],,,,,
4769,BRD-K32803351,['54654406'],['CN1[C@H]2CC[C@H](CC(=O)Nc3ccc4CCCc4c3)O[C@@H]2COc2ccc(NC(=O)Nc3cccc(c3)C#N)cc2C1=O'],,,,,
4770,BRD-K32809121,['54631417'],['CO[C@H]1CN(C)C(=O)c2ccc(NC(=O)Nc3cc(F)ccc3F)cc2OC[C@H](C)N(C[C@@H]1C)C(=O)c1cnccn1'],,,,,
4771,BRD-K32827536,['17253222'],['COc1ccc(Cl)cc1NC(=O)c1cc(on1)C1CC1'],,,,,
4772,BRD-K32827537,['54638007'],['C[C@H](CO)N1C[C@@H](C)[C@@H](CN(C)C(=O)C2CC2)OCc3ccccc3-c4c(C1=O)n(C)c5ccccc45'],,,,,
4773,BRD-K32833573,['54637871'],['C[C@H](CO)N1C[C@H](C)[C@H](CN(C)C(=O)Nc2c(C)noc2C)OCc3ccccc3-c4ccccc4C1=O'],,,,,
4774,BRD-K32853132,['60184834'],['Fc1ccc(cc1)S(=O)(=O)N1C[C@H]2N[C@@H](C1)[C@@H]2c1ccc(cc1)-c1ccc(cc1)C#N'],,,,,
4775,BRD-K32857328,['60190126'],['COc1ccc2c3c([nH]c2c1)[C@H](CO)N(C)C[C@]31CCN(CC1)C(=O)CN(C)C'],,,,,
4776,BRD-K32859585,['54651351'],['COCC(=O)N1[C@@H](CO)[C@H]([C@@H]1CNC(=O)c1ccccn1)c1ccccc1'],,,,,
4777,BRD-K32862555,['1580719'],['Clc1ccc(cc1)c2nc(C#N)c(NCC=C)o2'],,,,,
4778,BRD-K32864614,['56835434'],['C[C@@H](CO)N1C[C@H](C)[C@H](CN(C)C(=O)C2CC2)OCc3ccccc3-c4ccccc4C1=O'],,,,,
4779,BRD-K32882027,['54657851'],['COc1ccc(cc1)S(=O)(=O)N1C[C@@H](O)COC[C@H]2O[C@@H](CC(=O)N[C@H]3CCN(Cc4ccccc4)C3)CC[C@H]12'],,,,,
4780,BRD-K32885145,['54615022'],['C[C@H](CO)N1C[C@@H](C)[C@@H](CN(C)S(=O)(=O)c2ccc(Cl)cc2)OCCCC[C@H](C)Oc3ccc(NC(=O)Nc4c(C)noc4C)cc3C1=O'],,,,,
4781,BRD-K32889681,['54645838'],['COc1ccc(CNC(=O)C[C@@H]2C[C@H]3[C@H](Oc4ccc(NC(=O)C5CCC5)cc34)[C@@H](CO)O2)cc1'],,,,,
4782,BRD-K32893176,['60189993'],['COc1ccc2c3c([nH]c2c1)[C@@H](CO)N(C[C@]31CCN(CC1)C(=O)C1CCC1)C(=O)c1ccncc1'],,,,,
4783,BRD-K32896438,['6729593'],['COC(=O)C(CC#Cc1ccc2NC(=O)[C@]3([C@@H]([C@@H]4N([C@@H]3c5ccccc5OCCO)[C@H]([C@H](OC4=O)c6ccccc6)c7ccccc7)C(=O)NC[C@H](O)c8ccccc8)c2c1)C(=O)OC'],,,,,
4784,BRD-K32897268,['54657786'],['COCCNC(=O)C[C@H]1CC[C@@H]2[C@H](COC[C@H](O)CN2C(=O)c2cc(Cl)cc(Cl)c2)O1'],,,,,
4785,BRD-K32910761,['54660906'],['CN1[C@@H]2Cn3c(ccc(-c4cccc(F)c4)c3=O)[C@H]1[C@H]([C@@H]2CO)C(=O)Nc1nccs1'],,,,,
4786,BRD-K32916048,['54631988'],['CO[C@H]1CN(C)C(=O)c2cc(NC(=O)C3CCCCC3)ccc2OC[C@@H](C)NC[C@H]1C'],,,,,
4787,BRD-K32927008,['1329190'],['COc1ccc(cc1)c2nnc(SCC(=O)Nc3cccc(c3)C(F)(F)F)n2c4ccccc4'],,,,,
4788,BRD-K32931486,['54657660'],['COc1ccccc1CNC(=O)C[C@H]1CC[C@H]2[C@@H](COC[C@H](O)CN2C(=O)Nc2ccc(F)cc2)O1'],,,,,
4789,BRD-K32944375,['60138099'],['CC(C)N1CCc2c(C1)sc(NC(C)=O)c2-c1nc(cs1)-c1ccccc1'],,,,,
4790,BRD-K32949592,['1304413'],['O=C(CS(=O)(=O)c1ccc2ccccc2c1)c3cc4ccccc4oc3=O'],,,,,
4791,BRD-K32968870,['44620106'],['CC(C)NC(=O)Nc1ccc2O[C@H](CN(C)S(=O)(=O)c3ccccc3)[C@@H](C)CN([C@H](C)CO)C(=O)Cc2c1'],,,,,
4792,BRD-K32972218,['54638918'],['OC[C@H]1O[C@@H](CCn2cc(nn2)C2CC2)CC[C@@H]1NC(=O)Nc1cc(F)ccc1F'],,,,,
4793,BRD-K32986110,['54649999'],['COc1cccc(c1)C#Cc1ccc(cc1)[C@H]1[C@H](CO)N([C@@H]1C#N)C(=O)c1ccccn1'],,,,,
4794,BRD-K32992890,['54631567'],['CO[C@H]1CN(C)C(=O)c2ccc(NC(=O)Nc3cccc(F)c3)cc2OC[C@@H](C)N(C[C@@H]1C)C(C)=O'],,,,,
4795,BRD-K33005877,['44501523'],['C[C@H](CO)N1C[C@H](C)[C@H](CN(C)CC2CC2)OCCCC[C@@H](C)Oc3ccc(NC(=O)c4ccccc4)cc3C1=O'],,,,,
4796,BRD-K33012050,['54638681'],['CCCNC(=O)N[C@@H]1C=C[C@H](CC(=O)NCCc2ccccc2)O[C@H]1CO'],,,,,
4797,BRD-K33013391,['54649371'],['C\\C=C\\c1cccc(c1)-c1nc(cc2CN([C@@H](CCO)c12)[S@@](=O)C(C)(C)C)C(=O)NCc1ccccn1'],,,,,
4798,BRD-K33038714,['54638522'],['CN(C)CCCNC(=O)C[C@H]1CC[C@H](NS(=O)(=O)c2ccc(C)cc2)[C@@H](CO)O1'],,,,,
4799,BRD-K33044853,['56835258'],['CC(C)COC(=O)N(C)C[C@@H]1OCc2ccccc2-c3c(C(=O)N(C[C@H]1C)[C@@H](C)CO)n(C)c4ccccc34'],,,,,
4800,BRD-K33045404,['44506685'],['C[C@H](CO)N1C[C@H](C)[C@@H](CN(C)Cc2ccc(cc2)C(=O)Nc3ccccc3N)Oc4c(NC(=O)Nc5ccccc5)cccc4C1=O'],,,,,
4801,BRD-K33054146,['54637732'],['C[C@H](CO)N1C[C@H](C)[C@H](CN(C)C(=O)Nc2ccc3OCOc3c2)OCc4ccccc4-c5c(C1=O)n(C)c6ccccc56'],,,,,
4802,BRD-K33056518,['54664859'],['OC[C@@H]1Nc2ccc(cc2[C@H]2[C@@H]1CCN2S(=O)(=O)c1ccc(F)cc1)-c1cccc(c1)C#N'],,,,,
4803,BRD-K33057338,['54646057'],['COCC(=O)Nc1ccc2O[C@H]3[C@H](C[C@@H](CC(=O)N[C@@H](C)c4ccccc4)O[C@@H]3CO)c2c1'],,,,,
4804,BRD-K33064169,['54661260'],['OC[C@@H]1[C@H]2Cn3c(ccc(C4=CCCCC4)c3=O)[C@H]2N[C@H]1C(=O)N1CCC(Cc2ccccc2)CC1'],,,,,
4805,BRD-K33065959,['54646262'],['OC[C@@H]1O[C@H](CC(=O)NCCN2CCCCC2)C[C@@H]3[C@H]1Oc4ccc(NC(=O)Nc5ccccc5)cc34'],,,,,
4806,BRD-K33066317,['54651441'],['CCN(C[C@H]1N[C@H](CO)[C@@H]1c1ccc(cc1)-c1ccc(F)cc1)C(=O)COC'],,,,,
4807,BRD-K33071234,['54654444'],['COC(=O)C[C@H]1CC[C@H]2[C@H](COc3ccc(NS(=O)(=O)c4ccccc4Cl)cc3C(=O)N2C)O1'],,,,,
4808,BRD-K33116223,['44491953'],['COc1ccc(cc1)S(=O)(=O)N(C)C[C@H]2Oc3c(NC(=O)Nc4cccc5ccccc45)cccc3C(=O)N(C[C@H]2C)[C@H](C)CO'],,,,,
4809,BRD-K33116513,['54637730'],['COc1ccccc1NC(=O)N(C)C[C@H]2OCc3ccccc3-c4ccccc4C(=O)N(C[C@H]2C)[C@H](C)CO'],,,,,
4810,BRD-K33130522,['54638596'],['Cc1cccc(c1)S(=O)(=O)N[C@H]1CC[C@H](CCNC(=O)c2cnccn2)O[C@H]1CO'],,,,,
4811,BRD-K33148516,['54618473'],['CCCC#Cc1ccc2c(O[C@@H](CN(C)C(=O)Nc3ccccc3F)[C@@H](C)CN([C@H](C)CO)S2(=O)=O)c1'],,,,,
4812,BRD-K33159591,['44142112'],['Cc1ccc(Cl)c(Cn2cnc3n(ncc3c2=O)C(C)(C)C)c1F'],,,,,
4813,BRD-K33164466,['23919109'],['OCCCOc1ccc(cc1)C2=N[C@](CCS(=O)(=O)c3ccccc3)(CO2)C(=O)N4CCOCC4'],,,,,
4814,BRD-K33165698,['54630847'],['C[C@@H](CO)N1C[C@@H](C)[C@@H](CN(C)C(=O)c2ccc3OCOc3c2)Oc4ncc(cc4C1=O)C5=CCCCC5'],,,,,
4815,BRD-K33171119,['54665089'],['OC[C@@H]1Nc2ccc(cc2[C@@H]2[C@H]1CCN2C(=O)c1cnccn1)-c1ccccc1F'],,,,,
4816,BRD-K33182644,['3238944'],['Cc1cccc(Nc2nn3c(=O)c4ccccc4nc3s2)c1'],,,,,
4817,BRD-K33215066,['44486406'],['CC(C)NC(=O)N(C)C[C@H]1OCCCC[C@@H](C)Oc2ccc(NC(=O)CCCN(C)C)cc2C(=O)N(C[C@H]1C)[C@@H](C)CO'],,,,,
4818,BRD-K33217566,['54650013'],['OC[C@H]1N[C@@H](C#N)[C@H]1c1ccc(cc1)-c1cccc(F)c1'],,,,,
4819,BRD-K33218708,['54619037'],['CNC[C@@H]1Oc2cc(C#Cc3ccccc3F)ccc2S(=O)(=O)N(C[C@H]1C)[C@H](C)CO'],,,,,
4820,BRD-K33226370,['54652630'],['COc1ccccc1C(=O)N1C[C@@H]2[C@@H]([C@@H](CO)N2C(=O)Nc2ccccc2)c2ccccc12'],,,,,
4821,BRD-K33230547,['60189940'],['OC[C@H]1[C@@H](c2ccccc2)C2(CN(C2)C(=O)Nc2ccccc2F)N1C(=O)CC1CC1'],,,,,
4822,BRD-K33235400,['8187'],['C=CCCCCCCCCC=O'],,,,,
4823,BRD-K33236383,['54651427'],['COCC(=O)NC[C@H]1N[C@H](CO)[C@H]1c1ccc(cc1)-c1ccccc1F'],,,,,
4824,BRD-K33238309,['54618513'],['CC(C)CC#Cc1cnc2O[C@H](CN(C)C(=O)c3cccc(F)c3)[C@H](C)CN([C@H](C)CO)C(=O)c2c1'],,,,,
4825,BRD-K33258193,['54631724'],['CO[C@H]1CN(C)C(=O)c2ccc(NS(=O)(=O)c3cccc(OC)c3)cc2OC[C@@H](C)N(Cc2ccccc2F)C[C@@H]1C'],,,,,
4826,BRD-K33258928,['54660673'],['COc1ccc(cc1)-c1ccc2[C@@H]3N[C@@H]([C@@H](CO)[C@@H]3Cn2c1=O)C(=O)N1CCOCC1'],,,,,
4827,BRD-K33263026,['54646571'],['OC[C@H]1O[C@H](CC(=O)NCc2ccccn2)C[C@@H]3[C@H]1Oc4ccc(NC(=O)Cc5ccncc5)cc34'],,,,,
4828,BRD-K33284065,['60190060'],['C\\C=C\\c1ccc(cc1)[C@@H]1[C@H](CO)N(CC2CC2)C11CN(C1)C(=O)c1ccc2OCOc2c1'],,,,,
4829,BRD-K33297438,['978061'],['Oc1nc(nc2ccccc12)c3ccc(o3)c4cccc(Cl)c4'],,,,,
4830,BRD-K33305493,['44820554'],['Brc1ccc(nc1)N(CCCNC(=S)NCCCc1c[nH]cn1)Cc1ccccc1'],,,,,
4831,BRD-K33312838,['54666550'],['OC[C@@H]1[C@@H]([C@H]2CN(CCCCN12)C(=O)c1cccc(F)c1)c1ccc(cc1)C#CC1(O)CCCC1'],,,,,
4832,BRD-K33318635,['60191451'],['COCC(=O)N1C[C@H]2[C@H]([C@H](CO)N2C(=O)C1)c1ccc(cc1)-c1ccccc1F'],,,,,
4833,BRD-K33324635,['54631709'],['CO[C@@H]1CN(C)C(=O)c2ccc(NS(=O)(=O)c3cccc(OC)c3)cc2OC[C@@H](C)N(Cc2ccccc2F)C[C@H]1C'],,,,,
4834,BRD-K33326988,['44487971'],['C[C@@H](CO)N1C[C@H](C)[C@@H](CN(C)Cc2ccncc2)Oc3c(NC(=O)Nc4c(C)noc4C)cccc3C1=O'],,,,,
4835,BRD-K33328711,['54654514'],['CN1[C@H]2CC[C@H](CC(=O)NCC3CCCCC3)O[C@@H]2COc2ccc(NC(=O)C3CCOCC3)cc2C1=O'],,,,,
4836,BRD-K33341138,['54660960'],['CC(C)NC(=O)N1[C@@H]([C@@H](CO)[C@@H]2Cn3c(cccc3=O)[C@H]12)C(=O)N1CCc2ccccc2C1'],,,,,
4837,BRD-K33348232,['54618343'],['C[C@H](CO)N1C[C@H](C)[C@H](CN(C)S(=O)(=O)c2cccc(F)c2)Oc3ncc(C#CC4CCCCC4)cc3C1=O'],,,,,
4838,BRD-K33368320,['54638644'],['OC[C@@H]1O[C@H](CC(=O)NCc2ccc(Cl)c(Cl)c2)C=C[C@H]1NS(=O)(=O)c1ccccc1'],,,,,
4839,BRD-K33368990,['54631497'],['CO[C@@H]1CN(C)C(=O)c2ccc(NC(C)=O)cc2OC[C@H](C)N(Cc2cncnc2)C[C@@H]1C'],,,,,
4840,BRD-K33380066,['60184919'],['COc1ccc2c3c([C@H](CO)N(C[C@]33CN(C)C3)C(=O)Cc3ccccc3)n(C)c2c1'],,,,,
4841,BRD-K33385950,['54665068'],['OC[C@H]1Nc2ccc(cc2[C@H]2[C@@H]1CCN2C(=O)c1cccnc1)-c1ccc(cc1)C#N'],,,,,
4842,BRD-K33390612,['60191030'],['COc1ccc(cc1)C#Cc1ccc(cc1)[C@@H]1[C@@H](CO)N2[C@H]1CN(CC2=O)C(=O)NC(C)C'],,,,,
4843,BRD-K33392208,['5341934'],['[O-][N+](=O)c1ccccc1-c1ccc(\\C=c2/sc3nc4cc(Br)cnc4n3c2=O)o1'],,,,,
4844,BRD-K33407589,['44505259'],['C[C@H](CO)N1C[C@H](C)[C@@H](CN(C)Cc2ccc(C)cc2)OCc3cn(CCCC1=O)nn3'],,,,,
4845,BRD-K33445737,['9881279'],['BrCC(=O)NCCc1ccccc1'],,,,,
4846,BRD-K33449128,['54666594'],['CN(C)CC#Cc1ccc(cc1)[C@@H]1[C@H](CO)N2CCCCN(C[C@H]12)S(=O)(=O)c1ccccc1C'],,,,,
4847,BRD-K33451389,['54645962'],['COCC(=O)Nc1ccc2O[C@H]3[C@H](C[C@@H](CC(=O)N4CCOCC4)O[C@H]3CO)c2c1'],,,,,
4848,BRD-K33452357,['54651450'],['COCC(=O)N(C[C@H]1[C@@H]([C@@H](CO)N1C(C)=O)c1ccc(cc1)\\C=C\\C)C(C)C'],,,,,
4849,BRD-K33454337,['54637848'],['COc1cccc(c1)S(=O)(=O)N(C)C[C@@H]2OCc3ccccc3-c4ccccc4C(=O)N(C[C@@H]2C)[C@H](C)CO'],,,,,
4850,BRD-K33459729,['45787501'],['Brc1csc(n1)N1CCNCC1'],,,,,
4851,BRD-K33462580,['60184999'],['Cc1ccccc1-c1ccc(cc1)[C@H]1[C@@H]2CNC[C@H]1N2C(=O)Nc1ccc(Cl)cc1'],,,,,
4852,BRD-K33475837,['60184952'],['COc1ccc2c3c([nH]c2c1)[C@@H](CO)N(C[C@]31CN(Cc2cc(on2)-c2ccccc2)C1)C(=O)Nc1ccc(F)cc1'],,,,,
4853,BRD-K33483445,['54651316'],['CCC(=O)NC[C@H]1[C@@H]([C@@H](CO)N1Cc1ccccn1)c1ccc(\\C=C\\C)cc1'],,,,,
4854,BRD-K33486590,['60185236'],['CCCC(=O)N1C[C@@]2(C1)CN([C@@H](CO)c1[nH]c3cc(OC)ccc3c21)C(=O)c1ccc(F)cc1'],,,,,
4855,BRD-K33490627,['54657952'],['CN(C)C(=O)C[C@@H]1CC[C@H]2[C@@H](COC[C@H](O)CN2C(=O)c2ccncc2)O1'],,,,,
4856,BRD-K33493537,['60184992'],['CCCNC(=O)N1C[C@]2(CCN(CC2)S(=O)(=O)c2ccccc2)c2c([C@H]1CO)n(C)c1cc(OC)ccc21'],,,,,
4857,BRD-K33504592,['54631595'],['CO[C@H]1CN(C)C(=O)c2cc(NC(C)=O)ccc2OC[C@@H](C)N(C[C@@H]1C)C(=O)c1ccc(F)cc1'],,,,,
4858,BRD-K33518436,['54618397'],['C[C@H](CO)N1C[C@H](C)[C@@H](CN(C)C(=O)Cc2ccccn2)Oc3ncc(cc3C1=O)c4ccc(F)cc4'],,,,,
4859,BRD-K33528640,['60187154'],['COc1ccc2c3c([nH]c2c1)[C@@H](CO)N(Cc1ccccc1F)C[C@]31CCN(CC2CC2)CC1'],,,,,
4860,BRD-K33537450,['54638570'],['CCS(=O)(=O)N[C@H]1CC[C@H](CC(=O)N2CCCCC2)O[C@H]1CO'],,,,,
4861,BRD-K33544525,['54646546'],['CN1CCN(CC1)C(=O)C[C@H]2C[C@@H]3[C@@H](Oc4ccc(NC(=O)Cc5ccncc5)cc34)[C@@H](CO)O2'],,,,,
4862,BRD-K33562246,['54654065'],['CN(C)CCCNC(=O)C[C@@H]1CC[C@@H]2[C@H](COc3ccc(NS(C)(=O)=O)cc3C(=O)N2C)O1'],,,,,
4863,BRD-K33575007,['54618683'],['C[C@@H](CO)N1C[C@@H](C)[C@@H](CN(C)C(=O)c2ccc3OCOc3c2)Oc4cc(ccc4S1(=O)=O)c5ccccc5'],,,,,
4864,BRD-K33586157,['4064091'],['Cc1ccc(cc1)-c1nn(cc1\\C=C1/SC(=S)N(CCS(O)(=O)=O)C1=O)-c1ccccc1'],,,,,
4865,BRD-K33591392,['54649530'],['CO[C@H]1CC[C@@H]2CCN(C)C(=O)[C@@H](C)[C@@H](CN(C)C(=O)c3cc(ccc3OC[C@H]1O2)C#N)OC'],,,,,
4866,BRD-K33593585,['54618400'],['C/C=C/c1cnc2O[C@H](CN(C)C(=O)Nc3ccc(F)cc3)[C@@H](C)CN([C@@H](C)CO)C(=O)c2c1'],,,,,
4867,BRD-K33597548,['44502348'],['C[C@H](CO)N1C[C@H](C)[C@H](CN(C)Cc2ccncc2)OCCCC[C@@H](C)Oc3ccc(NS(=O)(=O)c4cccs4)cc3C1=O'],,,,,
4868,BRD-K33603918,['54618480'],['COc1cccc(NC(=O)N(C)C[C@@H]2Oc3ncc(C#Cc4ccncc4)cc3C(=O)N(C[C@@H]2C)[C@H](C)CO)c1'],,,,,
4869,BRD-K33606495,['24868685'],['OCCCOc1ccc(cc1)C2=N[C@](CC=C)(CO2)C(=O)NCCN3CCOCC3'],,,,,
4870,BRD-K33610498,['54657839'],['O[C@@H]1COC[C@@H]2O[C@H](CC(=O)NCC3CCCCC3)CC[C@H]2N(C1)S(=O)(=O)c1ccc(F)cc1'],,,,,
4871,BRD-K33616265,['54654343'],['COc1cccc(NC(=O)Nc2ccc3OC[C@@H]4O[C@H](CC(=O)NCCc5ccccc5)CC[C@@H]4N(C)C(=O)c3c2)c1'],,,,,
4872,BRD-K33619512,['44498007'],['C[C@H](CO)N1C[C@@H](C)[C@@H](CN(C)Cc2ccc(Oc3ccccc3)cc2)Oc4c(NC(=O)NC5CCCCC5)cccc4C1=O'],,,,,
4873,BRD-K33620583,['54649476'],['CO[C@@H]1CC[C@@H]2CCN(C)C(=O)[C@H](C)[C@H](CN(C)C(=O)c3cccc(C#N)c3OC[C@@H]1O2)OC'],,,,,
4874,BRD-K33631051,['60185105'],['CCCNC(=O)N1[C@H]2CNC[C@@H]1[C@H]2c1ccc(cc1)-c1ccc(C)cc1'],,,,,
4875,BRD-K33635485,['54631651'],['COCC(=O)Nc1ccc2c(OC[C@@H](C)N(CC3CC3)C[C@H](C)[C@H](CN(C)C2=O)OC)c1'],,,,,
4876,BRD-K33668351,['54638434'],['COc1ccccc1CNC(=O)C[C@H]1O[C@@H](CO)[C@@H](NC(=O)CN(C)C)C=C1'],,,,,
4877,BRD-K33676730,['44494622'],['C[C@H](CO)N1C[C@@H](C)[C@H](CN(C)Cc2ccccc2)OCCCC[C@@H](C)Oc3ccc(NC(=O)Nc4ccc5OCOc5c4)cc3C1=O'],,,,,
4878,BRD-K33680967,['42640809'],['Fc1ccc(cc1)C(=O)C1CCN(CC1)c1ncnc2sccc12'],,,,,
4879,BRD-K33685212,['54666451'],['COCC#Cc1ccc(cc1)[C@H]1[C@H](CO)N2CCCCN(C[C@H]12)C(=O)NC1CCCC1'],,,,,
4880,BRD-K33689388,['54631635'],['CCCN1C[C@@H](C)[C@@H](CN(C)C(=O)c2cc(NS(=O)(=O)c3ccccc3)ccc2OC[C@@H]1C)OC'],,,,,
4881,BRD-K33693037,['60189812'],['CCCNC(=O)N1[C@@H](CO)[C@@H](c2ccccc2)C11CN(CCC(F)(F)F)C1'],,,,,
4882,BRD-K33711030,['54639153'],['OC[C@H]1O[C@H](CCNS(=O)(=O)Cc2ccccc2)CC[C@@H]1NC(=O)c1cnccn1'],,,,,
4883,BRD-K33713995,['54650126'],['OC[C@@H]1[C@@H]([C@H](C#N)N1S(=O)(=O)c1ccc(F)cc1)c1ccccc1'],,,,,
4884,BRD-K33720394,['2180477'],['CC1(C)N[C@@H](Cc2c1[nH]c1ccccc21)C(O)=O'],,,,,
4885,BRD-K33720404,['6538121'],['Cc1cc(Cl)ccc1OCC(=O)N\\N=C\\c1ccc[nH]1'],,,,,
4886,BRD-K33743361,['17367817'],['COc1ccc(CNCc2cccc3ccccc23)cc1'],,,,,
4887,BRD-K33750632,['54638382'],['COCCNC(=O)C[C@@H]1CC[C@@H](NC(=O)NC2CCCCC2)[C@@H](CO)O1'],,,,,
4888,BRD-K33761091,['54638802'],['CN(C)Cc1cn(CC[C@@H]2CC[C@@H](NC(=O)Cc3cccnc3)[C@@H](CO)O2)nn1'],,,,,
4889,BRD-K33762302,['44494360'],['C[C@H](CO)N1C[C@H](C)[C@@H](CN(C)S(=O)(=O)c2ccc(Cl)cc2)Oc3c(NC(=O)Nc4ccc(F)cc4)cccc3C1=O'],,,,,
4890,BRD-K33776933,['54657648'],['CN1CCN(CC1)C(=O)C[C@@H]1CC[C@H]2[C@@H](COC[C@H](O)CN2C(=O)Nc2ccc3OCOc3c2)O1'],,,,,
4891,BRD-K33778189,['54658074'],['O[C@H]1COC[C@@H]2O[C@H](CC(=O)NCCc3ccccc3)CC[C@H]2N(Cc2ccc(Cl)cc2)C1'],,,,,
4892,BRD-K33821902,['60190133'],['COc1ccc2c3c([C@H](CO)N(Cc4ccccc4)C[C@]33CN(CC4CC4)C3)n(C)c2c1'],,,,,
4893,BRD-K33832590,['44485057'],['C[C@H](CO)N1C[C@H](C)[C@H](CN(C)C(=O)c2ccc3ccn(C)c3c2)OCc4cn(CCCC1=O)nn4'],,,,,
4894,BRD-K33841609,['60190000'],['COc1ccc2c3c([C@H](CO)N(CC4CC4)C[C@]33CN(C3)C(=O)Nc3ccc(F)cc3F)n(C)c2c1'],,,,,
4895,BRD-K33842318,['60191275'],['C\\C=C\\c1ccc(cc1)[C@H]1[C@@H](CO)N2[C@@H]1CN(CC2=O)C(=O)Nc1ccc(F)cc1'],,,,,
4896,BRD-K33881003,['54646417'],['OC[C@@H]1O[C@@H](CC(=O)NCc2cccc(F)c2)C[C@@H]3[C@H]1Oc4ccc(NC(=O)Cc5ccncc5)cc34'],,,,,
4897,BRD-K33889536,['44506097'],['CNC[C@H]1OCc2cnnn2CCCC(=O)N(C[C@H]1C)[C@@H](C)CO'],,,,,
4898,BRD-K33891131,['54638221'],['OC[C@@H]1O[C@H](CC(=O)Nc2ccccc2)CC[C@H]1NC(=O)C1CC1'],,,,,
4899,BRD-K33894111,['54618688'],['COCC(=O)N(C)C[C@@H]1Oc2cc(ccc2S(=O)(=O)N(C[C@H]1C)[C@@H](C)CO)c3ccccc3F'],,,,,
4900,BRD-K33903208,['44506100'],['COc1cccc(c1)c2cnc3O[C@@H](CN(C)C(=O)NC(C)C)[C@@H](C)CN([C@H](C)CO)C(=O)c3c2'],,,,,
4901,BRD-K33906096,['54664858'],['OC[C@@H]1Nc2ccc(cc2[C@@H]2[C@H]1CCN2S(=O)(=O)c1ccc(F)cc1)-c1cccc(c1)C#N'],,,,,
4902,BRD-K33907901,['54666481'],['CCCC#Cc1ccc(cc1)[C@H]1[C@H](CO)N2CCCCN(CCC)C[C@H]12'],,,,,
4903,BRD-K33909884,['54657912'],['O[C@H]1CN[C@H]2CC[C@@H](CC(=O)Nc3nccs3)O[C@@H]2COC1'],,,,,
4904,BRD-K33909932,['54631390'],['CO[C@H]1CN(C)C(=O)c2ccc(NC(C)=O)cc2OC[C@@H](C)N(Cc2cncnc2)C[C@@H]1C'],,,,,
4905,BRD-K33926001,['2726279'],['CCOC(=O)c1cc(nc(O)c1C#N)c2ccc(Cl)cc2'],,,,,
4906,BRD-K33928422,['54652590'],['OC[C@@H]1[C@@H]2[C@@H](CN(C(=O)C3CC3)c3ccccc23)N1C(=O)c1ccccc1'],,,,,
4907,BRD-K33932270,['54647772'],['CN(C)CC(=O)Nc1ccc2O[C@H]3[C@H](C[C@@H](CC(=O)NCc4cccnc4)O[C@H]3CO)c2c1'],,,,,
4908,BRD-K33936059,['767214'],['CC(=O)Nc1ccc(/N=C/c2ccc(C)cc2)cc1'],,,,,
4909,BRD-K33943748,['54664866'],['OC[C@@H]1Nc2ccc(cc2[C@H]2[C@@H]1CCN2C(=O)C1CCC1)C#Cc1cccc(F)c1'],,,,,
4910,BRD-K33943862,['73707585'],['Nc1ccc(CCNC(=O)[C@@H]2[C@@H](O)CC[C@@H]3CN4CCc5c([nH]c6ccccc56)[C@@H]4C[C@H]23)cc1'],,,,,
4911,BRD-K33961995,['54631661'],['CO[C@H]1CN(C)C(=O)c2cc(NC(=O)Nc3ccccc3OC)ccc2OC[C@@H](C)N(C)C[C@H]1C'],,,,,
4912,BRD-K33979365,['54615098'],['C[C@@H](CO)N1C[C@@H](C)[C@H](CN(C)CC2CC2)OCCCC[C@@H](C)Oc3ccc(NC(=O)NC4CCCCC4)cc3C1=O'],,,,,
4913,BRD-K33986184,['60185027'],['C\\C=C\\c1ccc(cc1)[C@H]1[C@H]2CN(C[C@@H]1N2)C(=O)NC1CCCCC1'],,,,,
4914,BRD-K33994902,['54654591'],['CN1[C@H]2CC[C@@H](CC(=O)NCc3ccc4OCOc4c3)O[C@@H]2COc2ccc(NC(=O)C3CCOCC3)cc2C1=O'],,,,,
4915,BRD-K34007913,['54661077'],['Cc1cccc(c1)S(=O)(=O)N1[C@H]2Cn3c(ccc(-c4ccc(F)cc4)c3=O)[C@@H]1[C@@H]([C@H]2CO)C(O)=O'],,,,,
4916,BRD-K34015625,['54646168'],['CN1CCN(CC1)C(=O)C[C@@H]2C[C@@H]3[C@@H](Oc4ccc(NC(=O)C5CCC5)cc34)[C@@H](CO)O2'],,,,,
4917,BRD-K34019494,['54638327'],['OC[C@@H]1O[C@@H](CCn2cc(Cc3ccccc3)nn2)CC[C@@H]1NS(=O)(=O)c1ccccc1F'],,,,,
4918,BRD-K34030207,['54665043'],['CN1[C@@H](CO)[C@@H]2CCN([C@@H]2c2cc(ccc12)-c1ccc(cc1)C#N)C(C)=O'],,,,,
4919,BRD-K34038660,['54654149'],['CCCNC(=O)C[C@@H]1CC[C@H]2[C@H](COc3ccc(NC(=O)c4ccc5OCOc5c4)cc3C(=O)N2C)O1'],,,,,
4920,BRD-K34051200,['44504807'],['CC(C)NC(=O)Nc1ccc2O[C@H](CN(C)Cc3ccc4OCOc4c3)[C@H](C)CN([C@H](C)CO)C(=O)Cc2c1'],,,,,
4921,BRD-K34055449,['54618646'],['C[C@H](CO)N1C[C@@H](C)[C@H](CN(C)CC2CCOCC2)Oc3cc(ccc3S1(=O)=O)c4cccnc4'],,,,,
4922,BRD-K34079378,['11052947'],['COc1cc2[nH]c3ccccc3c2cc1C'],,,,,
4923,BRD-K34086616,['60191857'],['C\\C=C\\c1ccc(cc1)[C@H]1[C@@H](CO)N(C(=O)CC2CC2)C11CN(C1)S(C)(=O)=O'],,,,,
4924,BRD-K34092011,['44506804'],['C[C@@H](CO)N1C[C@H](C)[C@H](CN(C)Cc2ccc(cc2)C(=O)Nc3ccccc3N)Oc4c(NC(=O)C5CCCCC5)cccc4C1=O'],,,,,
4925,BRD-K34095629,['44619203'],['C[C@@H](CO)N1C[C@@H](C)[C@H](CN(C)CC2CC2)OCCCC[C@@H](C)Oc3ccc(NC(=O)Nc4ccc(F)cc4)cc3C1=O'],,,,,
4926,BRD-K34104948,['54666688'],['OC[C@H]1[C@@H]([C@@H]2CN(Cc3cccnc3)CCCCN12)c1ccc(\\C=C\\c2ccccc2)cc1'],,,,,
4927,BRD-K34106732,['54654427'],['CCS(=O)(=O)Nc1ccc2OC[C@H]3O[C@@H](CC(=O)N[C@@H]4CCN(Cc5ccccc5)C4)CC[C@@H]3N(C)C(=O)c2c1'],,,,,
4928,BRD-K34130171,['44484245'],['C[C@@H](CO)N1C[C@H](C)[C@H](CN(C)Cc2ccc3OCOc3c2)Oc4ccc(NC(=O)CCCN(C)C)cc4C1=O'],,,,,
4929,BRD-K34160774,['54649436'],['CCCNC(=O)c1cc2CN([C@H](CCO)c2c(n1)-c1cccc(c1)-c1cccc(OC)c1)[S@](=O)C(C)(C)C'],,,,,
4930,BRD-K34161817,['60190013'],['OC[C@H]1N(Cc2ccccn2)C2(CN(C2)C(=O)c2cccc(F)c2)[C@H]1c1ccccc1'],,,,,
4931,BRD-K34174785,['44497365'],['C[C@H](CO)N1C[C@@H](C)[C@H](CN(C)Cc2ccc(Cl)c(Cl)c2)OCCCC[C@H](C)Oc3ccc(NC(=O)Nc4cccc5ccccc45)cc3C1=O'],,,,,
4932,BRD-K34182570,['44484793'],['C[C@@H](CO)N1C[C@@H](C)[C@@H](CN(C)CC2CCCCC2)Oc3ccc(NS(=O)(=O)c4ccccc4)cc3C1=O'],,,,,
4933,BRD-K34230554,['44492192'],['C[C@@H](CO)N1C[C@@H](C)[C@H](CN(C)Cc2ccc(cc2)C(=O)O)Oc3ccc(NC(=O)CCCN(C)C)cc3C1=O'],,,,,
4934,BRD-K34231294,['54652613'],['COc1ccc(CN2[C@H](CO)[C@H]3[C@@H]2CNc2ccccc32)cc1'],,,,,
4935,BRD-K34231896,['60191360'],['CCC(=O)N1C[C@@H]2[C@H]([C@H](CO)N2C(=O)C1)c1ccc(cc1)C#CCC(C)C'],,,,,
4936,BRD-K34238482,['54654362'],['CN1[C@@H]2CC[C@H](CC(=O)NC3Cc4ccccc4C3)O[C@@H]2COc2ccc(NS(=O)(=O)c3ccccc3F)cc2C1=O'],,,,,
4937,BRD-K34255700,['44503301'],['CC(C)NC(=O)Nc1ccc2O[C@@H](CN(C)S(=O)(=O)c3ccccc3)[C@H](C)CN([C@H](C)CO)C(=O)Cc2c1'],,,,,
4938,BRD-K34294489,['42628057'],['COc1ccccc1NCc1nc2ccccc2n1C'],,,,,
4939,BRD-K34314104,['54620330'],['C[C@@H](CO)N1C[C@H](C)[C@H](CN(C)C(=O)Nc2ccc(cc2)C(F)(F)F)Oc3ncc(/C=C/c4ccccc4)cc3C1=O'],,,,,
4940,BRD-K34320757,['54637923'],['C[C@@H](CO)N1C[C@H](C)[C@@H](CN(C)Cc2ccc(F)cc2)OCc3ccccc3-c4ccccc4C1=O'],,,,,
4941,BRD-K34324287,['54639035'],['Cc1ccc(cc1)S(=O)(=O)N[C@H]1C=C[C@H](CC(=O)NCCN2CCCCC2)O[C@H]1CO'],,,,,
4942,BRD-K34332181,['54660747'],['OC[C@H]1[C@@H]2Cn3c(cccc3=O)[C@@H]2N(Cc2ccccc2Cl)[C@@H]1C(=O)N1CCCCC1'],,,,,
4943,BRD-K34332553,['5707818'],['CCOC(=O)CSC1=N/C(=C/c2ccc(cc2)n3cncn3)/C(=O)N1C(=O)C'],,,,,
4944,BRD-K34336958,['54645808'],['CN(C)c1ccc2O[C@@H]3[C@@H](C[C@H](CC(=O)NCc4cccc(F)c4)O[C@H]3CO)c2c1'],,,,,
4945,BRD-K34347561,['54637822'],['C[C@H](CO)N1C[C@@H](C)[C@@H](CN(C)C(=O)Nc2c(C)noc2C)OCc3ccccc3-c4c(C1=O)n(C)c5ccccc45'],,,,,
4946,BRD-K34351329,['44506162'],['C[C@H](CO)N1C[C@H](C)[C@@H](CN(C)S(=O)(=O)c2ccc(Cl)cc2)Oc3ccc(NC(=O)CCCCCC(=O)Nc4ccccc4N)cc3C1=O'],,,,,
4947,BRD-K34359283,['44493368'],['C[C@@H](CO)N1C[C@H](C)[C@H](CN(C)Cc2ccc3OCOc3c2)Oc4ccc(NS(=O)(=O)C)cc4C1=O'],,,,,
4948,BRD-K34382714,['54650168'],['OC[C@@H]1[C@H]([C@H](C#N)N1C(=O)c1ccccn1)c1ccc(cc1)C1=CCCC1'],,,,,
4949,BRD-K34383440,['54646633'],['OC[C@@H]1O[C@H](CC(=O)NCC(F)(F)F)C[C@H]2[C@@H]1Oc3ccc(NC(=O)c4cccnc4)cc23'],,,,,
4950,BRD-K34385682,['54631945'],['CO[C@H]1CN(C)C(=O)c2cc(NC(=O)NC(C)C)ccc2OC[C@@H](C)N(Cc2ccccc2)C[C@H]1C'],,,,,
4951,BRD-K34387287,['44498225'],['C[C@H](CO)N1C[C@H](C)[C@@H](CN(C)S(=O)(=O)c2ccc(F)cc2)OCCCC[C@H](C)Oc3ccc(NC(=O)Nc4ccc(cc4)C(F)(F)F)cc3C1=O'],,,,,
4952,BRD-K34388789,['1934050'],['OC(C1CCN(CC1)C(=Nc2ccc(F)cc2)S)(c3ccccc3)c4ccccc4'],,,,,
4953,BRD-K34392222,['54658088'],['CCCNC(=O)N1C[C@@H](O)COC[C@@H]2O[C@H](CC(=O)N[C@H]3CCN(Cc4ccccc4)C3)CC[C@@H]12'],,,,,
4954,BRD-K34394296,['44485109'],['C[C@@H](CO)N1C[C@H](C)[C@@H](CN(C)C(=O)Cc2ccccc2)OCCCC[C@H](C)Oc3ccc(NC(=O)Nc4ccc(F)cc4)cc3C1=O'],,,,,
4955,BRD-K34404012,['54638530'],['OC[C@@H]1O[C@H](CCNC(=O)Cc2ccccn2)CC[C@@H]1NC(=O)Nc1ccc(Cl)cc1'],,,,,
4956,BRD-K34404444,['60185150'],['Cc1ccccc1-c1ccc(cc1)[C@H]1[C@@H]2CNC[C@H]1N2Cc1ccccn1'],,,,,
4957,BRD-K34407242,['54658470'],['O[C@H]1COC[C@@H]2O[C@@H](CC(=O)NCc3ccc(Cl)cc3)CC[C@H]2N(Cc2cccc(c2)C(F)(F)F)C1'],,,,,
4958,BRD-K34407245,['54638683'],['CCCNC(=O)N[C@@H]1C=C[C@@H](CC(=O)NCCc2ccccc2)O[C@H]1CO'],,,,,
4959,BRD-K34412442,['54637891'],['C[C@@H](CO)N1C[C@@H](C)[C@@H](CN(C)S(=O)(=O)C)OCc2ccccc2-c3ccccc3C1=O'],,,,,
4960,BRD-K34412705,['44487718'],['C[C@@H](CO)N1C[C@H](C)[C@@H](CN(C)Cc2ccc3OCOc3c2)Oc4ccc(NC(=O)Cc5cn(C)c6ccccc56)cc4C1=O'],,,,,
4961,BRD-K34428383,['71759045'],['COc1ccc2c3c([C@@H](CO)N(Cc4ccc(Cl)cc4)C[C@]33CN(C3)C(=O)NC(C)C)n(C)c2c1'],,,,,
4962,BRD-K34431359,['54638466'],['OC[C@@H]1O[C@@H](CC(=O)N2CCOCC2)CC[C@H]1NC(=O)c1ccccn1'],,,,,
4963,BRD-K34433706,['54637706'],['C[C@H](CO)N1C[C@H](C)[C@H](CN(C)C(=O)CCC(F)(F)F)OCc2ccccc2-c3c(C1=O)n(C)c4ccccc34'],,,,,
4964,BRD-K34435836,['54645836'],['COc1ccc(CNC(=O)C[C@H]2C[C@H]3[C@H](Oc4ccc(NC(=O)C5CCC5)cc34)[C@@H](CO)O2)cc1'],,,,,
4965,BRD-K34447376,['44496773'],['C[C@H](CO)N1C[C@H](C)[C@H](CN(C)C(=O)Nc2cccc3ccccc23)Oc4ccc(NS(=O)(=O)C)cc4CC1=O'],,,,,
4966,BRD-K34451734,['60189819'],['OC[C@@H]1[C@@H](c2ccccc2)C2(CN(Cc3ccccn3)C2)N1Cc1cncnc1'],,,,,
4967,BRD-K34462187,['54649863'],['CC(C)[C@H]1COCn2nncc2CC[C@H](C)C(=O)N1'],,,,,
4968,BRD-K34462945,['54654346'],['COc1cccc(NC(=O)Nc2ccc3OC[C@@H]4O[C@@H](CC(=O)NCCc5ccccc5)CC[C@@H]4N(C)C(=O)c3c2)c1'],,,,,
4969,BRD-K34466966,['54654409'],['CN1[C@@H]2CC[C@@H](CC(=O)NCCc3ccncc3)O[C@@H]2COc2ccc(NC(=O)C3CCOCC3)cc2C1=O'],,,,,
4970,BRD-K34495954,['25886838'],['[O-][N+](=O)c1ccccc1S(=O)(=O)N2CCN(CC2)S(=O)(=O)c3ccc4OCCOc4c3'],,,,,
4971,BRD-K34502913,['54654279'],['CN1[C@H]2CC[C@@H](CC(=O)N3CCOCC3)O[C@H]2COc2ccc(NC(=O)c3ccc(F)c(F)c3)cc2C1=O'],,,,,
4972,BRD-K34516743,['44486983'],['CC(C)NC(=O)Nc1ccc2O[C@@H](C)CCCCO[C@@H](CN(C)C(=O)Nc3ccccc3)[C@@H](C)CN([C@H](C)CO)C(=O)c2c1'],,,,,
4973,BRD-K34532593,['54651482'],['OC[C@@H]1[C@@H]([C@@H](CNC(=O)NC2CCCC2)N1C(=O)C1CC1)c1ccccc1'],,,,,
4974,BRD-K34544769,['54615949'],['C[C@@H](CO)N1C[C@@H](C)[C@@H](CN(C)C(=O)Nc2ccc3OCOc3c2)OCCCC[C@H](C)Oc4ccc(NC(=O)C5CCCCC5)cc4C1=O'],,,,,
4975,BRD-K34545522,['60190949'],['OC[C@@H]1[C@H]([C@@H]2CN(CC(=O)N12)S(=O)(=O)c1cccc(F)c1)c1ccc(cc1)C1=CCCC1'],,,,,
4976,BRD-K34545919,['54624434'],['C/C=C/c1ccc2c(O[C@H](CN(C)C)[C@@H](C)CN([C@@H](C)CO)S2(=O)=O)c1'],,,,,
4977,BRD-K34547533,['44487564'],['C[C@@H](CO)N1C[C@@H](C)[C@H](CN(C)C(=O)Nc2ccccc2)OCCCC[C@@H](C)Oc3ccc(NC(=O)Nc4ccccc4)cc3C1=O'],,,,,
4978,BRD-K34549246,['54638326'],['OC[C@H]1O[C@H](CCn2cc(Cc3ccccc3)nn2)CC[C@H]1NS(=O)(=O)c1ccccc1F'],,,,,
4979,BRD-K34553907,['54661411'],['CN(C)C(=O)[C@H]1[C@H](CO)[C@H]2Cn3c(ccc(C4=CCCC4)c3=O)[C@@H]1N2C(=O)Nc1ccccc1'],,,,,
4980,BRD-K34580085,['60190972'],['CCCNC(=O)N1C[C@@H]2[C@@H]([C@@H](CO)N2C(=O)C1)c1ccc(cc1)C#Cc1cccc(OC)c1'],,,,,
4981,BRD-K34585937,['54664886'],['CC(=O)N1CC[C@@H]2[C@H]1c1cc(ccc1N[C@@H]2CO)-c1ccc(F)cc1'],,,,,
4982,BRD-K34596778,['646090'],['CC=CCn1c(SCc2ccccc2)nc2n(C)c(=O)[nH]c(=O)c12'],,,,,
4983,BRD-K34604832,['54654129'],['CN1[C@@H]2CC[C@H](CC(=O)NCCc3ccncc3)O[C@@H]2COc2ccc(NS(=O)(=O)c3ccc(C)cc3)cc2C1=O'],,,,,
4984,BRD-K34607017,['60191356'],['COCC#Cc1ccc(cc1)[C@H]1[C@H](CO)N2[C@@H]1CN(CC2=O)C(=O)c1ccncc1'],,,,,
4985,BRD-K34629721,['60191694'],['CN(C)CC(=O)N1CC2(C1)[C@@H]([C@@H](CO)N2S(C)(=O)=O)c1ccccc1'],,,,,
4986,BRD-K34639069,['60189814'],['CS(=O)(=O)N1CC2(C1)[C@H]([C@@H](CO)N2CCC(F)(F)F)c1ccccc1'],,,,,
4987,BRD-K34665338,['60187512'],['CCC(=O)N1C[C@]2(CCN(CC2)C(=O)Nc2c(C)noc2C)c2c([nH]c3cc(OC)ccc23)[C@@H]1CO'],,,,,
4988,BRD-K34673904,['44488132'],['CNC[C@@H]1Oc2ccc(NS(=O)(=O)c3ccccc3)cc2CC(=O)N(C[C@H]1C)[C@H](C)CO'],,,,,
4989,BRD-K34684441,['54654170'],['CNC(=O)C[C@H]1CC[C@@H]2[C@@H](COc3ccc(NC(=O)c4cc(F)cc(F)c4)cc3C(=O)N2C)O1'],,,,,
4990,BRD-K34692511,['54631293'],['CO[C@@H]1CN(C)C(=O)c2cc(NC(=O)Nc3ccc(cc3)C(F)(F)F)ccc2OC[C@@H](C)NC[C@@H]1C'],,,,,
4991,BRD-K34711351,['46172920'],['CCc1ccc(Oc2c(Cl)cnn(-c3ccc(C)cc3)c2=O)cc1'],,,,,
4992,BRD-K34730083,['44487425'],['CNC[C@H]1OCc2cn(CCCC(=O)N(C[C@@H]1C)[C@@H](C)CO)nn2'],,,,,
4993,BRD-K34739003,['54660655'],['COC(=O)[C@H]1[C@H](CO)[C@H]2Cn3c(cccc3=O)[C@H]2N1CC1CCOCC1'],,,,,
4994,BRD-K34755514,['44492791'],['C[C@@H](CO)N1C[C@@H](C)[C@@H](CN(C)C(=O)Nc2c(C)noc2C)Oc3ccc(NC(=O)CCC(F)(F)F)cc3C1=O'],,,,,
4995,BRD-K34758135,['54631764'],['CO[C@H]1CN(C)C(=O)c2cc(NC(=O)c3cc(C)on3)ccc2OC[C@H](C)N(CC2CC2)C[C@H]1C'],,,,,
4996,BRD-K34766381,['54631591'],['CO[C@@H]1CN(C)C(=O)c2cc(NS(=O)(=O)c3ccc(C)cc3)ccc2OC[C@H](C)N(C[C@@H]1C)C(=O)NC(C)C'],,,,,
4997,BRD-K34781184,['54645913'],['OC[C@H]1O[C@@H](CC(=O)NCc2ccc(Oc3ccccc3)cc2)C[C@H]4[C@@H]1Oc5ccc(NC(=O)c6ccc7OCOc7c6)cc45'],,,,,
4998,BRD-K34786682,['54631386'],['CCCNC(=O)N1C[C@H](C)[C@H](CN(C)C(=O)c2ccc(NS(=O)(=O)CC(F)(F)F)cc2OC[C@H]1C)OC'],,,,,
4999,BRD-K34798063,['54615104'],['C[C@@H](CO)N1C[C@H](C)[C@@H](CN(C)C(=O)c2ccncc2)OCCCC[C@@H](C)Oc3ccc(NC(=O)c4ccccc4)cc3C1=O'],,,,,
5000,BRD-K34798777,['54638266'],['COc1ccccc1-c1cn(CC[C@H]2CC[C@H](NC(=O)c3cnccn3)[C@H](CO)O2)nn1'],,,,,
5001,BRD-K34799054,['54637744'],['C[C@H](CO)N1C[C@@H](C)[C@@H](CN(C)C(=O)Nc2ccnc(c2)N3CCOCC3)OCc4ccccc4-c5ccccc5C1=O'],,,,,
5002,BRD-K34810022,['60182592'],['OC[C@H]1N[C@H](CNC(=O)C2CCCC2)[C@H]1c1ccc(cc1)-c1cncnc1'],,,,,
5003,BRD-K34811324,['54652666'],['COc1cccc(c1)C(=O)N1C[C@@H]2[C@@H]([C@H](CO)N2C(=O)c2ccc(F)cc2)c2ccccc12'],,,,,
5004,BRD-K34829873,['56835508'],['C[C@@H](CO)N1C[C@@H](C)[C@H](CN(C)C(=O)[C@@H]2CCCN2C)OCc3ccccc3-c4ccccc4C1=O'],,,,,
5005,BRD-K34834946,['60191286'],['COCC#Cc1ccc(cc1)[C@H]1[C@@H](CO)N2[C@H]1CN(CC2=O)C(=O)c1ccncc1'],,,,,
5006,BRD-K34836852,['54624303'],['C/C=C/c1ccc2c(O[C@H](CN(C)C(=O)c3cccc(F)c3)[C@H](C)CN([C@@H](C)CO)S2(=O)=O)c1'],,,,,
5007,BRD-K34839715,['54639045'],['COc1cccc(CNC(=O)C[C@@H]2CC[C@H](NC(C)=O)[C@H](CO)O2)c1'],,,,,
5008,BRD-K34844610,['60191084'],['CC(C)CC#Cc1ccc(cc1)[C@H]1[C@@H](CO)N2[C@@H]1CN(CC2=O)C(=O)c1cccc(F)c1'],,,,,
5009,BRD-K34856675,['54652670'],['CN1C[C@@H]2[C@@H]([C@H](CO)N2C(=O)c2cccnc2)c2ccccc12'],,,,,
5010,BRD-K34869284,['54646142'],['CS(=O)(=O)Nc1ccc2O[C@H]3[C@H](C[C@H](CC(=O)NC4CCCC4)O[C@@H]3CO)c2c1'],,,,,
5011,BRD-K34898196,['54638972'],['OC[C@@H]1O[C@H](CCNC(=O)c2ccc(F)cc2)CC[C@H]1NC(=O)Nc1ccc(Cl)c(Cl)c1'],,,,,
5012,BRD-K34898609,['54646445'],['OC[C@@H]1O[C@@H](CC(=O)NCc2ccc(Oc3ccccc3)cc2)C[C@H]4[C@@H]1Oc5ccc(NC(=O)C6CCOCC6)cc45'],,,,,
5013,BRD-K34898990,['44488673'],['COc1ccc(CN(C)C[C@H]2Oc3ccc(NC(=O)Cc4ccccc4)cc3CC(=O)N(C[C@H]2C)[C@H](C)CO)cc1'],,,,,
5014,BRD-K34913101,['60192185'],['CCS(=O)(=O)N1[C@@H](CO)[C@@H](c2ccc(cc2)\\C=C\\C)C11CN(C1)C(C)=O'],,,,,
5015,BRD-K34922409,['54637649'],['C[C@@H](CO)N1C[C@@H](C)[C@@H](CN(C)S(=O)(=O)c2ccccc2C#N)OCc3ccccc3-c4c(C1=O)n(C)c5ccccc45'],,,,,
5016,BRD-K34929727,['54654120'],['CCCC(=O)Nc1ccc2OC[C@@H]3O[C@H](CC(=O)NCc4cccc(F)c4)CC[C@H]3N(C)C(=O)c2c1'],,,,,
5017,BRD-K34940426,['54661218'],['OC[C@H]1[C@@H]2Cn3c(cccc3=O)[C@@H]2N(Cc2cc(F)ccc2F)[C@@H]1C(=O)N1CCOCC1'],,,,,
5018,BRD-K34952911,['687114'],['CNC(=O)CCc1cc2ccccc2[nH]1'],,,,,
5019,BRD-K34960081,['44485890'],['C[C@@H](CO)N1C[C@H](C)[C@@H](CN(C)Cc2ccc(cc2)C(F)(F)F)Oc3ccc(NC(=O)Nc4cccc5ccccc45)cc3C1=O'],,,,,
5020,BRD-K34968258,['661907'],['Cc1ccc(Cn2ncc3c(ncnc23)N4CCN(CC4)c5ccc(C)cc5)cc1'],,,,,
5021,BRD-K34974324,['44490640'],['C[C@@H](CO)N1C[C@@H](C)[C@@H](CN(C)Cc2ccc(Cl)c(Cl)c2)Oc3ccc(NC(=O)c4ccncc4)cc3C1=O'],,,,,
5022,BRD-K34981405,['44620120'],['C[C@H](CO)N1C[C@H](C)[C@@H](CN(C)CC2CC2)OCCCC[C@@H](C)Oc3ccc(NS(=O)(=O)c4ccccc4)cc3C1=O'],,,,,
5023,BRD-K34982474,['54631853'],['CO[C@H]1CN(C)C(=O)c2cc(NC(=O)NC(C)C)ccc2OC[C@H](C)N(C[C@@H]1C)C(=O)C1CCC1'],,,,,
5024,BRD-K34992378,['54664813'],['OC[C@H]1Nc2ccc(cc2[C@H]2[C@@H]1CCN2C(=O)c1cccc(F)c1)-c1ccccc1F'],,,,,
5025,BRD-K35002913,['54654602'],['CN1[C@@H]2CC[C@H](CC(=O)NCCc3ccncc3)O[C@H]2COc2ccc(NC(=O)Cc3cccs3)cc2C1=O'],,,,,
5026,BRD-K35004659,['44634719'],['Oc1ccccc1NC(=O)CCCCCCC(=O)N/N=C/c2c(O)ccc3ccccc23'],,,,,
5027,BRD-K35024477,['44490586'],['C[C@H](CO)N1C[C@H](C)[C@H](CN(C)Cc2ccc(Cl)c(Cl)c2)Oc3ccc(NC(=O)c4ccncc4)cc3C1=O'],,,,,
5028,BRD-K35035132,['5741184'],['CC(=O)Nc1ccc(/C=C/c2noc(n2)c3ccccc3O)cc1'],,,,,
5029,BRD-K35035541,['54638922'],['OC[C@@H]1O[C@H](CCn2cc(nn2)C2CC2)CC[C@H]1NC(=O)Nc1cc(F)ccc1F'],,,,,
5030,BRD-K35039537,['54631830'],['CO[C@H]1CN(C)C(=O)c2cc(NC(=O)c3ccno3)ccc2OC[C@H](C)N(C[C@@H]1C)S(C)(=O)=O'],,,,,
5031,BRD-K35046132,['1814490'],['CCCCc1ccc2nc(NC(=O)c3ccc(Br)o3)sc2c1'],,,,,
5032,BRD-K35046689,['60189950'],['CCCC(=O)N1C[C@]2(CCN(CC2)S(=O)(=O)CC)c2c([C@@H]1CO)n(C)c1cc(OC)ccc21'],,,,,
5033,BRD-K35060373,['54657665'],['O[C@H]1COC[C@H]2O[C@H](CC(O)=O)CC[C@@H]2N(C1)S(=O)(=O)c1ccc(Oc2ccccc2)cc1'],,,,,
5034,BRD-K35060817,['54638413'],['COc1ccccc1NC(=O)N[C@@H]1CC[C@@H](CC(=O)NCc2ccc(Cl)c(Cl)c2)O[C@H]1CO'],,,,,
5035,BRD-K35081088,['54654071'],['COC(=O)C[C@H]1CC[C@@H]2[C@@H](COc3ccc(NS(=O)(=O)c4ccc(F)cc4)cc3C(=O)N2C)O1'],,,,,
5036,BRD-K35083768,['54660645'],['OC[C@@H]1[C@H]2Cn3c(ccc(C4=CCCCC4)c3=O)[C@H](N2)[C@H]1C(=O)NCCCN1CCOCC1'],,,,,
5037,BRD-K35088115,['44494165'],['COc1ccc(cc1)S(=O)(=O)N(C)C[C@@H]2Oc3c(cccc3C(=O)N(C[C@H]2C)[C@@H](C)CO)N(C)C'],,,,,
5038,BRD-K35089608,['54632005'],['CO[C@@H]1CN(C)C(=O)c2cc(NC(=O)C3CC3)ccc2OC[C@@H](C)N(C[C@@H]1C)C(=O)NC(C)C'],,,,,
5039,BRD-K35090513,['54615042'],['C[C@H](CO)N1C[C@H](C)[C@@H](CN(C)Cc2ccccc2)OCCCC[C@H](C)Oc3ccc(NC(=O)c4ccncc4)cc3C1=O'],,,,,
5040,BRD-K35095050,['54619008'],['C/C=C/c1ccc2c(O[C@@H](CN(C)CC3CCOCC3)[C@@H](C)CN([C@H](C)CO)S2(=O)=O)c1'],,,,,
5041,BRD-K35100006,['54664838'],['CN1[C@H](CO)[C@H]2CCN([C@H]2c2cc(Br)ccc12)C(=O)CN1CCOCC1'],,,,,
5042,BRD-K35100517,['3830711'],['CC(=NOC(=O)C1CCCCC1)c1nccs1'],,,,,
5043,BRD-K35101110,['54665023'],['OC[C@@H]1Nc2ccc(cc2[C@@H]2[C@H]1CCN2C(=O)c1ccccc1F)-c1cccc(c1)C#N'],,,,,
5044,BRD-K35131740,['54654030'],['CN(C)C(=O)C[C@@H]1CC[C@H]2[C@H](COc3ccc(NC(=O)NCc4ccccc4)cc3C(=O)N2C)O1'],,,,,
5045,BRD-K35133769,['44460112'],['O=C(OCC#CCSc1nnc(o1)-c1cccc2ccccc12)c1ccsc1'],,,,,
5046,BRD-K35152204,['54618424'],['C[C@@H](CO)N1C[C@H](C)[C@H](CN(C)C(=O)CC2CC2)Oc3ncc(cc3C1=O)c4ccccc4C'],,,,,
5047,BRD-K35158088,['54657581'],['O[C@@H]1COC[C@@H]2O[C@H](CC(=O)N3CCOCC3)CC[C@H]2N(Cc2cccc(c2)-c2ccncc2)C1'],,,,,
5048,BRD-K35188965,['54645957'],['COCC(=O)Nc1ccc2O[C@H]3[C@H](C[C@H](CC(=O)N4CCOCC4)O[C@@H]3CO)c2c1'],,,,,
5049,BRD-K35189425,['54637980'],['CC(C)[C@@H](C)NC(=O)N(C)C[C@H]1OCc2ccccc2-c3ccccc3C(=O)N(C[C@@H]1C)[C@H](C)CO'],,,,,
5050,BRD-K35191571,['44460110'],['O=C(OCC#CCSc1nnc(o1)-c1cccc2ccccc12)c1csc2ccccc12'],,,,,
5051,BRD-K35193027,['54654022'],['CN1[C@H]2CC[C@@H](CC(O)=O)O[C@@H]2COc2ccc(NS(=O)(=O)c3ccccc3C)cc2C1=O'],,,,,
5052,BRD-K35193330,['49843401'],['C[C@@H](CO)N1C[C@@H](C)[C@H](CN(C)C(=O)C2CCCCC2)OCCCC[C@H](C)Oc3ccc(NC(=O)Nc4ccc(cc4)C(F)(F)F)cc3C1=O'],,,,,
5053,BRD-K35196676,['54639019'],['CN1CCN(CC1)C(=O)C[C@H]1CC[C@H](NC(=O)c2ccc3OCOc3c2)[C@H](CO)O1'],,,,,
5054,BRD-K35199432,['54638631'],['CC(C)c1cn(CC[C@H]2CC[C@H](NC(=O)C3CC3)[C@H](CO)O2)nn1'],,,,,
5055,BRD-K35202752,['60191111'],['OC[C@@H]1[C@H]([C@@H]2CN(CC(=O)N12)C(=O)c1cccnc1)c1ccc(cc1)-c1ccccc1F'],,,,,
5056,BRD-K35210537,['54617719'],['C[C@@H](CO)N1C[C@H](C)[C@H](CN(C)C(=O)NC2CCCCC2)OCCCC[C@H](C)Oc3ccc(NC(=O)Nc4ccccc4)cc3C1=O'],,,,,
5057,BRD-K35224528,['54650143'],['OC[C@H]1[C@@H]([C@H](C#N)N1C(=O)CCN1CCCCC1)c1ccccc1'],,,,,
5058,BRD-K35234011,['54618582'],['C[C@H](CO)N1C[C@@H](C)[C@@H](CN(C)C(=O)C2CCCCC2)Oc3cc(C#CCN(C)C)ccc3S1(=O)=O'],,,,,
5059,BRD-K35243934,['53382789'],['COC(=O)C[C@H]1CC[C@@H]2[C@H](COC[C@H](O)CN2S(=O)(=O)c2ccccc2OC)O1'],,,,,
5060,BRD-K35247118,['54617777'],['C[C@H](CO)N1C[C@@H](C)[C@@H](CN(C)C(=O)NC2CCCCC2)OCCCC[C@@H](C)Oc3ccc(NC(=O)Nc4ccc(cc4)C(F)(F)F)cc3C1=O'],,,,,
5061,BRD-K35254025,['44142416'],['OC(=O)c1ccc(cc1)c2noc(n2)c3cccc(Cl)c3'],,,,,
5062,BRD-K35290760,['44488687'],['C[C@H](CO)N1C[C@H](C)[C@H](CN(C)C(=O)c2cc(on2)c3ccccc3)OCc4cn(CCCC1=O)nn4'],,,,,
5063,BRD-K35304243,['60189858'],['C\\C=C\\c1ccc(cc1)[C@@H]1[C@@H](CO)N(C(C)=O)C11CN(C1)C(=O)NC1CCCCC1'],,,,,
5064,BRD-K35306330,['54652663'],['COc1ccc(cc1)C(=O)N1C[C@H]2[C@H]([C@H](CO)N2Cc2ccc(Cl)cc2)c2ccccc12'],,,,,
5065,BRD-K35307739,['54652453'],['OC[C@@H]1[C@@H]2[C@@H](CN(C(=O)Nc3ccccc3Cl)c3ccccc23)N1Cc1ccncc1'],,,,,
5066,BRD-K35334027,['44489441'],['COc1ccc(CN(C)C[C@@H]2Oc3ccc(NC(=O)NC(C)C)cc3C(=O)N(C[C@H]2C)[C@@H](C)CO)cc1'],,,,,
5067,BRD-K35371149,['54657546'],['C[C@H](NC(=O)C[C@@H]1CC[C@H]2[C@@H](COC[C@H](O)CN2C(=O)Nc2cccc(Cl)c2)O1)c1ccccc1'],,,,,
5068,BRD-K35376105,['60184852'],['O=C(N1C[C@H]2N[C@@H](C1)[C@H]2c1ccc(cc1)-c1cccc(c1)C#N)c1ccc2OCOc2c1'],,,,,
5069,BRD-K35389996,['23648018'],['Cc1ccc(Nc2nc(NCCO)nc(n2)N3CCCC3)cc1'],,,,,
5070,BRD-K35400569,['54657906'],['O[C@H]1CN[C@H]2CC[C@H](CC(=O)Nc3nccs3)O[C@@H]2COC1'],,,,,
5071,BRD-K35404971,['54637985'],['CC(C)[C@@H](C)NC(=O)N(C)C[C@H]1OCc2ccccc2-c3ccccc3C(=O)N(C[C@H]1C)[C@@H](C)CO'],,,,,
5072,BRD-K35410462,['60184835'],['CN(C)C(=O)c1cccc(c1)-c1ccc(cc1)[C@H]1[C@H]2CN(Cc3cocn3)C[C@@H]1N2'],,,,,
5073,BRD-K35413818,['60138128'],['CCOC(=O)C1CCN(CC1)C(=O)C(C)(C)NC(=O)Nc1ccc(F)c(F)c1'],,,,,
5074,BRD-K35418438,['44487580'],['C[C@H](CO)N1C[C@@H](C)[C@H](CN(C)C(=O)Nc2ccccc2)OCCCC[C@@H](C)Oc3ccc(NC(=O)Nc4ccccc4)cc3C1=O'],,,,,
5075,BRD-K35429092,['44500631'],['C[C@@H](CO)N1C[C@H](C)[C@@H](CN(C)Cc2ccc(Oc3ccccc3)cc2)Oc4ccc(NC(=O)Nc5ccc6OCOc6c5)cc4C1=O'],,,,,
5076,BRD-K35440818,['54654575'],['CN1[C@H]2CC[C@H](CC(=O)N3CCOCC3)O[C@@H]2COc2ccc(NS(C)(=O)=O)cc2C1=O'],,,,,
5077,BRD-K35443780,['54620040'],['C[C@@H](CO)N1C[C@H](C)[C@H](CN(C)CC2CCOCC2)Oc3cc(C#Cc4ccccc4F)ccc3S1(=O)=O'],,,,,
5078,BRD-K35455895,['54654054'],['CN1[C@@H]2CC[C@H](CC(=O)NCc3ccc4OCOc4c3)O[C@H]2COc2ccc(NC(=O)c3ccccc3F)cc2C1=O'],,,,,
5079,BRD-K35462725,['54624302'],['C/C=C/c1ccc2c(O[C@@H](CN(C)C(=O)c3cccc(F)c3)[C@@H](C)CN([C@H](C)CO)S2(=O)=O)c1'],,,,,
5080,BRD-K35468072,['54652405'],['OC[C@H]1[C@H]2[C@H](CNc3ccccc23)N1Cc1cccnc1'],,,,,
5081,BRD-K35470597,['54638425'],['CN(C)CCCNC(=O)C[C@@H]1O[C@H](CO)[C@H](NC(=O)Nc2c(C)noc2C)C=C1'],,,,,
5082,BRD-K35493431,['54654016'],['CN1[C@@H]2CC[C@@H](CC(=O)NC3CCCC3)O[C@@H]2COc2ccc(NC(=O)c3cc(C)on3)cc2C1=O'],,,,,
5083,BRD-K35510956,['54657647'],['CN1CCN(CC1)C(=O)C[C@H]1CC[C@H]2[C@@H](COC[C@H](O)CN2C(=O)Nc2ccc3OCOc3c2)O1'],,,,,
5084,BRD-K35514965,['53338828'],['COc1cc(OC)cc(c1)-c1csc(n1)N1CCC(CC1)C(N)=O'],,,,,
5085,BRD-K35522276,['60190020'],['OC[C@H]1[C@@H](c2ccccc2)C2(CN(C2)S(=O)(=O)c2ccccc2)N1CC1CCCC1'],,,,,
5086,BRD-K35522326,['60190089'],['COc1ccc2c3c([nH]c2c1)[C@@H](CO)N(C[C@]31CCN(Cc2nccs2)CC1)C(=O)C1CCOCC1'],,,,,
5087,BRD-K35535652,['54649351'],['CC(C)(C)[S@@](=O)N1Cc2cc(nc(c2[C@H]1CCO)-c1cccc(c1)-c1cncnc1)C(=O)NCc1ccccc1F'],,,,,
5088,BRD-K35558120,['54657615'],['O[C@@H]1COC[C@H]2O[C@H](CC(=O)NCc3ccc(Cl)cc3)CC[C@@H]2N(Cc2cc(F)ccc2F)C1'],,,,,
5089,BRD-K35562235,['54661152'],['CCNC(=O)[C@H]1[C@H](CO)[C@H]2Cn3c(ccc(-c4ccc(F)cc4)c3=O)[C@H]2N1C(=O)Cc1cccnc1'],,,,,
5090,BRD-K35568648,['23892254'],['COC(=O)CCCCCCC(=O)N/N=C/c1ccc(Sc2nnc(C)n2C)o1'],,,,,
5091,BRD-K35571012,['54649520'],['CO[C@H]1CC[C@@H]2CCN(C)C(=O)[C@@H](C)[C@H](CN(C)C(=O)c3cc(ccc3OC[C@@H]1O2)C#N)OC'],,,,,
5092,BRD-K35577141,['44618375'],['CC(C)NC(=O)Nc1ccc2O[C@@H](C)CCCCO[C@@H](CN(C)C(=O)Nc3ccc(cc3)C(F)(F)F)[C@@H](C)CN([C@H](C)CO)C(=O)c2c1'],,,,,
5093,BRD-K35584941,['54654289'],['CN1[C@@H]2CC[C@H](CC(=O)NC3Cc4ccccc4C3)O[C@@H]2COc2ccc(NC(=O)c3ccc(cc3)C(F)(F)F)cc2C1=O'],,,,,
5094,BRD-K35589880,['54646630'],['OC[C@@H]1O[C@H](CC(=O)NCC(F)(F)F)C[C@@H]2[C@H]1Oc3ccc(NC(=O)c4cccnc4)cc23'],,,,,
5095,BRD-K35613686,['60191136'],['CCCC#Cc1ccc(cc1)[C@H]1[C@H](CO)N2[C@H]1CN(CC2=O)C(=O)Nc1cccc(F)c1'],,,,,
5096,BRD-K35616093,['54647366'],['OC[C@H]1O[C@@H](CC(=O)NCc2ccc3OCOc3c2)C[C@@H]4[C@H]1Oc5ccc(NC(=O)Nc6ccc(cc6)C(F)(F)F)cc45'],,,,,
5097,BRD-K35628245,['44484331'],['C[C@@H](CO)N1C[C@@H](C)[C@H](CN(C)C)Oc2ccc(NS(=O)(=O)c3ccccc3)cc2C1=O'],,,,,
5098,BRD-K35637774,['54654494'],['CN1[C@H]2CC[C@@H](CC(=O)NCc3ccc(Cl)cc3)O[C@@H]2COc2ccc(NC(=O)Nc3c(C)noc3C)cc2C1=O'],,,,,
5099,BRD-K35638681,['44506808'],['C[C@H](CO)N1C[C@@H](C)[C@H](CN(C)Cc2ccc(cc2)C(=O)Nc3ccccc3N)Oc4c(NC(=O)c5ccc(cc5)c6nccs6)cccc4C1=O'],,,,,
5100,BRD-K35654724,['54665098'],['COc1cccc(c1)-c1ccc2N[C@@H](CO)[C@H]3CCN([C@H]3c2c1)S(=O)(=O)c1cn(C)cn1'],,,,,
5101,BRD-K35660899,['54638569'],['CCS(=O)(=O)N[C@@H]1CC[C@@H](CC(=O)N2CCCCC2)O[C@@H]1CO'],,,,,
5102,BRD-K35691352,['56835566'],['COc1cccc(c1)c2cccc(c2)c3nc(cc4CN([C@H](CCO)c43)S(=O)C(C)(C)C)C(=O)O'],,,,,
5103,BRD-K35701136,['54654656'],['COC(=O)C[C@@H]1CC[C@@H]2[C@@H](COc3ccc(NC(=O)c4ccc(cc4)C(F)(F)F)cc3C(=O)N2C)O1'],,,,,
5104,BRD-K35702939,['54649984'],['COc1ccc(cc1)-c1ccc(cc1)[C@@H]1[C@@H](CO)N([C@@H]1C#N)C(=O)NC1CCCCC1'],,,,,
5105,BRD-K35716340,['1641662'],['C(Cn1c2ccccc2c3ccccc13)c4nc5ccccc5[nH]4'],,,,,
5106,BRD-K35719087,['44485530'],['C[C@@H](CO)N1C[C@H](C)[C@@H](CN(C)Cc2ccc(cc2)C(=O)O)Oc3ccc(NC(=O)C4CC4)cc3C1=O'],,,,,
5107,BRD-K35727710,['54631488'],['CO[C@H]1CN(C)C(=O)c2cc(NS(C)(=O)=O)ccc2OC[C@H](C)N(C[C@H]1C)C(=O)C1CCOCC1'],,,,,
5108,BRD-K35737468,['44142111'],['CC(C)(C)n1ncc2c(=O)n(Cc3cc(F)c(Cl)cc3Cl)cnc12'],,,,,
5109,BRD-K35738777,['54654424'],['CCS(=O)(=O)Nc1ccc2OC[C@@H]3O[C@H](CC(=O)N[C@@H]4CCN(Cc5ccccc5)C4)CC[C@H]3N(C)C(=O)c2c1'],,,,,
5110,BRD-K35743871,['54649537'],['CO[C@@H]1CC[C@H]2CCOc3c(cccc3C(=O)N(C)C[C@@H](CC(=O)N(C)C[C@@H]1O2)c1ccccc1)C#N'],,,,,
5111,BRD-K35745977,['60185457'],['Fc1cccc(CN2C[C@H]3N[C@@H](C2)[C@H]3c2ccc(cc2)-c2cncnc2)c1'],,,,,
5112,BRD-K35760166,['54651290'],['COCC(=O)NC[C@@H]1[C@@H]([C@H](CO)N1C(=O)C1CC1)c1ccc(cc1)C1=CCCC1'],,,,,
5113,BRD-K35769695,['54654578'],['COc1ccccc1C(=O)Nc1ccc2OC[C@H]3O[C@H](CC(=O)NCCc4ccncc4)CC[C@H]3N(C)C(=O)c2c1'],,,,,
5114,BRD-K35786295,['54638710'],['CCC(=O)N[C@@H]1CC[C@@H](CC(=O)NCc2ccccc2F)O[C@@H]1CO'],,,,,
5115,BRD-K35790918,['44142086'],['O=C(OCC#CCSc1nnc(o1)c2cccc3ccccc23)c4cccc5[nH]ccc45'],,,,,
5116,BRD-K35801103,['54661002'],['OC[C@@H]1[C@H]2Cn3c(ccc(-c4ccccc4)c3=O)[C@H]2N([C@H]1C(=O)NCCc1ccncc1)C(=O)C1CC1'],,,,,
5117,BRD-K35801592,['54650028'],['OC[C@@H]1[C@H]([C@H](C#N)N1C(=O)C1CCOCC1)c1ccc(cc1)C#Cc1cccc(F)c1'],,,,,
5118,BRD-K35809598,['54660788'],['COC(=O)[C@@H]1[C@@H](CO)[C@@H]2Cn3c(cccc3=O)[C@H]1N2Cc1nccs1'],,,,,
5119,BRD-K35836352,['44498560'],['COc1ccc(CN(C)C[C@@H]2OCc3cnnn3CCCC(=O)N(C[C@H]2C)[C@H](C)CO)cc1'],,,,,
5120,BRD-K35842817,['54666558'],['CN(C)C(=O)c1cccc(c1)-c1ccc(cc1)[C@@H]1[C@H](CO)N2CCCCN(CC3CCOCC3)C[C@H]12'],,,,,
5121,BRD-K35854261,['54618440'],['CC(C)NC(=O)N(C)C[C@@H]1Oc2ncc(C#CC3CC3)cc2C(=O)N(C[C@H]1C)[C@@H](C)CO'],,,,,
5122,BRD-K35858371,['12474112'],['CS(=O)(=O)c1nc(cs1)-c1ccc(Br)cc1'],,,,,
5123,BRD-K35860134,['54646517'],['OC[C@H]1O[C@H](CC(=O)NCc2ccc(Oc3ccccc3)cc2)C[C@H]4[C@@H]1Oc5ccc(NS(=O)(=O)c6ccc(F)cc6)cc45'],,,,,
5124,BRD-K35862891,['60185251'],['COc1cccc(c1)-c1ccc(cc1)[C@H]1[C@H]2CN(C[C@@H]1N2)C(=O)Cc1ccncc1'],,,,,
5125,BRD-K35868313,['54645956'],['OC[C@@H]1O[C@@H](CC(=O)NC2CCCC2)C[C@H]3[C@@H]1Oc4ccc(NC(=O)C5CCC5)cc34'],,,,,
5126,BRD-K35885715,['54638027'],['C[C@H](CO)N1C[C@@H](C)[C@H](CN(C)S(=O)(=O)c2ccsc2)OCc3ccccc3-c4c(C1=O)n(C)c5ccccc45'],,,,,
5127,BRD-K35886478,['54637911'],['C[C@H](CO)N1C[C@H](C)[C@H](CN(C)C(=O)CCN(C)C)OCc2ccccc2-c3ccccc3C1=O'],,,,,
5128,BRD-K35892797,['44491540'],['CNC[C@H]1Oc2ccc(NS(=O)(=O)c3ccccc3)cc2CC(=O)N(C[C@@H]1C)[C@H](C)CO'],,,,,
5129,BRD-K35900085,['54652648'],['CCC(=O)N1[C@H](CO)[C@@H]2[C@H]1CN(c1ccccc21)S(=O)(=O)c1ccccc1C'],,,,,
5130,BRD-K35915475,['54646710'],['CS(=O)(=O)Nc1ccc2O[C@@H]3[C@@H](C[C@@H](CC(=O)NCC4CC4)O[C@@H]3CO)c2c1'],,,,,
5131,BRD-K35920785,['23648019'],['OCCNc1nc(Nc2ccccc2Cl)nc(n1)N3CCCC3'],,,,,
5132,BRD-K35928056,['54637961'],['C[C@H](CO)N1C[C@H](C)[C@H](CN(C)C(=O)c2ccc(F)cc2)OCc3ccccc3-c4ccccc4C1=O'],,,,,
5133,BRD-K35932822,['49843275'],['C[C@@H](CO)N1C[C@@H](C)[C@H](CN(C)Cc2ccc(Cl)c(Cl)c2)OCCCC[C@H](C)Oc3ccc(NC(=O)Nc4ccc5OCOc5c4)cc3C1=O'],,,,,
5134,BRD-K35939150,['60191365'],['CCC(=O)N1C[C@H]2[C@@H]([C@H](CO)N2C(=O)C1)c1ccc(cc1)C#CCC(C)C'],,,,,
5135,BRD-K35944454,['54631341'],['CO[C@@H]1CN(C)C(=O)c2ccc(NS(=O)(=O)c3ccc(F)cc3)cc2OC[C@@H](C)N(C)C[C@H]1C'],,,,,
5136,BRD-K35944577,['54638664'],['OC[C@H]1O[C@H](CC(=O)NCC2CCCCC2)C=C[C@@H]1NC(=O)Nc1cccc(F)c1'],,,,,
5137,BRD-K35945912,['60189942'],['CCCNC(=O)N1CC[C@@]2(CC1)CN([C@H](CO)c1[nH]c3cc(OC)ccc3c21)C(=O)COC'],,,,,
5138,BRD-K35957449,['54638679'],['CCCNC(=O)N[C@H]1C=C[C@@H](CC(=O)NCCc2ccccc2)O[C@H]1CO'],,,,,
5139,BRD-K35961280,['747185'],['Cc1cc2nc(SCCN3CCCC3)[nH]c2cc1C'],,,,,
5140,BRD-K35965314,['54631463'],['CCCC(=O)Nc1ccc2c(OC[C@@H](C)N(Cc3cc(on3)-c3ccccc3)C[C@@H](C)[C@@H](CN(C)C2=O)OC)c1'],,,,,
5141,BRD-K35979672,['56835205'],['C[C@@H](CO)N1C[C@@H](C)[C@H](CN(C)C(=O)N[C@H](C)c2ccccc2)OCc3ccccc3-c4ccccc4C1=O'],,,,,
5142,BRD-K35995122,['54654091'],['COCCNC(=O)C[C@@H]1CC[C@@H]2[C@@H](COc3ccc(NC(=O)Cc4ccccc4)cc3C(=O)N2C)O1'],,,,,
5143,BRD-K35995762,['54646423'],['CN(C)CC(=O)Nc1ccc2O[C@H]3[C@H](C[C@@H](CC(=O)N4CCCCC4)O[C@@H]3CO)c2c1'],,,,,
5144,BRD-K36008374,['54649946'],['OC[C@H]1[C@@H]([C@@H](C#N)N1C(=O)c1cccc(F)c1)c1ccc(cc1)C1=CCCCC1'],,,,,
5145,BRD-K36018407,['54631659'],['CCCN1C[C@H](C)[C@@H](CN(C)C(=O)c2ccc(NC(=O)c3ccccc3F)cc2OC[C@H]1C)OC'],,,,,
5146,BRD-K36022244,['44490445'],['C[C@H](CO)N1C[C@@H](C)[C@H](CN(C)C(=O)Nc2ccc(F)cc2)OCCCC[C@@H](C)Oc3ccc(NS(=O)(=O)c4ccccc4)cc3C1=O'],,,,,
5147,BRD-K36026160,['54638557'],['OC[C@@H]1O[C@H](CC(=O)NCc2cccc(F)c2)CC[C@@H]1NC(=O)CN1CCOCC1'],,,,,
5148,BRD-K36031023,['16195819'],['CC(C)(C)[C@H]1C[C@@H](OCc2ccc(CO)cc2)OC(=C1)C(=O)O'],,,,,
5149,BRD-K36031516,['44493759'],['C[C@@H](CO)N1C[C@H](C)[C@@H](CN(C)C(=O)Nc2ccc(cc2)C(F)(F)F)Oc3ccc(NC(=O)Cc4ccccc4)cc3C1=O'],,,,,
5150,BRD-K36038115,['46172919'],['COc1ccc(Oc2c(Cl)cnn(-c3cc(C)cc(C)c3)c2=O)cc1'],,,,,
5151,BRD-K36048022,['44492067'],['CC(C)NC(=O)Nc1ccc2O[C@@H](C)CCCCO[C@H](CN(C)C)[C@H](C)CN([C@@H](C)CO)C(=O)c2c1'],,,,,
5152,BRD-K36054906,['54632106'],['CO[C@H]1CN(C)C(=O)c2cc(NC(=O)Cc3ccccc3)ccc2OC[C@H](C)N(C[C@@H]1C)C(C)=O'],,,,,
5153,BRD-K36057770,['54654445'],['COC(=O)C[C@@H]1CC[C@@H]2[C@@H](COc3ccc(NS(=O)(=O)c4ccccc4Cl)cc3C(=O)N2C)O1'],,,,,
5154,BRD-K36062164,['60191042'],['OC[C@H]1[C@@H]([C@H]2CN(CC(=O)N12)C(=O)Nc1ccc(F)cc1)c1ccc(cc1)-c1cccc(F)c1'],,,,,
5155,BRD-K36065557,['54649931'],['OC[C@H]1[C@@H]([C@H](C#N)N1C(=O)c1cccnc1)c1ccc(cc1)C#Cc1ccccc1F'],,,,,
5156,BRD-K36070105,['54649573'],['CO[C@@H]1CC[C@@H]2CCOc3c(cccc3C(=O)N(C)C[C@H](C)C(=O)N(C)C[C@H]1O2)C#N'],,,,,
5157,BRD-K36078054,['54649904'],['CCc1cnc(s1)N1[C@@H](CO)[C@H]([C@@H]1C#N)c1ccc(cc1)C#CC(C)C'],,,,,
5158,BRD-K36080978,['60191325'],['OC[C@@H]1[C@@H]([C@@H]2CNCC(=O)N12)c1ccc(cc1)-c1ccc(cc1)C#N'],,,,,
5159,BRD-K36081737,['54646552'],['CN(C)C(=O)C[C@@H]1C[C@H]2[C@H](Oc3ccc(NC(=O)CC4CC4)cc23)[C@@H](CO)O1'],,,,,
5160,BRD-K36087356,['2769230'],['COc1ccc(Sc2ccc(NC(=O)c3cccc(Cl)c3)cc2C#N)cc1'],,,,,
5161,BRD-K36091499,['44620377'],['C[C@H](CO)N1C[C@H](C)[C@@H](CN(C)Cc2ccccc2)Oc3ccc(NC(=O)CCCCCC(=O)Nc4ccccc4N)cc3CC1=O'],,,,,
5162,BRD-K36094929,['44488484'],['C[C@H](CO)N1C[C@@H](C)[C@@H](CN(C)Cc2ccncc2)Oc3ccc(NC(=O)Nc4cccc5ccccc45)cc3C1=O'],,,,,
5163,BRD-K36109933,['56835475'],['COc1ccc(OC(=O)N(C)C[C@@H]2OCc3ccccc3-c4ccccc4C(=O)N(C[C@H]2C)[C@@H](C)CO)cc1'],,,,,
5164,BRD-K36110199,['54646070'],['OC[C@@H]1O[C@H](CC(=O)NCC(F)(F)F)C[C@@H]2[C@H]1Oc3ccc(NS(=O)(=O)c4ccccc4)cc23'],,,,,
5165,BRD-K36111658,['855012'],['CCc1cc(=O)oc2cc(C)cc(OCC(=O)C(C)(C)C)c12'],,,,,
5166,BRD-K36111767,['1251584'],['Clc1ccc(cc1)C(=O)N2CCN(CC2)c3ccnc4cc(Cl)ccc34'],,,,,
5167,BRD-K36115176,['71760221'],['CCC(=O)N1[C@H](CO)[C@@H](c2ccccc2)C11CN(C1)C(=O)CN1CCOCC1'],,,,,
5168,BRD-K36115238,['54664929'],['OC[C@@H]1Nc2ccc(Br)cc2[C@H]2[C@@H]1CCN2C(=O)Cc1ccncc1'],,,,,
5169,BRD-K36128472,['60190179'],['C\\C=C\\c1ccc(cc1)[C@@H]1[C@@H](CO)N(C(=O)CN(C)C)C11CN(C1)C(=O)C1CCC1'],,,,,
5170,BRD-K36130407,['54657759'],['O[C@H]1COC[C@@H]2O[C@H](CC(=O)NCC3CCCCC3)CC[C@H]2N(C1)C(=O)Nc1ccc(Cl)cc1'],,,,,
5171,BRD-K36134449,['44487856'],['COc1ccc(NC(=O)Nc2ccc3O[C@@H](CN(C)Cc4ccc5OCOc5c4)[C@@H](C)CN([C@H](C)CO)C(=O)c3c2)cc1'],,,,,
5172,BRD-K36138091,['54654414'],['CCS(=O)(=O)Nc1ccc2OC[C@H]3O[C@@H](CC(=O)N[C@H]4CCN(Cc5ccccc5)C4)CC[C@H]3N(C)C(=O)c2c1'],,,,,
5173,BRD-K36144252,['54631509'],['CO[C@H]1CN(C)C(=O)c2ccc(NC(=O)C3CCOCC3)cc2OC[C@H](C)NC[C@H]1C'],,,,,
5174,BRD-K36149190,['54638720'],['COc1ccc(cc1)-c1cn(CC[C@H]2CC[C@@H](NC(=O)CCN3CCCCC3)[C@@H](CO)O2)nn1'],,,,,
5175,BRD-K36160951,['54638988'],['OC[C@@H]1O[C@H](CC(=O)NCCN2CCCC2)CC[C@H]1NC(=O)c1cccc(F)c1'],,,,,
5176,BRD-K36165258,['44504318'],['C[C@H](CO)N1C[C@H](C)[C@H](CN(C)C(=O)Cc2ccccc2)OCCCC[C@@H](C)Oc3ccc(cc3C1=O)N(C)C'],,,,,
5177,BRD-K36177038,['44490936'],['CC(C)NC(=O)Nc1ccc2O[C@H](C)CCCCO[C@@H](CN(C)C(=O)Cc3ccccc3)[C@H](C)CN([C@@H](C)CO)C(=O)c2c1'],,,,,
5178,BRD-K36192494,['54617784'],['C[C@@H](CO)N1C[C@@H](C)[C@H](CN(C)Cc2ccc(Cl)c(Cl)c2)OCCCC[C@@H](C)Oc3ccc(NS(=O)(=O)c4ccc(Cl)cc4)cc3C1=O'],,,,,
5179,BRD-K36194373,['60189672'],['CCS(=O)(=O)N1C[C@@]2(C1)CN(Cc1cccc(Cl)c1)[C@H](CO)c1c2c2ccc(OC)cc2n1C'],,,,,
5180,BRD-K36200934,['54649932'],['OC[C@H]1[C@@H]([C@@H](C#N)N1C(=O)c1cccnc1)c1ccc(cc1)C#Cc1ccccc1F'],,,,,
5181,BRD-K36203049,['54664832'],['CN1[C@@H](CO)[C@@H]2CCN([C@@H]2c2cc(ccc12)-c1ccc(cc1)C#N)S(=O)(=O)c1ccc(C)cc1'],,,,,
5182,BRD-K36206486,['54615048'],['C[C@H](CO)N1C[C@H](C)[C@@H](CN(C)CC2CC2)OCCCC[C@H](C)Oc3ccc(NS(=O)(=O)C)cc3C1=O'],,,,,
5183,BRD-K36209664,['54646211'],['OC[C@@H]1O[C@H](CC(=O)NCC(F)(F)F)C[C@H]2[C@@H]1Oc3ccc(NC(=O)c4ccc5OCOc5c4)cc23'],,,,,
5184,BRD-K36217065,['44505053'],['COc1cccc(CN(C)C[C@H]2OCc3cnnn3CCCC(=O)N(C[C@@H]2C)[C@H](C)CO)c1'],,,,,
5185,BRD-K36226647,['60190996'],['OC[C@H]1[C@H]([C@@H]2CN(CC(=O)N12)C(=O)Cc1ccccn1)c1ccc(cc1)C#CCC1CCCC1'],,,,,
5186,BRD-K36232701,['54649909'],['C\\C=C\\c1ccc(cc1)[C@H]1[C@@H](CO)N([C@H]1C#N)S(=O)(=O)c1cccc(F)c1'],,,,,
5187,BRD-K36232729,['60191343'],['CC(C)CC#Cc1ccc(cc1)[C@H]1[C@@H](CO)N2[C@H]1CN(CC2=O)C(=O)c1ccccn1'],,,,,
5188,BRD-K36232819,['54638934'],['OC[C@H]1O[C@H](CC(=O)NCc2ccc(Cl)c(Cl)c2)CC[C@@H]1NS(=O)(=O)c1ccc(F)cc1'],,,,,
5189,BRD-K36250651,['54639141'],['OC[C@@H]1O[C@@H](CC(=O)Nc2ccc(cc2)-c2ccccc2)CC[C@H]1NC(=O)Cc1cccnc1'],,,,,
5190,BRD-K36269259,['12707042'],['NCCc1cccc(O)c1O'],,,,,
5191,BRD-K36284700,['44619031'],['C[C@@H](CO)N1C[C@@H](C)[C@@H](CN(C)CC2CC2)OCCCC[C@@H](C)Oc3ccc(NC(=O)NC4CCCCC4)cc3C1=O'],,,,,
5192,BRD-K36287933,['5524574'],['COc1ccc(cc1)C(=O)ON=C(C)c2nccs2'],,,,,
5193,BRD-K36289669,['60184970'],['CCS(=O)(=O)N1CC[C@@]2(CC1)CN([C@@H](CO)c1c2c2ccc(OC)cc2n1C)C(=O)Nc1c(C)noc1C'],,,,,
5194,BRD-K36290066,['44489091'],['C[C@H](CO)N1C[C@H](C)[C@@H](CN(C)Cc2ccc(cc2)C(=O)O)Oc3c(NC(=O)Nc4cccc5ccccc45)cccc3C1=O'],,,,,
5195,BRD-K36296949,['54632058'],['CCCC(=O)Nc1ccc2c(OC[C@H](C)N(C[C@H](C)[C@H](CN(C)C2=O)OC)C(=O)c2cccnc2)c1'],,,,,
5196,BRD-K36313546,['54649399'],['COc1cccc(CNC(=O)c2cc3CN([C@H](CCO)c3c(n2)-c2cccc(c2)-c2ccncc2)[S@](=O)C(C)(C)C)c1'],,,,,
5197,BRD-K36317223,['44488287'],['C[C@@H](CO)N1C[C@@H](C)[C@H](CN(C)Cc2ccc(cc2)c3ccccc3)Oc4ccc(NC(=O)c5ccncc5)cc4C1=O'],,,,,
5198,BRD-K36333904,['54618656'],['C[C@@H](CO)N1C[C@H](C)[C@@H](CN(C)C(=O)c2ccc(F)cc2)Oc3cc(ccc3S1(=O)=O)C4=CCCC4'],,,,,
5199,BRD-K36337571,['60184856'],['COc1cccc(CN2[C@H]3CNC[C@@H]2[C@@H]3c2ccc(cc2)-c2ccccc2C)c1'],,,,,
5200,BRD-K36353158,['54651282'],['CCN(C[C@@H]1[C@@H]([C@@H](CO)N1C(=O)COC)c1ccccc1)S(C)(=O)=O'],,,,,
5201,BRD-K36354764,['44142133'],['Cn1nnnc1Sc2ncnc3scc(c4cccc(c4)C(F)(F)F)c23'],,,,,
5202,BRD-K36360168,['54646195'],['COC(=O)C[C@@H]1C[C@H]2[C@H](Oc3ccc(NC(=O)Nc4ccccc4)cc23)[C@@H](CO)O1'],,,,,
5203,BRD-K36365616,['60184999'],['Cc1ccccc1-c1ccc(cc1)[C@@H]1[C@@H]2CNC[C@H]1N2C(=O)Nc1ccc(Cl)cc1'],,,,,
5204,BRD-K36394966,['54618613'],['C[C@@H](CO)N1C[C@@H](C)[C@H](CN(C)C(=O)c2ccc3OCOc3c2)Oc4ncc(cc4C1=O)C5=CCCC5'],,,,,
5205,BRD-K36415399,['54632165'],['CO[C@H]1CN(C)C(=O)c2cc(NC(=O)Nc3cccc(F)c3)ccc2OC[C@@H](C)N(C[C@@H]1C)C(=O)Nc1c(C)noc1C'],,,,,
5206,BRD-K36418235,['54646611'],['OC[C@@H]1O[C@H](CC(=O)N2CCc3ccccc3C2)C[C@@H]4[C@H]1Oc5ccc(NC(=O)c6cccnc6)cc45'],,,,,
5207,BRD-K36424197,['54657856'],['COc1ccc(cc1)S(=O)(=O)N1C[C@H](O)COC[C@@H]2O[C@H](CC(=O)N[C@H]3CCN(Cc4ccccc4)C3)CC[C@@H]12'],,,,,
5208,BRD-K36424250,['54631504'],['CO[C@@H]1CN(C)C(=O)c2cc(NS(=O)(=O)c3ccc(C)cc3)ccc2OC[C@@H](C)N(C[C@@H]1C)C(=O)NC(C)C'],,,,,
5209,BRD-K36439830,['60184914'],['COc1cccc(NC(=O)N2[C@H]3CNC[C@@H]2[C@H]3c2ccc(cc2)-c2ccncc2)c1'],,,,,
5210,BRD-K36446300,['54654097'],['COCCNC(=O)C[C@H]1CC[C@H]2[C@@H](COc3ccc(NC(=O)Cc4ccccc4)cc3C(=O)N2C)O1'],,,,,
5211,BRD-K36446940,['60191386'],['OC[C@@H]1[C@H]([C@H]2CN(CC(=O)N12)C(=O)C1CCC1)c1ccc(Br)cc1'],,,,,
5212,BRD-K36462169,['54649294'],['CO[C@@H](CN(C)S(=O)(=O)c1ccc(F)cc1)[C@H](C)CN([C@@H](C)CO)C(=O)Nc1ccccc1F'],,,,,
5213,BRD-K36466190,['54614985'],['C[C@H](CO)N1C[C@H](C)[C@H](CN(C)C(=O)c2ccccc2)OCCCC[C@H](C)Oc3ccc(NC(=O)c4ccccc4)cc3C1=O'],,,,,
5214,BRD-K36467636,['54646360'],['CN(C)c1ccc2O[C@H]3[C@H](C[C@@H](CC(=O)NCc4ccccn4)O[C@H]3CO)c2c1'],,,,,
5215,BRD-K36471847,['54649549'],['CO[C@@H]1CC[C@H]2CCOc3c(cccc3C(=O)N(C)C[C@H](CC(=O)N(C)C[C@H]1O2)c1ccccc1)C#N'],,,,,
5216,BRD-K36489877,['44500658'],['C[C@@H](CO)N1C[C@@H](C)[C@@H](CN(C)C(=O)Nc2ccc(cc2)C(F)(F)F)Oc3ccc(NC(=O)Cc4ccccc4)cc3C1=O'],,,,,
5217,BRD-K36490574,['44484296'],['C[C@@H](CO)N1C[C@H](C)[C@H](CN(C)Cc2ccc(cc2)C(F)(F)F)Oc3ccc(NC(=O)Nc4ccccc4)cc3C1=O'],,,,,
5218,BRD-K36512157,['54632169'],['CO[C@H]1CN(C)C(=O)c2ccc(NC(=O)CC(F)(F)F)cc2OC[C@@H](C)N(C[C@@H]1C)S(=O)(=O)c1cn(C)cn1'],,,,,
5219,BRD-K36513323,['54638774'],['COC(=O)C[C@H]1O[C@H](CO)[C@@H](NC(=O)Nc2ccc(cc2)C(F)(F)F)C=C1'],,,,,
5220,BRD-K36553386,['54637862'],['C[C@H](CO)N1C[C@@H](C)[C@@H](CN(C)C(=O)c2ccncc2)OCc3ccccc3-c4ccccc4C1=O'],,,,,
5221,BRD-K36558227,['54639056'],['OC[C@H]1O[C@@H](CCNC(=O)C2CCC2)CC[C@@H]1NS(=O)(=O)Cc1ccccc1'],,,,,
5222,BRD-K36588736,['54664927'],['COCC(=O)N1CC[C@H]2[C@@H]1c1cc(ccc1N(C)[C@@H]2CO)-c1ccc(F)cc1'],,,,,
5223,BRD-K36591038,['4453692'],['Clc1nssc1=Nc2nncs2'],,,,,
5224,BRD-K36596745,['54646156'],['OC[C@H]1O[C@H](CC(=O)NCCN2CCCCC2)C[C@H]3[C@@H]1Oc4ccc(NC(=O)Cc5ccncc5)cc34'],,,,,
5225,BRD-K36596997,['54615071'],['C[C@H](CO)N1C[C@@H](C)[C@@H](CN(C)CC2CCCCC2)OCCCC[C@@H](C)Oc3ccc(NC(=O)c4ccncc4)cc3C1=O'],,,,,
5226,BRD-K36616116,['54652714'],['COc1ccc(cc1)C(=O)N1C[C@H]2[C@H]([C@@H](CO)N2C(=O)Cc2ccccn2)c2ccccc12'],,,,,
5227,BRD-K36617229,['60190105'],['COCC(=O)N1CC2(C1)[C@@H]([C@@H](CO)N2C(=O)COC)c1ccc(cc1)-c1cccc(F)c1'],,,,,
5228,BRD-K36618106,['54639144'],['OC[C@@H]1O[C@@H](CC(=O)N2CCN(CC2)c2ccccc2)C=C[C@@H]1NC(=O)c1ccncc1'],,,,,
5229,BRD-K36618304,['54646153'],['CN(C)c1ccc2O[C@H]3[C@H](C[C@H](CC(=O)NCCc4ccccc4)O[C@H]3CO)c2c1'],,,,,
5230,BRD-K36618611,['54638362'],['OC[C@@H]1O[C@H](CC(=O)NCCN2CCCCC2)C=C[C@@H]1NC(=O)c1cccnc1'],,,,,
5231,BRD-K36619075,['54652432'],['Cc1cccc(c1)S(=O)(=O)N1C[C@H]2[C@H]([C@H](CO)N2C(=O)C2CC2)c2ccccc12'],,,,,
5232,BRD-K36620425,['44485177'],['C[C@H](CO)N1C[C@H](C)[C@@H](CN(C)Cc2ccc(cc2)c3ccccc3)Oc4ccc(NC(=O)CCN5CCOCC5)cc4CC1=O'],,,,,
5233,BRD-K36623409,['54654242'],['CN1[C@H]2CC[C@@H](CC(=O)N[C@@H]3CCN(Cc4ccccc4)C3)O[C@@H]2COc2ccc(NC(=O)Nc3c(C)noc3C)cc2C1=O'],,,,,
5234,BRD-K36627189,['60189716'],['COc1ccc2c3c([C@@H](CO)N(C[C@]33CN(C3)C(=O)Cc3ccccc3)C(=O)c3ccccn3)n(C)c2c1'],,,,,
5235,BRD-K36633782,['54625379'],['CNC[C@H]1Oc2ncc(cc2C(=O)N(C[C@H]1C)[C@H](C)CO)c3ccc(C)cc3'],,,,,
5236,BRD-K36651002,['54631982'],['CCCN1C[C@@H](C)[C@H](CN(C)C(=O)c2ccc(NS(=O)(=O)c3cn(C)cn3)cc2OC[C@@H]1C)OC'],,,,,
5237,BRD-K36651625,['193422'],['C=CC(=O)N1CCN(CC1)C(=O)C=C'],,,,,
5238,BRD-K36654803,['44498613'],['COc1ccc(CN(C)C[C@H]2OCCCC[C@H](C)Oc3ccc(NC(=O)C4CCCCC4)cc3C(=O)N(C[C@@H]2C)[C@@H](C)CO)cc1'],,,,,
5239,BRD-K36656125,['54649415'],['CN(C)C(=O)c1cccc(c1)-c1cccc(c1)-c1nc(cc2CN([C@@H](CCO)c12)[S@@](=O)C(C)(C)C)C(=O)N1CCCCC1'],,,,,
5240,BRD-K36665199,['42288155'],['Fc1ccc(c(F)c1)-n1ncc2[C@H](CCCc12)NC(=O)c1ccccn1'],,,,,
5241,BRD-K36671358,['54654205'],['COc1ccccc1CNC(=O)C[C@@H]1CC[C@@H]2[C@H](COc3ccc(NS(=O)(=O)c4ccc(C)cc4)cc3C(=O)N2C)O1'],,,,,
5242,BRD-K36671795,['54646301'],['OC[C@@H]1O[C@@H](CC(=O)N2CCc3ccccc3C2)C[C@@H]4[C@H]1Oc5ccc(NC(=O)Cc6ccncc6)cc45'],,,,,
5243,BRD-K36675307,['60190955'],['COc1ccccc1NC(=O)N1C[C@@H]2[C@H]([C@H](CO)N2C(=O)C1)c1ccc(cc1)C#CC(C)C'],,,,,
5244,BRD-K36681355,['54654388'],['CN1[C@H]2CC[C@H](CC(=O)NCC(F)(F)F)O[C@@H]2COc2ccc(NC(=O)Nc3ccc(C)cc3)cc2C1=O'],,,,,
5245,BRD-K36701739,['54661401'],['COc1cccc(c1)-c1ccc2[C@H]3N[C@H]([C@H](CO)[C@H]3Cn2c1=O)C(=O)NC1Cc2ccccc2C1'],,,,,
5246,BRD-K36702054,['54618621'],['C[C@H](CO)N1C[C@@H](C)[C@H](CN(C)C(=O)C2CCCCC2)Oc3cc(C#CCN(C)C)ccc3S1(=O)=O'],,,,,
5247,BRD-K36708799,['54638832'],['COc1ccccc1S(=O)(=O)N[C@H]1C=C[C@H](CC(=O)N2CCCCC2)O[C@@H]1CO'],,,,,
5248,BRD-K36718717,['44488700'],['CC(C)NC(=O)N(C)C[C@@H]1OCc2cn(CCCC(=O)N(C[C@@H]1C)[C@@H](C)CO)nn2'],,,,,
5249,BRD-K36721554,['54649434'],['CC(C)(C)[S@@](=O)N1Cc2cc(nc(c2[C@H]1CCO)-c1cccc(c1)-c1cccnc1)C(=O)NCc1ccccc1F'],,,,,
5250,BRD-K36725752,['54660750'],['OC[C@H]1[C@@H]2Cn3c(ccc(-c4ccccc4)c3=O)[C@H]([C@@H]1C(=O)NC1CCCC1)N2CCc1ccccc1'],,,,,
5251,BRD-K36741877,['54649462'],['COc1ccc(CNC(=O)c2cc3CN([C@@H](CCO)c3c(n2)-c2cccc(c2)-c2ccc(cc2)C#N)[S@@](=O)C(C)(C)C)cc1'],,,,,
5252,BRD-K36747900,['54638598'],['Cc1cccc(c1)S(=O)(=O)N[C@@H]1CC[C@H](CCNC(=O)c2cnccn2)O[C@H]1CO'],,,,,
5253,BRD-K36754063,['60184996'],['COc1ccc2c3c([C@@H](CO)N(C[C@]33CCN(CC4CCCC4)CC3)C(=O)C3CCC3)n(C)c2c1'],,,,,
5254,BRD-K36754064,['44500828'],['C[C@H](CO)N1C[C@@H](C)[C@H](CN(C)S(=O)(=O)c2ccc(F)cc2)Oc3ccc(NC(=O)Nc4ccc(cc4)C(F)(F)F)cc3CC1=O'],,,,,
5255,BRD-K36767861,['44499704'],['C[C@H](CO)N1C[C@H](C)[C@H](CN(C)S(=O)(=O)c2cccs2)Oc3c(NC(=O)C4CC4)cccc3C1=O'],,,,,
5256,BRD-K36772364,['975656'],['O=C(CSc1cccc2cccnc12)N3CCCC3'],,,,,
5257,BRD-K36773541,['54666524'],['COc1ccccc1C#Cc1ccc(cc1)[C@@H]1[C@@H](CO)N2CCCCN(C[C@H]12)C(=O)C1CCC1'],,,,,
5258,BRD-K36777393,['54649317'],['CO[C@@H](CN(C)S(=O)(=O)c1cccc(Cl)c1)[C@H](C)CN([C@@H](C)CO)S(=O)(=O)c1ccc(Cl)cc1'],,,,,
5259,BRD-K36787562,['60191001'],['COc1ccc(cc1)C#Cc1ccc(cc1)[C@@H]1[C@H](CO)N2[C@H]1CN(CC2=O)C(=O)NC(C)C'],,,,,
5260,BRD-K36796217,['54654353'],['COC(=O)C[C@@H]1CC[C@@H]2[C@@H](COc3ccc(NC(=O)c4cccc(Cl)c4)cc3C(=O)N2C)O1'],,,,,
5261,BRD-K36801622,['54618639'],['COCC(=O)N(C)C[C@H]1Oc2cc(C#Cc3cccnc3)ccc2S(=O)(=O)N(C[C@@H]1C)[C@@H](C)CO'],,,,,
5262,BRD-K36817836,['1086218'],['CCc1nc(SCC(=O)N2CCc3cc(OC)c(OC)cc3C2)c(C#N)cc1C'],,,,,
5263,BRD-K36820092,['60189970'],['COc1ccc2c3c([nH]c2c1)[C@H](CO)N(C[C@]31CCN(CC1)C(=O)C1CCC1)C(=O)c1ccncc1'],,,,,
5264,BRD-K36826042,['54666555'],['OC[C@H]1[C@H]([C@H]2CN(CCCCN12)C(=O)c1cccc(F)c1)c1ccc(cc1)C#CC1(O)CCCC1'],,,,,
5265,BRD-K36835942,['54649389'],['COc1ccc(cc1)-c1cccc(c1)-c1nc(cc2CN([C@H](CCO)c12)[S@](=O)C(C)(C)C)C(=O)N(C)C'],,,,,
5266,BRD-K36841620,['60189851'],['OC[C@H]1[C@@H](c2ccccc2)C2(CN(C2)C(=O)Cc2cccnc2)N1C(=O)C1CCOCC1'],,,,,
5267,BRD-K36853464,['54654172'],['COc1cccc(CNC(=O)C[C@H]2CC[C@@H]3[C@H](COc4ccc(NC(=O)c5cccs5)cc4C(=O)N3C)O2)c1'],,,,,
5268,BRD-K36864553,['44502476'],['COc1ccc(CN(C)C[C@H]2OCCCC[C@@H](C)Oc3ccc(NC(=O)C4CCCCC4)cc3C(=O)N(C[C@@H]2C)[C@H](C)CO)cc1'],,,,,
5269,BRD-K36864604,['44504418'],['C[C@@H](CO)N1C[C@H](C)[C@H](CN(C)S(=O)(=O)C)Oc2ccc(NC(=O)Nc3ccc(cc3)C(F)(F)F)cc2CC1=O'],,,,,
5270,BRD-K36870972,['54638255'],['CC(C)NC(=O)NCC[C@@H]1CC[C@H](NC(=O)CCN2CCCCC2)[C@@H](CO)O1'],,,,,
5271,BRD-K36895979,['44483523'],['C[C@H](CO)N1C[C@H](C)[C@H](CN(C)S(=O)(=O)c2ccccc2)Oc3ccc(NC(=O)Nc4ccc(cc4)C(F)(F)F)cc3C1=O'],,,,,
5272,BRD-K36899442,['54646248'],['OC[C@@H]1O[C@H](CC(=O)NCc2ccc3OCOc3c2)C[C@@H]4[C@H]1Oc5ccc(NC(=O)Nc6ccccc6F)cc45'],,,,,
5273,BRD-K36906780,['44488670'],['CC(C)NC(=O)N(C)C[C@H]1Oc2ccc(cc2CC(=O)N(C[C@H]1C)[C@@H](C)CO)N(C)C'],,,,,
5274,BRD-K36908385,['54632140'],['CCCC(=O)Nc1ccc2c(OC[C@H](C)N(C[C@@H](C)[C@H](CN(C)C2=O)OC)C(=O)c2cccnc2)c1'],,,,,
5275,BRD-K36910796,['44503610'],['CC(C)NC(=O)N(C)C[C@H]1OCCCC[C@@H](C)Oc2ccc(NC(=O)NC3CCCCC3)cc2C(=O)N(C[C@@H]1C)[C@H](C)CO'],,,,,
5276,BRD-K36928611,['44486720'],['CC(C)NC(=O)Nc1ccc2O[C@H](CN(C)Cc3ccc(cc3)c4ccccc4)[C@H](C)CN([C@@H](C)CO)C(=O)c2c1'],,,,,
5277,BRD-K36928794,['54649385'],['COc1ccc(cc1)-c1cccc(c1)-c1nc(cc2CN([C@H](CCO)c12)[S@](=O)C(C)(C)C)C(=O)NCC(F)(F)F'],,,,,
5278,BRD-K36938987,['60191134'],['OC[C@@H]1[C@@H]([C@H]2CN(CC(=O)N12)C(=O)c1cccnc1)c1ccc(cc1)-c1ccccc1F'],,,,,
5279,BRD-K36951400,['54631640'],['CCCNC(=O)N1C[C@H](C)[C@H](CN(C)C(=O)c2ccc(NC(=O)C3CCC3)cc2OC[C@H]1C)OC'],,,,,
5280,BRD-K36953952,['60184873'],['COc1ccc2c3c([C@H](CO)N(CC4CCOCC4)C[C@]33CCN(CC3)C(=O)CN(C)C)n(C)c2c1'],,,,,
5281,BRD-K36961201,['54651331'],['CCC(=O)NC[C@H]1[C@@H]([C@@H](CO)N1C(=O)C1CCC1)c1ccccc1'],,,,,
5282,BRD-K36961456,['54652445'],['COc1ccccc1CN1[C@H](CO)[C@H]2[C@@H]1CN(C(=O)C1CCCCC1)c1ccccc21'],,,,,
5283,BRD-K36962815,['54657974'],['COC(=O)C[C@@H]1CC[C@H]2[C@@H](COC[C@H](O)CN2S(=O)(=O)c2ccccc2OC)O1'],,,,,
5284,BRD-K36970122,['54646504'],['COCCNC(=O)C[C@H]1C[C@@H]2[C@@H](Oc3ccc(NC(=O)Nc4ccc(cc4)C(F)(F)F)cc23)[C@@H](CO)O1'],,,,,
5285,BRD-K36984542,['60185121'],['COc1ccc2c3c([C@H](CO)N(CC4CC4)C[C@]33CN(Cc4ccc(F)cc4)C3)n(C)c2c1'],,,,,
5286,BRD-K36991730,['60189957'],['COc1ccc2c3c([nH]c2c1)[C@@H](CO)N(C[C@]31CCN(CC1)S(C)(=O)=O)C(=O)c1cnccn1'],,,,,
5287,BRD-K36994929,['54646752'],['COC(=O)C[C@@H]1C[C@@H]2[C@@H](Oc3ccc(NC(=O)CN(C)C)cc23)[C@H](CO)O1'],,,,,
5288,BRD-K37010295,['54654327'],['CN1[C@@H]2CC[C@@H](CC(=O)N[C@H]3CCN(Cc4ccccc4)C3)O[C@H]2COc2ccc(NC(=O)c3ccc(F)c(F)c3)cc2C1=O'],,,,,
5289,BRD-K37014875,['54649542'],['CO[C@H]1CC[C@H]2CCOc3c(cccc3C(=O)N(C)C[C@@H](CC(=O)N(C)C[C@@H]1O2)c1ccccc1)C#N'],,,,,
5290,BRD-K37020290,['54646228'],['OC[C@@H]1O[C@H](CC(=O)NCc2ccncc2)C[C@H]3[C@@H]1Oc4ccc(NC(=O)NC5CCCC5)cc34'],,,,,
5291,BRD-K37021324,['24747241'],['OCCNc1nc(Nc2cc(Cl)ccc2OC3CCCC3)nc(n1)N4CCCC4'],,,,,
5292,BRD-K37043259,['44506240'],['C[C@@H](CO)N1C[C@H](C)[C@@H](CN(C)Cc2ccc(cc2)C(=O)Nc3ccccc3N)Oc4ccc(cc4C1=O)N(C)C'],,,,,
5293,BRD-K37048848,['44490552'],['C[C@H](CO)N1C[C@@H](C)[C@H](CN(C)C(=O)Nc2ccc3OCOc3c2)Oc4ccc(NC(=O)CCCN(C)C)cc4C1=O'],,,,,
5294,BRD-K37060179,['54646296'],['OC[C@H]1O[C@H](CC(=O)NCc2cc(F)ccc2F)C[C@@H]3[C@H]1Oc4ccc(NC(=O)Nc5ccc(cc5)C(F)(F)F)cc34'],,,,,
5295,BRD-K37061750,['3538139'],['COc1ccc(cc1NC(=O)c2ccc(cc2)n3nc(C)cc3C)S(=O)(=O)N4CCOCC4'],,,,,
5296,BRD-K37073485,['44497398'],['C[C@H](CO)N1C[C@H](C)[C@@H](CN(C)Cc2ccc3OCOc3c2)Oc4ccc(NC(=O)CCCCCC(=O)Nc5ccccc5N)cc4CC1=O'],,,,,
5297,BRD-K37088230,['54654556'],['CN(C)C(=O)C[C@@H]1CC[C@@H]2[C@@H](COc3ccc(NC(=O)c4ccc(F)cc4)cc3C(=O)N2C)O1'],,,,,
5298,BRD-K37090607,['54618442'],['C[C@H](CO)N1C[C@H](C)[C@H](CN(C)Cc2ccc(Oc3ccccc3)cc2)Oc4ncc(cc4C1=O)c5cncnc5'],,,,,
5299,BRD-K37106459,['54639129'],['Cc1ccc(cc1)S(=O)(=O)N[C@H]1CC[C@H](CC(=O)N2CCc3ccccc3C2)O[C@H]1CO'],,,,,
5300,BRD-K37124285,['12909391'],['Brc1ccc2CCc3ccccc3C(=O)c2c1'],,,,,
5301,BRD-K37127287,['54666504'],['OC[C@@H]1[C@@H]([C@H]2CN(Cc3ccccn3)CCCCN12)c1ccc(Br)cc1'],,,,,
5302,BRD-K37127624,['7708820'],['CC1CCN(CC1)C(=O)Cn2c3ccccc3c4nc5SCCCn5c(=O)c24'],,,,,
5303,BRD-K37140349,['54651281'],['CN(C(C)=O)C[C@H]1N(C(C)=O)[C@@H](CO)[C@@H]1c1ccc(cc1)-c1cccc(C#N)c1'],,,,,
5304,BRD-K37141476,['3116236'],['CCOc1ccc(cc1[N+](=O)[O-])C(=O)Nc2ccc(cc2)c3nc4ccccc4[nH]3'],,,,,
5305,BRD-K37149438,['44617281'],['C[C@@H](CO)N1C[C@H](C)[C@@H](CN(C)C(=O)NC2CCCCC2)OCCCC[C@@H](C)Oc3ccc(NC(=O)CCC(F)(F)F)cc3C1=O'],,,,,
5306,BRD-K37150847,['3243873'],['COC(=O)Cn1nc(c2ccccc2)c3ccccc13'],,,,,
5307,BRD-K37160016,['44488511'],['C[C@H](CO)N1C[C@H](C)[C@@H](CN(C)Cc2ccc3OCOc3c2)Oc4ccc(NC(=O)CCCN(C)C)cc4C1=O'],,,,,
5308,BRD-K37160541,['25181240'],['[O-][N+](=O)c1c(Br)cccc1\\N=c1\\ssnc1Cl'],,,,,
5309,BRD-K37167897,['44496407'],['CNC[C@@H]1OCc2cnnn2CCCC(=O)N(C[C@@H]1C)[C@H](C)CO'],,,,,
5310,BRD-K37168393,['54618568'],['C[C@@H](CO)N1C[C@H](C)[C@@H](CN(C)C)Oc2cc(C#Cc3ccccn3)ccc2S1(=O)=O'],,,,,
5311,BRD-K37174007,['60185267'],['CCCC(=O)N1CC[C@@]2(CC1)CN(Cc1ccc(Cl)cc1)[C@H](CO)c1[nH]c3cc(OC)ccc3c21'],,,,,
5312,BRD-K37184875,['60191193'],['CC(C)C#Cc1ccc(cc1)[C@H]1[C@@H](CO)N2[C@@H]1CN(CC2=O)S(=O)(=O)c1ccccc1'],,,,,
5313,BRD-K37185609,['60184146'],['COc1ccc2c3c([C@H](CO)N(Cc4ccccc4Cl)C[C@]33CN(C3)C(=O)CC3CC3)n(C)c2c1'],,,,,
5314,BRD-K37197256,['54649974'],['OC[C@H]1[C@@H]([C@H](C#N)N1S(=O)(=O)Cc1ccccc1)c1ccccc1'],,,,,
5315,BRD-K37225168,['54631460'],['CO[C@@H]1CN(C)C(=O)c2cc(NC(=O)C3CC3)ccc2OC[C@@H](C)N(C[C@@H]1C)C(=O)c1cccnc1'],,,,,
5316,BRD-K37225211,['54649990'],['COc1ccccc1-c1ccc(cc1)[C@H]1[C@H](CO)N([C@H]1C#N)C(=O)CN(C)C'],,,,,
5317,BRD-K37226311,['54615967'],['C[C@@H](CO)N1C[C@@H](C)[C@H](CN(C)Cc2ccncc2)OCCCC[C@@H](C)Oc3ccc(NS(=O)(=O)c4cccs4)cc3C1=O'],,,,,
5318,BRD-K37231045,['54618625'],['COc1ccc(C#Cc2ccc3c(O[C@H](CN(C)C(=O)CN4CCOCC4)[C@@H](C)CN([C@@H](C)CO)S3(=O)=O)c2)cc1'],,,,,
5319,BRD-K37246443,['54652687'],['CCCNC(=O)N1[C@H](CO)[C@H]2[C@@H]1CN(C(=O)c1cccnc1)c1ccccc21'],,,,,
5320,BRD-K37249103,['54652640'],['OC[C@H]1[C@@H]2[C@@H](CN(C(=O)c3cccc(F)c3)c3ccccc23)N1C(=O)C1CCOCC1'],,,,,
5321,BRD-K37251488,['54652693'],['OC[C@@H]1[C@@H]2[C@@H](CN(C(=O)c3ccccn3)c3ccccc23)N1C(=O)Nc1ccccc1F'],,,,,
5322,BRD-K37255594,['54645900'],['OC[C@@H]1O[C@@H](CC(=O)NCc2cccnc2)C[C@@H]3[C@H]1Oc4ccc(NC(=O)C5CCOCC5)cc34'],,,,,
5323,BRD-K37262906,['44500041'],['COc1ccc(NC(=O)Nc2cccc3C(=O)N(C[C@@H](C)[C@H](CN(C)Cc4ccc5OCOc5c4)Oc23)[C@@H](C)CO)cc1'],,,,,
5324,BRD-K37268490,['60183604'],['CN1[C@H](CO)[C@@H]2CCN([C@@H]2c2cc(ccc12)C1=CCCCC1)C(=O)C1CCC1'],,,,,
5325,BRD-K37273423,['60185050'],['COc1ccc2c3c([C@H](CO)N(C[C@]33CN(C3)C(=O)c3ccccc3F)C(=O)Nc3ccccc3F)n(C)c2c1'],,,,,
5326,BRD-K37277634,['54652699'],['COc1ccccc1CN1[C@H](CO)[C@@H]2[C@H]1CN(C(=O)c1cccnc1)c1ccccc21'],,,,,
5327,BRD-K37282474,['54651406'],['OC[C@H]1[C@@H]([C@H](CNCC2CCC2)N1C(=O)Cc1cccnc1)c1ccccc1'],,,,,
5328,BRD-K37284732,['54661278'],['CCCN1[C@H]2Cn3c(ccc(-c4cccc(F)c4)c3=O)[C@@H]1[C@@H]([C@H]2CO)C(=O)NCC1CC1'],,,,,
5329,BRD-K37290471,['60191391'],['OC[C@@H]1[C@@H]([C@H]2CN(CC(=O)N12)C(=O)C1CCC1)c1ccc(Br)cc1'],,,,,
5330,BRD-K37290968,['60191280'],['C\\C=C\\c1ccc(cc1)[C@@H]1[C@H](CO)N2[C@@H]1CN(CC2=O)C(=O)Nc1ccc(F)cc1'],,,,,
5331,BRD-K37291743,['60185279'],['O=C(C1CCCCC1)N1C[C@H]2N[C@@H](C1)[C@H]2c1ccc(cc1)-c1ccc(cc1)C#N'],,,,,
5332,BRD-K37299375,['54649473'],['CC(C)(C)[S@@](=O)N1Cc2cc(nc(c2[C@H]1CCO)-c1cccc(c1)-c1ccc(cc1)C#N)C(=O)NCCN1CCCCC1'],,,,,
5333,BRD-K37300049,['54645823'],['CCCNC(=O)C[C@H]1C[C@@H]2[C@@H](Oc3ccc(NC(=O)Nc4ccccc4F)cc23)[C@H](CO)O1'],,,,,
5334,BRD-K37303684,['54638394'],['COc1ccccc1S(=O)(=O)N[C@@H]1CC[C@H](CCNC(=O)C2CCOCC2)O[C@@H]1CO'],,,,,
5335,BRD-K37306329,['44492055'],['C[C@H](CO)N1C[C@@H](C)[C@@H](CN(C)C(=O)Nc2ccccc2C(F)(F)F)OCc3cn(CCCC1=O)nn3'],,,,,
5336,BRD-K37306336,['60185170'],['O=C(C1CCOCC1)N1C[C@H]2N[C@@H](C1)[C@@H]2c1ccc(\\C=C\\c2ccccc2)cc1'],,,,,
5337,BRD-K37316418,['54637913'],['C[C@H](CO)N1C[C@@H](C)[C@@H](CN(C)C(=O)CCN(C)C)OCc2ccccc2-c3ccccc3C1=O'],,,,,
5338,BRD-K37316675,['54650042'],['CN(C)C(=O)c1cccc(c1)-c1ccc(cc1)[C@H]1[C@@H](CO)N([C@H]1C#N)C(=O)C1CC1'],,,,,
5339,BRD-K37317589,['60192386'],['COc1ccc2c3c([C@@H](CO)NC[C@]33CN(C3)C(C)=O)n(C)c2c1'],,,,,
5340,BRD-K37322457,['44617221'],['C[C@@H](CO)N1C[C@H](C)[C@H](CN(C)S(=O)(=O)c2ccc(Cl)cc2)OCCCC[C@@H](C)Oc3ccc(NC(=O)Nc4c(C)noc4C)cc3C1=O'],,,,,
5341,BRD-K37323001,['16752640'],['OC(=O)[C@@H](Cc1cccc2ccccc12)N1C(=O)c2ccc(cc2C1=O)C(O)=O'],,,,,
5342,BRD-K37340147,['54615074'],['C[C@H](CO)N1C[C@@H](C)[C@H](CN(C)CC2CCCCC2)OCCCC[C@@H](C)Oc3ccc(NC(=O)c4ccncc4)cc3C1=O'],,,,,
5343,BRD-K37340241,['23777578'],['CC(C)C[C@@H]1NC(=O)[C@H]2C[C@H]([C@H](N2C1=O)c3ccc(O)cc3)C(=O)NCCCCCNC(=O)CS'],,,,,
5344,BRD-K37344040,['54638643'],['OC[C@H]1O[C@@H](CC(=O)NCc2ccc(Cl)c(Cl)c2)C=C[C@@H]1NS(=O)(=O)c1ccccc1'],,,,,
5345,BRD-K37357048,['54637839'],['COc1ccc(CNC(=O)N(C)C[C@H]2OCc3ccccc3-c4c(C(=O)N(C[C@H]2C)[C@H](C)CO)n(C)c5ccccc45)cc1'],,,,,
5346,BRD-K37357652,['54649917'],['COc1cccc(c1)-c1ccc(cc1)[C@H]1[C@@H](CO)N(C(=O)Cc2ccncc2)[C@H]1C#N'],,,,,
5347,BRD-K37365015,['159916'],['CN(C)CCCN1c2cc(Cl)ccc2Sc2cc(O)c(O)cc12'],,,,,
5348,BRD-K37369665,['54646191'],['COc1ccccc1CNC(=O)C[C@@H]2C[C@H]3[C@H](Oc4ccc(NS(=O)(=O)c5ccc(F)cc5)cc34)[C@H](CO)O2'],,,,,
5349,BRD-K37372998,['24747160'],['Cn1c(=O)c([N+][O-])c(N)n(Cc2ccccc2)c1=S'],,,,,
5350,BRD-K37393297,['715454'],['Cc1cc(C)nc(SCC(=O)c2ccc(O)c(O)c2)n1'],,,,,
5351,BRD-K37398676,['54637770'],['C[C@H](CO)N1C[C@H](C)[C@@H](CN(C)C(=O)[C@H]2CCCN2C)OCc3ccccc3-c4ccccc4C1=O'],,,,,
5352,BRD-K37399041,['60191129'],['COc1ccc(cc1)-c1ccc(cc1)[C@H]1[C@H](CO)N2[C@@H]1CN(Cc1ccccc1)CC2=O'],,,,,
5353,BRD-K37405154,['54649410'],['CC(C)(C)[S@@](=O)N1Cc2cc(nc(c2[C@H]1CCO)-c1cccc(c1)-c1ccc(cc1)C#N)C(=O)N1CCOCC1'],,,,,
5354,BRD-K37407046,['44485764'],['C[C@H](CO)N1C[C@H](C)[C@@H](CN(C)C)OCc2cn(CCCC1=O)nn2'],,,,,
5355,BRD-K37413063,['3361211'],['COc1ccc(OC)c(NC(=O)c2ccccc2OC(=O)C)c1'],,,,,
5356,BRD-K37434018,['54645960'],['COCC(=O)Nc1ccc2O[C@@H]3[C@@H](C[C@H](CC(=O)N4CCOCC4)O[C@H]3CO)c2c1'],,,,,
5357,BRD-K37434447,['54649369'],['CN(C)C(=O)c1cccc(c1)-c1cccc(c1)-c1nc(cc2CN([C@H](CCO)c12)[S@](=O)C(C)(C)C)C(=O)N1CCOCC1'],,,,,
5358,BRD-K37451830,['54661444'],['OC[C@@H]1[C@H]2Cn3c(ccc(C4=CCCCC4)c3=O)[C@H]2N[C@H]1C(=O)NCC1CC1'],,,,,
5359,BRD-K37457040,['54632212'],['CCCN1C[C@H](C)[C@@H](CN(C)C(=O)c2ccc(NS(=O)(=O)c3cn(C)cn3)cc2OC[C@H]1C)OC'],,,,,
5360,BRD-K37459628,['44619911'],['C[C@@H](CO)N1C[C@@H](C)[C@@H](CN(C)C(=O)c2ccccc2)OCCCC[C@@H](C)Oc3ccc(NC(=O)c4ccccc4)cc3C1=O'],,,,,
5361,BRD-K37461197,['54650173'],['C\\C=C\\c1ccc(cc1)[C@@H]1[C@@H](CO)N([C@@H]1C#N)C(=O)c1cccnc1'],,,,,
5362,BRD-K37477851,['60184949'],['COc1cccc(c1)-c1ccc(cc1)[C@H]1[C@H]2CN(C[C@@H]1N2)S(=O)(=O)c1ccccc1F'],,,,,
5363,BRD-K37478894,['54652535'],['COc1cccc(c1)C(=O)N1C[C@@H]2[C@@H]([C@@H](CO)N2Cc2ccccc2Cl)c2ccccc12'],,,,,
5364,BRD-K37482798,['54645924'],['OC[C@@H]1O[C@@H](CC(=O)NCCN2CCCCC2)C[C@@H]3[C@H]1Oc4ccc(NS(=O)(=O)c5ccc(F)cc5)cc34'],,,,,
5365,BRD-K37487131,['44504999'],['COc1ccc(OC(=O)N(C)C[C@@H]2OCc3cn(CCCC(=O)N(C[C@@H]2C)[C@H](C)CO)nn3)cc1'],,,,,
5366,BRD-K37495811,['44504748'],['C[C@H](CO)N1C[C@H](C)[C@H](CN(C)CC2CC2)OCCCC[C@@H](C)Oc3ccc(NC(=O)C4CCCCC4)cc3C1=O'],,,,,
5367,BRD-K37498076,['60138088'],['COc1cc(F)c(c(F)c1)S(=O)(=O)N1CCCN(CC1)S(=O)(=O)c1cccc(N)c1'],,,,,
5368,BRD-K37510840,['54646476'],['C[C@@H](NC(=O)C[C@H]1C[C@@H]2[C@@H](Oc3ccc(NC(=O)C4CCOCC4)cc23)[C@@H](CO)O1)c5ccccc5'],,,,,
5369,BRD-K37513668,['44505866'],['COc1ccccc1NC(=O)N(C)C[C@H]2OCc3cn(CCCC(=O)N(C[C@H]2C)[C@@H](C)CO)nn3'],,,,,
5370,BRD-K37517867,['54631290'],['CCC(=O)Nc1ccc2OC[C@@H](C)N(C[C@H](C)[C@H](CN(C)C(=O)c2c1)OC)C(=O)CC'],,,,,
5371,BRD-K37530005,['54650044'],['CN(C)C(=O)c1cccc(c1)-c1ccc(cc1)[C@@H]1[C@@H](CO)N([C@H]1C#N)C(=O)C1CC1'],,,,,
5372,BRD-K37545156,['44485078'],['C[C@@H](CO)N1C[C@@H](C)[C@@H](CN(C)C)OCc2cn(CCCC1=O)nn2'],,,,,
5373,BRD-K37549600,['871154'],['CC(=O)Nc1nc(nc(n1)c2ccccc2OC(=O)C)c3ccccc3'],,,,,
5374,BRD-K37551767,['54657945'],['O[C@H]1COC[C@@H]2O[C@H](CC(=O)NCC3CCCCC3)CC[C@H]2N(Cc2cccc(Cl)c2)C1'],,,,,
5375,BRD-K37552925,['54638474'],['COCc1cn(CC[C@@H]2CC[C@H](NC(=O)Nc3ccc(cc3)C(F)(F)F)[C@@H](CO)O2)nn1'],,,,,
5376,BRD-K37556205,['54638579'],['OC[C@H]1O[C@H](CCNC(=O)c2cc(Cl)cc(Cl)c2)CC[C@H]1NC(=O)C1CCOCC1'],,,,,
5377,BRD-K37557400,['44485312'],['C[C@H](CO)N1C[C@@H](C)[C@H](CN(C)C)Oc2ccc(NC(=O)C3CC3)cc2C1=O'],,,,,
5378,BRD-K37562700,['54652551'],['CC(=O)N1[C@@H](CO)[C@H]2[C@@H]1CN(c1ccccc21)S(=O)(=O)c1ccc(F)cc1'],,,,,
5379,BRD-K37563991,['44486355'],['C[C@@H](CO)N1C[C@H](C)[C@H](CN(C)C(=O)Nc2cccc(Oc3ccccn3)c2)OCc4cn(CCCC1=O)nn4'],,,,,
5380,BRD-K37569719,['60189680'],['COc1ccc(NC(=O)N2CC[C@@]3(CC2)CN([C@@H](CO)c2[nH]c4cc(OC)ccc4c32)C(=O)CN2CCOCC2)cc1'],,,,,
5381,BRD-K37584671,['60184881'],['CN(C)C(=O)c1ccc(cc1)-c1ccc(cc1)[C@H]1[C@H]2CN(C[C@@H]1N2)S(=O)(=O)c1ccc(C)cc1'],,,,,
5382,BRD-K37606648,['60185111'],['COCC(=O)N1C[C@@]2(C1)CN(Cc1nccs1)[C@H](CO)c1c2c2ccc(OC)cc2n1C'],,,,,
5383,BRD-K37608670,['54631368'],['CO[C@H]1CN(C)C(=O)c2ccc(NC(=O)Nc3cccc(F)c3)cc2OC[C@@H](C)N(C[C@H]1C)C(C)=O'],,,,,
5384,BRD-K37612077,['54650164'],['OC[C@@H]1N[C@H](C#N)[C@@H]1c1ccc(cc1)C#CC1CCCCC1'],,,,,
5385,BRD-K37613339,['44489606'],['COc1ccc(NC(=O)N(C)C[C@H]2Oc3ccc(cc3C(=O)N(C[C@H]2C)[C@H](C)CO)N(C)C)cc1'],,,,,
5386,BRD-K37618507,['44496991'],['C[C@H](CO)N1C[C@@H](C)[C@H](CN(C)C(=O)Nc2ccc(cc2)C(F)(F)F)Oc3c(NC(=O)Nc4c(C)noc4C)cccc3C1=O'],,,,,
5387,BRD-K37623909,['54646475'],['C[C@H](NC(=O)C[C@H]1C[C@@H]2[C@@H](Oc3ccc(NC(=O)C4CCOCC4)cc23)[C@H](CO)O1)c5ccccc5'],,,,,
5388,BRD-K37631226,['54615034'],['C[C@@H](CO)N1C[C@H](C)[C@H](CN(C)C(=O)c2ccncc2)OCCCC[C@H](C)Oc3ccc(NC(=O)c4ccncc4)cc3C1=O'],,,,,
5389,BRD-K37638153,['54649344'],['CC(C)(C)[S@](=O)N1Cc2cc(nc(c2[C@@H]1CCO)-c1cccc(c1)-c1cccc(c1)C#N)C(=O)NCCN1CCCCC1'],,,,,
5390,BRD-K37639981,['54631407'],['CO[C@@H]1CN(C)C(=O)c2cc(NC(C)=O)ccc2OC[C@H](C)N(C[C@H]1C)C(=O)c1ccc(F)cc1'],,,,,
5391,BRD-K37650321,['60189866'],['COCC(=O)N1C[C@@]2(C1)CN([C@H](CO)c1[nH]c3cc(OC)ccc3c21)S(C)(=O)=O'],,,,,
5392,BRD-K37654434,['54646278'],['CN(C)c1ccc2O[C@@H]3[C@@H](C[C@H](CC(=O)NCC4CC4)O[C@H]3CO)c2c1'],,,,,
5393,BRD-K37655007,['54638417'],['OC[C@@H]1O[C@@H](CC(=O)NCC(F)(F)F)C=C[C@H]1NC(=O)CC1CC1'],,,,,
5394,BRD-K37669227,['44502466'],['CC(C)NC(=O)N(C)C[C@H]1OCCCC[C@@H](C)Oc2ccc(NC(=O)C3CCCCC3)cc2C(=O)N(C[C@@H]1C)[C@H](C)CO'],,,,,
5395,BRD-K37684537,['54638878'],['OC[C@@H]1O[C@H](CC(=O)NCC2CC2)C=C[C@@H]1NC(=O)c1ccncc1'],,,,,
5396,BRD-K37708631,['54651455'],['COCC(=O)N(C)C[C@@H]1[C@@H]([C@@H](CO)N1C(C)=O)c1ccc(cc1)-c1ccccc1'],,,,,
5397,BRD-K37710486,['54638606'],['Cc1ccc(cc1)S(=O)(=O)N[C@@H]1CC[C@H](CCn2cc(nn2)-c2cccnc2)O[C@H]1CO'],,,,,
5398,BRD-K37714126,['54632065'],['CO[C@@H]1CN(C)C(=O)c2ccc(NC(=O)C3CC3)cc2OC[C@H](C)N(C[C@H]1C)C(=O)c1ccccn1'],,,,,
5399,BRD-K37724988,['4518240'],['CCc1ccc(C=C2SC(=S)N(CCCC(=O)Nc3ccc(cc3)C(O)=O)C2=O)cc1'],,,,,
5400,BRD-K37727696,['302929'],['COC(=O)CSc1nc2ccccc2[nH]1'],,,,,
5401,BRD-K37728465,['60192494'],['CN(C)CC(=O)N[C@@H]1C[C@@H]2O[C@H](CO)CC[C@@H]2O[C@@H]1CCc1ccc(cc1)C1=CCCCC1'],,,,,
5402,BRD-K37752193,['54638446'],['NCC[C@@H]1CC[C@@H](NC(=O)c2ccccc2F)[C@H](CO)O1'],,,,,
5403,BRD-K37760698,['54631604'],['CO[C@H]1CN(C)C(=O)c2ccc(NC(=O)c3ccccc3OC)cc2OC[C@@H](C)N(C[C@H]1C)C(C)=O'],,,,,
5404,BRD-K37762845,['742357'],['COc1ccccc1NC(=O)CSc2nc3ccccc3o2'],,,,,
5405,BRD-K37765157,['54617781'],['C[C@@H](CO)N1C[C@@H](C)[C@@H](CN(C)Cc2ccc(Cl)c(Cl)c2)OCCCC[C@@H](C)Oc3ccc(NS(=O)(=O)c4ccc(Cl)cc4)cc3C1=O'],,,,,
5406,BRD-K37766746,['54649310'],['CO[C@H](CN(C)Cc1cc(F)ccc1F)[C@H](C)CN([C@H](C)CO)S(=O)(=O)c1ccc(F)cc1'],,,,,
5407,BRD-K37777176,['54632186'],['COCC(=O)Nc1ccc2OC[C@@H](C)N(Cc3cc(F)ccc3F)C[C@H](C)[C@H](CN(C)C(=O)c2c1)OC'],,,,,
5408,BRD-K37779687,['54631820'],['CO[C@@H]1CN(C)C(=O)c2cc(NS(C)(=O)=O)ccc2OC[C@H](C)N(Cc2cncnc2)C[C@@H]1C'],,,,,
5409,BRD-K37788266,['44490221'],['CC(C)NC(=O)Nc1cccc2C(=O)N(C[C@H](C)[C@H](CN(C)Cc3ccc(Cl)c(Cl)c3)Oc12)[C@@H](C)CO'],,,,,
5410,BRD-K37795187,['54651330'],['CCC(=O)NC[C@@H]1[C@@H]([C@H](CO)N1C(=O)C1CCC1)c1ccccc1'],,,,,
5411,BRD-K37795473,['60185158'],['O=C(N1C[C@H]2N[C@@H](C1)[C@H]2c1ccc(\\C=C\\c2ccccc2)cc1)c1ccc2OCOc2c1'],,,,,
5412,BRD-K37815632,['54618496'],['C[C@@H](CO)N1C[C@@H](C)[C@H](CN(C)S(=O)(=O)C)Oc2ncc(cc2C1=O)c3ccc(C)cc3'],,,,,
5413,BRD-K37820137,['60190143'],['COc1ccc2c3c([C@H](CO)N(C[C@]33CN(C3)C(=O)c3cccc(F)c3)C(=O)c3cccc(F)c3)n(C)c2c1'],,,,,
5414,BRD-K37822854,['54646727'],['OC[C@H]1O[C@@H](CC(=O)N2CCCCC2)C[C@H]3[C@@H]1Oc4ccc(NC(=O)C5CCOCC5)cc34'],,,,,
5415,BRD-K37838939,['54631633'],['CO[C@H]1CN(C)C(=O)c2ccc(NC(=O)c3ccc(cc3)-c3ccccc3)cc2OC[C@@H](C)NC[C@H]1C'],,,,,
5416,BRD-K37847786,['54637645'],['CO[C@@H](C(=O)N(C)C[C@H]1OCc2ccccc2-c3ccccc3C(=O)N(C[C@H]1C)[C@H](C)CO)c4ccccc4'],,,,,
5417,BRD-K37848804,['54638343'],['OC[C@@H]1O[C@H](CCn2cc(nn2)C2CCCCC2)CC[C@H]1NC(=O)CN1CCOCC1'],,,,,
5418,BRD-K37849751,['54657659'],['COc1ccccc1CNC(=O)C[C@H]1CC[C@@H]2[C@H](COC[C@@H](O)CN2C(=O)Nc2ccc(F)cc2)O1'],,,,,
5419,BRD-K37852224,['44486811'],['C[C@H](CO)N1C[C@@H](C)[C@H](CN(C)CC2CC2)Oc3c(NC(=O)Nc4ccc(cc4)C(F)(F)F)cccc3C1=O'],,,,,
5420,BRD-K37856394,['44490159'],['COc1ccc(CN(C)C[C@@H]2Oc3ccc(NC(=O)NC(C)C)cc3C(=O)N(C[C@@H]2C)[C@@H](C)CO)cc1'],,,,,
5421,BRD-K37869460,['60184974'],['Cc1ccccc1-c1ccc(cc1)[C@@H]1[C@@H]2CNC[C@H]1N2Cc1ccc2OCOc2c1'],,,,,
5422,BRD-K37879473,['54650015'],['OC[C@@H]1N[C@H](C#N)[C@H]1c1ccc(cc1)-c1cccc(F)c1'],,,,,
5423,BRD-K37879871,['54651231'],['CCN(C[C@H]1N[C@H](CO)[C@@H]1c1ccccc1)C(=O)c1ccncc1'],,,,,
5424,BRD-K37883585,['5124753'],['COc1ccc2[nH]cc(CCNCc3ccc(Br)cc3)c2c1'],,,,,
5425,BRD-K37928755,['54632172'],['CCCC(=O)Nc1ccc2c(OC[C@@H](C)N(Cc3ccccc3OC)C[C@@H](C)[C@@H](CN(C)C2=O)OC)c1'],,,,,
5426,BRD-K37932103,['6401201'],['Nc1nc(CSc2nnc3c4ccccc4[nH]c3n2)cs1'],,,,,
5427,BRD-K37933621,['54654251'],['COc1cccc(CNC(=O)C[C@@H]2CC[C@@H]3[C@@H](COc4ccc(NS(=O)(=O)c5ccccc5F)cc4C(=O)N3C)O2)c1'],,,,,
5428,BRD-K37935437,['54665076'],['OC[C@H]1Nc2ccc(cc2[C@H]2[C@@H]1CCN2C(=O)CC1CC1)-c1ccccc1'],,,,,
5429,BRD-K37940862,['46930969'],['Cc1c(n2ccccc2[n+]1C\\C=C\\c1ccccc1)P(=S)(c1ccccc1)c1ccccc1'],,,,,
5430,BRD-K37957394,['54650084'],['CCCC#Cc1ccc(cc1)[C@@H]1[C@@H](CO)N([C@@H]1C#N)S(C)(=O)=O'],,,,,
5431,BRD-K37957530,['54650108'],['COc1ccccc1NC(=O)N1[C@@H](CO)[C@H]([C@H]1C#N)c1ccccc1'],,,,,
5432,BRD-K37958236,['54664887'],['CC(=O)N1CC[C@@H]2[C@H]1c1cc(ccc1N[C@H]2CO)-c1ccc(F)cc1'],,,,,
5433,BRD-K37960810,['56835230'],['C[C@@H](CO)N1C[C@@H](C)[C@H](CN(C)C(=O)Cc2ccccc2)OCc3ccccc3-c4ccccc4C1=O'],,,,,
5434,BRD-K37977610,['44495037'],['C[C@@H](CO)N1C[C@@H](C)[C@H](CN(C)Cc2ccncc2)OCCCC[C@@H](C)Oc3ccc(NC(=O)c4ccncc4)cc3C1=O'],,,,,
5435,BRD-K37984227,['14165'],['[O-][N+](=O)c1ccc(C=NNC(=O)CN2CCOCC2)o1'],,,,,
5436,BRD-K37991590,['60191358'],['C\\C=C\\c1ccc(cc1)[C@H]1[C@@H](CO)N2[C@H]1CN(CC2=O)C(=O)NC1CCCCC1'],,,,,
5437,BRD-K37991633,['54646704'],['CS(=O)(=O)Nc1ccc2O[C@H]3[C@H](C[C@H](CC(=O)NCC4CC4)O[C@@H]3CO)c2c1'],,,,,
5438,BRD-K38011931,['54638489'],['C[C@@H](NC(=O)C[C@H]1CC[C@H](NS(=O)(=O)c2cccc(F)c2)[C@@H](CO)O1)c1ccccc1'],,,,,
5439,BRD-K38012662,['877874'],['CCC(=O)Nc1cccc(NC(=O)c2ccccc2Br)c1'],,,,,
5440,BRD-K38024133,['44489353'],['COc1ccc(CN(C)C[C@H]2Oc3ccc(NC(=O)Cn4cnnn4)cc3C(=O)N(C[C@@H]2C)[C@H](C)CO)cc1'],,,,,
5441,BRD-K38024502,['60184946'],['COc1ccc2c3c([C@H](CO)N(C[C@]33CN(C3)C(C)=O)C(=O)c3ccncc3)n(C)c2c1'],,,,,
5442,BRD-K38037265,['54638865'],['COc1ccccc1NC(=O)N[C@H]1CC[C@@H](CCn2cc(nn2)C2(O)CCCC2)O[C@@H]1CO'],,,,,
5443,BRD-K38044934,['54630689'],['C[C@H](CO)N1C[C@@H](C)[C@@H](CN(C)Cc2ccccn2)Oc3cc(ccc3S1(=O)=O)C4=CCCCC4'],,,,,
5444,BRD-K38051696,['54618540'],['C[C@H](O)C#Cc1cnc2O[C@H](CN(C)CC3CCOCC3)[C@@H](C)CN([C@H](C)CO)C(=O)c2c1'],,,,,
5445,BRD-K38052671,['54654524'],['COC(=O)C[C@@H]1CC[C@H]2[C@@H](COc3ccc(NC(=O)c4ccccc4F)cc3C(=O)N2C)O1'],,,,,
5446,BRD-K38061943,['60138093'],['Cc1cc(NS(=O)(=O)c2ccc3NC(=O)CCc3c2)ccc1Cl'],,,,,
5447,BRD-K38087837,['44487877'],['C[C@@H](CO)N1C[C@@H](C)[C@@H](CN(C)C(=O)Nc2cccc3ccccc23)Oc4ccc(NS(=O)(=O)C)cc4C1=O'],,,,,
5448,BRD-K38092925,['54631943'],['CO[C@@H]1CN(C)C(=O)c2cc(NC(=O)NC(C)C)ccc2OC[C@H](C)N(Cc2ccccc2)C[C@@H]1C'],,,,,
5449,BRD-K38103660,['44485114'],['CNC[C@H]1OCCCC[C@H](C)Oc2ccc(NS(=O)(=O)c3cccs3)cc2C(=O)N(C[C@@H]1C)[C@@H](C)CO'],,,,,
5450,BRD-K38121247,['54646254'],['OC[C@@H]1O[C@H](CC(=O)NCc2ccccn2)C[C@@H]3[C@H]1Oc4ccc(NC(=O)c5ccc6OCOc6c5)cc34'],,,,,
5451,BRD-K38122103,['54645883'],['OC[C@@H]1O[C@H](CC(=O)NCc2ccccc2F)C[C@@H]3[C@H]1Oc4ccc(NC(=O)NC5CCCC5)cc34'],,,,,
5452,BRD-K38123135,['54654310'],['CCNC(=O)Nc1ccc2OC[C@H]3O[C@@H](CC(=O)N[C@@H](C)c4ccccc4)CC[C@H]3N(C)C(=O)c2c1'],,,,,
5453,BRD-K38126560,['54657667'],['O[C@H]1COC[C@@H]2O[C@H](CC(=O)N3CCCCC3)CC[C@H]2N(C1)C(=O)c1ccc(F)cc1'],,,,,
5454,BRD-K38144109,['44490371'],['C[C@@H](CO)N1C[C@@H](C)[C@H](CN(C)C(=O)Nc2ccccc2)OCCCC[C@H](C)Oc3ccc(NC(=O)C4CCCCC4)cc3C1=O'],,,,,
5455,BRD-K38149517,['44488094'],['CNC[C@@H]1Oc2ccc(NS(=O)(=O)c3ccccc3)cc2CC(=O)N(C[C@@H]1C)[C@@H](C)CO'],,,,,
5456,BRD-K38172414,['54651315'],['CCC(=O)NC[C@H]1[C@H]([C@@H](CO)N1Cc1ccccn1)c1ccc(\\C=C\\C)cc1'],,,,,
5457,BRD-K38176517,['54652461'],['COc1ccccc1C(=O)N1C[C@H]2[C@H]([C@H](CO)N2C(=O)Cc2cccnc2)c2ccccc12'],,,,,
5458,BRD-K38181288,['60185558'],['N#Cc1cccc(c1)-c1ccc(cc1)[C@H]1[C@H]2CN(Cc3cocn3)C[C@@H]1N2'],,,,,
5459,BRD-K38186418,['54649481'],['CO[C@@H]1CC[C@@H]2CCN(C)C(=O)[C@@H](C)[C@H](CN(C)C(=O)c3cccc(C#N)c3OC[C@H]1O2)OC'],,,,,
5460,BRD-K38187891,['54661014'],['COC(=O)[C@H]1[C@H](CO)[C@H]2Cn3c(ccc(\\C=C\\c4ccccc4)c3=O)[C@@H]1N2Cc1ccccc1F'],,,,,
5461,BRD-K38188442,['54638785'],['OC[C@@H]1O[C@@H](C=C[C@H]1NC(=O)Cc1cccnc1)CC(=O)Nc1ccccc1'],,,,,
5462,BRD-K38197770,['54664850'],['CN1[C@@H](CO)[C@@H]2CCN([C@@H]2c2cc(Br)ccc12)S(=O)(=O)c1cccc(F)c1'],,,,,
5463,BRD-K38205437,['44494334'],['C[C@@H](CO)N1C[C@H](C)[C@H](CN(C)S(=O)(=O)c2ccc(Cl)cc2)Oc3c(NS(=O)(=O)c4c(C)noc4C)cccc3C1=O'],,,,,
5464,BRD-K38210246,['54657838'],['O[C@H]1COC[C@@H]2O[C@H](CC(=O)NCC3CCCCC3)CC[C@H]2N(C1)S(=O)(=O)c1ccc(F)cc1'],,,,,
5465,BRD-K38232832,['54658016'],['COc1cccc(c1)S(=O)(=O)N1C[C@@H](O)COC[C@H]2O[C@@H](CC(=O)N3CCN(CC3)c3ccccc3)CC[C@H]12'],,,,,
5466,BRD-K38274933,['60189892'],['C\\C=C\\c1ccc(cc1)[C@@H]1[C@@H](CO)N(C(=O)c2cnccn2)C11CN(C1)C(C)=O'],,,,,
5467,BRD-K38289428,['54646004'],['CN(C)C(=O)C[C@@H]1C[C@H]2[C@H](Oc3ccc(NC(=O)c4cccnc4)cc23)[C@@H](CO)O1'],,,,,
5468,BRD-K38290133,['54657829'],['O[C@H]1COC[C@@H]2O[C@@H](CC(=O)NC3CCC3)CC[C@H]2N(Cc2ccccc2F)C1'],,,,,
5469,BRD-K38294141,['60189995'],['COc1ccc2c3c([C@@H](CO)NC[C@]33CN(C3)C(=O)Nc3ccccc3F)n(C)c2c1'],,,,,
5470,BRD-K38294617,['44496321'],['CC(C)NC(=O)Nc1ccc2O[C@H](CN(C)C)[C@H](C)CN([C@@H](C)CO)C(=O)Cc2c1'],,,,,
5471,BRD-K38304019,['54631615'],['CO[C@H]1CN(C)C(=O)c2ccc(NC(=O)Nc3c(C)noc3C)cc2OC[C@@H](C)NC[C@@H]1C'],,,,,
5472,BRD-K38304289,['54637865'],['C[C@H](CO)N1C[C@H](C)[C@@H](CN(C)C(=O)Nc2cccc(c2)C(F)(F)F)OCc3ccccc3-c4ccccc4C1=O'],,,,,
5473,BRD-K38311495,['54632092'],['CO[C@H]1CN(C)C(=O)c2cc(NC(=O)Nc3cccc(OC)c3)ccc2OC[C@@H](C)N(CC2CC2)C[C@H]1C'],,,,,
5474,BRD-K38313084,['54615068'],['C[C@@H](CO)N1C[C@H](C)[C@@H](CN(C)CC2CC2)OCCCC[C@H](C)Oc3ccc(NC(=O)Nc4ccc5OCOc5c4)cc3C1=O'],,,,,
5475,BRD-K38320477,['54631646'],['CO[C@H]1CN(C)C(=O)c2ccc(NC(=O)Nc3c(C)noc3C)cc2OC[C@@H](C)NC[C@H]1C'],,,,,
5476,BRD-K38369496,['60184984'],['C\\C=C\\c1ccc(cc1)[C@@H]1[C@@H]2CNC[C@H]1N2S(=O)(=O)c1c(C)noc1C'],,,,,
5477,BRD-K38370145,['54661263'],['CCCN1[C@H]([C@H](CO)[C@H]2Cn3c(ccc(-c4cccc(F)c4)c3=O)[C@@H]12)C(=O)N[C@@H](C)c1ccccc1'],,,,,
5478,BRD-K38373457,['44617843'],['CC(C)NC(=O)Nc1ccc2O[C@@H](C)CCCCO[C@@H](CN(C)C(=O)NC(C)C)[C@H](C)CN([C@@H](C)CO)C(=O)c2c1'],,,,,
5479,BRD-K38373714,['54652587'],['CCCC(=O)N1C[C@@H]2[C@@H]([C@@H](CO)N2C(=O)Nc2ccc(F)cc2)c2ccccc12'],,,,,
5480,BRD-K38385119,['54652441'],['OC[C@@H]1[C@@H]2[C@@H](CN(C(=O)C3CCOCC3)c3ccccc23)N1C(=O)Nc1ccccc1F'],,,,,
5481,BRD-K38385428,['54650033'],['COc1ccccc1-c1ccc(cc1)[C@@H]1[C@@H](CO)N[C@@H]1C#N'],,,,,
5482,BRD-K38400632,['54652703'],['OC[C@@H]1[C@H]2[C@H](CN(C(=O)Nc3cc(F)ccc3F)c3ccccc23)N1Cc1cccnc1'],,,,,
5483,BRD-K38405570,['54657915'],['CCNC(=O)C[C@H]1CC[C@H]2[C@@H](COC[C@@H](O)CN2C(=O)C2CCOCC2)O1'],,,,,
5484,BRD-K38431902,['56835308'],['C[C@@H](CO)N1C[C@@H](C)[C@H](CN(C)C(=O)c2ccc(F)cc2)OCc3ccccc3-c4ccccc4C1=O'],,,,,
5485,BRD-K38444262,['54652577'],['OC[C@H]1[C@H]2[C@H](CNc3ccccc23)N1Cc1ccccc1Cl'],,,,,
5486,BRD-K38451408,['60189927'],['COc1ccc2c(c1)n(C)c1[C@H](CO)N(C[C@]3(CCN(C)CC3)c21)C(=O)c1ccc(F)cc1'],,,,,
5487,BRD-K38454082,['44619827'],['C[C@@H](CO)N1C[C@@H](C)[C@H](CN(C)CC2CC2)OCCCC[C@@H](C)Oc3ccc(NC(=O)c4ccccc4)cc3C1=O'],,,,,
5488,BRD-K38455110,['44486809'],['COc1ccc(cc1)S(=O)(=O)Nc2cccc3C(=O)N(C[C@@H](C)[C@H](CN(C)Cc4ccc(cc4)C(F)(F)F)Oc23)[C@H](C)CO'],,,,,
5489,BRD-K38459107,['54615114'],['COc1ccc(cc1)S(=O)(=O)N(C)C[C@H]2OCCCC[C@@H](C)Oc3ccc(NS(=O)(=O)c4cn(C)cn4)cc3C(=O)N(C[C@@H]2C)[C@@H](C)CO'],,,,,
5490,BRD-K38465286,['60182633'],['CCNC[C@H]1[C@H]([C@@H](CO)N1C(=O)C1CCCC1)c1ccc(cc1)\\C=C\\C'],,,,,
5491,BRD-K38467418,['54631751'],['CO[C@H]1CN(C)C(=O)c2cc(NC(=O)c3cc(C)on3)ccc2OC[C@@H](C)NC[C@H]1C'],,,,,
5492,BRD-K38468651,['44492490'],['C[C@H](CO)N1C[C@H](C)[C@H](CN(C)Cc2ccc3OCOc3c2)Oc4c(NC(=O)Nc5cccc6ccccc56)cccc4C1=O'],,,,,
5493,BRD-K38481268,['54639092'],['OC[C@H]1O[C@H](CCNC(=O)c2cnccn2)CC[C@H]1NC(=O)c1ccc2OCOc2c1'],,,,,
5494,BRD-K38493271,['54632076'],['CO[C@H]1CN(C)C(=O)c2ccc(NC(=O)NC(C)C)cc2OC[C@@H](C)N(Cc2ccccn2)C[C@@H]1C'],,,,,
5495,BRD-K38493380,['54646282'],['OC[C@H]1O[C@@H](CC(=O)NC2CCCCC2)C[C@H]3[C@@H]1Oc4ccc(NC(=O)Nc5ccccc5F)cc34'],,,,,
5496,BRD-K38498143,['54646570'],['OC[C@@H]1O[C@H](CC(=O)NCc2ccccn2)C[C@H]3[C@@H]1Oc4ccc(NC(=O)Cc5ccncc5)cc34'],,,,,
5497,BRD-K38498572,['54638341'],['OC[C@H]1O[C@H](CCn2cc(nn2)C2CCCCC2)CC[C@@H]1NC(=O)CN1CCOCC1'],,,,,
5498,BRD-K38509760,['60191000'],['COc1ccc(cc1)C#Cc1ccc(cc1)[C@@H]1[C@H](CO)N2[C@@H]1CN(CC2=O)C(=O)NC(C)C'],,,,,
5499,BRD-K38517635,['54637701'],['C[C@@H](CO)N1C[C@@H](C)[C@@H](CN(C)C(=O)[C@H](Cc2ccccc2)N(C)C)OCc3ccccc3-c4c(C1=O)n(C)c5ccccc45'],,,,,
5500,BRD-K38519699,['44494043'],['COc1ccc(cc1)S(=O)(=O)N(C)C[C@H]2Oc3ccc(NC(=O)Nc4ccc(cc4)C(F)(F)F)cc3CC(=O)N(C[C@H]2C)[C@H](C)CO'],,,,,
5501,BRD-K38524184,['54646711'],['CS(=O)(=O)Nc1ccc2O[C@H]3[C@H](C[C@H](CC(=O)NCC4CC4)O[C@H]3CO)c2c1'],,,,,
5502,BRD-K38540783,['54653979'],['CN1[C@H]2CC[C@H](CC(=O)NCCCN3CCOCC3)O[C@H]2COc2ccc(NC(=O)Cc3cccs3)cc2C1=O'],,,,,
5503,BRD-K38542964,['54638273'],['Cn1cnc(c1)S(=O)(=O)N[C@@H]1CC[C@@H](CC(=O)NCC2CCCCC2)O[C@@H]1CO'],,,,,
5504,BRD-K38544238,['54665016'],['Cc1ccc(cc1)S(=O)(=O)N1CC[C@@H]2[C@H]1c1cc(ccc1N[C@H]2CO)C#Cc1ccc(F)cc1'],,,,,
5505,BRD-K38545029,['54646741'],['OC[C@@H]1O[C@@H](CC(=O)NCCc2ccccc2)C[C@@H]3[C@H]1Oc4ccc(NC(=O)c5ccc6OCOc6c5)cc34'],,,,,
5506,BRD-K38546320,['44490399'],['C[C@@H](CO)N1C[C@@H](C)[C@H](CN(C)C)OCCCC[C@@H](C)Oc2ccc(NS(=O)(=O)c3cn(C)cn3)cc2C1=O'],,,,,
5507,BRD-K38547930,['54631772'],['CCCN1C[C@H](C)[C@@H](CN(C)C(=O)c2cc(NS(=O)(=O)c3ccccc3)ccc2OC[C@H]1C)OC'],,,,,
5508,BRD-K38553273,['44486194'],['C[C@@H](CO)N1C[C@H](C)[C@@H](CN(C)Cc2ccc(cc2)C(F)(F)F)Oc3c(NC(=O)c4ccncc4)cccc3C1=O'],,,,,
5509,BRD-K38557047,['54631671'],['CO[C@H]1CN(C)C(=O)c2cc(NC(=O)c3cc(C)on3)ccc2OC[C@H](C)NC[C@H]1C'],,,,,
5510,BRD-K38561684,['54631656'],['CO[C@@H]1CN(C)C(=O)c2cc(NS(C)(=O)=O)ccc2OC[C@H](C)N(Cc2cncnc2)C[C@H]1C'],,,,,
5511,BRD-K38571337,['44490916'],['CC(C)NC(=O)N(C)C[C@H]1OCCCC[C@H](C)Oc2ccc(NC(=O)CCC(F)(F)F)cc2C(=O)N(C[C@@H]1C)[C@H](C)CO'],,,,,
5512,BRD-K38586507,['60184938'],['COc1ccc2c3c([nH]c2c1)[C@H](CO)N(Cc1cc(OC)cc(OC)c1)C[C@]31CCN(CC1)C(=O)c1cccnc1'],,,,,
5513,BRD-K38589316,['54618573'],['COc1ccc(C#Cc2ccc3c(O[C@@H](CN(C)C(=O)CN4CCOCC4)[C@H](C)CN([C@@H](C)CO)S3(=O)=O)c2)cc1'],,,,,
5514,BRD-K38589987,['54646161'],['OC[C@@H]1O[C@@H](CC(=O)NCCN2CCCCC2)C[C@H]3[C@@H]1Oc4ccc(NC(=O)Cc5ccncc5)cc34'],,,,,
5515,BRD-K38594532,['44506075'],['C[C@H](CO)N1C[C@H](C)[C@@H](CN(C)Cc2ccc3OCCOc3c2)OCc4cn(CCCC1=O)nn4'],,,,,
5516,BRD-K38596298,['54651217'],['CCCNC(=O)N1[C@@H](CO)[C@H]([C@H]1CNC(=O)c1ccc(F)cc1)c1ccccc1'],,,,,
5517,BRD-K38596918,['6620960'],['CC(C)(C)c1ccc(OCCCn2c(=O)sc3ccccc23)cc1'],,,,,
5518,BRD-K38599483,['44494258'],['C[C@@H](CO)N1C[C@H](C)[C@@H](CN(C)Cc2ccc(Oc3ccccc3)cc2)Oc4c(NC(=O)NC5CCCCC5)cccc4C1=O'],,,,,
5519,BRD-K38611276,['44490066'],['COc1ccc(CN(C)C[C@H]2Oc3ccc(NC(=O)Cc4ccccc4)cc3C(=O)N(C[C@H]2C)[C@@H](C)CO)cc1'],,,,,
5520,BRD-K38620156,['60185053'],['COc1ccc2c3c([nH]c2c1)[C@H](CO)N(C[C@]31CCN(CC1)C(=O)Cc1ccncc1)C(=O)Nc1ccc(F)cc1'],,,,,
5521,BRD-K38622866,['54650201'],['CCc1cnc(s1)N1[C@H](CO)[C@@H]([C@H]1C#N)c1ccc(cc1)-c1cccc(F)c1'],,,,,
5522,BRD-K38625260,['53338855'],['CC(C)N1CCc2c(C1)sc(NC(=O)C(F)F)c2-c1nc2ccccc2s1'],,,,,
5523,BRD-K38627245,['54666460'],['CCS(=O)(=O)N1CCCCN2[C@H](CO)[C@H]([C@@H]2C1)c1ccc(cc1)C#Cc1ccccn1'],,,,,
5524,BRD-K38632726,['60183420'],['OC[C@H]1[C@@H]([C@@H](C#N)N1C(=O)NC1CCCC1)c1ccc(cc1)C1=CCCCC1'],,,,,
5525,BRD-K38634661,['53338813'],['Oc1ccc(CNc2cccc(F)c2)c2cccnc12'],,,,,
5526,BRD-K38643780,['54657787'],['COCCNC(=O)C[C@@H]1CC[C@@H]2[C@H](COC[C@@H](O)CN2C(=O)c2cc(Cl)cc(Cl)c2)O1'],,,,,
5527,BRD-K38659247,['44492265'],['C[C@@H](CO)N1C[C@H](C)[C@@H](CN(C)C(=O)Nc2ccc(F)cc2)Oc3ccc(NC(=O)C4CC4)cc3C1=O'],,,,,
5528,BRD-K38663221,['54637842'],['C[C@H](CO)N1C[C@H](C)[C@H](CN(C)S(=O)(=O)c2cn(C)cn2)OCc3ccccc3-c4c(C1=O)n(C)c5ccccc45'],,,,,
5529,BRD-K38672372,['54657661'],['O[C@H]1COC[C@@H]2O[C@@H](CC(O)=O)CC[C@H]2N(C1)S(=O)(=O)c1ccc(Oc2ccccc2)cc1'],,,,,
5530,BRD-K38690464,['6669976'],['OCc1ccc(CO[C@H]2C[C@H](C=C(O2)C(=O)OCC=C)c3coc4ccccc4c3=O)cc1'],,,,,
5531,BRD-K38698447,['44202744'],['C[C@H](CO)N1C[C@H](C)[C@@H](CN(C)Cc2ccccc2)Oc3c(NC(=O)c4ccncc4)cccc3C1=O'],,,,,
5532,BRD-K38700430,['54615001'],['CC(C)NC(=O)Nc1ccc2O[C@H](C)CCCCO[C@H](CN(C)C(=O)NC(C)C)[C@H](C)CN([C@@H](C)CO)C(=O)c2c1'],,,,,
5533,BRD-K38717348,['56835552'],['C[C@@H](CO)N1C[C@H](C)[C@H](CN(C)Cc2cccc(c2)C(=O)O)OCc3ccccc3-c4ccccc4C1=O'],,,,,
5534,BRD-K38720323,['125595'],['NCCCn1c2cc(Cl)ccc2sc2cc(=O)c(=O)cc12'],,,,,
5535,BRD-K38725747,['44620660'],['C[C@H](CO)N1C[C@H](C)[C@H](CN(C)S(=O)(=O)c2ccc(F)cc2)OCCCC[C@H](C)Oc3ccc(NS(=O)(=O)c4c(C)noc4C)cc3C1=O'],,,,,
5536,BRD-K38740852,['54631373'],['CO[C@@H]1CN(C)C(=O)c2ccc(NC(=O)Nc3cccc(F)c3)cc2OC[C@H](C)N(C[C@@H]1C)C(C)=O'],,,,,
5537,BRD-K38760240,['44489795'],['C[C@@H](CO)N1C[C@@H](C)[C@@H](CN(C)C(=O)Nc2cccc3ccccc23)Oc4ccc(cc4CC1=O)N(C)C'],,,,,
5538,BRD-K38774907,['54618624'],['COc1ccc(cc1)S(=O)(=O)N(C)C[C@@H]2Oc3ncc(/C=C/c4ccccc4)cc3C(=O)N(C[C@@H]2C)[C@@H](C)CO'],,,,,
5539,BRD-K38786629,['54646625'],['COC(=O)C[C@H]1C[C@@H]2[C@@H](Oc3ccc(NC(=O)NC4CCCC4)cc23)[C@H](CO)O1'],,,,,
5540,BRD-K38796873,['54654557'],['CN(C)C(=O)C[C@H]1CC[C@@H]2[C@H](COc3ccc(NC(=O)c4ccc(F)cc4)cc3C(=O)N2C)O1'],,,,,
5541,BRD-K38797319,['54657611'],['O[C@H]1COC[C@@H]2O[C@H](CC(=O)NCc3ccc(Cl)cc3)CC[C@H]2N(Cc2cc(F)ccc2F)C1'],,,,,
5542,BRD-K38803221,['54614240'],['C[C@@H](CO)N1C[C@@H](C)[C@H](CN(C)Cc2ccc(cc2)C(F)(F)F)Oc3ccc(NC(=O)NC4CCCCC4)cc3CC1=O'],,,,,
5543,BRD-K38805748,['44537717'],['C[C@@H](CO)N1C[C@H](C)[C@@H](CN(C)Cc2ccc(cc2)c3ccccc3)Oc4ccc(NS(=O)(=O)c5ccc(C)cc5)cc4CC1=O'],,,,,
5544,BRD-K38832878,['60189920'],['COc1ccc2c3c([C@H](CO)N(Cc4ccc(Cl)cc4)C[C@]33CCN(CC4CC4)CC3)n(C)c2c1'],,,,,
5545,BRD-K38840910,['60185158'],['O=C(N1C[C@H]2N[C@@H](C1)[C@@H]2c1ccc(\\C=C\\c2ccccc2)cc1)c1ccc2OCOc2c1'],,,,,
5546,BRD-K38841486,['54624850'],['CCCN(C)C[C@H]1Oc2cc(C#Cc3ccccc3)ccc2S(=O)(=O)N(C[C@@H]1C)[C@H](C)CO'],,,,,
5547,BRD-K38842489,['60191112'],['OC[C@@H]1[C@@H]([C@@H]2CN(CC(=O)N12)C(=O)c1cccnc1)c1ccc(cc1)-c1ccccc1F'],,,,,
5548,BRD-K38851002,['60187403'],['COc1ccc2c3c([C@H](CO)NC[C@]33CCN(CC3)C(=O)c3cccc(F)c3)n(C)c2c1'],,,,,
5549,BRD-K38860595,['54654153'],['CCCNC(=O)C[C@H]1CC[C@H]2[C@@H](COc3ccc(NC(=O)c4ccc5OCOc5c4)cc3C(=O)N2C)O1'],,,,,
5550,BRD-K38865695,['54637987'],['C[C@H](CO)N1C[C@H](C)[C@H](CN(C)C)OCc2ccccc2-c3ccccc3C1=O'],,,,,
5551,BRD-K38870294,['54658012'],['Cn1cnc(c1)S(=O)(=O)N1C[C@H](O)COC[C@@H]2O[C@H](CC(=O)NCc3cccc(F)c3)CC[C@@H]12'],,,,,
5552,BRD-K38885465,['44502654'],['C[C@@H](CO)N1C[C@H](C)[C@@H](CN(C)Cc2ccc(Cl)c(Cl)c2)Oc3ccc(NC(=O)c4ccncc4)cc3CC1=O'],,,,,
5553,BRD-K38889985,['54631582'],['CO[C@H]1CN(C)C(=O)c2cc(NC(=O)c3cccc(OC)c3)ccc2OC[C@H](C)NC[C@@H]1C'],,,,,
5554,BRD-K38891183,['44484911'],['C[C@H](CO)N1C[C@H](C)[C@H](CN(C)Cc2ccc(cc2)C(=O)O)Oc3ccc(NC(=O)C4CC4)cc3C1=O'],,,,,
5555,BRD-K38908436,['60189838'],['CC(=O)N1[C@H](CO)[C@H](c2ccc(cc2)-c2ccc(cc2)C#N)C11CN(C1)C(=O)C1CC1'],,,,,
5556,BRD-K38914331,['54652621'],['OC[C@@H]1[C@H]2[C@H](CN(C(=O)CC(F)(F)F)c3ccccc23)N1C(=O)C1CC1'],,,,,
5557,BRD-K38933129,['54638298'],['CN1CCN(CC1)C(=O)C[C@H]1CC[C@H](NC(=O)Nc2c(C)noc2C)[C@H](CO)O1'],,,,,
5558,BRD-K38934024,['44617816'],['C[C@H](CO)N1C[C@@H](C)[C@H](CN(C)Cc2ccc(cc2)C(F)(F)F)OCCCC[C@H](C)Oc3ccc(NS(=O)(=O)c4c(C)noc4C)cc3C1=O'],,,,,
5559,BRD-K38942541,['56835412'],['C[C@H](CO)N1C[C@H](C)[C@@H](CN(C)S(=O)(=O)c2ccsc2)OCc3ccccc3-c4c(C1=O)n(C)c5ccccc45'],,,,,
5560,BRD-K38955087,['54654101'],['COc1ccc(CNC(=O)C[C@@H]2CC[C@@H]3[C@H](COc4ccc(NC(=O)C(C)C)cc4C(=O)N3C)O2)cc1'],,,,,
5561,BRD-K38963656,['54637817'],['C[C@@H](CO)N1C[C@H](C)[C@@H](CN(C)C(=O)CCC(F)(F)F)OCc2ccccc2-c3ccccc3C1=O'],,,,,
5562,BRD-K38965110,['44490435'],['C[C@H](CO)N1C[C@@H](C)[C@H](CN(C)C)OCCCC[C@H](C)Oc2ccc(NS(=O)(=O)c3cn(C)cn3)cc2C1=O'],,,,,
5563,BRD-K38965191,['60189671'],['CCCNC(=O)N1C[C@]2(CN(CC3CCCCC3)C2)c2c([C@@H]1CO)n(C)c1cc(OC)ccc21'],,,,,
5564,BRD-K38986089,['44487442'],['C[C@@H](CO)N1C[C@H](C)[C@@H](CN(C)Cc2ccncc2)OCCCC[C@@H](C)Oc3ccc(NC(=O)Nc4ccccc4)cc3C1=O'],,,,,
5565,BRD-K39001644,['60194036'],['COc1ccc2c3c([C@@H](CO)NC[C@]33CCN(CC4CCCC4)CC3)n(C)c2c1'],,,,,
5566,BRD-K39006362,['54637960'],['C[C@@H](CO)N1C[C@H](C)[C@@H](CN(C)C(=O)c2ccc(F)cc2)OCc3ccccc3-c4ccccc4C1=O'],,,,,
5567,BRD-K39007840,['54646379'],['CCCNC(=O)C[C@@H]1C[C@@H]2[C@@H](Oc3ccc(NC(=O)NC4CCCCC4)cc23)[C@H](CO)O1'],,,,,
5568,BRD-K39010473,['44143089'],['FC(F)Cn1cnc2c(Nc3cc(F)cc(F)c3)nc(C#N)nc12'],,,,,
5569,BRD-K39014631,['54651195'],['COCC(=O)N(C)C[C@H]1[C@@H]([C@H](CO)N1C(=O)Cc1cccnc1)c1ccccc1'],,,,,
5570,BRD-K39014692,['54654227'],['CN1[C@H]2CC[C@H](CC(=O)N3CCc4ccccc4C3)O[C@H]2COc2ccc(NS(=O)(=O)c3cccc(F)c3)cc2C1=O'],,,,,
5571,BRD-K39017054,['71759260'],['COc1ccc2c3c([C@H](CO)N(C[C@]33CN(C3)S(=O)(=O)c3cn(C)cn3)C(=O)Nc3ccc(F)cc3)n(C)c2c1'],,,,,
5572,BRD-K39029679,['60192182'],['CC(C)NC(=O)N1CC2(C1)[C@@H]([C@@H](CO)N2C(=O)c1ccccn1)c1ccccc1'],,,,,
5573,BRD-K39032190,['54660717'],['C[C@@H](NC(=O)[C@@H]1N[C@H]2[C@H](Cn3c2ccc(C2=CCCC2)c3=O)[C@H]1CO)c1ccccc1'],,,,,
5574,BRD-K39036510,['54631645'],['CO[C@@H]1CN(C)C(=O)c2cc(NC(=O)Nc3ccccc3)ccc2OC[C@H](C)N(C[C@@H]1C)C(=O)CC1CC1'],,,,,
5575,BRD-K39049859,['60185089'],['COc1ccc2c3c([C@H](CO)N(CC4CC4)C[C@]33CCN(CC3)C(=O)c3cccc(F)c3)n(C)c2c1'],,,,,
5576,BRD-K39056847,['54631602'],['CO[C@H]1CN(C)C(=O)c2cc(NC(C)=O)ccc2OC[C@H](C)N(C[C@@H]1C)C(=O)c1cnccn1'],,,,,
5577,BRD-K39063656,['54637932'],['C[C@H](CO)N1C[C@@H](C)[C@@H](CN(C)S(=O)(=O)c2cccc(F)c2)OCc3ccccc3-c4ccccc4C1=O'],,,,,
5578,BRD-K39066612,['54654110'],['CN1[C@H]2CC[C@@H](CC(=O)NCc3ccccc3F)O[C@H]2COc2ccc(NC(=O)C3CCCCC3)cc2C1=O'],,,,,
5579,BRD-K39092862,['54651432'],['CC(C)NC(=O)N(C[C@H]1[C@H]([C@H](CO)N1C(C)=O)c1ccccc1)C1CCCC1'],,,,,
5580,BRD-K39096267,['73357429'],['Oc1ccc(C[C@H]2N3[C@@H](CN(Cc4cccc5ccccc45)C2=O)N(CCC3=O)C(=O)NCc2ccccc2)cc1'],,,,,
5581,BRD-K39108047,['54651296'],['COCC(=O)NC[C@H]1[C@@H]([C@H](CO)N1C(=O)C1CC1)c1ccc(cc1)C1=CCCC1'],,,,,
5582,BRD-K39114105,['56835439'],['C[C@@H](CO)N1C[C@H](C)[C@H](CN(C)C(=O)c2c(C)noc2C)OCc3ccccc3-c4ccccc4C1=O'],,,,,
5583,BRD-K39132590,['54638775'],['COC(=O)C[C@@H]1O[C@@H](CO)[C@H](NC(=O)Nc2ccc(cc2)C(F)(F)F)C=C1'],,,,,
5584,BRD-K39143839,['54654254'],['CN1[C@H]2CC[C@@H](CC(=O)Nc3cn(C)nc3C)O[C@@H]2COc2ccc(NC(=O)c3cccc(F)c3)cc2C1=O'],,,,,
5585,BRD-K39144410,['54625397'],['C[C@@H](CO)N1C[C@H](C)[C@@H](CN(C)C)Oc2cc(ccc2S1(=O)=O)c3cccc(C#N)c3'],,,,,
5586,BRD-K39144966,['54645861'],['OC[C@@H]1O[C@@H](CC(=O)NCC2CC2)C[C@H]3[C@@H]1Oc4ccc(NC(=O)CC5CC5)cc34'],,,,,
5587,BRD-K39148257,['54646273'],['COc1ccc(NC(=O)Nc2ccc3O[C@H]4[C@H](C[C@@H](CC(=O)NCCc5ccccc5)O[C@H]4CO)c3c2)cc1'],,,,,
5588,BRD-K39151050,['44484862'],['C[C@@H](CO)N1C[C@H](C)[C@H](CN(C)C)Oc2ccc(NS(=O)(=O)c3ccccc3)cc2C1=O'],,,,,
5589,BRD-K39151337,['54638591'],['OC[C@H]1O[C@H](CC(=O)NC2CCCCC2)C=C[C@@H]1NS(=O)(=O)c1ccc(F)cc1'],,,,,
5590,BRD-K39151515,['54651241'],['C\\C=C\\c1ccc(cc1)[C@H]1[C@@H](CO)N([C@H]1CNC(=O)NC(C)C)C(=O)C1CC1'],,,,,
5591,BRD-K39151995,['54652583'],['OC[C@H]1[C@@H]2[C@@H](CN(C(=O)c3cccnc3)c3ccccc23)N1Cc1ccc2OCOc2c1'],,,,,
5592,BRD-K39156670,['56835555'],['C[C@@H](CO)N1C[C@H](C)[C@H](CN(C)C(=O)Nc2ccc(F)cc2)OCc3ccccc3-c4ccccc4C1=O'],,,,,
5593,BRD-K39158620,['54631675'],['CCCNC(=O)Nc1ccc2c(OC[C@@H](C)N(CCC(F)(F)F)C[C@H](C)[C@H](CN(C)C2=O)OC)c1'],,,,,
5594,BRD-K39172790,['73707552'],['NCCc1cc(O)c(O)c(SC[C@@H](N)C(O)=O)c1'],,,,,
5595,BRD-K39177148,['54646252'],['OC[C@@H]1O[C@@H](CC(=O)NCc2ccc3OCOc3c2)C[C@H]4[C@@H]1Oc5ccc(NC(=O)Nc6ccccc6F)cc45'],,,,,
5596,BRD-K39187410,['11957531'],['CN1CCc2cc(O)cc-3c2[C@H]1Cc4ccc(O)c(O)c43'],,,,,
5597,BRD-K39187484,['54665093'],['COc1ccc(NC(=O)N2CC[C@H]3[C@@H]2c2cc(Br)ccc2N(C)[C@@H]3CO)cc1'],,,,,
5598,BRD-K39208132,['963514'],['CCSc1nc(O)cc(n1)c2ccccc2'],,,,,
5599,BRD-K39211770,['44618932'],['C[C@H](CO)N1C[C@H](C)[C@@H](CN(C)S(=O)(=O)c2ccc(F)cc2)OCCCC[C@H](C)Oc3ccc(NS(=O)(=O)c4ccc(F)cc4)cc3C1=O'],,,,,
5600,BRD-K39222404,['54652531'],['COc1ccccc1C(=O)N1C[C@H]2[C@H]([C@@H](CO)N2CC2CCOCC2)c2ccccc12'],,,,,
5601,BRD-K39227212,['54618431'],['C[C@@H](CO)N1C[C@H](C)[C@H](CN(C)C(=O)c2ccc(F)cc2)Oc3cc(ccc3S1(=O)=O)C4=CCCC4'],,,,,
5602,BRD-K39236054,['54646369'],['CS(=O)(=O)Nc1ccc2O[C@H]3[C@H](C[C@H](CC(=O)NCc4ccc(Cl)cc4)O[C@H]3CO)c2c1'],,,,,
5603,BRD-K39241486,['54638658'],['COc1cccc(CNC(=O)C[C@@H]2O[C@@H](CO)[C@H](NC(=O)C3CCC3)C=C2)c1'],,,,,
5604,BRD-K39244640,['54664952'],['COc1ccc(cc1)C#Cc1ccc2N(C)[C@H](CO)[C@@H]3CCN([C@@H]3c2c1)C(=O)c1ccncc1'],,,,,
5605,BRD-K39245533,['54618430'],['CCCN(C)C[C@@H]1Oc2ncc(cc2C(=O)N(C[C@H]1C)[C@H](C)CO)c3ccccc3'],,,,,
5606,BRD-K39245862,['44486969'],['C[C@H](CO)N1C[C@@H](C)[C@@H](CN(C)C(=O)Nc2cccc3ccccc23)OCc4cn(CCCC1=O)nn4'],,,,,
5607,BRD-K39248781,['54637917'],['C[C@H](CO)N1C[C@@H](C)[C@@H](CN(C)Cc2cccc(c2)C(=O)O)OCc3ccccc3-c4c(C1=O)n(C)c5ccccc45'],,,,,
5608,BRD-K39255658,['54638507'],['OC[C@@H]1O[C@H](CC(=O)NCc2ccc(Oc3ccccc3)cc2)CC[C@H]1NC(=O)c1ccc2OCOc2c1'],,,,,
5609,BRD-K39260562,['54665019'],['CN(C)C(=O)c1ccc(cc1)-c1ccc2N[C@H](CO)[C@@H]3CCN([C@@H]3c2c1)S(=O)(=O)c1cn(C)cn1'],,,,,
5610,BRD-K39267498,['54665018'],['CN(C)C(=O)c1ccc(cc1)-c1ccc2N[C@@H](CO)[C@H]3CCN([C@H]3c2c1)S(=O)(=O)c1cn(C)cn1'],,,,,
5611,BRD-K39284479,['54649600'],['CO[C@H]1CC[C@H]2CCOc3c(cccc3C(=O)N(C)C[C@H](OC)[C@H](C)C(=O)N(C)C[C@@H]1O2)C#N'],,,,,
5612,BRD-K39289507,['44500050'],['C[C@H](CO)N1C[C@@H](C)[C@H](CN(C)Cc2ccc(Oc3ccccc3)cc2)Oc4c(NC(=O)NC5CCCCC5)cccc4C1=O'],,,,,
5613,BRD-K39294074,['44486095'],['COc1ccc(NC(=O)N(C)C[C@H]2Oc3ccc(cc3C(=O)N(C[C@H]2C)[C@@H](C)CO)N(C)C)cc1'],,,,,
5614,BRD-K39301663,['54652698'],['COc1ccccc1CN1[C@H](CO)[C@H]2[C@@H]1CN(C(=O)c1cccnc1)c1ccccc21'],,,,,
5615,BRD-K39318886,['44142096'],['FC(F)Oc1ccc(cc1OCC2CC2)C3=Nn4c(nnc4SC3)c5ccccc5Cl'],,,,,
5616,BRD-K39321814,['56835351'],['CC(C)COC(=O)N(C)C[C@H]1OCc2ccccc2-c3c(C(=O)N(C[C@@H]1C)[C@@H](C)CO)n(C)c4ccccc34'],,,,,
5617,BRD-K39337865,['60192178'],['OC[C@@H]1[C@H](c2ccccc2)C2(CN(C2)C(=O)c2ccncc2)N1C(=O)CC1CC1'],,,,,
5618,BRD-K39345836,['2432214'],['Cn1nnnc1Sc2ncnc3scc(c4ccccc4)c23'],,,,,
5619,BRD-K39363780,['54654084'],['CN1[C@H]2CC[C@@H](CC(=O)N3CCCCC3)O[C@@H]2COc2ccc(NC(=O)c3cccs3)cc2C1=O'],,,,,
5620,BRD-K39367499,['54653985'],['CN1[C@H]2CC[C@@H](CC(=O)NCCc3ccncc3)O[C@@H]2COc2ccc(NC(=O)Nc3ccccc3F)cc2C1=O'],,,,,
5621,BRD-K39376673,['54649985'],['OC[C@H]1N[C@H](C#N)[C@H]1c1ccc(\\C=C\\c2ccccc2)cc1'],,,,,
5622,BRD-K39379309,['54631592'],['COCC(=O)Nc1ccc2OC[C@@H](C)N(Cc3ccccn3)C[C@H](C)[C@@H](CN(C)C(=O)c2c1)OC'],,,,,
5623,BRD-K39398102,['54654082'],['CN1[C@H]2CC[C@@H](CC(=O)N3CCCCC3)O[C@H]2COc2ccc(NC(=O)c3cccs3)cc2C1=O'],,,,,
5624,BRD-K39405368,['53382763'],['O[C@@H]1COC[C@H]2O[C@@H](CC(=O)NCc3ccc(Cl)cc3)CC[C@@H]2N(Cc2cc(F)ccc2F)C1'],,,,,
5625,BRD-K39412479,['54637947'],['C[C@@H](CO)N1C[C@@H](C)[C@@H](CN(C)S(=O)(=O)c2ccc(Cl)cc2)OCc3ccccc3-c4ccccc4C1=O'],,,,,
5626,BRD-K39430900,['54638391'],['COc1ccccc1S(=O)(=O)N[C@H]1CC[C@H](CCNC(=O)C2CCOCC2)O[C@H]1CO'],,,,,
5627,BRD-K39431601,['44495841'],['C[C@H](CO)N1C[C@H](C)[C@H](CN(C)Cc2ccc(cc2)C(F)(F)F)Oc3c(NC(=O)Nc4ccc(F)cc4)cccc3C1=O'],,,,,
5628,BRD-K39431644,['54660758'],['CS(=O)(=O)N1[C@H]([C@H](CO)[C@H]2Cn3c(ccc(C4=CCCC4)c3=O)[C@@H]12)C(=O)NCCc1ccncc1'],,,,,
5629,BRD-K39435863,['54631493'],['CO[C@H]1CN(C)C(=O)c2cc(NC(C)=O)ccc2OC[C@H](C)N(C[C@H]1C)C(=O)c1ccc(F)cc1'],,,,,
5630,BRD-K39446093,['54664979'],['Cc1ccccc1S(=O)(=O)N1CC[C@H]2[C@@H]1c1cc(ccc1N[C@H]2CO)C#Cc1ccccc1'],,,,,
5631,BRD-K39447340,['54658019'],['COc1cccc(c1)S(=O)(=O)N1C[C@H](O)COC[C@H]2O[C@@H](CC(=O)N3CCN(CC3)c3ccccc3)CC[C@H]12'],,,,,
5632,BRD-K39475284,['54631291'],['CO[C@@H]1CN(C)C(=O)c2cc(NC(=O)Nc3c(C)noc3C)ccc2OC[C@H](C)N(CCC(F)(F)F)C[C@@H]1C'],,,,,
5633,BRD-K39481055,['54657512'],['Cn1cnc(CCNC(=O)C[C@H]2CC[C@@H]3[C@H](COC[C@H](O)CN3C(=O)Nc3ccc(cc3)C(F)(F)F)O2)c1'],,,,,
5634,BRD-K39504007,['54645951'],['OC[C@H]1O[C@H](CC(=O)NC2CCCC2)C[C@H]3[C@@H]1Oc4ccc(NC(=O)C5CCC5)cc34'],,,,,
5635,BRD-K39507473,['54649409'],['CC(C)(C)[S@](=O)N1Cc2cc(nc(c2[C@@H]1CCO)-c1cccc(c1)-c1ccc(cc1)C#N)C(=O)N1CCOCC1'],,,,,
5636,BRD-K39507536,['60189981'],['COCC(=O)N1C[C@@]2(C1)CN(Cc1ccccc1F)[C@H](CO)c1[nH]c3cc(OC)ccc3c21'],,,,,
5637,BRD-K39507792,['25243774'],['Fc1cccc(F)c1S(=O)(=O)N2CCC(CC2)NS(=O)(=O)c3ccc4OCCOc4c3'],,,,,
5638,BRD-K39522184,['3301126'],['Cc1cc(ccc1[N+](=O)[O-])C(=O)Nc2nc[nH]n2'],,,,,
5639,BRD-K39529907,['60185169'],['Fc1ccc(cc1)C(=O)N1C[C@@H]2N[C@H](C1)[C@H]2c1ccc(cc1)-c1cccnc1'],,,,,
5640,BRD-K39530782,['54638561'],['OC[C@@H]1O[C@H](CC(=O)NCc2cccc(F)c2)CC[C@H]1NC(=O)CN1CCOCC1'],,,,,
5641,BRD-K39550135,['54660692'],['OC[C@@H]1[C@H]2Cn3c(ccc(-c4cncnc4)c3=O)[C@H]2N([C@H]1C(O)=O)C(=O)C1CCCCC1'],,,,,
5642,BRD-K39561037,['54651174'],['OC[C@@H]1N(Cc2ccccn2)[C@H](CN(C)S(C)(=O)=O)[C@H]1c1ccccc1'],,,,,
5643,BRD-K39561907,['54625458'],['C[C@@H](CO)N1C[C@H](C)[C@H](CN(C)C(=O)c2cccc(F)c2)Oc3ncc(cc3C1=O)C4=CCCCC4'],,,,,
5644,BRD-K39581664,['54660742'],['COC(=O)[C@H]1[C@H](CO)[C@H]2Cn3c(ccc(-c4cccc(OC)c4)c3=O)[C@H]2N1Cc1nccs1'],,,,,
5645,BRD-K39587434,['44491340'],['CC(C)NC(=O)Nc1cccc2C(=O)N(C[C@@H](C)[C@@H](CN(C)Cc3ccc(Cl)c(Cl)c3)Oc12)[C@@H](C)CO'],,,,,
5646,BRD-K39597586,['54637856'],['C[C@H](CO)N1C[C@H](C)[C@H](CN(C)Cc2ccc3OCOc3c2)OCc4ccccc4-c5ccccc5C1=O'],,,,,
5647,BRD-K39599822,['44485098'],['C[C@H](CO)N1C[C@@H](C)[C@@H](CN(C)Cc2ccncc2)OCCCC[C@@H](C)Oc3ccc(NC(=O)Nc4ccccc4)cc3C1=O'],,,,,
5648,BRD-K39613698,['54654567'],['COc1ccccc1C(=O)Nc1ccc2OC[C@H]3O[C@@H](CC(=O)Nc4cccc(c4)C(C)C)CC[C@@H]3N(C)C(=O)c2c1'],,,,,
5649,BRD-K39622686,['54654562'],['COC(=O)C[C@H]1CC[C@@H]2[C@@H](COc3ccc(NC(=O)Cc4cccs4)cc3C(=O)N2C)O1'],,,,,
5650,BRD-K39624960,['44484483'],['C[C@@H](CO)N1C[C@@H](C)[C@@H](CN(C)Cc2ccc(Cl)c(Cl)c2)Oc3ccc(NC(=O)C4CC4)cc3CC1=O'],,,,,
5651,BRD-K39629581,['54637640'],['CO[C@@H](C(=O)N(C)C[C@H]1OCc2ccccc2-c3ccccc3C(=O)N(C[C@@H]1C)[C@H](C)CO)c4ccccc4'],,,,,
5652,BRD-K39635618,['54638582'],['OC[C@@H]1O[C@@H](CCNC(=O)c2cc(Cl)cc(Cl)c2)CC[C@H]1NC(=O)C1CCOCC1'],,,,,
5653,BRD-K39635970,['54637668'],['CO[C@H](C(=O)N(C)C[C@@H]1OCc2ccccc2-c3c(C(=O)N(C[C@@H]1C)[C@@H](C)CO)n(C)c4ccccc34)c5ccccc5'],,,,,
5654,BRD-K39647256,['54665081'],['CN1[C@H](CO)[C@@H]2CCN([C@@H]2c2cc(ccc12)C#Cc1cccnc1)S(=O)(=O)c1ccccc1F'],,,,,
5655,BRD-K39654705,['44485758'],['CC(C)NC(=O)N(C)C[C@H]1OCc2cn(CCCC(=O)N(C[C@H]1C)[C@H](C)CO)nn2'],,,,,
5656,BRD-K39658422,['60185107'],['Fc1ccccc1NC(=O)N1[C@H]2CNC[C@@H]1[C@@H]2c1ccc(cc1)-c1ccncc1'],,,,,
5657,BRD-K39659850,['54631618'],['CCCC(=O)Nc1ccc2c(OC[C@@H](C)NC[C@@H](C)[C@H](CN(C)C2=O)OC)c1'],,,,,
5658,BRD-K39662808,['54632043'],['CCCNC(=O)N1C[C@H](C)[C@@H](CN(C)C(=O)c2cc(NC(=O)CCC)ccc2OC[C@@H]1C)OC'],,,,,
5659,BRD-K39669696,['54654432'],['CN1[C@H]2CC[C@H](CC(=O)N[C@H]3CCN(Cc4ccccc4)C3)O[C@H]2COc2ccc(NC(=O)Cc3cccs3)cc2C1=O'],,,,,
5660,BRD-K39674306,['54646434'],['COc1ccc(NC(=O)Nc2ccc3O[C@H]4[C@H](C[C@H](CC(=O)NC5CCCCC5)O[C@H]4CO)c3c2)cc1'],,,,,
5661,BRD-K39685946,['54660924'],['OC[C@@H]1[C@H]2Cn3c(ccc(C4=CCCC4)c3=O)[C@@H]([C@H]1C(=O)NCC1CC1)N2CCC(F)(F)F'],,,,,
5662,BRD-K39687892,['710962'],['Fc1cccc(Nc2nc(nc3ccccc23)c4ccncc4)c1'],,,,,
5663,BRD-K39696539,['54637774'],['C[C@@H](CO)N1C[C@@H](C)[C@@H](CN(C)C(=O)[C@@H]2CCCN2C)OCc3ccccc3-c4ccccc4C1=O'],,,,,
5664,BRD-K39701065,['54632224'],['CO[C@H]1CN(C)C(=O)c2cc(NC(=O)Cc3ccccc3)ccc2OC[C@@H](C)N(C[C@@H]1C)C(C)=O'],,,,,
5665,BRD-K39703302,['54631679'],['CO[C@@H]1CN(C)C(=O)c2ccc(NS(=O)(=O)c3cccc(OC)c3)cc2OC[C@H](C)N(Cc2ccccc2F)C[C@H]1C'],,,,,
5666,BRD-K39709536,['54664912'],['OC[C@H]1Nc2ccc(cc2[C@H]2[C@@H]1CCN2C(=O)c1ccc(F)cc1)C#Cc1ccccc1F'],,,,,
5667,BRD-K39728090,['54638256'],['CC(C)NC(=O)NCC[C@@H]1CC[C@@H](NC(=O)CCN2CCCCC2)[C@H](CO)O1'],,,,,
5668,BRD-K39732687,['44489173'],['COc1ccc(cc1)S(=O)(=O)N(C)C[C@@H]2Oc3c(NC(=O)Nc4cccc5ccccc45)cccc3C(=O)N(C[C@H]2C)[C@H](C)CO'],,,,,
5669,BRD-K39738296,['54632153'],['CO[C@H]1CN(C)C(=O)c2cc(NC(=O)c3ccc4OCOc4c3)ccc2OC[C@H](C)N(CC2CC2)C[C@H]1C'],,,,,
5670,BRD-K39757396,['44460190'],['Oc1ccc(Oc2ccccc2F)c2cccnc12'],,,,,
5671,BRD-K39758243,['44484052'],['C[C@@H](CO)N1C[C@H](C)[C@@H](CN(C)Cc2ccncc2)Oc3ccc(NC(=O)CCN4CCOCC4)cc3C1=O'],,,,,
5672,BRD-K39766484,['60190144'],['COc1ccc2c3c([C@@H](CO)N(C[C@]33CN(C3)C(=O)c3cccc(F)c3)C(=O)c3cccc(F)c3)n(C)c2c1'],,,,,
5673,BRD-K39768328,['54637945'],['C[C@H](CO)N1C[C@H](C)[C@@H](CN(C)S(=O)(=O)c2ccc(Cl)cc2)OCc3ccccc3-c4ccccc4C1=O'],,,,,
5674,BRD-K39779204,['54661276'],['CCCNC(=O)N1[C@@H]2Cn3c(cccc3=O)[C@H]1[C@H]([C@@H]2CO)C(=O)NCC(F)(F)F'],,,,,
5675,BRD-K39799535,['54638476'],['COCc1cn(CC[C@@H]2CC[C@@H](NC(=O)Nc3ccc(cc3)C(F)(F)F)[C@H](CO)O2)nn1'],,,,,
5676,BRD-K39801870,['54660807'],['COCC(=O)N1[C@H]([C@H](CO)[C@H]2Cn3c(ccc(-c4cccnc4)c3=O)[C@@H]12)C(=O)Nc1ccccc1'],,,,,
5677,BRD-K39805076,['54632196'],['CCC(=O)N1C[C@@H](C)[C@@H](CN(C)C(=O)c2ccc(NC(=O)c3ccccc3)cc2OC[C@H]1C)OC'],,,,,
5678,BRD-K39812290,['60184878'],['Cc1cccc(c1)-c1ccc(cc1)[C@@H]1[C@@H]2CNC[C@H]1N2C(=O)Nc1ccccc1Cl'],,,,,
5679,BRD-K39812368,['54661333'],['CN(C)C(=O)[C@@H]1[C@@H](CO)[C@@H]2Cn3c(ccc(C4=CCCCC4)c3=O)[C@@H]2N1Cc1ccccn1'],,,,,
5680,BRD-K39827602,['54666665'],['CN1CCCCN2[C@@H](CO)[C@@H]([C@H]2C1)c1ccc(cc1)-c1ccc(F)cc1'],,,,,
5681,BRD-K39829853,['53338811'],['Oc1ccc(CNc2ccccc2Br)c2cccnc12'],,,,,
5682,BRD-K39839146,['54660757'],['CCCNC(=O)N1[C@H]2Cn3c(ccc(-c4ccccc4OC)c3=O)[C@@H]1[C@@H]([C@H]2CO)C(=O)NCC'],,,,,
5683,BRD-K39839350,['54654015'],['CN1[C@H]2CC[C@H](CC(=O)NC3CCCC3)O[C@H]2COc2ccc(NC(=O)c3cc(C)on3)cc2C1=O'],,,,,
5684,BRD-K39844985,['56835358'],['C[C@@H](CO)N1C[C@H](C)[C@@H](CN(C)S(=O)(=O)c2cccc(F)c2)OCc3ccccc3-c4c(C1=O)n(C)c5ccccc45'],,,,,
5685,BRD-K39866321,['44142097'],['FC(F)Oc1ccc(cc1OCC2CC2)C3=Nn4c(nnc4SC3)c5ccccc5F'],,,,,
5686,BRD-K39878860,['54631533'],['CO[C@H]1CN(C)C(=O)c2cc(NC(C)=O)ccc2OC[C@H](C)N(C[C@H]1C)S(=O)(=O)c1cn(C)cn1'],,,,,
5687,BRD-K39880131,['44486267'],['C[C@@H](CO)N1C[C@H](C)[C@H](CN(C)Cc2ccc(cc2)c3ccccc3)Oc4ccc(NS(=O)(=O)C)cc4CC1=O'],,,,,
5688,BRD-K39887954,['54651377'],['CCCNC(=O)N1[C@@H](CO)[C@H]([C@H]1CNC(C)=O)c1ccc(cc1)C1=CCCC1'],,,,,
5689,BRD-K39892211,['54661023'],['COC(=O)[C@@H]1[C@@H](CO)[C@@H]2Cn3c(ccc(-c4ccccc4F)c3=O)[C@@H]2N1Cc1ccncc1'],,,,,
5690,BRD-K39894071,['54650089'],['CCCC#Cc1ccc(cc1)[C@H]1[C@H](CO)N([C@H]1C#N)S(C)(=O)=O'],,,,,
5691,BRD-K39896319,['60189931'],['OC[C@H]1[C@@H](c2ccccc2)C2(CN(C2)C(=O)c2cccnc2)N1Cc1ccc(Cl)cc1'],,,,,
5692,BRD-K39900015,['54646162'],['CN1CCN(CC1)C(=O)C[C@H]2C[C@H]3[C@H](Oc4ccc(NC(=O)C5CCC5)cc34)[C@@H](CO)O2'],,,,,
5693,BRD-K39900129,['60191237'],['OC[C@@H]1[C@@H]([C@@H]2CN(CC(=O)N12)C(=O)Cc1cccnc1)c1ccc(cc1)C#CC1CCCCC1'],,,,,
5694,BRD-K39902590,['54646583'],['COc1ccc(NC(=O)Nc2ccc3O[C@H]4[C@H](C[C@@H](CC(=O)O)O[C@H]4CO)c3c2)cc1'],,,,,
5695,BRD-K39906469,['54631746'],['CCC(=O)Nc1ccc2OC[C@H](C)N(Cc3ccncc3)C[C@@H](C)[C@H](CN(C)C(=O)c2c1)OC'],,,,,
5696,BRD-K39908587,['60192249'],['CC(C)NC(=O)N1[C@H](CO)[C@@H](c2ccccc2)C11CN(C1)C(=O)Cc1cccnc1'],,,,,
5697,BRD-K39911043,['54638267'],['COc1ccccc1-c1cn(CC[C@@H]2CC[C@H](NC(=O)c3cnccn3)[C@@H](CO)O2)nn1'],,,,,
5698,BRD-K39911750,['54652679'],['OC[C@H]1[C@@H]2[C@@H](CN(c3ccccc23)S(=O)(=O)c2ccc(F)cc2)N1Cc1ccccc1Cl'],,,,,
5699,BRD-K39921295,['44507250'],['C[C@@H](CO)N1C[C@@H](C)[C@@H](CN(C)Cc2ccc(Oc3ccccc3)cc2)Oc4ccc(NC(=O)CCCCCC(=O)Nc5ccccc5N)cc4CC1=O'],,,,,
5700,BRD-K39921641,['54646725'],['COc1cccc(c1)S(=O)(=O)Nc2ccc3O[C@@H]4[C@@H](C[C@@H](CC(=O)NCc5ccc(Cl)cc5)O[C@@H]4CO)c3c2'],,,,,
5701,BRD-K39929061,['54638755'],['COC(=O)C[C@@H]1CC[C@@H](NS(=O)(=O)c2ccccc2F)[C@@H](CO)O1'],,,,,
5702,BRD-K39947788,['44493294'],['C[C@@H](CO)N1C[C@@H](C)[C@@H](CN(C)C(=O)Nc2ccc(F)cc2)Oc3ccc(NC(=O)C4CCCCC4)cc3C1=O'],,,,,
5703,BRD-K39963927,['44505575'],['C[C@H](CO)N1C[C@@H](C)[C@H](CN(C)C(=O)Oc2ccc3ccccc3c2)OCc4cnnn4CCCC1=O'],,,,,
5704,BRD-K39988373,['54657922'],['O[C@@H]1COC[C@@H]2O[C@H](CC(=O)NC3CCC3)CC[C@H]2N(C1)C(=O)Nc1ccc(Cl)c(Cl)c1'],,,,,
5705,BRD-K40013467,['60190135'],['COc1ccc2c3c([C@@H](CO)N(C[C@]33CN(Cc4ccc(Cl)cc4)C3)C(C)=O)n(C)c2c1'],,,,,
5706,BRD-K40034561,['54654467'],['CCS(=O)(=O)Nc1ccc2OC[C@H]3O[C@@H](CC(=O)NCc4ccccc4F)CC[C@H]3N(C)C(=O)c2c1'],,,,,
5707,BRD-K40043058,['60189708'],['COc1cccc(c1)-c1ccc(cc1)[C@@H]1[C@H](CO)N(C(=O)C2CC2)C11CN(C1)C(C)=O'],,,,,
5708,BRD-K40045948,['54646520'],['OC[C@H]1O[C@H](CC(=O)NCc2ccc(Oc3ccccc3)cc2)C[C@@H]4[C@H]1Oc5ccc(NS(=O)(=O)c6ccc(F)cc6)cc45'],,,,,
5709,BRD-K40050963,['54660822'],['COc1ccccc1CN1[C@H]([C@H](CO)[C@H]2Cn3c(cccc3=O)[C@@H]12)C(=O)NCCc1ccncc1'],,,,,
5710,BRD-K40056507,['44495340'],['C[C@H](CO)N1C[C@@H](C)[C@@H](CN(C)Cc2ccc(cc2)C(=O)O)Oc3ccc(NC(=O)CCCN(C)C)cc3C1=O'],,,,,
5711,BRD-K40060962,['54632156'],['CO[C@H]1CN(C)C(=O)c2ccc(NC(=O)C3CC3)cc2OC[C@H](C)N(Cc2ccncc2)C[C@H]1C'],,,,,
5712,BRD-K40063896,['54631399'],['CO[C@@H]1CN(C)C(=O)c2ccc(NC(=O)c3ccc4OCOc4c3)cc2OC[C@@H](C)N(CCC(F)(F)F)C[C@@H]1C'],,,,,
5713,BRD-K40064462,['54638827'],['COc1ccccc1S(=O)(=O)N[C@H]1C=C[C@H](CC(=O)N2CCCCC2)O[C@H]1CO'],,,,,
5714,BRD-K40073746,['54649498'],['CO[C@@H]1CC[C@H]2CCN(C)C(=O)[C@@H](C)[C@@H](CN(C)C(=O)c3cccc(C#N)c3OC[C@@H]1O2)OC'],,,,,
5715,BRD-K40078199,['44488469'],['C[C@H](CO)N1C[C@@H](C)[C@@H](CN(C)Cc2ccc(Cl)c(Cl)c2)Oc3ccc(NC(=O)CCC(F)(F)F)cc3C1=O'],,,,,
5716,BRD-K40087764,['44493877'],['CNC[C@@H]1Oc2ccc(NC(=O)Nc3ccccc3)cc2C(=O)N(C[C@@H]1C)[C@@H](C)CO'],,,,,
5717,BRD-K40087974,['2769229'],['COc1ccc(Sc2ccc(NC(=O)c3ccccc3Cl)cc2C#N)cc1'],,,,,
5718,BRD-K40094191,['17452347'],['CN(C)c1nc(N)nc(CSc2nnnn2c3c(C)cccc3C)n1'],,,,,
5719,BRD-K40098720,['54654542'],['CN1[C@@H]2CC[C@@H](CC(=O)NCCCN3CCOCC3)O[C@H]2COc2ccc(NC(=O)Nc3ccccc3Cl)cc2C1=O'],,,,,
5720,BRD-K40099330,['44505139'],['COc1ccc(cc1)S(=O)(=O)N(C)C[C@H]2OCc3cn(CCCC(=O)N(C[C@H]2C)[C@H](C)CO)nn3'],,,,,
5721,BRD-K40115967,['60189755'],['CCCNC(=O)N1C[C@@]2(C1)CN([C@@H](CO)c1[nH]c3cc(OC)ccc3c21)C(=O)c1ccccc1'],,,,,
5722,BRD-K40121369,['54654257'],['CN1[C@H]2CC[C@H](CC(=O)Nc3cn(C)nc3C)O[C@H]2COc2ccc(NC(=O)c3cccc(F)c3)cc2C1=O'],,,,,
5723,BRD-K40123546,['54650032'],['COc1ccccc1-c1ccc(cc1)[C@H]1[C@H](CO)N[C@H]1C#N'],,,,,
5724,BRD-K40123785,['54637944'],['CC(C)OC(=O)N(C)C[C@H]1OCc2ccccc2-c3ccccc3C(=O)N(C[C@H]1C)[C@H](C)CO'],,,,,
5725,BRD-K40138205,['54652677'],['OC[C@H]1[C@H]2[C@H](CN(c3ccccc23)S(=O)(=O)c2ccc(F)cc2)N1Cc1ccccc1Cl'],,,,,
5726,BRD-K40141271,['54638010'],['C[C@@H](CO)N1C[C@@H](C)[C@@H](CN(C)Cc2ccncc2)OCc3ccccc3-c4ccccc4C1=O'],,,,,
5727,BRD-K40151202,['1507946'],['CCN(CC)C(=O)Cn1c2ccccc2c2nc3SCCn3c(=O)c12'],,,,,
5728,BRD-K40155511,['54666448'],['COCC#Cc1ccc(cc1)[C@@H]1[C@@H](CO)N2CCCCN(C[C@H]12)C(=O)NC1CCCC1'],,,,,
5729,BRD-K40160468,['44618900'],['C[C@@H](CO)N1C[C@@H](C)[C@@H](CN(C)C(=O)c2ccncc2)OCCCC[C@@H](C)Oc3ccc(NC(=O)c4ccncc4)cc3C1=O'],,,,,
5730,BRD-K40161407,['60191410'],['CS(=O)(=O)N1C[C@@H]2[C@H]([C@H](CO)N2C(=O)C1)c1ccc(cc1)C#CCC1CCCC1'],,,,,
5731,BRD-K40167599,['5311457'],['C[C@](N)([C@H]1C[C@@H]1C(O)=O)C(O)=O'],,,,,
5732,BRD-K40170731,['44496436'],['C[C@H](CO)N1C[C@H](C)[C@H](CN(C)C(=O)Cc2ccccc2)OCCCC[C@H](C)Oc3ccc(cc3C1=O)N(C)C'],,,,,
5733,BRD-K40173185,['54646274'],['COc1ccc(NC(=O)Nc2ccc3O[C@@H]4[C@@H](C[C@@H](CC(=O)NCCc5ccccc5)O[C@@H]4CO)c3c2)cc1'],,,,,
5734,BRD-K40174747,['60185006'],['C\\C=C\\c1ccc(cc1)[C@H]1[C@H]2CN(C[C@@H]1N2)S(=O)(=O)c1ccc(C)cc1'],,,,,
5735,BRD-K40175949,['25243779'],['Fc1cccc(F)c1S(=O)(=O)N2CC(CNS(=O)(=O)c3ccc4OCCOc4c3)C2'],,,,,
5736,BRD-K40185230,['44488237'],['CC(C)NC(=O)Nc1ccc2O[C@H](CN(C)C)[C@@H](C)CN([C@H](C)CO)C(=O)c2c1'],,,,,
5737,BRD-K40199965,['44485059'],['C[C@@H](CO)N1C[C@@H](C)[C@@H](CN(C)C(=O)c2ccc3ccn(C)c3c2)OCc4cn(CCCC1=O)nn4'],,,,,
5738,BRD-K40212960,['54654188'],['CN1[C@H]2CC[C@@H](CC(=O)NCCN3CCCCC3)O[C@H]2COc2ccc(NC(=O)Nc3ccc(Cl)cc3)cc2C1=O'],,,,,
5739,BRD-K40219191,['54657957'],['COc1ccccc1NC(=O)N1C[C@H](O)COC[C@H]2O[C@@H](CC(=O)NCCc3ccncc3)CC[C@H]12'],,,,,
5740,BRD-K40223625,['60185152'],['Cc1cccc(c1)-c1ccc(cc1)[C@H]1[C@@H]2CNC[C@H]1N2C(=O)Nc1ccc(F)cc1'],,,,,
5741,BRD-K40224283,['1409759'],['COc1cccc(c1)c2nnc(SCC(=O)c3ccc(O)c(O)c3)n2CC=C'],,,,,
5742,BRD-K40225343,['54638354'],['Cn1cnc(c1)S(=O)(=O)N[C@H]1C=C[C@@H](CC(=O)N2CCN(CC2)c2ccccc2)O[C@H]1CO'],,,,,
5743,BRD-K40230514,['60191284'],['COCC#Cc1ccc(cc1)[C@@H]1[C@@H](CO)N2[C@H]1CN(CC2=O)C(=O)c1ccncc1'],,,,,
5744,BRD-K40240180,['54632210'],['CO[C@@H]1CN(C)C(=O)c2ccc(NS(=O)(=O)c3ccccc3C)cc2OC[C@H](C)N(C)C[C@@H]1C'],,,,,
5745,BRD-K40249559,['44503840'],['C[C@H](CO)N1C[C@H](C)[C@@H](CN(C)S(=O)(=O)C)OCCCC[C@@H](C)Oc2ccc(NC(=O)c3ccncc3)cc2C1=O'],,,,,
5746,BRD-K40258090,['60184962'],['CN(C)C(=O)c1ccc(cc1)-c1ccc(cc1)[C@@H]1[C@H]2CNC[C@@H]1N2'],,,,,
5747,BRD-K40260510,['54632117'],['CCCC(=O)Nc1ccc2c(OC[C@@H](C)N(C[C@@H](C)[C@@H](CN(C)C2=O)OC)C(=O)c2cccnc2)c1'],,,,,
5748,BRD-K40263565,['54646120'],['CCCNC(=O)C[C@@H]1C[C@H]2[C@H](Oc3ccc(NC(=O)COC)cc23)[C@H](CO)O1'],,,,,
5749,BRD-K40272780,['60184910'],['CN(C)CC(=O)N1C[C@H]2N[C@@H](C1)[C@H]2c1ccc(cc1)-c1ccccc1F'],,,,,
5750,BRD-K40274786,['54651249'],['COCC(=O)NC[C@@H]1[C@@H]([C@H](CO)N1C(=O)c1ccccc1)c1ccccc1'],,,,,
5751,BRD-K40276799,['54637726'],['C[C@H](CO)N1C[C@@H](C)[C@@H](CN(C)C(=O)Nc2ccc(F)cc2)OCc3ccccc3-c4ccccc4C1=O'],,,,,
5752,BRD-K40280267,['54646680'],['CN(C)CC(=O)Nc1ccc2O[C@H]3[C@H](C[C@H](CC(=O)N4CCc5ccccc5C4)O[C@@H]3CO)c2c1'],,,,,
5753,BRD-K40300908,['1109840'],['Cc1ccc(cc1)n2nc3ccc(NC(=O)COc4ccccc4C)cc3n2'],,,,,
5754,BRD-K40301427,['44489870'],['C[C@@H](CO)N1C[C@@H](C)[C@H](CN(C)Cc2ccncc2)OCCCC[C@@H](C)Oc3ccc(NC(=O)Nc4ccccc4)cc3C1=O'],,,,,
5755,BRD-K40311869,['54666628'],['OC[C@@H]1[C@@H]([C@@H]2CN(CCCCN12)S(=O)(=O)c1ccccc1)c1ccc(cc1)C#CC1CCCC1'],,,,,
5756,BRD-K40321450,['54618404'],['C[C@@H](CO)N1C[C@H](C)[C@@H](CN(C)C(=O)CC2CC2)Oc3ncc(cc3C1=O)c4ccccc4C'],,,,,
5757,BRD-K40324831,['54628729'],['C[C@@H](CO)N1C[C@@H](C)[C@@H](CN(C)Cc2ccccc2)Oc3cc(ccc3S1(=O)=O)C4=CCCCC4'],,,,,
5758,BRD-K40329609,['60138097'],['CN1CCc2c(C1)sc(NC(C)=O)c2-c1nc2ccccc2s1'],,,,,
5759,BRD-K40332746,['54651371'],['CC(C)N(C[C@H]1N[C@H](CO)[C@@H]1c1ccc(cc1)-c1ccccc1)C(C)=O'],,,,,
5760,BRD-K40349140,['54651431'],['CC(C)NC(=O)N(C[C@@H]1[C@@H]([C@@H](CO)N1C(C)=O)c1ccccc1)C1CCCC1'],,,,,
5761,BRD-K40358966,['54657821'],['O[C@@H]1COC[C@@H]2O[C@@H](CC(=O)N3CCC(Cc4ccccc4)CC3)CC[C@H]2N(Cc2nccs2)C1'],,,,,
5762,BRD-K40365006,['54613912'],['C[C@H](CO)N1C[C@H](C)[C@@H](CN(C)Cc2ccc(cc2)C(F)(F)F)Oc3ccc(NC(=O)CCCN(C)C)cc3CC1=O'],,,,,
5763,BRD-K40378749,['44241416'],['OC(c1ccc(NC(=O)c2ccc(F)cc2Cl)cc1)(C(F)(F)F)C(F)(F)F'],,,,,
5764,BRD-K40383467,['54638526'],['OC[C@H]1O[C@H](CCNC(=O)Cc2ccccn2)CC[C@@H]1NC(=O)Nc1ccc(Cl)cc1'],,,,,
5765,BRD-K40389399,['54646466'],['COCC(=O)Nc1ccc2O[C@@H]3[C@@H](C[C@@H](CC(=O)NCc4ccccc4F)O[C@@H]3CO)c2c1'],,,,,
5766,BRD-K40397365,['60187910'],['OC[C@H]1Nc2ccc(cc2[C@@H]2[C@H]1CCN2C(=O)c1cccc(F)c1)-c1ccccc1'],,,,,
5767,BRD-K40408048,['54666589'],['CC(C)(O)C#Cc1ccc(cc1)[C@@H]1[C@@H](CO)N2CCCCN(C[C@@H]12)S(C)(=O)=O'],,,,,
5768,BRD-K40410846,['54631461'],['CO[C@@H]1CN(C)C(=O)c2ccc(NC(=O)Nc3ccccc3OC)cc2OC[C@@H](C)N(Cc2ccccc2C(O)=O)C[C@H]1C'],,,,,
5769,BRD-K40414902,['54646541'],['CN(C)c1ccc2O[C@@H]3[C@@H](C[C@@H](CC(=O)NCc4ccc5OCOc5c4)O[C@@H]3CO)c2c1'],,,,,
5770,BRD-K40425733,['54661108'],['COCCNC(=O)[C@@H]1[C@@H](CO)[C@@H]2Cn3c(ccc(-c4ccccc4F)c3=O)[C@H]1N2S(C)(=O)=O'],,,,,
5771,BRD-K40439253,['44484220'],['CC(C)NC(=O)Nc1ccc2O[C@@H](CN(C)C(=O)Nc3cccc4ccccc34)[C@@H](C)CN([C@@H](C)CO)C(=O)c2c1'],,,,,
5772,BRD-K40441731,['44241404'],['OC(c1ccc(NC(=O)c2ccccc2C(F)(F)F)cc1)(C(F)(F)F)C(F)(F)F'],,,,,
5773,BRD-K40442760,['54645809'],['CN(C)c1ccc2O[C@@H]3[C@@H](C[C@H](CC(=O)NCc4cccc(F)c4)O[C@@H]3CO)c2c1'],,,,,
5774,BRD-K40454949,['54654474'],['CN1[C@@H]2CC[C@@H](CC(=O)NCc3ccc(cc3)-c3ccccc3)O[C@@H]2COc2ccc(NC(=O)c3cc(C)on3)cc2C1=O'],,,,,
5775,BRD-K40455893,['54637831'],['C[C@H](CO)N1C[C@@H](C)[C@@H](CN(C)S(=O)(=O)c2c(C)noc2C)OCc3ccccc3-c4ccccc4C1=O'],,,,,
5776,BRD-K40461288,['54614162'],['C[C@H](CO)N1C[C@H](C)[C@@H](CN(C)CC2CCCCC2)Oc3ccc(NS(=O)(=O)c4ccccc4)cc3CC1=O'],,,,,
5777,BRD-K40471847,['44504553'],['C[C@H](CO)N1C[C@H](C)[C@H](CN(C)C(=O)c2ccccc2)OCCCC[C@@H](C)Oc3ccc(NC(=O)c4ccccc4)cc3C1=O'],,,,,
5778,BRD-K40471863,['54652529'],['OC[C@@H]1[C@@H]2[C@@H](CN(C(=O)c3cccnc3)c3ccccc23)N1C(=O)CN1CCOCC1'],,,,,
5779,BRD-K40478655,['54638910'],['OC[C@@H]1O[C@@H](CCNS(=O)(=O)c2ccc(Cl)cc2)CC[C@H]1NC(=O)c1ccccn1'],,,,,
5780,BRD-K40480443,['46245505'],['COc1cccc(c1)-c1cc2nc(C)c(C)c(N3CCN(Cc4ccco4)CC3)n2n1'],,,,,
5781,BRD-K40483165,['56835499'],['C[C@@H](CO)N1C[C@@H](C)[C@H](CN(C)C(=O)C)OCc2ccccc2-c3ccccc3C1=O'],,,,,
5782,BRD-K40490543,['60185107'],['Fc1ccccc1NC(=O)N1[C@H]2CNC[C@@H]1[C@H]2c1ccc(cc1)-c1ccncc1'],,,,,
5783,BRD-K40494872,['54652460'],['COc1ccccc1C(=O)N1C[C@H]2[C@H]([C@@H](CO)N2C(=O)Cc2cccnc2)c2ccccc12'],,,,,
5784,BRD-K40496631,['54651223'],['COCCN(C[C@H]1[C@@H]([C@@H](CO)N1C(=O)C1CCC1)c1ccccc1)C(C)=O'],,,,,
5785,BRD-K40506152,['54638484'],['C[C@H](NC(=O)C[C@@H]1CC[C@H](NS(=O)(=O)c2cccc(F)c2)[C@H](CO)O1)c1ccccc1'],,,,,
5786,BRD-K40507170,['54637942'],['CC(C)OC(=O)N(C)C[C@H]1OCc2ccccc2-c3ccccc3C(=O)N(C[C@@H]1C)[C@@H](C)CO'],,,,,
5787,BRD-K40518011,['54654183'],['COCC(=O)Nc1ccc2OC[C@H]3O[C@@H](CC(=O)N4CCc5ccccc5C4)CC[C@H]3N(C)C(=O)c2c1'],,,,,
5788,BRD-K40521754,['54649387'],['CN(C)C(=O)c1ccc(cc1)-c1cccc(c1)-c1nc(cc2CN([C@@H](CCO)c12)[S@@](=O)C(C)(C)C)C(=O)N1CCN(C)CC1'],,,,,
5789,BRD-K40522524,['60189864'],['COc1ccc2c3c([C@H](CO)N(Cc4ccccc4)C[C@]33CN(C3)C(=O)c3ccccc3F)n(C)c2c1'],,,,,
5790,BRD-K40555995,['54649567'],['CO[C@H]1CC[C@H]2CCOc3c(cccc3C(=O)N(C)C[C@H](C)C(=O)N(C)C[C@H]1O2)C#N'],,,,,
5791,BRD-K40566034,['44492840'],['C[C@H](CO)N1C[C@@H](C)[C@@H](CN(C)Cc2ccc(cc2)c3ccccc3)Oc4ccc(NC(=O)c5ccncc5)cc4C1=O'],,,,,
5792,BRD-K40567080,['54618599'],['C/C=C/c1cnc2O[C@@H](CN(C)C(=O)Nc3ccc(F)cc3)[C@@H](C)CN([C@H](C)CO)C(=O)c2c1'],,,,,
5793,BRD-K40576182,['54628019'],['C[C@@H](CO)N1C[C@H](C)[C@@H](CN(C)CC2CC2)Oc3cc(ccc3S1(=O)=O)c4cccnc4'],,,,,
5794,BRD-K40577058,['44142084'],['O=C(OCC#CCSc1nnc(o1)c2cccc3ccccc23)c4ccc5ccccc5c4'],,,,,
5795,BRD-K40591230,['54638665'],['OC[C@@H]1O[C@@H](CC(=O)NCC2CCCCC2)C=C[C@H]1NC(=O)Nc1cccc(F)c1'],,,,,
5796,BRD-K40597368,['54657480'],['COC(=O)C[C@H]1CC[C@H]2NC[C@H](O)COC[C@@H]2O1'],,,,,
5797,BRD-K40603797,['54632060'],['CO[C@@H]1CN(C)C(=O)c2ccc(NS(=O)(=O)c3ccccc3C)cc2OC[C@H](C)N(C)C[C@H]1C'],,,,,
5798,BRD-K40606280,['54615937'],['COc1ccc(NC(=O)N(C)C[C@@H]2OCCCC[C@H](C)Oc3ccc(NC(=O)C4CCCCC4)cc3C(=O)N(C[C@@H]2C)[C@H](C)CO)cc1'],,,,,
5799,BRD-K40608370,['54638274'],['Cn1cnc(c1)S(=O)(=O)N[C@H]1CC[C@H](CC(=O)NCC2CCCCC2)O[C@H]1CO'],,,,,
5800,BRD-K40623364,['44484297'],['C[C@@H](CO)N1C[C@H](C)[C@H](CN(C)C(=O)Nc2cccc3ccccc23)Oc4ccc(NS(=O)(=O)C)cc4C1=O'],,,,,
5801,BRD-K40627098,['60191924'],['CCC(=O)N1[C@H](CO)[C@H](c2ccc(\\C=C\\C)cc2)C11CN(C1)C(=O)c1ccccc1'],,,,,
5802,BRD-K40628295,['54632015'],['CO[C@H]1CN(C)C(=O)c2ccc(NC(=O)c3cnccn3)cc2OC[C@H](C)N(CCc2ccccc2)C[C@H]1C'],,,,,
5803,BRD-K40630529,['54618494'],['C/C=C/c1cnc2O[C@@H](CN(C)C(=O)Nc3ccc(F)cc3)[C@H](C)CN([C@H](C)CO)C(=O)c2c1'],,,,,
5804,BRD-K40635448,['44494592'],['CNC[C@@H]1OCCCC[C@H](C)Oc2ccc(NC(=O)NC(C)C)cc2C(=O)N(C[C@H]1C)[C@H](C)CO'],,,,,
5805,BRD-K40655550,['60192704'],['C\\C=C\\c1ccc(cc1)[C@H]1[C@@H](CO)N(CC2CCCC2)[C@@H]1CNC(=O)NC(C)C'],,,,,
5806,BRD-K40675267,['60185023'],['FC(F)(F)c1ccccc1CN1[C@H]2CNC[C@@H]1[C@@H]2c1ccc(cc1)-c1ccncc1'],,,,,
5807,BRD-K40676967,['54631513'],['CO[C@@H]1CN(C)C(=O)c2ccc(NC(=O)c3cccnc3)cc2OC[C@@H](C)N(CC2CC2)C[C@H]1C'],,,,,
5808,BRD-K40690989,['54647773'],['CN(C)CC(=O)Nc1ccc2O[C@@H]3[C@@H](C[C@@H](CC(=O)NCc4cccnc4)O[C@@H]3CO)c2c1'],,,,,
5809,BRD-K40692824,['44483801'],['C[C@H](CO)N1C[C@H](C)[C@H](CN(C)Cc2ccc(cc2)C(=O)O)Oc3c(NC(=O)Nc4cccc5ccccc45)cccc3C1=O'],,,,,
5810,BRD-K40695780,['54651358'],['CC(=O)N1[C@H](CO)[C@@H]([C@@H]1CNC(=O)CN1CCOCC1)c1ccccc1'],,,,,
5811,BRD-K40708503,['44620530'],['CCCN(C)C[C@@H]1OCCCC[C@@H](C)Oc2ccc(NS(=O)(=O)c3ccc(C)cc3)cc2C(=O)N(C[C@@H]1C)[C@@H](C)CO'],,,,,
5812,BRD-K40708745,['54646410'],['CN(C)c1ccc2O[C@@H]3[C@@H](C[C@@H](CC(=O)N4CCc5ccccc5C4)O[C@H]3CO)c2c1'],,,,,
5813,BRD-K40724605,['54632012'],['CO[C@@H]1CN(C)C(=O)c2cc(NS(C)(=O)=O)ccc2OC[C@@H](C)N(C)C[C@@H]1C'],,,,,
5814,BRD-K40724613,['44618016'],['C[C@H](CO)N1C[C@@H](C)[C@@H](CN(C)S(=O)(=O)c2ccccc2)OCCCC[C@H](C)Oc3ccc(NC(=O)Nc4ccc(cc4)C(F)(F)F)cc3C1=O'],,,,,
5815,BRD-K40734828,['44485174'],['C[C@H](CO)N1C[C@H](C)[C@@H](CN(C)Cc2ccc(Cl)c(Cl)c2)Oc3ccc(NC(=O)C4CC4)cc3CC1=O'],,,,,
5816,BRD-K40758391,['26871482'],['C/C(=N\\NC(=O)C1CCCC1)/c2ccc(NC(=O)C(F)(F)F)cc2'],,,,,
5817,BRD-K40769424,['60191346'],['CC(C)NC(=O)N1C[C@H]2[C@H]([C@H](CO)N2C(=O)C1)c1ccc(cc1)-c1ccc(C)cc1'],,,,,
5818,BRD-K40829514,['44490349'],['CC(C)NC(=O)Nc1ccc2O[C@@H](C)CCCCO[C@H](CN(C)C)[C@@H](C)CN([C@H](C)CO)C(=O)c2c1'],,,,,
5819,BRD-K40837535,['54618433'],['C[C@@H](CO)N1C[C@H](C)[C@H](CN(C)Cc2ccccc2C(=O)O)Oc3cc(ccc3S1(=O)=O)c4ccc(F)cc4'],,,,,
5820,BRD-K40840224,['54631563'],['CO[C@@H]1CN(C)C(=O)c2ccc(NC(=O)C3CC3)cc2OC[C@H](C)N(Cc2cc(F)ccc2F)C[C@H]1C'],,,,,
5821,BRD-K40846327,['44487461'],['C[C@H](CO)N1C[C@H](C)[C@@H](CN(C)C(=O)Nc2cccc3ccccc23)OCCCC[C@H](C)Oc4ccc(NC(=O)c5ccncc5)cc4C1=O'],,,,,
5822,BRD-K40862820,['54651302'],['CC(=O)NC[C@H]1[C@@H]([C@@H](CO)N1Cc1cccnc1)c1ccc(cc1)C1=CCCC1'],,,,,
5823,BRD-K40892926,['54639155'],['OC[C@H]1O[C@@H](CCNS(=O)(=O)Cc2ccccc2)CC[C@H]1NC(=O)c1cnccn1'],,,,,
5824,BRD-K40906026,['71760750'],['COc1ccc2c3c([C@@H](CO)N(C[C@]33CCN(CC3)C(=O)c3ccncc3)C(=O)C3CCOCC3)n(C)c2c1'],,,,,
5825,BRD-K40907206,['56835458'],['C[C@H](CO)N1C[C@@H](C)[C@H](CN(C)S(=O)(=O)c2cn(C)cn2)OCc3ccccc3-c4ccccc4C1=O'],,,,,
5826,BRD-K40910787,['54666650'],['C\\C=C\\c1ccc(cc1)[C@H]1[C@@H](CO)N2CCCCN(C[C@H]12)C(=O)Nc1ccc(F)cc1'],,,,,
5827,BRD-K40918107,['44493572'],['C[C@H](CO)N1C[C@@H](C)[C@H](CN(C)S(=O)(=O)c2ccc(Cl)cc2)OCc3cnnn3CCCC1=O'],,,,,
5828,BRD-K40941329,['60185468'],['COc1cc(CN2C[C@H]3N[C@@H](C2)[C@@H]3c2ccc(cc2)-c2ccncc2)cc(OC)c1'],,,,,
5829,BRD-K40941388,['4758367'],['COc1ccc(C=C2SC(=S)N(CCCC(=O)Nc3ccc(C(O)=O)c(O)c3)C2=O)cc1OC'],,,,,
5830,BRD-K40949493,['73707367'],['C[C@H](CO)N1C[C@H](C)[C@@H](CN(C)Cc2ccc(Cl)c(Cl)c2)Oc3ccc(NC(=O)CCCCCC(=O)Nc4ccccc4N)cc3C1=O'],,,,,
5831,BRD-K40951733,['60189739'],['CCS(=O)(=O)N1C[C@@]2(C1)CN([C@@H](CO)c1[nH]c3cc(OC)ccc3c21)S(=O)(=O)c1cccc(OC)c1'],,,,,
5832,BRD-K40955748,['49766619'],['CC(C)(C)c1ccc(cc1)C(=O)Nc1cc(Cl)c(F)cc1C(O)=O'],,,,,
5833,BRD-K40959498,['54618519'],['C[C@@H](CO)N1C[C@H](C)[C@H](CN(C)C(=O)C2CCCCC2)Oc3ncc(C#Cc4ccccc4F)cc3C1=O'],,,,,
5834,BRD-K40959762,['54646266'],['OC[C@@H]1O[C@H](CC(=O)NCCN2CCCCC2)C[C@H]3[C@@H]1Oc4ccc(NC(=O)Nc5ccccc5)cc34'],,,,,
5835,BRD-K40961223,['54651384'],['CCC(=O)N1[C@@H](CO)[C@@H]([C@H]1CN(C(C)C)S(C)(=O)=O)c1ccccc1'],,,,,
5836,BRD-K40963620,['60191400'],['OC[C@H]1[C@@H]([C@@H]2CN(CC(=O)N12)C(=O)c1ccc(F)cc1)c1ccc(cc1)C#CCC1CCCC1'],,,,,
5837,BRD-K40963786,['54652492'],['OC[C@@H]1[C@@H]2[C@@H](CNc3ccccc23)N1CC1CCOCC1'],,,,,
5838,BRD-K40971145,['54646376'],['CN(C)CC(=O)Nc1ccc2O[C@@H]3[C@@H](C[C@@H](CC(=O)NCc4ccc(cc4)c5ccccc5)O[C@@H]3CO)c2c1'],,,,,
5839,BRD-K40973428,['54651298'],['C\\C=C\\c1ccc(cc1)[C@H]1[C@@H](CO)N[C@@H]1CNC(=O)CC1CC1'],,,,,
5840,BRD-K40985138,['54639083'],['COc1ccccc1S(=O)(=O)N[C@@H]1CC[C@@H](CC(=O)NCc2cccc(F)c2)O[C@H]1CO'],,,,,
5841,BRD-K40988761,['44496819'],['C[C@H](CO)N1C[C@@H](C)[C@@H](CN(C)Cc2ccncc2)Oc3ccc(NC(=O)Nc4cccc5ccccc45)cc3CC1=O'],,,,,
5842,BRD-K40997335,['54637675'],['C[C@@H](CO)N1C[C@H](C)[C@H](CN(C)C(=O)NC2CCCCC2)OCc3ccccc3-c4c(C1=O)n(C)c5ccccc45'],,,,,
5843,BRD-K41005527,['44505204'],['C[C@@H](CO)N1C[C@H](C)[C@H](CN(C)C(=O)Nc2ccccc2)OCc3cn(CCCC1=O)nn3'],,,,,
5844,BRD-K41006959,['44634533'],['OC(c1cnc2ccccn12)(c1ccccc1)c1ccccc1'],,,,,
5845,BRD-K41014695,['54654547'],['CN1[C@@H]2CC[C@H](CC(=O)NCCCN3CCOCC3)O[C@@H]2COc2ccc(NC(=O)Nc3ccccc3Cl)cc2C1=O'],,,,,
5846,BRD-K41017712,['56835325'],['COc1ccc(NC(=O)N(C)C[C@H]2OCc3ccccc3-c4c(C(=O)N(C[C@@H]2C)[C@@H](C)CO)n(C)c5ccccc45)c(OC)c1'],,,,,
5847,BRD-K41023039,['54631834'],['CO[C@@H]1CN(C)C(=O)c2ccc(NS(=O)(=O)c3cn(C)cn3)cc2OC[C@@H](C)NC[C@H]1C'],,,,,
5848,BRD-K41028488,['54661300'],['CCNC(=O)[C@@H]1[C@@H](CO)[C@@H]2Cn3c(ccc(-c4ccccc4)c3=O)[C@H]1N2CCC(F)(F)F'],,,,,
5849,BRD-K41034329,['60190182'],['COc1ccc2c3c([nH]c2c1)[C@@H](CO)N(C[C@]31CCN(CC1)C(=O)C1CCCC1)C(=O)NC(C)C'],,,,,
5850,BRD-K41042536,['49843224'],['C[C@@H](CO)N1C[C@@H](C)[C@H](CN(C)Cc2ccccc2)OCCCC[C@H](C)Oc3ccc(NC(=O)Cc4ccccc4)cc3C1=O'],,,,,
5851,BRD-K41042783,['54631818'],['CCCN1C[C@H](C)[C@@H](CN(C)C(=O)c2cc(NC(=O)Nc3ccccc3F)ccc2OC[C@H]1C)OC'],,,,,
5852,BRD-K41049123,['114771'],['Nc1nc(N)c(nc1Cl)C(=O)NC(=N)NCc1ccc(Cl)c(Cl)c1'],,,,,
5853,BRD-K41059137,['44142104'],['Clc1cccc(c1)S(=O)(=O)N2CCN(CC2)S(=O)(=O)c3ccc4OCCOc4c3'],,,,,
5854,BRD-K41069217,['54615103'],['C[C@@H](CO)N1C[C@H](C)[C@@H](CN(C)C(=O)c2ccncc2)OCCCC[C@H](C)Oc3ccc(NC(=O)c4ccccc4)cc3C1=O'],,,,,
5855,BRD-K41087962,['73707381'],['COC(OC)[C@]12O[C@@H]3[C@H](O1)[C@@](O)(Oc1c3c(C)cc3c(OC)c4CCCC(=O)c4c(O)c13)[C@@]21CO1'],,,,,
5856,BRD-K41096823,['54639152'],['OC[C@@H]1O[C@@H](CCNS(=O)(=O)Cc2ccccc2)CC[C@@H]1NC(=O)c1cnccn1'],,,,,
5857,BRD-K41115759,['60190131'],['COc1ccc2c3c([nH]c2c1)[C@H](CO)NC[C@]31CN(C1)S(=O)(=O)c1cccs1'],,,,,
5858,BRD-K41120089,['54657771'],['CCC(=O)N1C[C@H](O)COC[C@H]2O[C@@H](CC(=O)NCc3cc(F)cc(F)c3)CC[C@H]12'],,,,,
5859,BRD-K41129365,['44490968'],['C[C@H](CO)N1C[C@H](C)[C@@H](CN(C)C)Oc2ccc(NC(=O)C3CC3)cc2CC1=O'],,,,,
5860,BRD-K41138144,['60191304'],['COCC(=O)N1C[C@H]2[C@H]([C@H](CO)N2C(=O)C1)c1ccc(cc1)-c1ccncc1'],,,,,
5861,BRD-K41139858,['54638371'],['OC[C@H]1O[C@H](CC(=O)NCc2ccncn2)CC[C@@H]1NC(=O)c1ccc(F)cc1'],,,,,
5862,BRD-K41172353,['673329'],['O=C(Sc1cccc2ncccc12)c3ccccc3'],,,,,
5863,BRD-K41173255,['54638288'],['C[C@H](NC(=O)C[C@H]1O[C@@H](CO)[C@@H](NC(=O)Cc2ccccn2)C=C1)c1ccccc1'],,,,,
5864,BRD-K41182633,['54646616'],['OC[C@H]1O[C@@H](CC(=O)NCc2cccnc2)C[C@H]3[C@@H]1Oc4ccc(NC(=O)c5ccc6OCOc6c5)cc34'],,,,,
5865,BRD-K41185612,['45136810'],['Clc1cc(Cl)cc(c1)S(=O)(=O)N1CCN(CC1)c1nc(nc2ccccc12)-c1cccs1'],,,,,
5866,BRD-K41200351,['54651293'],['COCC(=O)NC[C@@H]1[C@@H]([C@@H](CO)N1C(=O)C1CC1)c1ccc(cc1)C1=CCCC1'],,,,,
5867,BRD-K41200778,['54659614'],['CNC(=O)C[C@H]1CC[C@@H]2[C@H](COC[C@@H](O)CN2C(=O)Nc2cccc(OC)c2)O1'],,,,,
5868,BRD-K41215666,['54661102'],['C[C@H](NC(=O)[C@@H]1[C@@H](CO)[C@@H]2Cn3c(ccc(-c4ccccc4F)c3=O)[C@H]1N2C)c1ccccc1'],,,,,
5869,BRD-K41220170,['25042413'],['COC(=O)CCCCCCC(=O)N/N=C/c1ccc(o1)S(=O)(=O)O'],,,,,
5870,BRD-K41235383,['54618411'],['CC(C)CC#Cc1cnc2O[C@H](CN(C)C(=O)c3cccc(F)c3)[C@H](C)CN([C@@H](C)CO)C(=O)c2c1'],,,,,
5871,BRD-K41240505,['46912091'],['Cc1ccc(cc1)-c1cc2nc(cc(N3CCN(Cc4ccoc4)CC3)n2n1)-c1ccco1'],,,,,
5872,BRD-K41280229,['60184926'],['COc1ccc2c3c([C@@H](CO)N(C)C[C@]33CN(C3)S(=O)(=O)c3cccs3)n(C)c2c1'],,,,,
5873,BRD-K41284916,['23648012'],['COc1ccc(Cl)cc1Nc2nc(NCCO)nc(n2)N3CCCCC3'],,,,,
5874,BRD-K41296766,['44496776'],['C[C@H](CO)N1C[C@H](C)[C@H](CN(C)Cc2ccc(Cl)c(Cl)c2)Oc3ccc(NS(=O)(=O)C)cc3CC1=O'],,,,,
5875,BRD-K41302766,['60185090'],['COc1ccc2c3c([C@@H](CO)N(CC4CC4)C[C@]33CCN(CC3)C(=O)c3cccc(F)c3)n(C)c2c1'],,,,,
5876,BRD-K41303952,['44498151'],['C[C@@H](CO)N1C[C@H](C)[C@H](CN(C)CC2CCCCC2)OCCCC[C@H](C)Oc3ccc(NC(=O)C4CCCCC4)cc3C1=O'],,,,,
5877,BRD-K41325905,['54660950'],['OC[C@@H]1[C@H]2Cn3c(cccc3=O)[C@@H]([C@H]1C(=O)NC1Cc3ccccc3C1)N2C(=O)CC1CC1'],,,,,
5878,BRD-K41326905,['54661231'],['OC[C@@H]1[C@H]2Cn3c(ccc(-c4ccccc4F)c3=O)[C@@H]([C@H]1C(=O)NCC1CC1)N2Cc1cccnc1'],,,,,
5879,BRD-K41328253,['54616675'],['C[C@H](CO)N1C[C@@H](C)[C@H](CN(C)Cc2ccc(Cl)c(Cl)c2)OCCCC[C@@H](C)Oc3ccc(NC(=O)Nc4ccccc4)cc3C1=O'],,,,,
5880,BRD-K41335306,['54666693'],['OC[C@H]1[C@@H]([C@H]2CN(Cc3cccnc3)CCCCN12)c1ccc(\\C=C\\c2ccccc2)cc1'],,,,,
5881,BRD-K41340267,['54618450'],['CCCN(C)C[C@@H]1Oc2cc(C#Cc3cccc(OC)c3)ccc2S(=O)(=O)N(C[C@@H]1C)[C@@H](C)CO'],,,,,
5882,BRD-K41341398,['54661277'],['CCCN1[C@@H]2Cn3c(ccc(-c4cccc(F)c4)c3=O)[C@H]1[C@H]([C@@H]2CO)C(=O)NCC1CC1'],,,,,
5883,BRD-K41342615,['60184150'],['COc1ccc2c3c([nH]c2c1)[C@H](CO)N(C[C@]31CN(C1)C(=O)c1ccccc1F)C(=O)Nc1ccccc1F'],,,,,
5884,BRD-K41344641,['54649941'],['C\\C=C\\c1ccc(cc1)[C@@H]1[C@@H](CO)N([C@@H]1C#N)C(=O)CN1CCOCC1'],,,,,
5885,BRD-K41354272,['54657852'],['COc1ccc(cc1)S(=O)(=O)N1C[C@H](O)COC[C@@H]2O[C@@H](CC(=O)N[C@H]3CCN(Cc4ccccc4)C3)CC[C@@H]12'],,,,,
5886,BRD-K41363665,['54666586'],['CC(C)(O)C#Cc1ccc(cc1)[C@H]1[C@H](CO)N2CCCCN(C[C@@H]12)S(C)(=O)=O'],,,,,
5887,BRD-K41377239,['54630616'],['C[C@H](CO)N1C[C@H](C)[C@H](CN(C)Cc2ccccc2F)Oc3cc(ccc3S1(=O)=O)C4=CCCC4'],,,,,
5888,BRD-K41389876,['54658027'],['O[C@@H]1COC[C@H]2O[C@@H](CC(=O)NCCN3CCCCC3)CC[C@@H]2N(C1)S(=O)(=O)c1ccccc1'],,,,,
5889,BRD-K41390249,['54617759'],['C[C@H](CO)N1C[C@@H](C)[C@@H](CN(C)C(=O)NC2CCCCC2)OCCCC[C@H](C)Oc3ccc(NC(=O)Nc4ccc5OCOc5c4)cc3C1=O'],,,,,
5890,BRD-K41404328,['54658077'],['CCCNC(=O)N1C[C@H](O)COC[C@@H]2O[C@@H](CC(=O)N[C@H]3CCN(Cc4ccccc4)C3)CC[C@@H]12'],,,,,
5891,BRD-K41405597,['54651443'],['CCN(C[C@H]1N[C@H](CO)[C@H]1c1ccc(cc1)-c1ccc(F)cc1)C(=O)COC'],,,,,
5892,BRD-K41418105,['44489855'],['CC(C)NC(=O)N(C)C[C@@H]1OCCCC[C@@H](C)Oc2ccc(NC(=O)CCC(F)(F)F)cc2C(=O)N(C[C@@H]1C)[C@@H](C)CO'],,,,,
5893,BRD-K41419164,['54652557'],['OC[C@H]1[C@H]2[C@H](CNc3ccccc23)N1C(=O)C1CCCCC1'],,,,,
5894,BRD-K41421455,['54631361'],['CO[C@@H]1CN(C)C(=O)c2ccc(NC(=O)Nc3ccccc3Cl)cc2OC[C@H](C)NC[C@@H]1C'],,,,,
5895,BRD-K41429297,['44500411'],['C[C@H](CO)N1C[C@H](C)[C@H](CN(C)C(=O)Nc2ccc(F)cc2)Oc3ccc(NC(=O)Nc4ccc(cc4)C(F)(F)F)cc3C1=O'],,,,,
5896,BRD-K41430135,['54657776'],['O[C@H]1CN[C@H]2CC[C@H](CC(=O)N3CCc4ccccc4C3)O[C@@H]2COC1'],,,,,
5897,BRD-K41431262,['44494999'],['C[C@H](CO)N1C[C@H](C)[C@@H](CN(C)S(=O)(=O)c2ccccc2)OCCCC[C@H](C)Oc3ccc(NC(=O)CCCN(C)C)cc3C1=O'],,,,,
5898,BRD-K41440211,['54638954'],['C[C@@H](NC(=O)C[C@@H]1O[C@@H](CO)[C@@H](NC(=O)Nc2ccc3OCOc3c2)C=C1)c1ccccc1'],,,,,
5899,BRD-K41444660,['54651313'],['C\\C=C\\c1ccc(cc1)[C@@H]1[C@@H](CO)N([C@@H]1CNC(C)C)C(=O)c1ccccc1'],,,,,
5900,BRD-K41513229,['44486997'],['C[C@H](CO)N1C[C@H](C)[C@H](CN(C)C(=O)Nc2ccccc2)OCCCC[C@H](C)Oc3ccc(NC(=O)Nc4ccccc4)cc3C1=O'],,,,,
5901,BRD-K41513507,['54658980'],['O[C@H]1COC[C@@H]2O[C@H](CC(=O)NCCc3ccccc3)CC[C@H]2N(Cc2ccc(cc2)C(F)(F)F)C1'],,,,,
5902,BRD-K41520544,['44494602'],['C[C@H](CO)N1C[C@@H](C)[C@H](CN(C)Cc2ccncc2)OCCCC[C@@H](C)Oc3ccc(NC(=O)c4ccncc4)cc3C1=O'],,,,,
5903,BRD-K41520872,['54666435'],['COc1cccc(CN2CCCCN3[C@@H](CO)[C@@H]([C@H]3C2)c2ccc(cc2)-c2cccnc2)c1'],,,,,
5904,BRD-K41526317,['44501790'],['C[C@H](CO)N1C[C@H](C)[C@H](CN(C)C(=O)c2ccccc2)OCCCC[C@@H](C)Oc3ccc(cc3C1=O)N(C)C'],,,,,
5905,BRD-K41527436,['54660823'],['COc1cccc(c1)-c1ccc2[C@@H]3[C@@H]([C@@H](CO)[C@H](Cn2c1=O)N3Cc1ccccc1F)C(O)=O'],,,,,
5906,BRD-K41539131,['54649925'],['CN(C)C(=O)c1ccc(cc1)-c1ccc(cc1)[C@@H]1[C@@H](CO)N([C@@H]1C#N)S(C)(=O)=O'],,,,,
5907,BRD-K41539628,['54631731'],['CO[C@@H]1CN(C)C(=O)c2ccc(NC(=O)NC3CCCCC3)cc2OC[C@@H](C)N(CC2CCOCC2)C[C@H]1C'],,,,,
5908,BRD-K41540007,['54657949'],['CN(C)C(=O)C[C@H]1CC[C@H]2[C@@H](COC[C@@H](O)CN2C(=O)c2ccncc2)O1'],,,,,
5909,BRD-K41547297,['54650004'],['OC[C@@H]1[C@@H]([C@H](C#N)N1C(=O)Nc1ccccc1F)c1ccc(\\C=C\\c2ccccc2)cc1'],,,,,
5910,BRD-K41557448,['676288'],['COc1ccc2oc(cc(=O)c2c1)-c1ccccc1OC'],,,,,
5911,BRD-K41571462,['54638787'],['OC[C@@H]1O[C@@H](CC(=O)N2CCCCC2)C=C[C@@H]1NC(=O)c1ccc2OCOc2c1'],,,,,
5912,BRD-K41579429,['54658094'],['O[C@@H]1COC[C@@H]2O[C@H](CC(=O)N3CCCCC3)CC[C@H]2N(Cc2ccc3OCOc3c2)C1'],,,,,
5913,BRD-K41593073,['44619063'],['COc1ccc(NC(=O)Nc2ccc3O[C@H](C)CCCCO[C@H](CN(C)Cc4ccc(Cl)c(Cl)c4)[C@@H](C)CN([C@@H](C)CO)C(=O)c3c2)cc1'],,,,,
5914,BRD-K41597316,['54638860'],['COc1ccccc1NC(=O)N[C@@H]1CC[C@@H](CCn2cc(nn2)C2(O)CCCC2)O[C@@H]1CO'],,,,,
5915,BRD-K41613119,['54638271'],['COc1ccccc1-c1cn(CC[C@H]2CC[C@H](NC(=O)c3cnccn3)[C@@H](CO)O2)nn1'],,,,,
5916,BRD-K41641213,['54652468'],['COc1ccc(cc1)C(=O)N1C[C@@H]2[C@@H]([C@@H](CO)N2C(=O)NC(C)C)c2ccccc12'],,,,,
5917,BRD-K41641829,['54631729'],['CO[C@@H]1CN(C)C(=O)c2ccc(NC(=O)c3ccccc3OC)cc2OC[C@@H](C)N(C[C@H]1C)C(C)=O'],,,,,
5918,BRD-K41649460,['44489878'],['C[C@H](CO)N1C[C@@H](C)[C@H](CN(C)Cc2ccncc2)OCCCC[C@H](C)Oc3ccc(NC(=O)Nc4ccccc4)cc3C1=O'],,,,,
5919,BRD-K41651095,['60191130'],['OC[C@H]1[C@@H]([C@@H]2CN(CC(=O)N12)C(=O)c1cccnc1)c1ccc(cc1)-c1ccccc1F'],,,,,
5920,BRD-K41652832,['56835227'],['COc1cccc(NC(=O)N(C)C[C@@H]2OCc3ccccc3-c4ccccc4C(=O)N(C[C@H]2C)[C@@H](C)CO)c1'],,,,,
5921,BRD-K41652870,['3190037'],['COc1ccc(cc1)-c1csc(NC(=O)CSc2nnc3c(C)cc4cc5OCCOc5cc4n23)n1'],,,,,
5922,BRD-K41660807,['54654442'],['CN1[C@H]2CC[C@H](CC(=O)N[C@@H]3CCN(Cc4ccccc4)C3)O[C@@H]2COc2ccc(NC(=O)Cc3cccs3)cc2C1=O'],,,,,
5923,BRD-K41666683,['44460133'],['Fc1ccc(cc1)C(=O)OCC#CCSc1nnc(o1)-c1cccs1'],,,,,
5924,BRD-K41667061,['54645865'],['COCC(=O)Nc1ccc2O[C@@H]3[C@@H](C[C@H](CC(=O)NCc4ccc5OCOc5c4)O[C@H]3CO)c2c1'],,,,,
5925,BRD-K41668190,['44507790'],['Oc1ccccc1NC(=O)CCCCCCC(=O)N/N=C/C=C/c2ccccc2'],,,,,
5926,BRD-K41670583,['121025'],['OC(=O)c1cc([nH]n1)c2ccccc2'],,,,,
5927,BRD-K41675418,['54638603'],['Cc1ccc(cc1)S(=O)(=O)N[C@@H]1CC[C@@H](CCn2cc(nn2)-c2cccnc2)O[C@@H]1CO'],,,,,
5928,BRD-K41700431,['54631455'],['CO[C@H]1CN(C)C(=O)c2cc(NC(=O)NC3CCCCC3)ccc2OC[C@@H](C)N(CCc2ccccc2)C[C@@H]1C'],,,,,
5929,BRD-K41703587,['54632162'],['CO[C@H]1CN(C)C(=O)c2ccc(NC(C)=O)cc2OC[C@H](C)N(Cc2ccccc2F)C[C@H]1C'],,,,,
5930,BRD-K41705395,['60189717'],['COc1ccc2c3c([C@@H](CO)N(C[C@]33CCN(CC3)C(=O)NC3CCCC3)C(=O)Nc3ccc(F)cc3)n(C)c2c1'],,,,,
5931,BRD-K41721525,['54665095'],['CC(C)NC(=O)N1CC[C@H]2[C@@H]1c1cc(Br)ccc1N(C)[C@@H]2CO'],,,,,
5932,BRD-K41721791,['54649404'],['CCNC(=O)c1cc2CN([C@H](CCO)c2c(n1)-c1cccc(c1)-c1cccc(OC)c1)[S@](=O)C(C)(C)C'],,,,,
5933,BRD-K41723088,['54658098'],['O[C@@H]1COC[C@@H]2O[C@@H](CC(=O)N3CCCCC3)CC[C@H]2N(Cc2ccc3OCOc3c2)C1'],,,,,
5934,BRD-K41726296,['44488092'],['C[C@@H](CO)N1C[C@H](C)[C@H](CN(C)Cc2ccc(cc2)C(F)(F)F)Oc3ccc(NC(=O)Cc4ccccc4)cc3CC1=O'],,,,,
5935,BRD-K41757249,['1366986'],['Cc1ccc(cc1NC(=O)COc2ccccc2)c3nc4ccccc4o3'],,,,,
5936,BRD-K41761456,['54660881'],['COc1cccc(c1)-c1ccc2[C@@H]3[C@H](Cn2c1=O)[C@@H](CO)[C@@H](N3C)C(=O)NCCN1CCCCC1'],,,,,
5937,BRD-K41763112,['44491470'],['CC(C)NC(=O)N(C)C[C@H]1OCCCC[C@H](C)Oc2ccc(cc2C(=O)N(C[C@H]1C)[C@H](C)CO)N(C)C'],,,,,
5938,BRD-K41763142,['54649510'],['CO[C@H]1CC[C@H]2CCN(C)C(=O)[C@H](C)[C@@H](CN(C)C(=O)c3cc(ccc3OC[C@@H]1O2)C#N)OC'],,,,,
5939,BRD-K41767152,['54661106'],['CCCNC(=O)[C@H]1[C@H](CO)[C@H]2Cn3c(ccc(C4=CCCC4)c3=O)[C@@H]1N2C(=O)CC'],,,,,
5940,BRD-K41775742,['44202529'],['C[C@H](CO)N1C[C@H](C)[C@@H](CN(C)Cc2ccc(cc2)C(=O)Nc3ccccc3N)Oc4c(NC(=O)C5CCCCC5)cccc4C1=O'],,,,,
5941,BRD-K41790758,['1963150'],['Cc1ccc(Nc2nc(=O)c3cccnc3s2)c(Br)c1'],,,,,
5942,BRD-K41797142,['44142047'],['Clc1ccccc1c2ccc3ncnc(NCc4cccs4)c3c2'],,,,,
5943,BRD-K41814765,['60185270'],['COc1ccc2c3c([C@H](CO)NC[C@]33CCN(Cc4cc(F)ccc4F)CC3)n(C)c2c1'],,,,,
5944,BRD-K41824522,['73707581'],['Clc1ccc2sc3c([nH]c2c1)c(=O)ccc3=O'],,,,,
5945,BRD-K41842760,['60192242'],['CCCNC(=O)N1CC2(C1)[C@H]([C@@H](CO)N2CC1CCOCC1)c1ccccc1'],,,,,
5946,BRD-K41845021,['46930970'],['Cc1c(n2ccccc2[n+]1CCc1ccccc1)P(=S)(c1ccccc1)c1ccccc1'],,,,,
5947,BRD-K41862560,['44494417'],['CC(C)NC(=O)N(C)C[C@@H]1OCCCC[C@@H](C)Oc2ccc(NC(=O)Cc3ccccc3)cc2C(=O)N(C[C@@H]1C)[C@H](C)CO'],,,,,
5948,BRD-K41863121,['54638993'],['OC[C@@H]1O[C@@H](CC(=O)NCCc2ccncc2)CC[C@H]1NC(=O)Cc1ccccn1'],,,,,
5949,BRD-K41866979,['44497202'],['C[C@H](CO)N1C[C@H](C)[C@H](CN(C)S(=O)(=O)c2cn(C)cn2)OCCCC[C@@H](C)Oc3ccc(cc3C1=O)N(C)C'],,,,,
5950,BRD-K41871066,['54615025'],['C[C@@H](CO)N1C[C@@H](C)[C@H](CN(C)S(=O)(=O)c2ccc(Cl)cc2)OCCCC[C@@H](C)Oc3ccc(NC(=O)Nc4c(C)noc4C)cc3C1=O'],,,,,
5951,BRD-K41878610,['54654300'],['CN1[C@@H]2CC[C@H](CC(=O)NCC3CCCCC3)O[C@@H]2COc2ccc(NC(=O)c3cccc(F)c3)cc2C1=O'],,,,,
5952,BRD-K41880142,['44505163'],['COc1cccc(c1)S(=O)(=O)N(C)C[C@H]2OCc3cnnn3CCCC(=O)N(C[C@@H]2C)[C@H](C)CO'],,,,,
5953,BRD-K41885374,['54646256'],['OC[C@@H]1O[C@@H](CC(=O)NCc2ccccn2)C[C@@H]3[C@H]1Oc4ccc(NC(=O)c5ccc6OCOc6c5)cc34'],,,,,
5954,BRD-K41887163,['44490771'],['C[C@H](CO)N1C[C@@H](C)[C@@H](CN(C)Cc2ccc3OCOc3c2)Oc4c(NS(=O)(=O)C)cccc4C1=O'],,,,,
5955,BRD-K41888384,['54654012'],['CN1[C@H]2CC[C@@H](CC(=O)NC3CCCC3)O[C@H]2COc2ccc(NC(=O)c3cc(C)on3)cc2C1=O'],,,,,
5956,BRD-K41889859,['54615011'],['CCCN(C)C[C@H]1OCCCC[C@H](C)Oc2ccc(NS(=O)(=O)c3ccc(C)cc3)cc2C(=O)N(C[C@H]1C)[C@@H](C)CO'],,,,,
5957,BRD-K41908462,['60184231'],['COc1ccc2c3c([nH]c2c1)[C@@H](CO)N(Cc1cc(F)ccc1F)C[C@]31CCN(CC1)C(=O)C1CCC1'],,,,,
5958,BRD-K41908552,['60184951'],['COc1ccc2c3c([nH]c2c1)[C@H](CO)N(C[C@]31CCN(CC1)C(=O)c1cnccn1)C(=O)NC(C)C'],,,,,
5959,BRD-K41916320,['46903255'],['CNC[C@@H]1OCc2ccccc2-c3ccccc3C(=O)N(C[C@@H]1C)[C@@H](C)CO'],,,,,
5960,BRD-K41924482,['2946881'],['CS(=O)(=O)N(CC(=O)O)c1ccc(cc1)C2(CC3CC4CC(C3)C2)C4'],,,,,
5961,BRD-K41925105,['6729590'],['COC(=O)C(CC#Cc1ccc2NC(=O)[C@]3([C@@H]([C@@H]4N([C@@H]3c5ccccc5OCCO)[C@H]([C@H](OC4=O)c6ccccc6)c7ccccc7)C(=O)NCC=C)c2c1)C(=O)OC'],,,,,
5962,BRD-K41927787,['54638889'],['Cc1ccccc1S(=O)(=O)NCC[C@H]1CC[C@H](NS(=O)(=O)c2ccccc2C)[C@@H](CO)O1'],,,,,
5963,BRD-K41931739,['44486411'],['C[C@@H](CO)N1C[C@@H](C)[C@@H](CN(C)C(=O)Nc2ccc(cc2)C(F)(F)F)OCCCC[C@@H](C)Oc3ccc(NS(=O)(=O)C)cc3C1=O'],,,,,
5964,BRD-K41944296,['56835238'],['C[C@H](CO)N1C[C@@H](C)[C@H](CN(C)C(=O)c2ccc(F)cc2)OCc3ccccc3-c4ccccc4C1=O'],,,,,
5965,BRD-K41952303,['54631889'],['COCC(=O)N1C[C@@H](C)[C@H](CN(C)C(=O)c2ccc(NS(C)(=O)=O)cc2OC[C@@H]1C)OC'],,,,,
5966,BRD-K41953699,['60184908'],['COc1ccccc1NC(=O)N1C[C@H]2N[C@@H](C1)[C@@H]2c1ccc(cc1)-c1cccc(c1)C#N'],,,,,
5967,BRD-K41954709,['60190956'],['COc1ccccc1NC(=O)N1C[C@H]2[C@H]([C@H](CO)N2C(=O)C1)c1ccc(cc1)C#CC(C)C'],,,,,
5968,BRD-K41957723,['54631819'],['CCCNC(=O)Nc1ccc2c(OC[C@H](C)N(CCC(F)(F)F)C[C@@H](C)[C@H](CN(C)C2=O)OC)c1'],,,,,
5969,BRD-K41958183,['54664840'],['C\\C=C\\c1ccc2N[C@@H](CO)[C@H]3CCN([C@H]3c2c1)S(=O)(=O)c1ccc(C)cc1'],,,,,
5970,BRD-K41974651,['54618537'],['C[C@@H](CO)N1C[C@H](C)[C@@H](CN(C)C(=O)Nc2ccc(F)cc2)Oc3cc(ccc3S1(=O)=O)c4ccccc4C'],,,,,
5971,BRD-K41996639,['54637988'],['C[C@@H](CO)N1C[C@@H](C)[C@@H](CN(C)C)OCc2ccccc2-c3ccccc3C1=O'],,,,,
5972,BRD-K42006110,['54615017'],['CC(C)NC(=O)Nc1ccc2O[C@@H](C)CCCCO[C@@H](CN(C)C(=O)NC3CCCCC3)[C@@H](C)CN([C@H](C)CO)C(=O)c2c1'],,,,,
5973,BRD-K42006476,['44493914'],['C[C@H](CO)N1C[C@@H](C)[C@H](CN(C)Cc2ccc(Cl)c(Cl)c2)Oc3c(NS(=O)(=O)c4cccs4)cccc3C1=O'],,,,,
5974,BRD-K42011191,['54631354'],['CO[C@@H]1CN(C)C(=O)c2cc(NC(=O)c3nc4ccccc4s3)ccc2OC[C@@H](C)N(Cc2cncnc2)C[C@H]1C'],,,,,
5975,BRD-K42021584,['44141937'],['COc1ccc(CC2CCN(CC2)c2ncnc3sccc23)cc1'],,,,,
5976,BRD-K42035280,['54614978'],['CC(C)NC(=O)N(C)C[C@@H]1OCCCC[C@@H](C)Oc2ccc(NC(=O)c3ccccc3)cc2C(=O)N(C[C@H]1C)[C@@H](C)CO'],,,,,
5977,BRD-K42048463,['56835459'],['C[C@H](CO)N1C[C@@H](C)[C@H](CN(C)C(=O)Nc2ccc3OCOc3c2)OCc4ccccc4-c5ccccc5C1=O'],,,,,
5978,BRD-K42054363,['44483917'],['C[C@@H](CO)N1C[C@@H](C)[C@H](CN(C)Cc2ccc3OCOc3c2)OCc4cn(CCCC1=O)nn4'],,,,,
5979,BRD-K42056004,['44486182'],['COc1ccc(CN(C)C[C@H]2Oc3c(NS(=O)(=O)C)cccc3C(=O)N(C[C@@H]2C)[C@@H](C)CO)cc1'],,,,,
5980,BRD-K42057752,['44503549'],['COc1ccc(NC(=O)N(C)C[C@H]2Oc3ccc(cc3CC(=O)N(C[C@@H]2C)[C@@H](C)CO)N(C)C)cc1'],,,,,
5981,BRD-K42074118,['54646563'],['COc1cccc(c1)S(=O)(=O)Nc2ccc3O[C@H]4[C@H](C[C@@H](CC(=O)N5CCCCC5)O[C@H]4CO)c3c2'],,,,,
5982,BRD-K42083897,['54646257'],['OC[C@H]1O[C@@H](CC(=O)NCc2ccccn2)C[C@@H]3[C@H]1Oc4ccc(NC(=O)c5ccc6OCOc6c5)cc34'],,,,,
5983,BRD-K42091312,['44487436'],['C[C@@H](CO)N1C[C@H](C)[C@@H](CN(C)C(=O)C2CCCCC2)OCCCC[C@H](C)Oc3ccc(NC(=O)Nc4c(C)noc4C)cc3C1=O'],,,,,
5984,BRD-K42100231,['60191151'],['COc1ccc(cc1)-c1ccc(cc1)[C@@H]1[C@H](CO)N2[C@@H]1CN(Cc1ccccc1)CC2=O'],,,,,
5985,BRD-K42107428,['53382623'],['CO[C@@H]1CN(C)C(=O)c2ccc(NC(C)=O)cc2OC[C@@H](C)N(C[C@H]1C)C(=O)NC1CCCCC1'],,,,,
5986,BRD-K42132006,['54666501'],['OC[C@@H]1[C@H]([C@@H]2CN(Cc3ccccn3)CCCCN12)c1ccc(Br)cc1'],,,,,
5987,BRD-K42134801,['44490013'],['CC(C)NC(=O)Nc1ccc2O[C@@H](CN(C)C(=O)NC3CCCCC3)[C@H](C)CN([C@H](C)CO)C(=O)c2c1'],,,,,
5988,BRD-K42136113,['60188411'],['C\\C=C\\c1ccc(cc1)[C@@H]1[C@H](CO)N2[C@H]1CN(Cc1ccccc1)CC2=O'],,,,,
5989,BRD-K42140123,['54658067'],['O[C@H]1COC[C@@H]2O[C@@H](CC(=O)NCc3ccc(F)cc3)CC[C@H]2N(CC2CCCCC2)C1'],,,,,
5990,BRD-K42142217,['54657588'],['O[C@H]1CN[C@@H]2CC[C@@H](CC(=O)NCc3ccc4OCOc4c3)O[C@H]2COC1'],,,,,
5991,BRD-K42156657,['54650169'],['OC[C@@H]1[C@H]([C@@H](C#N)N1C(=O)c1ccccn1)c1ccc(cc1)C1=CCCC1'],,,,,
5992,BRD-K42161310,['44202878'],['C[C@H](CO)N1C[C@H](C)[C@@H](CN(C)C(=O)NC2CCCCC2)Oc3ccc(NC(=O)C4CCCCC4)cc3C1=O'],,,,,
5993,BRD-K42170810,['54646102'],['COc1ccc(cc1)S(=O)(=O)Nc2ccc3O[C@H]4[C@H](C[C@@H](CC(=O)N(C)C)O[C@H]4CO)c3c2'],,,,,
5994,BRD-K42173890,['54654568'],['CN1[C@@H]2CC[C@H](CC(=O)N3CCOCC3)O[C@@H]2COc2ccc(NS(C)(=O)=O)cc2C1=O'],,,,,
5995,BRD-K42182933,['54638670'],['OC[C@H]1O[C@H](CCNC(=O)Cc2ccncc2)CC[C@@H]1NC(=O)C1CCC1'],,,,,
5996,BRD-K42197878,['44484270'],['C[C@@H](CO)N1C[C@H](C)[C@H](CN(C)Cc2ccc3OCOc3c2)Oc4ccc(NC(=O)Cc5ccccc5)cc4C1=O'],,,,,
5997,BRD-K42207609,['54657960'],['COc1ccccc1NC(=O)N1C[C@H](O)COC[C@@H]2O[C@@H](CC(=O)NCCc3ccncc3)CC[C@@H]12'],,,,,
5998,BRD-K42216874,['54654037'],['CN1[C@@H]2CC[C@@H](CC(=O)NCc3ccccc3Cl)O[C@@H]2COc2ccc(NC(=O)Nc3cccc(C)c3)cc2C1=O'],,,,,
5999,BRD-K42245756,['60191408'],['CS(=O)(=O)N1C[C@H]2[C@H]([C@H](CO)N2C(=O)C1)c1ccc(cc1)C#CCC1CCCC1'],,,,,
6000,BRD-K42251804,['60185037'],['COc1ccc2c3c([nH]c2c1)[C@@H](CO)N(C)C[C@]31CCN(CC1)S(=O)(=O)c1ccc(C)cc1'],,,,,
6001,BRD-K42256568,['54638927'],['CC(C)NC(=O)N[C@@H]1CC[C@H](CCN)O[C@@H]1CO'],,,,,
6002,BRD-K42269438,['44505120'],['C[C@@H](CO)N1C[C@H](C)[C@H](CN(C)S(=O)(=O)c2ccccc2C)OCc3cnnn3CCCC1=O'],,,,,
6003,BRD-K42279779,['54618577'],['C[C@H](CO)N1C[C@@H](C)[C@@H](CN(C)C(=O)c2ccc(F)cc2)Oc3cc(ccc3S1(=O)=O)C4=CCCC4'],,,,,
6004,BRD-K42303783,['49843387'],['C[C@@H](CO)N1C[C@@H](C)[C@H](CN(C)Cc2ccccc2)OCCCC[C@H](C)Oc3ccc(NC(=O)c4ccncc4)cc3C1=O'],,,,,
6005,BRD-K42357106,['54618407'],['C[C@@H](CO)N1C[C@@H](C)[C@H](CN(C)CC2CCCCC2)Oc3ncc(cc3C1=O)c4ccc(C#N)cc4'],,,,,
6006,BRD-K42361507,['54638302'],['CN1CCN(CC1)C(=O)C[C@H]1CC[C@@H](NC(=O)Nc2c(C)noc2C)[C@H](CO)O1'],,,,,
6007,BRD-K42361978,['54654601'],['CN1[C@@H]2CC[C@H](CC(=O)NCCc3ccncc3)O[C@@H]2COc2ccc(NC(=O)Cc3cccs3)cc2C1=O'],,,,,
6008,BRD-K42363645,['54665082'],['COc1ccc(cc1)C#Cc1ccc2N(C)[C@@H](CO)[C@H]3CCN([C@H]3c2c1)C(=O)CN1CCOCC1'],,,,,
6009,BRD-K42365464,['54661087'],['OC[C@@H]1[C@H]2Cn3c(cccc3=O)[C@@H]([C@H]1C(=O)NCCCN1CCOCC1)N2C(=O)NC1CCCC1'],,,,,
6010,BRD-K42379673,['54661442'],['CCN1[C@@H]2Cn3c(ccc(C4=CCCCC4)c3=O)[C@H]1[C@H]([C@@H]2CO)C(=O)NCCOC'],,,,,
6011,BRD-K42383812,['54645810'],['CN(C)c1ccc2O[C@H]3[C@H](C[C@@H](CC(=O)NCc4cccc(F)c4)O[C@H]3CO)c2c1'],,,,,
6012,BRD-K42393177,['54632195'],['CO[C@@H]1CN(C)C(=O)c2cc(NC(=O)C3CC3)ccc2OC[C@H](C)N(C[C@@H]1C)C(=O)NC(C)C'],,,,,
6013,BRD-K42397226,['54631840'],['CO[C@@H]1CN(C)C(=O)c2ccc(NC(=O)c3ccccn3)cc2OC[C@@H](C)N(CCC(F)(F)F)C[C@H]1C'],,,,,
6014,BRD-K42400758,['54616024'],['C[C@H](CO)N1C[C@H](C)[C@@H](CN(C)Cc2ccc(Cl)c(Cl)c2)OCCCC[C@H](C)Oc3ccc(NC(=O)Nc4ccc5OCOc5c4)cc3C1=O'],,,,,
6015,BRD-K42419294,['1242010'],['OC(=O)c1ccc(NS(=O)(=O)c2cc3C(=O)NC(=O)c4cccc(c2)c43)cc1'],,,,,
6016,BRD-K42419992,['54638580'],['OC[C@@H]1O[C@@H](CCNC(=O)c2cc(Cl)cc(Cl)c2)CC[C@@H]1NC(=O)C1CCOCC1'],,,,,
6017,BRD-K42420111,['44486956'],['C[C@H](CO)N1C[C@H](C)[C@@H](CN(C)C(=O)c2ccc3ccn(C)c3c2)OCc4cn(CCCC1=O)nn4'],,,,,
6018,BRD-K42427050,['44502708'],['C[C@H](CO)N1C[C@H](C)[C@@H](CN(C)Cc2ccc(Cl)c(Cl)c2)OCCCC[C@@H](C)Oc3ccc(cc3C1=O)N(C)C'],,,,,
6019,BRD-K42438139,['44489566'],['COc1ccc(CN(C)C[C@H]2Oc3ccc(NC(=O)Cn4cnnn4)cc3C(=O)N(C[C@H]2C)[C@H](C)CO)cc1'],,,,,
6020,BRD-K42450605,['54638265'],['COc1ccccc1-c1cn(CC[C@@H]2CC[C@@H](NC(=O)c3cnccn3)[C@@H](CO)O2)nn1'],,,,,
6021,BRD-K42454450,['44617880'],['CC(C)NC(=O)Nc1ccc2O[C@@H](C)CCCCO[C@H](CN(C)C(=O)NC3CCCCC3)[C@H](C)CN([C@H](C)CO)C(=O)c2c1'],,,,,
6022,BRD-K42455570,['44142141'],['Cn1nnnc1Sc2ncnc3scc(c4ccc5OCOc5c4)c23'],,,,,
6023,BRD-K42466986,['44505160'],['COc1cccc(c1)S(=O)(=O)N(C)C[C@@H]2OCc3cn(CCCC(=O)N(C[C@@H]2C)[C@H](C)CO)nn3'],,,,,
6024,BRD-K42470309,['54652581'],['OC[C@@H]1[C@@H]2[C@@H](CN(C(=O)c3cccnc3)c3ccccc23)N1Cc1ccc2OCOc2c1'],,,,,
6025,BRD-K42471691,['46905029'],['O=C(Oc1coc(CSc2ncccn2)cc1=O)c1ccc(cc1)C#N'],,,,,
6026,BRD-K42478399,['54638741'],['OC[C@H]1O[C@H](CC(=O)NCc2cc(F)cc(F)c2)CC[C@H]1NC(=O)Nc1ccc(cc1)C(F)(F)F'],,,,,
6027,BRD-K42482401,['54646550'],['CN(C)C(=O)C[C@H]1C[C@H]2[C@H](Oc3ccc(NC(=O)CC4CC4)cc23)[C@@H](CO)O1'],,,,,
6028,BRD-K42486494,['44620495'],['C[C@H](CO)N1C[C@@H](C)[C@H](CN(C)C(=O)Nc2ccc(cc2)C(F)(F)F)OCCCC[C@@H](C)Oc3ccc(NC(=O)Nc4cccc5ccccc45)cc3C1=O'],,,,,
6029,BRD-K42489623,['26471808'],['COc1ccc(cc1)c2csc3ncnc(Sc4nnnn4C)c23'],,,,,
6030,BRD-K42499654,['44142145'],['Cn1nnnc1Sc2ncnc3scc(c4cccc5c6ccccc6sc45)c23'],,,,,
6031,BRD-K42509645,['54618505'],['C/C=C/c1ccc2c(O[C@H](CN(C)C(=O)Cc3cccnc3)[C@H](C)CN([C@@H](C)CO)S2(=O)=O)c1'],,,,,
6032,BRD-K42516959,['54660848'],['CN(C)C(=O)[C@H]1[C@H](CO)[C@H]2Cn3c(ccc(C4=CCCC4)c3=O)[C@H]2N1C(=O)c1ccccc1F'],,,,,
6033,BRD-K42536980,['54646126'],['C[C@@H](NC(=O)C[C@@H]1C[C@H]2[C@H](Oc3ccc(NC(=O)c4ccc5OCOc5c4)cc23)[C@H](CO)O1)c6ccccc6'],,,,,
6034,BRD-K42540297,['60189655'],['OC[C@@H]1[C@@H](c2ccccc2)C2(CN(CCC(F)(F)F)C2)N1Cc1cccnc1'],,,,,
6035,BRD-K42541148,['2243732'],['OC(=O)c1ccc(cc1)-c1ccc(\\C=c2/sc3nc4ccccc4n3c2=O)o1'],,,,,
6036,BRD-K42543304,['44490342'],['C[C@H](CO)N1C[C@H](C)[C@@H](CN(C)C(=O)Nc2ccccc2)OCCCC[C@H](C)Oc3ccc(NC(=O)C4CCCCC4)cc3C1=O'],,,,,
6037,BRD-K42543764,['54652633'],['COc1ccccc1C(=O)N1C[C@H]2[C@H]([C@@H](CO)N2C(=O)Nc2ccccc2)c2ccccc12'],,,,,
6038,BRD-K42568865,['1634732'],['CCCOc1ccc(cc1)c2nc(Oc3ccc(OC)cc3)c4ccccc4n2'],,,,,
6039,BRD-K42576592,['49843290'],['C[C@@H](CO)N1C[C@H](C)[C@@H](CN(C)Cc2ccccc2)OCCCC[C@@H](C)Oc3ccc(NC(=O)CCCCCC(=O)Nc4ccccc4N)cc3C1=O'],,,,,
6040,BRD-K42589221,['60191282'],['OC[C@H]1[C@@H]([C@@H]2CN(CC(=O)N12)C(=O)c1cccc(F)c1)c1ccc(cc1)C1=CCCCC1'],,,,,
6041,BRD-K42595694,['54649474'],['CO[C@@H]1CC[C@H]2CCN(C)C(=O)[C@H](C)[C@H](CN(C)C(=O)c3cccc(C#N)c3OC[C@@H]1O2)OC'],,,,,
6042,BRD-K42605282,['60191183'],['COc1cccc(c1)-c1ccc(cc1)[C@@H]1[C@@H](CO)N2[C@@H]1CN(CC2=O)C(=O)c1cccnc1'],,,,,
6043,BRD-K42609935,['60191190'],['OC[C@H]1[C@H]([C@H]2CNCC(=O)N12)c1ccc(cc1)C#Cc1cccnc1'],,,,,
6044,BRD-K42610174,['54637710'],['C[C@H](CO)N1C[C@H](C)[C@@H](CN(C)C(=O)Cc2ccccc2)OCc3ccccc3-c4ccccc4C1=O'],,,,,
6045,BRD-K42613785,['54631946'],['CCC(=O)N1C[C@@H](C)[C@H](CN(C)C(=O)c2ccc(NC(=O)c3ccccc3)cc2OC[C@H]1C)OC'],,,,,
6046,BRD-K42614769,['54661005'],['CCC(=O)N1[C@H]2Cn3c(ccc(-c4ccncc4)c3=O)[C@@H]1[C@@H]([C@H]2CO)C(=O)NC1Cc2ccccc2C1'],,,,,
6047,BRD-K42618289,['54666474'],['C[C@@H](O)C#Cc1ccc(cc1)[C@@H]1[C@@H](CO)N2CCCCN(C[C@@H]12)C(=O)c1ccc2OCOc2c1'],,,,,
6048,BRD-K42620042,['54649164'],['CO[C@H](CN(C)Cc1cc(F)ccc1F)[C@H](C)CN([C@@H](C)CO)C(=O)Nc1ccc(F)cc1'],,,,,
6049,BRD-K42624823,['60191034'],['OC[C@H]1[C@H]([C@H]2CN(CC(=O)N12)C(=O)Nc1ccc(F)cc1)c1ccc(cc1)C1=CCCC1'],,,,,
6050,BRD-K42626894,['54654421'],['CCS(=O)(=O)Nc1ccc2OC[C@H]3O[C@H](CC(=O)N[C@@H]4CCN(Cc5ccccc5)C4)CC[C@H]3N(C)C(=O)c2c1'],,,,,
6051,BRD-K42629487,['2936384'],['CCOc1ccc(NC(=S)N2CCC(CC2)C(O)(c3ccccc3)c4ccccc4)cc1'],,,,,
6052,BRD-K42634310,['54660698'],['C[C@@H](NC(=O)[C@@H]1[C@@H](CO)[C@@H]2Cn3c(cccc3=O)[C@H]1N2CCC(F)(F)F)c1ccccc1'],,,,,
6053,BRD-K42644990,['2387953'],['O=S(=O)(Nc1nc2ccccc2nc1NCCC3=CCCCC3)c4ccccc4'],,,,,
6054,BRD-K42654448,['54649444'],['COc1cccc(c1)-c1cccc(c1)-c1nc(cc2CN([C@@H](CCO)c12)[S@@](=O)C(C)(C)C)C(=O)N(C)C'],,,,,
6055,BRD-K42677417,['54657747'],['Cc1cccc(c1)S(=O)(=O)N1C[C@@H](O)COC[C@@H]2O[C@H](CC(=O)Nc3ccc(cc3)-c3ccccc3)CC[C@@H]12'],,,,,
6056,BRD-K42678365,['60190319'],['COc1ccc2c3c([C@@H](CO)NC[C@]33CN(Cc4ccc(Cl)cc4)C3)n(C)c2c1'],,,,,
6057,BRD-K42679345,['54638299'],['CN1CCN(CC1)C(=O)C[C@H]1CC[C@@H](NC(=O)Nc2c(C)noc2C)[C@@H](CO)O1'],,,,,
6058,BRD-K42681396,['44460129'],['FC(F)(F)c1cccc(c1)C(=O)OCC#CCSc1nnc(o1)-c1cccc2ccccc12'],,,,,
6059,BRD-K42687792,['44487293'],['COc1ccc(NC(=O)Nc2ccc3O[C@@H](CN(C)S(=O)(=O)c4ccc(C)cc4)[C@@H](C)CN([C@@H](C)CO)C(=O)c3c2)cc1'],,,,,
6060,BRD-K42694358,['44501797'],['CC(C)NC(=O)Nc1ccc2O[C@H](C)CCCCO[C@@H](CN(C)Cc3ccncc3)[C@@H](C)CN([C@H](C)CO)C(=O)c2c1'],,,,,
6061,BRD-K42696220,['56835220'],['CO[C@H](C(=O)N(C)C[C@@H]1OCc2ccccc2-c3ccccc3C(=O)N(C[C@H]1C)[C@H](C)CO)c4ccccc4'],,,,,
6062,BRD-K42702351,['54654177'],['COc1cccc(CNC(=O)C[C@@H]2CC[C@@H]3[C@H](COc4ccc(NC(=O)c5cccs5)cc4C(=O)N3C)O2)c1'],,,,,
6063,BRD-K42704273,['54649507'],['CO[C@H]1CC[C@@H]2CCN(C)C(=O)[C@H](C)[C@H](CN(C)C(=O)c3cc(ccc3OC[C@@H]1O2)C#N)OC'],,,,,
6064,BRD-K42709418,['54658015'],['Cn1cnc(c1)S(=O)(=O)N1C[C@@H](O)COC[C@H]2O[C@@H](CC(=O)NCc3cccc(F)c3)CC[C@H]12'],,,,,
6065,BRD-K42712649,['56835231'],['C[C@@H](CO)N1C[C@@H](C)[C@H](CN(C)C(=O)N[C@@H](C)c2ccccc2)OCc3ccccc3-c4c(C1=O)n(C)c5ccccc45'],,,,,
6066,BRD-K42729412,['54645908'],['CS(=O)(=O)Nc1ccc2O[C@@H]3[C@@H](C[C@H](CC(=O)NCCc4ccccc4)O[C@H]3CO)c2c1'],,,,,
6067,BRD-K42731451,['54620987'],['C[C@H](CO)N1C[C@@H](C)[C@@H](CN(C)C(=O)CC2CC2)Oc3cc(ccc3S1(=O)=O)C4=CCCCC4'],,,,,
6068,BRD-K42733037,['54649304'],['CO[C@H](CN(C)C(=O)C1CC1)[C@@H](C)CN([C@H](C)CO)C(=O)Nc1ccc(cc1)C(F)(F)F'],,,,,
6069,BRD-K42737417,['44488685'],['C[C@@H](CO)N1C[C@H](C)[C@H](CN(C)C(=O)c2ccc(cc2)N3CCN(C)CC3)OCc4cn(CCCC1=O)nn4'],,,,,
6070,BRD-K42740486,['44493615'],['CNC[C@H]1OCCCC[C@@H](C)Oc2ccc(NC(=O)NC(C)C)cc2C(=O)N(C[C@H]1C)[C@@H](C)CO'],,,,,
6071,BRD-K42743267,['54638412'],['COc1ccccc1NC(=O)N[C@H]1CC[C@H](CC(=O)NCc2ccc(Cl)c(Cl)c2)O[C@@H]1CO'],,,,,
6072,BRD-K42752188,['54653982'],['CN1[C@H]2CC[C@@H](CC(=O)NCCc3ccncc3)O[C@H]2COc2ccc(NC(=O)Nc3ccccc3F)cc2C1=O'],,,,,
6073,BRD-K42758410,['54660905'],['CN1[C@H]2Cn3c(ccc(-c4cccc(F)c4)c3=O)[C@@H]1[C@@H]([C@H]2CO)C(=O)Nc1nccs1'],,,,,
6074,BRD-K42790191,['60185099'],['COc1ccc2c3c([C@H](CO)N(C[C@]33CN(CC4CCCCC4)C3)C(=O)Cc3ccccn3)n(C)c2c1'],,,,,
6075,BRD-K42800143,['44495438'],['C[C@H](CO)N1C[C@H](C)[C@H](CN(C)Cc2ccncc2)OCc3cnnn3CCCC1=O'],,,,,
6076,BRD-K42823101,['3054685'],['CN(C)C[C@H](O)c1ccc(O)c(O)c1'],,,,,
6077,BRD-K42831041,['54631523'],['CCS(=O)(=O)Nc1ccc2OC[C@@H](C)N(CCC(F)(F)F)C[C@@H](C)[C@@H](CN(C)C(=O)c2c1)OC'],,,,,
6078,BRD-K42841443,['56643209'],['Oc1ccc(CNc2ccccc2F)c3cccnc13'],,,,,
6079,BRD-K42841961,['54615029'],['COc1ccc(CN(C)C[C@@H]2OCCCC[C@@H](C)Oc3ccc(NC(=O)C4CCCCC4)cc3C(=O)N(C[C@H]2C)[C@@H](C)CO)cc1'],,,,,
6080,BRD-K42843595,['60185129'],['COc1cccc(c1)-c1ccc(cc1)[C@H]1[C@@H]2CNC[C@H]1N2C(=O)Nc1ccc(cc1)C(F)(F)F'],,,,,
6081,BRD-K42862966,['54660992'],['CCCN1[C@H]([C@H](CO)[C@H]2Cn3c(ccc(-c4cncnc4)c3=O)[C@@H]12)C(=O)OC'],,,,,
6082,BRD-K42863614,['60189683'],['COc1ccc(NC(=O)N2CC[C@@]3(CC2)CN([C@H](CO)c2c3c3ccc(OC)cc3n2C)C(=O)C2CCC2)cc1'],,,,,
6083,BRD-K42867405,['2482839'],['Fc1ccccc1n2c(SCC(=O)Nc3ccc4CCCc4c3)nc5ccccc5c2=O'],,,,,
6084,BRD-K42886157,['54649955'],['CCc1csc(n1)N1[C@@H](CO)[C@@H]([C@H]1C#N)c1ccc(cc1)\\C=C\\C'],,,,,
6085,BRD-K42902917,['54637870'],['C[C@@H](CO)N1C[C@H](C)[C@@H](CN(C)C(=O)Nc2c(C)noc2C)OCc3ccccc3-c4ccccc4C1=O'],,,,,
6086,BRD-K42919101,['54666430'],['OC[C@@H]1[C@H]([C@@H]2CN(CCCCN12)S(=O)(=O)c1cccs1)c1ccc(\\C=C\\c2ccccc2)cc1'],,,,,
6087,BRD-K42931788,['54650061'],['COCC(=O)N1[C@H](CO)[C@@H]([C@@H]1C#N)c1ccc(cc1)-c1cccnc1'],,,,,
6088,BRD-K42943439,['60189867'],['COc1ccc2c3c([nH]c2c1)[C@@H](CO)N(Cc1ccccc1)C[C@]31CN(C1)C(=O)Nc1cccc(F)c1'],,,,,
6089,BRD-K42951169,['60187272'],['COc1ccc(cc1)S(=O)(=O)N1CC[C@@]2(CC1)CN(Cc1ccncc1)[C@@H](CO)c1[nH]c3cc(OC)ccc3c21'],,,,,
6090,BRD-K42953652,['54660818'],['CC(=O)N1[C@@H]2Cn3c(ccc(-c4cccnc4)c3=O)[C@H]1[C@H]([C@@H]2CO)C(=O)N1CCc2ccccc2C1'],,,,,
6091,BRD-K42957595,['60191009'],['CCC(=O)N1C[C@H]2[C@H]([C@@H](CO)N2C(=O)C1)c1ccc(cc1)C#Cc1cccnc1'],,,,,
6092,BRD-K42959654,['54646040'],['COCCNC(=O)C[C@H]1C[C@H]2[C@H](Oc3ccc(NC(=O)CN(C)C)cc23)[C@@H](CO)O1'],,,,,
6093,BRD-K42960120,['54645917'],['OC[C@H]1O[C@@H](CC(=O)NCc2ccc(Oc3ccccc3)cc2)C[C@@H]4[C@H]1Oc5ccc(NC(=O)c6ccc7OCOc7c6)cc45'],,,,,
6094,BRD-K42960483,['54638985'],['OC[C@H]1O[C@H](CC(=O)NCCN2CCCC2)CC[C@@H]1NC(=O)c1cccc(F)c1'],,,,,
6095,BRD-K42968051,['54638015'],['C[C@H](CO)N1C[C@@H](C)[C@@H](CN(C)S(=O)(=O)c2ccccc2C)OCc3ccccc3-c4ccccc4C1=O'],,,,,
6096,BRD-K42968246,['44484382'],['C[C@@H](CO)N1C[C@@H](C)[C@H](CN(C)C(=O)NC2CCCCC2)Oc3c(cccc3C1=O)N(C)C'],,,,,
6097,BRD-K42969667,['54637679'],['C[C@H](CO)N1C[C@H](C)[C@H](CN(C)C(=O)[C@H]2CCCN2C)OCc3ccccc3-c4c(C1=O)n(C)c5ccccc45'],,,,,
6098,BRD-K42986817,['54657541'],['C[C@H](NC(=O)C[C@H]1CC[C@@H]2[C@H](COC[C@@H](O)CN2C(=O)Nc2cccc(Cl)c2)O1)c1ccccc1'],,,,,
6099,BRD-K43006764,['54646291'],['OC[C@@H]1O[C@H](CC(=O)NCc2cc(F)ccc2F)C[C@@H]3[C@H]1Oc4ccc(NC(=O)Nc5ccc(cc5)C(F)(F)F)cc34'],,,,,
6100,BRD-K43009525,['616479'],['N1c2ccccc2Nc3nc4ccccc4nc13'],,,,,
6101,BRD-K43014159,['514186'],['N[C@@H](Cc1ccc(OS(O)(=O)=O)cc1)C(O)=O'],,,,,
6102,BRD-K43014865,['44617302'],['C[C@@H](CO)N1C[C@@H](C)[C@H](CN(C)C(=O)c2ccccc2)OCCCC[C@@H](C)Oc3ccc(NC(=O)c4ccccc4)cc3C1=O'],,,,,
6103,BRD-K43017765,['54618523'],['CC(C)CC#Cc1cnc2O[C@@H](CN(C)C(=O)c3cccc(F)c3)[C@@H](C)CN([C@@H](C)CO)C(=O)c2c1'],,,,,
6104,BRD-K43022624,['60185228'],['C\\C=C\\c1ccc(cc1)[C@@H]1[C@@H]2CNC[C@H]1N2C(=O)NC1CCCCC1'],,,,,
6105,BRD-K43025837,['54652627'],['CCCNC(=O)N1C[C@@H]2[C@@H]([C@H](CO)N2C(=O)CN2CCOCC2)c2ccccc12'],,,,,
6106,BRD-K43026564,['60189816'],['CS(=O)(=O)N1CC2(C1)[C@@H]([C@@H](CO)N2CCC(F)(F)F)c1ccccc1'],,,,,
6107,BRD-K43031910,['54657709'],['CN1C[C@H](O)COC[C@@H]2O[C@H](CC(=O)NC3CCC3)CC[C@@H]12'],,,,,
6108,BRD-K43036943,['54661149'],['OC[C@H]1[C@@H]2Cn3c(cccc3=O)[C@H]([C@@H]1C(=O)NCCc1ccccc1)N2Cc1ccccn1'],,,,,
6109,BRD-K43048602,['54631933'],['CCC(=O)N1C[C@H](C)[C@H](CN(C)C(=O)c2ccc(NC(=O)c3ccccc3)cc2OC[C@@H]1C)OC'],,,,,
6110,BRD-K43057855,['54632227'],['COCC(=O)N1C[C@@H](C)[C@@H](CN(C)C(=O)c2cc(NC(=O)c3cc(C)on3)ccc2OC[C@H]1C)OC'],,,,,
6111,BRD-K43069600,['2769158'],['Cc1ccc(Sc2ccc(NC(=O)c3ccc(F)cc3)cc2C#N)cc1'],,,,,
6112,BRD-K43073442,['54666407'],['OC[C@@H]1[C@@H]([C@H]2CNCCCCN12)c1ccc(Br)cc1'],,,,,
6113,BRD-K43108514,['54657818'],['O[C@@H]1CN[C@@H]2CC[C@@H](CC(=O)NCCc3ccncc3)O[C@H]2COC1'],,,,,
6114,BRD-K43111300,['44484332'],['C[C@@H](CO)N1C[C@H](C)[C@H](CN(C)Cc2ccc(cc2)C(=O)O)Oc3ccc(NC(=O)C4CC4)cc3C1=O'],,,,,
6115,BRD-K43111958,['44496353'],['C[C@@H](CO)N1C[C@@H](C)[C@@H](CN(C)C(=O)Nc2cccc3ccccc23)Oc4ccc(NS(=O)(=O)C)cc4CC1=O'],,,,,
6116,BRD-K43122204,['54666694'],['OC[C@@H]1[C@H]([C@H]2CN(Cc3cccnc3)CCCCN12)c1ccc(\\C=C\\c2ccccc2)cc1'],,,,,
6117,BRD-K43131268,['1394536'],['Cc1ccc(cc1)c2nnc(SCC(=O)c3ccc(O)c(O)c3)n2CC=C'],,,,,
6118,BRD-K43145106,['44493064'],['C[C@H](CO)N1C[C@H](C)[C@H](CN(C)S(=O)(=O)c2ccc(Cl)cc2)OCc3cnnn3CCCC1=O'],,,,,
6119,BRD-K43149678,['50898042'],['CCNC(=O)CCc1nc(no1)-c1ccc(cc1)C(C)C'],,,,,
6120,BRD-K43151809,['54638318'],['COc1ccc(cc1)S(=O)(=O)N[C@@H]1CC[C@H](CC(=O)N2CCC(Cc3ccccc3)CC2)O[C@H]1CO'],,,,,
6121,BRD-K43168251,['54666526'],['COc1ccccc1C#Cc1ccc(cc1)[C@H]1[C@@H](CO)N2CCCCN(C[C@@H]12)C(=O)C1CCC1'],,,,,
6122,BRD-K43179840,['54661269'],['COCCNC(=O)[C@@H]1[C@@H](CO)[C@@H]2Cn3c(ccc(-c4ccccc4F)c3=O)[C@@H]2N1C(=O)C1CCCC1'],,,,,
6123,BRD-K43188042,['54632028'],['CO[C@@H]1CN(C)C(=O)c2cc(NS(=O)(=O)CC(F)(F)F)ccc2OC[C@@H](C)N(C[C@@H]1C)C(=O)NC(C)C'],,,,,
6124,BRD-K43194109,['54650156'],['CCc1cnc(s1)N1[C@H](CO)[C@H]([C@@H]1C#N)c1ccc(cc1)C1=CCCCC1'],,,,,
6125,BRD-K43209476,['54650147'],['CC(C)C#Cc1ccc(cc1)[C@@H]1[C@@H](CO)N([C@H]1C#N)C(=O)c1cccc(F)c1'],,,,,
6126,BRD-K43212439,['60189947'],['CCCC(=O)N1C[C@@]2(C1)CN(CC1CC1)[C@@H](CO)c1[nH]c3cc(OC)ccc3c21'],,,,,
6127,BRD-K43216840,['54638488'],['C[C@@H](NC(=O)C[C@H]1CC[C@@H](NS(=O)(=O)c2cccc(F)c2)[C@H](CO)O1)c1ccccc1'],,,,,
6128,BRD-K43218507,['54632184'],['CO[C@H]1CN(C)C(=O)c2cc(NC(=O)c3ccccc3F)ccc2OC[C@@H](C)NC[C@H]1C'],,,,,
6129,BRD-K43225681,['54654593'],['CN1[C@@H]2CC[C@H](CC(=O)NCc3ccc4OCOc4c3)O[C@H]2COc2ccc(NC(=O)C3CCOCC3)cc2C1=O'],,,,,
6130,BRD-K43226598,['54614463'],['C[C@H](CO)N1C[C@H](C)[C@@H](CN(C)Cc2ccc(cc2)c3ccccc3)Oc4ccc(NC(=O)CCCCCC(=O)Nc5ccccc5N)cc4CC1=O'],,,,,
6131,BRD-K43231198,['44486217'],['CNC[C@H]1Oc2c(NS(=O)(=O)c3ccc(OC)cc3)cccc2C(=O)N(C[C@@H]1C)[C@@H](C)CO'],,,,,
6132,BRD-K43234208,['54666632'],['OC[C@@H]1[C@H]([C@H]2CN(CCCCN12)S(=O)(=O)c1ccccc1)c1ccc(cc1)C#CC1CCCC1'],,,,,
6133,BRD-K43249401,['54639014'],['OC[C@H]1O[C@H](CC(=O)NCC2CC2)CC[C@@H]1NC(=O)C1CCC1'],,,,,
6134,BRD-K43253317,['54615077'],['COc1ccc(NC(=O)Nc2ccc3O[C@@H](C)CCCCO[C@H](CN(C)CC4CC4)[C@@H](C)CN([C@@H](C)CO)C(=O)c3c2)cc1'],,,,,
6135,BRD-K43256821,['44497409'],['C[C@H](CO)N1C[C@H](C)[C@@H](CN(C)Cc2ccc(Cl)c(Cl)c2)Oc3c(NC(=O)Nc4ccccc4)cccc3C1=O'],,,,,
6136,BRD-K43263266,['60189726'],['COc1ccc2c3c([C@H](CO)N(C[C@]33CCN(Cc4ccccc4OC)CC3)C(C)=O)n(C)c2c1'],,,,,
6137,BRD-K43266948,['54654363'],['CN1[C@H]2CC[C@H](CC(=O)NC3Cc4ccccc4C3)O[C@H]2COc2ccc(NS(=O)(=O)c3ccccc3F)cc2C1=O'],,,,,
6138,BRD-K43267173,['53338826'],['NC(=O)C1CCN(CC1)c1ccnc(Cl)n1'],,,,,
6139,BRD-K43279914,['54654370'],['CN1CCN(CC1)C(=O)C[C@@H]1CC[C@@H]2[C@@H](COc3ccc(NC(=O)C4CCOCC4)cc3C(=O)N2C)O1'],,,,,
6140,BRD-K43283393,['54658064'],['O[C@@H]1COC[C@H]2O[C@@H](CC(=O)NCc3ccc(F)cc3)CC[C@@H]2N(CC2CCCCC2)C1'],,,,,
6141,BRD-K43286821,['54615637'],['C[C@@H](CO)N1C[C@@H](C)[C@H](CN(C)C(=O)NC2CCCCC2)OCCCC[C@@H](C)Oc3ccc(NC(=O)CCC(F)(F)F)cc3C1=O'],,,,,
6142,BRD-K43298786,['44484733'],['C[C@@H](CO)N1C[C@H](C)[C@@H](CN(C)Cc2ccccc2)Oc3ccc(NS(=O)(=O)c4ccc(C)cc4)cc3C1=O'],,,,,
6143,BRD-K43325273,['54654062'],['CN(C)CCCNC(=O)C[C@@H]1CC[C@H]2[C@H](COc3ccc(NS(C)(=O)=O)cc3C(=O)N2C)O1'],,,,,
6144,BRD-K43327166,['44620448'],['CC(C)NC(=O)Nc1ccc2O[C@@H](C)CCCCO[C@H](CN(C)Cc3ccncc3)[C@@H](C)CN([C@@H](C)CO)C(=O)c2c1'],,,,,
6145,BRD-K43337737,['54652625'],['CCCNC(=O)N1C[C@H]2[C@H]([C@@H](CO)N2CC2CCCCC2)c2ccccc12'],,,,,
6146,BRD-K43345858,['60190032'],['CCCC(=O)N1CC[C@@]2(CC1)CN([C@H](CO)c1[nH]c3cc(OC)ccc3c21)C(=O)Cc1ccccn1'],,,,,
6147,BRD-K43349162,['54652532'],['COc1ccccc1C(=O)N1C[C@@H]2[C@@H]([C@@H](CO)N2CC2CCOCC2)c2ccccc12'],,,,,
6148,BRD-K43349989,['54650105'],['COc1ccccc1NC(=O)N1[C@@H](CO)[C@@H]([C@@H]1C#N)c1ccccc1'],,,,,
6149,BRD-K43357772,['54645826'],['CCCNC(=O)C[C@@H]1C[C@@H]2[C@@H](Oc3ccc(NC(=O)Nc4ccccc4F)cc23)[C@@H](CO)O1'],,,,,
6150,BRD-K43374517,['54638344'],['OC[C@H]1O[C@H](CC(=O)NCCCN2CCOCC2)CC[C@H]1NC(=O)Nc1ccc2OCOc2c1'],,,,,
6151,BRD-K43379283,['60184876'],['Clc1ccc(NC(=O)N2[C@H]3CNC[C@@H]2[C@H]3c2ccc(cc2)-c2ccc(cc2)C#N)cc1'],,,,,
6152,BRD-K43396185,['54646275'],['COc1ccc(NC(=O)Nc2ccc3O[C@H]4[C@H](C[C@H](CC(=O)NCCc5ccccc5)O[C@H]4CO)c3c2)cc1'],,,,,
6153,BRD-K43407975,['54661135'],['CN1CCN(CC1)C(=O)[C@@H]1[C@@H](CO)[C@@H]2Cn3c(ccc(C4=CCCCC4)c3=O)[C@H]1N2S(C)(=O)=O'],,,,,
6154,BRD-K43411248,['54661168'],['OC[C@@H]1[C@H]2Cn3c(ccc(-c4ccccc4)c3=O)[C@H]2N(Cc2ccccc2F)[C@H]1C(O)=O'],,,,,
6155,BRD-K43420611,['54638232'],['OC[C@@H]1O[C@@H](CC(=O)N2CCOCC2)C=C[C@@H]1NC(=O)NC1CCCCC1'],,,,,
6156,BRD-K43421680,['54657545'],['C[C@@H](NC(=O)C[C@@H]1CC[C@@H]2[C@H](COC[C@H](O)CN2C(=O)Nc2cccc(Cl)c2)O1)c1ccccc1'],,,,,
6157,BRD-K43433419,['60185213'],['COc1ccc2c3c([C@@H](CO)N(Cc4cc(OC)cc(OC)c4)C[C@]33CN(C3)C(=O)CN3CCOCC3)n(C)c2c1'],,,,,
6158,BRD-K43436404,['54618638'],['C/C=C/c1cnc2O[C@@H](CN(C)C(=O)Nc3ccc(F)cc3)[C@@H](C)CN([C@@H](C)CO)C(=O)c2c1'],,,,,
6159,BRD-K43438744,['54654080'],['COc1cccc(c1)S(=O)(=O)Nc1ccc2OC[C@H]3O[C@@H](CC(=O)Nc4ccc(cc4)C(C)C)CC[C@@H]3N(C)C(=O)c2c1'],,,,,
6160,BRD-K43453714,['54615080'],['COc1ccc(NC(=O)Nc2ccc3O[C@H](C)CCCCO[C@@H](CN(C)CC4CC4)[C@H](C)CN([C@H](C)CO)C(=O)c3c2)cc1'],,,,,
6161,BRD-K43460092,['54649483'],['CO[C@H]1CC[C@H]2CCN(C)C(=O)[C@@H](C)[C@H](CN(C)C(=O)c3cccc(C#N)c3OC[C@@H]1O2)OC'],,,,,
6162,BRD-K43467947,['54638575'],['COc1cccc(c1)S(=O)(=O)N[C@H]1CC[C@H](CCN)O[C@@H]1CO'],,,,,
6163,BRD-K43472599,['54666456'],['OC[C@@H]1[C@H]([C@H]2CN(Cc3ccccc3F)CCCCN12)c1ccc(cc1)-c1cccc(c1)C#N'],,,,,
6164,BRD-K43481697,['54654150'],['CCCNC(=O)C[C@@H]1CC[C@@H]2[C@@H](COc3ccc(NC(=O)c4ccc5OCOc5c4)cc3C(=O)N2C)O1'],,,,,
6165,BRD-K43484121,['54654529'],['CN1[C@@H]2CC[C@H](CC(O)=O)O[C@H]2COc2ccc(NC(=O)c3cccc(c3)C(F)(F)F)cc2C1=O'],,,,,
6166,BRD-K43498025,['60186224'],['COc1ccc(NC(=O)N2C[C@H]3[C@@H]([C@@H](CO)N3C(=O)C2)c2ccc(cc2)C2=CCCC2)cc1'],,,,,
6167,BRD-K43499440,['54646589'],['COc1cccc(c1)S(=O)(=O)Nc2ccc3O[C@@H]4[C@@H](C[C@@H](CC(=O)NCCc5ccccc5)O[C@H]4CO)c3c2'],,,,,
6168,BRD-K43503317,['54631900'],['CCCN1C[C@@H](C)[C@H](CN(C)C(=O)c2cc(NC(=O)Nc3ccccc3F)ccc2OC[C@H]1C)OC'],,,,,
6169,BRD-K43518940,['54638594'],['OC[C@@H]1O[C@H](CC(=O)NC2CCCCC2)C=C[C@H]1NS(=O)(=O)c1ccc(F)cc1'],,,,,
6170,BRD-K43519318,['54649420'],['COc1ccccc1-c1cccc(c1)-c1nc(cc2CN([C@@H](CCO)c12)[S@@](=O)C(C)(C)C)C(=O)N1CCOCC1'],,,,,
6171,BRD-K43524201,['71759448'],['COc1ccc2c3c([C@@H](CO)N(C)C[C@]33CCN(CC3)C(=O)CN3CCOCC3)n(C)c2c1'],,,,,
6172,BRD-K43526306,['54646457'],['OC[C@H]1O[C@@H](CC(=O)NCc2cccc(F)c2)C[C@@H]3[C@H]1Oc4ccc(NC(=O)C5CCC5)cc34'],,,,,
6173,BRD-K43528099,['60185176'],['O=C(C1CCOCC1)N1C[C@H]2N[C@@H](C1)[C@H]2c1ccc(cc1)-c1ccncc1'],,,,,
6174,BRD-K43533284,['54652567'],['COc1ccc(CN2[C@H](CO)[C@H]3[C@@H]2CN(C(=O)Nc2ccc(F)cc2)c2ccccc32)cc1'],,,,,
6175,BRD-K43540029,['54666627'],['OC[C@H]1[C@@H]([C@H]2CN(CCCCN12)S(=O)(=O)c1ccccc1)c1ccc(cc1)C#CC1CCCC1'],,,,,
6176,BRD-K43550773,['54625451'],['C[C@H](CO)N1C[C@H](C)[C@@H](CN(C)C(=O)c2cccc(F)c2)Oc3ncc(cc3C1=O)C4=CCCCC4'],,,,,
6177,BRD-K43556160,['54637728'],['COc1ccccc1NC(=O)N(C)C[C@@H]2OCc3ccccc3-c4ccccc4C(=O)N(C[C@@H]2C)[C@H](C)CO'],,,,,
6178,BRD-K43566466,['60189785'],['CC(=O)N1[C@@H](CO)[C@@H](c2ccccc2)C11CN(C1)C(=O)Cc1ccccc1'],,,,,
6179,BRD-K43568193,['54654294'],['CN1[C@@H]2CC[C@@H](CC(=O)NCCCN3CCOCC3)O[C@H]2COc2ccc(NC(=O)Cc3cccs3)cc2C1=O'],,,,,
6180,BRD-K43570134,['54657603'],['O[C@H]1COC[C@H]2O[C@H](CC(=O)Nc3ccc(cc3)-c3ccccc3)CC[C@@H]2N(Cc2ccc3OCOc3c2)C1'],,,,,
6181,BRD-K43571148,['54631730'],['CCCNC(=O)Nc1ccc2c(OC[C@H](C)N(C[C@H](C)[C@@H](CN(C)C2=O)OC)C(=O)C2CCOCC2)c1'],,,,,
6182,BRD-K43579410,['44507078'],['C[C@H](CO)N1C[C@@H](C)[C@H](CN(C)CC2CC2)Oc3ccc(NC(=O)CCCCCC(=O)Nc4ccccc4N)cc3CC1=O'],,,,,
6183,BRD-K43580610,['54650040'],['CN(C)C(=O)c1ccc(cc1)-c1ccc(cc1)[C@@H]1[C@@H](CO)N[C@@H]1C#N'],,,,,
6184,BRD-K43581698,['44493344'],['C[C@H](CO)N1C[C@@H](C)[C@@H](CN(C)Cc2ccc(Oc3ccccc3)cc2)Oc4ccc(NS(=O)(=O)c5ccccc5)cc4C1=O'],,,,,
6185,BRD-K43601041,['54638427'],['CN(C)CCCNC(=O)C[C@H]1O[C@H](CO)[C@@H](NC(=O)Nc2c(C)noc2C)C=C1'],,,,,
6186,BRD-K43604368,['54637903'],['COc1ccccc1S(=O)(=O)N(C)C[C@H]2OCc3ccccc3-c4c(C(=O)N(C[C@H]2C)[C@@H](C)CO)n(C)c5ccccc45'],,,,,
6187,BRD-K43605845,['54613922'],['COc1ccc(CN(C)C[C@@H]2Oc3ccc(NC(=O)NC4CCCCC4)cc3CC(=O)N(C[C@H]2C)[C@@H](C)CO)cc1'],,,,,
6188,BRD-K43609604,['44485777'],['CC(C)NC(=O)Nc1ccc2O[C@H](C)CCCCO[C@H](CN(C)C(=O)c3ccncc3)[C@H](C)CN([C@@H](C)CO)C(=O)c2c1'],,,,,
6189,BRD-K43615608,['54631771'],['CCCC(=O)Nc1ccc2c(OC[C@@H](C)N(C[C@H](C)[C@@H](CN(C)C2=O)OC)C(=O)CN(C)C)c1'],,,,,
6190,BRD-K43621195,['54649936'],['OC[C@H]1[C@H]([C@H](C#N)N1C(=O)c1cccnc1)c1ccc(cc1)C#Cc1ccccc1F'],,,,,
6191,BRD-K43623238,['54628092'],['C[C@H](CO)N1C[C@@H](C)[C@@H](CN(C)C(=O)C2CCC2)Oc3cc(ccc3S1(=O)=O)C4=CCCCC4'],,,,,
6192,BRD-K43624311,['54652512'],['Cc1ccc(cc1)S(=O)(=O)N1C[C@H]2[C@H]([C@H](CO)N2Cc2cccnc2)c2ccccc12'],,,,,
6193,BRD-K43624963,['54652513'],['Cc1ccc(cc1)S(=O)(=O)N1C[C@@H]2[C@@H]([C@H](CO)N2Cc2cccnc2)c2ccccc12'],,,,,
6194,BRD-K43626867,['54646509'],['OC[C@@H]1O[C@H](CC(=O)NCc2cc(F)ccc2F)C[C@@H]3[C@H]1Oc4ccc(NC(=O)c5ccc6OCOc6c5)cc34'],,,,,
6195,BRD-K43631199,['73707584'],['OONc1ccc2nc(ccc2c1I)N1CCNCC1'],,,,,
6196,BRD-K43638827,['60184903'],['COc1ccc2c3c([C@@H](CO)N(CC4CC4)C[C@]33CN(C3)C(=O)c3ccc4OCOc4c3)n(C)c2c1'],,,,,
6197,BRD-K43649826,['54657540'],['C[C@H](NC(=O)C[C@H]1CC[C@H]2[C@@H](COC[C@@H](O)CN2C(=O)Nc2cccc(Cl)c2)O1)c1ccccc1'],,,,,
6198,BRD-K43650237,['54646122'],['CCCNC(=O)C[C@H]1C[C@H]2[C@H](Oc3ccc(NC(=O)COC)cc23)[C@H](CO)O1'],,,,,
6199,BRD-K43680293,['44618254'],['COc1ccc(NC(=O)N(C)C[C@H]2OCCCC[C@H](C)Oc3ccc(NC(=O)C4CCCCC4)cc3C(=O)N(C[C@H]2C)[C@@H](C)CO)cc1'],,,,,
6200,BRD-K43683841,['54651173'],['CCc1csc(n1)N1[C@H](CO)[C@H]([C@H]1CNC(C)C)c1ccc(cc1)\\C=C\\C'],,,,,
6201,BRD-K43703651,['54657698'],['CCNC(=O)C[C@H]1CC[C@@H]2[C@H](COC[C@@H](O)CN2C(=O)c2ccccn2)O1'],,,,,
6202,BRD-K43703882,['60191319'],['COCC(=O)N1C[C@H]2[C@H]([C@@H](CO)N2C(=O)C1)c1ccc(cc1)-c1ccncc1'],,,,,
6203,BRD-K43708940,['54666552'],['OC[C@H]1[C@@H]([C@H]2CN(CCCCN12)C(=O)c1cccc(F)c1)c1ccc(cc1)C#CC1(O)CCCC1'],,,,,
6204,BRD-K43714262,['54638729'],['CN(C)C(=O)C[C@@H]1CC[C@H](NC(=O)C2CCOCC2)[C@@H](CO)O1'],,,,,
6205,BRD-K43714340,['54618460'],['C[C@H](CO)N1C[C@@H](C)[C@@H](CN(C)C(=O)CC2CC2)Oc3cc(ccc3S1(=O)=O)c4ccc(C)cc4'],,,,,
6206,BRD-K43717413,['54631773'],['CO[C@@H]1CN(C)C(=O)c2ccc(NS(=O)(=O)CC(F)(F)F)cc2OC[C@H](C)NC[C@@H]1C'],,,,,
6207,BRD-K43721143,['60192174'],['OC[C@H]1[C@H](c2ccccc2)C2(CN(Cc3ccncc3)C2)N1Cc1ccncc1'],,,,,
6208,BRD-K43732469,['54632083'],['CCS(=O)(=O)Nc1ccc2OC[C@H](C)N(Cc3ccccn3)C[C@@H](C)[C@@H](CN(C)C(=O)c2c1)OC'],,,,,
6209,BRD-K43744546,['54631780'],['CO[C@H]1CN(C)C(=O)c2ccc(NC(=O)C3CCOCC3)cc2OC[C@H](C)N(C[C@H]1C)C(=O)c1ccccc1'],,,,,
6210,BRD-K43771394,['54661151'],['CCNC(=O)[C@@H]1[C@@H](CO)[C@@H]2Cn3c(ccc(-c4ccc(F)cc4)c3=O)[C@@H]2N1C(=O)Cc1cccnc1'],,,,,
6211,BRD-K43774268,['54654512'],['CC(C)c1ccc(NC(=O)C[C@H]2CC[C@H]3[C@@H](COc4ccc(NC(=O)c5ccno5)cc4C(=O)N3C)O2)cc1'],,,,,
6212,BRD-K43776433,['54645798'],['OC[C@H]1O[C@H](CC(=O)N2CCOCC2)C[C@@H]3[C@H]1Oc4ccc(NS(=O)(=O)c5ccccc5)cc34'],,,,,
6213,BRD-K43781861,['54649598'],['CO[C@H]1CC[C@@H]2CCOc3c(cccc3C(=O)N(C)C[C@H](OC)[C@H](C)C(=O)N(C)C[C@@H]1O2)C#N'],,,,,
6214,BRD-K43782840,['60191324'],['OC[C@@H]1[C@@H]([C@H]2CNCC(=O)N12)c1ccc(cc1)-c1ccc(cc1)C#N'],,,,,
6215,BRD-K43782924,['20854208'],['COc1ccc(cc1)S(=O)(=O)NCc2ccc(cc2)C(=O)N3CCN(Cc4ccccc4)CC3'],,,,,
6216,BRD-K43786699,['54646106'],['OC[C@@H]1O[C@H](CC(=O)O)C[C@@H]2[C@H]1Oc3ccc(NC(=O)Nc4ccc(cc4)C(F)(F)F)cc23'],,,,,
6217,BRD-K43792870,['44486372'],['C[C@@H](CO)N1C[C@@H](C)[C@H](CN(C)Cc2cccc3OCCCOc23)OCc4cn(CCCC1=O)nn4'],,,,,
6218,BRD-K43806450,['44496612'],['C[C@@H](CO)N1C[C@H](C)[C@@H](CN(C)Cc2ccccc2)Oc3c(NC(=O)c4ccncc4)cccc3C1=O'],,,,,
6219,BRD-K43807558,['16822'],['COc1cc(CCCO)ccc1O'],,,,,
6220,BRD-K43814749,['60186110'],['OC[C@@H]1Nc2ccc(Br)cc2[C@H]2[C@@H]1CCN2C(=O)C1CCC1'],,,,,
6221,BRD-K43820987,['54645875'],['OC[C@@H]1O[C@H](CC(=O)N2CCc3ccccc3C2)C[C@H]4[C@@H]1Oc5ccc(NC(=O)c6ccc7OCOc7c6)cc45'],,,,,
6222,BRD-K43830653,['54649928'],['CN(C)C(=O)c1ccc(cc1)-c1ccc(cc1)[C@H]1[C@H](CO)N([C@@H]1C#N)S(C)(=O)=O'],,,,,
6223,BRD-K43838150,['54615082'],['C[C@H](CO)N1C[C@H](C)[C@@H](CN(C)CC2CC2)OCCCC[C@H](C)Oc3ccc(NS(=O)(=O)c4ccc(F)cc4)cc3C1=O'],,,,,
6224,BRD-K43842808,['54654131'],['CN1[C@H]2CC[C@@H](CC(=O)NCC3CC3)O[C@@H]2COc2ccc(NC(=O)NC3CCCC3)cc2C1=O'],,,,,
6225,BRD-K43851624,['54658057'],['CCNC(=O)C[C@H]1CC[C@H]2[C@@H](COC[C@@H](O)CN2Cc2ccncc2)O1'],,,,,
6226,BRD-K43862194,['54657893'],['O[C@H]1COC[C@H]2O[C@H](CC(=O)NCc3ccncn3)CC[C@@H]2N(C1)C(=O)Nc1ccccc1'],,,,,
6227,BRD-K43874853,['56835507'],['C[C@@H](CO)N1C[C@@H](C)[C@H](CN(C)C(=O)Nc2ccc3OCOc3c2)OCc4ccccc4-c5ccccc5C1=O'],,,,,
6228,BRD-K43880650,['44620779'],['CC(C)NC(=O)Nc1ccc2O[C@@H](C)CCCCO[C@H](CN(C)C(=O)NC3CCCCC3)[C@H](C)CN([C@@H](C)CO)C(=O)c2c1'],,,,,
6229,BRD-K43913647,['87372'],['COc1ccc2[nH]c3C(=O)NCCc3c2c1'],,,,,
6230,BRD-K43931839,['54654137'],['CN1[C@H]2CC[C@H](CC(=O)Nc3ccc4CCCCc4c3)O[C@@H]2COc2ccc(NC(=O)Nc3c(C)noc3C)cc2C1=O'],,,,,
6231,BRD-K43939579,['54657820'],['O[C@H]1CN[C@@H]2CC[C@H](CC(=O)NCCc3ccncc3)O[C@H]2COC1'],,,,,
6232,BRD-K43947390,['54666423'],['OC[C@@H]1[C@H]([C@@H]2CN(CCCCN12)C(=O)Nc1cccc(F)c1)c1ccc(cc1)C#Cc1cccnc1'],,,,,
6233,BRD-K43952716,['54652430'],['CCCNC(=O)N1C[C@H]2[C@H]([C@@H](CO)N2Cc2cccc(OC)c2)c2ccccc12'],,,,,
6234,BRD-K43955935,['54666459'],['CCS(=O)(=O)N1CCCCN2[C@H](CO)[C@@H]([C@@H]2C1)c1ccc(cc1)C#Cc1ccccn1'],,,,,
6235,BRD-K43955991,['60191692'],['CC(C)NC(=O)N1CC2(C1)[C@@H]([C@@H](CO)N2C(=O)C1CCCC1)c1ccccc1'],,,,,
6236,BRD-K43966462,['54618657'],['COc1cccc(c1)S(=O)(=O)N(C)C[C@H]2Oc3cc(ccc3S(=O)(=O)N(C[C@@H]2C)[C@@H](C)CO)C4=CCCCC4'],,,,,
6237,BRD-K43966520,['60191279'],['C\\C=C\\c1ccc(cc1)[C@H]1[C@@H](CO)N2[C@H]1CN(CC2=O)C(=O)Nc1ccc(F)cc1'],,,,,
6238,BRD-K43971874,['54631321'],['CO[C@@H]1CN(C)C(=O)c2ccc(NC(=O)c3nc4ccccc4s3)cc2OC[C@@H](C)NC[C@@H]1C'],,,,,
6239,BRD-K43980524,['56835389'],['C[C@H](CO)N1C[C@H](C)[C@@H](CN(C)S(=O)(=O)c2ccccc2F)OCc3ccccc3-c4c(C1=O)n(C)c5ccccc45'],,,,,
6240,BRD-K43982847,['54657878'],['O[C@@H]1COC[C@@H]2O[C@@H](CC(=O)NCc3ccc(F)cc3)CC[C@H]2N(C1)C(=O)c1cnccn1'],,,,,
6241,BRD-K44011183,['54631338'],['CO[C@H]1CN(C)C(=O)c2cc(NS(=O)(=O)CC(F)(F)F)ccc2OC[C@@H](C)N(Cc2nccs2)C[C@@H]1C'],,,,,
6242,BRD-K44012584,['60189647'],['OC[C@@H]1[C@@H](c2ccccc2)C2(CN(Cc3cccnc3)C2)N1C(=O)CC1CC1'],,,,,
6243,BRD-K44015831,['56835266'],['C[C@@H](CO)N1C[C@H](C)[C@H](CN(C)C(=O)N[C@H](C)c2ccccc2)OCc3ccccc3-c4ccccc4C1=O'],,,,,
6244,BRD-K44029733,['54657806'],['Cc1ccc(cc1)S(=O)(=O)N1C[C@@H](O)COC[C@H]2O[C@@H](CC(=O)NCc3ccc4OCOc4c3)CC[C@H]12'],,,,,
6245,BRD-K44029853,['54639071'],['COCC(=O)N[C@H]1C=C[C@@H](CC(=O)N2CCCCC2)O[C@H]1CO'],,,,,
6246,BRD-K44036769,['44619027'],['C[C@@H](CO)N1C[C@@H](C)[C@@H](CN(C)C(=O)c2ccncc2)OCCCC[C@H](C)Oc3ccc(NC(=O)c4ccncc4)cc3C1=O'],,,,,
6247,BRD-K44070326,['54618985'],['CCCC#Cc1cnc2O[C@@H](CN(C)Cc3ccccc3F)[C@H](C)CN([C@@H](C)CO)C(=O)c2c1'],,,,,
6248,BRD-K44079161,['44620847'],['C[C@@H](CO)N1C[C@@H](C)[C@H](CN(C)CC2CCCCC2)OCCCC[C@@H](C)Oc3ccc(NS(=O)(=O)c4cn(C)cn4)cc3C1=O'],,,,,
6249,BRD-K44080306,['54657879'],['O[C@@H]1COC[C@H]2O[C@H](CC(=O)NCc3ccc(F)cc3)CC[C@@H]2N(C1)C(=O)c1cnccn1'],,,,,
6250,BRD-K44097254,['54632009'],['CCCNC(=O)N1C[C@H](C)[C@H](CN(C)C(=O)c2cc(NC(=O)CCC)ccc2OC[C@@H]1C)OC'],,,,,
6251,BRD-K44098776,['56835532'],['C[C@@H](CO)N1C[C@@H](C)[C@H](CN(C)C(=O)Nc2cccc(c2)C(F)(F)F)OCc3ccccc3-c4ccccc4C1=O'],,,,,
6252,BRD-K44119437,['54631413'],['CO[C@@H]1CN(C)C(=O)c2ccc(NC(=O)c3ccc4OCOc4c3)cc2OC[C@H](C)N(CCC(F)(F)F)C[C@@H]1C'],,,,,
6253,BRD-K44134539,['54664888'],['COc1ccccc1C#Cc1ccc2N(C)[C@H](CO)[C@@H]3CCN([C@@H]3c2c1)C(C)=O'],,,,,
6254,BRD-K44150994,['54654040'],['CN1[C@@H]2CC[C@H](CC(=O)NCc3ccccc3Cl)O[C@H]2COc2ccc(NC(=O)Nc3cccc(C)c3)cc2C1=O'],,,,,
6255,BRD-K44161636,['54624606'],['C/C=C/c1ccc2c(O[C@@H](CN(C)S(=O)(=O)c3ccccc3)[C@@H](C)CN([C@@H](C)CO)S2(=O)=O)c1'],,,,,
6256,BRD-K44200196,['44488634'],['C[C@H](CO)N1C[C@H](C)[C@H](CN(C)Cc2ccc(Cl)c(Cl)c2)Oc3ccc(NC(=O)C4CC4)cc3CC1=O'],,,,,
6257,BRD-K44204702,['54651475'],['CN(C[C@H]1N[C@@H](CO)[C@H]1c1ccc(cc1)-c1cccc(F)c1)C(=O)CC1CC1'],,,,,
6258,BRD-K44205194,['54638333'],['OC[C@@H]1O[C@H](CCn2cc(Cc3ccccc3)nn2)CC[C@H]1NS(=O)(=O)c1ccccc1F'],,,,,
6259,BRD-K44207800,['54631383'],['CO[C@@H]1CN(C)C(=O)c2cc(NC(=O)c3ccccc3F)ccc2OC[C@H](C)N(CC2CCOCC2)C[C@H]1C'],,,,,
6260,BRD-K44218044,['54666409'],['C\\C=C\\c1ccc(cc1)[C@H]1[C@@H](CO)N2CCCCN(CCC(F)(F)F)C[C@@H]12'],,,,,
6261,BRD-K44218307,['54652717'],['CC(=O)N1C[C@@H]2[C@@H]([C@H](CO)N2C(=O)CC2CC2)c2ccccc12'],,,,,
6262,BRD-K44229115,['54638781'],['OC[C@@H]1O[C@@H](C=C[C@@H]1NC(=O)Cc1cccnc1)CC(=O)Nc1ccccc1'],,,,,
6263,BRD-K44235509,['54649393'],['CC(C)(C)[S@](=O)N1Cc2cc(nc(c2[C@@H]1CCO)-c1cccc(c1)-c1ccc(F)cc1)C(=O)N1CCCCC1'],,,,,
6264,BRD-K44242139,['60185091'],['COc1ccc2c3c([C@@H](CO)N(C[C@]33CCN(Cc4cccc(F)c4)CC3)C(=O)C3CC3)n(C)c2c1'],,,,,
6265,BRD-K44245916,['54618395'],['C[C@@H](CO)N1C[C@@H](C)[C@@H](CN(C)S(=O)(=O)C)Oc2ncc(cc2C1=O)c3ccc(C)cc3'],,,,,
6266,BRD-K44261129,['44484675'],['CC(C)NC(=O)Nc1ccc2O[C@H](CN(C)Cc3ccc(cc3)c4ccccc4)[C@@H](C)CN([C@@H](C)CO)C(=O)c2c1'],,,,,
6267,BRD-K44266302,['71760516'],['COc1ccc2c3c([C@@H](CO)N(C[C@]33CCN(Cc4nccs4)CC3)C(=O)NC(C)C)n(C)c2c1'],,,,,
6268,BRD-K44289311,['60185135'],['COc1cc(CN2C[C@H]3N[C@@H](C2)[C@H]3c2ccc(cc2)-c2ccc(cc2)C#N)cc(OC)c1'],,,,,
6269,BRD-K44302407,['44499743'],['COc1ccc(cc1)S(=O)(=O)N(C)C[C@H]2Oc3c(cccc3C(=O)N(C[C@H]2C)[C@@H](C)CO)N(C)C'],,,,,
6270,BRD-K44316554,['44488358'],['C[C@H](CO)N1C[C@@H](C)[C@H](CN(C)C(=O)Nc2c(C)noc2C)Oc3ccc(NC(=O)CCC(F)(F)F)cc3C1=O'],,,,,
6271,BRD-K44338067,['54638535'],['OC[C@H]1O[C@H](CC(=O)N2CCc3ccccc3C2)C=C[C@@H]1NC(=O)C1CC1'],,,,,
6272,BRD-K44339679,['54666449'],['COCC#Cc1ccc(cc1)[C@H]1[C@H](CO)N2CCCCN(C[C@@H]12)C(=O)NC1CCCC1'],,,,,
6273,BRD-K44341698,['54645988'],['OC[C@@H]1O[C@H](CC(=O)N2CCc3ccccc3C2)C[C@@H]4[C@H]1Oc5ccc(NS(=O)(=O)c6ccc(F)cc6)cc45'],,,,,
6274,BRD-K44352336,['60185073'],['CCCNC(=O)N1C[C@]2(CN(Cc3cccnc3)C2)c2c([C@@H]1CO)n(C)c1cc(OC)ccc21'],,,,,
6275,BRD-K44363560,['54664917'],['OC[C@@H]1Nc2ccc(cc2[C@@H]2[C@H]1CCN2C(=O)c1ccncc1)-c1ccccc1'],,,,,
6276,BRD-K44366801,['44142139'],['Cn1nnnc1Sc2ncnc3scc(c4ccc(cc4)[N+](=O)[O-])c23'],,,,,
6277,BRD-K44366812,['54651389'],['CCC(=O)N1[C@H](CO)[C@H]([C@@H]1CN(C)C(=O)c1ccccc1F)c1ccccc1'],,,,,
6278,BRD-K44401329,['60188036'],['COc1ccc(cc1)C#Cc1ccc2N[C@H](CO)[C@@H]3CCN([C@@H]3c2c1)C(=O)C1CCC1'],,,,,
6279,BRD-K44407752,['54618538'],['CCCN(C)C[C@@H]1Oc2ncc(cc2C(=O)N(C[C@H]1C)[C@@H](C)CO)c3ccccc3'],,,,,
6280,BRD-K44410738,['54650205'],['CCc1cnc(s1)N1[C@@H](CO)[C@H]([C@H]1C#N)c1ccc(cc1)-c1cccc(F)c1'],,,,,
6281,BRD-K44413293,['54652508'],['OC[C@@H]1[C@H]2[C@H](CN(C(=O)Nc3ccc(Cl)cc3)c3ccccc23)N1C(=O)C1CC1'],,,,,
6282,BRD-K44417704,['44142151'],['CC(=O)N1CCN(CC1)c2ccc(NCc3ccco3)cc2'],,,,,
6283,BRD-K44420259,['54657560'],['O[C@@H]1COC[C@@H]2O[C@@H](CC(=O)N3CCCCC3)CC[C@H]2N(C1)S(=O)(=O)c1cccc(Cl)c1'],,,,,
6284,BRD-K44421914,['54615021'],['CC(C)NC(=O)N(C)C[C@H]1OCCCC[C@H](C)Oc2ccc(NC(=O)C3CCCCC3)cc2C(=O)N(C[C@@H]1C)[C@H](C)CO'],,,,,
6285,BRD-K44446302,['54618596'],['COc1ccc(cc1)S(=O)(=O)N(C)C[C@H]2Oc3ncc(/C=C/c4ccccc4)cc3C(=O)N(C[C@@H]2C)[C@H](C)CO'],,,,,
6286,BRD-K44452237,['54665062'],['OC[C@@H]1Nc2ccc(cc2[C@@H]2[C@H]1CCN2C(=O)C1CCOCC1)-c1cccc(F)c1'],,,,,
6287,BRD-K44465671,['54615097'],['C[C@H](CO)N1C[C@H](C)[C@H](CN(C)CC2CC2)OCCCC[C@H](C)Oc3ccc(NC(=O)NC4CCCCC4)cc3C1=O'],,,,,
6288,BRD-K44475992,['60191359'],['CCC(=O)N1C[C@@H]2[C@@H]([C@H](CO)N2C(=O)C1)c1ccc(cc1)C#CCC(C)C'],,,,,
6289,BRD-K44480417,['56835500'],['COc1ccccc1S(=O)(=O)N(C)C[C@@H]2OCc3ccccc3-c4ccccc4C(=O)N(C[C@H]2C)[C@@H](C)CO'],,,,,
6290,BRD-K44482328,['54657938'],['O[C@H]1COC[C@@H]2O[C@@H](CC(=O)NCC3CCCCC3)CC[C@H]2N(Cc2cccc(Cl)c2)C1'],,,,,
6291,BRD-K44484254,['44517659'],['NC(=O)c1ccccc1-c1noc(n1)-c1ccccc1F'],,,,,
6292,BRD-K44485049,['54666602'],['CN(C)CC#Cc1ccc(cc1)[C@@H]1[C@@H](CO)N2CCCCN(C[C@H]12)C(=O)Nc1ccccc1F'],,,,,
6293,BRD-K44494044,['1182617'],['COC(=O)c1cc(Br)ccc1NC(=O)COc2ccc(cc2)C(C)(C)C'],,,,,
6294,BRD-K44510578,['44491394'],['COc1ccc(cc1)S(=O)(=O)N(C)C[C@@H]2Oc3c(NC(=O)Nc4cccc5ccccc45)cccc3C(=O)N(C[C@@H]2C)[C@@H](C)CO'],,,,,
6295,BRD-K44511222,['54637833'],['C[C@@H](CO)N1C[C@H](C)[C@@H](CN(C)S(=O)(=O)c2cccs2)OCc3ccccc3-c4ccccc4C1=O'],,,,,
6296,BRD-K44525591,['54665029'],['CCC(=O)N1CC[C@@H]2[C@H]1c1cc(ccc1N[C@@H]2CO)C#Cc1ccccc1'],,,,,
6297,BRD-K44540157,['24167050'],['Cc1ccc(S[C@@]2(CC(=O)N(C3Cc4ccccc4C3)[C@@H]2c5ccc(CO)cc5I)C(=O)NCCN6CCOCC6)cc1'],,,,,
6298,BRD-K44541805,['44505649'],['CCCN(C)C[C@@H]1OCc2cnnn2CCCC(=O)N(C[C@H]1C)[C@@H](C)CO'],,,,,
6299,BRD-K44547539,['54638977'],['COc1ccccc1NC(=O)N[C@H]1CC[C@H](CCNS(=O)(=O)c2ccccc2)O[C@@H]1CO'],,,,,
6300,BRD-K44559054,['44620818'],['C[C@@H](CO)N1C[C@H](C)[C@@H](CN(C)Cc2ccc(Cl)c(Cl)c2)OCCCC[C@@H](C)Oc3ccc(NS(=O)(=O)c4ccccc4)cc3C1=O'],,,,,
6301,BRD-K44562105,['54615634'],['C[C@H](CO)N1C[C@@H](C)[C@@H](CN(C)C(=O)NC2CCCCC2)OCCCC[C@@H](C)Oc3ccc(NC(=O)CCC(F)(F)F)cc3C1=O'],,,,,
6302,BRD-K44562621,['54631449'],['CO[C@H]1CN(C)C(=O)c2cc(NC(=O)c3nc4ccccc4s3)ccc2OC[C@@H](C)N(Cc2cncnc2)C[C@@H]1C'],,,,,
6303,BRD-K44564943,['54652654'],['OC[C@@H]1[C@H]2[C@H](CN(C(=O)CC(F)(F)F)c3ccccc23)N1CC1CCOCC1'],,,,,
6304,BRD-K44568925,['54651382'],['CCC(=O)N1[C@H](CO)[C@@H]([C@@H]1CN(C(C)C)S(C)(=O)=O)c1ccccc1'],,,,,
6305,BRD-K44575778,['53338809'],['CN1CCN(CC1)C(=O)c1cc2cc3cc(C)ccc3nc2s1'],,,,,
6306,BRD-K44575839,['44616982'],['C[C@@H](CO)N1C[C@@H](C)[C@@H](CN(C)CC2CC2)OCCCC[C@@H](C)Oc3ccc(NS(=O)(=O)c4ccc(F)cc4)cc3C1=O'],,,,,
6307,BRD-K44579616,['54632029'],['CO[C@@H]1CN(C)C(=O)c2ccc(NC(=O)Nc3c(C)noc3C)cc2OC[C@@H](C)N(CC2CC2)C[C@@H]1C'],,,,,
6308,BRD-K44586044,['54638604'],['Cc1ccc(cc1)S(=O)(=O)N[C@H]1CC[C@H](CCn2cc(nn2)-c2cccnc2)O[C@H]1CO'],,,,,
6309,BRD-K44598486,['54664948'],['CN(C)C(=O)c1cccc(c1)-c1ccc2N[C@H](CO)[C@@H]3CCN([C@@H]3c2c1)S(=O)(=O)c1ccc(C)cc1'],,,,,
6310,BRD-K44633836,['60185157'],['Fc1ccc(cc1)-c1ccc(cc1)[C@@H]1[C@H]2CN(C[C@@H]1N2)C(=O)NC1CCCCC1'],,,,,
6311,BRD-K44635753,['54638261'],['OC[C@H]1O[C@H](CC(=O)NCc2ccc3OCOc3c2)C=C[C@@H]1NC(=O)Nc1cc(F)ccc1F'],,,,,
6312,BRD-K44638353,['44493625'],['CC(C)NC(=O)N(C)C[C@H]1OCCCC[C@@H](C)Oc2ccc(NC(=O)Nc3ccccc3)cc2C(=O)N(C[C@H]1C)[C@@H](C)CO'],,,,,
6313,BRD-K44647644,['44617225'],['COc1ccc(cc1)S(=O)(=O)Nc2ccc3O[C@H](C)CCCCO[C@@H](CN(C)C)[C@@H](C)CN([C@@H](C)CO)C(=O)c3c2'],,,,,
6314,BRD-K44652183,['24747161'],['Cn1c(=O)c2nc(CCCC(=O)O)[nH]c2n(Cc3ccccc3)c1=S'],,,,,
6315,BRD-K44657322,['54646489'],['C[C@H](NC(=O)C[C@@H]1C[C@H]2[C@H](Oc3ccc(NC(=O)NC4CCCCC4)cc23)[C@H](CO)O1)c5ccccc5'],,,,,
6316,BRD-K44660322,['54627369'],['COc1ccc(NC(=O)N(C)C[C@@H]2Oc3cc(C#CCN(C)C)ccc3S(=O)(=O)N(C[C@@H]2C)[C@H](C)CO)cc1'],,,,,
6317,BRD-K44681861,['56835483'],['C[C@@H](CO)N1C[C@H](C)[C@@H](CN(C)C(=O)[C@@H]2CCCN2C)OCc3ccccc3-c4c(C1=O)n(C)c5ccccc45'],,,,,
6318,BRD-K44696931,['44488783'],['CCCN(C)C[C@H]1OCCCC[C@H](C)Oc2ccc(NS(=O)(=O)c3ccc(OC)cc3)cc2C(=O)N(C[C@H]1C)[C@@H](C)CO'],,,,,
6319,BRD-K44699604,['54657782'],['O[C@@H]1CN[C@H]2CC[C@H](CC(=O)N3CCc4ccccc4C3)O[C@@H]2COC1'],,,,,
6320,BRD-K44712456,['60191978'],['OC[C@@H]1[C@@H](c2ccccc2)C2(CN(C2)C(=O)C2CCC2)N1Cc1cccnc1'],,,,,
6321,BRD-K44715408,['60189776'],['COc1ccc2c3c([C@@H](CO)N(Cc4nccs4)C[C@]33CCN(CC3)C(=O)CN(C)C)n(C)c2c1'],,,,,
6322,BRD-K44732214,['60190163'],['COCC(=O)N1C[C@]2(CCN(Cc3ccccc3)CC2)c2c([nH]c3cc(OC)ccc23)[C@H]1CO'],,,,,
6323,BRD-K44737208,['54631904'],['CO[C@@H]1CN(C)C(=O)c2ccc(NC(=O)Cc3ccccc3)cc2OC[C@H](C)N(C[C@@H]1C)C(=O)c1ccccc1F'],,,,,
6324,BRD-K44752364,['56835380'],['C[C@H](CO)N1C[C@H](C)[C@@H](CN(C)C(=O)Nc2ccc(F)cc2)OCc3ccccc3-c4c(C1=O)n(C)c5ccccc45'],,,,,
6325,BRD-K44755254,['54646714'],['OC[C@H]1O[C@H](CC(=O)NCc2ccc(Cl)cc2)C[C@H]3[C@@H]1Oc4ccc(NC(=O)CC5CC5)cc34'],,,,,
6326,BRD-K44756290,['54657704'],['CN1C[C@@H](O)COC[C@H]2O[C@@H](CC(=O)NC3CCC3)CC[C@H]12'],,,,,
6327,BRD-K44760520,['54639058'],['N[C@@H]1CC[C@H](CCn2cc(nn2)-c2ccccn2)O[C@H]1CO'],,,,,
6328,BRD-K44766290,['44500741'],['COc1ccc(NC(=O)N(C)C[C@H]2Oc3ccc(cc3CC(=O)N(C[C@H]2C)[C@@H](C)CO)N(C)C)cc1'],,,,,
6329,BRD-K44777226,['54646239'],['COc1ccc(NC(=O)Nc2ccc3O[C@H]4[C@H](C[C@H](CC(=O)NCc5ccccn5)O[C@@H]4CO)c3c2)cc1'],,,,,
6330,BRD-K44781077,['44496255'],['COc1ccc(cc1)S(=O)(=O)N(C)C[C@@H]2Oc3c(NC(=O)Nc4ccccc4)cccc3C(=O)N(C[C@@H]2C)[C@@H](C)CO'],,,,,
6331,BRD-K44781836,['54646444'],['OC[C@H]1O[C@H](CC(=O)NCc2ccc(Oc3ccccc3)cc2)C[C@@H]4[C@H]1Oc5ccc(NC(=O)C6CCOCC6)cc45'],,,,,
6332,BRD-K44787412,['54658061'],['CCNC(=O)C[C@@H]1CC[C@H]2[C@@H](COC[C@H](O)CN2Cc2ccncc2)O1'],,,,,
6333,BRD-K44791058,['44493867'],['C[C@@H](CO)N1C[C@H](C)[C@H](CN(C)Cc2ccc(cc2)C(=O)O)Oc3ccc(NC(=O)CCCN(C)C)cc3C1=O'],,,,,
6334,BRD-K44801029,['54638932'],['OC[C@H]1O[C@@H](CC(=O)NCc2ccc(Cl)c(Cl)c2)CC[C@H]1NS(=O)(=O)c1ccc(F)cc1'],,,,,
6335,BRD-K44802037,['60185243'],['COCC(=O)N1CC[C@@]2(CC1)CN[C@@H](CO)c1c2c2ccc(OC)cc2n1C'],,,,,
6336,BRD-K44802959,['54652522'],['OC[C@@H]1[C@@H]2[C@@H](CN(C(=O)Cc3ccccc3)c3ccccc23)N1C(=O)c1cccc(F)c1'],,,,,
6337,BRD-K44806584,['54638667'],['OC[C@@H]1O[C@H](CC(=O)NCC2CCCCC2)C=C[C@H]1NC(=O)Nc1cccc(F)c1'],,,,,
6338,BRD-K44812652,['23946995'],['CC(C)C[C@@H]1NC(=O)[C@H]2C[C@H]([C@H](N2C1=O)c3cccc(OCCO)c3)C(=O)NCCCCCNC(=O)CS'],,,,,
6339,BRD-K44816676,['44618805'],['C[C@H](CO)N1C[C@H](C)[C@@H](CN(C)S(=O)(=O)c2ccc(Cl)cc2)OCCCC[C@H](C)Oc3ccc(NC(=O)Nc4c(C)noc4C)cc3C1=O'],,,,,
6340,BRD-K44818533,['56835366'],['COc1ccc(NC(=O)N(C)C[C@H]2OCc3ccccc3-c4c(C(=O)N(C[C@@H]2C)[C@H](C)CO)n(C)c5ccccc45)c(OC)c1'],,,,,
6341,BRD-K44828732,['60190216'],['COc1ccc2c3c([C@H](CO)NC[C@]33CCN(Cc4ccncc4)CC3)n(C)c2c1'],,,,,
6342,BRD-K44833108,['54651420'],['CN(C)CC(=O)NC[C@@H]1[C@@H]([C@H](CO)N1C(C)=O)c1ccc(cc1)C1=CCCCC1'],,,,,
6343,BRD-K44867089,['54638428'],['CN(C)CCCNC(=O)C[C@@H]1O[C@@H](CO)[C@H](NC(=O)Nc2c(C)noc2C)C=C1'],,,,,
6344,BRD-K44874209,['60185182'],['COc1ccc2c3c([nH]c2c1)[C@@H](CO)N(C[C@]31CCN(Cc2cc(on2)-c2ccccc2)CC1)C(C)=O'],,,,,
6345,BRD-K44878051,['54651196'],['COCC(=O)N(C)C[C@@H]1[C@H]([C@H](CO)N1C(=O)Cc1cccnc1)c1ccccc1'],,,,,
6346,BRD-K44878494,['24747232'],['Cc1c(CCCC(=O)O)sc(N)c1C(=O)c2cccc(c2)C(F)(F)F'],,,,,
6347,BRD-K44890352,['44486345'],['C[C@@H](CO)N1C[C@@H](C)[C@H](CN(C)C(=O)C2CC2)OCc3cn(CCCC1=O)nn3'],,,,,
6348,BRD-K44890999,['44488199'],['C[C@@H](CO)N1C[C@@H](C)[C@@H](CN(C)C(=O)CCC(F)(F)F)OCCCC[C@@H](C)Oc2ccc(NC(=O)CCC(F)(F)F)cc2C1=O'],,,,,
6349,BRD-K44893543,['44826047'],['Cc1ccc(Nc2ccc(s2)c3ccncc3)c(Br)c1'],,,,,
6350,BRD-K44897098,['56835357'],['C[C@@H](CO)N1C[C@H](C)[C@@H](CN(C)C(=O)Nc2ccc3OCOc3c2)OCc4ccccc4-c5c(C1=O)n(C)c6ccccc56'],,,,,
6351,BRD-K44900726,['44505813'],['C[C@H](CO)N1C[C@H](C)[C@H](CN(C)C(=O)Nc2ccc(cc2)C(F)(F)F)OCc3cn(CCCC1=O)nn3'],,,,,
6352,BRD-K44911253,['54661445'],['CCCN1[C@H]2Cn3c(ccc(-c4ccc(F)cc4)c3=O)[C@@H]1[C@@H]([C@H]2CO)C(=O)NCCOC'],,,,,
6353,BRD-K44916273,['54649944'],['OC[C@@H]1[C@@H]([C@H](C#N)N1C(=O)c1cccc(F)c1)c1ccc(cc1)C1=CCCCC1'],,,,,
6354,BRD-K44925462,['54657656'],['COc1ccccc1CNC(=O)C[C@@H]1CC[C@H]2[C@@H](COC[C@H](O)CN2C(=O)Nc2ccc(F)cc2)O1'],,,,,
6355,BRD-K44931544,['2242162'],['Cc1ccc(cc1S(=O)(=O)Nc2ccccc2)C(=O)Nc3ccccc3c4ccccc4'],,,,,
6356,BRD-K44937047,['60189696'],['COc1ccc2c3c([nH]c2c1)[C@H](CO)N(C[C@]31CN(Cc2ccccc2)C1)S(=O)(=O)c1ccc(C)cc1'],,,,,
6357,BRD-K44953633,['54646080'],['CN1CCN(CC1)C(=O)C[C@@H]2C[C@@H]3[C@@H](Oc4ccc(NS(=O)(=O)C)cc34)[C@@H](CO)O2'],,,,,
6358,BRD-K44968548,['44508030'],['C[C@H](CO)N1C[C@@H](C)[C@@H](CN(C)CC2CC2)Oc3ccc(NC(=O)CCCCCC(=O)Nc4ccccc4N)cc3CC1=O'],,,,,
6359,BRD-K44968554,['71759150'],['COc1ccc2c3c([nH]c2c1)[C@H](CO)N(C[C@]31CCN(CC1)C(=O)Cc1cccnc1)S(=O)(=O)c1ccc(C)cc1'],,,,,
6360,BRD-K44978960,['3233012'],['CN(Cc1ccco1)c2ncnc3ccc(cc23)c4ccc5OCOc5c4'],,,,,
6361,BRD-K44980533,['54631564'],['CCS(=O)(=O)Nc1ccc2OC[C@H](C)N(C[C@@H](C)[C@H](CN(C)C(=O)c2c1)OC)C(=O)c1ccc2OCOc2c1'],,,,,
6362,BRD-K44993940,['54649321'],['CO[C@@H](CN(C)S(=O)(=O)c1cccc(Cl)c1)[C@@H](C)CN([C@H](C)CO)S(=O)(=O)c1ccc(Cl)cc1'],,,,,
6363,BRD-K44996602,['54638380'],['COc1cccc(NC(=O)N[C@H]2C=C[C@H](CC(=O)Nc3ccc(cc3)-c3ccccc3)O[C@@H]2CO)c1'],,,,,
6364,BRD-K44999613,['44500384'],['CC(C)NC(=O)N(C)C[C@@H]1Oc2ccc(NC(=O)Cc3cn(C)c4ccccc34)cc2CC(=O)N(C[C@H]1C)[C@H](C)CO'],,,,,
6365,BRD-K45025380,['54666436'],['COc1cccc(CN2CCCCN3[C@H](CO)[C@H]([C@H]3C2)c2ccc(cc2)-c2cccnc2)c1'],,,,,
6366,BRD-K45031696,['1029232'],['COc1nc(c2ccc3OCOc3c2)n(n1)c4ccc(NC(=O)CSc5ccccc5)cc4'],,,,,
6367,BRD-K45033698,['54649940'],['C\\C=C\\c1ccc(cc1)[C@@H]1[C@@H](CO)N([C@H]1C#N)C(=O)CN1CCOCC1'],,,,,
6368,BRD-K45038844,['54666510'],['OC[C@H]1[C@@H]([C@@H]2CN(CCCCN12)C(=O)CN1CCOCC1)c1ccc(Br)cc1'],,,,,
6369,BRD-K45077070,['54657872'],['O[C@@H]1COC[C@H]2O[C@@H](CC(=O)N3CCOCC3)CC[C@@H]2N(C1)C(=O)Nc1cc(Cl)cc(Cl)c1'],,,,,
6370,BRD-K45090628,['54646660'],['COc1ccccc1CNC(=O)C[C@H]2C[C@H]3[C@H](Oc4ccc(NC(=O)c5cccnc5)cc34)[C@H](CO)O2'],,,,,
6371,BRD-K45092764,['44502612'],['C[C@@H](CO)N1C[C@H](C)[C@H](CN(C)Cc2ccncc2)Oc3ccc(NC(=O)CCC(F)(F)F)cc3CC1=O'],,,,,
6372,BRD-K45098285,['54646093'],['OC[C@@H]1O[C@@H](CC(=O)N2CCOCC2)C[C@@H]3[C@H]1Oc4ccc(NC(=O)Nc5ccccc5F)cc34'],,,,,
6373,BRD-K45114207,['877183'],['CN1C(=O)c2ccc(NC(=O)c3cccc4ccccc34)cc2C1=O'],,,,,
6374,BRD-K45114520,['54649458'],['CC(C)(C)[S@@](=O)N1Cc2cc(nc(c2[C@H]1CCO)-c1cccc(c1)-c1ccc(cc1)C#N)C(=O)NCc1ccncc1'],,,,,
6375,BRD-K45115014,['54631957'],['COCC(=O)N1C[C@@H](C)[C@H](CN(C)C(=O)c2cc(NC(=O)Nc3cccc(F)c3)ccc2OC[C@@H]1C)OC'],,,,,
6376,BRD-K45124535,['54646263'],['OC[C@H]1O[C@H](CC(=O)NCCN2CCCCC2)C[C@H]3[C@@H]1Oc4ccc(NC(=O)Nc5ccccc5)cc34'],,,,,
6377,BRD-K45138525,['54639132'],['Cc1ccc(cc1)S(=O)(=O)N[C@H]1CC[C@@H](CC(=O)N2CCc3ccccc3C2)O[C@@H]1CO'],,,,,
6378,BRD-K45151011,['54650049'],['OC[C@@H]1[C@@H]([C@H](C#N)N1C(=O)C1CCOCC1)c1ccc(cc1)C1=CCCC1'],,,,,
6379,BRD-K45153357,['60190132'],['COc1ccc2c3c([nH]c2c1)[C@@H](CO)NC[C@]31CN(C1)S(=O)(=O)c1cccs1'],,,,,
6380,BRD-K45156967,['44620852'],['COc1ccc(CN(C)C[C@@H]2OCCCC[C@H](C)Oc3ccc(NS(=O)(=O)c4ccccc4)cc3C(=O)N(C[C@H]2C)[C@H](C)CO)cc1'],,,,,
6381,BRD-K45174347,['54631637'],['CCCN1C[C@H](C)[C@@H](CN(C)C(=O)c2ccc(NC(=O)c3ccccc3F)cc2OC[C@@H]1C)OC'],,,,,
6382,BRD-K45205755,['46172935'],['CCc1ccc(cc1)-n1ncc(Cl)c(Oc2ccc(OC)cc2)c1=O'],,,,,
6383,BRD-K45216862,['7202911'],['Brc1cccc2sc(NC(=O)c3ccc4OCCOc4c3)nc12'],,,,,
6384,BRD-K45217009,['60184886'],['COc1ccc(CN2C[C@]3(CN(C3)C(=O)c3ccccc3)c3c([nH]c4cc(OC)ccc34)[C@@H]2CO)cc1'],,,,,
6385,BRD-K45221651,['54639008'],['OC[C@@H]1O[C@H](CCNC(=O)CN2CCOCC2)CC[C@@H]1NS(=O)(=O)c1ccc(F)cc1'],,,,,
6386,BRD-K45222065,['44616467'],['C[C@H](CO)N1C[C@H](C)[C@H](CN(C)CC2CC2)OCCCC[C@H](C)Oc3ccc(NS(=O)(=O)c4ccc(F)cc4)cc3C1=O'],,,,,
6387,BRD-K45223163,['60184880'],['COc1ccc(cc1)-c1ccc(cc1)[C@H]1[C@H]2CN(C[C@@H]1N2)S(=O)(=O)c1ccccc1C'],,,,,
6388,BRD-K45230579,['54654317'],['COC(=O)C[C@@H]1CC[C@@H]2[C@@H](COc3ccc(NC(=O)Nc4cc(C)cc(C)c4)cc3C(=O)N2C)O1'],,,,,
6389,BRD-K45231555,['54637702'],['C[C@@H](CO)N1C[C@H](C)[C@H](CN(C)C(=O)[C@H](Cc2ccccc2)N(C)C)OCc3ccccc3-c4c(C1=O)n(C)c5ccccc45'],,,,,
6390,BRD-K45231869,['44496832'],['C[C@H](CO)N1C[C@@H](C)[C@H](CN(C)Cc2ccncc2)OCc3cn(CCCC1=O)nn3'],,,,,
6391,BRD-K45232279,['44495329'],['C[C@@H](CO)N1C[C@H](C)[C@H](CN(C)Cc2ccc(Oc3ccccc3)cc2)Oc4c(NC(=O)NC5CCCCC5)cccc4C1=O'],,,,,
6392,BRD-K45235808,['60187474'],['CCC(=O)N1C[C@]2(CCN(CC2)C(=O)Nc2c(C)noc2C)c2c([nH]c3cc(OC)ccc23)[C@H]1CO'],,,,,
6393,BRD-K45252909,['60184825'],['C\\C=C\\c1ccc(cc1)[C@H]1[C@@H]2CNC[C@H]1N2C(=O)Nc1ccc(cc1)C(F)(F)F'],,,,,
6394,BRD-K45256078,['25243788'],['Cn1c2ccsc2c3ncn(Cc4ccccc4F)c(=O)c13'],,,,,
6395,BRD-K45258986,['54618606'],['CCCN(C)C[C@H]1Oc2cc(C#Cc3cccc(OC)c3)ccc2S(=O)(=O)N(C[C@H]1C)[C@H](C)CO'],,,,,
6396,BRD-K45265806,['56835348'],['C[C@@H](CO)N1C[C@H](C)[C@@H](CN(C)S(=O)(=O)c2ccccc2F)OCc3ccccc3-c4c(C1=O)n(C)c5ccccc45'],,,,,
6397,BRD-K45278408,['1510379'],['Cc1ccccc1n2sc3cc(F)ccc3c2=O'],,,,,
6398,BRD-K45295352,['54650095'],['CC(C)NC(=O)N1[C@H](CO)[C@H]([C@@H]1C#N)c1ccc(cc1)-c1ccc(F)cc1'],,,,,
6399,BRD-K45307260,['60190446'],['COc1ccc2c3c([C@H](CO)NC[C@]33CN(Cc4ccccc4F)C3)n(C)c2c1'],,,,,
6400,BRD-K45307499,['44493077'],['C[C@@H](CO)N1C[C@@H](C)[C@H](CN(C)Cc2ccc3N(C)CCOc3c2)OCc4cnnn4CCCC1=O'],,,,,
6401,BRD-K45308677,['24747151'],['Nc1c(C#N)c(Cc2cccc3ccccc23)nn1CCC#N'],,,,,
6402,BRD-K45319408,['60190102'],['COc1ccc2c3c([nH]c2c1)[C@H](CO)N(C[C@]31CCN(CC1)C(C)=O)C(C)=O'],,,,,
6403,BRD-K45319476,['54654271'],['C[C@H](NC(=O)C[C@H]1CC[C@@H]2[C@@H](COc3ccc(NS(=O)(=O)c4ccc(Cl)cc4)cc3C(=O)N2C)O1)c1ccccc1'],,,,,
6404,BRD-K45319854,['54649919'],['COc1cccc(c1)-c1ccc(cc1)[C@@H]1[C@@H](CO)N(C(=O)Cc2ccncc2)[C@@H]1C#N'],,,,,
6405,BRD-K45322187,['60191128'],['COc1ccc(cc1)-c1ccc(cc1)[C@@H]1[C@@H](CO)N2[C@@H]1CN(Cc1ccccc1)CC2=O'],,,,,
6406,BRD-K45327589,['54666559'],['CN(C)C(=O)c1cccc(c1)-c1ccc(cc1)[C@H]1[C@@H](CO)N2CCCCN(CC3CCOCC3)C[C@@H]12'],,,,,
6407,BRD-K45333259,['60185066'],['CCCNC(=O)N1C[C@]2(CN(C2)C(=O)CN(C)C)c2c([C@@H]1CO)n(C)c1cc(OC)ccc21'],,,,,
6408,BRD-K45336346,['54649320'],['CO[C@H](CN(C)S(=O)(=O)c1cccc(Cl)c1)[C@@H](C)CN([C@@H](C)CO)S(=O)(=O)c1ccc(Cl)cc1'],,,,,
6409,BRD-K45340761,['54649346'],['CC(C)(C)[S@@](=O)N1Cc2cc(nc(c2[C@H]1CCO)-c1cccc(c1)-c1ccccc1F)C(=O)NCc1ccccn1'],,,,,
6410,BRD-K45347683,['60185054'],['COc1ccc(cc1)-c1ccc(cc1)[C@@H]1[C@H]2CN(C[C@@H]1N2)C(=O)c1ccc(F)cc1'],,,,,
6411,BRD-K45355657,['23648024'],['OCCNc1nc(Nc2ccccc2O)nc(n1)N3CCCC3'],,,,,
6412,BRD-K45355730,['54638622'],['CN1CCN(CC1)C(=O)C[C@H]1O[C@@H](CO)[C@@H](NC(=O)Nc2ccccc2F)C=C1'],,,,,
6413,BRD-K45358679,['54638952'],['OC[C@H]1O[C@@H](CCn2cc(nn2)-c2ccccc2)CC[C@@H]1NC(=O)Cc1ccccn1'],,,,,
6414,BRD-K45358881,['54664939'],['OC[C@@H]1Nc2ccc(cc2[C@H]2[C@@H]1CCN2S(=O)(=O)c1ccccc1F)-c1ccccc1F'],,,,,
6415,BRD-K45371861,['54649911'],['C\\C=C\\c1ccc(cc1)[C@@H]1[C@H](CO)N([C@@H]1C#N)S(=O)(=O)c1cccc(F)c1'],,,,,
6416,BRD-K45375659,['54657586'],['O[C@H]1CN[C@@H]2CC[C@H](CC(=O)NCc3ccc4OCOc4c3)O[C@H]2COC1'],,,,,
6417,BRD-K45383235,['54658782'],['O[C@@H]1COC[C@H]2O[C@H](CC(=O)NCc3cccc(F)c3)CC[C@@H]2N(Cc2ccc(Cl)cc2)C1'],,,,,
6418,BRD-K45383509,['54638997'],['COc1ccccc1S(=O)(=O)N[C@@H]1CC[C@@H](CCn2cc(nn2)C2CCCCC2)O[C@@H]1CO'],,,,,
6419,BRD-K45386827,['54624404'],['C[C@@H](CO)N1C[C@H](C)[C@@H](CN(C)C)Oc2cc(ccc2S1(=O)=O)c3ccc(F)cc3'],,,,,
6420,BRD-K45392462,['60184947'],['COc1ccc2c3c([C@@H](CO)N(C[C@]33CN(C3)C(C)=O)C(=O)c3ccncc3)n(C)c2c1'],,,,,
6421,BRD-K45409613,['54649505'],['CO[C@@H]1CC[C@H]2CCN(C)C(=O)[C@H](C)[C@@H](CN(C)C(=O)c3cccc(C#N)c3OC[C@H]1O2)OC'],,,,,
6422,BRD-K45429601,['54652597'],['OC[C@@H]1[C@H]2[C@H](CN(C(=O)Nc3cccc(Cl)c3)c3ccccc23)N1C(=O)c1ccncc1'],,,,,
6423,BRD-K45431864,['54654588'],['COc1cccc(c1)C(=O)Nc1ccc2OC[C@H]3O[C@H](CC(=O)NCCCN4CCOCC4)CC[C@H]3N(C)C(=O)c2c1'],,,,,
6424,BRD-K45437867,['4141'],['Cc1ccc(C[N+](C)(C)C)o1'],,,,,
6425,BRD-K45440108,['54646043'],['COCCNC(=O)C[C@H]1C[C@@H]2[C@@H](Oc3ccc(NC(=O)CN(C)C)cc23)[C@H](CO)O1'],,,,,
6426,BRD-K45442578,['56835226'],['C[C@@H](CO)N1C[C@@H](C)[C@H](CN(C)C(=O)Nc2c(C)noc2C)OCc3ccccc3-c4ccccc4C1=O'],,,,,
6427,BRD-K45443730,['3243760'],['Cc1cccc(c1)n2cnc3cc(ccc23)C(=O)N4CCCCC4'],,,,,
6428,BRD-K45466167,['54661060'],['OC[C@@H]1[C@H]2Cn3c(cccc3=O)[C@@H]([C@H]1C(=O)N1CCOCC1)N2Cc1cccc(Cl)c1'],,,,,
6429,BRD-K45466793,['54661410'],['CN(C)C(=O)[C@@H]1[C@@H](CO)[C@@H]2Cn3c(ccc(C4=CCCC4)c3=O)[C@H]1N2C(=O)Nc1ccccc1'],,,,,
6430,BRD-K45472161,['54666587'],['CC(C)(O)C#Cc1ccc(cc1)[C@H]1[C@H](CO)N2CCCCN(C[C@H]12)S(C)(=O)=O'],,,,,
6431,BRD-K45475981,['54645869'],['COCC(=O)Nc1ccc2O[C@H]3[C@H](C[C@H](CC(=O)NCc4ccc5OCOc5c4)O[C@H]3CO)c2c1'],,,,,
6432,BRD-K45480436,['54653981'],['CN1[C@H]2CC[C@H](CC(=O)NCCCN3CCOCC3)O[C@@H]2COc2ccc(NC(=O)Cc3cccs3)cc2C1=O'],,,,,
6433,BRD-K45485804,['54661025'],['COCC(=O)N1[C@@H]([C@@H](CO)[C@@H]2Cn3c(ccc(C4=CCCCC4)c3=O)[C@H]12)C(=O)N1CCOCC1'],,,,,
6434,BRD-K45496021,['54638545'],['OC[C@@H]1O[C@H](CC(=O)NCc2cc(F)cc(F)c2)C=C[C@H]1NC(=O)c1ccccn1'],,,,,
6435,BRD-K45501379,['54646183'],['COc1ccccc1CNC(=O)C[C@@H]2C[C@H]3[C@H](Oc4ccc(NC(=O)C5CCOCC5)cc34)[C@H](CO)O2'],,,,,
6436,BRD-K45505681,['4787756'],['O=S(=O)(N1CCN(CC1)c1nc(nc2ccccc12)-c1cccs1)c1ccccc1C#N'],,,,,
6437,BRD-K45525014,['54661266'],['CCN1[C@H]([C@H](CO)[C@H]2Cn3c(ccc(-c4cccc(c4)C(=O)N(C)C)c3=O)[C@@H]12)C(=O)N(C)C'],,,,,
6438,BRD-K45532244,['60191322'],['OC[C@H]1[C@H]([C@H]2CNCC(=O)N12)c1ccc(cc1)-c1ccc(cc1)C#N'],,,,,
6439,BRD-K45534781,['60188647'],['OC[C@@H]1Nc2ccc(cc2[C@H]2[C@@H]1CCN2C(=O)C1CCCC1)C1=CCCCC1'],,,,,
6440,BRD-K45542213,['79873'],['C1CNC2=NCCCN2C1'],,,,,
6441,BRD-K45542432,['56835247'],['C[C@@H](CO)N1C[C@H](C)[C@H](CN(C)Cc2ccc(F)cc2)OCc3ccccc3-c4ccccc4C1=O'],,,,,
6442,BRD-K45543414,['54654338'],['CN1[C@H]2CC[C@@H](CC(=O)N[C@@H]3CCN(Cc4ccccc4)C3)O[C@@H]2COc2ccc(NC(=O)c3ccc(F)c(F)c3)cc2C1=O'],,,,,
6443,BRD-K45571747,['54638017'],['C[C@H](CO)N1C[C@H](C)[C@H](CN(C)C(=O)CCN(C)C)OCc2ccccc2-c3c(C1=O)n(C)c4ccccc34'],,,,,
6444,BRD-K45576003,['54651396'],['OC[C@@H]1N[C@@H](CNC(=O)c2cccc(F)c2)[C@@H]1c1ccc(cc1)C1=CCCCC1'],,,,,
6445,BRD-K45582470,['44202276'],['C[C@H](CO)N1C[C@H](C)[C@@H](CN(C)Cc2ccc(Cl)c(Cl)c2)Oc3c(NS(=O)(=O)c4cccs4)cccc3C1=O'],,,,,
6446,BRD-K45591070,['54631438'],['COCC(=O)Nc1ccc2OC[C@H](C)N(C[C@H](C)[C@@H](CN(C)C(=O)c2c1)OC)C(=O)Cc1cccnc1'],,,,,
6447,BRD-K45595662,['54658071'],['O[C@@H]1COC[C@@H]2O[C@H](CC(=O)NCCc3ccccc3)CC[C@H]2N(Cc2ccc(Cl)cc2)C1'],,,,,
6448,BRD-K45601310,['54646580'],['CN(C)CC(=O)Nc1ccc2O[C@H]3[C@H](C[C@H](CC(=O)NCc4cc(F)ccc4F)O[C@H]3CO)c2c1'],,,,,
6449,BRD-K45615006,['54666390'],['OC[C@H]1[C@H]([C@H]2CN(Cc3cncnc3)CCCCN12)c1ccc(cc1)C#CC1(O)CCCC1'],,,,,
6450,BRD-K45627302,['60191105'],['OC[C@H]1[C@H]([C@H]2CN(CC(=O)N12)C(=O)Cc1cccnc1)c1ccc(\\C=C\\c2ccccc2)cc1'],,,,,
6451,BRD-K45656768,['44505750'],['C[C@H](CO)N1C[C@H](C)[C@@H](CN(C)C(=O)c2ccc3ccn(C)c3c2)OCc4cnnn4CCCC1=O'],,,,,
6452,BRD-K45663104,['44485061'],['C[C@@H](CO)N1C[C@H](C)[C@@H](CN(C)C(=O)Nc2cccc(Oc3ccccn3)c2)OCc4cn(CCCC1=O)nn4'],,,,,
6453,BRD-K45675241,['24747219'],['COc1cc(ccc1O)c2cc[n+](C)cc2'],,,,,
6454,BRD-K45680746,['54664995'],['COc1cccc(c1)-c1ccc2N[C@@H](CO)[C@H]3CCN([C@H]3c2c1)C(=O)c1cnccn1'],,,,,
6455,BRD-K45682001,['54638808'],['CN(C)Cc1cn(CC[C@@H]2CC[C@H](NC(=O)Cc3cccnc3)[C@H](CO)O2)nn1'],,,,,
6456,BRD-K45690206,['44616995'],['COc1ccc(CN(C)C[C@H]2OCCCC[C@H](C)Oc3ccc(NC(=O)C4CCCCC4)cc3C(=O)N(C[C@H]2C)[C@H](C)CO)cc1'],,,,,
6457,BRD-K45695271,['44485135'],['CNC[C@H]1OCCCC[C@H](C)Oc2ccc(NS(=O)(=O)c3cccs3)cc2C(=O)N(C[C@@H]1C)[C@H](C)CO'],,,,,
6458,BRD-K45711268,['54638449'],['OC[C@H]1O[C@@H](CC(=O)N2CCC(Cc3ccccc3)CC2)C=C[C@H]1NC(=O)c1cnccn1'],,,,,
6459,BRD-K45713168,['54637794'],['C[C@H](CO)N1C[C@H](C)[C@H](CN(C)Cc2cccc3OCCCOc23)OCc4ccccc4-c5ccccc5C1=O'],,,,,
6460,BRD-K45714982,['56835269'],['C[C@@H](CO)N1C[C@H](C)[C@H](CN(C)C(=O)Nc2ccnc(c2)N3CCOCC3)OCc4ccccc4-c5ccccc5C1=O'],,,,,
6461,BRD-K45723650,['54645987'],['OC[C@H]1O[C@@H](CC(=O)N2CCc3ccccc3C2)C[C@H]4[C@@H]1Oc5ccc(NS(=O)(=O)c6ccc(F)cc6)cc45'],,,,,
6462,BRD-K45735142,['44505046'],['C[C@H](CO)N1C[C@@H](C)[C@@H](CN(C)Cc2ccc3OCCOc3c2)OCc4cn(CCCC1=O)nn4'],,,,,
6463,BRD-K45745416,['56835260'],['C[C@@H](CO)N1C[C@@H](C)[C@H](CN(C)S(=O)(=O)c2cn(C)cn2)OCc3ccccc3-c4c(C1=O)n(C)c5ccccc45'],,,,,
6464,BRD-K45749103,['44487268'],['C[C@@H](CO)N1C[C@H](C)[C@H](CN(C)C(=O)NC2CCCCC2)Oc3ccc(NC(=O)C4CCCCC4)cc3C1=O'],,,,,
6465,BRD-K45759060,['54652697'],['COc1ccccc1CN1[C@@H](CO)[C@@H]2[C@H]1CN(C(=O)c1cccnc1)c1ccccc21'],,,,,
6466,BRD-K45760843,['54651472'],['CN(C[C@H]1[C@H]([C@@H](CO)N1C(C)=O)c1ccc(cc1)-c1ccc(F)cc1)C(C)=O'],,,,,
6467,BRD-K45763312,['44142070'],['CN1CCN(CC1)C2CCN(Cc3ccc(O)c4ncccc34)CC2'],,,,,
6468,BRD-K45785972,['56835391'],['C[C@H](CO)N1C[C@H](C)[C@@H](CN(C)C(=O)NC2CCCCC2)OCc3ccccc3-c4c(C1=O)n(C)c5ccccc45'],,,,,
6469,BRD-K45788890,['44505858'],['C[C@@H](CO)N1C[C@@H](C)[C@@H](CN(C)C(=O)Nc2ccc3OCCOc3c2)OCc4cn(CCCC1=O)nn4'],,,,,
6470,BRD-K45835269,['44618747'],['C[C@H](CO)N1C[C@@H](C)[C@@H](CN(C)C(=O)Nc2ccc(cc2)C(F)(F)F)Oc3ccc(NC(=O)Cc4ccccc4)cc3C1=O'],,,,,
6471,BRD-K45842176,['44511205'],['COc1ccc(cc1)[Si](C)(C)[C@H]2[C@H](C)[C@]3(O[C@@H]2CCn4cc(CCO)nn4)C(=O)N(Cc5cccc(c5)N6CCOC6=O)c7ccccc73'],,,,,
6472,BRD-K45845523,['350555'],['COc1ccc(CC(O)=O)c(OC)c1'],,,,,
6473,BRD-K45845536,['60186644'],['COCC(=O)N1C[C@H]2[C@@H]([C@@H](CO)N2C(=O)C1)c1ccc(cc1)C#CC(C)C'],,,,,
6474,BRD-K45850755,['54649544'],['CO[C@H]1CC[C@@H]2CCOc3c(cccc3C(=O)N(C)C[C@@H](CC(=O)N(C)C[C@@H]1O2)c1ccccc1)C#N'],,,,,
6475,BRD-K45853100,['60191156'],['OC[C@@H]1[C@@H]([C@@H]2CN(CC(=O)N12)C(=O)Cc1cccnc1)c1ccc(cc1)C1=CCCCC1'],,,,,
6476,BRD-K45861923,['54666512'],['OC[C@H]1[C@H]([C@@H]2CN(CCCCN12)C(=O)CN1CCOCC1)c1ccc(Br)cc1'],,,,,
6477,BRD-K45882653,['44506095'],['CNC[C@@H]1OCc2cnnn2CCCC(=O)N(C[C@H]1C)[C@H](C)CO'],,,,,
6478,BRD-K45883686,['54649331'],['CC(C)(C)[S@@](=O)N1Cc2cc(nc(c2[C@H]1CCO)-c1cccc(c1)-c1ccncc1)C(=O)NCc1ccncc1'],,,,,
6479,BRD-K45887240,['54654025'],['CN1[C@@H]2CC[C@@H](CC(O)=O)O[C@H]2COc2ccc(NS(=O)(=O)c3ccccc3C)cc2C1=O'],,,,,
6480,BRD-K45889441,['54666658'],['OC[C@@H]1[C@H]([C@@H]2CN(CCCCN12)C(=O)NC1CCCC1)c1ccc(cc1)-c1cccnc1'],,,,,
6481,BRD-K45891353,['54666617'],['COc1ccc(cc1)-c1ccc(cc1)[C@@H]1[C@@H](CO)N2CCCCN(C[C@@H]12)C(=O)Cc1ccncc1'],,,,,
6482,BRD-K45892018,['54637832'],['C[C@H](CO)N1C[C@H](C)[C@@H](CN(C)S(=O)(=O)c2cccs2)OCc3ccccc3-c4ccccc4C1=O'],,,,,
6483,BRD-K45895591,['9550235'],['CCOC(=O)N1CCC(CC1)NC(=O)c2ccc3SCCN(Cc4ccc(F)cc4)c3c2'],,,,,
6484,BRD-K45907733,['60191231'],['OC[C@@H]1[C@H]([C@@H]2CNCC(=O)N12)c1ccc(Br)cc1'],,,,,
6485,BRD-K45919129,['54639078'],['COc1ccccc1S(=O)(=O)N[C@@H]1CC[C@H](CC(=O)NCc2cccc(F)c2)O[C@@H]1CO'],,,,,
6486,BRD-K45924279,['54654516'],['CN1[C@@H]2CC[C@@H](CC(=O)NCC3CCCCC3)O[C@H]2COc2ccc(NC(=O)C3CCOCC3)cc2C1=O'],,,,,
6487,BRD-K45929778,['54649545'],['CO[C@H]1CC[C@@H]2CCOc3c(cccc3C(=O)N(C)C[C@H](CC(=O)N(C)C[C@@H]1O2)c1ccccc1)C#N'],,,,,
6488,BRD-K45932120,['54650005'],['OC[C@@H]1[C@@H]([C@H](C#N)N1S(=O)(=O)c1ccccc1)c1ccc(cc1)C1=CCCCC1'],,,,,
6489,BRD-K45941745,['54618478'],['COc1ccccc1C#Cc2cnc3O[C@@H](CN(C)S(=O)(=O)c4cn(C)cn4)[C@H](C)CN([C@H](C)CO)C(=O)c3c2'],,,,,
6490,BRD-K45949967,['44489570'],['C[C@H](CO)N1C[C@@H](C)[C@@H](CN(C)C(=O)NC2CCCCC2)Oc3ccc(cc3C1=O)N(C)C'],,,,,
6491,BRD-K45955794,['54652686'],['CCCNC(=O)N1[C@@H](CO)[C@@H]2[C@H]1CN(C(=O)c1cccnc1)c1ccccc21'],,,,,
6492,BRD-K45956042,['60191240'],['OC[C@@H]1[C@H]([C@H]2CN(CC(=O)N12)C(=O)Cc1cccnc1)c1ccc(cc1)C#CC1CCCCC1'],,,,,
6493,BRD-K45966720,['54652507'],['OC[C@@H]1[C@@H]2[C@@H](CN(C(=O)Nc3ccc(Cl)cc3)c3ccccc23)N1C(=O)C1CC1'],,,,,
6494,BRD-K45986013,['60190035'],['CCS(=O)(=O)N1C[C@@]2(C1)CN([C@@H](CO)c1[nH]c3cc(OC)ccc3c21)C(=O)Nc1c(C)noc1C'],,,,,
6495,BRD-K45998529,['54637720'],['C[C@@H](CO)N1C[C@H](C)[C@@H](CN(C)S(=O)(=O)c2ccc(cc2)C(F)(F)F)OCc3ccccc3-c4ccccc4C1=O'],,,,,
6496,BRD-K46003436,['54646293'],['OC[C@@H]1O[C@@H](CC(=O)NCc2cc(F)ccc2F)C[C@@H]3[C@H]1Oc4ccc(NC(=O)Nc5ccc(cc5)C(F)(F)F)cc34'],,,,,
6497,BRD-K46004847,['54651456'],['COCC(=O)N(C)C[C@H]1[C@@H]([C@H](CO)N1C(C)=O)c1ccc(cc1)-c1ccccc1'],,,,,
6498,BRD-K46005840,['54632194'],['CO[C@@H]1CN(C)C(=O)c2ccc(NS(=O)(=O)c3ccccc3C)cc2OC[C@@H](C)N(C)C[C@H]1C'],,,,,
6499,BRD-K46017542,['60138107'],['CCOc1ccc(CCNC(=O)c2ccc(Oc3ccccc3)cc2)cc1OCC'],,,,,
6500,BRD-K46017924,['54661103'],['C[C@@H](NC(=O)[C@@H]1[C@@H](CO)[C@@H]2Cn3c(ccc(-c4ccccc4F)c3=O)[C@H]1N2C)c1ccccc1'],,,,,
6501,BRD-K46028776,['54652649'],['CCC(=O)N1[C@@H](CO)[C@@H]2[C@H]1CN(c1ccccc21)S(=O)(=O)c1ccccc1C'],,,,,
6502,BRD-K46040098,['54639042'],['COc1cccc(CNC(=O)C[C@@H]2CC[C@@H](NC(C)=O)[C@@H](CO)O2)c1'],,,,,
6503,BRD-K46044238,['60185257'],['COc1ccc2c3c([C@H](CO)N(C)C[C@]33CCN(CC3)C(=O)NC(C)C)n(C)c2c1'],,,,,
6504,BRD-K46047563,['54615120'],['C[C@H](CO)N1C[C@@H](C)[C@@H](CN(C)C(=O)CCC(F)(F)F)OCCCC[C@H](C)Oc2ccc(NS(=O)(=O)c3ccc(Cl)cc3)cc2C1=O'],,,,,
6505,BRD-K46065939,['54657982'],['COc1ccccc1CNC(=O)C[C@H]1CC[C@H]2[C@@H](COC[C@@H](O)CN2Cc2cccc(c2)-c2ccncc2)O1'],,,,,
6506,BRD-K46080444,['44488769'],['CC(C)NC(=O)N(C)C[C@@H]1OCCCC[C@@H](C)Oc2ccc(NC(=O)CCCN(C)C)cc2C(=O)N(C[C@@H]1C)[C@@H](C)CO'],,,,,
6507,BRD-K46088987,['54650090'],['OC[C@H]1[C@H]([C@H](C#N)N1C(=O)Cc1ccncc1)c1ccc(cc1)C#Cc1ccc(F)cc1'],,,,,
6508,BRD-K46092809,['54652607'],['OC[C@H]1[C@H]2[C@H](CN(C(=O)Nc3ccccc3F)c3ccccc23)N1C(=O)Cc1cccnc1'],,,,,
6509,BRD-K46096244,['54638806'],['CN(C)Cc1cn(CC[C@H]2CC[C@H](NC(=O)Cc3cccnc3)[C@@H](CO)O2)nn1'],,,,,
6510,BRD-K46098747,['44500855'],['COc1ccc(cc1)S(=O)(=O)N(C)C[C@H]2OCCCC[C@@H](C)Oc3ccc(cc3C(=O)N(C[C@@H]2C)[C@H](C)CO)N(C)C'],,,,,
6511,BRD-K46118045,['54661099'],['CN1[C@H]([C@H](CO)[C@H]2Cn3c(ccc(-c4ccccc4F)c3=O)[C@@H]12)C(=O)NCC(F)(F)F'],,,,,
6512,BRD-K46120075,['54661406'],['C[C@H](NC(=O)[C@@H]1[C@@H](CO)[C@@H]2Cn3c(ccc(C4=CCCCC4)c3=O)[C@H]1N2C(C)=O)c1ccccc1'],,,,,
6513,BRD-K46123637,['54618962'],['C[C@@H](O)C#Cc1ccc2c(O[C@H](CN(C)Cc3ccc(cc3)c4ccccc4)[C@@H](C)CN([C@@H](C)CO)S2(=O)=O)c1'],,,,,
6514,BRD-K46170844,['44142118'],['Clc1ccccc1NC(=O)COC(=O)CNC(=O)c2ccccc2Cl'],,,,,
6515,BRD-K46171293,['44489516'],['COc1ccc(CN(C)C[C@@H]2Oc3ccc(NC(=O)NC(C)C)cc3C(=O)N(C[C@H]2C)[C@H](C)CO)cc1'],,,,,
6516,BRD-K46171503,['44498621'],['C[C@@H](CO)N1C[C@H](C)[C@@H](CN(C)C(=O)CCC(F)(F)F)OCCCC[C@H](C)Oc2ccc(NS(=O)(=O)c3ccc(C)cc3)cc2C1=O'],,,,,
6517,BRD-K46183911,['54666638'],['OC[C@@H]1[C@@H]([C@H]2CN(Cc3cncnc3)CCCCN12)c1ccc(cc1)-c1ccccc1F'],,,,,
6518,BRD-K46184370,['54646645'],['C[C@H](NC(=O)C[C@@H]1C[C@@H]2[C@@H](Oc3ccc(NC(=O)c4cccnc4)cc23)[C@@H](CO)O1)c5ccccc5'],,,,,
6519,BRD-K46185480,['54660690'],['OC[C@@H]1[C@H]2Cn3c(cccc3=O)[C@H]2N(Cc2cccc(F)c2)[C@H]1C(=O)NCC(F)(F)F'],,,,,
6520,BRD-K46192888,['54645975'],['OC[C@@H]1O[C@@H](CC(=O)N2CCOCC2)C[C@@H]3[C@H]1Oc4ccc(NS(=O)(=O)c5ccccc5)cc34'],,,,,
6521,BRD-K46205969,['44486967'],['CC(C)NC(=O)N(C)C[C@H]1OCc2cn(CCCC(=O)N(C[C@H]1C)[C@@H](C)CO)nn2'],,,,,
6522,BRD-K46206861,['54638676'],['CCCNC(=O)N[C@@H]1C=C[C@@H](CC(=O)NCCc2ccccc2)O[C@@H]1CO'],,,,,
6523,BRD-K46232974,['54646637'],['C[C@@H](NC(=O)C[C@@H]1C[C@H]2[C@H](Oc3ccc(NC(=O)c4cccnc4)cc23)[C@@H](CO)O1)c5ccccc5'],,,,,
6524,BRD-K46241566,['54646062'],['COCC(=O)Nc1ccc2O[C@@H]3[C@@H](C[C@H](CC(=O)N[C@@H](C)c4ccccc4)O[C@@H]3CO)c2c1'],,,,,
6525,BRD-K46242161,['54664827'],['OC[C@@H]1Nc2ccc(cc2[C@H]2[C@@H]1CCN2Cc1ccncc1)-c1cccc(F)c1'],,,,,
6526,BRD-K46255814,['44202057'],['COc1ccc(cc1)S(=O)(=O)N(C)C[C@H]2Oc3c(NC(=O)NC4CCCCC4)cccc3C(=O)N(C[C@@H]2C)[C@H](C)CO'],,,,,
6527,BRD-K46261417,['54632125'],['CO[C@H]1CN(C)C(=O)c2ccc(NS(C)(=O)=O)cc2OC[C@@H](C)N(Cc2nccs2)C[C@H]1C'],,,,,
6528,BRD-K46267071,['54650190'],['OC[C@H]1[C@@H]([C@@H](C#N)N1C(=O)Nc1ccc(F)cc1)c1ccc(cc1)-c1cccnc1'],,,,,
6529,BRD-K46268437,['60189086'],['OC[C@@H]1[C@@H]([C@@H]2CNCC(=O)N12)c1ccc(cc1)C1=CCCCC1'],,,,,
6530,BRD-K46273627,['54632152'],['CO[C@H]1CN(C)C(=O)c2cc(NC(=O)C3CCOCC3)ccc2OC[C@H](C)N(CC2CC2)C[C@@H]1C'],,,,,
6531,BRD-K46276961,['54654448'],['COC(=O)C[C@@H]1CC[C@H]2[C@H](COc3ccc(NS(=O)(=O)c4ccccc4Cl)cc3C(=O)N2C)O1'],,,,,
6532,BRD-K46284961,['44485175'],['C[C@H](CO)N1C[C@H](C)[C@@H](CN(C)CC2CC2)Oc3ccc(NC(=O)Nc4ccccc4)cc3CC1=O'],,,,,
6533,BRD-K46285453,['807820'],['Fc1cccc(c1)C(=O)Nc2nc[nH]n2'],,,,,
6534,BRD-K46295497,['44495475'],['CNC[C@H]1OCCCC[C@H](C)Oc2ccc(NC(=O)NC(C)C)cc2C(=O)N(C[C@@H]1C)[C@@H](C)CO'],,,,,
6535,BRD-K46297593,['54666539'],['COc1ccc(cc1)C#Cc1ccc(cc1)[C@@H]1[C@H](CO)N2CCCCN(C)C[C@@H]12'],,,,,
6536,BRD-K46300014,['54646545'],['CN1CCN(CC1)C(=O)C[C@H]2C[C@@H]3[C@@H](Oc4ccc(NC(=O)Cc5ccncc5)cc34)[C@H](CO)O2'],,,,,
6537,BRD-K46319090,['54646244'],['COc1ccc(NC(=O)Nc2ccc3O[C@H]4[C@H](C[C@@H](CC(=O)NCc5ccccn5)O[C@H]4CO)c3c2)cc1'],,,,,
6538,BRD-K46343228,['54649464'],['COc1cccc(CNC(=O)c2cc3CN([C@@H](CCO)c3c(n2)-c2cccc(c2)-c2cccc(c2)C#N)[S@@](=O)C(C)(C)C)c1'],,,,,
6539,BRD-K46352899,['53382758'],['COC(=O)C[C@H]1CC[C@H]2NC[C@@H](O)COC[C@@H]2O1'],,,,,
6540,BRD-K46359800,['54631334'],['CO[C@H]1CN(C)C(=O)c2ccc(NC(=O)c3nc4ccccc4s3)cc2OC[C@H](C)NC[C@H]1C'],,,,,
6541,BRD-K46362951,['44489430'],['C[C@@H](CO)N1C[C@@H](C)[C@H](CN(C)C(=O)NC2CCCCC2)Oc3ccc(cc3C1=O)N(C)C'],,,,,
6542,BRD-K46370825,['44505383'],['C[C@H](CO)N1C[C@H](C)[C@@H](CN(C)C(=O)c2cc(on2)c3ccccc3)OCc4cnnn4CCCC1=O'],,,,,
6543,BRD-K46373671,['44506860'],['C[C@H](CO)N1C[C@@H](C)[C@@H](CN(C)Cc2ccc(cc2)C(=O)Nc3ccccc3N)Oc4c(NC(=O)Nc5ccccc5)cccc4C1=O'],,,,,
6544,BRD-K46373821,['54654176'],['COc1cccc(CNC(=O)C[C@H]2CC[C@H]3[C@H](COc4ccc(NC(=O)c5cccs5)cc4C(=O)N3C)O2)c1'],,,,,
6545,BRD-K46378421,['60185001'],['O=S(=O)(Cc1ccccc1)N1C[C@H]2N[C@@H](C1)[C@H]2c1ccc(cc1)-c1ccc(cc1)C#N'],,,,,
6546,BRD-K46381939,['54650188'],['CCCNC(=O)N1[C@H](CO)[C@H]([C@@H]1C#N)c1ccc(cc1)C1=CCCCC1'],,,,,
6547,BRD-K46384573,['54664837'],['CN1[C@@H](CO)[C@H]2CCN([C@H]2c2cc(Br)ccc12)C(=O)CN1CCOCC1'],,,,,
6548,BRD-K46385262,['54651399'],['CCN(C[C@@H]1N[C@@H](CO)[C@@H]1c1ccc(cc1)C1=CCCC1)C(=O)c1cccnc1'],,,,,
6549,BRD-K46393778,['54660787'],['COC(=O)[C@H]1[C@H](CO)[C@H]2Cn3c(cccc3=O)[C@@H]1N2Cc1nccs1'],,,,,
6550,BRD-K46396728,['54631654'],['CCCNC(=O)Nc1ccc2c(OC[C@@H](C)N(C[C@H](C)[C@H](CN(C)C2=O)OC)C(=O)C2CCOCC2)c1'],,,,,
6551,BRD-K46407773,['54661305'],['CC(=O)N1[C@@H]2Cn3c(cccc3=O)[C@H]1[C@H]([C@@H]2CO)C(=O)NC1CCCC1'],,,,,
6552,BRD-K46416377,['60191433'],['OC[C@H]1[C@H]([C@@H]2CN(CC(=O)N12)C(=O)C1CCC1)c1ccc(Br)cc1'],,,,,
6553,BRD-K46419847,['54631300'],['CO[C@@H]1CN(C)C(=O)c2ccc(NC(=O)c3nc4ccccc4s3)cc2OC[C@H](C)NC[C@H]1C'],,,,,
6554,BRD-K46428287,['44491032'],['C[C@H](CO)N1C[C@H](C)[C@@H](CN(C)C(=O)Nc2ccc(F)cc2)Oc3ccc(NC(=O)C4CC4)cc3C1=O'],,,,,
6555,BRD-K46445327,['44487119'],['C[C@@H](CO)N1C[C@H](C)[C@@H](CN(C)S(=O)(=O)c2ccccc2)Oc3ccc(NC(=O)Nc4ccc(cc4)C(F)(F)F)cc3C1=O'],,,,,
6556,BRD-K46446437,['54649893'],['OC[C@H]1[C@H]([C@@H](C#N)N1C(=O)C1CCCC1)c1ccccc1'],,,,,
6557,BRD-K46447740,['54654280'],['CN1[C@@H]2CC[C@@H](CC(=O)N3CCOCC3)O[C@H]2COc2ccc(NC(=O)c3ccc(F)c(F)c3)cc2C1=O'],,,,,
6558,BRD-K46448313,['54615112'],['COc1ccc(cc1)S(=O)(=O)N(C)C[C@H]2OCCCC[C@@H](C)Oc3ccc(NS(=O)(=O)c4cn(C)cn4)cc3C(=O)N(C[C@H]2C)[C@@H](C)CO'],,,,,
6559,BRD-K46450665,['54618648'],['C/C=C/c1ccc2c(O[C@H](CN(C)C(=O)Cc3cccnc3)[C@@H](C)CN([C@@H](C)CO)S2(=O)=O)c1'],,,,,
6560,BRD-K46473681,['54646359'],['CN(C)c1ccc2O[C@@H]3[C@@H](C[C@@H](CC(=O)NCc4ccccn4)O[C@H]3CO)c2c1'],,,,,
6561,BRD-K46476822,['54666699'],['C[C@@H](O)C#Cc1ccc(cc1)[C@H]1[C@@H](CO)N2CCCCN(C[C@H]12)C(=O)Nc1ccccc1'],,,,,
6562,BRD-K46477974,['54666468'],['C[C@@H](O)C#Cc1ccc(cc1)[C@@H]1[C@H](CO)N2CCCCN(C[C@@H]12)C(=O)c1ccc2OCOc2c1'],,,,,
6563,BRD-K46496627,['44503990'],['C[C@H](CO)N1C[C@@H](C)[C@H](CN(C)Cc2ccncc2)Oc3ccc(NC(=O)Nc4cccc5ccccc45)cc3CC1=O'],,,,,
6564,BRD-K46498981,['54646654'],['COc1ccccc1CNC(=O)C[C@@H]2C[C@@H]3[C@@H](Oc4ccc(NC(=O)c5cccnc5)cc34)[C@H](CO)O2'],,,,,
6565,BRD-K46499837,['44490464'],['C[C@H](CO)N1C[C@@H](C)[C@H](CN(C)C(=O)Nc2ccccc2)OCCCC[C@@H](C)Oc3ccc(NC(=O)C4CCCCC4)cc3C1=O'],,,,,
6566,BRD-K46504268,['60187471'],['COc1ccc2c3c([nH]c2c1)[C@@H](CO)N(C[C@]31CN(Cc2cccnc2)C1)C(=O)CC1CC1'],,,,,
6567,BRD-K46505016,['44494573'],['C[C@H](CO)N1C[C@@H](C)[C@H](CN(C)S(=O)(=O)c2ccccc2)OCCCC[C@H](C)Oc3ccc(NC(=O)CCCN(C)C)cc3C1=O'],,,,,
6568,BRD-K46512534,['60185209'],['COc1ccc2c3c([nH]c2c1)[C@@H](CO)N(Cc1ccc(F)cc1)C[C@]31CCN(C)CC1'],,,,,
6569,BRD-K46512834,['44485803'],['CC(C)NC(=O)Nc1ccc2O[C@H](C)CCCCO[C@H](CN(C)C(=O)Nc3ccccc3)[C@H](C)CN([C@H](C)CO)C(=O)c2c1'],,,,,
6570,BRD-K46522835,['54637907'],['C[C@@H](CO)N1C[C@@H](C)[C@@H](CN(C)C(=O)Cc2ccccc2)OCc3ccccc3-c4c(C1=O)n(C)c5ccccc45'],,,,,
6571,BRD-K46532897,['44495351'],['C[C@@H](CO)N1C[C@@H](C)[C@@H](CN(C)Cc2ccc(Oc3ccccc3)cc2)Oc4c(NC(=O)c5ccncc5)cccc4C1=O'],,,,,
6572,BRD-K46532981,['60190552'],['COc1ccc2c3c([C@H](CO)N(CC4CC4)C[C@]33CCN(CC3)C(=O)Nc3ccc(F)cc3F)n(C)c2c1'],,,,,
6573,BRD-K46533463,['54637823'],['COc1cccc(c1)S(=O)(=O)N(C)C[C@@H]2OCc3ccccc3-c4c(C(=O)N(C[C@H]2C)[C@H](C)CO)n(C)c5ccccc45'],,,,,
6574,BRD-K46544760,['60191399'],['OC[C@@H]1[C@@H]([C@H]2CN(CC(=O)N12)C(=O)c1ccc(F)cc1)c1ccc(cc1)C#CCC1CCCC1'],,,,,
6575,BRD-K46555627,['44492673'],['C[C@H](CO)N1C[C@H](C)[C@@H](CN(C)Cc2ccc(cc2)C(F)(F)F)Oc3ccc(NC(=O)Nc4ccccc4)cc3C1=O'],,,,,
6576,BRD-K46555875,['44142127'],['CCOC(=O)c1cccc(c1)n2cccc2/C=C/3\\NC(=O)N(CC(=O)O)C3=O'],,,,,
6577,BRD-K46558254,['44497281'],['C[C@H](CO)N1C[C@H](C)[C@H](CN(C)C(=O)Nc2ccc(cc2)C(F)(F)F)OCCCC[C@H](C)Oc3ccc(NC(=O)Nc4ccc(F)cc4)cc3C1=O'],,,,,
6578,BRD-K46561506,['54638712'],['CCC(=O)N[C@@H]1CC[C@H](CC(=O)NCc2ccccc2F)O[C@@H]1CO'],,,,,
6579,BRD-K46562045,['60191393'],['COc1ccc(cc1)-c1ccc(cc1)[C@H]1[C@H](CO)N2[C@H]1CN(CC2=O)C(=O)C1CC1'],,,,,
6580,BRD-K46574442,['54650148'],['CC(C)C#Cc1ccc(cc1)[C@@H]1[C@@H](CO)N([C@@H]1C#N)C(=O)c1cccc(F)c1'],,,,,
6581,BRD-K46575753,['54660784'],['COc1ccc(cc1)-c1ccc2[C@@H]3[C@H](Cn2c1=O)[C@@H](CO)[C@@H](N3CC1CCCC1)C(=O)N(C)C'],,,,,
6582,BRD-K46592487,['60191447'],['OC[C@@H]1[C@H]([C@H]2CN(CC(=O)N12)C(=O)c1ccc(F)cc1)c1ccc(cc1)C#CCC1CCCC1'],,,,,
6583,BRD-K46593635,['60191025'],['OC[C@@H]1[C@H]([C@@H]2CN(CC(=O)N12)C(=O)Cc1ccccn1)c1ccc(cc1)C#CCC1CCCC1'],,,,,
6584,BRD-K46594703,['44490336'],['C[C@@H](CO)N1C[C@H](C)[C@@H](CN(C)C(=O)CCC(F)(F)F)OCCCC[C@@H](C)Oc2ccc(NS(=O)(=O)c3ccccc3)cc2C1=O'],,,,,
6585,BRD-K46597784,['54649558'],['CO[C@@H]1CC[C@H]2CCOc3c(cccc3C(=O)N(C)CCCC(=O)N(C)C[C@@H]1O2)C#N'],,,,,
6586,BRD-K46604793,['44483515'],['C[C@H](CO)N1C[C@H](C)[C@H](CN(C)Cc2ccc(Cl)c(Cl)c2)Oc3ccc(NC(=O)CCC(F)(F)F)cc3C1=O'],,,,,
6587,BRD-K46610687,['54615051'],['CC(C)NC(=O)Nc1ccc2O[C@@H](C)CCCCO[C@H](CN(C)CC3CCCCC3)[C@H](C)CN([C@H](C)CO)C(=O)c2c1'],,,,,
6588,BRD-K46625537,['44484785'],['C[C@@H](CO)N1C[C@@H](C)[C@@H](CN(C)CC2CCCCC2)Oc3ccc(NC(=O)Nc4ccc(F)cc4)cc3C1=O'],,,,,
6589,BRD-K46629170,['54615031'],['COc1ccc(CN(C)C[C@@H]2OCCCC[C@@H](C)Oc3ccc(NC(=O)C4CCCCC4)cc3C(=O)N(C[C@H]2C)[C@H](C)CO)cc1'],,,,,
6590,BRD-K46643133,['54652443'],['OC[C@H]1[C@@H]2[C@@H](CNc3ccccc23)N1S(=O)(=O)c1ccccc1'],,,,,
6591,BRD-K46645809,['44142053'],['C(Nc1ncnc2ccc(cc12)c3ccc4OCCOc4c3)c5ccc6OCOc6c5'],,,,,
6592,BRD-K46653995,['54632042'],['CO[C@@H]1CN(C)C(=O)c2ccc(NC(=O)Nc3cccc(F)c3)cc2OC[C@H](C)NC[C@@H]1C'],,,,,
6593,BRD-K46658587,['54618600'],['C[C@H](CO)N1C[C@H](C)[C@@H](CN(C)Cc2cncnc2)Oc3cc(C#CC4CCCC4)ccc3S1(=O)=O'],,,,,
6594,BRD-K46661156,['54654267'],['C[C@H](NC(=O)C[C@H]1CC[C@@H]2[C@H](COc3ccc(NS(=O)(=O)c4ccc(Cl)cc4)cc3C(=O)N2C)O1)c1ccccc1'],,,,,
6595,BRD-K46663433,['54618536'],['C[C@H](CO)N1C[C@@H](C)[C@@H](CN(C)C(=O)c2ccncc2)Oc3ncc(cc3C1=O)c4ccc(cc4)C(=O)N(C)C'],,,,,
6596,BRD-K46666779,['44486993'],['CC(C)NC(=O)Nc1ccc2O[C@@H](C)CCCCO[C@@H](CN(C)Cc3ccccc3)[C@@H](C)CN([C@H](C)CO)C(=O)c2c1'],,,,,
6597,BRD-K46670060,['54660731'],['OC[C@@H]1[C@H]2Cn3c(cccc3=O)[C@H]2N([C@H]1C(=O)NCC1CCCCC1)C(=O)CC1CC1'],,,,,
6598,BRD-K46674611,['60184577'],['C[C@@H](CO)N1C[C@@H](C)[C@H](CN(C)Cc2cccc(F)c2)OCc3ccccc3-c4c(C1=O)n(C)c5ccccc45'],,,,,
6599,BRD-K46681113,['46937231'],['OC(c1cn(nn1)C(=O)N1CCC(Cc2ccccc2)CC1)(c1ccccc1)c1ccccc1'],,,,,
6600,BRD-K46692335,['44483980'],['C[C@H](CO)N1C[C@@H](C)[C@H](CN(C)C(=O)Nc2cccc3ccccc23)OCCCC[C@@H](C)Oc4ccc(NC(=O)c5ccncc5)cc4C1=O'],,,,,
6601,BRD-K46707147,['54666551'],['OC[C@@H]1[C@H]([C@@H]2CN(CCCCN12)C(=O)c1cccc(F)c1)c1ccc(cc1)C#CC1(O)CCCC1'],,,,,
6602,BRD-K46707574,['44487605'],['C[C@@H](CO)N1C[C@@H](C)[C@H](CN(C)Cc2ccc(cc2)c3ccccc3)Oc4ccc(NS(=O)(=O)C)cc4CC1=O'],,,,,
6603,BRD-K46707636,['54638241'],['OC[C@H]1O[C@@H](CCNC(=O)c2ccc3OCOc3c2)CC[C@H]1NS(=O)(=O)c1ccc(Cl)cc1'],,,,,
6604,BRD-K46709181,['54638633'],['CC(C)c1cn(CC[C@H]2CC[C@@H](NC(=O)C3CC3)[C@H](CO)O2)nn1'],,,,,
6605,BRD-K46714753,['54638418'],['OC[C@H]1O[C@@H](CC(=O)NCC(F)(F)F)C=C[C@@H]1NC(=O)CC1CC1'],,,,,
6606,BRD-K46718584,['54618515'],['C[C@H](CO)N1C[C@H](C)[C@H](CN(C)C(=O)Cc2ccccn2)Oc3ncc(cc3C1=O)c4ccc(F)cc4'],,,,,
6607,BRD-K46732958,['54654056'],['CN1[C@H]2CC[C@@H](CC(=O)NCc3ccc4OCOc4c3)O[C@@H]2COc2ccc(NC(=O)c3ccccc3F)cc2C1=O'],,,,,
6608,BRD-K46734661,['54654526'],['COC(=O)C[C@@H]1CC[C@H]2[C@H](COc3ccc(NC(=O)c4ccccc4F)cc3C(=O)N2C)O1'],,,,,
6609,BRD-K46746423,['54654173'],['COc1cccc(CNC(=O)C[C@@H]2CC[C@@H]3[C@@H](COc4ccc(NC(=O)c5cccs5)cc4C(=O)N3C)O2)c1'],,,,,
6610,BRD-K46746428,['60185271'],['COc1ccc2c3c([C@@H](CO)NC[C@]33CCN(Cc4cc(F)ccc4F)CC3)n(C)c2c1'],,,,,
6611,BRD-K46751125,['54661274'],['COc1ccc(cc1)-c1ccc2[C@H]3[C@@H](Cn2c1=O)[C@H](CO)[C@H](N3S(C)(=O)=O)C(=O)NC1CCC1'],,,,,
6612,BRD-K46760727,['46904257'],['C[C@@H](CO)N1C[C@@H](C)[C@@H](CN(C)Cc2ccc(Oc3ccccc3)cc2)Oc4ncc(Br)cc4C1=O'],,,,,
6613,BRD-K46766834,['54650145'],['CC(C)C#Cc1ccc(cc1)[C@H]1[C@@H](CO)N([C@H]1C#N)C(=O)c1cccc(F)c1'],,,,,
6614,BRD-K46769156,['44502996'],['COc1ccc(CN(C)C[C@H]2Oc3ccc(NC(=O)NC4CCCCC4)cc3CC(=O)N(C[C@H]2C)[C@H](C)CO)cc1'],,,,,
6615,BRD-K46791751,['54626159'],['C[C@@H](CO)N1C[C@@H](C)[C@@H](CN(C)Cc2ccc(F)cc2)Oc3ncc(C#CCN(C)C)cc3C1=O'],,,,,
6616,BRD-K46792957,['54631442'],['CO[C@@H]1CN(C)C(=O)c2cc(NS(=O)(=O)CC(F)(F)F)ccc2OC[C@H](C)N(Cc2nccs2)C[C@@H]1C'],,,,,
6617,BRD-K46796516,['54638260'],['OC[C@@H]1O[C@H](CC(=O)NCc2ccc3OCOc3c2)C=C[C@@H]1NC(=O)Nc1cc(F)ccc1F'],,,,,
6618,BRD-K46807184,['44488156'],['C[C@@H](CO)N1C[C@@H](C)[C@@H](CN(C)C(=O)Nc2ccccc2C(F)(F)F)OCc3cn(CCCC1=O)nn3'],,,,,
6619,BRD-K46808525,['60184833'],['COc1ccccc1-c1ccc(cc1)[C@@H]1[C@H]2CN(Cc3cccc(F)c3)C[C@@H]1N2'],,,,,
6620,BRD-K46810582,['54653993'],['CN1[C@@H]2CC[C@@H](CC(=O)NCc3ccc(Cl)c(Cl)c3)O[C@@H]2COc2ccc(NC(=O)c3cscn3)cc2C1=O'],,,,,
6621,BRD-K46815185,['60189891'],['C\\C=C\\c1ccc(cc1)[C@@H]1[C@H](CO)N(C(=O)c2cnccn2)C11CN(C1)C(C)=O'],,,,,
6622,BRD-K46815273,['71759329'],['COc1ccc2c3c([C@@H](CO)N(Cc4nccs4)C[C@]33CCN(CC4CCCC4)CC3)n(C)c2c1'],,,,,
6623,BRD-K46836114,['182362'],['Oc1ccc(cc1)c2cc(=O)c3cc(O)ccc3o2'],,,,,
6624,BRD-K46849403,['44489465'],['C[C@@H](CO)N1C[C@@H](C)[C@H](CN(C)Cc2ccc(Cl)c(Cl)c2)Oc3ccc(NC(=O)CCN4CCOCC4)cc3C1=O'],,,,,
6625,BRD-K46869836,['25243736'],['C[C@H]1CN(CCN1S(=O)(=O)c2c(F)cccc2F)S(=O)(=O)c3ccc4OCCOc4c3'],,,,,
6626,BRD-K46911271,['44491956'],['C[C@H](CO)N1C[C@@H](C)[C@@H](CN(C)Cc2ccncc2)Oc3c(NC(=O)Nc4c(C)noc4C)cccc3C1=O'],,,,,
6627,BRD-K46920162,['54646691'],['OC[C@@H]1O[C@@H](CC(=O)NCc2ccc(Cl)cc2)C[C@@H]3[C@H]1Oc4ccc(NC(=O)Nc5ccc(cc5)C(F)(F)F)cc34'],,,,,
6628,BRD-K46922721,['54660991'],['CCCN1[C@@H]([C@@H](CO)[C@@H]2Cn3c(ccc(-c4cncnc4)c3=O)[C@H]12)C(=O)OC'],,,,,
6629,BRD-K46932228,['54651440'],['CCC(=O)N(C)C[C@@H]1[C@H]([C@H](CO)N1C(=O)NC(C)C)c1ccc(cc1)\\C=C\\C'],,,,,
6630,BRD-K46943684,['54666656'],['OC[C@@H]1[C@H]([C@H]2CN(CCCCN12)C(=O)NC1CCCC1)c1ccc(cc1)-c1cccnc1'],,,,,
6631,BRD-K46959535,['54631301'],['CO[C@H]1CN(C)C(=O)c2cc(NS(=O)(=O)c3ccc(C)cc3)ccc2OC[C@H](C)N(C[C@@H]1C)C(=O)NC(C)C'],,,,,
6632,BRD-K46961308,['1262839'],['COc1cccc2cc(oc12)c3nnc(SCC(=O)Nc4cccc(Br)c4)n3C'],,,,,
6633,BRD-K46965430,['54658059'],['CCNC(=O)C[C@H]1CC[C@@H]2[C@H](COC[C@H](O)CN2Cc2ccncc2)O1'],,,,,
6634,BRD-K46980879,['54631575'],['CO[C@@H]1CN(C)C(=O)c2ccc(NS(=O)(=O)c3ccc(Oc4ccccc4)cc3)cc2OC[C@H](C)NC[C@@H]1C'],,,,,
6635,BRD-K46989099,['54654402'],['COc1ccc(cc1)C(=O)Nc1ccc2OC[C@@H]3O[C@H](CC(=O)NCC4CC4)CC[C@@H]3N(C)C(=O)c2c1'],,,,,
6636,BRD-K46998548,['60185035'],['COc1ccc2c3c([nH]c2c1)[C@H](CO)N(C[C@]31CN(C1)C(=O)c1ccccc1F)C(=O)Nc1ccc(F)cc1'],,,,,
6637,BRD-K46999092,['54664825'],['COc1cccc(c1)-c1ccc2N[C@H](CO)[C@@H]3CCN([C@@H]3c2c1)S(=O)(=O)c1ccccc1C'],,,,,
6638,BRD-K47002284,['54654228'],['CN1[C@H]2CC[C@@H](CC(=O)N3CCc4ccccc4C3)O[C@@H]2COc2ccc(NS(=O)(=O)c3cccc(F)c3)cc2C1=O'],,,,,
6639,BRD-K47006988,['54637921'],['C[C@H](CO)N1C[C@@H](C)[C@@H](CN(C)C(=O)Nc2ccc(F)cc2)OCc3ccccc3-c4c(C1=O)n(C)c5ccccc45'],,,,,
6640,BRD-K47014407,['54664921'],['OC[C@@H]1Nc2ccc(Br)cc2[C@H]2[C@@H]1CCN2C(=O)c1ccccc1F'],,,,,
6641,BRD-K47018052,['54638752'],['OC[C@H]1O[C@H](CCNC(=O)CCN2CCCCC2)CC[C@@H]1NS(=O)(=O)c1cccc(Cl)c1'],,,,,
6642,BRD-K47024121,['54654577'],['COc1ccccc1C(=O)Nc1ccc2OC[C@@H]3O[C@H](CC(=O)NCCc4ccncc4)CC[C@@H]3N(C)C(=O)c2c1'],,,,,
6643,BRD-K47029744,['54650129'],['OC[C@H]1[C@H]([C@@H](C#N)N1S(=O)(=O)c1ccc(F)cc1)c1ccccc1'],,,,,
6644,BRD-K47033137,['54666620'],['COc1ccc(cc1)S(=O)(=O)N1CCCCN2[C@@H](CO)[C@H]([C@H]2C1)c1ccc(cc1)\\C=C\\C'],,,,,
6645,BRD-K47036878,['54637989'],['C[C@H](CO)N1C[C@@H](C)[C@@H](CN(C)C)OCc2ccccc2-c3ccccc3C1=O'],,,,,
6646,BRD-K47037681,['54652610'],['OC[C@@H]1[C@H]2[C@H](CN(C(=O)Nc3ccccc3F)c3ccccc23)N1C(=O)Cc1cccnc1'],,,,,
6647,BRD-K47064511,['54646261'],['OC[C@H]1O[C@@H](CC(=O)NCCN2CCCCC2)C[C@H]3[C@@H]1Oc4ccc(NC(=O)Nc5ccccc5)cc34'],,,,,
6648,BRD-K47070211,['54660936'],['OC[C@@H]1[C@H]2Cn3c(cccc3=O)[C@H]2N([C@H]1C(=O)NC1Cc2ccccc2C1)C(=O)c1cnccn1'],,,,,
6649,BRD-K47071092,['56835591'],['CCOC(=O)c1cc2CN([C@@H](CCO)c2c(n1)c3cccc(c3)c4cccc(OC)c4)S(=O)C(C)(C)C'],,,,,
6650,BRD-K47077178,['54619492'],['CNC[C@@H]1Oc2ncc(cc2C(=O)N(C[C@@H]1C)[C@@H](C)CO)c3ccc(OC)cc3'],,,,,
6651,BRD-K47078472,['54632127'],['CO[C@H]1CN(C)C(=O)c2cc(NS(=O)(=O)Cc3ccccc3)ccc2OC[C@@H](C)NC[C@H]1C'],,,,,
6652,BRD-K47081163,['54615086'],['C[C@@H](CO)N1C[C@@H](C)[C@H](CN(C)CC2CC2)OCCCC[C@@H](C)Oc3ccc(NC(=O)CCC(F)(F)F)cc3C1=O'],,,,,
6653,BRD-K47084999,['973891'],['Cc1ccc(Nc2nc(=O)c3cccnc3s2)cc1'],,,,,
6654,BRD-K47094330,['54646626'],['COC(=O)C[C@@H]1C[C@H]2[C@H](Oc3ccc(NC(=O)NC4CCCC4)cc23)[C@H](CO)O1'],,,,,
6655,BRD-K47102646,['54645963'],['COCC(=O)Nc1ccc2O[C@@H]3[C@@H](C[C@@H](CC(=O)N4CCOCC4)O[C@@H]3CO)c2c1'],,,,,
6656,BRD-K47105324,['49842945'],['C[C@@H](CO)N1C[C@@H](C)[C@H](CN(C)CC2CC2)OCCCC[C@H](C)Oc3ccc(NS(=O)(=O)c4cn(C)cn4)cc3C1=O'],,,,,
6657,BRD-K47105955,['54646533'],['COCC(=O)Nc1ccc2O[C@@H]3[C@@H](C[C@H](CC(=O)NCc4cccnc4)O[C@H]3CO)c2c1'],,,,,
6658,BRD-K47119747,['54631356'],['CO[C@@H]1CN(C)C(=O)c2ccc(NC(=O)C3CCOCC3)cc2OC[C@@H](C)NC[C@@H]1C'],,,,,
6659,BRD-K47121420,['54646442'],['OC[C@H]1O[C@@H](CC(=O)NCc2ccc(Oc3ccccc3)cc2)C[C@@H]4[C@H]1Oc5ccc(NC(=O)C6CCOCC6)cc45'],,,,,
6660,BRD-K47128441,['708538'],['Nn1c(=O)c(Cc2ccco2)n[nH]c1=S'],,,,,
6661,BRD-K47131467,['54637748'],['C[C@@H](CO)N1C[C@@H](C)[C@@H](CN(C)S(=O)(=O)c2cccc(C#N)c2)OCc3ccccc3-c4ccccc4C1=O'],,,,,
6662,BRD-K47147974,['44460111'],['Clc1ccsc1C(=O)OCC#CCSc1nnc(o1)-c1cccc2ccccc12'],,,,,
6663,BRD-K47156219,['44495443'],['C[C@@H](CO)N1C[C@@H](C)[C@@H](CN(C)Cc2ccc(cc2)C(F)(F)F)OCc3cn(CCCC1=O)nn3'],,,,,
6664,BRD-K47163377,['44501097'],['C[C@H](CO)N1C[C@H](C)[C@H](CN(C)Cc2ccccc2)OCCCC[C@@H](C)Oc3ccc(NC(=O)c4ccncc4)cc3C1=O'],,,,,
6665,BRD-K47170156,['60187952'],['OC[C@H]1Nc2ccc(cc2[C@@H]2[C@H]1CCN2C(=O)C1CCC1)-c1ccc(cc1)C#N'],,,,,
6666,BRD-K47173028,['54638289'],['C[C@H](NC(=O)C[C@H]1O[C@H](CO)[C@@H](NC(=O)Cc2ccccn2)C=C1)c1ccccc1'],,,,,
6667,BRD-K47204106,['54661425'],['CN(C)C(=O)c1cccc(c1)-c1ccc2[C@H]3N[C@H]([C@H](CO)[C@H]3Cn2c1=O)C(=O)NCC1CC1'],,,,,
6668,BRD-K47214596,['54638253'],['CC(C)NC(=O)NCC[C@H]1CC[C@H](NC(=O)CCN2CCCCC2)[C@@H](CO)O1'],,,,,
6669,BRD-K47228813,['54657631'],['O[C@H]1COC[C@H]2O[C@@H](CC(=O)NC3Cc4ccccc4C3)CC[C@@H]2N(C1)C(=O)Cc1ccccc1'],,,,,
6670,BRD-K47234370,['54649892'],['OC[C@@H]1[C@H]([C@H](C#N)N1C(=O)C1CCCC1)c1ccccc1'],,,,,
6671,BRD-K47261397,['54657673'],['O[C@H]1CN[C@H]2CC[C@@H](CC(=O)Nc3ccc(cc3)-c3ccccc3)O[C@@H]2COC1'],,,,,
6672,BRD-K47284302,['54658046'],['Cc1ccccc1S(=O)(=O)N1C[C@H](O)COC[C@@H]2O[C@H](CC(=O)NCc3ccccc3Cl)CC[C@@H]12'],,,,,
6673,BRD-K47295867,['54614988'],['CC(C)NC(=O)Nc1ccc2O[C@H](C)CCCCO[C@H](CN(C)C(=O)CCC(F)(F)F)[C@H](C)CN([C@H](C)CO)C(=O)c2c1'],,,,,
6674,BRD-K47301880,['44496035'],['CC(C)NC(=O)N(C)C[C@@H]1OCCCC[C@H](C)Oc2ccc(NC(=O)Nc3ccccc3)cc2C(=O)N(C[C@H]1C)[C@@H](C)CO'],,,,,
6675,BRD-K47303556,['54658062'],['CCNC(=O)C[C@@H]1CC[C@H]2[C@@H](COC[C@@H](O)CN2Cc2ccncc2)O1'],,,,,
6676,BRD-K47324077,['44142155'],['CC(=O)N1CCN(CC1)c2ccc(NCc3ccc(Br)o3)cc2'],,,,,
6677,BRD-K47327334,['60185000'],['CCCNC(=O)N1C[C@H]2N[C@@H](C1)[C@@H]2c1ccc(cc1)-c1ccccc1C'],,,,,
6678,BRD-K47342144,['60184882'],['CN(C)C(=O)c1cccc(c1)-c1ccc(cc1)[C@@H]1[C@H]2CN(Cc3ccccc3F)C[C@@H]1N2'],,,,,
6679,BRD-K47366586,['54638429'],['CN(C)CCCNC(=O)C[C@@H]1O[C@H](CO)[C@@H](NC(=O)Nc2c(C)noc2C)C=C1'],,,,,
6680,BRD-K47368357,['54638815'],['COCC(=O)N[C@@H]1C=C[C@@H](O[C@H]1CO)CC(=O)NCc1ccc(Cl)cc1'],,,,,
6681,BRD-K47378397,['44492700'],['CC(C)NC(=O)Nc1ccc2O[C@@H](CN(C)S(=O)(=O)C)[C@H](C)CN([C@@H](C)CO)C(=O)c2c1'],,,,,
6682,BRD-K47380281,['44485746'],['C[C@H](CO)N1C[C@@H](C)[C@H](CN(C)C(=O)c2ccc3ccn(C)c3c2)OCc4cn(CCCC1=O)nn4'],,,,,
6683,BRD-K47394228,['44487592'],['CC(C)NC(=O)N(C)C[C@@H]1OCCCC[C@@H](C)Oc2ccc(NC(=O)CCCN(C)C)cc2C(=O)N(C[C@H]1C)[C@H](C)CO'],,,,,
6684,BRD-K47396627,['54615043'],['C[C@@H](CO)N1C[C@@H](C)[C@H](CN(C)Cc2ccccc2)OCCCC[C@@H](C)Oc3ccc(NC(=O)c4ccncc4)cc3C1=O'],,,,,
6685,BRD-K47407883,['54650007'],['OC[C@@H]1[C@H]([C@@H](C#N)N1S(=O)(=O)c1ccccc1)c1ccc(cc1)C1=CCCCC1'],,,,,
6686,BRD-K47419679,['54614400'],['C[C@H](CO)N1C[C@H](C)[C@@H](CN(C)Cc2ccc(cc2)C(=O)O)Oc3ccc(NC(=O)Nc4ccc(cc4)C(F)(F)F)cc3CC1=O'],,,,,
6687,BRD-K47423282,['54661400'],['COc1cccc(c1)-c1ccc2[C@@H]3N[C@@H]([C@@H](CO)[C@@H]3Cn2c1=O)C(=O)NC1Cc2ccccc2C1'],,,,,
6688,BRD-K47436535,['44617171'],['COc1ccc(NC(=O)Nc2ccc3O[C@H](C)CCCCO[C@@H](CN(C)Cc4ccc(Cl)c(Cl)c4)[C@H](C)CN([C@@H](C)CO)C(=O)c3c2)cc1'],,,,,
6689,BRD-K47443018,['54666669'],['CN1CCCCN2[C@@H](CO)[C@H]([C@@H]2C1)c1ccc(cc1)-c1ccc(F)cc1'],,,,,
6690,BRD-K47448802,['650899'],['CCOC(=O)N1CCC(CC1)NCCNC(=O)c2ccccc2'],,,,,
6691,BRD-K47463456,['71759441'],['COc1ccc2c3c([nH]c2c1)[C@H](CO)N(C[C@]31CCN(CC1)C(=O)Nc1ccccc1)S(C)(=O)=O'],,,,,
6692,BRD-K47490989,['44142126'],['Fc1cccc(F)c1S(=O)(=O)N2C[C@@H]3C[C@H]2CN3S(=O)(=O)c4ccc5OCCOc5c4'],,,,,
6693,BRD-K47497589,['44486974'],['C[C@H](CO)N1C[C@@H](C)[C@@H](CN(C)Cc2ccc3cccnc3c2)OCc4cn(CCCC1=O)nn4'],,,,,
6694,BRD-K47499097,['54618488'],['C[C@@H](CO)N1C[C@@H](C)[C@H](CN(C)C(=O)c2ccncc2)Oc3ncc(cc3C1=O)c4ccc(cc4)C(=O)N(C)C'],,,,,
6695,BRD-K47501069,['54631487'],['COCC(=O)Nc1ccc2OC[C@H](C)N(C[C@@H](C)[C@H](CN(C)C(=O)c2c1)OC)C(=O)Cc1cccnc1'],,,,,
6696,BRD-K47505626,['60191160'],['CC(C)CC#Cc1ccc(cc1)[C@H]1[C@@H](CO)N2[C@H]1CN(CC2=O)C(=O)c1cccc(F)c1'],,,,,
6697,BRD-K47512679,['60189879'],['COc1ccc2c3c([C@@H](CO)N(Cc4cc(F)ccc4F)C[C@]33CN(C3)C(=O)C3CC3)n(C)c2c1'],,,,,
6698,BRD-K47514459,['54632075'],['COCC(=O)Nc1ccc2OC[C@H](C)N(Cc3cc(F)ccc3F)C[C@H](C)[C@@H](CN(C)C(=O)c2c1)OC'],,,,,
6699,BRD-K47519681,['54664890'],['CN1[C@H](CO)[C@H]2CCN([C@H]2c2cc(Br)ccc12)C(=O)Nc1ccccc1F'],,,,,
6700,BRD-K47520858,['44505761'],['COc1ccc(OC(=O)N(C)C[C@H]2OCc3cnnn3CCCC(=O)N(C[C@H]2C)[C@@H](C)CO)cc1'],,,,,
6701,BRD-K47533800,['44495043'],['C[C@@H](CO)N1C[C@@H](C)[C@H](CN(C)C)OCCCC[C@@H](C)Oc2ccc(NC(=O)Nc3ccc(cc3)C(F)(F)F)cc2C1=O'],,,,,
6702,BRD-K47533918,['54654288'],['CN1[C@H]2CC[C@H](CC(=O)NC3Cc4ccccc4C3)O[C@H]2COc2ccc(NC(=O)c3ccc(cc3)C(F)(F)F)cc2C1=O'],,,,,
6703,BRD-K47535255,['73707556'],['CCOC(=O)NCCc1ccc(OC(=O)OCC)c(OC(=O)OCC)c1'],,,,,
6704,BRD-K47539505,['44489845'],['C[C@@H](CO)N1C[C@H](C)[C@H](CN(C)C)OCCCC[C@H](C)Oc2ccc(NS(=O)(=O)c3cn(C)cn3)cc2C1=O'],,,,,
6705,BRD-K47543154,['54652672'],['CN1C[C@@H]2[C@@H]([C@@H](CO)N2S(=O)(=O)c2ccccc2)c2ccccc12'],,,,,
6706,BRD-K47549778,['60184994'],['COc1ccc2c3c([nH]c2c1)[C@@H](CO)N(C[C@]31CCN(CC1)C(=O)Nc1ccc(F)cc1F)C(C)=O'],,,,,
6707,BRD-K47551852,['54657605'],['O[C@H]1COC[C@@H]2O[C@@H](CC(=O)Nc3ccc(cc3)-c3ccccc3)CC[C@H]2N(Cc2ccc3OCOc3c2)C1'],,,,,
6708,BRD-K47558670,['44502838'],['C[C@@H](CO)N1C[C@@H](C)[C@@H](CN(C)Cc2ccc(cc2)C(F)(F)F)Oc3ccc(NC(=O)Nc4ccccc4)cc3CC1=O'],,,,,
6709,BRD-K47569804,['54638616'],['OC[C@@H]1O[C@H](CCNC(=O)Nc2ccc(cc2)C(F)(F)F)CC[C@@H]1NC(=O)c1cccnc1'],,,,,
6710,BRD-K47570616,['54649347'],['CC(C)(C)[S@@](=O)N1Cc2cc(nc(c2[C@H]1CCO)-c1cccc(c1)-c1cccc(F)c1)C(=O)NCC(F)(F)F'],,,,,
6711,BRD-K47571551,['44505593'],['C[C@H](CO)N1C[C@@H](C)[C@@H](CN(C)C(=O)NC2CCCCC2)OCc3cn(CCCC1=O)nn3'],,,,,
6712,BRD-K47574438,['54657524'],['CCCNC(=O)N1C[C@@H](O)COC[C@@H]2O[C@@H](CC(O)=O)CC[C@@H]12'],,,,,
6713,BRD-K47586560,['44619021'],['C[C@H](CO)N1C[C@H](C)[C@H](CN(C)Cc2ccccc2)OCCCC[C@H](C)Oc3ccc(NC(=O)c4ccncc4)cc3C1=O'],,,,,
6714,BRD-K47587697,['54638536'],['OC[C@@H]1O[C@@H](CC(=O)N2CCc3ccccc3C2)C=C[C@H]1NC(=O)C1CC1'],,,,,
6715,BRD-K47588363,['60191444'],['OC[C@H]1[C@@H]([C@H]2CN(CC(=O)N12)C(=O)c1ccc(F)cc1)c1ccc(cc1)C#CCC1CCCC1'],,,,,
6716,BRD-K47597660,['54651202'],['CC(C)CN(C[C@@H]1[C@H]([C@@H](CO)N1C(C)=O)c1ccccc1)C(=O)c1ccccn1'],,,,,
6717,BRD-K47611269,['44490912'],['C[C@H](CO)N1C[C@H](C)[C@@H](CN(C)C)OCCCC[C@H](C)Oc2ccc(NS(=O)(=O)c3cn(C)cn3)cc2C1=O'],,,,,
6718,BRD-K47630323,['44486998'],['CC(C)NC(=O)N(C)C[C@H]1OCCCC[C@H](C)Oc2ccc(NC(=O)CCCN(C)C)cc2C(=O)N(C[C@H]1C)[C@@H](C)CO'],,,,,
6719,BRD-K47636932,['54615075'],['COc1ccc(NC(=O)Nc2ccc3O[C@H](C)CCCCO[C@H](CN(C)CC4CC4)[C@@H](C)CN([C@H](C)CO)C(=O)c3c2)cc1'],,,,,
6720,BRD-K47662318,['60189846'],['CC(=O)N1CC2(C1)[C@@H]([C@@H](CO)N2CC1CC1)c1ccc(cc1)-c1ccc(F)cc1'],,,,,
6721,BRD-K47663354,['54661109'],['COc1ccccc1-c1ccc2[C@H]3[C@@H](Cn2c1=O)[C@H](CO)[C@H](N3C)C(=O)N1CCCCC1'],,,,,
6722,BRD-K47664103,['54660825'],['OC[C@@H]1[C@H]2Cn3c(cccc3=O)[C@@H]([C@H]1C(=O)NCCN1CCCC1)N2C(=O)c1ccccc1'],,,,,
6723,BRD-K47681666,['54660718'],['C[C@H](NC(=O)[C@@H]1N[C@H]2[C@H](Cn3c2ccc(C2=CCCC2)c3=O)[C@H]1CO)c1ccccc1'],,,,,
6724,BRD-K47686295,['54638483'],['C[C@@H](NC(=O)C[C@@H]1CC[C@H](NS(=O)(=O)c2cccc(F)c2)[C@H](CO)O1)c1ccccc1'],,,,,
6725,BRD-K47686314,['54651261'],['CCN(C[C@H]1[C@@H]([C@H](CO)N1CC1CC1)c1ccc(cc1)C1=CCCCC1)C(C)=O'],,,,,
6726,BRD-K47690943,['44490959'],['C[C@H](CO)N1C[C@@H](C)[C@H](CN(C)C(=O)CCC(F)(F)F)OCCCC[C@@H](C)Oc2ccc(NS(=O)(=O)c3ccccc3)cc2C1=O'],,,,,
6727,BRD-K47691029,['54638423'],['CN(C)CCCNC(=O)C[C@H]1O[C@H](CO)[C@H](NC(=O)Nc2c(C)noc2C)C=C1'],,,,,
6728,BRD-K47692589,['60188272'],['Cc1ccccc1S(=O)(=O)N1C[C@H]2N[C@@H](C1)[C@@H]2c1ccc(cc1)-c1ccc(cc1)C#N'],,,,,
6729,BRD-K47695085,['60138092'],['O=C1CCc2cc(ccc2N1)S(=O)(=O)Nc1ccc2OCCOc2c1'],,,,,
6730,BRD-K47703442,['5286678'],['FC(F)(F)c1cccc(NC(=O)CSc2nnc3c4ccccc4[nH]c3n2)c1'],,,,,
6731,BRD-K47709646,['3104706'],['CCCCC1CCC(CC1)c2ccc(cc2)C(=O)O'],,,,,
6732,BRD-K47724214,['54620005'],['CCCN(C)C[C@@H]1Oc2cc(ccc2S(=O)(=O)N(C[C@@H]1C)[C@H](C)CO)c3ccc(C#N)cc3'],,,,,
6733,BRD-K47724900,['54632025'],['CO[C@H]1CN(C)C(=O)c2ccc(NC(C)=O)cc2OC[C@@H](C)N(Cc2ccccc2F)C[C@@H]1C'],,,,,
6734,BRD-K47727686,['54652710'],['CN(C)CC(=O)N1[C@@H](CO)[C@H]2[C@@H]1CN(C(=O)Cc1ccccc1)c1ccccc21'],,,,,
6735,BRD-K47731572,['1327854'],['CCOc1ccc(cc1)S(=O)(=O)Nc2nc3ccccc3nc2Nc4ccccc4'],,,,,
6736,BRD-K47752932,['54657702'],['CCNC(=O)C[C@H]1CC[C@@H]2[C@H](COC[C@H](O)CN2C(=O)c2ccccn2)O1'],,,,,
6737,BRD-K47764688,['23835472'],['NC(=O)[C@]1(Cc2ccccc2)N=C(O[C@@H]1c3ccccc3N=[N+]=[N-])c4ccc(OCCCO)cc4'],,,,,
6738,BRD-K47771675,['54652408'],['OC[C@@H]1[C@H]2[C@H](CNc3ccccc23)N1Cc1cccnc1'],,,,,
6739,BRD-K47774969,['44490520'],['C[C@@H](CO)N1C[C@@H](C)[C@H](CN(C)C(=O)Nc2ccc(F)cc2)Oc3ccc(NC(=O)C4CC4)cc3C1=O'],,,,,
6740,BRD-K47786739,['44485465'],['C[C@@H](CO)N1C[C@@H](C)[C@@H](CN(C)Cc2ccc(cc2)C(F)(F)F)Oc3ccc(NC(=O)Nc4ccccc4)cc3C1=O'],,,,,
6741,BRD-K47788371,['54618481'],['C[C@@H](CO)N1C[C@H](C)[C@@H](CN(C)Cc2ccccc2C(=O)O)Oc3cc(ccc3S1(=O)=O)c4ccc(F)cc4'],,,,,
6742,BRD-K47788798,['54666472'],['C[C@@H](O)C#Cc1ccc(cc1)[C@@H]1[C@@H](CO)N2CCCCN(C[C@H]12)C(=O)c1ccc2OCOc2c1'],,,,,
6743,BRD-K47802551,['44487032'],['CCCN(C)C[C@H]1OCCCC[C@H](C)Oc2ccc(NS(=O)(=O)c3ccc(OC)cc3)cc2C(=O)N(C[C@H]1C)[C@H](C)CO'],,,,,
6744,BRD-K47804338,['44617488'],['COc1ccc(NC(=O)Nc2ccc3O[C@@H](CN(C)Cc4ccc5OCOc5c4)[C@H](C)CN([C@H](C)CO)C(=O)c3c2)cc1'],,,,,
6745,BRD-K47808476,['44491490'],['C[C@@H](CO)N1C[C@H](C)[C@@H](CN(C)C(=O)CCC(F)(F)F)OCCCC[C@H](C)Oc2ccc(NS(=O)(=O)c3ccccc3)cc2C1=O'],,,,,
6746,BRD-K47811236,['56835223'],['C[C@@H](CO)N1C[C@H](C)[C@H](CN(C)C(=O)Nc2ccc3OCOc3c2)OCc4ccccc4-c5ccccc5C1=O'],,,,,
6747,BRD-K47812430,['54654440'],['CN1[C@H]2CC[C@@H](CC(=O)N[C@@H]3CCN(Cc4ccccc4)C3)O[C@H]2COc2ccc(NC(=O)Cc3cccs3)cc2C1=O'],,,,,
6748,BRD-K47825575,['44486390'],['C[C@@H](CO)N1C[C@@H](C)[C@@H](CN(C)C(=O)CCC(F)(F)F)OCCCC[C@H](C)Oc2ccc(NS(=O)(=O)C)cc2C1=O'],,,,,
6749,BRD-K47826846,['54645857'],['OC[C@@H]1O[C@@H](CC(=O)NCC2CC2)C[C@@H]3[C@H]1Oc4ccc(NC(=O)CC5CC5)cc34'],,,,,
6750,BRD-K47881779,['54638353'],['Cn1cnc(c1)S(=O)(=O)N[C@H]1C=C[C@H](CC(=O)N2CCN(CC2)c2ccccc2)O[C@H]1CO'],,,,,
6751,BRD-K47897830,['44494274'],['COc1ccc(cc1)S(=O)(=O)N(C)C[C@H]2Oc3c(cccc3C(=O)N(C[C@@H]2C)[C@@H](C)CO)N(C)C'],,,,,
6752,BRD-K47906330,['54619065'],['CCCC#Cc1cnc2O[C@H](CN(C)C(=O)Nc3cccc(F)c3)[C@@H](C)CN([C@H](C)CO)C(=O)c2c1'],,,,,
6753,BRD-K47917680,['53338842'],['Fc1ccc(cc1)C(=O)OCC#CCSc1nnc(o1)-c1cccc2ncccc12'],,,,,
6754,BRD-K47924474,['54652496'],['CC(C)NC(=O)N1C[C@@H]2[C@@H]([C@@H](CO)N2Cc2ccccn2)c2ccccc12'],,,,,
6755,BRD-K47943934,['54654118'],['CCCC(=O)Nc1ccc2OC[C@H]3O[C@H](CC(=O)NCc4cccc(F)c4)CC[C@H]3N(C)C(=O)c2c1'],,,,,
6756,BRD-K47950966,['60190083'],['COc1ccc2c3c([nH]c2c1)[C@@H](CO)NC[C@]31CCN(CC1)C(=O)C1CCOCC1'],,,,,
6757,BRD-K47967838,['60189695'],['COc1ccc2c3c([C@@H](CO)N(Cc4ccccn4)C[C@]33CN(C3)C(=O)NC(C)C)n(C)c2c1'],,,,,
6758,BRD-K47977047,['54650155'],['CCc1cnc(s1)N1[C@H](CO)[C@H]([C@H]1C#N)c1ccc(cc1)C1=CCCCC1'],,,,,
6759,BRD-K47992037,['54625688'],['C[C@@H](CO)N1C[C@@H](C)[C@H](CN(C)Cc2cncnc2)Oc3cc(/C=C/c4ccccc4)ccc3S1(=O)=O'],,,,,
6760,BRD-K47994485,['54631529'],['CO[C@@H]1CN(C)C(=O)c2cc(NS(=O)(=O)c3ccc(OC)cc3)ccc2OC[C@@H](C)N(Cc2cc(F)ccc2F)C[C@H]1C'],,,,,
6761,BRD-K47995524,['54638969'],['OC[C@H]1O[C@@H](CCNC(=O)c2ccc(F)cc2)CC[C@H]1NC(=O)Nc1ccc(Cl)c(Cl)c1'],,,,,
6762,BRD-K48001367,['54651258'],['CCC(=O)N1[C@@H](CO)[C@@H]([C@H]1CNC(=O)c1ccncc1)c1ccc(cc1)\\C=C\\C'],,,,,
6763,BRD-K48005755,['54654374'],['COc1ccccc1NC(=O)C[C@H]1CC[C@H]2[C@@H](COc3ccc(NS(C)(=O)=O)cc3C(=O)N2C)O1'],,,,,
6764,BRD-K48016779,['23863215'],['CC(C)(C)OC(=O)CC[C@@]1(N=C(O[C@H]1c2ccccc2)c3ccc(OCCCO)cc3)C(=O)N4CCCCC4'],,,,,
6765,BRD-K48023456,['54664896'],['CC(=O)N1CC[C@H]2[C@@H]1c1cc(ccc1N[C@H]2CO)C#Cc1cccnc1'],,,,,
6766,BRD-K48030215,['54650118'],['COCC(=O)N1[C@H](CO)[C@H]([C@@H]1C#N)c1ccc(cc1)C#CCC1CCCC1'],,,,,
6767,BRD-K48031880,['54626998'],['C[C@@H](CO)N1C[C@H](C)[C@H](CN(C)C(=O)Cc2ccccc2)Oc3cc(ccc3S1(=O)=O)C4=CCCCC4'],,,,,
6768,BRD-K48035058,['54657550'],['COC(=O)C[C@@H]1CC[C@H]2[C@@H](COC[C@@H](O)CN2S(=O)(=O)c2cn(C)cn2)O1'],,,,,
6769,BRD-K48036219,['44483993'],['C[C@H](CO)N1C[C@H](C)[C@@H](CN(C)Cc2ccc(cc2)c3ccccc3)Oc4ccc(NC(=O)c5ccncc5)cc4C1=O'],,,,,
6770,BRD-K48047626,['54646751'],['OC[C@H]1O[C@H](CC(=O)NCCN2CCCCC2)C[C@@H]3[C@H]1Oc4ccc(NC(=O)c5cccnc5)cc34'],,,,,
6771,BRD-K48047846,['54654348'],['COc1cccc(NC(=O)Nc2ccc3OC[C@@H]4O[C@H](CC(=O)NCCc5ccccc5)CC[C@H]4N(C)C(=O)c3c2)c1'],,,,,
6772,BRD-K48052985,['54631947'],['CO[C@H]1CN(C)C(=O)c2cc(NS(C)(=O)=O)ccc2OC[C@@H](C)N(C)C[C@@H]1C'],,,,,
6773,BRD-K48054407,['54654070'],['COC(=O)C[C@@H]1CC[C@H]2[C@@H](COc3ccc(NS(=O)(=O)c4ccc(F)cc4)cc3C(=O)N2C)O1'],,,,,
6774,BRD-K48058738,['44485269'],['C[C@@H](CO)N1C[C@@H](C)[C@H](CN(C)Cc2ccc(cc2)C(=O)O)Oc3ccc(NC(=O)Cc4ccccc4)cc3C1=O'],,,,,
6775,BRD-K48066866,['44498546'],['C[C@@H](CO)N1C[C@@H](C)[C@H](CN(C)C(=O)Nc2ccccc2C(F)(F)F)OCc3cnnn3CCCC1=O'],,,,,
6776,BRD-K48076585,['54654423'],['CCS(=O)(=O)Nc1ccc2OC[C@H]3O[C@H](CC(=O)N[C@@H]4CCN(Cc5ccccc5)C4)CC[C@@H]3N(C)C(=O)c2c1'],,,,,
6777,BRD-K48089931,['60190212'],['CCC(=O)N1CC2(C1)[C@@H]([C@@H](CO)N2C(=O)CC)c1ccc(cc1)-c1ccc(F)cc1'],,,,,
6778,BRD-K48102470,['54638311'],['OC[C@H]1O[C@@H](CCNS(=O)(=O)c2ccccc2Cl)CC[C@@H]1NC(=O)Cc1cccnc1'],,,,,
6779,BRD-K48105325,['60183407'],['OC[C@@H]1Nc2ccc(cc2[C@H]2[C@@H]1CCN2C(=O)c1cccc(F)c1)C#Cc1ccccc1'],,,,,
6780,BRD-K48114548,['54632001'],['CO[C@@H]1CN(C)C(=O)c2cc(NC(=O)Cc3ccccc3)ccc2OC[C@H](C)N(C[C@@H]1C)C(C)=O'],,,,,
6781,BRD-K48116811,['54658802'],['CNC(=O)C[C@H]1CC[C@@H]2[C@H](COC[C@@H](O)CN2C(=O)Nc2ccc3OCOc3c2)O1'],,,,,
6782,BRD-K48138407,['54660682'],['COc1cccc(CNC(=O)[C@@H]2[C@@H](CO)[C@@H]3Cn4c(ccc(-c5cncnc5)c4=O)[C@H]2N3C(C)=O)c1'],,,,,
6783,BRD-K48150994,['54664902'],['OC[C@H]1Nc2ccc(Br)cc2[C@H]2[C@@H]1CCN2S(=O)(=O)c1ccccc1'],,,,,
6784,BRD-K48165980,['54652494'],['CC(C)NC(=O)N1C[C@H]2[C@H]([C@@H](CO)N2Cc2ccccn2)c2ccccc12'],,,,,
6785,BRD-K48180773,['60185162'],['CCCC(=O)N1C[C@]2(CN(Cc3nccs3)C2)c2c([nH]c3cc(OC)ccc23)[C@H]1CO'],,,,,
6786,BRD-K48183516,['54665056'],['OC[C@@H]1Nc2ccc(cc2[C@H]2[C@@H]1CCN2C(=O)Cc1ccncc1)-c1ccccc1F'],,,,,
6787,BRD-K48193278,['60189876'],['CCCNC(=O)N1C[C@]2(CN(Cc3cccc(F)c3)C2)c2c([nH]c3cc(OC)ccc23)[C@@H]1CO'],,,,,
6788,BRD-K48199208,['567598'],['CN(CC#CCN1CCC(O)CC1)C(=O)C'],,,,,
6789,BRD-K48199580,['60187274'],['COc1ccc(cc1)S(=O)(=O)N1CC[C@@]2(CC1)CN(Cc1ccncc1)[C@H](CO)c1[nH]c3cc(OC)ccc3c21'],,,,,
6790,BRD-K48204702,['1288922'],['Cc1ccc(cc1NC(=O)COc2ccccc2[N+](=O)[O-])c3nc4ccccc4[nH]3'],,,,,
6791,BRD-K48211485,['44505614'],['C[C@@H](CO)N1C[C@@H](C)[C@@H](CN(C)C(=O)Nc2ccccc2)OCc3cn(CCCC1=O)nn3'],,,,,
6792,BRD-K48211564,['54638822'],['OC[C@H]1O[C@H](CC(=O)NCc2ccc(Cl)cc2)CC[C@@H]1NC(=O)CC1CC1'],,,,,
6793,BRD-K48222931,['44492062'],['C[C@@H](CO)N1C[C@@H](C)[C@H](CN(C)Cc2ccccc2)OCc3cn(CCCC1=O)nn3'],,,,,
6794,BRD-K48225424,['54654192'],['CN1[C@@H]2CC[C@@H](CC(=O)NCCN3CCCCC3)O[C@H]2COc2ccc(NC(=O)Nc3ccc(Cl)cc3)cc2C1=O'],,,,,
6795,BRD-K48228567,['54618662'],['CC(C)CC#Cc1cnc2O[C@@H](CN(C)C(=O)c3cccc(F)c3)[C@H](C)CN([C@H](C)CO)C(=O)c2c1'],,,,,
6796,BRD-K48230737,['54646689'],['OC[C@@H]1O[C@H](CC(=O)NCc2ccc(Cl)cc2)C[C@@H]3[C@H]1Oc4ccc(NC(=O)Nc5ccc(cc5)C(F)(F)F)cc34'],,,,,
6797,BRD-K48243375,['44498598'],['CC(C)NC(=O)N(C)C[C@H]1OCCCC[C@@H](C)Oc2ccc(NC(=O)c3ccccc3)cc2C(=O)N(C[C@H]1C)[C@@H](C)CO'],,,,,
6798,BRD-K48254300,['60185116'],['COc1ccc2c3c([nH]c2c1)[C@H](CO)N(C[C@]31CN(C1)C(=O)NC(C)C)C(=O)C1CCOCC1'],,,,,
6799,BRD-K48257023,['54661381'],['CCCNC(=O)[C@@H]1[C@@H](CO)[C@@H]2Cn3c(ccc(-c4ccccc4F)c3=O)[C@@H]2N1CC1CC1'],,,,,
6800,BRD-K48270072,['54631336'],['CO[C@H]1CN(C)C(=O)c2ccc(NC(=O)Nc3cc(F)ccc3F)cc2OC[C@@H](C)N(C[C@@H]1C)C(=O)c1cnccn1'],,,,,
6801,BRD-K48296029,['54650186'],['CCCNC(=O)N1[C@H](CO)[C@H]([C@H]1C#N)c1ccc(cc1)C1=CCCCC1'],,,,,
6802,BRD-K48306168,['54657599'],['COc1ccccc1NC(=O)N1C[C@H](O)COC[C@@H]2O[C@@H](CC(=O)N3CCC(Cc4ccccc4)CC3)CC[C@@H]12'],,,,,
6803,BRD-K48306626,['54646087'],['OC[C@@H]1O[C@H](CC(=O)NCc2ccccn2)C[C@H]3[C@@H]1Oc4ccc(NC(=O)C5CCC5)cc34'],,,,,
6804,BRD-K48311056,['6604779'],['O[C@H](CNCCOc1ccc(OCC(=O)O)cc1)COc2ccccc2'],,,,,
6805,BRD-K48327915,['54631568'],['CO[C@@H]1CN(C)C(=O)c2ccc(NC(C)=O)cc2OC[C@H](C)N(C[C@H]1C)C(=O)Cc1ccccn1'],,,,,
6806,BRD-K48332509,['44619678'],['C[C@@H](CO)N1C[C@H](C)[C@@H](CN(C)Cc2ccc(Cl)c(Cl)c2)OCCCC[C@@H](C)Oc3ccc(NS(=O)(=O)c4ccc(F)cc4)cc3C1=O'],,,,,
6807,BRD-K48332988,['60189954'],['CCC(=O)N1C[C@]2(CN(Cc3ccc(F)cc3)C2)c2c([C@H]1CO)n(C)c1cc(OC)ccc21'],,,,,
6808,BRD-K48350747,['60189657'],['CC(=O)N1CC2(C1)[C@@H]([C@@H](CO)N2C(=O)CC1CC1)c1ccc(cc1)-c1ccccc1C'],,,,,
6809,BRD-K48360530,['54657557'],['O[C@@H]1COC[C@@H]2O[C@H](CC(=O)N3CCCCC3)CC[C@H]2N(C1)S(=O)(=O)c1cccc(Cl)c1'],,,,,
6810,BRD-K48374441,['54660649'],['COCC(=O)N1[C@@H]2Cn3c(ccc(\\C=C\\c4ccccc4)c3=O)[C@H]1[C@H]([C@@H]2CO)C(=O)N1CCOCC1'],,,,,
6811,BRD-K48388979,['9558362'],['CCOc1ccccc1C=NNC(=O)c2nnn(c2CN3CCCCCC3)c4nonc4N'],,,,,
6812,BRD-K48415574,['54632095'],['CO[C@H]1CN(C)C(=O)c2ccc(NC(=O)C3CC3)cc2OC[C@@H](C)N(Cc2ccncc2)C[C@H]1C'],,,,,
6813,BRD-K48421284,['54666515'],['Cc1ccccc1-c1ccc(cc1)[C@H]1[C@H](CO)N2CCCCN(C[C@@H]12)S(=O)(=O)Cc1ccccc1'],,,,,
6814,BRD-K48424967,['60189771'],['COc1ccc2c3c([C@H](CO)N(C[C@]33CCN(C)CC3)C(=O)NC3CCCCC3)n(C)c2c1'],,,,,
6815,BRD-K48427969,['54651319'],['CCC(=O)NC[C@@H]1[C@@H]([C@H](CO)N1Cc1ccccn1)c1ccc(\\C=C\\C)cc1'],,,,,
6816,BRD-K48431409,['54654092'],['COCCNC(=O)C[C@@H]1CC[C@H]2[C@@H](COc3ccc(NC(=O)Cc4ccccc4)cc3C(=O)N2C)O1'],,,,,
6817,BRD-K48431707,['54646513'],['OC[C@@H]1O[C@H](CC(=O)NCc2cc(F)ccc2F)C[C@H]3[C@@H]1Oc4ccc(NC(=O)c5ccc6OCOc6c5)cc34'],,,,,
6818,BRD-K48433912,['54652549'],['COCC(=O)N1C[C@H]2[C@H]([C@@H](CO)N2Cc2ccccc2)c2ccccc12'],,,,,
6819,BRD-K48441067,['54652592'],['COCC(=O)N1[C@H](CO)[C@@H]2[C@H]1CN(C)c1ccccc21'],,,,,
6820,BRD-K48454318,['54617267'],['C[C@@H](CO)N1C[C@H](C)[C@@H](CN(C)Cc2ccncc2)OCCCC[C@@H](C)Oc3ccc(NS(=O)(=O)c4ccc(C)cc4)cc3C1=O'],,,,,
6821,BRD-K48457318,['54654298'],['CN1[C@H]2CC[C@@H](CC(=O)NCC3CCCCC3)O[C@@H]2COc2ccc(NC(=O)c3cccc(F)c3)cc2C1=O'],,,,,
6822,BRD-K48465004,['44488192'],['C[C@@H](CO)N1C[C@@H](C)[C@@H](CN(C)S(=O)(=O)c2cccs2)OCCCC[C@H](C)Oc3ccc(cc3C1=O)N(C)C'],,,,,
6823,BRD-K48475203,['60186697'],['COc1ccc2c3c([C@@H](CO)N(CC4CC4)C[C@]33CCN(Cc4ccc(F)cc4)CC3)n(C)c2c1'],,,,,
6824,BRD-K48479537,['54631367'],['CO[C@@H]1CN(C)C(=O)c2ccc(NC(=O)c3nc4ccccc4s3)cc2OC[C@H](C)NC[C@@H]1C'],,,,,
6825,BRD-K48492265,['54650119'],['COCC(=O)N1[C@@H](CO)[C@H]([C@H]1C#N)c1ccc(cc1)C#CCC1CCCC1'],,,,,
6826,BRD-K48505466,['44620234'],['C[C@@H](CO)N1C[C@@H](C)[C@H](CN(C)C(=O)Nc2ccc(F)cc2)Oc3ccc(NC(=O)CCCCCC(=O)Nc4ccccc4N)cc3CC1=O'],,,,,
6827,BRD-K48508383,['54654703'],['COc1ccccc1CNC(=O)C[C@@H]1CC[C@@H]2[C@@H](COc3ccc(NC(=O)Nc4ccc(F)c(F)c4)cc3C(=O)N2C)O1'],,,,,
6828,BRD-K48515753,['54638612'],['OC[C@@H]1O[C@@H](CCNC(=O)Nc2ccc(cc2)C(F)(F)F)CC[C@@H]1NC(=O)c1cccnc1'],,,,,
6829,BRD-K48527688,['54618677'],['COc1ccccc1C#Cc2cnc3O[C@H](CN(C)S(=O)(=O)c4cn(C)cn4)[C@H](C)CN([C@@H](C)CO)C(=O)c3c2'],,,,,
6830,BRD-K48528505,['60185132'],['CN(C)C(=O)c1ccc(cc1)-c1ccc(cc1)[C@H]1[C@@H]2CNC[C@H]1N2CC1CCCCC1'],,,,,
6831,BRD-K48528697,['54632133'],['CO[C@@H]1CN(C)C(=O)c2ccc(cc2OC[C@H](C)NC[C@@H]1C)NS(=O)(=O)c1cccc(Cl)c1'],,,,,
6832,BRD-K48545097,['54631962'],['CCCNC(=O)N1C[C@H](C)[C@H](CN(C)C(=O)c2cc(NC(=O)CCC)ccc2OC[C@H]1C)OC'],,,,,
6833,BRD-K48548528,['54652668'],['COc1cccc(c1)C(=O)N1C[C@@H]2[C@@H]([C@@H](CO)N2C(=O)c2ccc(F)cc2)c2ccccc12'],,,,,
6834,BRD-K48549412,['60189715'],['COc1ccc2c3c([C@H](CO)N(C[C@]33CN(C3)C(=O)Cc3ccccc3)C(=O)c3ccccn3)n(C)c2c1'],,,,,
6835,BRD-K48551077,['54652521'],['OC[C@H]1[C@@H]2[C@@H](CN(C(=O)c3ccccc3F)c3ccccc23)N1C(=O)C1CCCC1'],,,,,
6836,BRD-K48553449,['54631371'],['CO[C@@H]1CN(C)C(=O)c2ccc(NC(=O)Nc3cc(F)ccc3F)cc2OC[C@H](C)N(C[C@@H]1C)C(=O)c1cnccn1'],,,,,
6837,BRD-K48562666,['54646559'],['COc1cccc(c1)S(=O)(=O)Nc2ccc3O[C@@H]4[C@@H](C[C@@H](CC(=O)N5CCCCC5)O[C@H]4CO)c3c2'],,,,,
6838,BRD-K48566675,['54666440'],['OC[C@H]1[C@@H]([C@H]2CN(CCCCN12)S(=O)(=O)c1ccc(F)cc1)c1ccc(cc1)-c1cncnc1'],,,,,
6839,BRD-K48571121,['54638262'],['OC[C@@H]1O[C@@H](CC(=O)NCc2ccc3OCOc3c2)C=C[C@H]1NC(=O)Nc1cc(F)ccc1F'],,,,,
6840,BRD-K48576794,['566661'],['Cc1cc(NC(=O)CCl)no1'],,,,,
6841,BRD-K48582996,['54618665'],['C[C@@H](CO)N1C[C@@H](C)[C@H](CN(C)Cc2ccc(Oc3ccccc3)cc2)Oc4ncc(cc4C1=O)c5cncnc5'],,,,,
6842,BRD-K48593692,['54650021'],['OC[C@H]1[C@@H]([C@H](C#N)N1C(=O)c1ccc2OCOc2c1)c1ccccc1'],,,,,
6843,BRD-K48598367,['54650132'],['OC[C@@H]1[C@H]([C@H](C#N)N1S(=O)(=O)c1ccc(F)cc1)c1ccccc1'],,,,,
6844,BRD-K48603187,['54631815'],['CCC(=O)Nc1ccc2c(OC[C@H](C)N(CCc3ccccc3)C[C@H](C)[C@@H](CN(C)C2=O)OC)c1'],,,,,
6845,BRD-K48619543,['54620487'],['COc1ccc(C#Cc2cnc3O[C@@H](CN(C)CC4CCCC4)[C@@H](C)CN([C@H](C)CO)C(=O)c3c2)cc1'],,,,,
6846,BRD-K48624606,['54657666'],['O[C@H]1COC[C@@H]2O[C@@H](CC(=O)N3CCCCC3)CC[C@H]2N(C1)C(=O)c1ccc(F)cc1'],,,,,
6847,BRD-K48654093,['54654535'],['CN1[C@@H]2CC[C@H](CC(=O)NCC3CCCCC3)O[C@H]2COc2ccc(NC(=O)c3cnccn3)cc2C1=O'],,,,,
6848,BRD-K48654774,['26043913'],['COc1ccc(cc1)C(=O)C1CCN(CC1)c1ncnc2sccc12'],,,,,
6849,BRD-K48662018,['54631467'],['CO[C@H]1CN(C)C(=O)c2cc(NS(=O)(=O)c3c(C)noc3C)ccc2OC[C@H](C)NC[C@H]1C'],,,,,
6850,BRD-K48672996,['44485289'],['COc1ccc(cc1)S(=O)(=O)Nc2ccc3O[C@@H](CN(C)Cc4ccc(cc4)C(F)(F)F)[C@H](C)CN([C@@H](C)CO)C(=O)c3c2'],,,,,
6851,BRD-K48673964,['44504411'],['COc1ccc(NC(=O)N(C)C[C@H]2Oc3ccc(cc3CC(=O)N(C[C@H]2C)[C@H](C)CO)N(C)C)cc1'],,,,,
6852,BRD-K48703433,['54638810'],['COCC(=O)N[C@@H]1C=C[C@H](O[C@@H]1CO)CC(=O)NCc1ccc(Cl)cc1'],,,,,
6853,BRD-K48710616,['54658056'],['CCNC(=O)C[C@@H]1CC[C@@H]2[C@H](COC[C@H](O)CN2Cc2ccncc2)O1'],,,,,
6854,BRD-K48714854,['54646567'],['OC[C@H]1O[C@H](CC(=O)NCc2ccccn2)C[C@H]3[C@@H]1Oc4ccc(NC(=O)Cc5ccncc5)cc34'],,,,,
6855,BRD-K48716658,['3392161'],['CNc1nc(N)c([N+](=O)[O-])c(Nc2cccc(Cl)c2)n1'],,,,,
6856,BRD-K48717457,['60191979'],['CCCNC(=O)N1CC2(C1)[C@H]([C@@H](CO)N2C(=O)CC1CC1)c1ccccc1'],,,,,
6857,BRD-K48719132,['56835580'],['CC(C)(C)S(=O)N1Cc2cc(nc(c2[C@@H]1CCO)c3cccc(c3)c4cccc(F)c4)C(=O)NCCCN5CCOCC5'],,,,,
6858,BRD-K48723823,['54629090'],['C[C@H](CO)N1C[C@H](C)[C@@H](CN(C)S(=O)(=O)c2ccc(F)cc2)Oc3cc(ccc3S1(=O)=O)C4=CCCC4'],,,,,
6859,BRD-K48724570,['54638471'],['COCc1cn(CC[C@H]2CC[C@@H](NC(=O)Nc3ccc(cc3)C(F)(F)F)[C@@H](CO)O2)nn1'],,,,,
6860,BRD-K48733306,['54618474'],['COCC(=O)N(C)C[C@@H]1Oc2cc(C#Cc3cccnc3)ccc2S(=O)(=O)N(C[C@H]1C)[C@H](C)CO'],,,,,
6861,BRD-K48752687,['54665063'],['OC[C@H]1Nc2ccc(cc2[C@@H]2[C@H]1CCN2C(=O)C1CCOCC1)-c1cccc(F)c1'],,,,,
6862,BRD-K48753787,['54638284'],['C[C@H](NC(=O)C[C@@H]1O[C@@H](CO)[C@@H](NC(=O)Cc2ccccn2)C=C1)c1ccccc1'],,,,,
6863,BRD-K48774739,['60185136'],['CN(C)C(=O)c1cccc(c1)-c1ccc(cc1)[C@H]1[C@@H]2CNC[C@H]1N2Cc1ccc2OCOc2c1'],,,,,
6864,BRD-K48775333,['44490457'],['CC(C)NC(=O)N(C)C[C@@H]1OCCCC[C@@H](C)Oc2ccc(NC(=O)CCC(F)(F)F)cc2C(=O)N(C[C@H]1C)[C@H](C)CO'],,,,,
6865,BRD-K48775846,['54618367'],['COc1ccccc1c2cnc3O[C@@H](CN(C)CC4CCOCC4)[C@H](C)CN([C@@H](C)CO)C(=O)c3c2'],,,,,
6866,BRD-K48803730,['44506823'],['C[C@H](CO)N1C[C@H](C)[C@H](CN(C)S(=O)(=O)c2ccc(Cl)cc2)Oc3c(NC(=O)CCCCCC(=O)Nc4ccccc4N)cccc3C1=O'],,,,,
6867,BRD-K48804356,['44488623'],['COc1ccc(CN(C)C[C@@H]2Oc3ccc(NC(=O)Cc4ccccc4)cc3CC(=O)N(C[C@@H]2C)[C@H](C)CO)cc1'],,,,,
6868,BRD-K48809858,['54654224'],['CN1[C@@H]2CC[C@H](CC(=O)N3CCc4ccccc4C3)O[C@@H]2COc2ccc(NS(=O)(=O)c3cccc(F)c3)cc2C1=O'],,,,,
6869,BRD-K48823327,['1289024'],['COc1cc(c(OC)cc1Cl)S(=O)(=O)n2nnc3ccccc23'],,,,,
6870,BRD-K48835133,['44501978'],['CC(C)NC(=O)Nc1ccc2O[C@H](CN(C)Cc3ccc4OCOc4c3)[C@@H](C)CN([C@@H](C)CO)C(=O)Cc2c1'],,,,,
6871,BRD-K48844671,['49852229'],['Fc1ccc(NC(=O)Nc2nnc(s2)-c2ccncc2)cc1C(F)(F)F'],,,,,
6872,BRD-K48853765,['54664988'],['CC(C)NC(=O)N1CC[C@H]2[C@@H]1c1cc(ccc1N(C)[C@H]2CO)C#Cc1ccccc1'],,,,,
6873,BRD-K48863671,['44484062'],['C[C@@H](CO)N1C[C@H](C)[C@@H](CN(C)C(=O)Nc2cccc3ccccc23)Oc4ccc(NS(=O)(=O)C)cc4C1=O'],,,,,
6874,BRD-K48864121,['54650198'],['CC(C)NC(=O)N1[C@@H](CO)[C@H]([C@H]1C#N)c1ccc(cc1)C#CC1CCCCC1'],,,,,
6875,BRD-K48877010,['54637687'],['C[C@H](CO)N1C[C@H](C)[C@H](CN(C)S(=O)(=O)c2c(C)noc2C)OCc3ccccc3-c4c(C1=O)n(C)c5ccccc45'],,,,,
6876,BRD-K48911375,['54646429'],['COc1ccc(NC(=O)Nc2ccc3O[C@H]4[C@H](C[C@H](CC(=O)NC5CCCCC5)O[C@@H]4CO)c3c2)cc1'],,,,,
6877,BRD-K48914099,['54651214'],['OC[C@H]1[C@@H]([C@H](CNC(=O)c2ccccn2)N1Cc1cccnc1)c1ccccc1'],,,,,
6878,BRD-K48918097,['60191285'],['COCC#Cc1ccc(cc1)[C@H]1[C@H](CO)N2[C@H]1CN(CC2=O)C(=O)c1ccncc1'],,,,,
6879,BRD-K48923155,['54654323'],['COC(=O)C[C@H]1CC[C@H]2[C@@H](COc3ccc(NC(=O)Nc4cc(C)cc(C)c4)cc3C(=O)N2C)O1'],,,,,
6880,BRD-K48924007,['1086976'],['C(CN1CCOCC1)Sc2nc3ccccc3n2Cc4ccccc4'],,,,,
6881,BRD-K48927563,['54646127'],['C[C@@H](NC(=O)C[C@@H]1C[C@@H]2[C@@H](Oc3ccc(NC(=O)c4ccc5OCOc5c4)cc23)[C@@H](CO)O1)c6ccccc6'],,,,,
6882,BRD-K48930263,['60189871'],['COc1ccc2c3c([C@H](CO)N(C)C[C@]33CCN(CC3)C(=O)c3cccnc3)n(C)c2c1'],,,,,
6883,BRD-K48950795,['44507118'],['C[C@H](CO)N1C[C@@H](C)[C@@H](CN(C)Cc2ccc(cc2)C(=O)Nc3ccccc3N)Oc4c(NC(=O)c5ccc(cc5)c6nccs6)cccc4C1=O'],,,,,
6884,BRD-K48969316,['44620939'],['CC(C)(C)[C@H](NC(=O)c1ccc(N)c(Cl)c1)C(=O)N1CCC[C@H]1C(=O)N[C@@H](CC(O)=O)C#N'],,,,,
6885,BRD-K48974000,['1398345'],['Oc1ccc(cc1O)C(=O)CSc2nnc(c3cccc(Cl)c3)n2CC=C'],,,,,
6886,BRD-K48986374,['44495095'],['C[C@@H](CO)N1C[C@@H](C)[C@H](CN(C)S(=O)(=O)c2ccccc2)Oc3ccc(cc3CC1=O)N(C)C'],,,,,
6887,BRD-K48995011,['54666629'],['OC[C@@H]1[C@@H]([C@H]2CN(CCCCN12)S(=O)(=O)c1ccccc1)c1ccc(cc1)C#CC1CCCC1'],,,,,
6888,BRD-K49005570,['54651346'],['CC(C)N(C[C@@H]1[C@H]([C@@H](CO)N1S(C)(=O)=O)c1ccccc1)C(=O)CN(C)C'],,,,,
6889,BRD-K49010888,['44507260'],['C[C@H](CO)N1C[C@H](C)[C@H](CN(C)Cc2ccc(cc2)c3ccccc3)Oc4ccc(NC(=O)CCCCCC(=O)Nc5ccccc5N)cc4CC1=O'],,,,,
6890,BRD-K49014970,['54631609'],['CO[C@@H]1CN(C)C(=O)c2cc(NS(=O)(=O)c3ccccc3OC)ccc2OC[C@H](C)NC[C@H]1C'],,,,,
6891,BRD-K49047603,['60185104'],['Fc1ccccc1-c1ccc(cc1)[C@H]1[C@H]2CN(C[C@@H]1N2)C(=O)C1CCOCC1'],,,,,
6892,BRD-K49061529,['105078'],['CCOC(=O)c1cc2c(cn1)[nH]c3ccccc32'],,,,,
6893,BRD-K49066776,['60185253'],['COc1ccc(NC(=O)N2C[C@H]3N[C@@H](C2)[C@@H]3c2ccc(cc2)-c2ccncc2)cc1'],,,,,
6894,BRD-K49070267,['54657619'],['CN(C)C(=O)C[C@@H]1CC[C@H]2[C@@H](COC[C@@H](O)CN2C(=O)C2CCCC2)O1'],,,,,
6895,BRD-K49071649,['54650029'],['OC[C@H]1[C@@H]([C@@H](C#N)N1C(=O)C1CCOCC1)c1ccc(cc1)C#Cc1cccc(F)c1'],,,,,
6896,BRD-K49076793,['54646749'],['OC[C@H]1O[C@@H](CC(=O)NCCN2CCCCC2)C[C@@H]3[C@H]1Oc4ccc(NC(=O)c5cccnc5)cc34'],,,,,
6897,BRD-K49090949,['54651400'],['CCN(C[C@H]1N[C@H](CO)[C@H]1c1ccc(cc1)C1=CCCC1)C(=O)c1cccnc1'],,,,,
6898,BRD-K49092745,['44491244'],['CC(C)NC(=O)Nc1ccc2O[C@H](CN(C)S(=O)(=O)C)[C@H](C)CN([C@H](C)CO)C(=O)c2c1'],,,,,
6899,BRD-K49093373,['54638761'],['COC(=O)C[C@@H]1CC[C@@H](NS(=O)(=O)c2ccccc2F)[C@H](CO)O1'],,,,,
6900,BRD-K49094915,['53338810'],['Oc1ccc(CNc2ccc(cc2F)C(F)(F)F)c2cccnc12'],,,,,
6901,BRD-K49098390,['54625522'],['COc1cccc(C#Cc2ccc3c(O[C@@H](CN(C)C)[C@H](C)CN([C@@H](C)CO)S3(=O)=O)c2)c1'],,,,,
6902,BRD-K49111930,['54637855'],['C[C@H](CO)N1C[C@H](C)[C@@H](CN(C)Cc2ccc3OCOc3c2)OCc4ccccc4-c5ccccc5C1=O'],,,,,
6903,BRD-K49114771,['54632158'],['COCC(=O)N1C[C@H](C)[C@H](CN(C)C(=O)c2ccc(NC(=O)c3cnccn3)cc2OC[C@H]1C)OC'],,,,,
6904,BRD-K49123127,['44504924'],['C[C@H](CO)N1C[C@H](C)[C@@H](CN(C)S(=O)(=O)c2ccccc2C)OCc3cnnn3CCCC1=O'],,,,,
6905,BRD-K49125116,['54618649'],['COc1ccccc1C#Cc2cnc3O[C@H](CN(C)S(=O)(=O)c4cn(C)cn4)[C@@H](C)CN([C@@H](C)CO)C(=O)c3c2'],,,,,
6906,BRD-K49148689,['44618182'],['CC(C)NC(=O)N(C)C[C@@H]1OCCCC[C@H](C)Oc2ccc(NC(=O)C3CCCCC3)cc2C(=O)N(C[C@H]1C)[C@@H](C)CO'],,,,,
6907,BRD-K49156662,['54666437'],['OC[C@@H]1[C@@H]([C@@H]2CN(CCCCN12)S(=O)(=O)c1ccc(F)cc1)c1ccc(cc1)-c1cncnc1'],,,,,
6908,BRD-K49158673,['54632159'],['CO[C@@H]1CN(C)C(=O)c2ccc(NC(=O)Nc3cccc(F)c3)cc2OC[C@@H](C)NC[C@H]1C'],,,,,
6909,BRD-K49164596,['44495470'],['CC(C)NC(=O)N(C)C[C@H]1OCCCC[C@H](C)Oc2ccc(NC(=O)Cc3ccccc3)cc2C(=O)N(C[C@@H]1C)[C@@H](C)CO'],,,,,
6910,BRD-K49166646,['54631811'],['CO[C@H]1CN(C)C(=O)c2ccc(NC(=O)c3ccc(cc3)-c3ccccc3)cc2OC[C@@H](C)NC[C@@H]1C'],,,,,
6911,BRD-K49172498,['54638375'],['COc1cccc(NC(=O)N[C@@H]2C=C[C@@H](CC(=O)Nc3ccc(cc3)-c3ccccc3)O[C@@H]2CO)c1'],,,,,
6912,BRD-K49178877,['54661301'],['CCNC(=O)[C@H]1[C@H](CO)[C@H]2Cn3c(ccc(-c4ccccc4)c3=O)[C@@H]1N2CCC(F)(F)F'],,,,,
6913,BRD-K49180909,['44490674'],['C[C@H](CO)N1C[C@@H](C)[C@@H](CN(C)Cc2ccc3OCOc3c2)Oc4ccc(NS(=O)(=O)C)cc4C1=O'],,,,,
6914,BRD-K49215584,['54631689'],['CO[C@H]1CN(C)C(=O)c2ccc(NS(=O)(=O)c3cn(C)cn3)cc2OC[C@H](C)NC[C@H]1C'],,,,,
6915,BRD-K49255961,['54654048'],['CN1[C@H]2CC[C@@H](CC(O)=O)O[C@H]2COc2ccc(NC(=O)c3ccc(Cl)cc3)cc2C1=O'],,,,,
6916,BRD-K49258689,['60190162'],['COCC(=O)N1C[C@]2(CCN(Cc3ccccc3)CC2)c2c([nH]c3cc(OC)ccc23)[C@@H]1CO'],,,,,
6917,BRD-K49276305,['54638782'],['OC[C@H]1O[C@@H](C=C[C@@H]1NC(=O)Cc1cccnc1)CC(=O)Nc1ccccc1'],,,,,
6918,BRD-K49283005,['54657864'],['COCCNC(=O)C[C@H]1CC[C@H]2[C@@H](COC[C@@H](O)CN2S(=O)(=O)c2ccccc2F)O1'],,,,,
6919,BRD-K49283955,['54657627'],['O[C@H]1COC[C@@H]2O[C@@H](CC(=O)NC3Cc4ccccc4C3)CC[C@H]2N(C1)C(=O)Cc1ccccc1'],,,,,
6920,BRD-K49290616,['54638372'],['OC[C@@H]1O[C@@H](CC(=O)NCc2ccncn2)CC[C@H]1NC(=O)c1ccc(F)cc1'],,,,,
6921,BRD-K49294047,['54651279'],['CC(C)N(C[C@@H]1[C@H]([C@H](CO)N1C(C)=O)c1ccccc1)C(=O)c1ccc(F)cc1'],,,,,
6922,BRD-K49299173,['54661297'],['OC[C@H]1[C@@H]2Cn3c(cccc3=O)[C@@H](N2)[C@@H]1C(=O)N1CCc2ccccc2C1'],,,,,
6923,BRD-K49330073,['60191002'],['COc1ccc(cc1)C#Cc1ccc(cc1)[C@@H]1[C@@H](CO)N2[C@@H]1CN(CC2=O)C(=O)NC(C)C'],,,,,
6924,BRD-K49333142,['60185135'],['COc1cc(CN2C[C@H]3N[C@@H](C2)[C@@H]3c2ccc(cc2)-c2ccc(cc2)C#N)cc(OC)c1'],,,,,
6925,BRD-K49333293,['54664967'],['COc1ccccc1S(=O)(=O)N1CC[C@H]2[C@@H]1c1cc(ccc1N[C@@H]2CO)-c1ccc(cc1)C#N'],,,,,
6926,BRD-K49335566,['44484543'],['COc1ccc(cc1)S(=O)(=O)N(C)C[C@@H]2Oc3ncc(/C=C/c4ccccc4)cc3C(=O)N(C[C@@H]2C)[C@H](C)CO'],,,,,
6927,BRD-K49345388,['54618616'],['C[C@@H](CO)N1C[C@H](C)[C@@H](CN(C)C(=O)Cc2ccccn2)Oc3ncc(cc3C1=O)c4ccc(F)cc4'],,,,,
6928,BRD-K49354529,['54631787'],['CO[C@@H]1CN(C)C(=O)c2ccc(NC(=O)C3CCOCC3)cc2OC[C@H](C)N(C[C@@H]1C)C(=O)c1ccccc1'],,,,,
6929,BRD-K49367140,['60190119'],['COc1ccc2c3c([nH]c2c1)[C@H](CO)N(C[C@]31CN(CC2CC2)C1)C(=O)CN(C)C'],,,,,
6930,BRD-K49373277,['44490301'],['C[C@H](CO)N1C[C@H](C)[C@H](CN(C)S(=O)(=O)c2ccccc2)Oc3ccc(cc3CC1=O)N(C)C'],,,,,
6931,BRD-K49377740,['44488495'],['C[C@H](CO)N1C[C@@H](C)[C@@H](CN(C)S(=O)(=O)C)Oc2ccc(NC(=O)CCCN(C)C)cc2C1=O'],,,,,
6932,BRD-K49378999,['54654486'],['CN1[C@H]2CC[C@@H](CC(O)=O)O[C@H]2COc2ccc(NC(=O)Nc3ccccc3)cc2C1=O'],,,,,
6933,BRD-K49383373,['54661101'],['C[C@@H](NC(=O)[C@H]1[C@H](CO)[C@H]2Cn3c(ccc(-c4ccccc4F)c3=O)[C@@H]1N2C)c1ccccc1'],,,,,
6934,BRD-K49403449,['9555025'],['CC(=O)Nc1ccc(/C=N/NC(=O)CC2CCCCC2)cc1'],,,,,
6935,BRD-K49417484,['54638462'],['OC[C@@H]1O[C@@H](CC(=O)N2CCOCC2)CC[C@@H]1NC(=O)c1ccccn1'],,,,,
6936,BRD-K49430514,['54631732'],['CO[C@H]1CN(C)C(=O)c2cc(NC(C)=O)ccc2OC[C@@H](C)N(C[C@H]1C)C(=O)c1cnccn1'],,,,,
6937,BRD-K49434056,['54645999'],['COc1cccc(c1)S(=O)(=O)Nc2ccc3O[C@H]4[C@H](C[C@@H](CC(=O)NC5CCCCC5)O[C@H]4CO)c3c2'],,,,,
6938,BRD-K49441594,['54649445'],['CC(C)(C)[S@@](=O)N1Cc2cc(nc(c2[C@H]1CCO)-c1cccc(c1)-c1ccc(cc1)C#N)C(=O)NCCN1CCCC1'],,,,,
6939,BRD-K49460772,['44491615'],['C[C@@H](CO)N1C[C@@H](C)[C@H](CN(C)Cc2ccc(Oc3ccccc3)cc2)Oc4ccc(NC(=O)CCCN(C)C)cc4C1=O'],,,,,
6940,BRD-K49473389,['54631605'],['CO[C@H]1CN(C)C(=O)c2cc(NC(=O)c3cc(C)on3)ccc2OC[C@H](C)NC[C@@H]1C'],,,,,
6941,BRD-K49477212,['46925874'],['CC(=O)Nc1sc2CCNCc2c1-c1nc2ccccc2s1'],,,,,
6942,BRD-K49477330,['54666672'],['CN(C)CC(=O)N1CCCCN2[C@@H](CO)[C@H]([C@H]2C1)c1ccc(\\C=C\\c2ccccc2)cc1'],,,,,
6943,BRD-K49480198,['54649301'],['CO[C@H](CN(C)C(=O)C1CC1)[C@H](C)CN([C@H](C)CO)C(=O)Nc1ccc(cc1)C(F)(F)F'],,,,,
6944,BRD-K49482378,['44489492'],['C[C@@H](CO)N1C[C@@H](C)[C@H](CN(C)Cc2ccccc2)Oc3ccc(NS(=O)(=O)c4ccc(C)cc4)cc3C1=O'],,,,,
6945,BRD-K49483184,['54666616'],['COc1ccc(cc1)-c1ccc(cc1)[C@H]1[C@H](CO)N2CCCCN(C[C@@H]12)C(=O)Cc1ccncc1'],,,,,
6946,BRD-K49508167,['60190160'],['COc1ccc2c3c([C@H](CO)N(C[C@]33CCN(CC4CCCCC4)CC3)S(C)(=O)=O)n(C)c2c1'],,,,,
6947,BRD-K49510739,['44505061'],['C[C@H](CO)N1C[C@H](C)[C@@H](CN(C)Cc2ccc(Oc3ccccc3)cc2)OCc4cn(CCCC1=O)nn4'],,,,,
6948,BRD-K49512493,['54658040'],['Cc1ccccc1S(=O)(=O)N1C[C@H](O)COC[C@H]2O[C@H](CC(=O)NCc3ccccc3Cl)CC[C@H]12'],,,,,
6949,BRD-K49525301,['54657894'],['O[C@H]1COC[C@@H]2O[C@@H](CC(=O)NCc3ccc(Oc4ccccc4)cc3)CC[C@H]2N(CCC(F)(F)F)C1'],,,,,
6950,BRD-K49534870,['60189982'],['COCC(=O)N1C[C@@]2(C1)CN(Cc1ccccc1F)[C@@H](CO)c1[nH]c3cc(OC)ccc3c21'],,,,,
6951,BRD-K49553303,['44491481'],['C[C@H](CO)N1C[C@@H](C)[C@@H](CN(C)C(=O)CCC(F)(F)F)OCCCC[C@@H](C)Oc2ccc(NS(=O)(=O)c3ccccc3)cc2C1=O'],,,,,
6952,BRD-K49562544,['44246515'],['Cn1c2ccsc2c3ncn(Cc4ccc(F)cc4)c(=O)c13'],,,,,
6953,BRD-K49579550,['54631867'],['CCCC(=O)Nc1ccc2OC[C@H](C)N(Cc3nccs3)C[C@@H](C)[C@H](CN(C)C(=O)c2c1)OC'],,,,,
6954,BRD-K49594309,['44505756'],['CC(C)COC(=O)N(C)C[C@@H]1OCc2cn(CCCC(=O)N(C[C@H]1C)[C@H](C)CO)nn2'],,,,,
6955,BRD-K49595590,['54638543'],['OC[C@H]1O[C@H](CC(=O)NCc2cc(F)cc(F)c2)C=C[C@@H]1NC(=O)c1ccccn1'],,,,,
6956,BRD-K49596872,['44489669'],['CC(C)NC(=O)Nc1cccc2C(=O)N(C[C@H](C)[C@@H](CN(C)Cc3ccc(Cl)c(Cl)c3)Oc12)[C@H](C)CO'],,,,,
6957,BRD-K49597140,['54645984'],['OC[C@H]1O[C@H](CC(=O)NCc2ccccc2)C[C@@H]3[C@H]1Oc4ccc(NC(=O)Nc5ccccc5)cc34'],,,,,
6958,BRD-K49612115,['150962'],['NCCc1ccc(O)cc1O'],,,,,
6959,BRD-K49620695,['54661050'],['OC[C@H]1[C@@H]2Cn3c(ccc(-c4ccccc4)c3=O)[C@H]([C@@H]1C(=O)N1CCOCC1)N2Cc1cccnc1'],,,,,
6960,BRD-K49623506,['54631979'],['COCC(=O)N1C[C@H](C)[C@@H](CN(C)C(=O)c2cc(NC(=O)c3cc(C)on3)ccc2OC[C@H]1C)OC'],,,,,
6961,BRD-K49630153,['44142051'],['Cn1ccc2cc(ccc12)c3ccc4ncnc(NCc5cccs5)c4c3'],,,,,
6962,BRD-K49634971,['54658025'],['O[C@@H]1COC[C@H]2O[C@H](CC(=O)NCCN3CCCCC3)CC[C@@H]2N(C1)S(=O)(=O)c1ccccc1'],,,,,
6963,BRD-K49640920,['54661172'],['OC[C@H]1[C@@H]2Cn3c(ccc(-c4cccc(F)c4)c3=O)[C@@H](N2)[C@@H]1C(=O)NCc1ccccc1'],,,,,
6964,BRD-K49669601,['44618774'],['C[C@H](CO)N1C[C@@H](C)[C@@H](CN(C)CC2CC2)OCCCC[C@H](C)Oc3ccc(NS(=O)(=O)c4cn(C)cn4)cc3C1=O'],,,,,
6965,BRD-K49685495,['54649355'],['COc1ccccc1-c1cccc(c1)-c1nc(cc2CN([C@@H](CCO)c12)[S@@](=O)C(C)(C)C)C(=O)N1CCCCC1'],,,,,
6966,BRD-K49687221,['44487922'],['C[C@@H](CO)N1C[C@H](C)[C@H](CN(C)C(=O)Nc2ccc(F)cc2)Oc3ccc(NC(=O)C4CC4)cc3C1=O'],,,,,
6967,BRD-K49689003,['54650057'],['OC[C@@H]1[C@H]([C@@H](C#N)N1C(=O)Nc1cccc(F)c1)c1ccccc1'],,,,,
6968,BRD-K49702326,['54638615'],['OC[C@H]1O[C@@H](CCNC(=O)Nc2ccc(cc2)C(F)(F)F)CC[C@H]1NC(=O)c1cccnc1'],,,,,
6969,BRD-K49712247,['44142091'],['COc1ccc(cc1OCC2CC2)C3=Nn4c(nnc4SC3)c5ccccc5OC'],,,,,
6970,BRD-K49723079,['54618479'],['C[C@@H](CO)N1C[C@@H](C)[C@@H](CN(C)Cc2cccc(F)c2)Oc3ncc(C#CC(C)(C)O)cc3C1=O'],,,,,
6971,BRD-K49723782,['56835526'],['COc1ccc(CNC(=O)N(C)C[C@@H]2OCc3ccccc3-c4ccccc4C(=O)N(C[C@H]2C)[C@@H](C)CO)cc1'],,,,,
6972,BRD-K49736551,['54652580'],['OC[C@H]1[C@H]2[C@H](CN(C(=O)c3cccnc3)c3ccccc23)N1Cc1ccc2OCOc2c1'],,,,,
6973,BRD-K49738502,['44498046'],['C[C@H](CO)N1C[C@@H](C)[C@@H](CN(C)Cc2ccc3OCOc3c2)Oc4ccc(NC(=O)Cc5ccccc5)cc4C1=O'],,,,,
6974,BRD-K49749421,['24747162'],['COc1cc(/C=C\\2/N=C(OC2=O)c3ccccc3)c(F)cc1OCc4ccccc4'],,,,,
6975,BRD-K49751344,['49843380'],['CCCN(C)C[C@@H]1OCCCC[C@H](C)Oc2ccc(NS(=O)(=O)c3ccc(C)cc3)cc2C(=O)N(C[C@H]1C)[C@@H](C)CO'],,,,,
6976,BRD-K49781215,['54638336'],['OC[C@H]1O[C@H](CCn2cc(nn2)C2CCCCC2)CC[C@H]1NC(=O)CN1CCOCC1'],,,,,
6977,BRD-K49791723,['46907681'],['NC(=O)C1CCN(CC1)c1nc(cs1)-c1ccc(Oc2ccccc2)cc1'],,,,,
6978,BRD-K49797414,['54615640'],['C[C@H](CO)N1C[C@H](C)[C@@H](CN(C)C(=O)Cc2ccccc2)OCCCC[C@H](C)Oc3ccc(NC(=O)Nc4ccc(cc4)C(F)(F)F)cc3C1=O'],,,,,
6979,BRD-K49807497,['6048135'],['CCCCC(=O)N/N=C(\\C)/c1ccc(NC(=O)C(F)(F)F)cc1'],,,,,
6980,BRD-K49810938,['54631924'],['CO[C@@H]1CN(C)C(=O)c2cc(NS(C)(=O)=O)ccc2OC[C@H](C)N(C)C[C@H]1C'],,,,,
6981,BRD-K49814456,['1737777'],['[O-][N+](=O)c1ccc(C=NNC(=O)CNc2cccc(c2)[N+](=O)[O-])o1'],,,,,
6982,BRD-K49830011,['54646593'],['COc1cccc(c1)S(=O)(=O)Nc2ccc3O[C@@H]4[C@@H](C[C@@H](CC(=O)NCCc5ccccc5)O[C@@H]4CO)c3c2'],,,,,
6983,BRD-K49831518,['60185266'],['CCCC(=O)N1CC[C@@]2(CC1)CN(Cc1ccc(Cl)cc1)[C@@H](CO)c1[nH]c3cc(OC)ccc3c21'],,,,,
6984,BRD-K49849398,['60185057'],['O=C(N1C[C@H]2N[C@@H](C1)[C@@H]2c1ccc(cc1)-c1ccc(cc1)C#N)c1ccncc1'],,,,,
6985,BRD-K49860242,['54637888'],['CC(C)COC(=O)N(C)C[C@@H]1OCc2ccccc2-c3c(C(=O)N(C[C@@H]1C)[C@@H](C)CO)n(C)c4ccccc34'],,,,,
6986,BRD-K49861754,['784670'],['N#Cc1cc2ccc(cc2cc1C#N)N3CCOCC3'],,,,,
6987,BRD-K49870009,['60185079'],['CN(C)C(=O)c1ccc(cc1)-c1ccc(cc1)[C@@H]1[C@H]2CN(C[C@@H]1N2)C(=O)c1ccccn1'],,,,,
6988,BRD-K49877948,['56835461'],['C[C@H](CO)N1C[C@@H](C)[C@H](CN(C)C(=O)[C@@H](C)c2ccccc2)OCc3ccccc3-c4ccccc4C1=O'],,,,,
6989,BRD-K49881099,['60185250'],['COc1ccccc1-c1ccc(cc1)[C@@H]1[C@H]2CN(C[C@@H]1N2)C(=O)c1ccncc1'],,,,,
6990,BRD-K49889622,['591256'],['COc1ccc(CCNC(C)=O)cc1O'],,,,,
6991,BRD-K49896210,['54654416'],['CCS(=O)(=O)Nc1ccc2OC[C@@H]3O[C@H](CC(=O)N[C@H]4CCN(Cc5ccccc5)C4)CC[C@H]3N(C)C(=O)c2c1'],,,,,
6992,BRD-K49906853,['54645802'],['COC(=O)C[C@H]1C[C@@H]2[C@@H](Oc3ccc(NC(=O)c4ccc5OCOc5c4)cc23)[C@H](CO)O1'],,,,,
6993,BRD-K49907349,['54651277'],['CC(C)N(C[C@H]1[C@@H]([C@@H](CO)N1C(C)=O)c1ccccc1)C(=O)c1ccc(F)cc1'],,,,,
6994,BRD-K49907578,['54638770'],['COC(=O)C[C@H]1O[C@H](CO)[C@H](NC(=O)Nc2ccc(cc2)C(F)(F)F)C=C1'],,,,,
6995,BRD-K49909254,['54654384'],['CN1[C@H]2CC[C@H](CC(=O)NCC(F)(F)F)O[C@H]2COc2ccc(NC(=O)Nc3ccc(C)cc3)cc2C1=O'],,,,,
6996,BRD-K49911380,['54645972'],['OC[C@H]1O[C@@H](CC(=O)N2CCOCC2)C[C@H]3[C@@H]1Oc4ccc(NS(=O)(=O)c5ccccc5)cc34'],,,,,
6997,BRD-K49916352,['54666441'],['OC[C@@H]1[C@H]([C@@H]2CN(CCCCN12)S(=O)(=O)c1ccc(F)cc1)c1ccc(cc1)-c1cncnc1'],,,,,
6998,BRD-K49921033,['54637868'],['C[C@H](CO)N1C[C@@H](C)[C@@H](CN(C)C(=O)Nc2cccc(c2)C(F)(F)F)OCc3ccccc3-c4ccccc4C1=O'],,,,,
6999,BRD-K49923618,['44483826'],['C[C@H](CO)N1C[C@H](C)[C@H](CN(C)C(=O)Nc2ccccc2)OCCCC[C@@H](C)Oc3ccc(NC(=O)Nc4ccccc4)cc3C1=O'],,,,,
7000,BRD-K49931834,['54639098'],['OC[C@H]1O[C@H](CCNC(=O)c2cnccn2)CC[C@@H]1NC(=O)c1ccc2OCOc2c1'],,,,,
7001,BRD-K49934959,['46903423'],['C[C@@H](CO)N1C[C@@H](C)[C@@H](CN(C)CC2CC2)Oc3cc(C#Cc4cccc(F)c4)ccc3S1(=O)=O'],,,,,
7002,BRD-K49939055,['44489512'],['C[C@H](CO)N1C[C@@H](C)[C@H](CN(C)C(=O)Nc2ccc(cc2)C(F)(F)F)Oc3ccc(NC(=O)Cc4ccccc4)cc3C1=O'],,,,,
7003,BRD-K49948755,['54645803'],['COC(=O)C[C@H]1C[C@@H]2[C@@H](Oc3ccc(NC(=O)c4ccc5OCOc5c4)cc23)[C@@H](CO)O1'],,,,,
7004,BRD-K49955466,['60190181'],['CCS(=O)(=O)N1C[C@@]2(C1)CN(Cc1ccccc1F)[C@@H](CO)c1[nH]c3cc(OC)ccc3c21'],,,,,
7005,BRD-K49956785,['54631745'],['CCCC(=O)Nc1ccc2OC[C@@H](C)N(Cc3nccs3)C[C@H](C)[C@@H](CN(C)C(=O)c2c1)OC'],,,,,
7006,BRD-K49961249,['60185155'],['C(N1[C@H]2CNC[C@@H]1[C@H]2c1ccc(cc1)-c1cccnc1)c1ccccn1'],,,,,
7007,BRD-K49967178,['24747246'],['OC(=O)c1ccc(cc1)c2noc(n2)c3ccccc3C(F)(F)F'],,,,,
7008,BRD-K49988102,['54654147'],['CCCNC(=O)C[C@H]1CC[C@@H]2[C@@H](COc3ccc(NC(=O)c4ccc5OCOc5c4)cc3C(=O)N2C)O1'],,,,,
7009,BRD-K49988555,['54647487'],['CN(C)CC(=O)Nc1ccc2O[C@H]3[C@H](C[C@@H](CC(=O)NCc4ccc5OCOc5c4)O[C@@H]3CO)c2c1'],,,,,
7010,BRD-K49998237,['54657613'],['O[C@H]1COC[C@H]2O[C@H](CC(=O)NCc3ccc(Cl)cc3)CC[C@@H]2N(Cc2cc(F)ccc2F)C1'],,,,,
7011,BRD-K50005301,['54651303'],['OC[C@H]1[C@H]([C@H](CNC(=O)C2CCC2)N1C(=O)Cc1ccncc1)c1ccccc1'],,,,,
7012,BRD-K50008654,['54631683'],['CCCNC(=O)Nc1ccc2c(OC[C@H](C)N(CCC(F)(F)F)C[C@@H](C)[C@@H](CN(C)C2=O)OC)c1'],,,,,
7013,BRD-K50010596,['54652538'],['CCCNC(=O)N1[C@H](CO)[C@H]2[C@@H]1CN(C(=O)C1CCC1)c1ccccc21'],,,,,
7014,BRD-K50011261,['44617341'],['C[C@@H](CO)N1C[C@@H](C)[C@H](CN(C)Cc2ccc(cc2)C(F)(F)F)Oc3ccc(NC(=O)CCCCCC(=O)Nc4ccccc4N)cc3CC1=O'],,,,,
7015,BRD-K50012739,['60182493'],['CC(C)CC#Cc1cnc2O[C@H](CN(C)C(=O)CC3CC3)[C@H](C)CN([C@@H](C)CO)C(=O)c2c1'],,,,,
7016,BRD-K50014464,['54649962'],['CCCNC(=O)N1[C@@H](CO)[C@H]([C@@H]1C#N)c1ccc(cc1)-c1ccccc1F'],,,,,
7017,BRD-K50037482,['60185032'],['COc1ccc2c3c([nH]c2c1)[C@@H](CO)N(C[C@]31CN(CC2CCOCC2)C1)S(C)(=O)=O'],,,,,
7018,BRD-K50052949,['54660817'],['CC(=O)N1[C@H]2Cn3c(ccc(-c4cccnc4)c3=O)[C@@H]1[C@@H]([C@H]2CO)C(=O)N1CCc2ccccc2C1'],,,,,
7019,BRD-K50058777,['54615037'],['C[C@H](CO)N1C[C@H](C)[C@@H](CN(C)C(=O)c2ccncc2)OCCCC[C@H](C)Oc3ccc(NC(=O)c4ccncc4)cc3C1=O'],,,,,
7020,BRD-K50068201,['60191384'],['COCC(=O)N1C[C@@H]2[C@@H]([C@@H](CO)N2C(=O)C1)c1ccc(cc1)C#CC1CC1'],,,,,
7021,BRD-K50078508,['56835329'],['C[C@@H](CO)N1C[C@H](C)[C@@H](CN(C)S(=O)(=O)c2ccccc2C#N)OCc3ccccc3-c4c(C1=O)n(C)c5ccccc45'],,,,,
7022,BRD-K50079182,['44497267'],['C[C@@H](CO)N1C[C@H](C)[C@H](CN(C)CC2CCCCC2)OCCCC[C@H](C)Oc3ccc(NS(=O)(=O)C)cc3C1=O'],,,,,
7023,BRD-K50112803,['44491909'],['C[C@H](CO)N1C[C@H](C)[C@H](CN(C)Cc2ccc(Cl)c(Cl)c2)Oc3c(NS(=O)(=O)C)cccc3C1=O'],,,,,
7024,BRD-K50115811,['54638750'],['OC[C@@H]1O[C@@H](CCNC(=O)CCN2CCCCC2)CC[C@H]1NS(=O)(=O)c1cccc(Cl)c1'],,,,,
7025,BRD-K50120786,['54657837'],['O[C@H]1COC[C@@H]2O[C@@H](CC(=O)NCC3CCCCC3)CC[C@H]2N(C1)S(=O)(=O)c1ccc(F)cc1'],,,,,
7026,BRD-K50131741,['54658044'],['Cc1ccccc1S(=O)(=O)N1C[C@@H](O)COC[C@@H]2O[C@@H](CC(=O)NCc3ccccc3Cl)CC[C@@H]12'],,,,,
7027,BRD-K50131804,['60184971'],['CCS(=O)(=O)N1CC[C@@]2(CC1)CN([C@H](CO)c1c2c2ccc(OC)cc2n1C)C(=O)Nc1c(C)noc1C'],,,,,
7028,BRD-K50149017,['54639095'],['OC[C@H]1O[C@@H](CCNC(=O)c2cnccn2)CC[C@@H]1NC(=O)c1ccc2OCOc2c1'],,,,,
7029,BRD-K50157880,['54660977'],['CN(C)CCCNC(=O)[C@@H]1[C@@H](CO)[C@@H]2Cn3c(ccc(-c4cccc(F)c4)c3=O)[C@@H]2N1C(C)=O'],,,,,
7030,BRD-K50160200,['60187279'],['COc1ccc2c3c([nH]c2c1)[C@H](CO)N(Cc1ccccc1Cl)C[C@]31CN(C1)C(C)=O'],,,,,
7031,BRD-K50171542,['54657835'],['O[C@@H]1COC[C@H]2O[C@@H](CC(=O)NC3CCC3)CC[C@@H]2N(Cc2ccccc2F)C1'],,,,,
7032,BRD-K50174388,['54646010'],['COC(=O)C[C@@H]1C[C@H]2[C@H](Oc3ccc(NC(=O)C4CCOCC4)cc23)[C@@H](CO)O1'],,,,,
7033,BRD-K50176356,['54666541'],['COc1ccc(cc1)C#Cc1ccc(cc1)[C@H]1[C@@H](CO)N2CCCCN(C)C[C@H]12'],,,,,
7034,BRD-K50177987,['44491736'],['C[C@@H](CO)N1C[C@@H](C)[C@@H](CN(C)Cc2ccc(cc2)c3ccccc3)Oc4ccc(NC(=O)c5ccncc5)cc4C1=O'],,,,,
7035,BRD-K50186544,['54657592'],['O[C@@H]1CN[C@@H]2CC[C@@H](CC(=O)NCc3ccc4OCOc4c3)O[C@H]2COC1'],,,,,
7036,BRD-K50194167,['54649398'],['COCCNC(=O)c1cc2CN([C@H](CCO)c2c(n1)-c1cccc(c1)-c1cccc(F)c1)[S@](=O)C(C)(C)C'],,,,,
7037,BRD-K50195301,['54637974'],['C[C@H](CO)N1C[C@H](C)[C@H](CN(C)C(=O)[C@@H](C)c2ccccc2)OCc3ccccc3-c4ccccc4C1=O'],,,,,
7038,BRD-K50204028,['44486395'],['C[C@@H](CO)N1C[C@@H](C)[C@@H](CN(C)C(=O)Nc2cccc3ccccc23)OCCCC[C@@H](C)Oc4ccc(NC(=O)c5ccncc5)cc4C1=O'],,,,,
7039,BRD-K50218580,['46912193'],['Cc1cc2n(C)c3c(cnn(Cc4cc(F)c(F)cc4F)c3=O)c2s1'],,,,,
7040,BRD-K50218765,['54638501'],['OC[C@@H]1O[C@@H](CC(=O)NCc2ccc(Oc3ccccc3)cc2)CC[C@@H]1NC(=O)c1ccc2OCOc2c1'],,,,,
7041,BRD-K50223932,['54638238'],['OC[C@@H]1O[C@H](CC(=O)N2CCOCC2)C=C[C@H]1NC(=O)NC1CCCCC1'],,,,,
7042,BRD-K50230035,['54654001'],['CCS(=O)(=O)Nc1ccc2OC[C@@H]3O[C@@H](CC(=O)N4CCN(C)CC4)CC[C@@H]3N(C)C(=O)c2c1'],,,,,
7043,BRD-K50257410,['60185146'],['CCCNC(=O)N1C[C@]2(CN(C2)C(=O)Cc2cccnc2)c2c([nH]c3cc(OC)ccc23)[C@H]1CO'],,,,,
7044,BRD-K50266413,['54654555'],['CN(C)C(=O)C[C@H]1CC[C@@H]2[C@@H](COc3ccc(NC(=O)c4ccc(F)cc4)cc3C(=O)N2C)O1'],,,,,
7045,BRD-K50269042,['54651356'],['CC(=O)N1[C@H](CO)[C@H]([C@@H]1CNC(=O)CN1CCOCC1)c1ccccc1'],,,,,
7046,BRD-K50277523,['44487589'],['CNC[C@@H]1OCCCC[C@@H](C)Oc2ccc(NS(=O)(=O)c3cccs3)cc2C(=O)N(C[C@H]1C)[C@H](C)CO'],,,,,
7047,BRD-K50280607,['44485340'],['C[C@@H](CO)N1C[C@H](C)[C@@H](CN(C)Cc2ccc(Cl)c(Cl)c2)Oc3ccc(NC(=O)c4ccncc4)cc3C1=O'],,,,,
7048,BRD-K50281141,['60191786'],['Fc1cccc(NC(=O)N2[C@H]3CNC[C@@H]2[C@H]3c2ccc(cc2)-c2cccc(c2)C#N)c1'],,,,,
7049,BRD-K50298819,['54660730'],['OC[C@H]1[C@@H]2Cn3c(cccc3=O)[C@@H]2N([C@@H]1C(=O)NCC1CCCCC1)C(=O)CC1CC1'],,,,,
7050,BRD-K50302985,['54651204'],['CC(C)CN(C[C@H]1[C@@H]([C@H](CO)N1C(C)=O)c1ccccc1)C(=O)c1ccccn1'],,,,,
7051,BRD-K50309272,['54637939'],['C[C@@H](CO)N1C[C@H](C)[C@H](CN(C)S(=O)(=O)CC(F)(F)F)OCc2ccccc2-c3c(C1=O)n(C)c4ccccc34'],,,,,
7052,BRD-K50314382,['54650200'],['CC(C)NC(=O)N1[C@H](CO)[C@H]([C@H]1C#N)c1ccc(cc1)C#CC1CCCCC1'],,,,,
7053,BRD-K50325283,['54637769'],['C[C@H](CO)N1C[C@@H](C)[C@@H](CN(C)S(=O)(=O)c2cn(C)cn2)OCc3ccccc3-c4ccccc4C1=O'],,,,,
7054,BRD-K50325722,['44492775'],['CC(C)NC(=O)Nc1ccc2O[C@H](CN(C)C(=O)Nc3cccc4ccccc34)[C@H](C)CN([C@@H](C)CO)C(=O)c2c1'],,,,,
7055,BRD-K50342369,['54637816'],['C[C@H](CO)N1C[C@H](C)[C@@H](CN(C)C(=O)CCC(F)(F)F)OCc2ccccc2-c3ccccc3C1=O'],,,,,
7056,BRD-K50347701,['54637676'],['C[C@H](CO)N1C[C@@H](C)[C@@H](CN(C)C(=O)NC2CCCCC2)OCc3ccccc3-c4c(C1=O)n(C)c5ccccc45'],,,,,
7057,BRD-K50358328,['54649360'],['CN(C)C(=O)c1cc2CN([C@@H](CCO)c2c(n1)-c1cccc(c1)-c1ccc(F)cc1)[S@@](=O)C(C)(C)C'],,,,,
7058,BRD-K50360938,['2802190'],['CCOC(=O)CCSc1nnc(S)s1'],,,,,
7059,BRD-K50366616,['54657722'],['O[C@H]1CN[C@@H]2CC[C@@H](CC(=O)NCCN3CCCCC3)O[C@H]2COC1'],,,,,
7060,BRD-K50368246,['44487490'],['COc1ccc(CN(C)C[C@H]2OCCCC[C@H](C)Oc3ccc(NC(=O)Nc4c(C)noc4C)cc3C(=O)N(C[C@@H]2C)[C@H](C)CO)cc1'],,,,,
7061,BRD-K50381033,['54660994'],['OC[C@H]1[C@@H]2Cn3c(ccc(-c4ccncc4)c3=O)[C@H]([C@@H]1C(=O)N1CCCCC1)N2CCC(F)(F)F'],,,,,
7062,BRD-K50383095,['60185149'],['Cc1cccc(c1)-c1ccc(cc1)[C@H]1[C@H]2CN(C[C@@H]1N2)C(=O)c1ccncc1'],,,,,
7063,BRD-K50388099,['54660883'],['CN1[C@H]2Cn3c(ccc(\\C=C\\c4ccccc4)c3=O)[C@@H]1[C@@H]([C@H]2CO)C(=O)NC1Cc2ccccc2C1'],,,,,
7064,BRD-K50388960,['60191121'],['CC(C)CC#Cc1ccc(cc1)[C@H]1[C@H](CO)N2[C@H]1CN(CC2=O)C(=O)c1cccc(F)c1'],,,,,
7065,BRD-K50404714,['54637938'],['C[C@@H](CO)N1C[C@@H](C)[C@@H](CN(C)S(=O)(=O)CC(F)(F)F)OCc2ccccc2-c3c(C1=O)n(C)c4ccccc34'],,,,,
7066,BRD-K50408407,['54631965'],['CO[C@H]1CN(C)C(=O)c2ccc(NC(=O)Nc3ccccc3F)cc2OC[C@H](C)N(CC2CC2)C[C@H]1C'],,,,,
7067,BRD-K50472386,['54651357'],['CC(=O)N1[C@H](CO)[C@H]([C@H]1CNC(=O)CN1CCOCC1)c1ccccc1'],,,,,
7068,BRD-K50513128,['56835286'],['C[C@@H](CO)N1C[C@@H](C)[C@H](CN(C)Cc2cccnc2)OCc3ccccc3-c4c(C1=O)n(C)c5ccccc45'],,,,,
7069,BRD-K50521229,['44489319'],['C[C@@H](CO)N1C[C@H](C)[C@H](CN(C)C(=O)Nc2ccccc2)OCCCC[C@@H](C)Oc3ccc(NC(=O)C4CCCCC4)cc3C1=O'],,,,,
7070,BRD-K50532160,['44142054'],['C(Nc1ncnc2ccc(cc12)c3ccc4OCCOc4c3)c5cccnc5'],,,,,
7071,BRD-K50558304,['44483439'],['C[C@@H](CO)N1C[C@H](C)[C@@H](CN(C)C(=O)Nc2ccc(F)cc2)Oc3ccc(NS(=O)(=O)c4ccccc4)cc3C1=O'],,,,,
7072,BRD-K50570214,['54661241'],['CCC(=O)N1[C@@H]([C@@H](CO)[C@@H]2Cn3c(cccc3=O)[C@H]12)C(=O)N1CCCCC1'],,,,,
7073,BRD-K50576452,['54649419'],['COc1ccccc1-c1cccc(c1)-c1nc(cc2CN([C@H](CCO)c12)[S@](=O)C(C)(C)C)C(=O)N1CCOCC1'],,,,,
7074,BRD-K50587003,['54646404'],['C[C@H](NC(=O)C[C@H]1C[C@@H]2[C@@H](Oc3ccc(cc23)N(C)C)[C@@H](CO)O1)c4ccccc4'],,,,,
7075,BRD-K50598383,['71760038'],['Cc1ccccc1-c1ccc(cc1)[C@H]1[C@H]2CN(C[C@@H]1N2)C(=O)C1CCC1'],,,,,
7076,BRD-K50605719,['44484531'],['C[C@H](CO)N1C[C@@H](C)[C@@H](CN(C)Cc2ccc(Cl)c(Cl)c2)OCc3cn(CCCC1=O)nn3'],,,,,
7077,BRD-K50608366,['54631777'],['CCC(=O)N1C[C@@H](C)[C@H](CN(C)C(=O)c2ccc(NC(=O)Nc3ccc(Cl)cc3)cc2OC[C@@H]1C)OC'],,,,,
7078,BRD-K50608891,['54638805'],['CN(C)Cc1cn(CC[C@H]2CC[C@@H](NC(=O)Cc3cccnc3)[C@H](CO)O2)nn1'],,,,,
7079,BRD-K50611992,['54638503'],['OC[C@@H]1O[C@H](CC(=O)NCc2ccc(Oc3ccccc3)cc2)CC[C@@H]1NC(=O)c1ccc2OCOc2c1'],,,,,
7080,BRD-K50634134,['44493347'],['C[C@H](CO)N1C[C@@H](C)[C@@H](CN(C)Cc2ccc(Oc3ccccc3)cc2)Oc4ccc(NC(=O)Nc5ccc6OCOc6c5)cc4C1=O'],,,,,
7081,BRD-K50639228,['54618585'],['C[C@@H](O)C#Cc1cnc2O[C@@H](CN(C)CC3CCOCC3)[C@H](C)CN([C@@H](C)CO)C(=O)c2c1'],,,,,
7082,BRD-K50641952,['54646203'],['CS(=O)(=O)Nc1ccc2O[C@@H]3[C@@H](C[C@H](CC(=O)NCc4ccccn4)O[C@H]3CO)c2c1'],,,,,
7083,BRD-K50659736,['763244'],['Cc1cccc(NC(=O)CCC(=O)O)c1'],,,,,
7084,BRD-K50667779,['54646638'],['C[C@@H](NC(=O)C[C@H]1C[C@@H]2[C@@H](Oc3ccc(NC(=O)c4cccnc4)cc23)[C@H](CO)O1)c5ccccc5'],,,,,
7085,BRD-K50670216,['54661209'],['CN(C)C(=O)[C@H]1[C@H](CO)[C@H]2Cn3c(ccc(-c4ccncc4)c3=O)[C@@H]1N2CC1CC1'],,,,,
7086,BRD-K50673380,['54631952'],['CCC(=O)Nc1ccc2c(OC[C@@H](C)N(C[C@@H](C)[C@H](CN(C)C2=O)OC)C(=O)c2ccc(F)cc2)c1'],,,,,
7087,BRD-K50694553,['54660849'],['CN(C)C(=O)[C@@H]1[C@@H](CO)[C@@H]2Cn3c(ccc(C4=CCCC4)c3=O)[C@@H]2N1C(=O)c1ccccc1F'],,,,,
7088,BRD-K50716931,['54657492'],['Cc1noc(C)c1NC(=O)N1C[C@@H](O)COC[C@@H]2O[C@H](CC(=O)N3CCc4ccccc4C3)CC[C@@H]12'],,,,,
7089,BRD-K50727748,['54661019'],['COc1ccc(cc1)-c1ccc2[C@@H]3[C@H](Cn2c1=O)[C@@H](CO)[C@@H](N3C(=O)NC(C)C)C(=O)NCC1CC1'],,,,,
7090,BRD-K50728502,['60184896'],['COc1ccc2c3c([nH]c2c1)[C@H](CO)N(Cc1ccc2OCOc2c1)C[C@]31CCN(CC1)C(=O)Nc1c(C)noc1C'],,,,,
7091,BRD-K50733069,['56835518'],['C[C@H](CO)N1C[C@@H](C)[C@H](CN(C)S(=O)(=O)c2ccc(cc2)C(F)(F)F)OCc3ccccc3-c4ccccc4C1=O'],,,,,
7092,BRD-K50737884,['56835287'],['C[C@@H](CO)N1C[C@@H](C)[C@H](CN(C)C(=O)C2CC2)OCc3ccccc3-c4ccccc4C1=O'],,,,,
7093,BRD-K50739913,['54650034'],['COc1ccccc1-c1ccc(cc1)[C@@H]1[C@@H](CO)N[C@H]1C#N'],,,,,
7094,BRD-K50746423,['25243714'],['Fc1ccc(cc1)S(=O)(=O)N2CCN(CC2)S(=O)(=O)c3ccc4OCCOc4c3'],,,,,
7095,BRD-K50748030,['54664845'],['COc1ccc(cc1)-c1ccc2N[C@@H](CO)[C@H]3CCN([C@H]3c2c1)C(=O)CN1CCOCC1'],,,,,
7096,BRD-K50754265,['44505459'],['COc1cccc(NC(=O)N(C)C[C@H]2OCc3cnnn3CCCC(=O)N(C[C@H]2C)[C@@H](C)CO)c1'],,,,,
7097,BRD-K50755896,['54631539'],['CO[C@@H]1CN(C)C(=O)c2ccc(NC(=O)Nc3cccc(F)c3)cc2OC[C@H](C)N(C[C@H]1C)C(C)=O'],,,,,
7098,BRD-K50761336,['54637691'],['C[C@H](CO)N1C[C@H](C)[C@@H](CN(C)S(=O)(=O)c2c(C)noc2C)OCc3ccccc3-c4c(C1=O)n(C)c5ccccc45'],,,,,
7099,BRD-K50776152,['824820'],['Cc1ccc(cc1)n2c(N)c(C#N)c(c(C#N)c2=O)c3ccccc3'],,,,,
7100,BRD-K50777342,['44483742'],['C[C@@H](CO)N1C[C@@H](C)[C@H](CN(C)C(=O)Nc2ccc(F)cc2)Oc3c(NC(=O)Nc4ccc(cc4)C(F)(F)F)cccc3C1=O'],,,,,
7101,BRD-K50790730,['60189766'],['COc1ccc2c3c([nH]c2c1)[C@H](CO)N(C[C@]31CN(Cc2ccccc2)C1)C(=O)c1cccnc1'],,,,,
7102,BRD-K50791850,['54654105'],['COc1ccc(CNC(=O)C[C@@H]2CC[C@H]3[C@@H](COc4ccc(NC(=O)C(C)C)cc4C(=O)N3C)O2)cc1'],,,,,
7103,BRD-K50791983,['54650094'],['CC(C)NC(=O)N1[C@@H](CO)[C@@H]([C@H]1C#N)c1ccc(cc1)-c1ccc(F)cc1'],,,,,
7104,BRD-K50795058,['54666486'],['C\\C=C\\c1ccc(cc1)[C@H]1[C@H](CO)N2CCCCN(C[C@@H]12)C(=O)Cc1cccnc1'],,,,,
7105,BRD-K50795243,['54665055'],['OC[C@H]1Nc2ccc(cc2[C@@H]2[C@H]1CCN2C(=O)Cc1ccncc1)-c1ccccc1F'],,,,,
7106,BRD-K50799972,['54649381'],['COc1ccccc1-c1cccc(c1)-c1nc(cc2CN([C@@H](CCO)c12)[S@@](=O)C(C)(C)C)C(=O)NCc1ccncc1'],,,,,
7107,BRD-K50801330,['54618587'],['COc1ccccc1C#Cc2cnc3O[C@H](CN(C)S(=O)(=O)c4cn(C)cn4)[C@H](C)CN([C@H](C)CO)C(=O)c3c2'],,,,,
7108,BRD-K50805111,['54631800'],['CCC(=O)Nc1ccc2c(OC[C@@H](C)N(CCc3ccccc3)C[C@@H](C)[C@H](CN(C)C2=O)OC)c1'],,,,,
7109,BRD-K50808811,['54638409'],['COc1ccccc1NC(=O)N[C@H]1CC[C@@H](CC(=O)NCc2ccc(Cl)c(Cl)c2)O[C@H]1CO'],,,,,
7110,BRD-K50819157,['54631647'],['CO[C@H]1CN(C)C(=O)c2cc(NC(C)=O)ccc2OC[C@@H](C)N(Cc2ccccc2OC)C[C@H]1C'],,,,,
7111,BRD-K50822286,['54665021'],['CCC(=O)N1CC[C@@H]2[C@H]1c1cc(ccc1N(C)[C@H]2CO)C#Cc1cccc(F)c1'],,,,,
7112,BRD-K50827439,['54666432'],['OC[C@H]1[C@H]([C@@H]2CN(CCCCN12)S(=O)(=O)c1cccs1)c1ccc(\\C=C\\c2ccccc2)cc1'],,,,,
7113,BRD-K50845321,['54654014'],['CN1[C@H]2CC[C@@H](CC(=O)NC3CCCC3)O[C@@H]2COc2ccc(NC(=O)c3cc(C)on3)cc2C1=O'],,,,,
7114,BRD-K50846154,['44501789'],['C[C@H](CO)N1C[C@H](C)[C@@H](CN(C)CC2CCCCC2)OCCCC[C@@H](C)Oc3ccc(NC(=O)c4ccncc4)cc3C1=O'],,,,,
7115,BRD-K50868745,['54657574'],['O[C@@H]1COC[C@H]2O[C@@H](CC(=O)NCCCN3CCOCC3)CC[C@@H]2N(C1)C(=O)c1ccccc1'],,,,,
7116,BRD-K50883617,['54638268'],['COc1ccccc1-c1cn(CC[C@H]2CC[C@@H](NC(=O)c3cnccn3)[C@H](CO)O2)nn1'],,,,,
7117,BRD-K50887310,['54657935'],['CN1CCN(CC1)C(=O)C[C@H]1CC[C@@H]2[C@H](COC[C@@H](O)CN2C(=O)c2ccccc2F)O1'],,,,,
7118,BRD-K50890172,['60189949'],['CCCC(=O)N1C[C@]2(CCN(CC2)S(=O)(=O)CC)c2c([C@H]1CO)n(C)c1cc(OC)ccc21'],,,,,
7119,BRD-K50893227,['54651264'],['OC[C@@H]1[C@@H]([C@H](CNC(=O)c2ccncc2)N1CC1CCCC1)c1ccccc1'],,,,,
7120,BRD-K50907285,['46907734'],['NC(=O)C1CCN(CC1)c1nc(cs1)-c1ccc2OCCc2c1'],,,,,
7121,BRD-K50916779,['44502688'],['C[C@H](CO)N1C[C@H](C)[C@@H](CN(C)C(=O)NC2CCCCC2)OCCCC[C@@H](C)Oc3ccc(NC(=O)CCC(F)(F)F)cc3C1=O'],,,,,
7122,BRD-K50938873,['54646339'],['OC[C@@H]1O[C@@H](CC(=O)NCc2cc(F)ccc2F)C[C@@H]3[C@H]1Oc4ccc(NC(=O)C5CCOCC5)cc34'],,,,,
7123,BRD-K50949213,['54661403'],['CN1CCN(CC1)C(=O)[C@@H]1[C@@H](CO)[C@@H]2Cn3c(ccc(-c4cncnc4)c3=O)[C@@H]2N1CC1CC1'],,,,,
7124,BRD-K50953983,['60189973'],['COc1cccc(CN2C[C@]3(CCN(CC3)S(C)(=O)=O)c3c([C@@H]2CO)n(C)c2cc(OC)ccc32)c1'],,,,,
7125,BRD-K50974880,['54654389'],['CCS(=O)(=O)Nc1ccc2OC[C@@H]3O[C@H](CC(=O)NCCOC)CC[C@@H]3N(C)C(=O)c2c1'],,,,,
7126,BRD-K50981189,['54631899'],['CO[C@H]1CN(C)C(=O)c2cc(NC(C)=O)ccc2OC[C@H](C)N(Cc2ccccc2OC)C[C@@H]1C'],,,,,
7127,BRD-K50984462,['54632116'],['CO[C@H]1CN(C)C(=O)c2cc(NC(=O)c3ccccc3F)ccc2OC[C@@H](C)NC[C@@H]1C'],,,,,
7128,BRD-K50985433,['44142106'],['O=S(=O)(N1CCN(CC1)S(=O)(=O)c2ccc3OCCOc3c2)c4ccco4'],,,,,
7129,BRD-K50986888,['54650088'],['CCCC#Cc1ccc(cc1)[C@@H]1[C@H](CO)N([C@H]1C#N)S(C)(=O)=O'],,,,,
7130,BRD-K51019170,['54637943'],['CC(C)OC(=O)N(C)C[C@@H]1OCc2ccccc2-c3ccccc3C(=O)N(C[C@@H]1C)[C@H](C)CO'],,,,,
7131,BRD-K51030799,['60185161'],['COc1cccc(CN2C[C@]3(CN(C)C3)c3c([C@H]2CO)n(C)c2cc(OC)ccc32)c1'],,,,,
7132,BRD-K51031805,['54618881'],['C[C@@H](CO)N1C[C@@H](C)[C@@H](CN(C)Cc2ccncc2)Oc3cc(C#CCN(C)C)ccc3S1(=O)=O'],,,,,
7133,BRD-K51034923,['54646561'],['COc1cccc(c1)S(=O)(=O)Nc2ccc3O[C@@H]4[C@@H](C[C@H](CC(=O)N5CCCCC5)O[C@H]4CO)c3c2'],,,,,
7134,BRD-K51036109,['54660759'],['CS(=O)(=O)N1[C@@H]([C@@H](CO)[C@@H]2Cn3c(ccc(C4=CCCC4)c3=O)[C@H]12)C(=O)NCCc1ccncc1'],,,,,
7135,BRD-K51040159,['54632179'],['CCS(=O)(=O)Nc1ccc2OC[C@@H](C)N(Cc3ccccn3)C[C@@H](C)[C@H](CN(C)C(=O)c2c1)OC'],,,,,
7136,BRD-K51041684,['54649337'],['CC(C)(C)[S@](=O)N1Cc2cc(nc(c2[C@@H]1CCO)-c1cccc(c1)-c1cccnc1)C(=O)N1CCc2ccccc2C1'],,,,,
7137,BRD-K51047687,['44495717'],['COc1ccc(CN(C)C[C@H]2Oc3c(NC(=O)Nc4ccc(cc4)C(F)(F)F)cccc3C(=O)N(C[C@@H]2C)[C@@H](C)CO)cc1'],,,,,
7138,BRD-K51050139,['54652702'],['OC[C@H]1[C@H]2[C@H](CN(C(=O)Nc3cc(F)ccc3F)c3ccccc23)N1Cc1cccnc1'],,,,,
7139,BRD-K51050762,['54638693'],['OC[C@@H]1O[C@H](CC(=O)N2CCc3ccccc3C2)CC[C@H]1NC(=O)Nc1cc(F)ccc1F'],,,,,
7140,BRD-K51072560,['56835344'],['C[C@@H](CO)N1C[C@H](C)[C@@H](CN(C)Cc2cccc(c2)C(=O)O)OCc3ccccc3-c4c(C1=O)n(C)c5ccccc45'],,,,,
7141,BRD-K51083659,['44490299'],['COc1ccc(cc1)S(=O)(=O)Nc2ccc3O[C@@H](CN(C)S(=O)(=O)c4ccc(OC)cc4)[C@@H](C)CN([C@H](C)CO)C(=O)Cc3c2'],,,,,
7142,BRD-K51088127,['54649523'],['CO[C@@H]1CC[C@@H]2CCN(C)C(=O)[C@@H](C)[C@H](CN(C)C(=O)c3cc(ccc3OC[C@H]1O2)C#N)OC'],,,,,
7143,BRD-K51102238,['54664893'],['OC[C@H]1Nc2ccc(cc2[C@@H]2[C@H]1CCN2C(=O)Cc1ccccn1)-c1cccc(F)c1'],,,,,
7144,BRD-K51126483,['44634510'],['Cc1nc2ccccn2c1C(O)(c1ccccc1)c1ccccc1'],,,,,
7145,BRD-K51126488,['54645892'],['CN(C)C(=O)C[C@H]1C[C@@H]2[C@@H](Oc3ccc(NC(=O)Nc4ccc(F)cc4)cc23)[C@H](CO)O1'],,,,,
7146,BRD-K51133104,['54664928'],['OC[C@H]1Nc2ccc(Br)cc2[C@@H]2[C@H]1CCN2C(=O)Cc1ccncc1'],,,,,
7147,BRD-K51134784,['60184968'],['COc1ccc2c3c([C@@H](CO)N(C[C@]33CN(Cc4ccncc4)C3)C(=O)CC3CC3)n(C)c2c1'],,,,,
7148,BRD-K51140856,['44142052'],['C(Nc1ncnc2ccc(cc12)c3ccc4OCCOc4c3)c5cccs5'],,,,,
7149,BRD-K51143622,['54637969'],['C[C@@H](CO)N1C[C@H](C)[C@H](CN(C)C(=O)N[C@H](C)c2ccccc2)OCc3ccccc3-c4c(C1=O)n(C)c5ccccc45'],,,,,
7150,BRD-K51147043,['54661065'],['OC[C@@H]1[C@H]2Cn3c(ccc(-c4ccncc4)c3=O)[C@H]2N(Cc2ccncc2)[C@H]1C(=O)NCC(F)(F)F'],,,,,
7151,BRD-K51147721,['54631740'],['CO[C@H]1CN(C)C(=O)c2cc(NC(=O)C3CC3)ccc2OC[C@H](C)N(C[C@@H]1C)C(=O)CN1CCOCC1'],,,,,
7152,BRD-K51155404,['56643195'],['Cc1ccc2oc(NC3=NC4=C(C(=O)CCC4)C4(CCCC4)N3)nc2c1'],,,,,
7153,BRD-K51164721,['44491334'],['C[C@@H](CO)N1C[C@@H](C)[C@@H](CN(C)Cc2ccc(Cl)c(Cl)c2)Oc3c(NS(=O)(=O)C)cccc3C1=O'],,,,,
7154,BRD-K51166678,['60184853'],['C(N1C[C@H]2N[C@@H](C1)[C@@H]2c1ccc(cc1)-c1cccnc1)c1ccc2OCOc2c1'],,,,,
7155,BRD-K51179640,['54632177'],['CO[C@@H]1CN(C)C(=O)c2cc(NC(=O)NC(C)C)ccc2OC[C@@H](C)N(Cc2ccccc2)C[C@H]1C'],,,,,
7156,BRD-K51181663,['54654579'],['COc1ccccc1C(=O)Nc1ccc2OC[C@@H]3O[C@H](CC(=O)NCCc4ccncc4)CC[C@H]3N(C)C(=O)c2c1'],,,,,
7157,BRD-K51186655,['54646470'],['C[C@@H](NC(=O)C[C@@H]1C[C@@H]2[C@@H](Oc3ccc(NC(=O)C4CCOCC4)cc23)[C@H](CO)O1)c5ccccc5'],,,,,
7158,BRD-K51189903,['44486410'],['C[C@@H](CO)N1C[C@@H](C)[C@@H](CN(C)S(=O)(=O)c2ccc(F)cc2)OCCCC[C@@H](C)Oc3ccc(NC(=O)Nc4ccccc4)cc3C1=O'],,,,,
7159,BRD-K51197994,['44505052'],['COc1cccc(CN(C)C[C@H]2OCc3cn(CCCC(=O)N(C[C@H]2C)[C@H](C)CO)nn3)c1'],,,,,
7160,BRD-K51201721,['54646146'],['CS(=O)(=O)Nc1ccc2O[C@@H]3[C@@H](C[C@H](CC(=O)NC4CCCC4)O[C@@H]3CO)c2c1'],,,,,
7161,BRD-K51216807,['44498722'],['COc1ccc(NC(=O)N(C)C[C@H]2Oc3c(NC(=O)c4cc(C)nn4C)cccc3C(=O)N(C[C@@H]2C)[C@H](C)CO)cc1'],,,,,
7162,BRD-K51217456,['54631379'],['CO[C@H]1CN(C)C(=O)c2cc(NC(=O)C3CC3)ccc2OC[C@@H](C)N(C[C@@H]1C)C(=O)c1cccnc1'],,,,,
7163,BRD-K51218228,['54651335'],['OC[C@H]1N[C@@H](CN(CC2CCC2)C(=O)c2ccc(F)cc2)[C@H]1c1ccccc1'],,,,,
7164,BRD-K51220638,['54664865'],['CN1[C@@H](CO)[C@H]2CCN([C@H]2c2cc(ccc12)-c1ccccc1F)C(=O)Cc1ccccn1'],,,,,
7165,BRD-K51241952,['54639030'],['OC[C@H]1O[C@@H](CCn2cc(Cc3ccccc3)nn2)CC[C@H]1NC(=O)Nc1cccc(Cl)c1'],,,,,
7166,BRD-K51256476,['54657511'],['Cn1cnc(CCNC(=O)C[C@H]2CC[C@H]3[C@@H](COC[C@@H](O)CN3C(=O)Nc3ccc(cc3)C(F)(F)F)O2)c1'],,,,,
7167,BRD-K51257364,['54657767'],['CCC(=O)N1C[C@@H](O)COC[C@H]2O[C@@H](CC(=O)NCc3cc(F)cc(F)c3)CC[C@H]12'],,,,,
7168,BRD-K51266459,['54646190'],['COc1ccccc1CNC(=O)C[C@H]2C[C@@H]3[C@@H](Oc4ccc(NS(=O)(=O)c5ccc(F)cc5)cc34)[C@@H](CO)O2'],,,,,
7169,BRD-K51267267,['44495291'],['C[C@H](CO)N1C[C@@H](C)[C@@H](CN(C)Cc2ccc(Cl)c(Cl)c2)Oc3c(NS(=O)(=O)c4cccs4)cccc3C1=O'],,,,,
7170,BRD-K51285422,['60185046'],['COc1ccc2c3c([C@@H](CO)N(Cc4ccncc4)C[C@]33CN(C3)C(=O)C3CCCCC3)n(C)c2c1'],,,,,
7171,BRD-K51287451,['54646740'],['OC[C@H]1O[C@H](CC(=O)NCCc2ccccc2)C[C@H]3[C@@H]1Oc4ccc(NC(=O)c5ccc6OCOc6c5)cc34'],,,,,
7172,BRD-K51288770,['60184819'],['COc1ccc2c3c([C@@H](CO)N(Cc4cccnc4)C[C@]33CN(C3)C(=O)c3cccnc3)n(C)c2c1'],,,,,
7173,BRD-K51320264,['5416418'],['CC(C)c1ccc(/C=C/C(=O)NC2=NCCS2)cc1'],,,,,
7174,BRD-K51322285,['54657804'],['COc1cccc(NC(=O)N2C[C@@H](O)COC[C@H]3O[C@H](CC(=O)N(C)C)CC[C@H]23)c1'],,,,,
7175,BRD-K51329831,['60191326'],['COc1ccc(cc1)-c1ccc(cc1)[C@H]1[C@@H](CO)N2[C@H]1CN(CC2=O)C(=O)C1CC1'],,,,,
7176,BRD-K51338042,['60184913'],['COc1cccc(c1)-c1ccc(cc1)[C@@H]1[C@H]2CN(C[C@@H]1N2)C(=O)C1CCOCC1'],,,,,
7177,BRD-K51339020,['53382666'],['OC[C@H]1O[C@H](CC(=O)NCCCN2CCOCC2)C=C[C@@H]1NS(=O)(=O)c1ccccc1F'],,,,,
7178,BRD-K51349050,['60190991'],['OC[C@H]1[C@@H]([C@@H]2CN(CC(=O)N12)C(=O)c1cnccn1)c1ccc(cc1)-c1cccc(F)c1'],,,,,
7179,BRD-K51358551,['54666631'],['OC[C@H]1[C@H]([C@H]2CN(CCCCN12)S(=O)(=O)c1ccccc1)c1ccc(cc1)C#CC1CCCC1'],,,,,
7180,BRD-K51360326,['54646452'],['OC[C@@H]1O[C@@H](CC(=O)NC2CCCCC2)C[C@H]3[C@@H]1Oc4ccc(NC(=O)c5ccc6OCOc6c5)cc34'],,,,,
7181,BRD-K51361049,['54649465'],['COc1cccc(CNC(=O)c2cc3CN([C@H](CCO)c3c(n2)-c2cccc(c2)-c2cccc(c2)C#N)[S@](=O)C(C)(C)C)c1'],,,,,
7182,BRD-K51368944,['60184944'],['COc1ccc2c3c([C@H](CO)NC[C@]33CN(C3)C(=O)CC3CC3)n(C)c2c1'],,,,,
7183,BRD-K51372689,['54651305'],['OC[C@@H]1[C@@H]([C@@H](CNC(=O)C2CCC2)N1C(=O)Cc1ccncc1)c1ccccc1'],,,,,
7184,BRD-K51377689,['44142132'],['Cn1nnnc1Sc2ncnc3scc(c4ccccc4C(F)(F)F)c23'],,,,,
7185,BRD-K51381937,['53382706'],['CO[C@@H]1CN(C)C(=O)c2ccc(NC(=O)C3CCC3)cc2OC[C@H](C)N(CC2CCCCC2)C[C@H]1C'],,,,,
7186,BRD-K51388814,['54615005'],['CCCN(C)C[C@H]1OCCCC[C@@H](C)Oc2ccc(NS(=O)(=O)c3ccc(C)cc3)cc2C(=O)N(C[C@H]1C)[C@@H](C)CO'],,,,,
7187,BRD-K51390731,['60189659'],['COc1cccc(c1)-c1ccc(cc1)[C@H]1[C@H](CO)N(C(=O)C2CC2)C11CN(C1)C(C)=O'],,,,,
7188,BRD-K51390937,['54618436'],['COCC(=O)N(C)C[C@@H]1Oc2ncc(C#CC(C)(C)O)cc2C(=O)N(C[C@H]1C)[C@@H](C)CO'],,,,,
7189,BRD-K51392039,['54646534'],['COCC(=O)Nc1ccc2O[C@@H]3[C@@H](C[C@H](CC(=O)NCc4cccnc4)O[C@@H]3CO)c2c1'],,,,,
7190,BRD-K51394868,['54651458'],['C\\C=C\\c1ccc(cc1)[C@@H]1[C@@H](CO)N[C@@H]1CN(C(C)C)C(=O)C1CCC1'],,,,,
7191,BRD-K51395794,['54664950'],['CN(C)C(=O)c1cccc(c1)-c1ccc2N[C@@H](CO)[C@H]3CCN([C@H]3c2c1)S(=O)(=O)c1ccc(C)cc1'],,,,,
7192,BRD-K51400578,['44485559'],['C[C@@H](CO)N1C[C@@H](C)[C@@H](CN(C)C)Oc2ccc(NC(=O)C3CC3)cc2C1=O'],,,,,
7193,BRD-K51410836,['60189732'],['CCS(=O)(=O)N1C[C@@]2(C1)CN([C@H](CO)c1[nH]c3cc(OC)ccc3c21)C(=O)c1ccc(F)cc1'],,,,,
7194,BRD-K51413232,['44495482'],['CC(C)NC(=O)N(C)C[C@H]1OCCCC[C@@H](C)Oc2ccc(NC(=O)Cc3ccccc3)cc2C(=O)N(C[C@@H]1C)[C@@H](C)CO'],,,,,
7195,BRD-K51428159,['54664869'],['OC[C@H]1Nc2ccc(cc2[C@H]2[C@@H]1CCN2C(=O)C1CCC1)C#Cc1cccc(F)c1'],,,,,
7196,BRD-K51431550,['54664930'],['CN1[C@H](CO)[C@@H]2CCN([C@@H]2c2cc(ccc12)-c1cccc(c1)C#N)C(=O)CC1CC1'],,,,,
7197,BRD-K51454562,['44485781'],['C[C@H](CO)N1C[C@@H](C)[C@@H](CN(C)S(=O)(=O)c2ccc(F)cc2)OCCCC[C@H](C)Oc3ccc(NC(=O)Nc4ccccc4)cc3C1=O'],,,,,
7198,BRD-K51457407,['54657687'],['O[C@H]1COC[C@H]2O[C@H](CC(=O)NCc3ccccc3Cl)CC[C@@H]2N(Cc2nccs2)C1'],,,,,
7199,BRD-K51471107,['54654268'],['C[C@H](NC(=O)C[C@@H]1CC[C@H]2[C@H](COc3ccc(NS(=O)(=O)c4ccc(Cl)cc4)cc3C(=O)N2C)O1)c1ccccc1'],,,,,
7200,BRD-K51475868,['60191125'],['COCC#Cc1ccc(cc1)[C@@H]1[C@@H](CO)N2[C@H]1CN(CC2=O)C(=O)C1CCCCC1'],,,,,
7201,BRD-K51498721,['60184829'],['COc1cccc(c1)-c1ccc(cc1)[C@H]1[C@@H]2CNC[C@H]1N2C(=O)Nc1ccccc1F'],,,,,
7202,BRD-K51511759,['44498675'],['C[C@H](CO)N1C[C@@H](C)[C@H](CN(C)Cc2ccc(cc2)C(F)(F)F)OCCCC[C@H](C)Oc3ccc(NC(=O)c4ccncc4)cc3C1=O'],,,,,
7203,BRD-K51512723,['54618456'],['C[C@H](CO)N1C[C@@H](C)[C@H](CN(C)Cc2cncnc2)Oc3cc(C#CC4CCCC4)ccc3S1(=O)=O'],,,,,
7204,BRD-K51530321,['44502358'],['C[C@H](CO)N1C[C@H](C)[C@H](CN(C)C(=O)Nc2ccc3OCOc3c2)OCCCC[C@@H](C)Oc4ccc(cc4C1=O)N(C)C'],,,,,
7205,BRD-K51538472,['54631804'],['COCC(=O)Nc1ccc2OC[C@H](C)N(C[C@H](C)[C@H](CN(C)C(=O)c2c1)OC)C(=O)c1ccccc1'],,,,,
7206,BRD-K51556300,['44506645'],['C[C@@H](CO)N1C[C@@H](C)[C@@H](CN(C)Cc2ccc(cc2)c3ccccc3)Oc4ccc(NC(=O)CCCCCC(=O)Nc5ccccc5N)cc4CC1=O'],,,,,
7207,BRD-K51556413,['54637683'],['C[C@@H](CO)N1C[C@H](C)[C@H](CN(C)C(=O)[C@H]2CCCN2C)OCc3ccccc3-c4c(C1=O)n(C)c5ccccc45'],,,,,
7208,BRD-K51556457,['60191563'],['CCCNC(=O)N1[C@H](CO)[C@@H](c2ccccc2)C11CN(C1)C(=O)c1cccnc1'],,,,,
7209,BRD-K51557114,['5283389'],['CCCCC/C=C\\C/C=C\\C/C=C\\C/C=C\\CCCC(=O)NCC(=O)O'],,,,,
7210,BRD-K51569524,['44504979'],['C[C@H](CO)N1C[C@@H](C)[C@@H](CN(C)C(=O)c2ccncc2)OCc3cn(CCCC1=O)nn3'],,,,,
7211,BRD-K51574318,['54638021'],['C[C@@H](CO)N1C[C@@H](C)[C@@H](CN(C)S(=O)(=O)c2cccc(F)c2)OCc3ccccc3-c4c(C1=O)n(C)c5ccccc45'],,,,,
7212,BRD-K51579714,['54651468'],['COCC(=O)N1[C@H](CO)[C@H]([C@@H]1CN(C)C(=O)c1ccncc1)c1ccccc1'],,,,,
7213,BRD-K51579715,['54654322'],['COC(=O)C[C@@H]1CC[C@H]2[C@@H](COc3ccc(NC(=O)Nc4cc(C)cc(C)c4)cc3C(=O)N2C)O1'],,,,,
7214,BRD-K51585944,['53382697'],['CO[C@@H]1CN(C)C(=O)c2cc(NC(=O)NC3CCCCC3)ccc2OC[C@@H](C)N(CCc2ccccc2)C[C@@H]1C'],,,,,
7215,BRD-K51592421,['54631547'],['CO[C@@H]1CN(C)C(=O)c2cc(NC(=O)c3cccc(OC)c3)ccc2OC[C@@H](C)NC[C@H]1C'],,,,,
7216,BRD-K51592837,['6731927'],['COCCOC(=O)N1C(=O)[C@]2([C@@H]([C@@H]3N([C@@H]2c4ccccc4OCCO)[C@H]([C@H](OC3=O)c5ccccc5)c6ccccc6)C(=O)N)c7cc(C#CC8=CCCCC8)ccc17'],,,,,
7217,BRD-K51595563,['44488451'],['CC(C)NC(=O)Nc1ccc2O[C@H](CN(C)C)[C@H](C)CN([C@H](C)CO)C(=O)c2c1'],,,,,
7218,BRD-K51608872,['1517919'],['CN(C)c1nc(N)nc(CSc2nnnn2c3cccc4ccccc34)n1'],,,,,
7219,BRD-K51620275,['54638514'],['CC(C)NC(=O)N[C@H]1C=C[C@H](CC(=O)NC2Cc3ccccc3C2)O[C@@H]1CO'],,,,,
7220,BRD-K51626376,['54632493'],['CO[C@H]1CN(C)C(=O)c2cc(NC(=O)C3CCCCC3)ccc2OC[C@H](C)N(C[C@H]1C)C(=O)c1ccccc1'],,,,,
7221,BRD-K51633576,['44488837'],['CC(C)NC(=O)Nc1ccc2O[C@@H](CN(C)C)[C@H](C)CN([C@@H](C)CO)C(=O)c2c1'],,,,,
7222,BRD-K51640940,['54661251'],['COc1ccc(cc1)-c1ccc2[C@@H]3[C@@H]([C@@H](CO)[C@H](Cn2c1=O)N3C(=O)c1ccccc1F)C(O)=O'],,,,,
7223,BRD-K51643619,['44507975'],['C[C@H](CO)N1C[C@H](C)[C@@H](CN(C)CC2CCCCC2)Oc3c(NC(=O)CCCCCC(=O)Nc4ccccc4N)cccc3C1=O'],,,,,
7224,BRD-K51643793,['54637670'],['CO[C@@H](C(=O)N(C)C[C@@H]1OCc2ccccc2-c3c(C(=O)N(C[C@@H]1C)[C@@H](C)CO)n(C)c4ccccc34)c5ccccc5'],,,,,
7225,BRD-K51644197,['6484054'],['Fc1ccccc1CCNc2c3CCCCc3nc4ncnn24'],,,,,
7226,BRD-K51662742,['54637850'],['COc1cccc(c1)S(=O)(=O)N(C)C[C@H]2OCc3ccccc3-c4ccccc4C(=O)N(C[C@H]2C)[C@H](C)CO'],,,,,
7227,BRD-K51674646,['24002878'],['CCCSC1=N/C(=C/c2cccs2)/C(=O)N1c3ccc(F)c(Cl)c3'],,,,,
7228,BRD-K51683034,['24868580'],['CC(C)(C)OC(=O)CC[C@@]12N=C(O[C@H]2c3ccccc3CN(CC=C)C1=O)c4ccc(OCCCO)cc4'],,,,,
7229,BRD-K51696048,['1349139'],['[O-][N+](=O)c1ccc(OCC(=O)Nc2ccc3oc(nc3c2)c4ccccc4Cl)cc1'],,,,,
7230,BRD-K51703152,['54654266'],['C[C@H](NC(=O)C[C@H]1CC[C@H]2[C@H](COc3ccc(NS(=O)(=O)c4ccc(Cl)cc4)cc3C(=O)N2C)O1)c1ccccc1'],,,,,
7231,BRD-K51712294,['54637906'],['C[C@H](CO)N1C[C@H](C)[C@H](CN(C)C(=O)Cc2ccccc2)OCc3ccccc3-c4c(C1=O)n(C)c5ccccc45'],,,,,
7232,BRD-K51725102,['54631404'],['CCCN1C[C@@H](C)[C@@H](CN(C)C(=O)c2cc(NC(=O)c3cnccn3)ccc2OC[C@H]1C)OC'],,,,,
7233,BRD-K51731619,['2981024'],['NCCCN(Cc1ccco1)C2CCCC2'],,,,,
7234,BRD-K51733045,['54651254'],['COCC(=O)NC[C@@H]1[C@H]([C@H](CO)N1C(=O)c1ccccc1)c1ccccc1'],,,,,
7235,BRD-K51740186,['44484523'],['C[C@@H](CO)N1C[C@@H](C)[C@@H](CN(C)C(=O)Oc2ccc(C)cc2)OCc3cn(CCCC1=O)nn3'],,,,,
7236,BRD-K51745483,['2557019'],['O=C(CSc1nc2ccccc2c(=O)n1-c1ccccc1)Nc1ccc2CCCc2c1'],,,,,
7237,BRD-K51759637,['54657534'],['C[C@H](NC(=O)C[C@@H]1CC[C@H]2[C@@H](COC[C@@H](O)CN2C(=O)Nc2cccc(Cl)c2)O1)c1ccccc1'],,,,,
7238,BRD-K51762600,['44505038'],['C[C@H](CO)N1C[C@H](C)[C@@H](CN(C)Cc2cccc(c2)C(F)(F)F)OCc3cnnn3CCCC1=O'],,,,,
7239,BRD-K51774400,['54657942'],['O[C@@H]1COC[C@H]2O[C@@H](CC(=O)NCC3CCCCC3)CC[C@@H]2N(Cc2cccc(Cl)c2)C1'],,,,,
7240,BRD-K51774655,['22434552'],['COc1ccc2cc3cc(sc3nc2c1)C(=O)Nc1ccc(F)cc1'],,,,,
7241,BRD-K51776699,['54638005'],['C[C@@H](CO)N1C[C@@H](C)[C@@H](CN(C)C(=O)C2CC2)OCc3ccccc3-c4c(C1=O)n(C)c5ccccc45'],,,,,
7242,BRD-K51791261,['54618661'],['C[C@@H](CO)N1C[C@@H](C)[C@H](CN(C)C(=O)c2ccc3OCOc3c2)Oc4cc(ccc4S1(=O)=O)c5ccccc5'],,,,,
7243,BRD-K51791390,['44506865'],['C[C@@H](CO)N1C[C@H](C)[C@@H](CN(C)Cc2ccc(cc2)C(=O)Nc3ccccc3N)Oc4c(NC(=O)c5ccc(cc5)c6nccs6)cccc4C1=O'],,,,,
7244,BRD-K51797651,['60189673'],['CCS(=O)(=O)N1C[C@@]2(C1)CN(Cc1cccc(Cl)c1)[C@@H](CO)c1c2c2ccc(OC)cc2n1C'],,,,,
7245,BRD-K51800846,['54649896'],['OC[C@H]1[C@@H]([C@@H](C#N)N1C(=O)C1CCCC1)c1ccccc1'],,,,,
7246,BRD-K51803154,['54618466'],['COc1ccccc1C#Cc2cnc3O[C@H](CN(C)C(=O)c4ccc5OCOc5c4)[C@H](C)CN([C@@H](C)CO)C(=O)c3c2'],,,,,
7247,BRD-K51810646,['54638846'],['OC[C@H]1O[C@H](CCNC(=O)C2CCCCC2)CC[C@H]1NC(=O)Nc1ccccc1F'],,,,,
7248,BRD-K51812182,['54654264'],['C[C@@H](NC(=O)C[C@@H]1CC[C@@H]2[C@@H](COc3ccc(NS(=O)(=O)c4ccc(Cl)cc4)cc3C(=O)N2C)O1)c1ccccc1'],,,,,
7249,BRD-K51823671,['44485930'],['C[C@@H](CO)N1C[C@H](C)[C@@H](CN(C)Cc2ccc(cc2)C(F)(F)F)Oc3ccc(NC(=O)Cn4cnnn4)cc3C1=O'],,,,,
7250,BRD-K51825814,['54646232'],['C[C@H](NC(=O)C[C@@H]1C[C@@H]2[C@@H](Oc3ccc(NC(=O)Nc4ccc(cc4)C(F)(F)F)cc23)[C@H](CO)O1)c5ccccc5'],,,,,
7251,BRD-K51826244,['54661259'],['OC[C@H]1[C@@H]2Cn3c(ccc(C4=CCCCC4)c3=O)[C@@H]2N[C@@H]1C(=O)N1CCC(Cc2ccccc2)CC1'],,,,,
7252,BRD-K51832753,['56835481'],['C[C@@H](CO)N1C[C@H](C)[C@@H](CN(C)C(=O)c2c(C)noc2C)OCc3ccccc3-c4c(C1=O)n(C)c5ccccc45'],,,,,
7253,BRD-K51846078,['44501759'],['C[C@H](CO)N1C[C@H](C)[C@@H](CN(C)CC2CCCCC2)OCCCC[C@@H](C)Oc3ccc(NS(=O)(=O)c4ccc(C)cc4)cc3C1=O'],,,,,
7254,BRD-K51849024,['54631307'],['CCCNC(=O)Nc1ccc2OC[C@H](C)N(Cc3ccc(cc3)-c3ccccn3)C[C@@H](C)[C@@H](CN(C)C(=O)c2c1)OC'],,,,,
7255,BRD-K51849212,['44484281'],['C[C@@H](CO)N1C[C@H](C)[C@H](CN(C)Cc2ccc(cc2)C(F)(F)F)Oc3ccc(NC(=O)Cn4cnnn4)cc3C1=O'],,,,,
7256,BRD-K51871563,['54651323'],['C\\C=C\\c1ccc(cc1)[C@@H]1[C@@H](CO)N[C@@H]1CN(CC(C)C)C(=O)c1ccccn1'],,,,,
7257,BRD-K51877340,['44485804'],['COc1ccc(CN(C)C[C@H]2OCCCC[C@@H](C)Oc3ccc(NC(=O)Nc4c(C)noc4C)cc3C(=O)N(C[C@H]2C)[C@H](C)CO)cc1'],,,,,
7258,BRD-K51888384,['54665067'],['CN1[C@H](CO)[C@H]2CCN([C@H]2c2cc(ccc12)-c1cccc(F)c1)C(=O)Cc1cccnc1'],,,,,
7259,BRD-K51894281,['54646245'],['COc1ccc(NC(=O)Nc2ccc3O[C@@H]4[C@@H](C[C@@H](CC(=O)NCc5ccccn5)O[C@@H]4CO)c3c2)cc1'],,,,,
7260,BRD-K51895259,['54650204'],['CCc1cnc(s1)N1[C@H](CO)[C@H]([C@@H]1C#N)c1ccc(cc1)-c1cccc(F)c1'],,,,,
7261,BRD-K51896917,['8460266'],['CC(=O)c1ccc(cc1)N1CCN(CC1)S(=O)(=O)c1ccc2NC(=O)CCc2c1'],,,,,
7262,BRD-K51908245,['54654114'],['CCCC(=O)Nc1ccc2OC[C@H]3O[C@H](CC(=O)NCc4cccc(F)c4)CC[C@@H]3N(C)C(=O)c2c1'],,,,,
7263,BRD-K51911655,['60184987'],['C(C1CC1)N1[C@H]2CNC[C@@H]1[C@H]2c1ccc(cc1)-c1cccnc1'],,,,,
7264,BRD-K51916742,['60182932'],['OC[C@H]1[C@@H]([C@@H]2CN(CC(=O)N12)C(=O)c1cnccn1)c1ccc(cc1)C#CCc1ccccc1'],,,,,
7265,BRD-K51922621,['44489719'],['CC(C)NC(=O)Nc1ccc2O[C@H](C)CCCCO[C@H](CN(C)C(=O)Nc3ccccc3)[C@@H](C)CN([C@H](C)CO)C(=O)c2c1'],,,,,
7266,BRD-K51930253,['60190154'],['CCCC(=O)N1CC[C@@]2(CC1)CN([C@H](CO)c1c2c2ccc(OC)cc2n1C)C(C)=O'],,,,,
7267,BRD-K51934037,['54624541'],['C[C@H](CO)N1C[C@@H](C)[C@H](CN(C)Cc2cccc(F)c2)Oc3cc(ccc3S1(=O)=O)c4ccccc4'],,,,,
7268,BRD-K51951665,['54660753'],['OC[C@@H]1[C@H]2Cn3c(cccc3=O)[C@H](N2)[C@H]1C(=O)NCc1cc(F)cc(F)c1'],,,,,
7269,BRD-K51954117,['44494652'],['C[C@H](CO)N1C[C@@H](C)[C@H](CN(C)Cc2ccc(cc2)C(F)(F)F)Oc3c(NC(=O)NC4CCCCC4)cccc3C1=O'],,,,,
7270,BRD-K51961561,['54660744'],['COC(=O)[C@H]1[C@H](CO)[C@H]2Cn3c(ccc(-c4ccccc4F)c3=O)[C@@H]1N2'],,,,,
7271,BRD-K51971121,['54645968'],['COc1ccccc1CNC(=O)C[C@H]2C[C@@H]3[C@@H](Oc4ccc(NC(=O)Nc5ccc(cc5)C(F)(F)F)cc34)[C@@H](CO)O2'],,,,,
7272,BRD-K51973945,['3950926'],['O=C(NC1CCCCC1)C2(CCCCC2)N(Cc3ccco3)C(=O)c4ccccn4'],,,,,
7273,BRD-K51975159,['54652483'],['COCC(=O)N1[C@H](CO)[C@@H]2[C@H]1CN(C(=O)Nc1cc(F)ccc1F)c1ccccc21'],,,,,
7274,BRD-K51981081,['44487471'],['C[C@H](CO)N1C[C@H](C)[C@@H](CN(C)Cc2ccncc2)OCCCC[C@H](C)Oc3ccc(NC(=O)Nc4ccccc4)cc3C1=O'],,,,,
7275,BRD-K51993206,['54649947'],['OC[C@@H]1[C@H]([C@H](C#N)N1C(=O)c1cccc(F)c1)c1ccc(cc1)C1=CCCCC1'],,,,,
7276,BRD-K51998640,['54646358'],['CN(C)c1ccc2O[C@H]3[C@H](C[C@H](CC(=O)NCc4ccccn4)O[C@@H]3CO)c2c1'],,,,,
7277,BRD-K52006320,['60191375'],['CCC(=O)N1C[C@@H]2[C@@H]([C@H](CO)N2C(=O)C1)c1ccc(cc1)-c1ccc(cc1)C#N'],,,,,
7278,BRD-K52032805,['54618483'],['CCCN(C)C[C@@H]1Oc2cc(ccc2S(=O)(=O)N(C[C@@H]1C)[C@@H](C)CO)c3cccc(F)c3'],,,,,
7279,BRD-K52044217,['44496658'],['CNC[C@@H]1Oc2c(NC(=O)NC(C)C)cccc2C(=O)N(C[C@@H]1C)[C@@H](C)CO'],,,,,
7280,BRD-K52045590,['54646441'],['OC[C@@H]1O[C@@H](CC(=O)NCc2ccc(Oc3ccccc3)cc2)C[C@@H]4[C@H]1Oc5ccc(NC(=O)C6CCOCC6)cc45'],,,,,
7281,BRD-K52047117,['54647489'],['CN(C)CC(=O)Nc1ccc2O[C@@H]3[C@@H](C[C@H](CC(=O)NCc4ccc5OCOc5c4)O[C@@H]3CO)c2c1'],,,,,
7282,BRD-K52047316,['44620117'],['COc1ccc(NC(=O)Nc2ccc3O[C@H](CN(C)Cc4ccc5OCOc5c4)[C@@H](C)CN([C@H](C)CO)C(=O)c3c2)cc1'],,,,,
7283,BRD-K52071480,['54652619'],['OC[C@@H]1[C@@H]2[C@@H](CN(C(=O)CC(F)(F)F)c3ccccc23)N1C(=O)C1CC1'],,,,,
7284,BRD-K52076988,['54632115'],['CO[C@@H]1CN(C)C(=O)c2ccc(NS(=O)(=O)c3ccccc3F)cc2OC[C@@H](C)NC[C@H]1C'],,,,,
7285,BRD-K52097822,['54631862'],['CCCC(=O)Nc1ccc2OC[C@H](C)N(Cc3nccs3)C[C@H](C)[C@@H](CN(C)C(=O)c2c1)OC'],,,,,
7286,BRD-K52099002,['44487484'],['C[C@H](CO)N1C[C@H](C)[C@@H](CN(C)C(=O)C2CCCCC2)OCCCC[C@H](C)Oc3ccc(NC(=O)Nc4c(C)noc4C)cc3C1=O'],,,,,
7287,BRD-K52111234,['44492530'],['COc1ccc(cc1)S(=O)(=O)Nc2ccc3O[C@H](CN(C)S(=O)(=O)c4ccc(OC)cc4)[C@H](C)CN([C@@H](C)CO)C(=O)Cc3c2'],,,,,
7288,BRD-K52117630,['44505326'],['C[C@H](CO)N1C[C@@H](C)[C@H](CN(C)S(=O)(=O)c2ccccc2C)OCc3cnnn3CCCC1=O'],,,,,
7289,BRD-K52123998,['54654417'],['CCS(=O)(=O)Nc1ccc2OC[C@@H]3O[C@@H](CC(=O)N[C@H]4CCN(Cc5ccccc5)C4)CC[C@@H]3N(C)C(=O)c2c1'],,,,,
7290,BRD-K52124071,['54631581'],['CO[C@H]1CN(C)C(=O)c2ccc(NC(=O)Nc3ccccc3Cl)cc2OC[C@@H](C)NC[C@H]1C'],,,,,
7291,BRD-K52136013,['60185205'],['CN(C)CC(=O)N1C[C@H]2N[C@@H](C1)[C@H]2c1ccc(\\C=C\\c2ccccc2)cc1'],,,,,
7292,BRD-K52149447,['54638708'],['OC[C@H]1O[C@@H](CC(=O)Nc2nccs2)C=C[C@@H]1NC(=O)c1cccc(F)c1'],,,,,
7293,BRD-K52157979,['60191657'],['OC[C@@H]1[C@H](c2ccccc2)C2(CN(C2)C(=O)CC2CC2)N1C(=O)c1cnccn1'],,,,,
7294,BRD-K52159901,['44505849'],['C[C@@H](CO)N1C[C@H](C)[C@@H](CN(C)C(=O)Nc2cccc(F)c2)OCc3cn(CCCC1=O)nn3'],,,,,
7295,BRD-K52160314,['71576756'],['CC1(C)C(=O)NN=C1c1ccc(Cl)cc1'],,,,,
7296,BRD-K52163391,['17757095'],['Cc1ccsc1CNc2ncnc3ccc(cc23)c4c(C)noc4C'],,,,,
7297,BRD-K52178187,['54638324'],['COc1ccc(NC(=O)N[C@H]2CC[C@H](CCNC(=O)Nc3cc(F)ccc3F)O[C@@H]2CO)cc1'],,,,,
7298,BRD-K52183630,['60191406'],['CS(=O)(=O)N1C[C@H]2[C@H]([C@@H](CO)N2C(=O)C1)c1ccc(cc1)C#CCC1CCCC1'],,,,,
7299,BRD-K52184420,['54645920'],['OC[C@@H]1O[C@@H](CC(=O)NCc2ccc(Oc3ccccc3)cc2)C[C@H]4[C@@H]1Oc5ccc(NC(=O)c6ccc7OCOc7c6)cc45'],,,,,
7300,BRD-K52189832,['54652611'],['COc1ccc(CN2[C@@H](CO)[C@H]3[C@@H]2CNc2ccccc32)cc1'],,,,,
7301,BRD-K52197325,['54664969'],['OC[C@H]1Nc2ccc(cc2[C@@H]2[C@H]1CCN2C(=O)C1CCCCC1)-c1ccc(cc1)C#N'],,,,,
7302,BRD-K52199185,['44505073'],['CNC[C@@H]1OCc2cnnn2CCCC(=O)N(C[C@@H]1C)[C@@H](C)CO'],,,,,
7303,BRD-K52203672,['54658084'],['CCCNC(=O)N1C[C@@H](O)COC[C@H]2O[C@H](CC(=O)N[C@H]3CCN(Cc4ccccc4)C3)CC[C@H]12'],,,,,
7304,BRD-K52204603,['56835349'],['C[C@@H](CO)N1C[C@H](C)[C@@H](CN(C)S(=O)(=O)c2cn(C)cn2)OCc3ccccc3-c4c(C1=O)n(C)c5ccccc45'],,,,,
7305,BRD-K52207968,['54657521'],['CCCNC(=O)N1C[C@@H](O)COC[C@@H]2O[C@H](CC(O)=O)CC[C@@H]12'],,,,,
7306,BRD-K52220918,['54615008'],['CC(C)NC(=O)Nc1ccc2O[C@@H](C)CCCCO[C@H](CN(C)C(=O)CCC(F)(F)F)[C@@H](C)CN([C@@H](C)CO)C(=O)c2c1'],,,,,
7307,BRD-K52221985,['54649964'],['CCCNC(=O)N1[C@H](CO)[C@H]([C@@H]1C#N)c1ccc(cc1)-c1ccccc1F'],,,,,
7308,BRD-K52225919,['54649547'],['CO[C@@H]1CC[C@@H]2CCOc3c(cccc3C(=O)N(C)C[C@@H](CC(=O)N(C)C[C@H]1O2)c1ccccc1)C#N'],,,,,
7309,BRD-K52252091,['54652704'],['CC(C)NC(=O)N1C[C@@H]2[C@@H]([C@@H](CO)N2C(=O)C2CCCC2)c2ccccc12'],,,,,
7310,BRD-K52303942,['54661446'],['CCCN1[C@@H]2Cn3c(ccc(-c4ccc(F)cc4)c3=O)[C@H]1[C@H]([C@@H]2CO)C(=O)NCCOC'],,,,,
7311,BRD-K52306726,['44504636'],['C[C@@H](CO)N1C[C@H](C)[C@H](CN(C)S(=O)(=O)C)Oc2ccc(NC(=O)Nc3cccc4ccccc34)cc2CC1=O'],,,,,
7312,BRD-K52309792,['54645961'],['COCC(=O)Nc1ccc2O[C@@H]3[C@@H](C[C@H](CC(=O)N4CCOCC4)O[C@@H]3CO)c2c1'],,,,,
7313,BRD-K52321331,['53338821'],['Oc1ccc(\\C=C\\c2c(F)cccc2F)c2cccnc12'],,,,,
7314,BRD-K52341396,['7217947'],['Cc1ccnc(SCc2cc(=O)c(OC(=O)c3ccc(C)c(c3)[N+]([O-])=O)co2)n1'],,,,,
7315,BRD-K52342362,['54651342'],['CC(C)CN(C[C@H]1[C@H]([C@@H](CO)N1C(C)=O)c1ccc(cc1)C1=CCCC1)C(C)=O'],,,,,
7316,BRD-K52353085,['54632037'],['CO[C@H]1CN(C)C(=O)c2cc(NC(=O)C3CC3)ccc2OC[C@H](C)N(CCC(F)(F)F)C[C@H]1C'],,,,,
7317,BRD-K52356070,['54646277'],['CN(C)c1ccc2O[C@@H]3[C@@H](C[C@@H](CC(=O)NCC4CC4)O[C@H]3CO)c2c1'],,,,,
7318,BRD-K52369815,['54638278'],['Cn1cnc(c1)S(=O)(=O)N[C@H]1CC[C@@H](CC(=O)NCC2CCCCC2)O[C@@H]1CO'],,,,,
7319,BRD-K52371706,['44485051'],['C[C@H](CO)N1C[C@@H](C)[C@@H](CN(C)C(=O)c2ccc(cc2)N3CCN(C)CC3)OCc4cn(CCCC1=O)nn4'],,,,,
7320,BRD-K52379384,['54661080'],['OC[C@@H]1[C@H]2Cn3c(cccc3=O)[C@@H]([C@H]1C(=O)N1CCCCC1)N2C(=O)c1ccccn1'],,,,,
7321,BRD-K52403446,['54646318'],['OC[C@H]1O[C@@H](CC(=O)NCCc2ccccc2)C[C@H]3[C@@H]1Oc4ccc(NC(=O)c5cccnc5)cc34'],,,,,
7322,BRD-K52403701,['54649957'],['CCCNC(=O)N1[C@H](CO)[C@@H]([C@H]1C#N)c1ccc(cc1)-c1ccccc1F'],,,,,
7323,BRD-K52413350,['54651244'],['C\\C=C\\c1ccc(cc1)[C@H]1[C@@H](CO)N[C@@H]1CN(C(C)C)C(=O)c1ccccc1F'],,,,,
7324,BRD-K52418167,['54666651'],['COCC#Cc1ccc(cc1)[C@@H]1[C@H](CO)N2CCCCN(Cc3ccncc3)C[C@@H]12'],,,,,
7325,BRD-K52421542,['54666444'],['OC[C@H]1[C@H]([C@@H]2CN(CCCCN12)S(=O)(=O)c1ccc(F)cc1)c1ccc(cc1)-c1cncnc1'],,,,,
7326,BRD-K52435112,['54619019'],['C[C@@H](CO)N1C[C@H](C)[C@H](CN(C)Cc2cccc(F)c2)Oc3cc(ccc3S1(=O)=O)c4ccc(C#N)cc4'],,,,,
7327,BRD-K52446745,['49852226'],['Clc1ccc(NC(=S)Nc2nnc(s2)-c2ccncc2)cc1Cl'],,,,,
7328,BRD-K52453128,['15692209'],['CN1c2ccccc2Sc2ccc(cc12)C(F)(F)F'],,,,,
7329,BRD-K52460145,['54645899'],['OC[C@H]1O[C@H](CC(=O)NCc2cccnc2)C[C@H]3[C@@H]1Oc4ccc(NC(=O)C5CCOCC5)cc34'],,,,,
7330,BRD-K52473019,['54638864'],['COc1ccccc1NC(=O)N[C@H]1CC[C@@H](CCn2cc(nn2)C2(O)CCCC2)O[C@H]1CO'],,,,,
7331,BRD-K52497027,['60184075'],['CCC(=O)N1CC[C@@]2(CC1)CN(Cc1cc(F)ccc1F)[C@@H](CO)c1c2c2ccc(OC)cc2n1C'],,,,,
7332,BRD-K52515416,['60190203'],['C\\C=C\\c1ccc(cc1)[C@H]1[C@@H](CO)N(C(=O)CN(C)C)C11CN(C1)C(=O)C1CCC1'],,,,,
7333,BRD-K52524742,['46907683'],['CC(C)(C)c1ccc(cc1)-c1csc(n1)N1CCC(CC1)C(N)=O'],,,,,
7334,BRD-K52536034,['60185279'],['O=C(C1CCCCC1)N1C[C@H]2N[C@@H](C1)[C@@H]2c1ccc(cc1)-c1ccc(cc1)C#N'],,,,,
7335,BRD-K52540534,['44484528'],['C[C@@H](CO)N1C[C@@H](C)[C@H](CN(C)C(=O)Nc2cccc3ccccc23)OCc4cn(CCCC1=O)nn4'],,,,,
7336,BRD-K52542879,['54654906'],['CCCC(=O)Nc1ccc2OC[C@@H]3O[C@H](CC(=O)NCC4CC4)CC[C@H]3N(C)C(=O)c2c1'],,,,,
7337,BRD-K52544910,['54631921'],['CO[C@@H]1CN(C)C(=O)c2ccc(NC(=O)NC(C)C)cc2OC[C@@H](C)N(Cc2ccccn2)C[C@@H]1C'],,,,,
7338,BRD-K52564648,['54631470'],['CO[C@@H]1CN(C)C(=O)c2ccc(NC(=O)c3ccc(F)cc3)cc2OC[C@H](C)N(C[C@@H]1C)C(=O)CC1CC1'],,,,,
7339,BRD-K52572235,['44496339'],['C[C@@H](CO)N1C[C@@H](C)[C@@H](CN(C)Cc2ccncc2)Oc3ccc(NC(=O)Nc4cccc5ccccc45)cc3CC1=O'],,,,,
7340,BRD-K52574175,['44488691'],['C[C@@H](CO)N1C[C@H](C)[C@H](CN(C)C(=O)c2ccc3ccn(C)c3c2)OCc4cn(CCCC1=O)nn4'],,,,,
7341,BRD-K52593146,['54664897'],['CC(=O)N1CC[C@@H]2[C@H]1c1cc(ccc1N[C@@H]2CO)C#Cc1cccnc1'],,,,,
7342,BRD-K52628302,['54631444'],['CCCNC(=O)N1C[C@@H](C)[C@H](CN(C)C(=O)c2ccc(NS(=O)(=O)CC(F)(F)F)cc2OC[C@@H]1C)OC'],,,,,
7343,BRD-K52640952,['6950539'],['COc1cc(O)c2C(=O)C[C@@H](Oc2c1)c3ccccc3'],,,,,
7344,BRD-K52651393,['54650112'],['OC[C@H]1[C@@H]([C@H](C#N)N1C(=O)C1CC1)c1ccc(cc1)C#CC1(O)CCCC1'],,,,,
7345,BRD-K52653383,['54639032'],['OC[C@H]1O[C@@H](CCn2cc(Cc3ccccc3)nn2)CC[C@@H]1NC(=O)Nc1cccc(Cl)c1'],,,,,
7346,BRD-K52654243,['54618615'],['C[C@@H](CO)N1C[C@H](C)[C@@H](CN(C)C(=O)c2ccc3OCOc3c2)Oc4cc(ccc4S1(=O)=O)c5ccccc5'],,,,,
7347,BRD-K52656828,['54646492'],['CN(C)CC(=O)Nc1ccc2O[C@H]3[C@H](C[C@H](CC(=O)NC4CCCCC4)O[C@@H]3CO)c2c1'],,,,,
7348,BRD-K52657367,['44487460'],['CC(C)NC(=O)Nc1ccc2O[C@H](C)CCCCO[C@H](CN(C)C(=O)Nc3ccccc3)[C@@H](C)CN([C@@H](C)CO)C(=O)c2c1'],,,,,
7349,BRD-K52662613,['54657569'],['COc1ccc(CN2C[C@@H](O)COC[C@H]3O[C@H](CC(=O)NCCN4CCCC4)CC[C@H]23)cc1'],,,,,
7350,BRD-K52675185,['54615096'],['C[C@H](CO)N1C[C@@H](C)[C@H](CN(C)CC2CC2)OCCCC[C@@H](C)Oc3ccc(NC(=O)C4CCCCC4)cc3C1=O'],,,,,
7351,BRD-K52678950,['5716861'],['N#C/C(=C\\c1ccco1)/c2nc3ccccc3[nH]2'],,,,,
7352,BRD-K52682771,['54650130'],['OC[C@H]1[C@@H]([C@@H](C#N)N1S(=O)(=O)c1ccc(F)cc1)c1ccccc1'],,,,,
7353,BRD-K52689785,['54652559'],['OC[C@@H]1[C@@H]2[C@@H](CN(C(=O)c3ccccc3)c3ccccc23)N1C(=O)Nc1ccccc1Cl'],,,,,
7354,BRD-K52695588,['60138132'],['N[C@H](C(=O)Nc1ccc(Cl)cc1C(=O)c1ccc[nH]1)c1ccccc1'],,,,,
7355,BRD-K52719892,['54660978'],['CN(C)CCCNC(=O)[C@H]1[C@H](CO)[C@H]2Cn3c(ccc(-c4cccc(F)c4)c3=O)[C@H]2N1C(C)=O'],,,,,
7356,BRD-K52721673,['54664999'],['CN(C)C(=O)c1ccc(cc1)-c1ccc2N[C@@H](CO)[C@H]3CCN(Cc4ccc5OCOc5c4)[C@H]3c2c1'],,,,,
7357,BRD-K52721778,['60189882'],['CCS(=O)(=O)N1C[C@@]2(C1)CN(C)[C@H](CO)c1c2c2ccc(OC)cc2n1C'],,,,,
7358,BRD-K52725924,['54661032'],['CCNC(=O)[C@H]1[C@H](CO)[C@H]2Cn3c(ccc(-c4ccc(F)cc4)c3=O)[C@@H]1N2C(=O)c1ccccn1'],,,,,
7359,BRD-K52758732,['54666412'],['OC[C@H]1[C@H]([C@@H]2CN(CC3CCOCC3)CCCCN12)c1ccc(cc1)C#Cc1ccccc1F'],,,,,
7360,BRD-K52780420,['54646322'],['OC[C@H]1O[C@H](CC(=O)NCCc2ccccc2)C[C@@H]3[C@H]1Oc4ccc(NC(=O)c5cccnc5)cc34'],,,,,
7361,BRD-K52785744,['54650184'],['CCCNC(=O)N1[C@@H](CO)[C@H]([C@H]1C#N)c1ccc(cc1)C1=CCCCC1'],,,,,
7362,BRD-K52797126,['54618398'],['C[C@@H](O)C#Cc1cnc2O[C@@H](CN(C)C(=O)Cc3ccncc3)[C@@H](C)CN([C@H](C)CO)C(=O)c2c1'],,,,,
7363,BRD-K52801121,['44202691'],['COc1ccc(cc1)S(=O)(=O)N(C)C[C@H]2Oc3c(NC(=O)Nc4ccccc4)cccc3C(=O)N(C[C@@H]2C)[C@H](C)CO'],,,,,
7364,BRD-K52812196,['54631556'],['CO[C@H]1CN(C)C(=O)c2cc(NC(=O)Nc3ccc(cc3)C(F)(F)F)ccc2OC[C@H](C)NC[C@@H]1C'],,,,,
7365,BRD-K52827598,['44495977'],['C[C@@H](CO)N1C[C@@H](C)[C@@H](CN(C)C)OCCCC[C@H](C)Oc2ccc(NS(=O)(=O)c3cn(C)cn3)cc2C1=O'],,,,,
7366,BRD-K52831370,['54657808'],['Cc1ccc(cc1)S(=O)(=O)N1C[C@@H](O)COC[C@@H]2O[C@@H](CC(=O)NCc3ccc4OCOc4c3)CC[C@@H]12'],,,,,
7367,BRD-K52831896,['44487025'],['CC(C)NC(=O)Nc1ccc2O[C@H](C)CCCCO[C@H](CN(C)S(=O)(=O)c3c(C)noc3C)[C@H](C)CN([C@@H](C)CO)C(=O)c2c1'],,,,,
7368,BRD-K52838656,['54631612'],['CCC(=O)N1C[C@H](C)[C@H](CN(C)C(=O)c2ccc(NC(=O)Nc3ccc(Cl)cc3)cc2OC[C@H]1C)OC'],,,,,
7369,BRD-K52846581,['54654479'],['CN1[C@H]2CC[C@H](CC(=O)NCc3ccc(cc3)-c3ccccc3)O[C@@H]2COc2ccc(NC(=O)c3cc(C)on3)cc2C1=O'],,,,,
7370,BRD-K52856667,['54615016'],['CC(C)NC(=O)N(C)C[C@H]1OCCCC[C@@H](C)Oc2ccc(NC(=O)C3CCCCC3)cc2C(=O)N(C[C@H]1C)[C@H](C)CO'],,,,,
7371,BRD-K52870470,['60184976'],['Fc1ccc(cc1)C(=O)N1C[C@H]2N[C@@H](C1)[C@@H]2c1ccc(cc1)-c1ccccc1F'],,,,,
7372,BRD-K52874783,['54651197'],['COCC(=O)N(C)C[C@H]1[C@@H]([C@@H](CO)N1C(=O)Cc1cccnc1)c1ccccc1'],,,,,
7373,BRD-K52880714,['54631929'],['CCCC(=O)Nc1ccc2c(OC[C@H](C)N(C[C@@H](C)[C@@H](CN(C)C2=O)OC)C(=O)c2cccnc2)c1'],,,,,
7374,BRD-K52882725,['60184977'],['Cc1ccccc1-c1ccc(cc1)[C@H]1[C@H]2CN(C[C@@H]1N2)C(=O)c1cnccn1'],,,,,
7375,BRD-K52887203,['54638651'],['COc1cccc(NC(=O)N[C@H]2CC[C@H](CC(=O)N3CCCCC3)O[C@@H]2CO)c1'],,,,,
7376,BRD-K52904470,['2294212'],['OC(=O)c1ccc(cc1)c2ccc(/C=C\\3/SC(=NC3=O)Nc4cccc(c4)C(=O)O)o2'],,,,,
7377,BRD-K52904986,['54638765'],['CC(C)NC(=O)NCC[C@H]1CC[C@H](NS(=O)(=O)c2ccc(Oc3ccccc3)cc2)[C@@H](CO)O1'],,,,,
7378,BRD-K52908798,['54619080'],['CNC[C@@H]1Oc2cc(ccc2S(=O)(=O)N(C[C@H]1C)[C@H](C)CO)c3cccc(c3)C(=O)N(C)C'],,,,,
7379,BRD-K52913754,['60185097'],['COc1cccc(c1)-c1ccc(cc1)[C@@H]1[C@@H]2CNC[C@H]1N2Cc1ccccc1F'],,,,,
7380,BRD-K52914297,['54651379'],['CCC(=O)N1[C@@H](CO)[C@H]([C@@H]1CN(C(C)C)S(C)(=O)=O)c1ccccc1'],,,,,
7381,BRD-K52914903,['44202433'],['C[C@@H](CO)N1C[C@H](C)[C@H](CN(C)C(=O)Nc2ccc(cc2)C(F)(F)F)Oc3ccc(NC(=O)NC4CCCCC4)cc3C1=O'],,,,,
7382,BRD-K52918979,['54661416'],['OC[C@@H]1[C@H]2Cn3c(ccc(-c4ccncc4)c3=O)[C@@H]([C@H]1C(O)=O)N2S(=O)(=O)c1ccccc1F'],,,,,
7383,BRD-K52921974,['54651265'],['OC[C@H]1[C@H]([C@H](CNC(=O)c2ccncc2)N1CC1CCCC1)c1ccccc1'],,,,,
7384,BRD-K52938793,['54638958'],['C[C@H](NC(=O)C[C@H]1O[C@H](CO)[C@@H](NC(=O)Nc2ccc3OCOc3c2)C=C1)c1ccccc1'],,,,,
7385,BRD-K52947657,['44505017'],['C[C@H](CO)N1C[C@@H](C)[C@H](CN(C)Cc2ccccc2C)OCc3cnnn3CCCC1=O'],,,,,
7386,BRD-K52954098,['54638494'],['OC[C@@H]1O[C@@H](CCNS(=O)(=O)Cc2ccccc2)CC[C@@H]1NS(=O)(=O)c1ccc(F)cc1'],,,,,
7387,BRD-K52955163,['54617778'],['C[C@H](CO)N1C[C@H](C)[C@@H](CN(C)C(=O)NC2CCCCC2)OCCCC[C@H](C)Oc3ccc(NC(=O)Nc4ccc(cc4)C(F)(F)F)cc3C1=O'],,,,,
7388,BRD-K52959179,['71760866'],['COc1ccc2c3c([nH]c2c1)[C@@H](CO)N(Cc1ccccn1)C[C@]31CN(C1)C(=O)CC1CC1'],,,,,
7389,BRD-K52971351,['54638941'],['OC[C@@H]1O[C@H](CC(=O)NC2CCC2)C=C[C@@H]1NC(=O)C1CC1'],,,,,
7390,BRD-K52971552,['54649501'],['CO[C@H]1CC[C@@H]2CCN(C)C(=O)[C@H](C)[C@H](CN(C)C(=O)c3cccc(C#N)c3OC[C@H]1O2)OC'],,,,,
7391,BRD-K52981369,['54649933'],['OC[C@H]1[C@H]([C@@H](C#N)N1C(=O)c1cccnc1)c1ccc(cc1)C#Cc1ccccc1F'],,,,,
7392,BRD-K53011428,['1257201'],['Fc1ccc(Nc2nnc(s2)c3ccncc3)cc1Cl'],,,,,
7393,BRD-K53022123,['44617750'],['CC(C)NC(=O)Nc1ccc2O[C@@H](C)CCCCO[C@H](CN(C)CC3CCCCC3)[C@H](C)CN([C@@H](C)CO)C(=O)c2c1'],,,,,
7394,BRD-K53032901,['7082'],['FC(F)(F)c1ccc2Sc3ccccc3Nc2c1'],,,,,
7395,BRD-K53039836,['54650165'],['OC[C@@H]1[C@@H]([C@H](C#N)N1C(=O)c1ccccn1)c1ccc(cc1)C1=CCCC1'],,,,,
7396,BRD-K53046450,['54646719'],['OC[C@@H]1O[C@@H](CC(=O)NCc2ccc(Cl)cc2)C[C@H]3[C@@H]1Oc4ccc(NC(=O)CC5CC5)cc34'],,,,,
7397,BRD-K53067088,['54646377'],['CN(C)CC(=O)Nc1ccc2O[C@H]3[C@H](C[C@H](CC(=O)NCc4ccc(cc4)c5ccccc5)O[C@H]3CO)c2c1'],,,,,
7398,BRD-K53092731,['60191412'],['COCC(=O)N1C[C@@H]2[C@@H]([C@H](CO)N2C(=O)C1)c1ccc(cc1)-c1ccccc1F'],,,,,
7399,BRD-K53101279,['54631851'],['CCCC(=O)Nc1ccc2c(OC[C@H](C)NC[C@H](C)[C@@H](CN(C)C2=O)OC)c1'],,,,,
7400,BRD-K53107914,['54666670'],['CN1CCCCN2[C@H](CO)[C@@H]([C@@H]2C1)c1ccc(cc1)-c1ccc(F)cc1'],,,,,
7401,BRD-K53111504,['54651410'],['C\\C=C\\c1ccc(cc1)[C@@H]1[C@@H](CO)N([C@H]1CN(C)C(=O)c1ccccn1)C(C)=O'],,,,,
7402,BRD-K53120552,['44488361'],['CNC[C@@H]1Oc2ccc(NC(=O)Nc3ccccc3)cc2C(=O)N(C[C@H]1C)[C@H](C)CO'],,,,,
7403,BRD-K53134312,['54666698'],['C[C@@H](O)C#Cc1ccc(cc1)[C@H]1[C@@H](CO)N2CCCCN(C[C@@H]12)C(=O)Nc1ccccc1'],,,,,
7404,BRD-K53142391,['24747270'],['COc1cccc(c1)c2nc(no2)c3ccc(cc3)C(=O)O'],,,,,
7405,BRD-K53148273,['54645855'],['OC[C@@H]1O[C@H](CC(=O)NCC2CC2)C[C@@H]3[C@H]1Oc4ccc(NC(=O)CC5CC5)cc34'],,,,,
7406,BRD-K53155533,['54631450'],['CO[C@H]1CN(C)C(=O)c2ccc(NC(=O)C3CCCC3)cc2OC[C@@H](C)N(C[C@@H]1C)S(C)(=O)=O'],,,,,
7407,BRD-K53174909,['44488693'],['C[C@@H](CO)N1C[C@H](C)[C@H](CN(C)C(=O)Cc2ccccc2)OCc3cn(CCCC1=O)nn3'],,,,,
7408,BRD-K53181055,['54657928'],['O[C@@H]1COC[C@H]2O[C@@H](CC(=O)NC3CCC3)CC[C@@H]2N(C1)C(=O)Nc1ccc(Cl)c(Cl)c1'],,,,,
7409,BRD-K53183074,['54645985'],['OC[C@@H]1O[C@@H](CC(=O)NCc2ccccc2)C[C@H]3[C@@H]1Oc4ccc(NC(=O)Nc5ccccc5)cc34'],,,,,
7410,BRD-K53187535,['54657505'],['O[C@@H]1COC[C@@H]2O[C@H](CC(=O)NC3CCCC3)CC[C@H]2N(C1)C(=O)c1ccc2OCOc2c1'],,,,,
7411,BRD-K53193280,['54661281'],['OC[C@@H]1[C@H]2Cn3c(ccc(-c4cncnc4)c3=O)[C@H]2N([C@H]1C(=O)NCC1CC1)C(=O)NC1CCCC1'],,,,,
7412,BRD-K53198520,['44494878'],['C[C@@H](CO)N1C[C@H](C)[C@H](CN(C)C(=O)Nc2cccc3ccccc23)Oc4c(NS(=O)(=O)C)cccc4C1=O'],,,,,
7413,BRD-K53214709,['1345154'],['CCc1ccc(O)c(NC(=S)NC(=O)COc2ccc(C)cc2C)c1'],,,,,
7414,BRD-K53220080,['54614990'],['CC(C)NC(=O)Nc1ccc2O[C@H](C)CCCCO[C@@H](CN(C)Cc3ccncc3)[C@H](C)CN([C@@H](C)CO)C(=O)c2c1'],,,,,
7415,BRD-K53224568,['60189895'],['CC(=O)N1CC2(C1)[C@H]([C@@H](CO)N2CC1CC1)c1ccc(cc1)-c1ccc(F)cc1'],,,,,
7416,BRD-K53227073,['54613909'],['C[C@@H](CO)N1C[C@@H](C)[C@H](CN(C)S(=O)(=O)C)Oc2ccc(NC(=O)Nc3ccc(cc3)C(F)(F)F)cc2CC1=O'],,,,,
7417,BRD-K53249762,['12650292'],['COc1cc2c(CCN(C)C)c[nH]c2c(OC)c1OC'],,,,,
7418,BRD-K53255530,['54618578'],['C[C@H](CO)N1C[C@@H](C)[C@@H](CN(C)C(=O)c2ccc3OCOc3c2)Oc4cc(ccc4S1(=O)=O)c5ccccc5'],,,,,
7419,BRD-K53263381,['54638587'],['OC[C@H]1O[C@H](CC(=O)NC2CCCCC2)C=C[C@H]1NS(=O)(=O)c1ccc(F)cc1'],,,,,
7420,BRD-K53283097,['54654225'],['CN1[C@H]2CC[C@H](CC(=O)N3CCc4ccccc4C3)O[C@@H]2COc2ccc(NS(=O)(=O)c3cccc(F)c3)cc2C1=O'],,,,,
7421,BRD-K53283295,['54654057'],['CN1[C@@H]2CC[C@@H](CC(=O)NCc3ccc4OCOc4c3)O[C@@H]2COc2ccc(NC(=O)c3ccccc3F)cc2C1=O'],,,,,
7422,BRD-K53285126,['54637703'],['C[C@@H](CO)N1C[C@H](C)[C@H](CN(C)C(=O)[C@@H](Cc2ccccc2)N(C)C)OCc3ccccc3-c4c(C1=O)n(C)c5ccccc45'],,,,,
7423,BRD-K53290343,['54631611'],['CO[C@H]1CN(C)C(=O)c2cc(NC(=O)c3cccc(OC)c3)ccc2OC[C@H](C)N(CCc2ccccc2)C[C@@H]1C'],,,,,
7424,BRD-K53293903,['54614484'],['C[C@H](CO)N1C[C@H](C)[C@@H](CN(C)Cc2ccc(cc2)C(F)(F)F)Oc3ccc(NC(=O)Nc4ccc(F)cc4)cc3CC1=O'],,,,,
7425,BRD-K53295358,['54666671'],['CN1CCCCN2[C@H](CO)[C@H]([C@H]2C1)c1ccc(cc1)-c1ccc(F)cc1'],,,,,
7426,BRD-K53315742,['44620359'],['C[C@H](CO)N1C[C@@H](C)[C@H](CN(C)C(=O)c2ccncc2)OCCCC[C@@H](C)Oc3ccc(NC(=O)c4ccncc4)cc3C1=O'],,,,,
7427,BRD-K53321531,['44619852'],['C[C@H](CO)N1C[C@H](C)[C@@H](CN(C)Cc2ccc(Oc3ccccc3)cc2)Oc4ccc(NC(=O)Nc5ccc(F)cc5)cc4CC1=O'],,,,,
7428,BRD-K53325797,['25529404'],['Cc1cccn2cc(COc3ccc(cc3)C#N)nc12'],,,,,
7429,BRD-K53327986,['44488204'],['C[C@@H](CO)N1C[C@@H](C)[C@@H](CN(C)C(=O)CCC(F)(F)F)OCCCC[C@@H](C)Oc2ccc(NC(=O)c3ccncc3)cc2C1=O'],,,,,
7430,BRD-K53331454,['6620794'],['O=C(NC1(CCCCC1)C#N)c2cc3ccccc3oc2=O'],,,,,
7431,BRD-K53335770,['44237407'],['COc1cccc(c1)S(=O)(=O)Nc1ccc(cc1)C(O)(C(F)(F)F)C(F)(F)F'],,,,,
7432,BRD-K53342443,['54654510'],['CN1[C@@H]2CC[C@@H](CC(=O)NC3CCCCC3)O[C@@H]2COc2ccc(NS(C)(=O)=O)cc2C1=O'],,,,,
7433,BRD-K53349319,['54632181'],['CO[C@@H]1CN(C)C(=O)c2cc(NC(=O)C3CCOCC3)ccc2OC[C@H](C)N(CC2CC2)C[C@@H]1C'],,,,,
7434,BRD-K53359044,['44483938'],['CC(C)NC(=O)N(C)C[C@@H]1OCCCC[C@H](C)Oc2ccc(NC(=O)Nc3ccc(F)cc3)cc2C(=O)N(C[C@@H]1C)[C@H](C)CO'],,,,,
7435,BRD-K53359544,['54638430'],['CN(C)CCCNC(=O)C[C@H]1O[C@@H](CO)[C@H](NC(=O)Nc2c(C)noc2C)C=C1'],,,,,
7436,BRD-K53373965,['54652563'],['OC[C@H]1[C@@H]2[C@@H](CNc3ccccc23)N1C(=O)Cc1ccccn1'],,,,,
7437,BRD-K53390234,['54651467'],['COCC(=O)N1[C@H](CO)[C@H]([C@H]1CN(C)C(=O)c1ccncc1)c1ccccc1'],,,,,
7438,BRD-K53394241,['54631548'],['COCC(=O)Nc1ccc2OC[C@@H](C)N(C[C@H](C)[C@H](CN(C)C(=O)c2c1)OC)C(=O)Cc1cccnc1'],,,,,
7439,BRD-K53406626,['54645896'],['CN(C)C(=O)C[C@H]1C[C@H]2[C@H](Oc3ccc(NC(=O)Nc4ccc(F)cc4)cc23)[C@H](CO)O1'],,,,,
7440,BRD-K53407305,['54657769'],['CCC(=O)N1C[C@H](O)COC[C@H]2O[C@H](CC(=O)NCc3cc(F)cc(F)c3)CC[C@H]12'],,,,,
7441,BRD-K53410660,['54654449'],['COC(=O)C[C@@H]1CC[C@@H]2[C@H](COc3ccc(NS(=O)(=O)c4ccccc4Cl)cc3C(=O)N2C)O1'],,,,,
7442,BRD-K53421673,['54639066'],['OC[C@H]1O[C@@H](CC(=O)NCc2ccc(Oc3ccccc3)cc2)C=C[C@@H]1NC(=O)c1ccccc1'],,,,,
7443,BRD-K53423944,['3238389'],['Clc1cccc(c1)N2CCN(CC2)c3cc(=O)n(C4CCCCC4)c(=O)[nH]3'],,,,,
7444,BRD-K53425819,['44496406'],['C[C@H](CO)N1C[C@@H](C)[C@H](CN(C)Cc2ccc(O)cc2)OCc3cnnn3CCCC1=O'],,,,,
7445,BRD-K53437983,['44617904'],['CC(C)NC(=O)Nc1ccc2O[C@H](C)CCCCO[C@H](CN(C)C(=O)CCC(F)(F)F)[C@@H](C)CN([C@@H](C)CO)C(=O)c2c1'],,,,,
7446,BRD-K53445087,['3464963'],['CC(=O)NN=C(C)c1ccc(NC(=O)C2CC2)cc1'],,,,,
7447,BRD-K53461563,['53338825'],['Brc1ccc(cc1)-c1csc(n1)N1CCC(CC1)C(=O)NCCCc1ccccc1'],,,,,
7448,BRD-K53467073,['56835470'],['C[C@@H](CO)N1C[C@@H](C)[C@H](CN(C)S(=O)(=O)c2ccc(Cl)cc2)OCc3ccccc3-c4ccccc4C1=O'],,,,,
7449,BRD-K53472085,['5736396'],['COc1cc(cc(Br)c1O)\\C=N\\n1c(S)nnc1C1CCCCC1'],,,,,
7450,BRD-K53475565,['60191187'],['CCS(=O)(=O)N1C[C@H]2[C@H]([C@H](CO)N2C(=O)C1)c1ccc(cc1)-c1cccc(F)c1'],,,,,
7451,BRD-K53488338,['54664901'],['OC[C@@H]1Nc2ccc(Br)cc2[C@@H]2[C@H]1CCN2S(=O)(=O)c1ccccc1'],,,,,
7452,BRD-K53501402,['44490616'],['C[C@H](CO)N1C[C@H](C)[C@H](CN(C)Cc2ccc3OCOc3c2)Oc4ccc(NC(=O)Cc5cn(C)c6ccccc56)cc4C1=O'],,,,,
7453,BRD-K53507509,['54638762'],['CC(C)NC(=O)NCC[C@@H]1CC[C@@H](NS(=O)(=O)c2ccc(Oc3ccccc3)cc2)[C@@H](CO)O1'],,,,,
7454,BRD-K53528245,['54637869'],['C[C@H](CO)N1C[C@H](C)[C@@H](CN(C)C(=O)Nc2c(C)noc2C)OCc3ccccc3-c4ccccc4C1=O'],,,,,
7455,BRD-K53539078,['54666606'],['CCS(=O)(=O)N1CCCCN2[C@@H](CO)[C@@H]([C@H]2C1)c1ccc(cc1)-c1ccc(cc1)C(=O)N(C)C'],,,,,
7456,BRD-K53549200,['60185260'],['COc1ccc2c3c([nH]c2c1)[C@H](CO)NC[C@]31CCN(CC1)C(=O)Nc1ccccc1F'],,,,,
7457,BRD-K53549851,['46904078'],['C[C@@H](CO)N1C[C@H](C)[C@H](CN(C)Cc2ccccc2C(=O)O)Oc3ncc(Br)cc3C1=O'],,,,,
7458,BRD-K53566850,['1542103'],['Cc1ccccc1N2CCN(CC2)c3ncnc4n(Cc5ccc(Cl)cc5)ncc34'],,,,,
7459,BRD-K53577657,['54664920'],['OC[C@H]1Nc2ccc(Br)cc2[C@@H]2[C@H]1CCN2C(=O)c1ccccc1F'],,,,,
7460,BRD-K53582057,['60188667'],['OC[C@H]1[C@H]([C@@H]2CNCC(=O)N12)c1ccc(cc1)C1=CCCCC1'],,,,,
7461,BRD-K53592093,['44497469'],['C[C@H](CO)N1C[C@H](C)[C@H](CN(C)Cc2ccc(Cl)c(Cl)c2)Oc3c(NS(=O)(=O)c4ccc(F)cc4)cccc3C1=O'],,,,,
7462,BRD-K53594827,['44483876'],['C[C@H](CO)N1C[C@@H](C)[C@@H](CN(C)Cc2ccc(cc2)C(F)(F)F)Oc3ccc(NC(=O)Cc4ccccc4)cc3CC1=O'],,,,,
7463,BRD-K53601225,['54618454'],['COCC(=O)N(C)C[C@@H]1Oc2cc(C#Cc3cccnc3)ccc2S(=O)(=O)N(C[C@H]1C)[C@@H](C)CO'],,,,,
7464,BRD-K53610452,['44506930'],['C[C@@H](CO)N1C[C@H](C)[C@H](CN(C)Cc2ccc(cc2)C(=O)Nc3ccccc3N)Oc4ccc(NC(=O)Nc5ccc(cc5)C(F)(F)F)cc4CC1=O'],,,,,
7465,BRD-K53619921,['54638339'],['OC[C@H]1O[C@@H](CCn2cc(nn2)C2CCCCC2)CC[C@H]1NC(=O)CN1CCOCC1'],,,,,
7466,BRD-K53621751,['54637734'],['C[C@@H](CO)N1C[C@H](C)[C@H](CN(C)C(=O)Nc2ccc3OCOc3c2)OCc4ccccc4-c5c(C1=O)n(C)c6ccccc56'],,,,,
7467,BRD-K53638321,['44507961'],['C[C@@H](CO)N1C[C@@H](C)[C@H](CN(C)Cc2ccc(cc2)C(=O)Nc3ccccc3N)Oc4c(NC(=O)C5CCCCC5)cccc4C1=O'],,,,,
7468,BRD-K53640012,['54652077'],['CC(C)NC[C@@H]1[C@@H]([C@H](CO)N1C(=O)NC(C)C)c1ccc(cc1)C1=CCCCC1'],,,,,
7469,BRD-K53642448,['54624472'],['C[C@H](CO)N1C[C@@H](C)[C@H](CN(C)C(=O)CN(C)C)Oc2ncc(C#Cc3ccncc3)cc2C1=O'],,,,,
7470,BRD-K53653395,['23648036'],['CCOc1ccc(Cl)cc1Nc2nc(NCCO)nc(n2)N3CCCC3'],,,,,
7471,BRD-K53665713,['54646425'],['CN(C)CC(=O)Nc1ccc2O[C@@H]3[C@@H](C[C@H](CC(=O)N4CCCCC4)O[C@@H]3CO)c2c1'],,,,,
7472,BRD-K53669914,['60193374'],['CCCNC[C@H]1[C@H]([C@@H](CO)N1C(=O)C1CCC1)c1ccc(cc1)C1=CCCCC1'],,,,,
7473,BRD-K53674027,['54652518'],['OC[C@@H]1[C@@H]2[C@@H](CN(C(=O)c3ccccc3F)c3ccccc23)N1C(=O)C1CCCC1'],,,,,
7474,BRD-K53674232,['54649489'],['CO[C@H]1CC[C@@H]2CCN(C)C(=O)[C@@H](C)[C@H](CN(C)C(=O)c3cccc(C#N)c3OC[C@@H]1O2)OC'],,,,,
7475,BRD-K53682606,['60189966'],['C\\C=C\\c1ccc(cc1)[C@@H]1[C@@H](CO)N(C(C)=O)C11CN(C1)C(=O)c1ccc(F)cc1'],,,,,
7476,BRD-K53700261,['54618589'],['COc1ccc(cc1)S(=O)(=O)N(C)C[C@H]2Oc3ncc(/C=C/c4ccccc4)cc3C(=O)N(C[C@H]2C)[C@@H](C)CO'],,,,,
7477,BRD-K53717189,['60185167'],['CCCNC(=O)N1C[C@@]2(C1)CN([C@@H](CO)c1c2c2ccc(OC)cc2n1C)S(C)(=O)=O'],,,,,
7478,BRD-K53728687,['54652429'],['CCCNC(=O)N1C[C@@H]2[C@@H]([C@@H](CO)N2Cc2cccc(OC)c2)c2ccccc12'],,,,,
7479,BRD-K53739837,['60193306'],['OC[C@H]1N[C@H](CNC(=O)Cc2ccccc2)[C@H]1c1ccc(cc1)C1=CCCC1'],,,,,
7480,BRD-K53740124,['54652534'],['COc1cccc(c1)C(=O)N1C[C@@H]2[C@@H]([C@H](CO)N2Cc2ccccc2Cl)c2ccccc12'],,,,,
7481,BRD-K53740625,['54638599'],['Cc1cccc(c1)S(=O)(=O)N[C@H]1CC[C@@H](CCNC(=O)c2cnccn2)O[C@H]1CO'],,,,,
7482,BRD-K53756103,['54618581'],['CC(C)NC(=O)N(C)C[C@H]1Oc2ncc(C#CC3CC3)cc2C(=O)N(C[C@H]1C)[C@@H](C)CO'],,,,,
7483,BRD-K53780220,['45115629'],['C(Nc1nc(nc2n(cnc12)-c1ccsc1)N1CCOCC1)c1nc2ccccc2[nH]1'],,,,,
7484,BRD-K53790075,['54615057'],['C[C@H](CO)N1C[C@@H](C)[C@H](CN(C)CC2CC2)OCCCC[C@@H](C)Oc3ccc(NC(=O)Nc4ccccc4)cc3C1=O'],,,,,
7485,BRD-K53792011,['54618682'],['COc1ccccc1C#Cc2cnc3O[C@@H](CN(C)C(=O)c4ccc5OCOc5c4)[C@H](C)CN([C@@H](C)CO)C(=O)c3c2'],,,,,
7486,BRD-K53808186,['54654194'],['CN1[C@@H]2CC[C@H](CC(=O)NCCN3CCCCC3)O[C@@H]2COc2ccc(NC(=O)Nc3ccc(Cl)cc3)cc2C1=O'],,,,,
7487,BRD-K53816294,['44495615'],['C[C@@H](CO)N1C[C@@H](C)[C@H](CN(C)S(=O)(=O)c2ccc(C)cc2)Oc3c(NC(=O)Nc4cccc5ccccc45)cccc3C1=O'],,,,,
7488,BRD-K53833301,['662944'],['Clc1ccc(CSc2nnc(c3ccccn3)n2Cc4ccco4)c(Cl)c1'],,,,,
7489,BRD-K53833823,['54654321'],['COC(=O)C[C@H]1CC[C@@H]2[C@@H](COc3ccc(NC(=O)Nc4cc(C)cc(C)c4)cc3C(=O)N2C)O1'],,,,,
7490,BRD-K53839527,['44505415'],['C[C@H](CO)N1C[C@H](C)[C@H](CN(C)C(=O)Nc2ccnc(c2)N3CCOCC3)OCc4cnnn4CCCC1=O'],,,,,
7491,BRD-K53867540,['54650178'],['OC[C@@H]1N[C@H](C#N)[C@H]1c1ccc(cc1)C#Cc1ccccc1F'],,,,,
7492,BRD-K53868452,['44484551'],['COc1ccc(C#Cc2cnc3O[C@@H](CN(C)C(=O)Nc4c(C)noc4C)[C@@H](C)CN([C@H](C)CO)C(=O)c3c2)cc1OC'],,,,,
7493,BRD-K53873629,['54646726'],['COc1cccc(c1)S(=O)(=O)Nc2ccc3O[C@H]4[C@H](C[C@H](CC(=O)NCc5ccc(Cl)cc5)O[C@H]4CO)c3c2'],,,,,
7494,BRD-K53912655,['54658001'],['O[C@H]1COC[C@H]2O[C@@H](CC(=O)NCC3CC3)CC[C@@H]2N(CC2CCOCC2)C1'],,,,,
7495,BRD-K53914319,['54646182'],['COc1ccccc1CNC(=O)C[C@H]2C[C@@H]3[C@@H](Oc4ccc(NC(=O)C5CCOCC5)cc34)[C@@H](CO)O2'],,,,,
7496,BRD-K53920100,['54664900'],['OC[C@H]1Nc2ccc(Br)cc2[C@@H]2[C@H]1CCN2S(=O)(=O)c1ccccc1'],,,,,
7497,BRD-K53923090,['44507966'],['C[C@H](CO)N1C[C@@H](C)[C@H](CN(C)Cc2ccccc2)Oc3c(NC(=O)CCCCCC(=O)Nc4ccccc4N)cccc3C1=O'],,,,,
7498,BRD-K53923665,['17581348'],['COc1ccc2n(CC(=O)N3CCC(Cc4ccccc4)CC3)c3c(nc4SCCn4c3=O)c2c1'],,,,,
7499,BRD-K53923750,['54654490'],['CN1[C@@H]2CC[C@H](CC(=O)NCc3ccc(Cl)cc3)O[C@H]2COc2ccc(NC(=O)Nc3c(C)noc3C)cc2C1=O'],,,,,
7500,BRD-K53923842,['54631809'],['CO[C@@H]1CN(C)C(=O)c2cc(NC(=O)C3CCC3)ccc2OC[C@@H](C)N(C)C[C@H]1C'],,,,,
7501,BRD-K53927732,['60190093'],['COc1ccc2c3c([C@H](CO)N(C)C[C@]33CCN(CC3)C(=O)c3ccc4OCOc4c3)n(C)c2c1'],,,,,
7502,BRD-K53932786,['781660'],['CCSc1nc(nc(n1)c2ccccc2)C(Cl)Cl'],,,,,
7503,BRD-K53934736,['54646474'],['C[C@@H](NC(=O)C[C@H]1C[C@@H]2[C@@H](Oc3ccc(NC(=O)C4CCOCC4)cc23)[C@H](CO)O1)c5ccccc5'],,,,,
7504,BRD-K53943507,['54638420'],['CCS(=O)(=O)NCC[C@H]1CC[C@@H](NC(=O)C2CCCCC2)[C@H](CO)O1'],,,,,
7505,BRD-K53946803,['44483849'],['COc1ccc(CN(C)C[C@H]2Oc3ccc(NC(=O)c4ccncc4)cc3CC(=O)N(C[C@H]2C)[C@@H](C)CO)cc1'],,,,,
7506,BRD-K53949821,['44619904'],['C[C@@H](CO)N1C[C@@H](C)[C@@H](CN(C)CC2CCCCC2)OCCCC[C@@H](C)Oc3ccc(NC(=O)c4ccncc4)cc3C1=O'],,,,,
7507,BRD-K53955171,['60185280'],['Cc1cccc(c1)S(=O)(=O)N1C[C@H]2N[C@@H](C1)[C@H]2c1ccc(cc1)-c1cncnc1'],,,,,
7508,BRD-K53978628,['54618566'],['CCCC#Cc1ccc2c(O[C@H](CN(C)C(=O)Nc3ccccc3F)[C@@H](C)CN([C@H](C)CO)S2(=O)=O)c1'],,,,,
7509,BRD-K53980138,['54631614'],['CO[C@H]1CN(C)C(=O)c2cc(NC(C)=O)ccc2OC[C@@H](C)N(Cc2ccccc2OC)C[C@@H]1C'],,,,,
7510,BRD-K53985154,['54618512'],['COc1ccc(NC(=O)N(C)C[C@@H]2Oc3cc(ccc3S(=O)(=O)N(C[C@H]2C)[C@@H](C)CO)c4cccc(c4)C(=O)N(C)C)cc1'],,,,,
7511,BRD-K53986871,['54620215'],['C[C@H](CO)N1C[C@H](C)[C@@H](CN(C)Cc2ccccc2F)Oc3cc(ccc3S1(=O)=O)C4=CCCCC4'],,,,,
7512,BRD-K53987746,['9581008'],['CNC(=NN=Cc1c(cnn1c2ccc(F)cc2F)C(=O)OC)S'],,,,,
7513,BRD-K53987979,['54631312'],['CO[C@H]1CN(C)C(=O)c2cc(NC(=O)c3cccc(F)c3)ccc2OC[C@@H](C)N(C)C[C@H]1C'],,,,,
7514,BRD-K54003568,['54631496'],['CO[C@@H]1CN(C)C(=O)c2ccc(NC(=O)c3cc(C)on3)cc2OC[C@@H](C)N(C[C@H]1C)S(=O)(=O)c1ccc(F)cc1'],,,,,
7515,BRD-K54010839,['54615073'],['C[C@@H](CO)N1C[C@@H](C)[C@H](CN(C)CC2CCCCC2)OCCCC[C@@H](C)Oc3ccc(NC(=O)c4ccncc4)cc3C1=O'],,,,,
7516,BRD-K54014179,['54660868'],['CN1[C@H]2Cn3c(ccc(-c4ccncc4)c3=O)[C@@H]1[C@@H]([C@H]2CO)C(=O)N1CCC(Cc2ccccc2)CC1'],,,,,
7517,BRD-K54018158,['2914168'],['CC(=Cc1ccccc1)C=C1SC(=S)N(CCCC(=O)Nc2ccc(cc2)C(O)=O)C1=O'],,,,,
7518,BRD-K54022924,['54661205'],['CCCNC(=O)[C@H]1[C@H](CO)[C@H]2Cn3c(ccc(-c4cccnc4)c3=O)[C@H]2N1C(=O)c1ccccc1F'],,,,,
7519,BRD-K54029516,['54631425'],['CO[C@H]1CN(C)C(=O)c2ccc(NC(=O)c3ccc(F)cc3)cc2OC[C@@H](C)N(C[C@@H]1C)C(=O)CC1CC1'],,,,,
7520,BRD-K54046891,['54650101'],['OC[C@H]1[C@H]([C@@H](C#N)N1C(=O)Cc1ccccc1)c1ccc(cc1)-c1cncnc1'],,,,,
7521,BRD-K54048734,['60190110'],['CCCNC(=O)N1CC2(C1)[C@@H]([C@@H](CO)N2Cc1cccc(Cl)c1)c1ccccc1'],,,,,
7522,BRD-K54051742,['56835567'],['CN(C)CC#Cc1cccc(c1)c2nc(cc3CN([C@H](CCO)c32)S(=O)C(C)(C)C)C(=O)N4CCN(C)CC4'],,,,,
7523,BRD-K54070802,['4089709'],['OC(=O)c1ccccc1NS(=O)(=O)c2cccc(c2)n3sc4ccccc4c3=O'],,,,,
7524,BRD-K54074847,['54632225'],['CO[C@H]1CN(C)C(=O)c2ccc(NC(=O)C3CCCC3)cc2OC[C@@H](C)N(C[C@@H]1C)C(=O)CC1CC1'],,,,,
7525,BRD-K54080903,['60185250'],['COc1ccccc1-c1ccc(cc1)[C@H]1[C@H]2CN(C[C@@H]1N2)C(=O)c1ccncc1'],,,,,
7526,BRD-K54127914,['60184964'],['COc1ccccc1CN1C[C@H]2N[C@@H](C1)[C@H]2c1ccc(cc1)-c1ccncc1'],,,,,
7527,BRD-K54145771,['54631657'],['CO[C@H]1CN(C)C(=O)c2cc(NC(=O)Cc3ccccc3)ccc2OC[C@@H](C)NC[C@H]1C'],,,,,
7528,BRD-K54159704,['24031038'],['CC(C)(C)OC(=O)CC[C@]1(N=C(O[C@@H]1c2ccccc2)c3ccc(OCCCO)cc3)C(=O)N'],,,,,
7529,BRD-K54161818,['54646427'],['CN(C)CC(=O)Nc1ccc2O[C@@H]3[C@@H](C[C@@H](CC(=O)N4CCCCC4)O[C@@H]3CO)c2c1'],,,,,
7530,BRD-K54166087,['54646109'],['OC[C@H]1O[C@@H](CC(=O)O)C[C@@H]2[C@H]1Oc3ccc(NC(=O)Nc4ccc(cc4)C(F)(F)F)cc23'],,,,,
7531,BRD-K54168141,['3233276'],['COc1cccc(c1)c2ccc3ncnc(N(C)Cc4ccco4)c3c2'],,,,,
7532,BRD-K54168930,['60191436'],['COc1ccc(cc1)-c1ccc(cc1)[C@@H]1[C@H](CO)N2[C@@H]1CN(CC2=O)C(=O)C1CC1'],,,,,
7533,BRD-K54173022,['60185241'],['COc1ccc2c3c([nH]c2c1)[C@@H](CO)N(C[C@]31CN(C1)S(=O)(=O)c1ccc(C)cc1)C(=O)Nc1ccc(F)cc1'],,,,,
7534,BRD-K54179080,['54657591'],['O[C@@H]1CN[C@H]2CC[C@@H](CC(=O)NCc3ccc4OCOc4c3)O[C@@H]2COC1'],,,,,
7535,BRD-K54202584,['54638916'],['OC[C@@H]1O[C@@H](CCn2cc(nn2)C2CC2)CC[C@@H]1NC(=O)Nc1cc(F)ccc1F'],,,,,
7536,BRD-K54219003,['54660653'],['OC[C@H]1[C@@H]2Cn3c(ccc(-c4ccccc4F)c3=O)[C@H]([C@@H]1C(O)=O)N2C(=O)c1cccnc1'],,,,,
7537,BRD-K54247306,['54638414'],['OC[C@H]1O[C@@H](CC(=O)NCC(F)(F)F)C=C[C@H]1NC(=O)CC1CC1'],,,,,
7538,BRD-K54260596,['71759122'],['COc1ccc2c3c([C@H](CO)N(CC4CC4)C[C@]33CCN(CC3)S(=O)(=O)c3cccs3)n(C)c2c1'],,,,,
7539,BRD-K54261877,['54618393'],['COc1cccc(NC(=O)N(C)C[C@@H]2Oc3ncc(C#Cc4ccncc4)cc3C(=O)N(C[C@@H]2C)[C@@H](C)CO)c1'],,,,,
7540,BRD-K54263226,['54615110'],['C[C@@H](CO)N1C[C@@H](C)[C@H](CN(C)Cc2ccc(cc2)C(F)(F)F)OCCCC[C@@H](C)Oc3ccc(NS(=O)(=O)c4c(C)noc4C)cc3C1=O'],,,,,
7541,BRD-K54285697,['44491503'],['C[C@@H](CO)N1C[C@H](C)[C@@H](CN(C)C(=O)Nc2ccc(F)cc2)OCCCC[C@@H](C)Oc3ccc(NS(=O)(=O)c4ccccc4)cc3C1=O'],,,,,
7542,BRD-K54288605,['60191407'],['CS(=O)(=O)N1C[C@H]2[C@@H]([C@@H](CO)N2C(=O)C1)c1ccc(cc1)C#CCC1CCCC1'],,,,,
7543,BRD-K54294645,['60191131'],['OC[C@@H]1[C@H]([C@H]2CN(CC(=O)N12)C(=O)c1cccnc1)c1ccc(cc1)-c1ccccc1F'],,,,,
7544,BRD-K54302962,['54625500'],['C[C@H](CO)N1C[C@H](C)[C@@H](CN(C)CC2CC2)Oc3cc(ccc3S1(=O)=O)c4ccc(F)cc4'],,,,,
7545,BRD-K54323133,['44487397'],['CC(C)NC(=O)N(C)C[C@H]1OCCCC[C@@H](C)Oc2ccc(NC(=O)CCCN(C)C)cc2C(=O)N(C[C@@H]1C)[C@H](C)CO'],,,,,
7546,BRD-K54327934,['54657921'],['CCNC(=O)C[C@H]1CC[C@@H]2[C@H](COC[C@@H](O)CN2C(=O)C2CCOCC2)O1'],,,,,
7547,BRD-K54331210,['24178170'],['OCCNC(=O)c1cc(n[nH]1)-c1ccc(Cl)c(Cl)c1Cl'],,,,,
7548,BRD-K54335715,['60190129'],['COc1ccc2c3c([C@H](CO)N(C)C[C@]33CN(C3)S(=O)(=O)c3cccc(C)c3)n(C)c2c1'],,,,,
7549,BRD-K54350452,['44488848'],['C[C@@H](CO)N1C[C@@H](C)[C@H](CN(C)Cc2ccncc2)Oc3ccc(NC(=O)CCN4CCOCC4)cc3C1=O'],,,,,
7550,BRD-K54360306,['60189806'],['COc1cccc(CN2CC3(C2)[C@@H]([C@H](CO)N3C(=O)Cc2ccccc2)c2ccccc2)c1'],,,,,
7551,BRD-K54375254,['54649900'],['COc1cccc(c1)C#Cc1ccc(cc1)[C@@H]1[C@@H](CO)N[C@@H]1C#N'],,,,,
7552,BRD-K54381041,['44493228'],['C[C@@H](CO)N1C[C@H](C)[C@@H](CN(C)C(=O)Nc2ccc3OCOc3c2)Oc4ccc(NC(=O)CCCN(C)C)cc4C1=O'],,,,,
7553,BRD-K54381125,['54618421'],['C[C@H](CO)N1C[C@H](C)[C@@H](CN(C)C)Oc2cc(C#Cc3ccccn3)ccc2S1(=O)=O'],,,,,
7554,BRD-K54385541,['44490432'],['CC(C)NC(=O)N(C)C[C@@H]1OCCCC[C@H](C)Oc2ccc(cc2C(=O)N(C[C@H]1C)[C@H](C)CO)N(C)C'],,,,,
7555,BRD-K54395291,['44504960'],['COc1cccc(c1)S(=O)(=O)N(C)C[C@H]2OCc3cn(CCCC(=O)N(C[C@@H]2C)[C@@H](C)CO)nn3'],,,,,
7556,BRD-K54405293,['3449329'],['CNc1nc(N)c(c(Nc2ccccc2)n1)[N+]([O-])=O'],,,,,
7557,BRD-K54408195,['54652459'],['COc1ccccc1C(=O)N1C[C@@H]2[C@@H]([C@H](CO)N2C(=O)Cc2cccnc2)c2ccccc12'],,,,,
7558,BRD-K54410116,['54649374'],['CC(C)(C)[S@@](=O)N1Cc2cc(nc(c2[C@H]1CCO)-c1cccc(c1)-c1cccnc1)C(=O)N[C@@H]1CCN(Cc2ccccc2)C1'],,,,,
7559,BRD-K54419202,['54618507'],['COc1ccc(NC(=O)N(C)C[C@H]2Oc3cc(ccc3S(=O)(=O)N(C[C@H]2C)[C@@H](C)CO)c4cccc(c4)C(=O)N(C)C)cc1'],,,,,
7560,BRD-K54431311,['54638440'],['NCC[C@H]1CC[C@H](NC(=O)c2ccccc2F)[C@H](CO)O1'],,,,,
7561,BRD-K54432046,['54649411'],['CCNC(=O)c1cc2CN([C@H](CCO)c2c(n1)-c1cccc(c1)-c1cccc(F)c1)[S@](=O)C(C)(C)C'],,,,,
7562,BRD-K54445308,['54651208'],['CC(C)N(C[C@@H]1N[C@@H](CO)[C@H]1c1ccccc1)C(=O)CN1CCOCC1'],,,,,
7563,BRD-K54456094,['54631431'],['CCCNC(=O)Nc1ccc2OC[C@@H](C)N(C[C@@H](C)[C@@H](CN(C)C(=O)c2c1)OC)C(=O)c1ccccc1F'],,,,,
7564,BRD-K54457715,['54637663'],['C[C@H](CO)N1C[C@@H](C)[C@@H](CN(C)Cc2cccnc2)OCc3ccccc3-c4c(C1=O)n(C)c5ccccc45'],,,,,
7565,BRD-K54470384,['60138095'],['Cn1c(NC2=NC3=C(C(=O)CCC3)C3(CCCC3)N2)nc2ccccc12'],,,,,
7566,BRD-K54472228,['73707553'],['N[C@@H](CSc1cc(CCOO)cc(O)c1O)C(O)=O'],,,,,
7567,BRD-K54492529,['60189794'],['CCCNC(=O)N1CC[C@@]2(CC1)CN(Cc1cccc(OC)c1)[C@@H](CO)c1[nH]c3cc(OC)ccc3c21'],,,,,
7568,BRD-K54543575,['54631842'],['CO[C@@H]1CN(C)C(=O)c2cc(NC(=O)Nc3ccc4OCOc4c3)ccc2OC[C@@H](C)N(C[C@H]1C)C(C)=O'],,,,,
7569,BRD-K54546524,['54657743'],['Cc1cccc(c1)S(=O)(=O)N1C[C@@H](O)COC[C@@H]2O[C@@H](CC(=O)Nc3ccc(cc3)-c3ccccc3)CC[C@@H]12'],,,,,
7570,BRD-K54553362,['60189669'],['COc1ccc2c3c([C@@H](CO)N(C[C@]33CN(C3)C(=O)NC(C)C)C(=O)CC3CC3)n(C)c2c1'],,,,,
7571,BRD-K54560380,['54618675'],['C/C=C/c1cnc2O[C@H](CN(C)C(=O)Nc3ccc(F)cc3)[C@H](C)CN([C@@H](C)CO)C(=O)c2c1'],,,,,
7572,BRD-K54565270,['54661160'],['CN(C)C(=O)c1cccc(c1)-c1ccc2[C@@H]3[C@@H]([C@@H](CO)[C@H](Cn2c1=O)N3C)C(=O)NCC(F)(F)F'],,,,,
7573,BRD-K54573313,['23846550'],['C/C(=C/CC[C@@H](CO)[C@H]1CC[C@@]2(C)[C@@H]3CC[C@@H]4[C@]5(C[C@@]35CC[C@]12C)[C@@H](O)C[C@H](O[C@@H]6O[C@H](CO)[C@@H](O)[C@H](O)[C@H]6O)C4(C)C)/CO'],,,,,
7574,BRD-K54577741,['54629096'],['C[C@H](CO)N1C[C@@H](C)[C@@H](CN(C)S(=O)(=O)c2ccc(F)cc2)Oc3cc(ccc3S1(=O)=O)C4=CCCC4'],,,,,
7575,BRD-K54585147,['54660859'],['OC[C@H]1[C@@H]2Cn3c(ccc(-c4ccccc4F)c3=O)[C@@H]2N[C@@H]1C(=O)N1CCc2ccccc2C1'],,,,,
7576,BRD-K54586093,['54654023'],['CN1[C@@H]2CC[C@H](CC(O)=O)O[C@@H]2COc2ccc(NS(=O)(=O)c3ccccc3C)cc2C1=O'],,,,,
7577,BRD-K54588025,['60190027'],['COc1ccc2c3c([C@@H](CO)N(C[C@]33CN(C)C3)C(=O)C3CCOCC3)n(C)c2c1'],,,,,
7578,BRD-K54589358,['54645986'],['CN(C)c1ccc2O[C@@H]3[C@@H](C[C@@H](CC(=O)N4CCOCC4)O[C@H]3CO)c2c1'],,,,,
7579,BRD-K54595917,['54646722'],['COc1cccc(c1)S(=O)(=O)Nc2ccc3O[C@@H]4[C@@H](C[C@H](CC(=O)NCc5ccc(Cl)cc5)O[C@H]4CO)c3c2'],,,,,
7580,BRD-K54602409,['54632129'],['CO[C@@H]1CN(C)C(=O)c2ccc(NC(=O)C3CCC3)cc2OC[C@H](C)N(CC2CCCCC2)C[C@@H]1C'],,,,,
7581,BRD-K54618558,['54637729'],['COc1ccccc1NC(=O)N(C)C[C@H]2OCc3ccccc3-c4ccccc4C(=O)N(C[C@H]2C)[C@@H](C)CO'],,,,,
7582,BRD-K54627309,['54638953'],['OC[C@@H]1O[C@H](CCn2cc(nn2)-c2ccccc2)CC[C@H]1NC(=O)Cc1ccccn1'],,,,,
7583,BRD-K54635843,['44618073'],['CC(C)NC(=O)Nc1ccc2O[C@@H](C)CCCCO[C@@H](CN(C)Cc3ccncc3)[C@H](C)CN([C@H](C)CO)C(=O)c2c1'],,,,,
7584,BRD-K54636101,['54649570'],['CO[C@@H]1CC[C@H]2CCOc3c(cccc3C(=O)N(C)C[C@H](C)C(=O)N(C)C[C@H]1O2)C#N'],,,,,
7585,BRD-K54642063,['54666499'],['OC[C@@H]1[C@@H]([C@@H]2CN(Cc3ccccn3)CCCCN12)c1ccc(Br)cc1'],,,,,
7586,BRD-K54647996,['44495442'],['C[C@H](CO)N1C[C@H](C)[C@@H](CN(C)Cc2ccc(cc2)C(F)(F)F)OCc3cn(CCCC1=O)nn3'],,,,,
7587,BRD-K54652275,['54658054'],['COC(=O)C[C@@H]1CC[C@H]2[C@@H](COC[C@@H](O)CN2CCC(F)(F)F)O1'],,,,,
7588,BRD-K54657957,['44460131'],['O=C(OCC#CCSc1nnc(o1)-c1ccc2ccccc2c1)c1cccs1'],,,,,
7589,BRD-K54671386,['44488711'],['CNC[C@@H]1OCc2cn(CCCC(=O)N(C[C@@H]1C)[C@@H](C)CO)nn2'],,,,,
7590,BRD-K54673054,['60191858'],['C\\C=C\\c1ccc(cc1)[C@@H]1[C@H](CO)N(C(=O)CC2CC2)C11CN(C1)S(C)(=O)=O'],,,,,
7591,BRD-K54674054,['44487667'],['C[C@@H](CO)N1C[C@@H](C)[C@H](CN(C)Cc2ccc(Oc3ccccc3)cc2)Oc4ccc(NC(=O)Nc5ccc6OCOc6c5)cc4C1=O'],,,,,
7592,BRD-K54674709,['25243787'],['Cc1cc2n(C)c3c(=O)n(ncc3c2s1)c4ccccc4'],,,,,
7593,BRD-K54687541,['45382271'],['CC(C)Cn1c(=O)cc([nH]c1=O)N1CCN(CC1)c1cccc(c1)C(F)(F)F'],,,,,
7594,BRD-K54711075,['54652456'],['OC[C@@H]1[C@H]2[C@H](CN(c3ccccc23)S(=O)(=O)c2ccccc2F)N1C(=O)CC1CC1'],,,,,
7595,BRD-K54729370,['54645880'],['COc1ccc(NC(=O)Nc2ccc3O[C@H]4[C@H](C[C@@H](CC(=O)NCC(F)(F)F)O[C@H]4CO)c3c2)cc1'],,,,,
7596,BRD-K54730162,['54615059'],['C[C@H](CO)N1C[C@H](C)[C@H](CN(C)CC2CC2)OCCCC[C@H](C)Oc3ccc(NC(=O)c4ccccc4)cc3C1=O'],,,,,
7597,BRD-K54737430,['54646715'],['OC[C@@H]1O[C@@H](CC(=O)NCc2ccc(Cl)cc2)C[C@@H]3[C@H]1Oc4ccc(NC(=O)CC5CC5)cc34'],,,,,
7598,BRD-K54743934,['54654002'],['COC(=O)C[C@H]1CC[C@H]2[C@@H](COc3ccc(NC(=O)c4cncs4)cc3C(=O)N2C)O1'],,,,,
7599,BRD-K54756845,['54617021'],['C[C@@H](CO)N1C[C@@H](C)[C@H](CN(C)CC2CCCCC2)OCCCC[C@@H](C)Oc3ccc(NS(=O)(=O)c4ccc(C)cc4)cc3C1=O'],,,,,
7600,BRD-K54791528,['60189807'],['OC[C@H]1[C@@H](c2ccccc2)C2(CN(C2)C(=O)c2cccc(F)c2)N1C(=O)C1CCCCC1'],,,,,
7601,BRD-K54792609,['54639047'],['COc1cccc(CNC(=O)C[C@H]2CC[C@@H](NC(C)=O)[C@H](CO)O2)c1'],,,,,
7602,BRD-K54801580,['60191227'],['OC[C@H]1[C@H]([C@@H]2CNCC(=O)N12)c1ccc(Br)cc1'],,,,,
7603,BRD-K54805796,['54649446'],['CC(C)(C)[S@](=O)N1Cc2cc(nc(c2[C@@H]1CCO)-c1cccc(c1)-c1ccc(cc1)C#N)C(=O)NCCN1CCCC1'],,,,,
7604,BRD-K54822214,['44490807'],['C[C@@H](CO)N1C[C@H](C)[C@H](CN(C)S(=O)(=O)c2ccc(Cl)cc2)Oc3c(NC(=O)NC4CCCCC4)cccc3C1=O'],,,,,
7605,BRD-K54822582,['54646708'],['CS(=O)(=O)Nc1ccc2O[C@@H]3[C@@H](C[C@H](CC(=O)NCC4CC4)O[C@@H]3CO)c2c1'],,,,,
7606,BRD-K54839171,['54649519'],['CO[C@H]1CC[C@@H]2CCN(C)C(=O)[C@@H](C)[C@@H](CN(C)C(=O)c3cc(ccc3OC[C@@H]1O2)C#N)OC'],,,,,
7607,BRD-K54864501,['44505850'],['C[C@H](CO)N1C[C@H](C)[C@@H](CN(C)C(=O)Nc2cccc3ccccc23)OCc4cnnn4CCCC1=O'],,,,,
7608,BRD-K54876931,['56835530'],['C[C@H](CO)N1C[C@H](C)[C@@H](CN(C)C(=O)c2ccncc2)OCc3ccccc3-c4c(C1=O)n(C)c5ccccc45'],,,,,
7609,BRD-K54885483,['44486356'],['C[C@@H](CO)N1C[C@@H](C)[C@@H](CN(C)C(=O)OCc2ccccc2)OCc3cn(CCCC1=O)nn3'],,,,,
7610,BRD-K54906270,['417052'],['COc1ccc2[nH]c3C(=NCCc3c2c1)C'],,,,,
7611,BRD-K54916924,['44487378'],['COc1ccc(CN(C)C[C@@H]2Oc3c(NS(=O)(=O)C)cccc3C(=O)N(C[C@@H]2C)[C@@H](C)CO)cc1'],,,,,
7612,BRD-K54925167,['44483750'],['C[C@H](CO)N1C[C@@H](C)[C@H](CN(C)Cc2ccncc2)Oc3c(NC(=O)Nc4c(C)noc4C)cccc3C1=O'],,,,,
7613,BRD-K54930318,['54651433'],['COCC(=O)N(C[C@@H]1[C@H]([C@H](CO)N1C(=O)NC(C)C)c1ccccc1)C(C)C'],,,,,
7614,BRD-K54945117,['60191241'],['OC[C@@H]1[C@@H]([C@@H]2CN(CC(=O)N12)C(=O)NC1CCCC1)c1ccc(cc1)C1=CCCCC1'],,,,,
7615,BRD-K54964414,['54638415'],['OC[C@@H]1O[C@H](CC(=O)NCC(F)(F)F)C=C[C@@H]1NC(=O)CC1CC1'],,,,,
7616,BRD-K54971989,['54646265'],['OC[C@H]1O[C@@H](CC(=O)NCCN2CCCCC2)C[C@@H]3[C@H]1Oc4ccc(NC(=O)Nc5ccccc5)cc34'],,,,,
7617,BRD-K54972173,['54631885'],['CCCC(=O)Nc1ccc2OC[C@@H](C)N(Cc3nccs3)C[C@H](C)[C@H](CN(C)C(=O)c2c1)OC'],,,,,
7618,BRD-K54980807,['54639005'],['OC[C@@H]1O[C@@H](CCNC(=O)CN2CCOCC2)CC[C@@H]1NS(=O)(=O)c1ccc(F)cc1'],,,,,
7619,BRD-K55004655,['54652471'],['OC[C@@H]1[C@H]2[C@H](CN(C(=O)Cc3ccccc3)c3ccccc23)N1S(=O)(=O)c1ccccc1'],,,,,
7620,BRD-K55009937,['54657881'],['COc1cccc(c1)S(=O)(=O)N1C[C@H](O)COC[C@H]2O[C@@H](CC(=O)NCCCN3CCOCC3)CC[C@H]12'],,,,,
7621,BRD-K55010869,['44487402'],['CNC[C@@H]1OCCCC[C@@H](C)Oc2ccc(NS(=O)(=O)c3cccs3)cc2C(=O)N(C[C@@H]1C)[C@H](C)CO'],,,,,
7622,BRD-K55013500,['54638305'],['OC[C@H]1O[C@H](CCNS(=O)(=O)c2ccccc2Cl)CC[C@H]1NC(=O)Cc1cccnc1'],,,,,
7623,BRD-K55025062,['44486964'],['C[C@H](CO)N1C[C@@H](C)[C@@H](CN(C)C(=O)Oc2ccc(C)cc2)OCc3cn(CCCC1=O)nn3'],,,,,
7624,BRD-K55030454,['54652586'],['CCCC(=O)N1C[C@H]2[C@H]([C@@H](CO)N2C(=O)Nc2ccc(F)cc2)c2ccccc12'],,,,,
7625,BRD-K55034844,['53338827'],['COc1cc(cc(OC)c1OC)-c1csc(n1)N1CCC(CC1)C(N)=O'],,,,,
7626,BRD-K55035262,['44485058'],['C[C@@H](CO)N1C[C@@H](C)[C@@H](CN(C)C(=O)c2ccccc2)OCc3cn(CCCC1=O)nn3'],,,,,
7627,BRD-K55038865,['54649341'],['COCCNC(=O)c1cc2CN([C@H](CCO)c2c(n1)-c1cccc(c1)C1=CCCC1)[S@](=O)C(C)(C)C'],,,,,
7628,BRD-K55055802,['667484'],['CCOC(=O)c1cncn1[C@H](C)c1ccccc1'],,,,,
7629,BRD-K55065943,['54638613'],['OC[C@@H]1O[C@@H](CCNC(=O)Nc2ccc(cc2)C(F)(F)F)CC[C@H]1NC(=O)c1cccnc1'],,,,,
7630,BRD-K55071917,['23806752'],['COCCCNC(=O)[C@]1(Cc2ccccc2CN=[N+]=[N-])N=C(O[C@@H]1c3ccccc3N=[N+]=[N-])c4ccc(OCCCO)cc4'],,,,,
7631,BRD-K55073475,['44501798'],['C[C@H](CO)N1C[C@H](C)[C@H](CN(C)Cc2ccc(Cl)c(Cl)c2)OCCCC[C@@H](C)Oc3ccc(cc3C1=O)N(C)C'],,,,,
7632,BRD-K55077180,['44489027'],['C[C@H](CO)N1C[C@@H](C)[C@@H](CN(C)Cc2ccncc2)Oc3ccc(NC(=O)Cc4cn(C)c5ccccc45)cc3C1=O'],,,,,
7633,BRD-K55078218,['54639145'],['OC[C@H]1O[C@@H](CC(=O)N2CCN(CC2)c2ccccc2)C=C[C@H]1NC(=O)c1ccncc1'],,,,,
7634,BRD-K55082119,['54645848'],['OC[C@H]1O[C@H](CC(=O)NCc2cccnc2)C[C@H]3[C@@H]1Oc4ccc(NS(=O)(=O)c5ccc(F)cc5)cc34'],,,,,
7635,BRD-K55082668,['54654200'],['CN1[C@H]2CC[C@@H](CC(=O)NCc3ccc(cc3)-c3ccccc3)O[C@H]2COc2ccc(NC(=O)Cc3cccs3)cc2C1=O'],,,,,
7636,BRD-K55093794,['60190028'],['COc1ccc2c3c([nH]c2c1)[C@@H](CO)N(C[C@]31CCN(CC1)S(C)(=O)=O)C(=O)C1CCOCC1'],,,,,
7637,BRD-K55100062,['54649318'],['CO[C@H](CN(C)S(=O)(=O)c1cccc(Cl)c1)[C@@H](C)CN([C@H](C)CO)S(=O)(=O)c1ccc(Cl)cc1'],,,,,
7638,BRD-K55106539,['54661413'],['COC(=O)[C@@H]1[C@@H](CO)[C@@H]2Cn3c(=O)c(ccc3[C@@H]2N1C(=O)C1CCC1)-c1ccc(F)cc1'],,,,,
7639,BRD-K55116708,['44507138'],['C[C@@H](CO)N1C[C@@H](C)[C@@H](CN(C)Cc2ccc(cc2)C(=O)Nc3ccccc3N)Oc4c(NC(=O)Nc5ccccc5)cccc4C1=O'],,,,,
7640,BRD-K55127335,['44142098'],['COc1ccc(OC)c(c1)c2nnc3SCC(=Nn23)c4ccc(OC(F)F)c(OCC5CC5)c4'],,,,,
7641,BRD-K55129824,['54637673'],['C[C@H](CO)N1C[C@H](C)[C@H](CN(C)C(=O)NC2CCCCC2)OCc3ccccc3-c4c(C1=O)n(C)c5ccccc45'],,,,,
7642,BRD-K55134387,['54646651'],['C[C@H](NC(=O)C[C@@H]1C[C@@H]2[C@@H](Oc3ccc(NC(=O)Cc4ccncc4)cc23)[C@@H](CO)O1)c5ccccc5'],,,,,
7643,BRD-K55137639,['54614241'],['C[C@@H](CO)N1C[C@@H](C)[C@H](CN(C)C(=O)Nc2ccc(cc2)C(F)(F)F)Oc3ccc(NS(=O)(=O)c4ccc(Cl)cc4)cc3CC1=O'],,,,,
7644,BRD-K55139645,['6729029'],['COc1ccc(C#Cc2ccc3NC(=O)[C@@]4([C@H]([C@H]5N([C@H]4c6ccc(OCCO)cc6)[C@@H]([C@@H](OC5=O)c7ccccc7)c8ccccc8)C(=O)NCC=C)c3c2)cc1'],,,,,
7645,BRD-K55149044,['54654201'],['CN1[C@@H]2CC[C@H](CC(=O)NCc3ccc(cc3)-c3ccccc3)O[C@@H]2COc2ccc(NC(=O)Cc3cccs3)cc2C1=O'],,,,,
7646,BRD-K55155550,['60190986'],['CCCNC(=O)N1C[C@@H]2[C@@H]([C@@H](CO)N2C(=O)C1)c1ccc(cc1)-c1ccc(F)cc1'],,,,,
7647,BRD-K55160246,['54651372'],['CC(C)N(C[C@H]1N[C@H](CO)[C@H]1c1ccc(cc1)-c1ccccc1)C(C)=O'],,,,,
7648,BRD-K55179756,['44202980'],['C[C@H](CO)N1C[C@@H](C)[C@H](CN(C)S(=O)(=O)c2ccccc2)Oc3ccc(NC(=O)Nc4ccc(cc4)C(F)(F)F)cc3C1=O'],,,,,
7649,BRD-K55185663,['54615035'],['C[C@H](CO)N1C[C@@H](C)[C@@H](CN(C)C(=O)c2ccncc2)OCCCC[C@@H](C)Oc3ccc(NC(=O)c4ccncc4)cc3C1=O'],,,,,
7650,BRD-K55186349,['7217941'],['[O-][N+](=O)c1ccc(cc1)C(=O)Oc1coc(CSc2ncccn2)cc1=O'],,,,,
7651,BRD-K55191691,['60191278'],['C\\C=C\\c1ccc(cc1)[C@@H]1[C@@H](CO)N2[C@H]1CN(CC2=O)C(=O)Nc1ccc(F)cc1'],,,,,
7652,BRD-K55194575,['54649455'],['CN(C)C(=O)c1ccc(cc1)-c1cccc(c1)-c1nc(cc2CN([C@@H](CCO)c12)[S@@](=O)C(C)(C)C)C(=O)NCc1ccccc1'],,,,,
7653,BRD-K55197905,['54631977'],['CO[C@@H]1CN(C)C(=O)c2ccc(NC(C)=O)cc2OC[C@H](C)N(Cc2ccccc2F)C[C@@H]1C'],,,,,
7654,BRD-K55204560,['60185359'],['COc1ccc2c3c([nH]c2c1)[C@@H](CO)N(C[C@]31CCN(CC1)S(=O)(=O)c1cccc(C)c1)C(=O)Nc1cccc(F)c1'],,,,,
7655,BRD-K55210983,['44501521'],['CC(C)NC(=O)Nc1ccc2O[C@H](C)CCCCO[C@H](CN(C)CC3CCCCC3)[C@@H](C)CN([C@H](C)CO)C(=O)c2c1'],,,,,
7656,BRD-K55216557,['44483865'],['CNC[C@H]1Oc2ccc(NS(=O)(=O)c3ccccc3)cc2CC(=O)N(C[C@H]1C)[C@H](C)CO'],,,,,
7657,BRD-K55216615,['44142158'],['Fc1cccc(F)c1S(=O)(=O)[C@H]2CC[C@H](CC2)S(=O)(=O)c3ccc4OCCOc4c3'],,,,,
7658,BRD-K55231301,['44493585'],['C[C@H](CO)N1C[C@@H](C)[C@@H](CN(C)Cc2ccc(cc2)C(F)(F)F)OCc3cn(CCCC1=O)nn3'],,,,,
7659,BRD-K55232867,['54631435'],['CO[C@H]1CN(C)C(=O)c2cc(NC(=O)Nc3c(C)noc3C)ccc2OC[C@@H](C)N(CCC(F)(F)F)C[C@H]1C'],,,,,
7660,BRD-K55242988,['21917176'],['Oc1ccc2cccc(CCNC(=O)CBr)c2c1'],,,,,
7661,BRD-K55251364,['54661191'],['CCC(=O)N1[C@@H]([C@@H](CO)[C@@H]2Cn3c(ccc(-c4ccccc4OC)c3=O)[C@H]12)C(=O)NCCCN(C)C'],,,,,
7662,BRD-K55252655,['54654036'],['CN1[C@H]2CC[C@@H](CC(=O)NCc3ccccc3Cl)O[C@@H]2COc2ccc(NC(=O)Nc3cccc(C)c3)cc2C1=O'],,,,,
7663,BRD-K55260239,['60187283'],['COc1ccc2c3c([C@H](CO)N(CC4CC4)C[C@]33CN(C3)S(=O)(=O)c3cn(C)cn3)n(C)c2c1'],,,,,
7664,BRD-K55277887,['60189646'],['OC[C@@H]1[C@@H](c2ccccc2)C2(CN(CC3CCOCC3)C2)N1Cc1cncnc1'],,,,,
7665,BRD-K55282910,['54618502'],['CCCN(C)C[C@H]1Oc2ncc(cc2C(=O)N(C[C@H]1C)[C@@H](C)CO)c3ccccc3'],,,,,
7666,BRD-K55288106,['54651178'],['OC[C@H]1N(Cc2ccccn2)[C@@H](CN(C)S(C)(=O)=O)[C@H]1c1ccccc1'],,,,,
7667,BRD-K55290744,['60187600'],['COc1ccc2c3c([C@H](CO)NC[C@]33CCN(CC3)C(=O)Nc3ccccc3F)n(C)c2c1'],,,,,
7668,BRD-K55293774,['54637716'],['COc1ccc(CNC(=O)N(C)C[C@H]2OCc3ccccc3-c4ccccc4C(=O)N(C[C@@H]2C)[C@H](C)CO)cc1'],,,,,
7669,BRD-K55297678,['54654324'],['CCC(=O)Nc1ccc2OC[C@H]3O[C@@H](CC(=O)Nc4c(F)cccc4F)CC[C@@H]3N(C)C(=O)c2c1'],,,,,
7670,BRD-K55300135,['54618326'],['C[C@@H](CO)N1C[C@@H](C)[C@H](CN(C)Cc2ccccn2)Oc3cc(ccc3S1(=O)=O)C4=CCCC4'],,,,,
7671,BRD-K55308802,['54652694'],['OC[C@H]1[C@@H]2[C@@H](CN(C(=O)c3ccccn3)c3ccccc23)N1C(=O)Nc1ccccc1F'],,,,,
7672,BRD-K55313038,['54657927'],['O[C@@H]1COC[C@H]2O[C@H](CC(=O)NC3CCC3)CC[C@@H]2N(C1)C(=O)Nc1ccc(Cl)c(Cl)c1'],,,,,
7673,BRD-K55322029,['44484927'],['C[C@H](CO)N1C[C@@H](C)[C@@H](CN(C)C)Oc2ccc(NS(=O)(=O)c3ccccc3)cc2C1=O'],,,,,
7674,BRD-K55330917,['54664943'],['CN(C)C(=O)c1cccc(c1)-c1ccc2N[C@@H](CO)[C@H]3CCN(Cc4nccs4)[C@H]3c2c1'],,,,,
7675,BRD-K55331619,['54638331'],['OC[C@H]1O[C@@H](CCn2cc(Cc3ccccc3)nn2)CC[C@H]1NS(=O)(=O)c1ccccc1F'],,,,,
7676,BRD-K55332332,['3036461'],['CSc1ccc(cc1)[C@@H]1CN2CCC[C@@H]2c2ccccc12'],,,,,
7677,BRD-K55340188,['60191076'],['Cc1ccccc1-c1ccc(cc1)[C@@H]1[C@H](CO)N2[C@H]1CN(CC2=O)C(=O)c1ccncc1'],,,,,
7678,BRD-K55341184,['60188702'],['OC[C@H]1[C@@H]([C@@H]2CN(CC(=O)N12)C(=O)c1cccc(F)c1)c1ccc(cc1)C1=CCCC1'],,,,,
7679,BRD-K55341496,['54625138'],['CCC(=O)N(C)C[C@@H]1Oc2cc(ccc2S(=O)(=O)N(C[C@H]1C)[C@H](C)CO)C3=CCCC3'],,,,,
7680,BRD-K55341911,['54638841'],['OC[C@@H]1O[C@@H](CCn2cc(nn2)-c2ccccc2F)CC[C@@H]1NC(=O)c1ccc2OCOc2c1'],,,,,
7681,BRD-K55343182,['54618586'],['C[C@@H](O)C#Cc1cnc2O[C@H](CN(C)C(=O)Cc3ccncc3)[C@@H](C)CN([C@H](C)CO)C(=O)c2c1'],,,,,
7682,BRD-K55345749,['60190005'],['OC[C@@H]1[C@@H](c2ccccc2)C2(CN(Cc3nccs3)C2)N1C(=O)c1ccccc1'],,,,,
7683,BRD-K55345900,['54654275'],['C[C@@H](NC(=O)C[C@H]1CC[C@H]2[C@@H](COc3ccc(NS(=O)(=O)c4ccc(Cl)cc4)cc3C(=O)N2C)O1)c1ccccc1'],,,,,
7684,BRD-K55362990,['54654133'],['CN1[C@@H]2CC[C@@H](CC(=O)NCC3CC3)O[C@H]2COc2ccc(NC(=O)NC3CCCC3)cc2C1=O'],,,,,
7685,BRD-K55381473,['54631524'],['CO[C@@H]1CN(C)C(=O)c2cc(NC(=O)Nc3ccccc3Cl)ccc2OC[C@@H](C)N(C[C@H]1C)S(=O)(=O)CC(F)(F)F'],,,,,
7686,BRD-K55385841,['54630363'],['C[C@@H](CO)N1C[C@@H](C)[C@H](CN(C)Cc2ccccc2F)Oc3ncc(cc3C1=O)c4ccccc4F'],,,,,
7687,BRD-K55426263,['60189911'],['COc1ccc2c3c([C@@H](CO)NC[C@]33CN(CC4CCOCC4)C3)n(C)c2c1'],,,,,
7688,BRD-K55432508,['54631844'],['CO[C@@H]1CN(C)C(=O)c2cc(NC(=O)c3cccc(OC)c3)ccc2OC[C@H](C)N(CCc2ccccc2)C[C@@H]1C'],,,,,
7689,BRD-K55437057,['54654493'],['CN1[C@H]2CC[C@H](CC(=O)NCc3ccc(Cl)cc3)O[C@H]2COc2ccc(NC(=O)Nc3c(C)noc3C)cc2C1=O'],,,,,
7690,BRD-K55461955,['46903782'],['CC(C)NC(=O)N(C)C[C@H]1OCCCC[C@H](C)Oc2ccc(NC(=O)NC3CCCCC3)cc2C(=O)N(C[C@@H]1C)[C@H](C)CO'],,,,,
7691,BRD-K55467482,['60185280'],['Cc1cccc(c1)S(=O)(=O)N1C[C@H]2N[C@@H](C1)[C@@H]2c1ccc(cc1)-c1cncnc1'],,,,,
7692,BRD-K55487965,['44142137'],['Cn1nnnc1Sc2ncnc3scc(c4ccccc4Cl)c23'],,,,,
7693,BRD-K55502647,['18580220'],['COc1ccccc1Nc2nc(nc(n2)N3CCOCC3)N4CCOCC4'],,,,,
7694,BRD-K55507662,['54665060'],['OC[C@H]1Nc2ccc(cc2[C@H]2[C@@H]1CCN2C(=O)C1CCOCC1)-c1cccc(F)c1'],,,,,
7695,BRD-K55533488,['71576758'],['C[C@@H]1CC(=O)NN=C1c1ccc(cc1)N1CCOCC1'],,,,,
7696,BRD-K55536701,['23836210'],['C[C@H]1[C@@H]([C@@H](CCO)O[C@]12C(=O)N(CC=C)c3ccc(cc32)N4C(=O)c5ccccc5Oc6ccccc46)[Si](C)(C)F'],,,,,
7697,BRD-K55543534,['54651286'],['CCN(C[C@@H]1[C@H]([C@H](CO)N1C(=O)COC)c1ccccc1)S(C)(=O)=O'],,,,,
7698,BRD-K55557659,['44634539'],['Cn1cc(c2ccccc12)P(=S)(c1ccccc1)c1ccccc1'],,,,,
7699,BRD-K55561254,['54657593'],['O[C@H]1CN[C@H]2CC[C@H](CC(=O)NCc3ccc4OCOc4c3)O[C@@H]2COC1'],,,,,
7700,BRD-K55569739,['54666543'],['COc1ccc(NC(=O)N2CCCCN3[C@H](CO)[C@H]([C@H]3C2)c2ccc(cc2)-c2ccccc2F)cc1'],,,,,
7701,BRD-K55578148,['54639059'],['N[C@H]1CC[C@@H](CCn2cc(nn2)-c2ccccn2)O[C@H]1CO'],,,,,
7702,BRD-K55588166,['44487544'],['CC(C)NC(=O)Nc1ccc2O[C@H](C)CCCCO[C@@H](CN(C)C(=O)Nc3ccccc3)[C@H](C)CN([C@@H](C)CO)C(=O)c2c1'],,,,,
7703,BRD-K55596430,['54657562'],['O[C@H]1COC[C@@H]2O[C@@H](CC(=O)N3CCCCC3)CC[C@H]2N(C1)S(=O)(=O)c1cccc(Cl)c1'],,,,,
7704,BRD-K55597137,['54638624'],['CN1CCN(CC1)C(=O)C[C@@H]1O[C@@H](CO)[C@H](NC(=O)Nc2ccccc2F)C=C1'],,,,,
7705,BRD-K55612480,['44498603'],['C[C@@H](CO)N1C[C@@H](C)[C@@H](CN(C)CC2CCCCC2)OCCCC[C@@H](C)Oc3ccc(NC(=O)NC4CCCCC4)cc3C1=O'],,,,,
7706,BRD-K55630727,['17564913'],['CN(C)c1nc(N)nc(CSc2nnnn2c3ccc(Cl)cc3)n1'],,,,,
7707,BRD-K55630970,['44483837'],['C[C@H](CO)N1C[C@H](C)[C@H](CN(C)Cc2ccc(cc2)C(F)(F)F)Oc3ccc(NC(=O)Cc4ccccc4)cc3CC1=O'],,,,,
7708,BRD-K55633328,['54652593'],['COCC(=O)N1[C@@H](CO)[C@@H]2[C@H]1CN(C)c1ccccc21'],,,,,
7709,BRD-K55640577,['54651367'],['COCCN(C[C@H]1[C@@H]([C@H](CO)N1C(C)=O)c1ccccc1)C(=O)c1cccnc1'],,,,,
7710,BRD-K55640612,['44496350'],['CC(C)NC(=O)Nc1ccc2O[C@H](CN(C)S(=O)(=O)c3ccccc3)[C@H](C)CN([C@@H](C)CO)C(=O)Cc2c1'],,,,,
7711,BRD-K55641492,['54654518'],['CN1[C@@H]2CC[C@H](CC(=O)NCC3CCCCC3)O[C@H]2COc2ccc(NC(=O)C3CCOCC3)cc2C1=O'],,,,,
7712,BRD-K55666799,['44486888'],['C[C@H](CO)N1C[C@@H](C)[C@@H](CN(C)Cc2ccc(cc2)c3ccccc3)Oc4ccc(NS(=O)(=O)C)cc4CC1=O'],,,,,
7713,BRD-K55667009,['54637964'],['C[C@H](CO)N1C[C@@H](C)[C@H](CN(C)C(=O)N[C@H](C)c2ccccc2)OCc3ccccc3-c4c(C1=O)n(C)c5ccccc45'],,,,,
7714,BRD-K55681488,['54646326'],['OC[C@@H]1O[C@@H](CC(=O)N2CCc3ccccc3C2)C[C@@H]4[C@H]1Oc5ccc(NC(=O)C6CCOCC6)cc45'],,,,,
7715,BRD-K55693448,['60191150'],['COc1ccc(cc1)-c1ccc(cc1)[C@H]1[C@H](CO)N2[C@H]1CN(Cc1ccccc1)CC2=O'],,,,,
7716,BRD-K55697606,['60190223'],['COc1ccc2c3c([nH]c2c1)[C@H](CO)N(C[C@]31CN(C1)S(C)(=O)=O)C(=O)c1ccccn1'],,,,,
7717,BRD-K55699053,['54615116'],['COc1ccc(cc1)S(=O)(=O)N(C)C[C@@H]2OCCCC[C@@H](C)Oc3ccc(NS(=O)(=O)c4cn(C)cn4)cc3C(=O)N(C[C@H]2C)[C@@H](C)CO'],,,,,
7718,BRD-K55702567,['54652510'],['Cc1ccc(cc1)S(=O)(=O)N1C[C@H]2[C@H]([C@@H](CO)N2Cc2cccnc2)c2ccccc12'],,,,,
7719,BRD-K55713064,['54645944'],['C[C@@H](NC(=O)C[C@H]1C[C@@H]2[C@@H](Oc3ccc(NS(=O)(=O)c4ccc(F)cc4)cc23)[C@@H](CO)O1)c5ccccc5'],,,,,
7720,BRD-K55715339,['44507806'],['OCCOc1ccc(/C=N/NC(=O)CCCCCCC(=O)Nc2ccccc2O)cc1'],,,,,
7721,BRD-K55722623,['44460166'],['Oc1ccc(-c2ccccc2F)c2cccnc12'],,,,,
7722,BRD-K55730324,['54632118'],['CO[C@H]1CN(C)C(=O)c2cc(NC(=O)C3CCOCC3)ccc2OC[C@@H](C)N(CC2CC2)C[C@H]1C'],,,,,
7723,BRD-K55743249,['54654469'],['CCS(=O)(=O)Nc1ccc2OC[C@@H]3O[C@H](CC(=O)NCc4ccccc4F)CC[C@@H]3N(C)C(=O)c2c1'],,,,,
7724,BRD-K55749829,['54649953'],['CCc1csc(n1)N1[C@H](CO)[C@H]([C@H]1C#N)c1ccc(cc1)\\C=C\\C'],,,,,
7725,BRD-K55767126,['54638416'],['OC[C@H]1O[C@H](CC(=O)NCC(F)(F)F)C=C[C@@H]1NC(=O)CC1CC1'],,,,,
7726,BRD-K55767217,['54664926'],['COCC(=O)N1CC[C@H]2[C@@H]1c1cc(ccc1N(C)[C@H]2CO)-c1ccc(F)cc1'],,,,,
7727,BRD-K55767450,['54666673'],['CN(C)CC(=O)N1CCCCN2[C@@H](CO)[C@@H]([C@@H]2C1)c1ccc(\\C=C\\c2ccccc2)cc1'],,,,,
7728,BRD-K55775078,['44505608'],['C[C@H](CO)N1C[C@H](C)[C@@H](CN(C)C(=O)Nc2ccccc2)OCc3cn(CCCC1=O)nn3'],,,,,
7729,BRD-K55792644,['71760419'],['COc1ccc2c3c([C@@H](CO)N(C[C@]33CN(C3)S(=O)(=O)c3cn(C)cn3)C(=O)Nc3ccc(F)cc3)n(C)c2c1'],,,,,
7730,BRD-K55806039,['54638280'],['Cn1cnc(c1)S(=O)(=O)N[C@@H]1CC[C@@H](CC(=O)NCC2CCCCC2)O[C@H]1CO'],,,,,
7731,BRD-K55808012,['54649401'],['CN(C)C(=O)c1cc2CN([C@H](CCO)c2c(n1)-c1cccc(c1)C1=CCCC1)[S@](=O)C(C)(C)C'],,,,,
7732,BRD-K55809413,['54664966'],['COc1ccccc1S(=O)(=O)N1CC[C@@H]2[C@H]1c1cc(ccc1N[C@H]2CO)-c1ccc(cc1)C#N'],,,,,
7733,BRD-K55813437,['54661349'],['OC[C@@H]1[C@H]2Cn3c(ccc(-c4cccnc4)c3=O)[C@@H]([C@H]1C(=O)NCC1CC1)N2C(=O)C1CC1'],,,,,
7734,BRD-K55816391,['60185154'],['COc1ccccc1CN1C[C@H]2N[C@@H](C1)[C@@H]2c1ccc(cc1)-c1cccc(c1)C#N'],,,,,
7735,BRD-K55819735,['54631873'],['CO[C@H]1CN(C)C(=O)c2ccc(NC(=O)Nc3c(C)noc3C)cc2OC[C@H](C)NC[C@H]1C'],,,,,
7736,BRD-K55827386,['44506722'],['C[C@H](CO)N1C[C@H](C)[C@@H](CN(C)S(=O)(=O)c2ccc(Cl)cc2)Oc3c(NC(=O)CCCCCC(=O)Nc4ccccc4N)cccc3C1=O'],,,,,
7737,BRD-K55844427,['53338860'],['Cc1nnc2sc(nn12)c3ccc(C)c(NC(=O)c4ccc(o4)c5cccc(Cl)c5)c3'],,,,,
7738,BRD-K55851396,['54654475'],['CN1[C@H]2CC[C@@H](CC(=O)NCc3ccc(cc3)-c3ccccc3)O[C@@H]2COc2ccc(NC(=O)c3cc(C)on3)cc2C1=O'],,,,,
7739,BRD-K55854370,['54649978'],['OC[C@@H]1[C@H]([C@H](C#N)N1S(=O)(=O)Cc1ccccc1)c1ccccc1'],,,,,
7740,BRD-K55875111,['54657699'],['CCNC(=O)C[C@@H]1CC[C@H]2[C@@H](COC[C@@H](O)CN2C(=O)c2ccccn2)O1'],,,,,
7741,BRD-K55878534,['60191199'],['OC[C@H]1[C@@H]([C@H]2CN(CC(=O)N12)C(=O)c1cnccn1)c1ccc(\\C=C\\c2ccccc2)cc1'],,,,,
7742,BRD-K55880295,['54637952'],['C[C@@H](CO)N1C[C@@H](C)[C@@H](CN(C)C(=O)c2ccncc2)OCc3ccccc3-c4c(C1=O)n(C)c5ccccc45'],,,,,
7743,BRD-K55883155,['60192176'],['CS(=O)(=O)N1[C@@H](CO)[C@@H](c2ccccc2)C11CN(Cc2cc(F)ccc2F)C1'],,,,,
7744,BRD-K55896440,['54649343'],['CC(C)(C)[S@@](=O)N1Cc2cc(nc(c2[C@H]1CCO)-c1cccc(c1)-c1cccc(c1)C#N)C(=O)NCCN1CCCCC1'],,,,,
7745,BRD-K55896799,['70680408'],['C[C@H]1C\\C=C\\CCCN[C@@H](COC1=O)c1ccccc1'],,,,,
7746,BRD-K55897144,['54637882'],['C[C@H](CO)N1C[C@H](C)[C@H](CN(C)C(=O)C)OCc2ccccc2-c3ccccc3C1=O'],,,,,
7747,BRD-K55943540,['54637680'],['C[C@H](CO)N1C[C@H](C)[C@H](CN(C)C(=O)[C@@H]2CCCN2C)OCc3ccccc3-c4c(C1=O)n(C)c5ccccc45'],,,,,
7748,BRD-K55966666,['23648026'],['OCCNc1nc(Nc2ccccc2Oc3ccccc3)nc(n1)N4CCCC4'],,,,,
7749,BRD-K55972177,['44246457'],['Cc1ccc(cc1)S(=O)(=O)C1CCN(CC1)c1nc(nc2ccccc12)-c1cccs1'],,,,,
7750,BRD-K55981249,['71759949'],['COc1ccc2c3c([C@@H](CO)N(Cc4ccccc4Cl)C[C@]33CCN(CC3)C(=O)CC3CC3)n(C)c2c1'],,,,,
7751,BRD-K55992427,['60185128'],['Fc1ccccc1-c1ccc(cc1)[C@@H]1[C@H]2CN(C[C@@H]1N2)C(=O)c1ccc2OCOc2c1'],,,,,
7752,BRD-K55996963,['2818504'],['CSc1nc(N)n(n1)c2cc(Cl)cc(Cl)c2'],,,,,
7753,BRD-K55996983,['60184859'],['C(N1C[C@H]2N[C@@H](C1)[C@@H]2c1ccc(cc1)-c1ccncc1)c1nccs1'],,,,,
7754,BRD-K56004278,['54631565'],['CCCN1C[C@H](C)[C@@H](CN(C)C(=O)c2cc(NC(=O)c3cnccn3)ccc2OC[C@@H]1C)OC'],,,,,
7755,BRD-K56014252,['60190939'],['CS(=O)(=O)N1C[C@H]2[C@H]([C@@H](CO)N2C(=O)C1)c1ccc(cc1)C#Cc1ccc(F)cc1'],,,,,
7756,BRD-K56024573,['44142060'],['COc1cccc(c1)c2ccc3ncnc(NCc4ccc5OCOc5c4)c3c2'],,,,,
7757,BRD-K56040287,['54651259'],['CCC(=O)N1[C@@H](CO)[C@H]([C@H]1CNC(=O)c1ccncc1)c1ccc(cc1)\\C=C\\C'],,,,,
7758,BRD-K56040567,['60189793'],['COc1ccc2c3c([C@@H](CO)N(C[C@]33CCN(Cc4cccnc4)CC3)S(=O)(=O)c3ccc(C)cc3)n(C)c2c1'],,,,,
7759,BRD-K56046253,['54652499'],['OC[C@@H]1[C@@H]2[C@@H](CNc3ccccc23)N1C(=O)Nc1ccc(F)cc1'],,,,,
7760,BRD-K56068611,['60189897'],['COc1cccc(CN2[C@H](CO)[C@H](c3ccccc3)C22CN(C2)C(=O)C2CCCCC2)c1'],,,,,
7761,BRD-K56076713,['54651288'],['CCN(C[C@@H]1[C@H]([C@@H](CO)N1C(=O)COC)c1ccccc1)S(C)(=O)=O'],,,,,
7762,BRD-K56079297,['56835274'],['CC(C)COC(=O)N(C)C[C@@H]1OCc2ccccc2-c3ccccc3C(=O)N(C[C@@H]1C)[C@@H](C)CO'],,,,,
7763,BRD-K56104093,['54666649'],['C\\C=C\\c1ccc(cc1)[C@@H]1[C@@H](CO)N2CCCCN(C[C@H]12)C(=O)Nc1ccc(F)cc1'],,,,,
7764,BRD-K56116682,['54626033'],['C[C@@H](CO)N1C[C@@H](C)[C@@H](CN(C)Cc2ccc(F)cc2)Oc3ncc(cc3C1=O)c4ccccc4F'],,,,,
7765,BRD-K56124197,['54631326'],['CO[C@H]1CN(C)C(=O)c2ccc(NC(=O)c3nc4ccccc4s3)cc2OC[C@@H](C)NC[C@@H]1C'],,,,,
7766,BRD-K56130969,['54658087'],['CCCNC(=O)N1C[C@@H](O)COC[C@@H]2O[C@@H](CC(=O)N[C@@H]3CCN(Cc4ccccc4)C3)CC[C@@H]12'],,,,,
7767,BRD-K56150975,['54632222'],['COCC(=O)Nc1ccc2c(OC[C@@H](C)N(C[C@@H](C)[C@@H](CN(C)C2=O)OC)C(=O)NC(C)C)c1'],,,,,
7768,BRD-K56153762,['60184945'],['COc1ccc2c3c([C@@H](CO)NC[C@]33CN(C3)C(=O)CC3CC3)n(C)c2c1'],,,,,
7769,BRD-K56167818,['54646264'],['OC[C@@H]1O[C@@H](CC(=O)NCCN2CCCCC2)C[C@@H]3[C@H]1Oc4ccc(NC(=O)Nc5ccccc5)cc34'],,,,,
7770,BRD-K56176052,['54645974'],['OC[C@H]1O[C@H](CC(=O)N2CCOCC2)C[C@H]3[C@@H]1Oc4ccc(NS(=O)(=O)c5ccccc5)cc34'],,,,,
7771,BRD-K56189188,['54638249'],['CC(C)NC(=O)NCC[C@@H]1CC[C@@H](NC(=O)CCN2CCCCC2)[C@@H](CO)O1'],,,,,
7772,BRD-K56196992,['44507063'],['C[C@@H](CO)N1C[C@@H](C)[C@@H](CN(C)Cc2ccc(cc2)C(=O)Nc3ccccc3N)Oc4c(NC(=O)c5ccc(cc5)c6nccs6)cccc4C1=O'],,,,,
7773,BRD-K56206243,['54657478'],['COC(=O)C[C@@H]1CC[C@@H]2NC[C@@H](O)COC[C@H]2O1'],,,,,
7774,BRD-K56208365,['44494129'],['CC(C)NC(=O)N(C)C[C@H]1OCCCC[C@H](C)Oc2ccc(NC(=O)Cc3ccccc3)cc2C(=O)N(C[C@H]1C)[C@@H](C)CO'],,,,,
7775,BRD-K56215045,['56835270'],['C[C@H](CO)N1C[C@@H](C)[C@H](CN(C)C(=O)CCC(F)(F)F)OCc2ccccc2-c3ccccc3C1=O'],,,,,
7776,BRD-K56215828,['54666648'],['C\\C=C\\c1ccc(cc1)[C@H]1[C@H](CO)N2CCCCN(C[C@@H]12)C(=O)Nc1ccc(F)cc1'],,,,,
7777,BRD-K56219224,['54631597'],['CCCN1C[C@@H](C)[C@@H](CN(C)C(=O)c2ccc(NC(=O)c3ccccc3F)cc2OC[C@@H]1C)OC'],,,,,
7778,BRD-K56219428,['54651525'],['CN(C)CC(=O)NC[C@H]1N[C@@H](CO)[C@H]1c1ccc(cc1)-c1cccc(c1)C#N'],,,,,
7779,BRD-K56231599,['60185205'],['CN(C)CC(=O)N1C[C@H]2N[C@@H](C1)[C@@H]2c1ccc(\\C=C\\c2ccccc2)cc1'],,,,,
7780,BRD-K56240483,['54660891'],['OC[C@@H]1[C@H]2Cn3c(cccc3=O)[C@@H]([C@H]1C(=O)Nc1ccc(cc1)-c1ccccc1)N2Cc1ccncc1'],,,,,
7781,BRD-K56242781,['44505199'],['CC(C)OC(=O)N(C)C[C@H]1OCc2cnnn2CCCC(=O)N(C[C@H]1C)[C@@H](C)CO'],,,,,
7782,BRD-K56243496,['54615952'],['C[C@H](CO)N1C[C@H](C)[C@@H](CN(C)C(=O)Nc2ccc3OCOc3c2)OCCCC[C@H](C)Oc4ccc(NC(=O)C5CCCCC5)cc4C1=O'],,,,,
7783,BRD-K56244259,['54651459'],['CCNC[C@@H]1[C@@H]([C@H](CO)N1c1nc(C)c(C)s1)c1ccc(cc1)C1=CCCC1'],,,,,
7784,BRD-K56269643,['44487531'],['C[C@@H](CO)N1C[C@@H](C)[C@H](CN(C)C)OCCCC[C@@H](C)Oc2ccc(NC(=O)c3ccncc3)cc2C1=O'],,,,,
7785,BRD-K56298028,['54638925'],['CC(C)NC(=O)N[C@@H]1CC[C@H](CCN)O[C@H]1CO'],,,,,
7786,BRD-K56301236,['60185219'],['COc1ccc2c3c([nH]c2c1)[C@H](CO)N(C[C@]31CN(C)C1)C(=O)Cc1ccccc1'],,,,,
7787,BRD-K56304906,['44486349'],['C[C@H](CO)N1C[C@H](C)[C@@H](CN(C)C(=O)c2cc(on2)c3ccccc3)OCc4cn(CCCC1=O)nn4'],,,,,
7788,BRD-K56307118,['44460132'],['Fc1ccc(cc1)C(=O)OCC#CCSc1nnc(o1)-c1ccco1'],,,,,
7789,BRD-K56322026,['54637763'],['C[C@@H](CO)N1C[C@H](C)[C@@H](CN(C)C(=O)c2c(C)noc2C)OCc3ccccc3-c4ccccc4C1=O'],,,,,
7790,BRD-K56325098,['54661088'],['OC[C@H]1[C@@H]2Cn3c(cccc3=O)[C@H]([C@@H]1C(=O)NCCCN1CCOCC1)N2C(=O)NC1CCCC1'],,,,,
7791,BRD-K56327795,['54660887'],['OC[C@@H]1[C@H]2Cn3c(cccc3=O)[C@@H]([C@H]1C(=O)NCC(F)(F)F)N2CC1CCOCC1'],,,,,
7792,BRD-K56328447,['54657905'],['O[C@H]1COC[C@@H]2O[C@@H](CC(=O)N3CCc4ccccc4C3)CC[C@H]2N(C1)C(=O)c1cc(Cl)cc(Cl)c1'],,,,,
7793,BRD-K56345641,['54639039'],['Cc1ccc(cc1)S(=O)(=O)N[C@@H]1C=C[C@H](CC(=O)NCCN2CCCCC2)O[C@H]1CO'],,,,,
7794,BRD-K56348092,['60191565'],['COCC(=O)N1[C@@H](CO)[C@@H](c2ccccc2)C11CN(Cc2ccccc2)C1'],,,,,
7795,BRD-K56366698,['54666398'],['COc1cccc(c1)S(=O)(=O)N1CCCCN2[C@@H](CO)[C@@H]([C@H]2C1)c1ccc(cc1)C#CCC(C)C'],,,,,
7796,BRD-K56367200,['54652442'],['OC[C@@H]1[C@@H]2[C@@H](CNc3ccccc23)N1S(=O)(=O)c1ccccc1'],,,,,
7797,BRD-K56370195,['54660870'],['OC[C@@H]1[C@H]2Cn3c(cccc3=O)[C@H]2N(CCc2ccccc2)[C@H]1C(=O)NC1CCC1'],,,,,
7798,BRD-K56379651,['54650206'],['CCc1cnc(s1)N1[C@@H](CO)[C@@H]([C@H]1C#N)c1ccc(cc1)-c1cccc(F)c1'],,,,,
7799,BRD-K56392985,['23760109'],['C/C=C/C#CC#C[C@@H](O[C@@H]1O[C@H](CO)[C@@H](O)[C@H](O)[C@H]1O)[C@H](O)\\C=C\\CCCO'],,,,,
7800,BRD-K56395592,['60189852'],['OC[C@H]1[C@@H](c2ccccc2)C2(CN(C2)C(=O)C2CC2)N1Cc1nccs1'],,,,,
7801,BRD-K56399425,['54664908'],['COc1cccc(c1)-c1ccc2N(C)[C@@H](CO)[C@@H]3CCN([C@@H]3c2c1)S(=O)(=O)c1ccccc1F'],,,,,
7802,BRD-K56411643,['40911229'],['COC(=O)[C@@H]1Cc2c([nH]c3ccccc23)[C@H](N1C(=O)CCl)c4ccc(cc4)C(=O)OC'],,,,,
7803,BRD-K56417931,['54646205'],['CS(=O)(=O)Nc1ccc2O[C@H]3[C@H](C[C@@H](CC(=O)NCc4ccccn4)O[C@H]3CO)c2c1'],,,,,
7804,BRD-K56446541,['35647030'],['FC(F)(F)c1ccc(Cl)c(NC(=O)COC(=O)CNC(=O)C2CCCCC2)c1'],,,,,
7805,BRD-K56450018,['54666500'],['OC[C@H]1[C@@H]([C@@H]2CN(Cc3ccccn3)CCCCN12)c1ccc(Br)cc1'],,,,,
7806,BRD-K56452877,['54645846'],['OC[C@H]1O[C@@H](CC(=O)NCc2cccnc2)C[C@H]3[C@@H]1Oc4ccc(NS(=O)(=O)c5ccc(F)cc5)cc34'],,,,,
7807,BRD-K56473018,['60190971'],['CCCNC(=O)N1C[C@H]2[C@@H]([C@H](CO)N2C(=O)C1)c1ccc(cc1)C#Cc1cccc(OC)c1'],,,,,
7808,BRD-K56477805,['44143153'],['Cc1nnc(N=c2ssnc2Cl)o1'],,,,,
7809,BRD-K56478238,['43345'],['CCC(C)(C)NC(=NC#N)Nc1cccnc1'],,,,,
7810,BRD-K56482508,['54654545'],['CN1[C@H]2CC[C@@H](CC(=O)NCCCN3CCOCC3)O[C@@H]2COc2ccc(NC(=O)Nc3ccccc3Cl)cc2C1=O'],,,,,
7811,BRD-K56483755,['56835320'],['C[C@@H](CO)N1C[C@@H](C)[C@H](CN(C)C(=O)Cc2ccccc2)OCc3ccccc3-c4c(C1=O)n(C)c5ccccc45'],,,,,
7812,BRD-K56489029,['60138085'],['CCOc1ccc(CCNC(=O)c2cc3sccc3n2Cc2ccccc2)cc1OCC'],,,,,
7813,BRD-K56505861,['54652485'],['COCC(=O)N1[C@@H](CO)[C@@H]2[C@H]1CN(C(=O)Nc1cc(F)ccc1F)c1ccccc21'],,,,,
7814,BRD-K56518176,['4602050'],['Nc1ccc(cc1)C(=O)Nc2ccc(cc2N)C(=O)O'],,,,,
7815,BRD-K56535275,['54658096'],['O[C@H]1COC[C@H]2O[C@@H](CC(=O)N3CCCCC3)CC[C@@H]2N(Cc2ccc3OCOc3c2)C1'],,,,,
7816,BRD-K56553629,['54654157'],['CN1CCN(CC1)C(=O)C[C@H]1CC[C@@H]2[C@H](COc3ccc(NC(=O)c4cscn4)cc3C(=O)N2C)O1'],,,,,
7817,BRD-K56555032,['986349'],['CCn1c(COc2c(C)cccc2C)nnc1SCC(=O)N3CCN(CC3)c4ccccc4'],,,,,
7818,BRD-K56581148,['54638685'],['CCS(=O)(=O)N[C@H]1CC[C@@H](CC(=O)NCc2ccccn2)O[C@H]1CO'],,,,,
7819,BRD-K56583519,['54649457'],['CC(C)(C)[S@](=O)N1Cc2cc(nc(c2[C@@H]1CCO)-c1cccc(c1)-c1ccc(cc1)C#N)C(=O)NCc1ccncc1'],,,,,
7820,BRD-K56584267,['44620457'],['COc1ccc(NC(=O)Nc2ccc3O[C@H](C)CCCCO[C@H](CN(C)S(=O)(=O)c4ccc(Cl)cc4)[C@@H](C)CN([C@@H](C)CO)C(=O)c3c2)cc1'],,,,,
7821,BRD-K56593336,['44142130'],['COc1cccc(c1)c2csc3ncnc(Sc4nnnn4C)c23'],,,,,
7822,BRD-K56593426,['54652504'],['COc1ccccc1NC(=O)N1C[C@H]2[C@H]([C@@H](CO)N2Cc2ccc3OCOc3c2)c2ccccc12'],,,,,
7823,BRD-K56593673,['54654077'],['COc1cccc(c1)C(=O)Nc1ccc2OC[C@H]3O[C@@H](CC(=O)NCC(F)(F)F)CC[C@H]3N(C)C(=O)c2c1'],,,,,
7824,BRD-K56596360,['44493915'],['C[C@H](CO)N1C[C@@H](C)[C@H](CN(C)S(=O)(=O)c2ccc(Cl)cc2)Oc3c(NS(=O)(=O)c4cccs4)cccc3C1=O'],,,,,
7825,BRD-K56603522,['54631999'],['CO[C@H]1CN(C)C(=O)c2cc(NC(=O)c3ccccc3F)ccc2OC[C@@H](C)N(C[C@H]1C)C(C)=O'],,,,,
7826,BRD-K56621049,['44504295'],['C[C@H](CO)N1C[C@H](C)[C@@H](CN(C)Cc2ccc(cc2)C(F)(F)F)OCCCC[C@@H](C)Oc3ccc(NC(=O)c4ccncc4)cc3C1=O'],,,,,
7827,BRD-K56621596,['193386'],['NCCc1ccc(O)c(O)c1O'],,,,,
7828,BRD-K56622826,['10133297'],['CN(C)c1ccc(cc1)-c1cn2cc(I)ccc2n1'],,,,,
7829,BRD-K56635255,['54654352'],['COC(=O)C[C@H]1CC[C@H]2[C@H](COc3ccc(NC(=O)c4cccc(Cl)c4)cc3C(=O)N2C)O1'],,,,,
7830,BRD-K56646986,['54615060'],['C[C@@H](CO)N1C[C@@H](C)[C@@H](CN(C)CC2CC2)OCCCC[C@@H](C)Oc3ccc(NC(=O)c4ccccc4)cc3C1=O'],,,,,
7831,BRD-K56647759,['60187371'],['COc1ccc2c3c([C@@H](CO)NC[C@]33CN(C3)C(=O)Nc3ccc(F)cc3F)n(C)c2c1'],,,,,
7832,BRD-K56658166,['1183113'],['Brc1ccccc1OCC(=O)NCCc2nc3ccccc3[nH]2'],,,,,
7833,BRD-K56664261,['54615606'],['C[C@H](CO)N1C[C@H](C)[C@@H](CN(C)C(=O)Nc2cccc3ccccc23)OCCCC[C@H](C)Oc4ccc(NS(=O)(=O)c5cccs5)cc4C1=O'],,,,,
7834,BRD-K56665985,['54638405'],['CN(C)C(=O)C[C@H]1O[C@@H](CO)[C@H](NC(=O)c2ccc(F)cc2)C=C1'],,,,,
7835,BRD-K56697208,['647508'],['CCCCCn1c(SCCc2ccccc2)nc3n(C)c(=O)[nH]c(=O)c13'],,,,,
7836,BRD-K56704970,['60189718'],['COc1ccc2c3c([C@H](CO)N(C[C@]33CCN(CC3)C(=O)NC3CCCC3)C(=O)Nc3ccc(F)cc3)n(C)c2c1'],,,,,
7837,BRD-K56712828,['54637807'],['C[C@@H](CO)N1C[C@@H](C)[C@@H](CN(C)C(=O)Nc2ccc3OCOc3c2)OCc4ccccc4-c5ccccc5C1=O'],,,,,
7838,BRD-K56719502,['54646017'],['OC[C@@H]1O[C@@H](CC(=O)NCCN2CCCCC2)C[C@@H]3[C@H]1Oc4ccc(NC(=O)c5ccc6OCOc6c5)cc34'],,,,,
7839,BRD-K56731825,['54654552'],['CN(C)C(=O)C[C@@H]1CC[C@H]2[C@@H](COc3ccc(NC(=O)c4ccc(F)cc4)cc3C(=O)N2C)O1'],,,,,
7840,BRD-K56757089,['54637860'],['C[C@H](CO)N1C[C@H](C)[C@H](CN(C)C(=O)c2ccncc2)OCc3ccccc3-c4ccccc4C1=O'],,,,,
7841,BRD-K56763965,['54657972'],['COC(=O)C[C@@H]1CC[C@@H]2[C@H](COC[C@H](O)CN2S(=O)(=O)c2ccccc2OC)O1'],,,,,
7842,BRD-K56764633,['54657685'],['O[C@H]1COC[C@H]2O[C@@H](CC(=O)NCc3ccccc3Cl)CC[C@@H]2N(Cc2nccs2)C1'],,,,,
7843,BRD-K56775501,['54652491'],['OC[C@H]1[C@H]2[C@H](CNc3ccccc23)N1CC1CCOCC1'],,,,,
7844,BRD-K56805970,['54657880'],['O[C@H]1COC[C@H]2O[C@@H](CC(=O)NCc3ccc(F)cc3)CC[C@@H]2N(C1)C(=O)c1cnccn1'],,,,,
7845,BRD-K56812045,['54654411'],['CN1[C@@H]2CC[C@H](CC(=O)NCCc3ccncc3)O[C@@H]2COc2ccc(NC(=O)C3CCOCC3)cc2C1=O'],,,,,
7846,BRD-K56832078,['54665028'],['CCC(=O)N1CC[C@H]2[C@@H]1c1cc(ccc1N[C@H]2CO)C#Cc1ccccc1'],,,,,
7847,BRD-K56842656,['54626418'],['CCCN(C)C[C@@H]1Oc2cc(ccc2S(=O)(=O)N(C[C@@H]1C)[C@H](C)CO)c3cccc(C#N)c3'],,,,,
7848,BRD-K56847293,['54658466'],['O[C@@H]1COC[C@@H]2O[C@@H](CC(=O)NCc3ccc(Cl)cc3)CC[C@H]2N(Cc2cccc(c2)C(F)(F)F)C1'],,,,,
7849,BRD-K56855930,['44634570'],['Cc1nc2ccccn2c1P(=S)(c1ccccc1)c1ccccc1'],,,,,
7850,BRD-K56864693,['54657967'],['Cc1noc(C)c1NC(=O)N1C[C@H](O)COC[C@H]2O[C@@H](CC(=O)NCC3CC3)CC[C@H]12'],,,,,
7851,BRD-K56865671,['54658022'],['COc1cccc(c1)S(=O)(=O)N1C[C@@H](O)COC[C@@H]2O[C@@H](CC(=O)N3CCN(CC3)c3ccccc3)CC[C@@H]12'],,,,,
7852,BRD-K56883821,['54638006'],['C[C@@H](CO)N1C[C@H](C)[C@H](CN(C)C(=O)C2CC2)OCc3ccccc3-c4c(C1=O)n(C)c5ccccc45'],,,,,
7853,BRD-K56890651,['54637671'],['CO[C@H](C(=O)N(C)C[C@H]1OCc2ccccc2-c3c(C(=O)N(C[C@H]1C)[C@H](C)CO)n(C)c4ccccc34)c5ccccc5'],,,,,
7854,BRD-K56899980,['54615091'],['C[C@H](CO)N1C[C@H](C)[C@@H](CN(C)CC2CC2)OCCCC[C@H](C)Oc3ccc(NC(=O)Nc4c(C)noc4C)cc3C1=O'],,,,,
7855,BRD-K56904155,['44489720'],['C[C@H](CO)N1C[C@H](C)[C@@H](CN(C)C(=O)Nc2ccccc2)OCCCC[C@@H](C)Oc3ccc(NC(=O)Nc4ccccc4)cc3C1=O'],,,,,
7856,BRD-K56904840,['54638229'],['COc1ccc(cc1)S(=O)(=O)N[C@@H]1C=C[C@@H](CC(=O)NCCc2ccncc2)O[C@H]1CO'],,,,,
7857,BRD-K56916068,['54646507'],['COCCNC(=O)C[C@H]1C[C@H]2[C@H](Oc3ccc(NC(=O)Nc4ccc(cc4)C(F)(F)F)cc23)[C@H](CO)O1'],,,,,
7858,BRD-K56916873,['54646431'],['COc1ccc(NC(=O)Nc2ccc3O[C@@H]4[C@@H](C[C@H](CC(=O)NC5CCCCC5)O[C@@H]4CO)c3c2)cc1'],,,,,
7859,BRD-K56917655,['54660997'],['OC[C@@H]1[C@H]2Cn3c(ccc(C4=CCCC4)c3=O)[C@@H]([C@H]1C(=O)NCc1ccccn1)N2Cc1cccnc1'],,,,,
7860,BRD-K56931391,['56835405'],['C[C@H](CO)N1C[C@H](C)[C@@H](CN(C)C(=O)[C@H](Cc2ccccc2)N(C)C)OCc3ccccc3-c4c(C1=O)n(C)c5ccccc45'],,,,,
7861,BRD-K56943062,['54639088'],['OC[C@H]1O[C@H](CC(=O)N2CCC(Cc3ccccc3)CC2)CC[C@@H]1NC(=O)CCN1CCCCC1'],,,,,
7862,BRD-K56945204,['54638771'],['COC(=O)C[C@@H]1O[C@@H](CO)[C@@H](NC(=O)Nc2ccc(cc2)C(F)(F)F)C=C1'],,,,,
7863,BRD-K56945633,['54618641'],['C[C@H](CO)N1C[C@H](C)[C@H](CN(C)C(=O)c2ccc(F)cc2)Oc3cc(ccc3S1(=O)=O)C4=CCCC4'],,,,,
7864,BRD-K56950192,['54654446'],['COC(=O)C[C@@H]1CC[C@H]2[C@@H](COc3ccc(NS(=O)(=O)c4ccccc4Cl)cc3C(=O)N2C)O1'],,,,,
7865,BRD-K56950264,['54638029'],['C[C@@H](CO)N1C[C@@H](C)[C@@H](CN(C)S(=O)(=O)c2ccsc2)OCc3ccccc3-c4c(C1=O)n(C)c5ccccc45'],,,,,
7866,BRD-K56951539,['44490232'],['CC(C)NC(=O)Nc1ccc2O[C@H](C)CCCCO[C@H](CN(C)C(=O)CCCN(C)C)[C@@H](C)CN([C@H](C)CO)C(=O)c2c1'],,,,,
7867,BRD-K56953341,['54664873'],['COCC(=O)N1CC[C@@H]2[C@H]1c1cc(ccc1N[C@@H]2CO)-c1cccc(c1)C(=O)N(C)C'],,,,,
7868,BRD-K56962853,['54637658'],['CC(C)COC(=O)N(C)C[C@H]1OCc2ccccc2-c3ccccc3C(=O)N(C[C@H]1C)[C@@H](C)CO'],,,,,
7869,BRD-K56975856,['54660858'],['OC[C@@H]1[C@H]2Cn3c(ccc(-c4ccccc4F)c3=O)[C@H]2N[C@H]1C(=O)N1CCc2ccccc2C1'],,,,,
7870,BRD-K56977200,['54646468'],['C[C@@H](NC(=O)C[C@H]1C[C@H]2[C@H](Oc3ccc(NC(=O)C4CCOCC4)cc23)[C@@H](CO)O1)c5ccccc5'],,,,,
7871,BRD-K56977905,['24747217'],['COc1ccc(cc1O)C2(CCN(CC2)C(=O)C)c3cccc(O)c3OC'],,,,,
7872,BRD-K56983253,['44820652'],['OC(=O)c1ccc(cc1)-c1cccc(c1)-c1nn2c(nc(cc2=O)N2CCNCC2)s1'],,,,,
7873,BRD-K56984065,['54613913'],['C[C@@H](CO)N1C[C@@H](C)[C@H](CN(C)Cc2ccc(cc2)C(F)(F)F)Oc3ccc(NC(=O)CCCN(C)C)cc3CC1=O'],,,,,
7874,BRD-K56990873,['54631857'],['CCCC(=O)Nc1ccc2c(OC[C@@H](C)N(Cc3ccc(F)cc3)C[C@@H](C)[C@H](CN(C)C2=O)OC)c1'],,,,,
7875,BRD-K56994829,['57367711'],['N[C@H](Cc1ccc(O)cc1O)C(O)=O'],,,,,
7876,BRD-K57009782,['54618689'],['C[C@H](CO)N1C[C@H](C)[C@H](CN(C)C(=O)CC2CC2)Oc3ncc(cc3C1=O)c4ccccc4C'],,,,,
7877,BRD-K57016430,['990823'],['NC(=O)C1CCN(CC1)c2nc(cs2)c3ccc(Br)cc3'],,,,,
7878,BRD-K57019930,['645872'],['CCN(CC)S(=O)(=O)c1cccc2cc(C(=O)O)c(O)cc12'],,,,,
7879,BRD-K57027181,['54654031'],['CN(C)C(=O)C[C@@H]1CC[C@@H]2[C@H](COc3ccc(NC(=O)NCc4ccccc4)cc3C(=O)N2C)O1'],,,,,
7880,BRD-K57036336,['54651474'],['CCC(=O)N(C)C[C@@H]1[C@H]([C@H](CO)N1C(C)=O)c1ccc(cc1)C1=CCCCC1'],,,,,
7881,BRD-K57037351,['44142069'],['Cc1csc(CNc2ncnc3ccc(cc23)c4ccoc4)c1'],,,,,
7882,BRD-K57037989,['54654485'],['CN1[C@@H]2CC[C@H](CC(O)=O)O[C@H]2COc2ccc(NC(=O)Nc3ccccc3)cc2C1=O'],,,,,
7883,BRD-K57044355,['25210493'],['Fc1cccc(F)c1S(=O)(=O)N1CCN(CC1)S(=O)(=O)c1ccc2OCCOc2c1'],,,,,
7884,BRD-K57054528,['54645997'],['COc1cccc(c1)S(=O)(=O)Nc2ccc3O[C@@H]4[C@@H](C[C@H](CC(=O)NC5CCCCC5)O[C@H]4CO)c3c2'],,,,,
7885,BRD-K57055053,['54638410'],['COc1ccccc1NC(=O)N[C@H]1CC[C@@H](CC(=O)NCc2ccc(Cl)c(Cl)c2)O[C@@H]1CO'],,,,,
7886,BRD-K57060993,['54631887'],['CO[C@@H]1CN(C)C(=O)c2cc(NC(=O)C3CCOCC3)ccc2OC[C@@H](C)N(Cc2cccnc2)C[C@@H]1C'],,,,,
7887,BRD-K57061210,['54649299'],['CO[C@@H](CN(C)S(=O)(=O)c1ccc(F)cc1)[C@H](C)CN([C@H](C)CO)C(=O)Nc1ccccc1F'],,,,,
7888,BRD-K57064803,['54646218'],['CN(C)c1ccc2O[C@H]3[C@H](C[C@H](CC(=O)NCc4ccc(Oc5ccccc5)cc4)O[C@@H]3CO)c2c1'],,,,,
7889,BRD-K57072576,['54646687'],['CN(C)CC(=O)Nc1ccc2O[C@H]3[C@H](C[C@H](CC(=O)N4CCc5ccccc5C4)O[C@H]3CO)c2c1'],,,,,
7890,BRD-K57073585,['44490858'],['CC(C)NC(=O)N(C)C[C@@H]1OCCCC[C@@H](C)Oc2ccc(NC(=O)CCC(F)(F)F)cc2C(=O)N(C[C@@H]1C)[C@H](C)CO'],,,,,
7891,BRD-K57082361,['54618520'],['C[C@H](CO)N1C[C@H](C)[C@@H](CN(C)C(=O)c2ccc3OCOc3c2)Oc4cc(ccc4S1(=O)=O)c5ccccc5'],,,,,
7892,BRD-K57104759,['44492608'],['C[C@@H](CO)N1C[C@H](C)[C@H](CN(C)S(=O)(=O)c2ccccc2)OCCCC[C@@H](C)Oc3ccc(NC(=O)CCCN(C)C)cc3C1=O'],,,,,
7893,BRD-K57119046,['44484034'],['C[C@H](CO)N1C[C@@H](C)[C@H](CN(C)Cc2ccc(Oc3ccccc3)cc2)Oc4ccc(NC(=O)CCCN(C)C)cc4C1=O'],,,,,
7894,BRD-K57127959,['60193632'],['COc1ccc2c3c([nH]c2c1)[C@H](CO)N(Cc1nccs1)C[C@]31CCN(CC1)C(=O)C1CCCC1'],,,,,
7895,BRD-K57133453,['54618547'],['C[C@H](O)C#Cc1cnc2O[C@H](CN(C)CC3CCOCC3)[C@@H](C)CN([C@@H](C)CO)C(=O)c2c1'],,,,,
7896,BRD-K57140889,['54632228'],['CO[C@H]1CN(C)C(=O)c2cc(NC(=O)Nc3cccc(Cl)c3)ccc2OC[C@@H](C)NC[C@@H]1C'],,,,,
7897,BRD-K57166447,['54638219'],['OC[C@@H]1O[C@@H](CC(=O)Nc2ccccc2)CC[C@H]1NC(=O)C1CC1'],,,,,
7898,BRD-K57170492,['60190062'],['CCCNC(=O)N1CC2(C1)[C@@H]([C@H](CO)N2Cc1cccc(Cl)c1)c1ccccc1'],,,,,
7899,BRD-K57180092,['44485355'],['C[C@@H](CO)N1C[C@H](C)[C@@H](CN(C)Cc2ccc(cc2)C(F)(F)F)Oc3ccc(NS(=O)(=O)c4ccc(Cl)cc4)cc3C1=O'],,,,,
7900,BRD-K57181059,['71760625'],['COc1ccc(cc1)S(=O)(=O)N1C[C@@]2(C1)CN([C@@H](CO)c1c2c2ccc(OC)cc2n1C)C(=O)c1cccnc1'],,,,,
7901,BRD-K57204377,['44619765'],['COc1ccc(CN(C)C[C@H]2OCCCC[C@H](C)Oc3ccc(NC(=O)C4CCCCC4)cc3C(=O)N(C[C@H]2C)[C@@H](C)CO)cc1'],,,,,
7902,BRD-K57204946,['54631876'],['CCCC(=O)Nc1ccc2OC[C@@H](C)N(C[C@H](C)[C@@H](CN(C)C(=O)c2c1)OC)C(=O)c1ccccn1'],,,,,
7903,BRD-K57206606,['54649394'],['C\\C=C\\c1cccc(c1)-c1nc(cc2CN([C@@H](CCO)c12)[S@@](=O)C(C)(C)C)C(=O)NCc1ccncc1'],,,,,
7904,BRD-K57207769,['54646487'],['C[C@H](NC(=O)C[C@H]1C[C@@H]2[C@@H](Oc3ccc(NC(=O)NC4CCCCC4)cc23)[C@H](CO)O1)c5ccccc5'],,,,,
7905,BRD-K57216724,['54637967'],['C[C@@H](CO)N1C[C@@H](C)[C@@H](CN(C)C(=O)N[C@@H](C)c2ccccc2)OCc3ccccc3-c4c(C1=O)n(C)c5ccccc45'],,,,,
7906,BRD-K57218099,['54646192'],['COc1ccccc1CNC(=O)C[C@@H]2C[C@@H]3[C@@H](Oc4ccc(NS(=O)(=O)c5ccc(F)cc5)cc34)[C@@H](CO)O2'],,,,,
7907,BRD-K57228329,['54661436'],['CN(C)C(=O)[C@@H]1[C@@H](CO)[C@@H]2Cn3c(ccc(-c4ccccc4)c3=O)[C@@H]2N1CCC(F)(F)F'],,,,,
7908,BRD-K57238941,['44142090'],['COc1ccc(OC)c(c1)c2nnc3SCC(=Nn23)c4ccc(OC)c(OC5CCCC5)c4'],,,,,
7909,BRD-K57275439,['54646059'],['COCC(=O)Nc1ccc2O[C@@H]3[C@@H](C[C@H](CC(=O)N[C@H](C)c4ccccc4)O[C@H]3CO)c2c1'],,,,,
7910,BRD-K57277442,['54638836'],['OC[C@H]1O[C@H](CC(=O)Nc2nccs2)CC[C@@H]1NC(=O)CCN1CCCCC1'],,,,,
7911,BRD-K57280824,['44497178'],['CNC[C@H]1Oc2c(NC(=O)NC(C)C)cccc2C(=O)N(C[C@H]1C)[C@@H](C)CO'],,,,,
7912,BRD-K57293132,['44485655'],['CCCN(C)C[C@H]1OCCCC[C@@H](C)Oc2ccc(NS(=O)(=O)c3ccc(OC)cc3)cc2C(=O)N(C[C@@H]1C)[C@H](C)CO'],,,,,
7913,BRD-K57309821,['1398674'],['COc1ccc2nc3n(CC(C)C)nc(NC(=O)CC(C)C)c3cc2c1'],,,,,
7914,BRD-K57321627,['44490131'],['C[C@H](CO)N1C[C@@H](C)[C@@H](CN(C)C(=O)NC2CCCCC2)Oc3ccc(NC(=O)C4CCCCC4)cc3C1=O'],,,,,
7915,BRD-K57328348,['44617486'],['C[C@@H](CO)N1C[C@@H](C)[C@@H](CN(C)S(=O)(=O)c2ccc(C)cc2)OCCCC[C@@H](C)Oc3ccc(NC(=O)Nc4ccccc4)cc3C1=O'],,,,,
7916,BRD-K57330428,['54654207'],['COc1ccccc1CNC(=O)C[C@@H]1CC[C@@H]2[C@@H](COc3ccc(NS(=O)(=O)c4ccc(C)cc4)cc3C(=O)N2C)O1'],,,,,
7917,BRD-K57337567,['54651239'],['CCC(=O)N(C)C[C@H]1[C@@H]([C@@H](CO)N1C(C)=O)c1ccc(cc1)-c1ccccc1F'],,,,,
7918,BRD-K57339160,['44505002'],['C[C@@H](CO)N1C[C@H](C)[C@H](CN(C)C(=O)Oc2cccc3ccccc23)OCc4cn(CCCC1=O)nn4'],,,,,
7919,BRD-K57341983,['44505378'],['COc1cccc(c1)S(=O)(=O)N(C)C[C@@H]2OCc3cn(CCCC(=O)N(C[C@@H]2C)[C@@H](C)CO)nn3'],,,,,
7920,BRD-K57345537,['54646521'],['OC[C@@H]1O[C@@H](CC(=O)NCc2ccc(Oc3ccccc3)cc2)C[C@H]4[C@@H]1Oc5ccc(NS(=O)(=O)c6ccc(F)cc6)cc45'],,,,,
7921,BRD-K57346283,['54652427'],['CCCNC(=O)N1C[C@H]2[C@H]([C@H](CO)N2Cc2cccc(OC)c2)c2ccccc12'],,,,,
7922,BRD-K57350811,['60191972'],['OC[C@@H]1[C@@H](c2ccccc2)C2(CN(CC3CC3)C2)N1Cc1ccc(F)cc1'],,,,,
7923,BRD-K57353465,['46829332'],['C(Nc1nc(nc2ccccc12)N1CCc2ccccc12)c1ccccc1'],,,,,
7924,BRD-K57364182,['54651381'],['CCC(=O)N1[C@H](CO)[C@@H]([C@H]1CN(C(C)C)S(C)(=O)=O)c1ccccc1'],,,,,
7925,BRD-K57375725,['54631483'],['CO[C@@H]1CN(C)C(=O)c2cc(NC(=O)c3cccc(OC)c3)ccc2OC[C@H](C)NC[C@H]1C'],,,,,
7926,BRD-K57393707,['54660701'],['OC[C@H]1[C@@H]2Cn3c(=O)c(\\C=C\\c4ccccc4)ccc3[C@@H]2N(Cc2ccc3OCOc3c2)[C@@H]1C(O)=O'],,,,,
7927,BRD-K57397611,['54651291'],['COCC(=O)NC[C@@H]1[C@H]([C@@H](CO)N1C(=O)C1CC1)c1ccc(cc1)C1=CCCC1'],,,,,
7928,BRD-K57420195,['60189768'],['COc1ccc2c3c([nH]c2c1)[C@@H](CO)N(C[C@]31CN(Cc2ccccc2)C1)C(=O)c1cccnc1'],,,,,
7929,BRD-K57443339,['44491509'],['C[C@H](CO)N1C[C@H](C)[C@@H](CN(C)C(=O)CCCN(C)C)OCCCC[C@H](C)Oc2ccc(NS(=O)(=O)c3cccs3)cc2C1=O'],,,,,
7930,BRD-K57457519,['3234345'],['Cc1cccc(CNc2ncnc3ccc(cc23)c4ccoc4)c1'],,,,,
7931,BRD-K57461880,['54618235'],['C[C@H](CO)N1C[C@H](C)[C@H](CN(C)Cc2ccccc2F)Oc3ncc(cc3C1=O)C4=CCCC4'],,,,,
7932,BRD-K57476317,['54646159'],['OC[C@@H]1O[C@H](CC(=O)NCCN2CCCCC2)C[C@H]3[C@@H]1Oc4ccc(NC(=O)Cc5ccncc5)cc34'],,,,,
7933,BRD-K57476701,['54661459'],['CC(=O)N1[C@@H]([C@@H](CO)[C@@H]2Cn3c(ccc(C4=CCCC4)c3=O)[C@H]12)C(=O)Nc1ccccc1'],,,,,
7934,BRD-K57480017,['24747214'],['OC(=O)c1ccc(cc1)c2noc(n2)c3ccc(F)cc3'],,,,,
7935,BRD-K57487331,['44503688'],['CC(C)NC(=O)Nc1ccc2O[C@H](C)CCCCO[C@@H](CN(C)C(=O)NC3CCCCC3)[C@@H](C)CN([C@H](C)CO)C(=O)c2c1'],,,,,
7936,BRD-K57490099,['54652560'],['OC[C@H]1[C@@H]2[C@@H](CN(C(=O)c3ccccc3)c3ccccc23)N1C(=O)Nc1ccccc1Cl'],,,,,
7937,BRD-K57497528,['54638601'],['Cc1cccc(c1)S(=O)(=O)N[C@H]1CC[C@H](CCNC(=O)c2cnccn2)O[C@@H]1CO'],,,,,
7938,BRD-K57502578,['54657997'],['CN1CCN(CC1)C(=O)C[C@@H]1CC[C@@H]2[C@H](COC[C@H](O)CN2S(=O)(=O)c2ccccc2C)O1'],,,,,
7939,BRD-K57512343,['60184906'],['COc1ccc2c3c([nH]c2c1)[C@H](CO)N(C[C@]31CCN(CC1)C(=O)c1ccc2OCOc2c1)C(C)=O'],,,,,
7940,BRD-K57519495,['53382685'],['CO[C@@H]1CN(C)C(=O)c2cc(NC(=O)Nc3cc(F)ccc3F)ccc2OC[C@H](C)NC[C@@H]1C'],,,,,
7941,BRD-K57537921,['54618691'],['COc1ccccc1C#Cc2cnc3O[C@@H](CN(C)C(=O)c4ccc5OCOc5c4)[C@H](C)CN([C@H](C)CO)C(=O)c3c2'],,,,,
7942,BRD-K57552429,['54654331'],['CN1[C@@H]2CC[C@@H](CC(=O)N[C@H]3CCN(Cc4ccccc4)C3)O[C@@H]2COc2ccc(NC(=O)c3ccc(F)c(F)c3)cc2C1=O'],,,,,
7943,BRD-K57552506,['54637707'],['C[C@@H](CO)N1C[C@@H](C)[C@@H](CN(C)C(=O)CCC(F)(F)F)OCc2ccccc2-c3c(C1=O)n(C)c4ccccc34'],,,,,
7944,BRD-K57556784,['54666624'],['COc1ccc(cc1)S(=O)(=O)N1CCCCN2[C@H](CO)[C@H]([C@H]2C1)c1ccc(cc1)\\C=C\\C'],,,,,
7945,BRD-K57562268,['44142159'],['CCn1cnc2c(NCCc3cccnc3)nc(C#N)nc12'],,,,,
7946,BRD-K57565683,['54666554'],['OC[C@@H]1[C@H]([C@H]2CN(CCCCN12)C(=O)c1cccc(F)c1)c1ccc(cc1)C#CC1(O)CCCC1'],,,,,
7947,BRD-K57579117,['54660797'],['CN1[C@@H]([C@@H](CO)[C@@H]2Cn3c(ccc(\\C=C\\c4ccccc4)c3=O)[C@H]12)C(=O)NCCCN1CCOCC1'],,,,,
7948,BRD-K57579659,['54618583'],['C[C@@H](O)C#Cc1cnc2O[C@@H](CN(C)CC3CCOCC3)[C@@H](C)CN([C@H](C)CO)C(=O)c2c1'],,,,,
7949,BRD-K57580310,['60190073'],['COc1ccc2c3c([nH]c2c1)[C@@H](CO)N(Cc1ccccc1)C[C@]31CN(C1)S(=O)(=O)c1ccc(C)cc1'],,,,,
7950,BRD-K57589644,['44484591'],['CC(C)NC(=O)N(C)C[C@@H]1OCCCC[C@H](C)Oc2ccc(NC(=O)CCCN(C)C)cc2C(=O)N(C[C@@H]1C)[C@H](C)CO'],,,,,
7951,BRD-K57592392,['1167616'],['Clc1ccc(cc1)S(=O)(=O)N[C@@H]1CCCC[C@@H]1N1CCOCC1'],,,,,
7952,BRD-K57607987,['54646575'],['CN(C)CC(=O)Nc1ccc2O[C@H]3[C@H](C[C@@H](CC(=O)NCc4cc(F)ccc4F)O[C@@H]3CO)c2c1'],,,,,
7953,BRD-K57611352,['54649901'],['CCc1cnc(s1)N1[C@H](CO)[C@@H]([C@@H]1C#N)c1ccc(cc1)C#CC(C)C'],,,,,
7954,BRD-K57616212,['54631845'],['COCC(=O)N1C[C@H](C)[C@@H](CN(C)C(=O)c2ccc(NS(C)(=O)=O)cc2OC[C@@H]1C)OC'],,,,,
7955,BRD-K57627685,['44486364'],['C[C@@H](CO)N1C[C@@H](C)[C@@H](CN(C)C(=O)Nc2cccc3ccccc23)OCc4cn(CCCC1=O)nn4'],,,,,
7956,BRD-K57638192,['54637740'],['C[C@H](CO)N1C[C@H](C)[C@@H](CN(C)C(=O)Nc2ccnc(c2)N3CCOCC3)OCc4ccccc4-c5ccccc5C1=O'],,,,,
7957,BRD-K57640948,['54654102'],['COc1ccc(CNC(=O)C[C@H]2CC[C@H]3[C@H](COc4ccc(NC(=O)C(C)C)cc4C(=O)N3C)O2)cc1'],,,,,
7958,BRD-K57641516,['54631325'],['CO[C@@H]1CN(C)C(=O)c2cc(NS(=O)(=O)c3c(C)noc3C)ccc2OC[C@H](C)NC[C@H]1C'],,,,,
7959,BRD-K57659231,['56835369'],['COc1cccc(c1)S(=O)(=O)N(C)C[C@H]2OCc3ccccc3-c4c(C(=O)N(C[C@@H]2C)[C@@H](C)CO)n(C)c5ccccc45'],,,,,
7960,BRD-K57678861,['54614568'],['C[C@@H](CO)N1C[C@H](C)[C@H](CN(C)Cc2ccc(cc2)C(=O)Nc3ccccc3N)Oc4c(NC(=O)Nc5ccccc5)cccc4C1=O'],,,,,
7961,BRD-K57690336,['54618508'],['C[C@H](O)C#Cc1cnc2O[C@@H](CN(C)CC3CCOCC3)[C@@H](C)CN([C@H](C)CO)C(=O)c2c1'],,,,,
7962,BRD-K57691575,['60191288'],['COCC#Cc1ccc(cc1)[C@@H]1[C@H](CO)N2[C@H]1CN(CC2=O)C(=O)c1ccncc1'],,,,,
7963,BRD-K57696989,['54654570'],['CN1[C@H]2CC[C@@H](CC(=O)N3CCOCC3)O[C@H]2COc2ccc(NS(C)(=O)=O)cc2C1=O'],,,,,
7964,BRD-K57698173,['60190509'],['CCC(=O)N1C[C@@]2(C1)CN(Cc1ccccc1Cl)[C@H](CO)c1[nH]c3cc(OC)ccc3c21'],,,,,
7965,BRD-K57732441,['44490285'],['C[C@H](CO)N1C[C@H](C)[C@H](CN(C)C(=O)CCC(F)(F)F)OCCCC[C@@H](C)Oc2ccc(NS(=O)(=O)c3ccccc3)cc2C1=O'],,,,,
7966,BRD-K57754556,['54658017'],['COc1cccc(c1)S(=O)(=O)N1C[C@@H](O)COC[C@@H]2O[C@H](CC(=O)N3CCN(CC3)c3ccccc3)CC[C@@H]12'],,,,,
7967,BRD-K57759735,['54654361'],['CN1[C@@H]2CC[C@@H](CC(=O)NC3Cc4ccccc4C3)O[C@@H]2COc2ccc(NS(=O)(=O)c3ccccc3F)cc2C1=O'],,,,,
7968,BRD-K57759884,['44489073'],['COc1ccc(CN(C)C[C@@H]2Oc3ccc(NC(=O)Cc4ccccc4)cc3C(=O)N(C[C@H]2C)[C@@H](C)CO)cc1'],,,,,
7969,BRD-K57766779,['54646181'],['COc1ccccc1CNC(=O)C[C@H]2C[C@@H]3[C@@H](Oc4ccc(NC(=O)C5CCOCC5)cc34)[C@H](CO)O2'],,,,,
7970,BRD-K57786095,['44490110'],['C[C@H](CO)N1C[C@@H](C)[C@@H](CN(C)S(=O)(=O)c2ccccc2)Oc3ccc(NC(=O)Nc4ccc(cc4)C(F)(F)F)cc3C1=O'],,,,,
7971,BRD-K57792211,['54631594'],['CO[C@H]1CN(C)C(=O)c2cc(NS(=O)(=O)c3cn(C)cn3)ccc2OC[C@H](C)N(CC2CC2)C[C@@H]1C'],,,,,
7972,BRD-K57822472,['60191363'],['CCC(=O)N1C[C@H]2[C@H]([C@@H](CO)N2C(=O)C1)c1ccc(cc1)C#CCC(C)C'],,,,,
7973,BRD-K57836103,['1856447'],['Cc1c(c2ccccc2)[n+]([O-])c(c(C)[n+]1[O-])c3ccc(Br)cc3'],,,,,
7974,BRD-K57841225,['54638386'],['COCCNC(=O)C[C@@H]1CC[C@H](NC(=O)NC2CCCCC2)[C@@H](CO)O1'],,,,,
7975,BRD-K57851810,['54654106'],['CN1[C@@H]2CC[C@H](CC(=O)NCc3ccccc3F)O[C@H]2COc2ccc(NC(=O)C3CCCCC3)cc2C1=O'],,,,,
7976,BRD-K57856779,['44486845'],['C[C@@H](CO)N1C[C@H](C)[C@@H](CN(C)C(=O)NC2CCCCC2)Oc3c(cccc3C1=O)N(C)C'],,,,,
7977,BRD-K57873755,['44490872'],['COc1ccccc1NC(=O)N(C)C[C@@H]2OCc3cnnn3CCCC(=O)N(C[C@H]2C)[C@H](C)CO'],,,,,
7978,BRD-K57883133,['54652715'],['CC(=O)N1C[C@H]2[C@H]([C@H](CO)N2C(=O)CC2CC2)c2ccccc12'],,,,,
7979,BRD-K57900436,['44618986'],['COc1ccc(NC(=O)N(C)C[C@@H]2Oc3ccc(cc3CC(=O)N(C[C@H]2C)[C@@H](C)CO)N(C)C)cc1'],,,,,
7980,BRD-K57901680,['44486389'],['C[C@@H](CO)N1C[C@@H](C)[C@@H](CN(C)Cc2ccncc2)OCCCC[C@H](C)Oc3ccc(NC(=O)Nc4ccccc4)cc3C1=O'],,,,,
7981,BRD-K57930080,['12790923'],['COc1ccc(cc1OC)c2ccncc2'],,,,,
7982,BRD-K57950796,['54654344'],['COc1cccc(NC(=O)Nc2ccc3OC[C@H]4O[C@@H](CC(=O)NCCc5ccccc5)CC[C@H]4N(C)C(=O)c3c2)c1'],,,,,
7983,BRD-K57953517,['54654410'],['CN1[C@H]2CC[C@@H](CC(=O)NCCc3ccncc3)O[C@@H]2COc2ccc(NC(=O)C3CCOCC3)cc2C1=O'],,,,,
7984,BRD-K57954781,['23581797'],['Nc1ncnc2n(cnc12)[C@@H]3O[C@H](CO)C[C@@H]3O'],,,,,
7985,BRD-K57962577,['54649302'],['CO[C@@H](CN(C)C(=O)C1CC1)[C@H](C)CN([C@@H](C)CO)C(=O)Nc1ccc(cc1)C(F)(F)F'],,,,,
7986,BRD-K57975631,['2604410'],['O=S(=O)(N1CCN(CC1)S(=O)(=O)c1ccc2OCCOc2c1)c1cccc(c1)C#N'],,,,,
7987,BRD-K57987292,['44504990'],['C[C@H](CO)N1C[C@H](C)[C@H](CN(C)C(=O)Oc2ccccc2)OCc3cn(CCCC1=O)nn3'],,,,,
7988,BRD-K58033375,['54657623'],['CN(C)C(=O)C[C@@H]1CC[C@@H]2[C@H](COC[C@H](O)CN2C(=O)C2CCCC2)O1'],,,,,
7989,BRD-K58033748,['24768606'],['O=C(CCNS(=O)(=O)c1cccc2nsnc12)N1CCN(CC1)c1ccncc1'],,,,,
7990,BRD-K58034811,['44484516'],['C[C@H](CO)N1C[C@@H](C)[C@@H](CN(C)C(=O)c2ccccc2)OCc3cn(CCCC1=O)nn3'],,,,,
7991,BRD-K58043213,['60190994'],['OC[C@H]1[C@@H]([C@@H]2CN(CC(=O)N12)C(=O)Cc1ccccn1)c1ccc(cc1)C#CCC1CCCC1'],,,,,
7992,BRD-K58043445,['60189720'],['COc1ccc2c3c([C@@H](CO)N(Cc4cccnc4)C[C@]33CCN(CC3)C(=O)NC(C)C)n(C)c2c1'],,,,,
7993,BRD-K58051960,['60191114'],['Cc1ccccc1-c1ccc(cc1)[C@H]1[C@H](CO)N2[C@H]1CN(CC2=O)C(=O)c1ccncc1'],,,,,
7994,BRD-K58070753,['44486400'],['C[C@@H](CO)N1C[C@@H](C)[C@@H](CN(C)C(=O)C2CCCCC2)OCCCC[C@@H](C)Oc3ccc(NC(=O)Nc4c(C)noc4C)cc3C1=O'],,,,,
7995,BRD-K58072864,['54638796'],['Cc1ccc(cc1)S(=O)(=O)NCC[C@H]1CC[C@@H](NC(=O)CC2CC2)[C@@H](CO)O1'],,,,,
7996,BRD-K58096890,['44501313'],['CC(C)NC(=O)Nc1ccc2O[C@@H](CN(C)C(=O)NC3CCCCC3)[C@@H](C)CN([C@H](C)CO)C(=O)Cc2c1'],,,,,
7997,BRD-K58098983,['54637971'],['C[C@H](CO)N1C[C@H](C)[C@@H](CN(C)C(=O)[C@H](C)c2ccccc2)OCc3ccccc3-c4ccccc4C1=O'],,,,,
7998,BRD-K58129723,['54661140'],['CN(C)CCCNC(=O)[C@H]1[C@H](CO)[C@H]2Cn3c(ccc(C4=CCCC4)c3=O)[C@H]2N1CCC(F)(F)F'],,,,,
7999,BRD-K58134288,['44505250'],['COc1cccc(CN(C)C[C@@H]2OCc3cn(CCCC(=O)N(C[C@H]2C)[C@@H](C)CO)nn3)c1'],,,,,
8000,BRD-K58141791,['44202935'],['COc1ccc(NC(=O)Nc2ccc3O[C@@H](CN(C)C(=O)Nc4ccccc4)[C@H](C)CN([C@H](C)CO)C(=O)Cc3c2)cc1'],,,,,
8001,BRD-K58149752,['60190208'],['COc1cccc(CN2[C@H](CO)[C@@H](c3ccccc3)C22CN(Cc3ccccc3OC)C2)c1'],,,,,
8002,BRD-K58154162,['54646653'],['COc1ccccc1CNC(=O)C[C@H]2C[C@H]3[C@H](Oc4ccc(NC(=O)c5cccnc5)cc34)[C@@H](CO)O2'],,,,,
8003,BRD-K58175397,['44486870'],['C[C@H](CO)N1C[C@@H](C)[C@@H](CN(C)Cc2ccncc2)Oc3ccc(NC(=O)CCN4CCOCC4)cc3CC1=O'],,,,,
8004,BRD-K58180017,['54646003'],['CN(C)C(=O)C[C@@H]1C[C@@H]2[C@@H](Oc3ccc(NC(=O)c4cccnc4)cc23)[C@H](CO)O1'],,,,,
8005,BRD-K58189273,['56835368'],['C[C@H](CO)N1C[C@H](C)[C@@H](CN(C)C(=O)CCN(C)C)OCc2ccccc2-c3c(C1=O)n(C)c4ccccc34'],,,,,
8006,BRD-K58191509,['44487571'],['C[C@H](CO)N1C[C@@H](C)[C@H](CN(C)C(=O)Nc2cccc3ccccc23)OCCCC[C@H](C)Oc4ccc(NC(=O)c5ccncc5)cc4C1=O'],,,,,
8007,BRD-K58194762,['56835517'],['COc1cccc(NC(=O)N(C)C[C@@H]2OCc3ccccc3-c4ccccc4C(=O)N(C[C@H]2C)[C@H](C)CO)c1'],,,,,
8008,BRD-K58196326,['54631810'],['CO[C@@H]1CN(C)C(=O)c2cc(NS(C)(=O)=O)ccc2OC[C@@H](C)N(Cc2cncnc2)C[C@@H]1C'],,,,,
8009,BRD-K58214070,['4257368'],['[O-][N+](=O)c1ccc(cc1)N(CCCNC(=O)C(F)(F)F)C(=O)CCl'],,,,,
8010,BRD-K58223721,['3082629'],['NC(=O)C[C@H](NC(=O)Cc1ccc(O)cc1O)C(=O)O'],,,,,
8011,BRD-K58225827,['60185057'],['O=C(N1C[C@H]2N[C@@H](C1)[C@H]2c1ccc(cc1)-c1ccc(cc1)C#N)c1ccncc1'],,,,,
8012,BRD-K58227367,['54646175'],['OC[C@@H]1O[C@H](CC(=O)NCC(F)(F)F)C[C@@H]2[C@H]1Oc3ccc(NC(=O)C4CCOCC4)cc23'],,,,,
8013,BRD-K58247702,['53338806'],['CCOP(=O)(OCC)c1ccc2-c3ccccc3C(=O)c2c1'],,,,,
8014,BRD-K58250123,['54651343'],['CC(C)N(C[C@@H]1[C@H]([C@H](CO)N1S(C)(=O)=O)c1ccccc1)C(=O)CN(C)C'],,,,,
8015,BRD-K58273050,['44489681'],['C[C@@H](CO)N1C[C@@H](C)[C@H](CN(C)Cc2ccc3OCOc3c2)Oc4c(NS(=O)(=O)C)cccc4C1=O'],,,,,
8016,BRD-K58279162,['23891538'],['COCCCNC(=O)[C@@]1(Cc2ccccc2)COC(=N1)c3ccc(OCCCO)cc3'],,,,,
8017,BRD-K58282082,['54654006'],['COc1cccc(NC(=O)C[C@@H]2CC[C@H]3[C@@H](COc4ccc(NC(=O)C5CCOCC5)cc4C(=O)N3C)O2)c1'],,,,,
8018,BRD-K58284322,['44493119'],['C[C@@H](CO)N1C[C@H](C)[C@H](CN(C)Cc2ccncc2)OCCCC[C@H](C)Oc3ccc(NC(=O)c4ccncc4)cc3C1=O'],,,,,
8019,BRD-K58288048,['44507326'],['C[C@@H](CO)N1C[C@H](C)[C@H](CN(C)Cc2ccc(cc2)c3ccccc3)Oc4ccc(NC(=O)CCCCCC(=O)Nc5ccccc5N)cc4CC1=O'],,,,,
8020,BRD-K58300499,['54631717'],['CCCNC(=O)Nc1ccc2c(OC[C@H](C)N(C[C@H](C)[C@H](CN(C)C2=O)OC)C(=O)C2CCOCC2)c1'],,,,,
8021,BRD-K58300809,['44619552'],['C[C@@H](CO)N1C[C@H](C)[C@@H](CN(C)CC2CC2)OCCCC[C@@H](C)Oc3ccc(NS(=O)(=O)c4ccccc4)cc3C1=O'],,,,,
8022,BRD-K58307544,['54649951'],['CCc1csc(n1)N1[C@H](CO)[C@@H]([C@H]1C#N)c1ccc(cc1)\\C=C\\C'],,,,,
8023,BRD-K58318000,['44142048'],['Clc1cccc(c1)c2ccc3ncnc(NCc4cccs4)c3c2'],,,,,
8024,BRD-K58340898,['60189915'],['COc1ccc2c3c([nH]c2c1)[C@@H](CO)NC[C@]31CCN(CC1)C(=O)c1ccccc1'],,,,,
8025,BRD-K58347372,['6730584'],['COCCOC(=O)N1C(=O)[C@@]2([C@H]([C@H]3N([C@H]2c4ccccc4OCCO)[C@@H]([C@@H](OC3=O)c5ccccc5)c6ccccc6)C(=O)N7CCN(CC7)c8ncccn8)c9cc(C#CCC(C(=O)OC)C(=O)OC)ccc19'],,,,,
8026,BRD-K58350294,['54652645'],['COCC(=O)N1[C@@H](CO)[C@H]2[C@@H]1CNc1ccccc21'],,,,,
8027,BRD-K58358247,['54645827'],['CCCNC(=O)C[C@H]1C[C@H]2[C@H](Oc3ccc(NC(=O)Nc4ccccc4F)cc23)[C@H](CO)O1'],,,,,
8028,BRD-K58360282,['54637959'],['C[C@H](CO)N1C[C@H](C)[C@@H](CN(C)C(=O)c2ccc(F)cc2)OCc3ccccc3-c4ccccc4C1=O'],,,,,
8029,BRD-K58377762,['44488690'],['C[C@H](CO)N1C[C@@H](C)[C@@H](CN(C)C(=O)c2ccc3ccn(C)c3c2)OCc4cn(CCCC1=O)nn4'],,,,,
8030,BRD-K58381953,['44489694'],['C[C@H](CO)N1C[C@H](C)[C@@H](CN(C)C(=O)Nc2cccc3ccccc23)OCCCC[C@@H](C)Oc4ccc(cc4C1=O)N(C)C'],,,,,
8031,BRD-K58404149,['54618630'],['C/C=C/c1ccc2c(O[C@@H](CN(C)C(=O)Cc3cccnc3)[C@H](C)CN([C@@H](C)CO)S2(=O)=O)c1'],,,,,
8032,BRD-K58415365,['54654187'],['COCC(=O)Nc1ccc2OC[C@H]3O[C@H](CC(=O)N4CCc5ccccc5C4)CC[C@H]3N(C)C(=O)c2c1'],,,,,
8033,BRD-K58415436,['44617646'],['C[C@@H](CO)N1C[C@@H](C)[C@@H](CN(C)C(=O)CCC(F)(F)F)OCCCC[C@@H](C)Oc2ccc(NS(=O)(=O)c3ccc(Cl)cc3)cc2C1=O'],,,,,
8034,BRD-K58421169,['44485423'],['C[C@@H](CO)N1C[C@@H](C)[C@@H](CN(C)Cc2ccncc2)Oc3ccc(NC(=O)Cc4cn(C)c5ccccc45)cc3C1=O'],,,,,
8035,BRD-K58438506,['54646613'],['OC[C@H]1O[C@@H](CC(=O)N2CCc3ccccc3C2)C[C@@H]4[C@H]1Oc5ccc(NC(=O)c6cccnc6)cc45'],,,,,
8036,BRD-K58439833,['54657824'],['O[C@H]1COC[C@H]2O[C@@H](CC(=O)N3CCC(Cc4ccccc4)CC3)CC[C@@H]2N(Cc2nccs2)C1'],,,,,
8037,BRD-K58446572,['54666475'],['C[C@H](O)C#Cc1ccc(cc1)[C@@H]1[C@H](CO)N2CCCCN(C[C@H]12)C(=O)c1ccc2OCOc2c1'],,,,,
8038,BRD-K58469266,['54646063'],['COCC(=O)Nc1ccc2O[C@H]3[C@H](C[C@@H](CC(=O)N[C@H](C)c4ccccc4)O[C@H]3CO)c2c1'],,,,,
8039,BRD-K58472651,['54631353'],['CO[C@H]1CN(C)C(=O)c2ccc(NC(=O)C3CCOCC3)cc2OC[C@@H](C)N(Cc2nccs2)C[C@H]1C'],,,,,
8040,BRD-K58475709,['54657585'],['O[C@@H]1COC[C@H]2O[C@@H](CC(=O)N3CCOCC3)CC[C@@H]2N(Cc2cccc(c2)-c2ccncc2)C1'],,,,,
8041,BRD-K58479490,['44507255'],['C[C@H](CO)N1C[C@H](C)[C@H](CN(C)Cc2ccc(cc2)C(=O)Nc3ccccc3N)Oc4ccc(NC(=O)Nc5ccc(cc5)C(F)(F)F)cc4CC1=O'],,,,,
8042,BRD-K58490891,['54666562'],['CN(C)C(=O)c1cccc(c1)-c1ccc(cc1)[C@@H]1[C@H](CO)N2CCCCN(CC3CCOCC3)C[C@@H]12'],,,,,
8043,BRD-K58493165,['54653992'],['CN1[C@@H]2CC[C@@H](CC(=O)NCc3ccc(Cl)c(Cl)c3)O[C@H]2COc2ccc(NC(=O)c3cscn3)cc2C1=O'],,,,,
8044,BRD-K58493574,['54660866'],['CCCN1[C@@H]([C@@H](CO)[C@@H]2Cn3c(ccc(-c4ccccc4F)c3=O)[C@H]12)C(=O)N1CCN(C)CC1'],,,,,
8045,BRD-K58499277,['54631474'],['CO[C@H]1CN(C)C(=O)c2ccc(NC(=O)C3CCCC3)cc2OC[C@H](C)N(C[C@H]1C)S(C)(=O)=O'],,,,,
8046,BRD-K58514045,['54657846'],['COc1ccc(cc1)S(=O)(=O)N1C[C@@H](O)COC[C@@H]2O[C@@H](CC(=O)N[C@@H]3CCN(Cc4ccccc4)C3)CC[C@@H]12'],,,,,
8047,BRD-K58519325,['23648037'],['CC(C)Oc1ccc(Cl)cc1Nc2nc(NCCO)nc(n2)N3CCCC3'],,,,,
8048,BRD-K58524976,['54661159'],['OC[C@H]1[C@@H]2Cn3c(ccc(C4=CCCC4)c3=O)[C@@H](N2)[C@@H]1C(=O)NC1Cc2ccccc2C1'],,,,,
8049,BRD-K58536094,['44502184'],['C[C@H](CO)N1C[C@@H](C)[C@H](CN(C)Cc2ccncc2)Oc3ccc(NC(=O)CCC(F)(F)F)cc3CC1=O'],,,,,
8050,BRD-K58539957,['54638876'],['OC[C@H]1O[C@H](CC(=O)NCC2CC2)C=C[C@H]1NC(=O)c1ccncc1'],,,,,
8051,BRD-K58547240,['1398027'],['COc1ccc2nc(Nc3nc(C)c(CCC(C)C)c(=O)[nH]3)nc(C)c2c1'],,,,,
8052,BRD-K58547375,['70680397'],['Clc1ccc(CN2C\\C=C\\CCC(=O)N[C@@H](COC2=O)c2ccccc2)cc1'],,,,,
8053,BRD-K58560613,['54657750'],['Cc1cccc(c1)S(=O)(=O)N1C[C@@H](O)COC[C@H]2O[C@@H](CC(=O)Nc3ccc(cc3)-c3ccccc3)CC[C@H]12'],,,,,
8054,BRD-K58590337,['54631584'],['CO[C@H]1CN(C)C(=O)c2ccc(NC(=O)C3CC3)cc2OC[C@@H](C)N(Cc2cc(F)ccc2F)C[C@H]1C'],,,,,
8055,BRD-K58593815,['54661302'],['CN1[C@H]2Cn3c(ccc(-c4cccnc4)c3=O)[C@@H]1[C@@H]([C@H]2CO)C(=O)NCCc1ccccc1'],,,,,
8056,BRD-K58600416,['54660816'],['CN(C)CCCNC(=O)[C@@H]1[C@@H](CO)[C@@H]2Cn3c(ccc(C4=CCCC4)c3=O)[C@H]1N2Cc1cocn1'],,,,,
8057,BRD-K58606467,['54651393'],['C\\C=C\\c1ccc(cc1)[C@H]1[C@@H](CO)N([C@@H]1CNC(C)=O)C(=O)Cc1cccnc1'],,,,,
8058,BRD-K58607374,['60189729'],['CCC(=O)N1C[C@]2(CCN(Cc3ccccc3Cl)CC2)c2c([nH]c3cc(OC)ccc23)[C@@H]1CO'],,,,,
8059,BRD-K58609008,['60189894'],['CC(=O)N1CC2(C1)[C@@H]([C@H](CO)N2CC1CC1)c1ccc(cc1)-c1ccc(F)cc1'],,,,,
8060,BRD-K58610656,['54638759'],['COC(=O)C[C@H]1CC[C@@H](NS(=O)(=O)c2ccccc2F)[C@H](CO)O1'],,,,,
8061,BRD-K58611676,['54667074'],['CN(C)CC#Cc1ccc(cc1)[C@H]1[C@H](CO)N2CCCCN(CC3CCOCC3)C[C@H]12'],,,,,
8062,BRD-K58618158,['46172926'],['CCOc1ccc(Oc2c(Cl)cnn(-c3ccc(C)cc3)c2=O)cc1'],,,,,
8063,BRD-K58628167,['3107687'],['OCCNC(=O)c1ccc(cc1)N2C(=O)c3ccccc3C2=O'],,,,,
8064,BRD-K58631614,['54646511'],['OC[C@@H]1O[C@@H](CC(=O)NCc2cc(F)ccc2F)C[C@@H]3[C@H]1Oc4ccc(NC(=O)c5ccc6OCOc6c5)cc34'],,,,,
8065,BRD-K58642524,['54651186'],['CCN(C[C@@H]1[C@H]([C@H](CO)N1C(=O)CC)c1ccccc1)C(=O)c1cccc(F)c1'],,,,,
8066,BRD-K58649267,['54654489'],['CN1[C@@H]2CC[C@@H](CC(=O)NCc3ccc(Cl)cc3)O[C@H]2COc2ccc(NC(=O)Nc3c(C)noc3C)cc2C1=O'],,,,,
8067,BRD-K58660339,['54649991'],['COc1ccccc1-c1ccc(cc1)[C@@H]1[C@@H](CO)N([C@H]1C#N)C(=O)CN(C)C'],,,,,
8068,BRD-K58663279,['56835197'],['C[C@@H](CO)N1C[C@@H](C)[C@H](CN(C)C(=O)[C@H]2CCCN2C)OCc3ccccc3-c4ccccc4C1=O'],,,,,
8069,BRD-K58674774,['44460113'],['Fc1cc(cc(F)c1F)C(=O)OCC#CCSc1nnc(o1)-c1cccc2ccccc12'],,,,,
8070,BRD-K58679021,['666267'],['CCCCn1c(CN2CCN(CC2)c3cccc(Cl)c3)nc4n(C)c(=O)n(C)c(=O)c14'],,,,,
8071,BRD-K58679238,['54657971'],['O[C@H]1COC[C@H]2O[C@@H](CC(=O)NCc3cccc(F)c3)CC[C@@H]2N(Cc2cocn2)C1'],,,,,
8072,BRD-K58698092,['44489216'],['CNC[C@H]1Oc2ccc(NS(=O)(=O)c3ccccc3)cc2CC(=O)N(C[C@H]1C)[C@@H](C)CO'],,,,,
8073,BRD-K58698715,['1612038'],['CCCOc1ccc(cc1)c2nc(OC)c3ccccc3n2'],,,,,
8074,BRD-K58703114,['54645833'],['OC[C@@H]1O[C@H](CC(=O)N2CCc3ccccc3C2)C[C@H]4[C@@H]1Oc5ccc(NC(=O)Nc6ccc(cc6)C(F)(F)F)cc45'],,,,,
8075,BRD-K58719548,['54646325'],['OC[C@H]1O[C@H](CC(=O)N2CCc3ccccc3C2)C[C@H]4[C@@H]1Oc5ccc(NC(=O)C6CCOCC6)cc45'],,,,,
8076,BRD-K58719691,['54637705'],['C[C@H](CO)N1C[C@@H](C)[C@@H](CN(C)C(=O)[C@@H](Cc2ccccc2)N(C)C)OCc3ccccc3-c4c(C1=O)n(C)c5ccccc45'],,,,,
8077,BRD-K58731341,['54631462'],['CO[C@@H]1CN(C)C(=O)c2ccc(NC(=O)C3CC3)cc2OC[C@@H](C)N(C[C@H]1C)C(=O)Nc1ccccc1F'],,,,,
8078,BRD-K58733842,['54631511'],['CO[C@H]1CN(C)C(=O)c2cc(NC(=O)c3cccc(F)c3)ccc2OC[C@@H](C)N(C)C[C@@H]1C'],,,,,
8079,BRD-K58743986,['54631522'],['CO[C@@H]1CN(C)C(=O)c2cc(NS(=O)(=O)c3ccccc3C)ccc2OC[C@@H](C)N(C[C@H]1C)S(=O)(=O)c1ccccc1'],,,,,
8080,BRD-K58745468,['54660956'],['CN(C)C(=O)[C@H]1[C@H](CO)[C@H]2Cn3c(ccc(C4=CCCC4)c3=O)[C@@H]1N2S(=O)(=O)c1cn(C)cn1'],,,,,
8081,BRD-K58747666,['44505759'],['CC(C)COC(=O)N(C)C[C@@H]1OCc2cn(CCCC(=O)N(C[C@@H]1C)[C@H](C)CO)nn2'],,,,,
8082,BRD-K58761147,['54650167'],['OC[C@H]1[C@@H]([C@H](C#N)N1C(=O)c1ccccn1)c1ccc(cc1)C1=CCCC1'],,,,,
8083,BRD-K58775116,['54618402'],['C[C@H](O)C#Cc1cnc2O[C@H](CN(C)C(=O)Cc3ccncc3)[C@@H](C)CN([C@@H](C)CO)C(=O)c2c1'],,,,,
8084,BRD-K58784778,['44498255'],['C[C@H](CO)N1C[C@@H](C)[C@H](CN(C)CC2CCCCC2)OCCCC[C@@H](C)Oc3ccc(NS(=O)(=O)C)cc3C1=O'],,,,,
8085,BRD-K58788895,['54654608'],['CN1[C@@H]2CC[C@H](CC(=O)N[C@H]3CCN(Cc4ccccc4)C3)O[C@@H]2COc2ccc(NC(=O)Cc3cccs3)cc2C1=O'],,,,,
8086,BRD-K58790952,['44488709'],['C[C@H](CO)N1C[C@H](C)[C@H](CN(C)C)OCc2cn(CCCC1=O)nn2'],,,,,
8087,BRD-K58791909,['54666414'],['OC[C@H]1[C@@H]([C@@H]2CN(CC3CCOCC3)CCCCN12)c1ccc(cc1)C#Cc1ccccc1F'],,,,,
8088,BRD-K58808184,['44503987'],['C[C@H](CO)N1C[C@@H](C)[C@H](CN(C)Cc2ccc(Cl)c(Cl)c2)Oc3ccc(NS(=O)(=O)C)cc3CC1=O'],,,,,
8089,BRD-K58826089,['54649993'],['COc1ccccc1-c1ccc(cc1)[C@H]1[C@H](CO)N([C@@H]1C#N)C(=O)CN(C)C'],,,,,
8090,BRD-K58826761,['60190213'],['CCC(=O)N1CC2(C1)[C@H]([C@@H](CO)N2C(=O)CC)c1ccc(cc1)-c1ccc(F)cc1'],,,,,
8091,BRD-K58846134,['23612554'],['O=C(N1CCC(CC1)n2nc(oc2=O)c3ccccc3)C4(CC4)c5ccccc5'],,,,,
8092,BRD-K58853583,['46907631'],['Cn1c2ccccc2c(OCCCC(=O)Nc2cc(Br)ccn2)cc1=O'],,,,,
8093,BRD-K58856256,['54657571'],['O[C@H]1COC[C@@H]2O[C@@H](CC(=O)N[C@@H]3CCN(Cc4ccccc4)C3)CC[C@H]2N(Cc2cocn2)C1'],,,,,
8094,BRD-K58869323,['54652692'],['OC[C@@H]1[C@H]2[C@H](CN(C(=O)c3ccccn3)c3ccccc23)N1C(=O)Nc1ccccc1F'],,,,,
8095,BRD-K58869442,['54652568'],['COc1ccc(CN2[C@@H](CO)[C@@H]3[C@H]2CN(C(=O)Nc2ccc(F)cc2)c2ccccc32)cc1'],,,,,
8096,BRD-K58873027,['54666408'],['C\\C=C\\c1ccc(cc1)[C@@H]1[C@@H](CO)N2CCCCN(CCC(F)(F)F)C[C@@H]12'],,,,,
8097,BRD-K58879212,['54632113'],['COCC(=O)Nc1ccc2OC[C@@H](C)N(Cc3cc(F)ccc3F)C[C@@H](C)[C@@H](CN(C)C(=O)c2c1)OC'],,,,,
8098,BRD-K58893765,['54665080'],['CN1[C@@H](CO)[C@H]2CCN([C@H]2c2cc(ccc12)C#Cc1cccnc1)S(=O)(=O)c1ccccc1F'],,,,,
8099,BRD-K58898119,['54652705'],['CC(C)NC(=O)N1C[C@@H]2[C@@H]([C@H](CO)N2C(=O)C2CCCC2)c2ccccc12'],,,,,
8100,BRD-K58900438,['699552'],['CCOC(=O)c1c(N)n(C2CCCCC2)c3nc4ccccc4nc13'],,,,,
8101,BRD-K58912123,['44616771'],['C[C@@H](CO)N1C[C@@H](C)[C@H](CN(C)Cc2ccc(Cl)c(Cl)c2)OCCCC[C@H](C)Oc3ccc(NC(=O)C4CCCCC4)cc3C1=O'],,,,,
8102,BRD-K58918780,['44490089'],['C[C@@H](CO)N1C[C@@H](C)[C@@H](CN(C)Cc2ccc(cc2)C(=O)O)Oc3ccc(NC(=O)CCCN(C)C)cc3C1=O'],,,,,
8103,BRD-K58925245,['54637741'],['C[C@@H](CO)N1C[C@H](C)[C@@H](CN(C)C(=O)Nc2ccnc(c2)N3CCOCC3)OCc4ccccc4-c5ccccc5C1=O'],,,,,
8104,BRD-K58935841,['53338832'],['CN(C)c1cccc(c1)-c1cnc(nc1)N1CCC(CC1)C(N)=O'],,,,,
8105,BRD-K58945843,['54658041'],['Cc1ccccc1S(=O)(=O)N1C[C@@H](O)COC[C@H]2O[C@@H](CC(=O)NCc3ccccc3Cl)CC[C@H]12'],,,,,
8106,BRD-K58946638,['44483542'],['C[C@H](CO)N1C[C@H](C)[C@H](CN(C)Cc2ccncc2)Oc3ccc(NC(=O)CCN4CCOCC4)cc3C1=O'],,,,,
8107,BRD-K58952483,['54652466'],['COc1ccc(cc1)C(=O)N1C[C@H]2[C@H]([C@H](CO)N2C(=O)NC(C)C)c2ccccc12'],,,,,
8108,BRD-K58958454,['54658069'],['O[C@H]1COC[C@@H]2O[C@@H](CC(=O)NCCc3ccccc3)CC[C@H]2N(Cc2ccc(Cl)cc2)C1'],,,,,
8109,BRD-K58962381,['54638611'],['OC[C@H]1O[C@H](CCNC(=O)Nc2ccc(cc2)C(F)(F)F)CC[C@H]1NC(=O)c1cccnc1'],,,,,
8110,BRD-K58969952,['60190540'],['CCCN1CC[C@@]2(CC1)CN(Cc1ccccc1OC)[C@H](CO)c1c2c2ccc(OC)cc2n1C'],,,,,
8111,BRD-K58972465,['44634726'],['COc1ccc(/C=N/NC(=O)c2ccccn2)c(O)c1'],,,,,
8112,BRD-K58980886,['54654202'],['CN1[C@@H]2CC[C@@H](CC(=O)NCc3ccc(cc3)-c3ccccc3)O[C@H]2COc2ccc(NC(=O)Cc3cccs3)cc2C1=O'],,,,,
8113,BRD-K58982513,['1434957'],['Cc1nc(N2CCN(CC2)C(=O)C2CCCCC2)c2c3CCCCc3sc2n1'],,,,,
8114,BRD-K58985339,['54651255'],['COCC(=O)NC[C@H]1[C@@H]([C@@H](CO)N1C(=O)c1ccccc1)c1ccccc1'],,,,,
8115,BRD-K58985955,['60189699'],['OC[C@@H]1[C@H](c2ccccc2)C2(CN(C2)C(=O)C2CCOCC2)N1CCC(F)(F)F'],,,,,
8116,BRD-K58991610,['54654360'],['CN1[C@@H]2CC[C@H](CC(=O)NC3Cc4ccccc4C3)O[C@H]2COc2ccc(NS(=O)(=O)c3ccccc3F)cc2C1=O'],,,,,
8117,BRD-K58999044,['56835574'],['COc1cccc(c1)c2cccc(c2)c3nc(cc4CN([C@H](CCO)c43)S(=O)C(C)(C)C)C(=O)N5CCN(C)CC5'],,,,,
8118,BRD-K58999277,['60138077'],['C(Cc1ccco1)Nc1ncnc2ccc(cc12)-c1ccc2OCOc2c1'],,,,,
8119,BRD-K59000636,['54632082'],['CO[C@H]1CN(C)C(=O)c2cc(NC(=O)c3ccc4OCOc4c3)ccc2OC[C@H](C)N(CC2CC2)C[C@@H]1C'],,,,,
8120,BRD-K59000771,['60184854'],['COc1cccc(NC(=O)N2[C@H]3CNC[C@@H]2[C@H]3c2ccc(\\C=C\\C)cc2)c1'],,,,,
8121,BRD-K59015387,['54649484'],['CO[C@H]1CC[C@H]2CCN(C)C(=O)[C@H](C)[C@@H](CN(C)C(=O)c3cccc(C#N)c3OC[C@H]1O2)OC'],,,,,
8122,BRD-K59019422,['50904134'],['Cc1csc(NC(=O)c2ccc(COc3cccc(Cl)c3)o2)n1'],,,,,
8123,BRD-K59022317,['54638404'],['CN(C)C(=O)C[C@@H]1O[C@H](CO)[C@@H](NC(=O)c2ccc(F)cc2)C=C1'],,,,,
8124,BRD-K59024058,['56835271'],['C[C@H](CO)N1C[C@@H](C)[C@H](CN(C)C(=O)Cc2ccccc2)OCc3ccccc3-c4ccccc4C1=O'],,,,,
8125,BRD-K59024967,['25243775'],['Fc1cccc(F)c1S(=O)(=O)N2CCCN(CC2)S(=O)(=O)c3ccc4OCCOc4c3'],,,,,
8126,BRD-K59036917,['1048267'],['CCCC(=O)Nc1cccc(NC(=O)c2ccccc2Br)c1'],,,,,
8127,BRD-K59039774,['56835528'],['CO[C@@H](C(=O)N(C)C[C@@H]1OCc2ccccc2-c3ccccc3C(=O)N(C[C@H]1C)[C@@H](C)CO)c4ccccc4'],,,,,
8128,BRD-K59076458,['44492946'],['C[C@@H](CO)N1C[C@H](C)[C@@H](CN(C)C(=O)Nc2cccc3ccccc23)Oc4c(NS(=O)(=O)C)cccc4C1=O'],,,,,
8129,BRD-K59085546,['54652414'],['CN1C[C@@H]2[C@@H]([C@H](CO)N2Cc2ccccc2Cl)c2ccccc12'],,,,,
8130,BRD-K59099734,['54646165'],['CN1CCN(CC1)C(=O)C[C@H]2C[C@@H]3[C@@H](Oc4ccc(NC(=O)C5CCC5)cc34)[C@H](CO)O2'],,,,,
8131,BRD-K59108735,['54654064'],['CN(C)CCCNC(=O)C[C@H]1CC[C@H]2[C@H](COc3ccc(NS(C)(=O)=O)cc3C(=O)N2C)O1'],,,,,
8132,BRD-K59130924,['54654549'],['CN1[C@H]2CC[C@H](CC(=O)NCCCN3CCOCC3)O[C@@H]2COc2ccc(NC(=O)Nc3ccccc3Cl)cc2C1=O'],,,,,
8133,BRD-K59134391,['60185240'],['COc1ccc2c3c([nH]c2c1)[C@H](CO)N(C[C@]31CN(C1)S(=O)(=O)c1ccc(C)cc1)C(=O)Nc1ccc(F)cc1'],,,,,
8134,BRD-K59139557,['44460117'],['CS(=O)(=O)c1ccc(cc1)C(=O)OCC#CCSc1nnc(o1)-c1cccc2ccccc12'],,,,,
8135,BRD-K59164282,['54664844'],['OC[C@H]1Nc2ccc(cc2[C@H]2[C@@H]1CCN2C(=O)c1ccc2OCOc2c1)-c1ccc(cc1)C#N'],,,,,
8136,BRD-K59174091,['54618679'],['C[C@@H](CO)N1C[C@H](C)[C@H](CN(C)C(=O)CC2CC2)Oc3cc(ccc3S1(=O)=O)c4ccc(C)cc4'],,,,,
8137,BRD-K59174142,['54660808'],['COCC(=O)N1[C@@H]([C@@H](CO)[C@@H]2Cn3c(ccc(-c4cccnc4)c3=O)[C@H]12)C(=O)Nc1ccccc1'],,,,,
8138,BRD-K59176197,['54645941'],['C[C@H](NC(=O)C[C@H]1C[C@@H]2[C@@H](Oc3ccc(NS(=O)(=O)c4ccc(F)cc4)cc23)[C@@H](CO)O1)c5ccccc5'],,,,,
8139,BRD-K59183712,['54638903'],['C[C@@H](NC(=O)C[C@H]1CC[C@H](NC(=O)c2cccnc2)[C@@H](CO)O1)c1ccccc1'],,,,,
8140,BRD-K59194364,['54666695'],['C[C@@H](O)C#Cc1ccc(cc1)[C@H]1[C@H](CO)N2CCCCN(C[C@H]12)C(=O)Nc1ccccc1'],,,,,
8141,BRD-K59196623,['54646462'],['COCC(=O)Nc1ccc2O[C@H]3[C@H](C[C@@H](CC(=O)NCc4ccccc4F)O[C@@H]3CO)c2c1'],,,,,
8142,BRD-K59201357,['49843270'],['C[C@@H](CO)N1C[C@@H](C)[C@H](CN(C)S(=O)(=O)c2ccc(C)cc2)OCCCC[C@H](C)Oc3ccc(NC(=O)Nc4ccccc4)cc3C1=O'],,,,,
8143,BRD-K59204160,['54652558'],['OC[C@@H]1[C@H]2[C@H](CN(C(=O)c3ccccc3)c3ccccc23)N1C(=O)Nc1ccccc1Cl'],,,,,
8144,BRD-K59222562,['60138075'],['CN(Cc1cccs1)c1ncnc2ccc(cc12)-c1ccc2OCOc2c1'],,,,,
8145,BRD-K59230034,['71760649'],['COc1ccc2c3c([nH]c2c1)[C@@H](CO)N(C)C[C@]31CN(C1)S(C)(=O)=O'],,,,,
8146,BRD-K59247792,['54638621'],['CN1CCN(CC1)C(=O)C[C@@H]1O[C@H](CO)[C@H](NC(=O)Nc2ccccc2F)C=C1'],,,,,
8147,BRD-K59248078,['44485117'],['CC(C)NC(=O)Nc1ccc2O[C@@H](C)CCCCO[C@H](CN(C)C(=O)Nc3ccccc3)[C@@H](C)CN([C@@H](C)CO)C(=O)c2c1'],,,,,
8148,BRD-K59248941,['54646317'],['COc1cccc(c1)S(=O)(=O)Nc2ccc3O[C@H]4[C@H](C[C@H](CC(=O)NCc5ccccc5F)O[C@H]4CO)c3c2'],,,,,
8149,BRD-K59253994,['60189779'],['COc1ccc2c3c([C@@H](CO)N(Cc4ccncc4)C[C@]33CCN(CC3)C(=O)Cc3ccncc3)n(C)c2c1'],,,,,
8150,BRD-K59255802,['60184931'],['CCCNC(=O)N1CC[C@@]2(CC1)CN(Cc1ccccn1)[C@H](CO)c1c2c2ccc(OC)cc2n1C'],,,,,
8151,BRD-K59261663,['54651243'],['C\\C=C\\c1ccc(cc1)[C@@H]1[C@H](CO)N[C@H]1CN(C(C)C)C(=O)c1ccccc1F'],,,,,
8152,BRD-K59283736,['54661018'],['COc1ccc(cc1)-c1ccc2[C@H]3[C@@H](Cn2c1=O)[C@H](CO)[C@H](N3C(=O)NC(C)C)C(=O)NCC1CC1'],,,,,
8153,BRD-K59291587,['54631737'],['CO[C@H]1CN(C)C(=O)c2cc(NC(=O)c3cc(C)on3)ccc2OC[C@@H](C)NC[C@@H]1C'],,,,,
8154,BRD-K59323544,['54631397'],['CCCNC(=O)Nc1ccc2OC[C@H](C)N(C[C@@H](C)[C@H](CN(C)C(=O)c2c1)OC)C(=O)c1ccccc1F'],,,,,
8155,BRD-K59324394,['54638016'],['C[C@H](CO)N1C[C@@H](C)[C@H](CN(C)C(=O)CCN(C)C)OCc2ccccc2-c3c(C1=O)n(C)c4ccccc34'],,,,,
8156,BRD-K59330510,['54639004'],['OC[C@H]1O[C@@H](CCNC(=O)CN2CCOCC2)CC[C@H]1NS(=O)(=O)c1ccc(F)cc1'],,,,,
8157,BRD-K59336577,['54631429'],['CO[C@@H]1CN(C)C(=O)c2ccc(NC(C)=O)cc2OC[C@@H](C)N(C[C@H]1C)C(=O)Cc1ccccn1'],,,,,
8158,BRD-K59340545,['54657597'],['COc1ccccc1NC(=O)N1C[C@@H](O)COC[C@@H]2O[C@@H](CC(=O)N3CCC(Cc4ccccc4)CC3)CC[C@@H]12'],,,,,
8159,BRD-K59341874,['60191349'],['COCC(=O)N1C[C@H]2[C@H]([C@@H](CO)N2C(=O)C1)c1ccc(cc1)C#CC1CC1'],,,,,
8160,BRD-K59352217,['54661067'],['CN(C)CC(=O)N1[C@H]2Cn3c(ccc(-c4ccccc4)c3=O)[C@@H]1[C@@H]([C@H]2CO)C(=O)N1CCN(C)CC1'],,,,,
8161,BRD-K59371957,['54664807'],['COc1ccc(cc1)C#Cc1ccc2N[C@H](CO)[C@@H]3CCN([C@@H]3c2c1)C(=O)c1ccccn1'],,,,,
8162,BRD-K59389251,['60191922'],['CCC(=O)N1CC2(C1)[C@@H]([C@H](CO)N2CC1CC1)c1ccc(cc1)-c1cccc(F)c1'],,,,,
8163,BRD-K59397033,['54652505'],['COc1ccccc1NC(=O)N1C[C@@H]2[C@@H]([C@H](CO)N2Cc2ccc3OCOc3c2)c2ccccc12'],,,,,
8164,BRD-K59404663,['54638640'],['OC[C@@H]1O[C@H](CC(=O)NCc2ccc(Cl)c(Cl)c2)C=C[C@@H]1NS(=O)(=O)c1ccccc1'],,,,,
8165,BRD-K59423635,['44489520'],['C[C@H](CO)N1C[C@@H](C)[C@H](CN(C)S(=O)(=O)C)Oc2ccc(NC(=O)CCCN(C)C)cc2C1=O'],,,,,
8166,BRD-K59446585,['44494142'],['C[C@@H](CO)N1C[C@@H](C)[C@@H](CN(C)C)OCCCC[C@@H](C)Oc2ccc(NC(=O)Nc3ccc(cc3)C(F)(F)F)cc2C1=O'],,,,,
8167,BRD-K59453031,['44505619'],['C[C@H](CO)N1C[C@H](C)[C@@H](CN(C)C(=O)Nc2cccc(F)c2)OCc3cn(CCCC1=O)nn3'],,,,,
8168,BRD-K59453266,['54637908'],['C[C@@H](CO)N1C[C@H](C)[C@H](CN(C)C(=O)Cc2ccccc2)OCc3ccccc3-c4c(C1=O)n(C)c5ccccc45'],,,,,
8169,BRD-K59455917,['54661291'],['CN(C)C(=O)[C@H]1[C@H](CO)[C@H]2Cn3c(ccc(\\C=C\\c4ccccc4)c3=O)[C@@H]1N2C(C)=O'],,,,,
8170,BRD-K59460069,['45359153'],['COC(=O)c1c(O)ccc2oc3cc(CO)cc(O)c3c(=O)c12'],,,,,
8171,BRD-K59465228,['60189901'],['OC[C@@H]1[C@@H](c2ccccc2)C2(CN(C2)C(=O)C2CC2)N1Cc1nccs1'],,,,,
8172,BRD-K59468384,['44493322'],['CC(C)NC(=O)Nc1ccc2O[C@H](CN(C)C(=O)Nc3cccc4ccccc34)[C@H](C)CN([C@H](C)CO)C(=O)c2c1'],,,,,
8173,BRD-K59470558,['25067483'],['CCc1nccn1CC(=O)c1ccc(O)c(O)c1'],,,,,
8174,BRD-K59472190,['54631936'],['CO[C@H]1CN(C)C(=O)c2cc(NC(=O)c3ccccc3F)ccc2OC[C@H](C)N(C[C@H]1C)C(C)=O'],,,,,
8175,BRD-K59472400,['44490270'],['CC(C)NC(=O)Nc1ccc2O[C@H](C)CCCCO[C@@H](CN(C)C)[C@@H](C)CN([C@H](C)CO)C(=O)c2c1'],,,,,
8176,BRD-K59475561,['54618439'],['C[C@@H](CO)N1C[C@@H](C)[C@@H](CN(C)CC2CCOCC2)Oc3cc(ccc3S1(=O)=O)c4cccnc4'],,,,,
8177,BRD-K59475795,['54651395'],['C\\C=C\\c1ccc(cc1)[C@@H]1[C@@H](CO)N([C@H]1CN(C)C(=O)CC1CC1)C(=O)C1CC1'],,,,,
8178,BRD-K59482768,['54613928'],['CNC[C@H]1Oc2ccc(NC(=O)Nc3ccccc3)cc2C(=O)N(C[C@@H]1C)[C@H](C)CO'],,,,,
8179,BRD-K59488055,['44487599'],['C[C@@H](CO)N1C[C@@H](C)[C@H](CN(C)Cc2ccc(cc2)c3ccccc3)Oc4ccc(NC(=O)CCN5CCOCC5)cc4CC1=O'],,,,,
8180,BRD-K59519347,['54646712'],['OC[C@H]1O[C@@H](CC(=O)NCc2ccc(Cl)cc2)C[C@H]3[C@@H]1Oc4ccc(NC(=O)CC5CC5)cc34'],,,,,
8181,BRD-K59523333,['54652695'],['OC[C@H]1[C@H]2[C@H](CN(C(=O)c3ccccn3)c3ccccc23)N1C(=O)Nc1ccccc1F'],,,,,
8182,BRD-K59524902,['54618173'],['C[C@@H](CO)N1C[C@H](C)[C@H](CN(C)Cc2ccccc2F)Oc3ncc(cc3C1=O)C4=CCCC4'],,,,,
8183,BRD-K59534645,['54646723'],['COc1cccc(c1)S(=O)(=O)Nc2ccc3O[C@@H]4[C@@H](C[C@H](CC(=O)NCc5ccc(Cl)cc5)O[C@@H]4CO)c3c2'],,,,,
8184,BRD-K59550348,['54631674'],['CO[C@H]1CN(C)C(=O)c2cc(NC(=O)Nc3ccccc3)ccc2OC[C@@H](C)N(C[C@H]1C)C(=O)CC1CC1'],,,,,
8185,BRD-K59551872,['54618644'],['COc1ccc(NC(=O)N(C)C[C@H]2Oc3cc(ccc3S(=O)(=O)N(C[C@H]2C)[C@H](C)CO)c4cccc(c4)C(=O)N(C)C)cc1'],,,,,
8186,BRD-K59556282,['3650962'],['Clc1ccccc1C(=O)N(c2ccc3oc(=O)sc3c2)S(=O)(=O)c4ccc(Br)cc4'],,,,,
8187,BRD-K59559352,['60191403'],['CCC(=O)N1C[C@H]2[C@@H]([C@@H](CO)N2C(=O)C1)c1ccc(cc1)C#CCC(C)C'],,,,,
8188,BRD-K59562667,['54615655'],['C[C@H](CO)N1C[C@H](C)[C@@H](CN(C)Cc2ccc(Cl)c(Cl)c2)OCCCC[C@H](C)Oc3ccc(NC(=O)Cc4ccccc4)cc3C1=O'],,,,,
8189,BRD-K59563627,['44487451'],['C[C@@H](CO)N1C[C@H](C)[C@@H](CN(C)S(=O)(=O)c2ccc(F)cc2)OCCCC[C@@H](C)Oc3ccc(NC(=O)Nc4ccccc4)cc3C1=O'],,,,,
8190,BRD-K59578981,['44506048'],['C[C@H](CO)N1C[C@@H](C)[C@@H](CN(C)Cc2cccnc2)OCc3cn(CCCC1=O)nn3'],,,,,
8191,BRD-K59598504,['54639124'],['CN1CCN(CC1)C(=O)C[C@H]1O[C@@H](CO)[C@@H](NS(=O)(=O)c2cccc(F)c2)C=C1'],,,,,
8192,BRD-K59605310,['54649994'],['COc1ccccc1-c1ccc(cc1)[C@@H]1[C@H](CO)N([C@@H]1C#N)C(=O)CN(C)C'],,,,,
8193,BRD-K59606716,['54666622'],['COc1ccc(cc1)S(=O)(=O)N1CCCCN2[C@@H](CO)[C@H]([C@@H]2C1)c1ccc(cc1)\\C=C\\C'],,,,,
8194,BRD-K59611536,['54654061'],['CN(C)CCCNC(=O)C[C@H]1CC[C@@H]2[C@H](COc3ccc(NS(C)(=O)=O)cc3C(=O)N2C)O1'],,,,,
8195,BRD-K59611835,['54646366'],['CS(=O)(=O)Nc1ccc2O[C@@H]3[C@@H](C[C@H](CC(=O)NCc4ccc(Cl)cc4)O[C@@H]3CO)c2c1'],,,,,
8196,BRD-K59633395,['5391149'],['Oc1ccc2c(c1)oc(cc2=O)-c1ccccc1O'],,,,,
8197,BRD-K59683426,['71759534'],['COc1ccc2c3c([C@@H](CO)N(C[C@]33CN(C3)C(=O)Nc3cccc(F)c3)C(=O)C3CCOCC3)n(C)c2c1'],,,,,
8198,BRD-K59689930,['54661173'],['OC[C@@H]1[C@H]2Cn3c(ccc(-c4cccc(F)c4)c3=O)[C@H](N2)[C@H]1C(=O)NCc1ccccc1'],,,,,
8199,BRD-K59704843,['54646008'],['COC(=O)C[C@H]1C[C@H]2[C@H](Oc3ccc(NC(=O)C4CCOCC4)cc23)[C@@H](CO)O1'],,,,,
8200,BRD-K59705555,['44224142'],['C1CN(CCC1Oc1ccccc1)c1ncnc2sccc12'],,,,,
8201,BRD-K59709493,['54637900'],['C[C@@H](CO)N1C[C@@H](C)[C@@H](CN(C)CC2CC2)OCc3ccccc3-c4ccccc4C1=O'],,,,,
8202,BRD-K59722258,['54652473'],['OC[C@H]1[C@@H]2[C@@H](CN(C(=O)Cc3ccccc3)c3ccccc23)N1S(=O)(=O)c1ccccc1'],,,,,
8203,BRD-K59722298,['60189685'],['COc1ccc2c3c([nH]c2c1)[C@H](CO)N(C[C@]31CN(C1)C(=O)Nc1cccc(F)c1)C(=O)NC1CCCC1'],,,,,
8204,BRD-K59725859,['54657934'],['CN1CCN(CC1)C(=O)C[C@H]1CC[C@@H]2[C@H](COC[C@H](O)CN2C(=O)c2ccccc2F)O1'],,,,,
8205,BRD-K59730983,['54618681'],['C[C@@H](CO)N1C[C@H](C)[C@H](CN(C)C(=O)c2ccc3OCOc3c2)Oc4cc(ccc4S1(=O)=O)c5ccccc5'],,,,,
8206,BRD-K59731570,['54646530'],['COCC(=O)Nc1ccc2O[C@H]3[C@H](C[C@H](CC(=O)NCc4cccnc4)O[C@@H]3CO)c2c1'],,,,,
8207,BRD-K59733592,['60190301'],['COc1ccc2c3c([C@@H](CO)NC[C@]33CCN(Cc4ccccc4Cl)CC3)n(C)c2c1'],,,,,
8208,BRD-K59744203,['60190221'],['CCCC(=O)N1C[C@@]2(C1)CN([C@H](CO)c1c2c2ccc(OC)cc2n1C)C(=O)Nc1cccc(F)c1'],,,,,
8209,BRD-K59746807,['54632018'],['CO[C@H]1CN(C)C(=O)c2cc(NC(=O)c3ccccc3F)ccc2OC[C@H](C)N(C[C@@H]1C)C(C)=O'],,,,,
8210,BRD-K59754458,['53338838'],['CC(C)(C)OC(=O)NC1CCN(CC1)c1nc(cs1)-c1ccc(Br)cc1'],,,,,
8211,BRD-K59755197,['54646601'],['COc1ccc(cc1)S(=O)(=O)Nc2ccc3O[C@@H]4[C@@H](C[C@@H](CC(=O)NCC5CC5)O[C@@H]4CO)c3c2'],,,,,
8212,BRD-K59757264,['54631628'],['CO[C@@H]1CN(C)C(=O)c2ccc(NC(=O)Cc3ccccc3)cc2OC[C@H](C)N(C[C@H]1C)C(=O)c1ccccc1F'],,,,,
8213,BRD-K59761766,['2819767'],['CSc1sc(C(=O)O)c2CC(C)(C)CC(=O)c12'],,,,,
8214,BRD-K59765229,['60185233'],['CCCC(=O)N1C[C@]2(CN(C2)C(=O)C2CC2)c2c([C@H]1CO)n(C)c1cc(OC)ccc21'],,,,,
8215,BRD-K59768094,['60185101'],['COc1ccc2c3c([C@H](CO)NC[C@]33CCN(CC3)C(=O)Nc3ccc(F)cc3F)n(C)c2c1'],,,,,
8216,BRD-K59788643,['44484212'],['C[C@@H](CO)N1C[C@H](C)[C@H](CN(C)Cc2ccccc2)Oc3ccc(NS(=O)(=O)c4ccc(C)cc4)cc3C1=O'],,,,,
8217,BRD-K59793998,['54661412'],['COC(=O)[C@H]1[C@H](CO)[C@H]2Cn3c(=O)c(ccc3[C@H]2N1C(=O)C1CCC1)-c1ccc(F)cc1'],,,,,
8218,BRD-K59794046,['25067495'],['Cc1nc2ccccc2n1CC(=O)c3ccc(O)c(O)c3'],,,,,
8219,BRD-K59805090,['44487761'],['COc1ccc(NC(=O)N(C)C[C@H]2Oc3ccc(cc3C(=O)N(C[C@@H]2C)[C@@H](C)CO)N(C)C)cc1'],,,,,
8220,BRD-K59830209,['54645872'],['OC[C@H]1O[C@H](CC(=O)N2CCc3ccccc3C2)C[C@H]4[C@@H]1Oc5ccc(NC(=O)c6ccc7OCOc7c6)cc45'],,,,,
8221,BRD-K59840856,['3025920'],['Nc1nc2ccccc2n1S(=O)(=O)c1ccccc1'],,,,,
8222,BRD-K59854189,['71760199'],['COCC(=O)N1C[C@]2(CN(C2)S(C)(=O)=O)c2c([C@H]1CO)n(C)c1cc(OC)ccc21'],,,,,
8223,BRD-K59862677,['44493243'],['C[C@H](CO)N1C[C@H](C)[C@H](CN(C)S(=O)(=O)C)Oc2ccc(NC(=O)CCCN(C)C)cc2C1=O'],,,,,
8224,BRD-K59867372,['54657907'],['O[C@@H]1CN[C@@H]2CC[C@H](CC(=O)Nc3nccs3)O[C@H]2COC1'],,,,,
8225,BRD-K59870400,['44485055'],['C[C@H](CO)N1C[C@@H](C)[C@H](CN(C)C(=O)c2cc(on2)c3ccccc3)OCc4cn(CCCC1=O)nn4'],,,,,
8226,BRD-K59887251,['54614223'],['C[C@H](CO)N1C[C@H](C)[C@@H](CN(C)Cc2ccc(cc2)C(F)(F)F)Oc3ccc(NS(=O)(=O)c4c(C)noc4C)cc3CC1=O'],,,,,
8227,BRD-K59893315,['54660709'],['CCC(=O)N1[C@H]2Cn3c(ccc(-c4ccc(F)cc4)c3=O)[C@@H]1[C@@H]([C@H]2CO)C(=O)OC'],,,,,
8228,BRD-K59893964,['56835505'],['COc1cccc(c1)S(=O)(=O)N(C)C[C@@H]2OCc3ccccc3-c4ccccc4C(=O)N(C[C@H]2C)[C@@H](C)CO'],,,,,
8229,BRD-K59899596,['60184841'],['COc1ccccc1-c1ccc(cc1)[C@H]1[C@H]2CN(C[C@@H]1N2)S(=O)(=O)c1ccc(C)cc1'],,,,,
8230,BRD-K59904884,['54632080'],['CO[C@@H]1CN(C)C(=O)c2cc(NC(=O)c3ccccc3F)ccc2OC[C@H](C)NC[C@@H]1C'],,,,,
8231,BRD-K59909245,['54631423'],['CO[C@@H]1CN(C)C(=O)c2cc(NC(=O)c3nc4ccccc4s3)ccc2OC[C@H](C)N(Cc2cncnc2)C[C@@H]1C'],,,,,
8232,BRD-K59913769,['54646485'],['C[C@H](NC(=O)C[C@@H]1C[C@@H]2[C@@H](Oc3ccc(NC(=O)NC4CCCCC4)cc23)[C@H](CO)O1)c5ccccc5'],,,,,
8233,BRD-K59915259,['73707596'],['CN(C)CCCN(c1ccccc1)c1cccc(Cl)c1'],,,,,
8234,BRD-K59937136,['54652584'],['CCCC(=O)N1C[C@@H]2[C@@H]([C@H](CO)N2C(=O)Nc2ccc(F)cc2)c2ccccc12'],,,,,
8235,BRD-K59939374,['44503125'],['C[C@H](CO)N1C[C@H](C)[C@@H](CN(C)CC2CCCCC2)OCCCC[C@@H](C)Oc3ccc(NC(=O)Nc4ccc(cc4)C(F)(F)F)cc3C1=O'],,,,,
8236,BRD-K59941784,['54646717'],['OC[C@@H]1O[C@H](CC(=O)NCc2ccc(Cl)cc2)C[C@H]3[C@@H]1Oc4ccc(NC(=O)CC5CC5)cc34'],,,,,
8237,BRD-K59946561,['9305'],['N[C@@H](Cc1cc(I)c(O)c(I)c1)C(=O)O'],,,,,
8238,BRD-K59958061,['54639034'],['Cc1ccc(cc1)S(=O)(=O)N[C@@H]1C=C[C@@H](CC(=O)NCCN2CCCCC2)O[C@@H]1CO'],,,,,
8239,BRD-K59974052,['54631939'],['CO[C@H]1CN(C)C(=O)c2ccc(cc2OC[C@H](C)NC[C@H]1C)NS(=O)(=O)c1cccc(Cl)c1'],,,,,
8240,BRD-K59977049,['54660952'],['CC(=O)N1[C@@H]([C@@H](CO)[C@@H]2Cn3c(ccc(-c4cncnc4)c3=O)[C@H]12)C(=O)NCc1ccccc1Cl'],,,,,
8241,BRD-K59980915,['5346359'],['Oc1ccc(NC(=O)COc2ccc(Cl)cc2)cc1c3nc4ccccc4o3'],,,,,
8242,BRD-K59983542,['54654283'],['CN1[C@H]2CC[C@H](CC(=O)N3CCOCC3)O[C@@H]2COc2ccc(NC(=O)c3ccc(F)c(F)c3)cc2C1=O'],,,,,
8243,BRD-K60002680,['44505587'],['C[C@@H](CO)N1C[C@@H](C)[C@H](CN(C)C(=O)OCc2ccccc2)OCc3cnnn3CCCC1=O'],,,,,
8244,BRD-K60002786,['44498548'],['COc1ccc(NC(=O)N(C)C[C@@H]2OCc3cn(CCCC(=O)N(C[C@@H]2C)[C@@H](C)CO)nn3)c(OC)c1'],,,,,
8245,BRD-K60004464,['71759195'],['COc1ccc2c3c([nH]c2c1)[C@H](CO)N(C[C@]31CCN(Cc2cccnc2)CC1)C(=O)c1ccc(F)cc1'],,,,,
8246,BRD-K60011163,['54646019'],['OC[C@@H]1O[C@H](CC(=O)NCCN2CCCCC2)C[C@H]3[C@@H]1Oc4ccc(NC(=O)c5ccc6OCOc6c5)cc34'],,,,,
8247,BRD-K60019754,['54637924'],['C[C@H](CO)N1C[C@H](C)[C@H](CN(C)Cc2ccc(F)cc2)OCc3ccccc3-c4ccccc4C1=O'],,,,,
8248,BRD-K60027289,['54660830'],['CN(C)CCCNC(=O)[C@@H]1[C@@H](CO)[C@@H]2Cn3c(ccc(-c4ccccc4)c3=O)[C@H]1N2C(=O)CC1CC1'],,,,,
8249,BRD-K60050469,['54631865'],['CO[C@H]1CN(C)C(=O)c2cc(NC(=O)Nc3ccccc3OC)ccc2OC[C@H](C)N(C)C[C@H]1C'],,,,,
8250,BRD-K60056473,['54664819'],['C\\C=C\\c1ccc2N(C)[C@@H](CO)[C@H]3CCN([C@H]3c2c1)C(=O)Cc1cccnc1'],,,,,
8251,BRD-K60056908,['54618438'],['COCC(=O)N(C)C[C@H]1Oc2ncc(C#CC(C)(C)O)cc2C(=O)N(C[C@@H]1C)[C@H](C)CO'],,,,,
8252,BRD-K60065591,['56835539'],['C[C@@H](CO)N1C[C@H](C)[C@H](CN(C)S(=O)(=O)C)OCc2ccccc2-c3ccccc3C1=O'],,,,,
8253,BRD-K60067222,['54613883'],['C[C@H](CO)N1C[C@H](C)[C@@H](CN(C)Cc2ccc(cc2)C(=O)Nc3ccccc3N)Oc4ccc(cc4C1=O)N(C)C'],,,,,
8254,BRD-K60070073,['2847176'],['CC(C)(C)NC(=O)c1ccc2C(=O)c3ccccc3-c4onc1c42'],,,,,
8255,BRD-K60073229,['54649587'],['CO[C@H]1CC[C@@H]2CCOc3c(cccc3C(=O)N(C)[C@H](C)C(=O)N(C)C[C@H]1O2)C#N'],,,,,
8256,BRD-K60087207,['54660755'],['COc1ccccc1-c1ccc2[C@H]3N[C@H]([C@H](CO)[C@H]3Cn2c1=O)C(=O)NCc1ccccc1Cl'],,,,,
8257,BRD-K60092199,['54638923'],['CC(C)NC(=O)N[C@@H]1CC[C@@H](CCN)O[C@@H]1CO'],,,,,
8258,BRD-K60093216,['44486428'],['CCCN(C)C[C@H]1OCCCC[C@@H](C)Oc2ccc(NS(=O)(=O)c3ccc(OC)cc3)cc2C(=O)N(C[C@H]1C)[C@H](C)CO'],,,,,
8259,BRD-K60109523,['54645928'],['OC[C@@H]1O[C@@H](CC(=O)NCCN2CCCCC2)C[C@H]3[C@@H]1Oc4ccc(NS(=O)(=O)c5ccc(F)cc5)cc34'],,,,,
8260,BRD-K60129749,['44487409'],['C[C@@H](CO)N1C[C@H](C)[C@@H](CN(C)C(=O)c2cc(on2)c3ccccc3)OCc4cn(CCCC1=O)nn4'],,,,,
8261,BRD-K60132930,['54650059'],['OC[C@H]1[C@@H]([C@H](C#N)N1C(=O)Nc1cccc(F)c1)c1ccccc1'],,,,,
8262,BRD-K60144416,['44502715'],['CCCN(C)C[C@H]1OCCCC[C@@H](C)Oc2ccc(NS(=O)(=O)c3ccc(C)cc3)cc2C(=O)N(C[C@@H]1C)[C@H](C)CO'],,,,,
8263,BRD-K60151092,['54638360'],['OC[C@@H]1O[C@@H](CC(=O)NCCN2CCCCC2)C=C[C@@H]1NC(=O)c1cccnc1'],,,,,
8264,BRD-K60151881,['54649977'],['OC[C@H]1[C@H]([C@H](C#N)N1S(=O)(=O)Cc1ccccc1)c1ccccc1'],,,,,
8265,BRD-K60159779,['60189910'],['COc1ccc2c3c([nH]c2c1)[C@@H](CO)N(C[C@]31CCN(CC1)S(=O)(=O)c1ccccc1)C(C)=O'],,,,,
8266,BRD-K60172814,['54666684'],['COc1cccc(c1)-c1ccc(cc1)[C@H]1[C@@H](CO)N2CCCCN(C[C@H]12)C(=O)c1ccc(F)cc1'],,,,,
8267,BRD-K60188503,['54638955'],['C[C@@H](NC(=O)C[C@@H]1O[C@H](CO)[C@H](NC(=O)Nc2ccc3OCOc3c2)C=C1)c1ccccc1'],,,,,
8268,BRD-K60202068,['24747276'],['CC(=O)Nc1ccccc1Nc2nc(NCCO)nc(n2)N3CCCC3'],,,,,
8269,BRD-K60202553,['54651484'],['OC[C@@H]1[C@H]([C@@H](CNC(=O)NC2CCCC2)N1C(=O)C1CC1)c1ccccc1'],,,,,
8270,BRD-K60212338,['44489301'],['CC(C)NC(=O)Nc1ccc2O[C@@H](C)CCCCO[C@@H](CN(C)C)[C@@H](C)CN([C@@H](C)CO)C(=O)c2c1'],,,,,
8271,BRD-K60218284,['60187163'],['COc1ccc2c3c([C@H](CO)N(C[C@]33CN(Cc4ccccn4)C3)C(=O)Nc3ccc(F)cc3)n(C)c2c1'],,,,,
8272,BRD-K60218670,['44460122'],['FC(F)(F)Oc1ccc(cc1)C(=O)OCC#CCSc1nnc(o1)-c1cccc2ccccc12'],,,,,
8273,BRD-K60228169,['2157612'],['Cc1cc(NC(=O)CS(=O)(=O)c2cn(Cc3cccc(F)c3)c4ccccc24)no1'],,,,,
8274,BRD-K60237462,['54631642'],['CCCNC(=O)Nc1ccc2c(OC[C@@H](C)N(Cc3cccnc3)C[C@H](C)[C@H](CN(C)C2=O)OC)c1'],,,,,
8275,BRD-K60238549,['60191608'],['COCC(=O)N1CC2(C1)[C@H]([C@@H](CO)N2CC1CCOCC1)c1ccc(cc1)\\C=C\\C'],,,,,
8276,BRD-K60239116,['44485343'],['C[C@@H](CO)N1C[C@H](C)[C@@H](CN(C)C)Oc2ccc(NC(=O)Nc3ccccc3)cc2C1=O'],,,,,
8277,BRD-K60242118,['54649386'],['COc1ccc(cc1)-c1cccc(c1)-c1nc(cc2CN([C@@H](CCO)c12)[S@@](=O)C(C)(C)C)C(=O)NCC(F)(F)F'],,,,,
8278,BRD-K60245465,['54618660'],['CCCC#Cc1ccc2c(O[C@@H](CN(C)C(=O)Nc3ccccc3F)[C@@H](C)CN([C@@H](C)CO)S2(=O)=O)c1'],,,,,
8279,BRD-K60260474,['60186754'],['O=C(C1CCCC1)N1C[C@H]2N[C@@H](C1)[C@@H]2c1ccc(cc1)-c1cncnc1'],,,,,
8280,BRD-K60272067,['54632062'],['CO[C@@H]1CN(C)C(=O)c2ccc(NS(=O)(=O)c3ccccc3C)cc2OC[C@@H](C)N(C)C[C@@H]1C'],,,,,
8281,BRD-K60272788,['44490460'],['C[C@H](CO)N1C[C@@H](C)[C@H](CN(C)C)OCCCC[C@@H](C)Oc2ccc(NS(=O)(=O)c3cn(C)cn3)cc2C1=O'],,,,,
8282,BRD-K60286124,['54631700'],['CO[C@@H]1CN(C)C(=O)c2cc(NC(C)=O)ccc2OC[C@@H](C)N(C[C@@H]1C)C(=O)c1cnccn1'],,,,,
8283,BRD-K60297013,['60192112'],['OC[C@@H]1[C@H](c2ccccc2)C2(CN(Cc3nccs3)C2)N1Cc1cccnc1'],,,,,
8284,BRD-K60297835,['44506579'],['C[C@H](CO)N1C[C@@H](C)[C@H](CN(C)S(=O)(=O)c2ccc(Cl)cc2)Oc3c(NC(=O)CCCCCC(=O)Nc4ccccc4N)cccc3C1=O'],,,,,
8285,BRD-K60298771,['54657895'],['O[C@@H]1COC[C@@H]2O[C@H](CC(=O)NCc3ccc(Oc4ccccc4)cc3)CC[C@H]2N(CCC(F)(F)F)C1'],,,,,
8286,BRD-K60308664,['54661022'],['COC(=O)[C@H]1[C@H](CO)[C@H]2Cn3c(ccc(-c4ccccc4F)c3=O)[C@H]2N1Cc1ccncc1'],,,,,
8287,BRD-K60331845,['60190202'],['CCS(=O)(=O)N1CC2(C1)[C@H]([C@@H](CO)N2Cc1ccc(F)cc1)c1ccccc1'],,,,,
8288,BRD-K60334624,['54645914'],['OC[C@@H]1O[C@H](CC(=O)NCc2ccc(Oc3ccccc3)cc2)C[C@@H]4[C@H]1Oc5ccc(NC(=O)c6ccc7OCOc7c6)cc45'],,,,,
8289,BRD-K60339813,['54618499'],['COc1cccc(c1)S(=O)(=O)N(C)C[C@H]2Oc3cc(ccc3S(=O)(=O)N(C[C@@H]2C)[C@H](C)CO)C4=CCCCC4'],,,,,
8290,BRD-K60341033,['60184980'],['Cc1cccc(c1)-c1ccc(cc1)[C@H]1[C@H]2CNC[C@@H]1N2'],,,,,
8291,BRD-K60354118,['54654413'],['CN1[C@@H]2CC[C@H](CC(=O)NCCc3ccncc3)O[C@H]2COc2ccc(NC(=O)C3CCOCC3)cc2C1=O'],,,,,
8292,BRD-K60360711,['54638994'],['OC[C@H]1O[C@H](CC(=O)NCCc2ccncc2)CC[C@@H]1NC(=O)Cc1ccccn1'],,,,,
8293,BRD-K60362139,['54657662'],['O[C@H]1COC[C@H]2O[C@@H](CC(O)=O)CC[C@@H]2N(C1)S(=O)(=O)c1ccc(Oc2ccccc2)cc1'],,,,,
8294,BRD-K60379529,['44497778'],['C[C@H](CO)N1C[C@H](C)[C@@H](CN(C)CC2CC2)OCCCC[C@H](C)Oc3ccc(NC(=O)Nc4cccc5ccccc45)cc3C1=O'],,,,,
8295,BRD-K60391168,['54649397'],['COCCNC(=O)c1cc2CN([C@@H](CCO)c2c(n1)-c1cccc(c1)-c1cccc(F)c1)[S@@](=O)C(C)(C)C'],,,,,
8296,BRD-K60391804,['44495028'],['CC(C)NC(=O)N(C)C[C@@H]1OCCCC[C@H](C)Oc2ccc(NC(=O)Cc3ccccc3)cc2C(=O)N(C[C@H]1C)[C@@H](C)CO'],,,,,
8297,BRD-K60393413,['60188214'],['COc1ccc(cc1)-c1ccc(cc1)[C@@H]1[C@H]2CN(Cc3cccc(OC)c3)C[C@@H]1N2'],,,,,
8298,BRD-K60413918,['54631817'],['CCCC(=O)Nc1ccc2c(OC[C@@H](C)N(C[C@@H](C)[C@H](CN(C)C2=O)OC)C(=O)CN(C)C)c1'],,,,,
8299,BRD-K60462241,['54638576'],['COc1cccc(c1)S(=O)(=O)N[C@H]1CC[C@@H](CCN)O[C@H]1CO'],,,,,
8300,BRD-K60471354,['54638460'],['OC[C@@H]1O[C@H](CC(=O)NCCCN2CCOCC2)C=C[C@H]1NS(=O)(=O)c1ccccc1F'],,,,,
8301,BRD-K60474245,['60184937'],['COc1cccc(CN2C[C@H]3N[C@@H](C2)[C@@H]3c2ccc(\\C=C\\C)cc2)c1'],,,,,
8302,BRD-K60474343,['54638826'],['COc1ccccc1S(=O)(=O)N[C@@H]1C=C[C@@H](CC(=O)N2CCCCC2)O[C@@H]1CO'],,,,,
8303,BRD-K60477597,['54649585'],['CO[C@H]1CC[C@H]2CCOc3c(cccc3C(=O)N(C)[C@H](C)C(=O)N(C)C[C@H]1O2)C#N'],,,,,
8304,BRD-K60477859,['56835298'],['CO[C@H](C(=O)N(C)C[C@@H]1OCc2ccccc2-c3c(C(=O)N(C[C@H]1C)[C@@H](C)CO)n(C)c4ccccc34)c5ccccc5'],,,,,
8305,BRD-K60487596,['44490190'],['C[C@H](CO)N1C[C@H](C)[C@@H](CN(C)Cc2ccc(cc2)C(=O)O)Oc3ccc(NC(=O)CCCN(C)C)cc3C1=O'],,,,,
8306,BRD-K60520051,['44485761'],['C[C@@H](CO)N1C[C@@H](C)[C@H](CN(C)C(=O)Nc2c(C)noc2C)OCc3cn(CCCC1=O)nn3'],,,,,
8307,BRD-K60539617,['54650176'],['OC[C@H]1N[C@@H](C#N)[C@H]1c1ccc(cc1)C#Cc1ccccc1F'],,,,,
8308,BRD-K60548400,['54646050'],['COc1ccccc1CNC(=O)C[C@@H]2C[C@H]3[C@H](Oc4ccc(cc34)N(C)C)[C@H](CO)O2'],,,,,
8309,BRD-K60554389,['44504873'],['CC(C)NC(=O)Nc1ccc2O[C@@H](CN(C)S(=O)(=O)c3ccccc3)[C@@H](C)CN([C@@H](C)CO)C(=O)Cc2c1'],,,,,
8310,BRD-K60558601,['44492436'],['C[C@@H](CO)N1C[C@@H](C)[C@H](CN(C)C(=O)Nc2cccc3ccccc23)Oc4c(NS(=O)(=O)C)cccc4C1=O'],,,,,
8311,BRD-K60558875,['54649406'],['CC(C)(C)[S@](=O)N1Cc2cc(nc(c2[C@@H]1CCO)-c1cccc(c1)-c1cccc(c1)C#N)C(=O)NCc1ccncc1'],,,,,
8312,BRD-K60569491,['44486225'],['CNC[C@@H]1Oc2c(NS(=O)(=O)c3ccc(OC)cc3)cccc2C(=O)N(C[C@@H]1C)[C@H](C)CO'],,,,,
8313,BRD-K60571253,['551033'],['CN(CC#CCN1CCCC1)C(=O)c2cccc(Cl)c2'],,,,,
8314,BRD-K60581054,['54654418'],['CCS(=O)(=O)Nc1ccc2OC[C@H]3O[C@H](CC(=O)N[C@H]4CCN(Cc5ccccc5)C4)CC[C@@H]3N(C)C(=O)c2c1'],,,,,
8315,BRD-K60582191,['44617334'],['COc1ccc(NC(=O)N(C)C[C@H]2Oc3ccc(cc3CC(=O)N(C[C@@H]2C)[C@H](C)CO)N(C)C)cc1'],,,,,
8316,BRD-K60588371,['44501123'],['CC(C)NC(=O)Nc1ccc2O[C@H](C)CCCCO[C@@H](CN(C)C(=O)CCC(F)(F)F)[C@@H](C)CN([C@H](C)CO)C(=O)c2c1'],,,,,
8317,BRD-K60595380,['54658045'],['Cc1ccccc1S(=O)(=O)N1C[C@H](O)COC[C@@H]2O[C@@H](CC(=O)NCc3ccccc3Cl)CC[C@@H]12'],,,,,
8318,BRD-K60595964,['54651452'],['COCC(=O)N(C[C@H]1[C@@H]([C@H](CO)N1C(C)=O)c1ccc(cc1)\\C=C\\C)C(C)C'],,,,,
8319,BRD-K60600704,['60191653'],['OC[C@H]1[C@H](c2ccccc2)C2(CN(C2)C(=O)C2CCCCC2)N1C(=O)c1cccnc1'],,,,,
8320,BRD-K60602279,['54631968'],['CCS(=O)(=O)Nc1ccc2OC[C@H](C)N(Cc3ccccn3)C[C@@H](C)[C@H](CN(C)C(=O)c2c1)OC'],,,,,
8321,BRD-K60631585,['60190307'],['COc1ccc2c3c([C@H](CO)NC[C@]33CCN(Cc4ccccc4F)CC3)n(C)c2c1'],,,,,
8322,BRD-K60636255,['54657781'],['O[C@H]1CN[C@@H]2CC[C@@H](CC(=O)N3CCc4ccccc4C3)O[C@H]2COC1'],,,,,
8323,BRD-K60637442,['54657518'],['O[C@H]1COC[C@H]2O[C@H](CC(=O)NCC3CCCCC3)CC[C@@H]2N(CCC(F)(F)F)C1'],,,,,
8324,BRD-K60659225,['44505148'],['C[C@H](CO)N1C[C@@H](C)[C@H](CN(C)S(=O)(=O)c2cccc(C)c2)OCc3cnnn3CCCC1=O'],,,,,
8325,BRD-K60667054,['54654273'],['C[C@@H](NC(=O)C[C@H]1CC[C@@H]2[C@H](COc3ccc(NS(=O)(=O)c4ccc(Cl)cc4)cc3C(=O)N2C)O1)c1ccccc1'],,,,,
8326,BRD-K60679910,['44505423'],['C[C@@H](CO)N1C[C@@H](C)[C@@H](CN(C)C(=O)NC2CCCC2)OCc3cnnn3CCCC1=O'],,,,,
8327,BRD-K60685007,['23757123'],['COc1cc(O)c(CC=C(C)C)cc1C(=O)/C=C/c2ccc(O)c(CC=C(C)C)c2'],,,,,
8328,BRD-K60697955,['54646414'],['CN(C)c1ccc2O[C@@H]3[C@@H](C[C@@H](CC(=O)N4CCc5ccccc5C4)O[C@@H]3CO)c2c1'],,,,,
8329,BRD-K60700659,['54645818'],['OC[C@@H]1O[C@H](CC(=O)NCCN2CCCCC2)C[C@H]3[C@@H]1Oc4ccc(NC(=O)C5CCOCC5)cc34'],,,,,
8330,BRD-K60703313,['54638436'],['COc1ccccc1CNC(=O)C[C@@H]1O[C@@H](CO)[C@H](NC(=O)CN(C)C)C=C1'],,,,,
8331,BRD-K60703528,['54649956'],['CCc1csc(n1)N1[C@@H](CO)[C@@H]([C@@H]1C#N)c1ccc(cc1)\\C=C\\C'],,,,,
8332,BRD-K60729220,['44142105'],['Brc1cccc(c1)S(=O)(=O)N2CCN(CC2)S(=O)(=O)c3ccc4OCCOc4c3'],,,,,
8333,BRD-K60737413,['54652626'],['CCCNC(=O)N1C[C@H]2[C@H]([C@@H](CO)N2C(=O)CN2CCOCC2)c2ccccc12'],,,,,
8334,BRD-K60751982,['60189929'],['COc1ccc(C#Cc2cnc3O[C@@H](CN(C)CC4CC4)[C@@H](C)CN([C@@H](C)CO)C(=O)c3c2)cc1'],,,,,
8335,BRD-K60753740,['54654451'],['CN1[C@@H]2CC[C@@H](CC(=O)NCC(F)(F)F)O[C@@H]2COc2ccc(NC(=O)c3ccccc3Cl)cc2C1=O'],,,,,
8336,BRD-K60756411,['44618176'],['COc1ccc(CN(C)C[C@H]2OCCCC[C@H](C)Oc3ccc(NC(=O)C4CCCCC4)cc3C(=O)N(C[C@@H]2C)[C@H](C)CO)cc1'],,,,,
8337,BRD-K60757524,['44495777'],['C[C@H](CO)N1C[C@@H](C)[C@@H](CN(C)Cc2ccccc2)Oc3c(NC(=O)c4ccncc4)cccc3C1=O'],,,,,
8338,BRD-K60759206,['54654155'],['CN1CCN(CC1)C(=O)C[C@@H]1CC[C@H]2[C@H](COc3ccc(NC(=O)c4cscn4)cc3C(=O)N2C)O1'],,,,,
8339,BRD-K60760276,['44618954'],['CC(C)NC(=O)Nc1ccc2O[C@H](C)CCCCO[C@@H](CN(C)C(=O)CCC(F)(F)F)[C@H](C)CN([C@@H](C)CO)C(=O)c2c1'],,,,,
8340,BRD-K60760984,['71759563'],['CC(=O)N1CC2(C1)[C@H]([C@@H](CO)N2Cc1ccccc1F)c1ccccc1'],,,,,
8341,BRD-K60774644,['44506922'],['C[C@@H](CO)N1C[C@@H](C)[C@@H](CN(C)Cc2ccc(cc2)C(=O)Nc3ccccc3N)Oc4ccc(NC(=O)CCC(F)(F)F)cc4CC1=O'],,,,,
8342,BRD-K60776198,['54645930'],['OC[C@@H]1O[C@H](CC(=O)NCc2cc(F)ccc2F)C[C@@H]3[C@H]1Oc4ccc(NC(=O)c5cccnc5)cc34'],,,,,
8343,BRD-K60778274,['54631680'],['CCCNC(=O)Nc1ccc2c(OC[C@@H](C)N(C[C@@H](C)[C@H](CN(C)C2=O)OC)C(=O)C2CCOCC2)c1'],,,,,
8344,BRD-K60783789,['54625517'],['CCCN(C)C[C@@H]1Oc2cc(ccc2S(=O)(=O)N(C[C@@H]1C)[C@H](C)CO)c3ccc(F)cc3'],,,,,
8345,BRD-K60784115,['54650068'],['OC[C@H]1[C@H]([C@@H](C#N)N1C(=O)c1ccccc1F)c1ccccc1'],,,,,
8346,BRD-K60796852,['60191270'],['OC[C@H]1[C@@H]([C@@H]2CNCC(=O)N12)c1ccc(Br)cc1'],,,,,
8347,BRD-K60804903,['54646416'],['OC[C@H]1O[C@H](CC(=O)NCc2cccc(F)c2)C[C@H]3[C@@H]1Oc4ccc(NC(=O)Cc5ccncc5)cc34'],,,,,
8348,BRD-K60807183,['54661432'],['COC(=O)[C@@H]1[C@@H](CO)[C@@H]2Cn3c(ccc(-c4ccc(F)cc4)c3=O)[C@H]1N2Cc1cccnc1'],,,,,
8349,BRD-K60809157,['54638441'],['NCC[C@H]1CC[C@@H](NC(=O)c2ccccc2F)[C@H](CO)O1'],,,,,
8350,BRD-K60826706,['54631495'],['CO[C@@H]1CN(C)C(=O)c2ccc(NC(=O)Nc3cccc(F)c3)cc2OC[C@@H](C)N(C[C@@H]1C)C(C)=O'],,,,,
8351,BRD-K60828552,['54664959'],['CN1[C@@H](CO)[C@@H]2CCN([C@@H]2c2cc(Br)ccc12)C(=O)C1CCCCC1'],,,,,
8352,BRD-K60833663,['6729240'],['COC(=O)C(CC#Cc1ccc2NC(=O)[C@@]3([C@H]([C@H]4N([C@H]3c5ccccc5OCCO)[C@@H]([C@@H](OC4=O)c6ccccc6)c7ccccc7)C(=O)N8CCCCCCC8)c2c1)C(=O)OC'],,,,,
8353,BRD-K60836534,['54649589'],['CO[C@H]1CC[C@H]2CCOc3c(cccc3C(=O)N(C)[C@H](C)C(=O)N(C)C[C@@H]1O2)C#N'],,,,,
8354,BRD-K60839087,['71759618'],['CCS(=O)(=O)N1C[C@@]2(C1)CN(Cc1ccc3OCOc3c1)[C@H](CO)c1[nH]c3cc(OC)ccc3c21'],,,,,
8355,BRD-K60840479,['44505564'],['CC(C)OC(=O)N(C)C[C@H]1OCc2cnnn2CCCC(=O)N(C[C@@H]1C)[C@H](C)CO'],,,,,
8356,BRD-K60841303,['54637758'],['C[C@@H](CO)N1C[C@@H](C)[C@@H](CN(C)C(=O)Nc2ccccc2C(F)(F)F)OCc3ccccc3-c4ccccc4C1=O'],,,,,
8357,BRD-K60850440,['54651177'],['OC[C@H]1N(Cc2ccccn2)[C@H](CN(C)S(C)(=O)=O)[C@@H]1c1ccccc1'],,,,,
8358,BRD-K60850838,['60184842'],['COc1ccc2c3c([nH]c2c1)[C@H](CO)N(C[C@]31CCN(CC1)S(=O)(=O)c1cccs1)C(=O)c1ccc(F)cc1'],,,,,
8359,BRD-K60857329,['54638470'],['COCc1cn(CC[C@H]2CC[C@H](NC(=O)Nc3ccc(cc3)C(F)(F)F)[C@H](CO)O2)nn1'],,,,,
8360,BRD-K60861723,['54646599'],['COc1ccc(cc1)S(=O)(=O)Nc2ccc3O[C@@H]4[C@@H](C[C@H](CC(=O)NCC5CC5)O[C@@H]4CO)c3c2'],,,,,
8361,BRD-K60863614,['60191236'],['OC[C@H]1[C@H]([C@@H]2CN(CC(=O)N12)C(=O)Cc1cccnc1)c1ccc(cc1)C#CC1CCCCC1'],,,,,
8362,BRD-K60870698,['3238417'],['Oc1c(CN2CCCCC2)cc(COCc3ccccc3)c4cccnc14'],,,,,
8363,BRD-K60873020,['54645933'],['OC[C@H]1O[C@@H](CC(=O)NCc2cc(F)ccc2F)C[C@@H]3[C@H]1Oc4ccc(NC(=O)c5cccnc5)cc34'],,,,,
8364,BRD-K60879194,['54649568'],['CO[C@H]1CC[C@@H]2CCOc3c(cccc3C(=O)N(C)C[C@@H](C)C(=O)N(C)C[C@H]1O2)C#N'],,,,,
8365,BRD-K60895275,['16446868'],['CCSc1nnc(NC(=O)c2nc(ncc2Cl)S(=O)(=O)Cc3ccc(F)cc3)s1'],,,,,
8366,BRD-K60895709,['54652576'],['OC[C@H]1[C@@H]2[C@@H](CNc3ccccc23)N1Cc1ccccc1Cl'],,,,,
8367,BRD-K60918127,['54665010'],['CN1[C@H](CO)[C@H]2CCN([C@H]2c2cc(Br)ccc12)C(=O)Cc1ccccc1'],,,,,
8368,BRD-K60927153,['44493850'],['C[C@H](CO)N1C[C@@H](C)[C@@H](CN(C)Cc2ccc(Oc3ccccc3)cc2)Oc4ccc(NC(=O)CCCN(C)C)cc4C1=O'],,,,,
8369,BRD-K60932973,['10452020'],['Oc1cc2[C@H](CN(CC=C)CCc2c(Br)c1O)c3ccccc3'],,,,,
8370,BRD-K60944301,['60189800'],['CCCNC(=O)N1C[C@]2(CCN(Cc3cccc(OC)c3)CC2)c2c([C@@H]1CO)n(C)c1cc(OC)ccc21'],,,,,
8371,BRD-K60963631,['54618469'],['C[C@@H](CO)N1C[C@@H](C)[C@@H](CN(C)C(=O)CC2CC2)Oc3ncc(cc3C1=O)c4ccccc4C'],,,,,
8372,BRD-K60965159,['56643203'],['Cc1ccc(NS(=O)(=O)c2cc3OCC(=O)Nc3cc2Br)cc1C'],,,,,
8373,BRD-K60983473,['54646281'],['CN(C)c1ccc2O[C@H]3[C@H](C[C@H](CC(=O)NCC4CC4)O[C@H]3CO)c2c1'],,,,,
8374,BRD-K60993486,['54650097'],['CC(C)NC(=O)N1[C@@H](CO)[C@H]([C@H]1C#N)c1ccc(cc1)-c1ccc(F)cc1'],,,,,
8375,BRD-K60994540,['54651480'],['OC[C@@H]1[C@@H]([C@H](CNC(=O)NC2CCCC2)N1C(=O)C1CC1)c1ccccc1'],,,,,
8376,BRD-K60994920,['54657563'],['COc1ccc(CN2C[C@@H](O)COC[C@@H]3O[C@@H](CC(=O)NCCN4CCCC4)CC[C@@H]23)cc1'],,,,,
8377,BRD-K60996261,['44492101'],['C[C@H](CO)N1C[C@@H](C)[C@@H](CN(C)C(=O)Nc2ccc(F)cc2)OCCCC[C@@H](C)Oc3ccc(NS(=O)(=O)c4ccccc4)cc3C1=O'],,,,,
8378,BRD-K61001510,['44498600'],['C[C@@H](CO)N1C[C@@H](C)[C@@H](CN(C)S(=O)(=O)C)OCCCC[C@@H](C)Oc2ccc(NC(=O)c3ccncc3)cc2C1=O'],,,,,
8379,BRD-K61004012,['54654179'],['COc1cccc(CNC(=O)C[C@H]2CC[C@H]3[C@@H](COc4ccc(NC(=O)c5cccs5)cc4C(=O)N3C)O2)c1'],,,,,
8380,BRD-K61025685,['54638840'],['OC[C@H]1O[C@H](CCn2cc(nn2)-c2ccccc2F)CC[C@H]1NC(=O)c1ccc2OCOc2c1'],,,,,
8381,BRD-K61045941,['54654144'],['CN1[C@H]2CC[C@@H](CC(=O)NCCN3CCCCC3)O[C@@H]2COc2ccc(NS(=O)(=O)c3cccc(F)c3)cc2C1=O'],,,,,
8382,BRD-K61050052,['46903561'],['CC(C)C#Cc1cnc2O[C@@H](CN(C)Cc3cccc(F)c3)[C@H](C)CN([C@@H](C)CO)C(=O)c2c1'],,,,,
8383,BRD-K61051532,['54649426'],['CC(C)(C)[S@](=O)N1Cc2cc(nc(c2[C@@H]1CCO)-c1cccc(c1)-c1ccccc1F)C(=O)N1CCCCC1'],,,,,
8384,BRD-K61053657,['25241666'],['CN[C@@H](C)C(=O)N[C@@H](C(C)C)C(=O)N1CCC[C@H]1C(=O)Nc1cccc2ncccc12'],,,,,
8385,BRD-K61065740,['60185006'],['C\\C=C\\c1ccc(cc1)[C@@H]1[C@H]2CN(C[C@@H]1N2)S(=O)(=O)c1ccc(C)cc1'],,,,,
8386,BRD-K61070477,['54618492'],['C[C@@H](CO)N1C[C@H](C)[C@H](CN(C)C(=O)c2ccc3OCOc3c2)Oc4ncc(cc4C1=O)C5=CCCC5'],,,,,
8387,BRD-K61076106,['56835215'],['COc1cccc(NC(=O)N(C)C[C@@H]2OCc3ccccc3-c4ccccc4C(=O)N(C[C@@H]2C)[C@@H](C)CO)c1'],,,,,
8388,BRD-K61082257,['54649998'],['COc1cccc(c1)C#Cc1ccc(cc1)[C@@H]1[C@@H](CO)N([C@@H]1C#N)C(=O)c1ccccn1'],,,,,
8389,BRD-K61083743,['54638403'],['CN(C)C(=O)C[C@@H]1O[C@@H](CO)[C@H](NC(=O)c2ccc(F)cc2)C=C1'],,,,,
8390,BRD-K61102114,['54618067'],['COc1ccc(NC(=O)N(C)C[C@H]2OCCCC[C@@H](C)Oc3ccc(NC(=O)Nc4ccc(cc4)C(F)(F)F)cc3C(=O)N(C[C@@H]2C)[C@@H](C)CO)cc1'],,,,,
8391,BRD-K61102260,['54652412'],['OC[C@H]1[C@@H]2[C@@H](CN(c3ccccc23)S(=O)(=O)c2ccc(F)cc2)N1Cc1ccc2OCOc2c1'],,,,,
8392,BRD-K61105081,['44507712'],['C[C@H](CO)N1C[C@@H](C)[C@H](CN(C)Cc2ccc(cc2)C(=O)Nc3ccccc3N)Oc4ccc(cc4C1=O)N(C)C'],,,,,
8393,BRD-K61106942,['56643199'],['Clc1cccc(NS(=O)(=O)c2ccc3NC(=O)CCc3c2)c1'],,,,,
8394,BRD-K61113746,['54637994'],['CNC[C@H]1OCc2ccccc2-c3c(C(=O)N(C[C@H]1C)[C@H](C)CO)n(C)c4ccccc34'],,,,,
8395,BRD-K61122325,['60191357'],['COCC#Cc1ccc(cc1)[C@H]1[C@@H](CO)N2[C@@H]1CN(CC2=O)C(=O)c1ccncc1'],,,,,
8396,BRD-K61123818,['54645849'],['OC[C@@H]1O[C@@H](CC(=O)NCc2cccnc2)C[C@@H]3[C@H]1Oc4ccc(NS(=O)(=O)c5ccc(F)cc5)cc34'],,,,,
8397,BRD-K61127355,['54652667'],['COc1cccc(c1)C(=O)N1C[C@H]2[C@H]([C@@H](CO)N2C(=O)c2ccc(F)cc2)c2ccccc12'],,,,,
8398,BRD-K61148205,['60189777'],['COc1ccc2c3c([C@H](CO)N(C[C@]33CN(C3)C(=O)CC3CC3)C(=O)C3CCCC3)n(C)c2c1'],,,,,
8399,BRD-K61152698,['54660948'],['C[C@H](NC(=O)[C@H]1[C@H](CO)[C@H]2Cn3c(ccc(-c4ccncc4)c3=O)[C@H]2N1C)c1ccccc1'],,,,,
8400,BRD-K61158263,['44497517'],['COc1ccc(NC(=O)Nc2cccc3C(=O)N(C[C@@H](C)[C@@H](CN(C)Cc4ccc5OCOc5c4)Oc23)[C@@H](C)CO)cc1'],,,,,
8401,BRD-K61160172,['60191597'],['CC(C)NC(=O)N1CC2(C1)[C@H]([C@@H](CO)N2CCC(F)(F)F)c1ccccc1'],,,,,
8402,BRD-K61161989,['54661314'],['CCC(=O)N1[C@@H]([C@@H](CO)[C@@H]2Cn3c(ccc(C4=CCCCC4)c3=O)[C@H]12)C(=O)NCc1ccc(F)cc1'],,,,,
8403,BRD-K61164584,['54631410'],['CO[C@H]1CN(C)C(=O)c2cc(NC(=O)Nc3c(C)noc3C)ccc2OC[C@@H](C)N(CCC(F)(F)F)C[C@@H]1C'],,,,,
8404,BRD-K61164776,['54631763'],['CO[C@H]1CN(C)C(=O)c2ccc(NS(=O)(=O)CC(F)(F)F)cc2OC[C@@H](C)NC[C@H]1C'],,,,,
8405,BRD-K61172568,['54651386'],['CCC(=O)N1[C@H](CO)[C@H]([C@H]1CN(C(C)C)S(C)(=O)=O)c1ccccc1'],,,,,
8406,BRD-K61175124,['44511206'],['COc1ccc(cc1)[Si](C)(C)[C@@H]2[C@@H](C)[C@@]3(O[C@H]2CCn4cc(CCO)nn4)C(=O)N(Cc5cccc(c5)N6CCC6=O)c7ccccc73'],,,,,
8407,BRD-K61181530,['54652450'],['CN1C[C@H]2[C@H]([C@@H](CO)N2C(=O)Nc2cccc(F)c2)c2ccccc12'],,,,,
8408,BRD-K61190439,['54637790'],['C[C@@H](CO)N1C[C@@H](C)[C@@H](CN(C)S(=O)(=O)CC(F)(F)F)OCc2ccccc2-c3ccccc3C1=O'],,,,,
8409,BRD-K61192129,['24086889'],['COC(=O)CCCCCCC(=O)N/N=C/CCCC1OCC(C)(C)CO1'],,,,,
8410,BRD-K61202234,['54638652'],['COc1cccc(NC(=O)N[C@@H]2CC[C@@H](CC(=O)N3CCCCC3)O[C@H]2CO)c1'],,,,,
8411,BRD-K61208213,['54618549'],['CC(C)NC(=O)N(C)C[C@H]1Oc2ncc(C#CC3CC3)cc2C(=O)N(C[C@@H]1C)[C@@H](C)CO'],,,,,
8412,BRD-K61219693,['54638396'],['COc1ccccc1S(=O)(=O)N[C@H]1CC[C@H](CCNC(=O)C2CCOCC2)O[C@@H]1CO'],,,,,
8413,BRD-K61220066,['54631930'],['COCC(=O)Nc1ccc2OC[C@@H](C)N(Cc3cc(F)ccc3F)C[C@@H](C)[C@H](CN(C)C(=O)c2c1)OC'],,,,,
8414,BRD-K61237522,['5349954'],['Cc1ccc(NC(=O)CCC(=O)NN=Cc2ccco2)c(C)c1'],,,,,
8415,BRD-K61242280,['60189847'],['CC(=O)N1CC2(C1)[C@@H]([C@H](CO)N2Cc1ccccc1F)c1ccccc1'],,,,,
8416,BRD-K61242732,['54651332'],['CCC(=O)NC[C@H]1[C@@H]([C@H](CO)N1C(=O)C1CCC1)c1ccccc1'],,,,,
8417,BRD-K61255273,['54638590'],['OC[C@@H]1O[C@H](CC(=O)NC2CCCCC2)C=C[C@@H]1NS(=O)(=O)c1ccc(F)cc1'],,,,,
8418,BRD-K61260019,['15029196'],['CC[N+](C)(C)CCOC(C)=O'],,,,,
8419,BRD-K61260096,['54657688'],['O[C@@H]1COC[C@@H]2O[C@H](CC(=O)NCc3ccccc3Cl)CC[C@H]2N(Cc2nccs2)C1'],,,,,
8420,BRD-K61268714,['54631624'],['CO[C@H]1CN(C)C(=O)c2ccc(NC(=O)Cc3ccccc3)cc2OC[C@@H](C)N(C[C@H]1C)C(=O)c1ccccc1F'],,,,,
8421,BRD-K61284851,['54657488'],['CN1CCN(CC1)C(=O)C[C@@H]1CC[C@@H]2[C@H](COC[C@@H](O)CN2CC2CCOCC2)O1'],,,,,
8422,BRD-K61285042,['54666461'],['CCS(=O)(=O)N1CCCCN2[C@@H](CO)[C@@H]([C@H]2C1)c1ccc(cc1)C#Cc1ccccn1'],,,,,
8423,BRD-K61338389,['54638389'],['COCCNC(=O)C[C@@H]1CC[C@@H](NC(=O)NC2CCCCC2)[C@H](CO)O1'],,,,,
8424,BRD-K61342953,['56835473'],['C[C@@H](CO)N1C[C@@H](C)[C@H](CN(C)S(=O)(=O)c2cccc(F)c2)OCc3ccccc3-c4ccccc4C1=O'],,,,,
8425,BRD-K61344432,['54632218'],['CO[C@@H]1CN(C)C(=O)c2ccc(NC(=O)C3CC3)cc2OC[C@H](C)N(Cc2ccncc2)C[C@@H]1C'],,,,,
8426,BRD-K61359235,['1252831'],['O=C(N1CCCc2ccccc12)c3cccc(c3)S(=O)(=O)NC4CCCCCC4'],,,,,
8427,BRD-K61359353,['44490082'],['COc1ccc(CN(C)C[C@H]2Oc3ccc(NC(=O)NC(C)C)cc3C(=O)N(C[C@H]2C)[C@@H](C)CO)cc1'],,,,,
8428,BRD-K61359972,['60184976'],['Fc1ccc(cc1)C(=O)N1C[C@H]2N[C@@H](C1)[C@H]2c1ccc(cc1)-c1ccccc1F'],,,,,
8429,BRD-K61362569,['54650072'],['OC[C@@H]1[C@H]([C@H](C#N)N1C(=O)c1ccccc1F)c1ccccc1'],,,,,
8430,BRD-K61373678,['44618057'],['COc1ccc(NC(=O)N(C)C[C@@H]2OCCCC[C@@H](C)Oc3ccc(NC(=O)C4CCCCC4)cc3C(=O)N(C[C@H]2C)[C@@H](C)CO)cc1'],,,,,
8431,BRD-K61382850,['54666453'],['OC[C@@H]1[C@H]([C@@H]2CN(Cc3ccccc3F)CCCCN12)c1ccc(cc1)-c1cccc(c1)C#N'],,,,,
8432,BRD-K61387428,['54654021'],['CN1[C@@H]2CC[C@@H](CC(O)=O)O[C@@H]2COc2ccc(NS(=O)(=O)c3ccccc3C)cc2C1=O'],,,,,
8433,BRD-K61388502,['54639082'],['COc1ccccc1S(=O)(=O)N[C@H]1CC[C@H](CC(=O)NCc2cccc(F)c2)O[C@@H]1CO'],,,,,
8434,BRD-K61404768,['54631681'],['CO[C@@H]1CN(C)C(=O)c2cc(NS(=O)(=O)CC(F)(F)F)ccc2OC[C@H](C)N(CC2CCCCC2)C[C@H]1C'],,,,,
8435,BRD-K61413806,['782696'],['COc1cc(CN2CCN(CC2)c3cc(C)ccc3C)ccc1O'],,,,,
8436,BRD-K61415682,['54657888'],['COc1cccc(c1)S(=O)(=O)N1C[C@@H](O)COC[C@H]2O[C@H](CC(=O)NCCCN3CCOCC3)CC[C@H]12'],,,,,
8437,BRD-K61416896,['54646590'],['COc1cccc(c1)S(=O)(=O)Nc2ccc3O[C@H]4[C@H](C[C@@H](CC(=O)NCCc5ccccc5)O[C@@H]4CO)c3c2'],,,,,
8438,BRD-K61428915,['54638564'],['CCCNC(=O)N[C@@H]1CC[C@H](CCn2cc(nn2)-c2cccc(F)c2)O[C@H]1CO'],,,,,
8439,BRD-K61431779,['54649373'],['CC(C)(C)[S@@](=O)N1Cc2cc(nc(c2[C@H]1CCO)-c1cccc(c1)-c1cccnc1)C(=O)N[C@H]1CCN(Cc2ccccc2)C1'],,,,,
8440,BRD-K61437861,['54646478'],['C[C@@H](NC(=O)C[C@@H]1C[C@H]2[C@H](Oc3ccc(NC(=O)C4CCOCC4)cc23)[C@H](CO)O1)c5ccccc5'],,,,,
8441,BRD-K61442593,['44485283'],['C[C@@H](CO)N1C[C@@H](C)[C@H](CN(C)Cc2ccncc2)Oc3ccc(NC(=O)Nc4cccc5ccccc45)cc3C1=O'],,,,,
8442,BRD-K61463582,['1674'],['Cc1ccc2cc3c(ccc4ccccc43)c5CCc1c52'],,,,,
8443,BRD-K61465460,['44485108'],['CC(C)NC(=O)Nc1ccc2O[C@@H](C)CCCCO[C@H](CN(C)C(=O)c3ccncc3)[C@@H](C)CN([C@@H](C)CO)C(=O)c2c1'],,,,,
8444,BRD-K61484309,['60184891'],['COc1ccc2c3c([C@@H](CO)N(C[C@]33CCN(CC3)C(=O)C3CCCC3)S(C)(=O)=O)n(C)c2c1'],,,,,
8445,BRD-K61484514,['54649582'],['CO[C@@H]1CC[C@H]2CCOc3c(cccc3C(=O)N(C)C[C@@H](C)C(=O)N(C)C[C@@H]1O2)C#N'],,,,,
8446,BRD-K61496587,['54646364'],['CS(=O)(=O)Nc1ccc2O[C@H]3[C@H](C[C@@H](CC(=O)NCc4ccc(Cl)cc4)O[C@@H]3CO)c2c1'],,,,,
8447,BRD-K61499353,['54645982'],['OC[C@H]1O[C@@H](CC(=O)NCc2ccccc2)C[C@@H]3[C@H]1Oc4ccc(NC(=O)Nc5ccccc5)cc34'],,,,,
8448,BRD-K61519793,['54646222'],['CN(C)c1ccc2O[C@H]3[C@H](C[C@@H](CC(=O)NCc4ccc(Oc5ccccc5)cc4)O[C@H]3CO)c2c1'],,,,,
8449,BRD-K61519911,['54661457'],['COC(=O)[C@H]1[C@H](CO)[C@H]2Cn3c(ccc(-c4ccccc4)c3=O)[C@H]2N1Cc1ccccn1'],,,,,
8450,BRD-K61520982,['60185143'],['CCCNC(=O)N1C[C@@]2(C1)CN(Cc1ccc(F)cc1)[C@@H](CO)c1[nH]c3cc(OC)ccc3c21'],,,,,
8451,BRD-K61529775,['44486379'],['C[C@@H](CO)N1C[C@@H](C)[C@@H](CN(C)C(=O)C2CCCCC2)OCCCC[C@H](C)Oc3ccc(NS(=O)(=O)c4ccccc4)cc3C1=O'],,,,,
8452,BRD-K61531144,['54638608'],['Cc1ccc(cc1)S(=O)(=O)N[C@H]1CC[C@@H](CCn2cc(nn2)-c2cccnc2)O[C@@H]1CO'],,,,,
8453,BRD-K61533941,['54646051'],['COc1ccccc1CNC(=O)C[C@@H]2C[C@@H]3[C@@H](Oc4ccc(cc34)N(C)C)[C@@H](CO)O2'],,,,,
8454,BRD-K61540796,['60184940'],['COc1ccc2c3c([C@H](CO)N(C[C@]33CCN(CC3)S(C)(=O)=O)C(=O)CN(C)C)n(C)c2c1'],,,,,
8455,BRD-K61541040,['54638346'],['OC[C@H]1O[C@@H](CC(=O)NCCCN2CCOCC2)CC[C@H]1NC(=O)Nc1ccc2OCOc2c1'],,,,,
8456,BRD-K61541549,['44487422'],['C[C@H](CO)N1C[C@H](C)[C@@H](CN(C)Cc2ccc3cccnc3c2)OCc4cn(CCCC1=O)nn4'],,,,,
8457,BRD-K61543740,['44488629'],['C[C@H](CO)N1C[C@H](C)[C@H](CN(C)Cc2ccncc2)Oc3ccc(NC(=O)CCN4CCOCC4)cc3CC1=O'],,,,,
8458,BRD-K61553906,['60190053'],['COc1ccccc1CN1[C@H](CO)[C@H](c2ccccc2)C11CN(C1)C(=O)Cc1ccccc1'],,,,,
8459,BRD-K61586432,['54632040'],['CO[C@@H]1CN(C)C(=O)c2ccc(NC(=O)Nc3cc(F)ccc3F)cc2OC[C@H](C)N(C)C[C@@H]1C'],,,,,
8460,BRD-K61606206,['44501786'],['CC(C)NC(=O)Nc1ccc2O[C@H](C)CCCCO[C@H](CN(C)C(=O)NC3CCCCC3)[C@@H](C)CN([C@H](C)CO)C(=O)c2c1'],,,,,
8461,BRD-K61612515,['54617031'],['COc1ccc(CN(C)C[C@H]2OCCCC[C@@H](C)Oc3ccc(NS(=O)(=O)c4ccc(Cl)cc4)cc3C(=O)N(C[C@@H]2C)[C@@H](C)CO)cc1'],,,,,
8462,BRD-K61615367,['60191004'],['COCC(=O)N1C[C@H]2[C@H]([C@@H](CO)N2C(=O)C1)c1ccc(cc1)-c1ccccc1F'],,,,,
8463,BRD-K61627029,['1248117'],['CN(C)c1nc(N)nc(CSc2nnnn2c3ccccc3)n1'],,,,,
8464,BRD-K61629734,['60192051'],['CS(=O)(=O)N1[C@H](CO)[C@@H](c2ccccc2)C11CN(Cc2ccccn2)C1'],,,,,
8465,BRD-K61635139,['54652457'],['OC[C@@H]1[C@@H]2[C@@H](CN(c3ccccc23)S(=O)(=O)c2ccccc2F)N1C(=O)CC1CC1'],,,,,
8466,BRD-K61636401,['54638627'],['COC(=O)C[C@H]1CC[C@@H](N)[C@@H](CO)O1'],,,,,
8467,BRD-K61649900,['54639069'],['COCC(=O)N[C@H]1C=C[C@H](CC(=O)N2CCCCC2)O[C@H]1CO'],,,,,
8468,BRD-K61655210,['54646170'],['OC[C@H]1O[C@@H](CC(=O)O)C[C@H]2[C@@H]1Oc3ccc(NS(=O)(=O)c4ccc(F)cc4)cc23'],,,,,
8469,BRD-K61657561,['71759759'],['COc1ccc2c3c([nH]c2c1)[C@H](CO)N(Cc1ccccc1F)C[C@]31CN(CC2CC2)C1'],,,,,
8470,BRD-K61679744,['1998940'],['Fc1ccc(cc1)C(=O)OCC#CCSc2nnc(o2)c3cccc4ccccc34'],,,,,
8471,BRD-K61683215,['54654276'],['CN1[C@@H]2CC[C@H](CC(=O)N3CCOCC3)O[C@@H]2COc2ccc(NC(=O)c3ccc(F)c(F)c3)cc2C1=O'],,,,,
8472,BRD-K61717269,['44602352'],['Cc1ccc(CNc2nc(nnc2-c2ccccc2)-c2ccccn2)cc1'],,,,,
8473,BRD-K61718261,['44142135'],['Cn1nnnc1Sc2ncnc3scc(c4ccccc4Br)c23'],,,,,
8474,BRD-K61741250,['54645859'],['OC[C@@H]1O[C@H](CC(=O)NCC2CC2)C[C@H]3[C@@H]1Oc4ccc(NC(=O)CC5CC5)cc34'],,,,,
8475,BRD-K61751605,['54646467'],['COCC(=O)Nc1ccc2O[C@H]3[C@H](C[C@H](CC(=O)NCc4ccccc4F)O[C@H]3CO)c2c1'],,,,,
8476,BRD-K61753121,['60190094'],['CCS(=O)(=O)N1CC[C@@]2(CC1)CN([C@@H](CO)c1[nH]c3cc(OC)ccc3c21)S(=O)(=O)c1ccc(C)cc1'],,,,,
8477,BRD-K61762092,['54664986'],['CN1[C@@H](CO)[C@@H]2CCN([C@@H]2c2cc(Br)ccc12)C(=O)c1cccc(F)c1'],,,,,
8478,BRD-K61764820,['54660832'],['OC[C@@H]1[C@H]2Cn3c(ccc(-c4ccncc4)c3=O)[C@H]2N(Cc2cocn2)[C@H]1C(=O)N1CCCCC1'],,,,,
8479,BRD-K61776140,['44503649'],['COc1ccc(cc1)S(=O)(=O)Nc2ccc3O[C@H](C)CCCCO[C@H](CN(C)Cc4ccc(Cl)c(Cl)c4)[C@@H](C)CN([C@H](C)CO)C(=O)c3c2'],,,,,
8480,BRD-K61776649,['60191191'],['OC[C@H]1[C@@H]([C@H]2CN(CC(=O)N12)C(=O)Cc1cccnc1)c1ccc(cc1)C1=CCCCC1'],,,,,
8481,BRD-K61779668,['44620378'],['C[C@H](CO)N1C[C@H](C)[C@@H](CN(C)Cc2ccc(Cl)c(Cl)c2)Oc3ccc(NC(=O)CCCCCC(=O)Nc4ccccc4N)cc3CC1=O'],,,,,
8482,BRD-K61782241,['54638542'],['OC[C@@H]1O[C@H](CC(=O)NCc2cc(F)cc(F)c2)C=C[C@@H]1NC(=O)c1ccccn1'],,,,,
8483,BRD-K61788733,['54657664'],['O[C@@H]1COC[C@@H]2O[C@@H](CC(O)=O)CC[C@H]2N(C1)S(=O)(=O)c1ccc(Oc2ccccc2)cc1'],,,,,
8484,BRD-K61793536,['54666393'],['OC[C@@H]1[C@@H]([C@H]2CN(Cc3cncnc3)CCCCN12)c1ccc(cc1)C#CC1(O)CCCC1'],,,,,
8485,BRD-K61796480,['54637995'],['C[C@H](CO)N1C[C@@H](C)[C@H](CN(C)S(=O)(=O)c2ccccc2F)OCc3ccccc3-c4c(C1=O)n(C)c5ccccc45'],,,,,
8486,BRD-K61819258,['54637893'],['C[C@@H](CO)N1C[C@H](C)[C@@H](CN(C)S(=O)(=O)c2ccccc2F)OCc3ccccc3-c4ccccc4C1=O'],,,,,
8487,BRD-K61825138,['54646018'],['OC[C@H]1O[C@@H](CC(=O)NCCN2CCCCC2)C[C@@H]3[C@H]1Oc4ccc(NC(=O)c5ccc6OCOc6c5)cc34'],,,,,
8488,BRD-K61847735,['60184851'],['N#Cc1cccc(c1)-c1ccc(cc1)[C@@H]1[C@H]2CNC[C@@H]1N2'],,,,,
8489,BRD-K61855818,['44491506'],['CC(C)NC(=O)Nc1ccc2O[C@@H](C)CCCCO[C@H](CN(C)C(=O)Cc3ccccc3)[C@@H](C)CN([C@H](C)CO)C(=O)c2c1'],,,,,
8490,BRD-K61872587,['44505208'],['C[C@H](CO)N1C[C@H](C)[C@@H](CN(C)Cc2ccc(Cl)c(Cl)c2)OCc3cnnn3CCCC1=O'],,,,,
8491,BRD-K61873274,['54637824'],['COc1cccc(c1)S(=O)(=O)N(C)C[C@@H]2OCc3ccccc3-c4c(C(=O)N(C[C@@H]2C)[C@H](C)CO)n(C)c5ccccc45'],,,,,
8492,BRD-K61881697,['54658055'],['CCNC(=O)C[C@@H]1CC[C@@H]2[C@H](COC[C@@H](O)CN2Cc2ccncc2)O1'],,,,,
8493,BRD-K61885905,['54646686'],['CN(C)CC(=O)Nc1ccc2O[C@@H]3[C@@H](C[C@@H](CC(=O)N4CCc5ccccc5C4)O[C@@H]3CO)c2c1'],,,,,
8494,BRD-K61890750,['54664828'],['OC[C@H]1Nc2ccc(cc2[C@@H]2[C@H]1CCN2Cc1ccncc1)-c1cccc(F)c1'],,,,,
8495,BRD-K61907493,['54646084'],['OC[C@H]1O[C@H](CC(=O)NCc2ccccn2)C[C@H]3[C@@H]1Oc4ccc(NC(=O)C5CCC5)cc34'],,,,,
8496,BRD-K61921568,['46907658'],['CC(C)Oc1cccc(c1)-c1csc(n1)N1CCC(CC1)C(N)=O'],,,,,
8497,BRD-K61929092,['54637984'],['CC(C)[C@H](C)NC(=O)N(C)C[C@@H]1OCc2ccccc2-c3ccccc3C(=O)N(C[C@@H]1C)[C@H](C)CO'],,,,,
8498,BRD-K61952473,['54657717'],['O[C@H]1COC[C@H]2O[C@H](CC(=O)NCc3ccc(Cl)c(Cl)c3)CC[C@@H]2N(C1)C(=O)c1ccccc1F'],,,,,
8499,BRD-K61953981,['44505407'],['C[C@H](CO)N1C[C@H](C)[C@@H](CN(C)C(=O)Oc2ccc3ccccc3c2)OCc4cnnn4CCCC1=O'],,,,,
8500,BRD-K61963347,['54637754'],['COc1ccc(OC(=O)N(C)C[C@H]2OCc3ccccc3-c4ccccc4C(=O)N(C[C@H]2C)[C@@H](C)CO)cc1'],,,,,
8501,BRD-K61965677,['54618443'],['CCCC#Cc1ccc2c(O[C@@H](CN(C)C(=O)Nc3ccccc3F)[C@H](C)CN([C@H](C)CO)S2(=O)=O)c1'],,,,,
8502,BRD-K61968247,['54632093'],['CO[C@@H]1CN(C)C(=O)c2cc(NC(=O)Nc3cccc(Cl)c3)ccc2OC[C@H](C)NC[C@@H]1C'],,,,,
8503,BRD-K61979066,['54645976'],['OC[C@H]1O[C@@H](CC(=O)N2CCOCC2)C[C@@H]3[C@H]1Oc4ccc(NS(=O)(=O)c5ccccc5)cc34'],,,,,
8504,BRD-K61991236,['54614996'],['CC(C)NC(=O)Nc1ccc2O[C@H](C)CCCCO[C@H](CN(C)C(=O)NC3CCCCC3)[C@@H](C)CN([C@@H](C)CO)C(=O)c2c1'],,,,,
8505,BRD-K61997144,['54658011'],['Cn1cnc(c1)S(=O)(=O)N1C[C@@H](O)COC[C@@H]2O[C@@H](CC(=O)NCc3cccc(F)c3)CC[C@@H]12'],,,,,
8506,BRD-K61998593,['54631630'],['CO[C@@H]1CN(C)C(=O)c2ccc(NC(=O)C3CCOCC3)cc2OC[C@H](C)N(C[C@H]1C)C(=O)c1ccccc1'],,,,,
8507,BRD-K62008506,['54637909'],['C[C@H](CO)N1C[C@@H](C)[C@@H](CN(C)C(=O)Cc2ccccc2)OCc3ccccc3-c4c(C1=O)n(C)c5ccccc45'],,,,,
8508,BRD-K62014585,['54645921'],['OC[C@H]1O[C@@H](CC(=O)NCCN2CCCCC2)C[C@H]3[C@@H]1Oc4ccc(NS(=O)(=O)c5ccc(F)cc5)cc34'],,,,,
8509,BRD-K62019457,['44496876'],['C[C@@H](CO)N1C[C@H](C)[C@H](CN(C)CC2CC2)OCCCC[C@H](C)Oc3ccc(NS(=O)(=O)c4ccccc4)cc3C1=O'],,,,,
8510,BRD-K62019540,['44489318'],['C[C@@H](CO)N1C[C@H](C)[C@H](CN(C)C(=O)CCC(F)(F)F)OCCCC[C@@H](C)Oc2ccc(NS(=O)(=O)c3ccccc3)cc2C1=O'],,,,,
8511,BRD-K62039221,['54639053'],['OC[C@H]1O[C@H](CCNC(=O)C2CCC2)CC[C@@H]1NS(=O)(=O)Cc1ccccc1'],,,,,
8512,BRD-K62050953,['54652422'],['OC[C@H]1[C@@H]2[C@@H](CN(C(=O)c3cccc(F)c3)c3ccccc23)N1Cc1cocn1'],,,,,
8513,BRD-K62051893,['54618464'],['C[C@H](CO)N1C[C@@H](C)[C@H](CN(C)C(=O)C2CCCCC2)Oc3ncc(C#Cc4ccccc4F)cc3C1=O'],,,,,
8514,BRD-K62056344,['54654476'],['CN1[C@@H]2CC[C@H](CC(=O)NCc3ccc(cc3)-c3ccccc3)O[C@H]2COc2ccc(NC(=O)c3cc(C)on3)cc2C1=O'],,,,,
8515,BRD-K62058497,['60184848'],['COc1ccc2c3c([C@@H](CO)N(C[C@]33CCN(CC3)C(=O)c3ccc4OCOc4c3)C(=O)Nc3ccc(F)cc3)n(C)c2c1'],,,,,
8516,BRD-K62060607,['54632114'],['CO[C@H]1CN(C)C(=O)c2cc(NC(=O)C3CC3)ccc2OC[C@H](C)N(CCC(F)(F)F)C[C@@H]1C'],,,,,
8517,BRD-K62063025,['54660767'],['COC(=O)[C@H]1[C@H](CO)[C@H]2Cn3c(ccc(-c4cccnc4)c3=O)[C@@H]1N2S(=O)(=O)c1ccccc1C'],,,,,
8518,BRD-K62083683,['44619943'],['C[C@H](CO)N1C[C@H](C)[C@@H](CN(C)Cc2ccc(cc2)C(F)(F)F)OCCCC[C@H](C)Oc3ccc(NC(=O)Nc4cccc5ccccc45)cc3C1=O'],,,,,
8519,BRD-K62102996,['44489298'],['CC(C)NC(=O)Nc1ccc2O[C@@H](C)CCCCO[C@@H](CN(C)C(=O)CCCN(C)C)[C@@H](C)CN([C@@H](C)CO)C(=O)c2c1'],,,,,
8520,BRD-K62114978,['54618610'],['C[C@H](CO)N1C[C@H](C)[C@H](CN(C)C(=O)C2CCCCC2)Oc3cc(C#CCN(C)C)ccc3S1(=O)=O'],,,,,
8521,BRD-K62117749,['54646399'],['OC[C@H]1O[C@H](CC(=O)NCCc2ccccc2)C[C@@H]3[C@H]1Oc4ccc(NC(=O)C5CCC5)cc34'],,,,,
8522,BRD-K62122103,['54660630'],['O[C@H]1COC[C@@H]2O[C@H](CC(=O)NCc3ccccc3)CC[C@H]2N(Cc2cccc(c2)C(F)(F)F)C1'],,,,,
8523,BRD-K62123687,['54661197'],['CN(C)CC(=O)N1[C@@H]2Cn3c(ccc(-c4cccnc4)c3=O)[C@H]1[C@H]([C@@H]2CO)C(=O)NC1CCC1'],,,,,
8524,BRD-K62124038,['54661405'],['CN(C)C(=O)[C@H]1[C@H](CO)[C@H]2Cn3c(cccc3=O)[C@@H]1N2C(=O)c1ccc(F)cc1'],,,,,
8525,BRD-K62130095,['54639074'],['COCC(=O)N[C@H]1C=C[C@H](CC(=O)N2CCCCC2)O[C@@H]1CO'],,,,,
8526,BRD-K62143565,['54638990'],['OC[C@H]1O[C@H](CC(=O)NCCc2ccncc2)CC[C@H]1NC(=O)Cc1ccccn1'],,,,,
8527,BRD-K62153980,['54652451'],['CN1C[C@H]2[C@H]([C@H](CO)N2C(=O)Nc2cccc(F)c2)c2ccccc12'],,,,,
8528,BRD-K62169556,['24868692'],['OCCCOc1ccc(cc1)C2=N[C@]3(Cc4ccccc4CN(C(=O)c5ccccc5)C3=O)[C@H](O2)c6ccccc6'],,,,,
8529,BRD-K62176618,['60190224'],['COCC(=O)N1C[C@]2(CN(C2)S(C)(=O)=O)c2c([C@@H]1CO)n(C)c1cc(OC)ccc21'],,,,,
8530,BRD-K62177026,['54664868'],['OC[C@H]1Nc2ccc(cc2[C@@H]2[C@H]1CCN2C(=O)C1CCC1)C#Cc1cccc(F)c1'],,,,,
8531,BRD-K62185604,['54631620'],['CCCC(=O)Nc1ccc2c(OC[C@@H](C)NC[C@H](C)[C@H](CN(C)C2=O)OC)c1'],,,,,
8532,BRD-K62189562,['56835568'],['COCCNC(=O)c1cc2CN([C@H](CCO)c2c(n1)c3cccc(c3)c4cccc(OC)c4)S(=O)C(C)(C)C'],,,,,
8533,BRD-K62191543,['44488698'],['C[C@H](CO)N1C[C@H](C)[C@@H](CN(C)C(=O)Nc2ccc(cc2)N3CCN(C)CC3)OCc4cnnn4CCCC1=O'],,,,,
8534,BRD-K62199122,['54632031'],['CO[C@H]1CN(C)C(=O)c2ccc(cc2OC[C@@H](C)NC[C@@H]1C)NS(=O)(=O)c1cccc(Cl)c1'],,,,,
8535,BRD-K62200616,['60184983'],['Fc1cccc(NC(=O)N2C[C@H]3N[C@@H](C2)[C@H]3c2ccc(cc2)-c2cncnc2)c1'],,,,,
8536,BRD-K62209432,['54651347'],['CC(C)N(C[C@@H]1[C@@H]([C@@H](CO)N1S(C)(=O)=O)c1ccccc1)C(=O)CN(C)C'],,,,,
8537,BRD-K62213032,['54638902'],['C[C@@H](NC(=O)C[C@H]1CC[C@@H](NC(=O)c2cccnc2)[C@H](CO)O1)c1ccccc1'],,,,,
8538,BRD-K62214646,['54631550'],['CO[C@H]1CN(C)C(=O)c2ccc(NC(=O)c3ccc4OCOc4c3)cc2OC[C@H](C)N(CCC(F)(F)F)C[C@H]1C'],,,,,
8539,BRD-K62219715,['54654024'],['CN1[C@H]2CC[C@@H](CC(O)=O)O[C@H]2COc2ccc(NS(=O)(=O)c3ccccc3C)cc2C1=O'],,,,,
8540,BRD-K62220055,['54638804'],['CN(C)Cc1cn(CC[C@@H]2CC[C@H](NC(=O)Cc3cccnc3)[C@@H](CO)O2)nn1'],,,,,
8541,BRD-K62222886,['44501586'],['CC(C)NC(=O)N(C)C[C@H]1Oc2ccc(NC(=O)Cc3cn(C)c4ccccc34)cc2CC(=O)N(C[C@H]1C)[C@@H](C)CO'],,,,,
8542,BRD-K62237490,['54631299'],['CO[C@@H]1CN(C)C(=O)c2cc(NS(C)(=O)=O)ccc2OC[C@H](C)N(C[C@@H]1C)C(=O)C1CCOCC1'],,,,,
8543,BRD-K62242359,['44485233'],['CC(C)NC(=O)Nc1ccc2O[C@@H](CN(C)Cc3ccc(cc3)c4ccccc4)[C@H](C)CN([C@@H](C)CO)C(=O)c2c1'],,,,,
8544,BRD-K62265198,['54654265'],['C[C@@H](NC(=O)C[C@@H]1CC[C@H]2[C@H](COc3ccc(NS(=O)(=O)c4ccc(Cl)cc4)cc3C(=O)N2C)O1)c1ccccc1'],,,,,
8545,BRD-K62283710,['54618674'],['CCCN(C)C[C@H]1Oc2cc(ccc2S(=O)(=O)N(C[C@H]1C)[C@H](C)CO)c3cccc(F)c3'],,,,,
8546,BRD-K62290501,['54664824'],['COc1cccc(c1)-c1ccc2N[C@H](CO)[C@H]3CCN([C@H]3c2c1)S(=O)(=O)c1ccccc1C'],,,,,
8547,BRD-K62291994,['44617744'],['CC(C)NC(=O)Nc1ccc2O[C@@H](C)CCCCO[C@@H](CN(C)S(=O)(=O)c3ccc(Cl)cc3)[C@@H](C)CN([C@H](C)CO)C(=O)c2c1'],,,,,
8548,BRD-K62299351,['54646340'],['OC[C@H]1O[C@@H](CC(=O)NCc2cc(F)ccc2F)C[C@@H]3[C@H]1Oc4ccc(NC(=O)C5CCOCC5)cc34'],,,,,
8549,BRD-K62300190,['16196326'],['Cc1c(CCOC(=O)c2ccc(N3CCOCC3)c(c2)[N+](=O)[O-])sc[n+]1CC#N'],,,,,
8550,BRD-K62307953,['54654405'],['CN1[C@H]2CC[C@H](CC(=O)Nc3cccc(F)c3)O[C@@H]2COc2ccc(NS(=O)(=O)CC(F)(F)F)cc2C1=O'],,,,,
8551,BRD-K62314156,['54632050'],['CO[C@@H]1CN(C)C(=O)c2cc(NC(=O)Nc3cccc(OC)c3)ccc2OC[C@H](C)N(CC2CC2)C[C@@H]1C'],,,,,
8552,BRD-K62320150,['54649536'],['CO[C@H]1CC[C@H]2CCN(C)C(=O)[C@@H](C)[C@H](CN(C)C(=O)c3cc(ccc3OC[C@H]1O2)C#N)OC'],,,,,
8553,BRD-K62337120,['56835219'],['COc1ccc(OC(=O)N(C)C[C@@H]2OCc3ccccc3-c4ccccc4C(=O)N(C[C@@H]2C)[C@@H](C)CO)cc1'],,,,,
8554,BRD-K62342148,['54646392'],['COC(=O)C[C@H]1C[C@H]2[C@H](Oc3ccc(NS(=O)(=O)C)cc23)[C@H](CO)O1'],,,,,
8555,BRD-K62346407,['60190336'],['CCCC(=O)N1CC[C@@]2(CC1)CN[C@H](CO)c1c2c2ccc(OC)cc2n1C'],,,,,
8556,BRD-K62357899,['54666603'],['CN(C)CC#Cc1ccc(cc1)[C@@H]1[C@@H](CO)N2CCCCN(C[C@@H]12)C(=O)Nc1ccccc1F'],,,,,
8557,BRD-K62366931,['54661454'],['OC[C@@H]1[C@H]2Cn3c(ccc(C4=CCCCC4)c3=O)[C@H](N2)[C@H]1C(=O)NCc1ccc(F)cc1'],,,,,
8558,BRD-K62368279,['60185012'],['COc1cccc(c1)-c1ccc(cc1)[C@H]1[C@H]2CN(Cc3ccccn3)C[C@@H]1N2'],,,,,
8559,BRD-K62372763,['54638634'],['CC(C)c1cn(CC[C@H]2CC[C@@H](NC(=O)C3CC3)[C@@H](CO)O2)nn1'],,,,,
8560,BRD-K62384871,['60189719'],['COc1ccc2c3c([nH]c2c1)[C@@H](CO)N(Cc1ccccn1)C[C@]31CCN(CC1)C(=O)c1ccccn1'],,,,,
8561,BRD-K62395041,['54661279'],['CCC(=O)N1[C@H]([C@H](CO)[C@H]2Cn3c(ccc(-c4ccc(F)cc4)c3=O)[C@@H]12)C(=O)N(C)C'],,,,,
8562,BRD-K62409349,['54666560'],['CN(C)C(=O)c1cccc(c1)-c1ccc(cc1)[C@H]1[C@H](CO)N2CCCCN(CC3CCOCC3)C[C@@H]12'],,,,,
8563,BRD-K62412498,['44142128'],['CCOC(=O)c1ccc(cc1)n2cccc2/C=C/3\\NC(=O)NC3=O'],,,,,
8564,BRD-K62423074,['54664843'],['OC[C@H]1Nc2ccc(cc2[C@@H]2[C@H]1CCN2C(=O)c1ccc2OCOc2c1)-c1ccc(cc1)C#N'],,,,,
8565,BRD-K62430643,['54660763'],['CN(C)C(=O)[C@H]1[C@H](CO)[C@H]2Cn3c(ccc(\\C=C\\c4ccccc4)c3=O)[C@H]2N1C(=O)c1cccnc1'],,,,,
8566,BRD-K62431786,['54615009'],['CC(C)NC(=O)Nc1ccc2O[C@H](C)CCCCO[C@H](CN(C)Cc3ccncc3)[C@H](C)CN([C@@H](C)CO)C(=O)c2c1'],,,,,
8567,BRD-K62433344,['60184923'],['CCS(=O)(=O)N1CC[C@@]2(CC1)CN([C@H](CO)c1c2c2ccc(OC)cc2n1C)C(=O)c1cccc(F)c1'],,,,,
8568,BRD-K62436804,['54651222'],['COCCN(C[C@@H]1[C@@H]([C@@H](CO)N1C(=O)C1CCC1)c1ccccc1)C(C)=O'],,,,,
8569,BRD-K62442112,['54618427'],['C[C@H](CO)N1C[C@@H](C)[C@@H](CN(C)C)Oc2cc(C#Cc3ccccn3)ccc2S1(=O)=O'],,,,,
8570,BRD-K62447749,['44505835'],['C[C@H](CO)N1C[C@@H](C)[C@@H](CN(C)C(=O)Nc2cccc(c2)C(F)(F)F)OCc3cn(CCCC1=O)nn3'],,,,,
8571,BRD-K62450654,['54666668'],['CN1CCCCN2[C@H](CO)[C@@H]([C@H]2C1)c1ccc(cc1)-c1ccc(F)cc1'],,,,,
8572,BRD-K62455331,['54657869'],['O[C@H]1COC[C@@H]2O[C@@H](CC(=O)N3CCOCC3)CC[C@H]2N(C1)C(=O)Nc1cc(Cl)cc(Cl)c1'],,,,,
8573,BRD-K62456065,['54639077'],['COc1ccccc1S(=O)(=O)N[C@H]1CC[C@H](CC(=O)NCc2cccc(F)c2)O[C@H]1CO'],,,,,
8574,BRD-K62459624,['2416356'],['ClCC(=O)N=c1sccn1Cc2ccccc2Cl'],,,,,
8575,BRD-K62462045,['54618598'],['C[C@H](CO)N1C[C@@H](C)[C@@H](CN(C)C(=O)Nc2ccc(F)cc2)Oc3cc(ccc3S1(=O)=O)c4ccccc4C'],,,,,
8576,BRD-K62465706,['54638813'],['COCC(=O)N[C@H]1C=C[C@H](O[C@H]1CO)CC(=O)NCc1ccc(Cl)cc1'],,,,,
8577,BRD-K62466453,['44142147'],['CC(=O)c1ccccc1c2csc3ncnc(Sc4nnnn4C)c23'],,,,,
8578,BRD-K62473229,['54657715'],['O[C@H]1COC[C@@H]2O[C@H](CC(=O)NCc3ccc(Cl)c(Cl)c3)CC[C@H]2N(C1)C(=O)c1ccccc1F'],,,,,
8579,BRD-K62473389,['60189944'],['COc1ccc(CN2C[C@]3(CN(C3)C(C)=O)c3c([C@@H]2CO)n(C)c2cc(OC)ccc32)cc1'],,,,,
8580,BRD-K62528537,['44505616'],['C[C@@H](CO)N1C[C@@H](C)[C@@H](CN(C)C(=O)Nc2cccc(F)c2)OCc3cn(CCCC1=O)nn3'],,,,,
8581,BRD-K62536321,['60189759'],['CCCC(=O)N1C[C@]2(CN(C2)C(=O)NC(C)C)c2c([nH]c3cc(OC)ccc23)[C@@H]1CO'],,,,,
8582,BRD-K62560708,['56835365'],['COc1ccccc1S(=O)(=O)N(C)C[C@H]2OCc3ccccc3-c4c(C(=O)N(C[C@@H]2C)[C@H](C)CO)n(C)c5ccccc45'],,,,,
8583,BRD-K62561943,['54637745'],['C[C@@H](CO)N1C[C@@H](C)[C@H](CN(C)C(=O)Nc2ccnc(c2)N3CCOCC3)OCc4ccccc4-c5ccccc5C1=O'],,,,,
8584,BRD-K62567808,['44505500'],['C[C@H](CO)N1C[C@H](C)[C@@H](CN(C)Cc2ccc(C)cc2)OCc3cnnn3CCCC1=O'],,,,,
8585,BRD-K62578746,['1261254'],['OC(C1CCN(CC1)C(S)=Nc1ccc(Cl)cc1)(c1ccccc1)c1ccccc1'],,,,,
8586,BRD-K62590692,['54664895'],['COc1ccccc1C#Cc1ccc2N[C@H](CO)[C@@H]3CCN([C@@H]3c2c1)S(=O)(=O)c1cn(C)cn1'],,,,,
8587,BRD-K62590938,['54637659'],['CC(C)COC(=O)N(C)C[C@H]1OCc2ccccc2-c3ccccc3C(=O)N(C[C@H]1C)[C@H](C)CO'],,,,,
8588,BRD-K62595167,['56835550'],['CC(C)[C@H](C)NC(=O)N(C)C[C@@H]1OCc2ccccc2-c3ccccc3C(=O)N(C[C@@H]1C)[C@@H](C)CO'],,,,,
8589,BRD-K62600822,['54666516'],['Cc1ccccc1-c1ccc(cc1)[C@@H]1[C@H](CO)N2CCCCN(C[C@H]12)S(=O)(=O)Cc1ccccc1'],,,,,
8590,BRD-K62601469,['54632126'],['CO[C@H]1CN(C)C(=O)c2cc(NC(=O)NC(C)C)ccc2OC[C@@H](C)N(Cc2ccccc2)C[C@@H]1C'],,,,,
8591,BRD-K62602051,['54618498'],['C[C@@H](CO)N1C[C@H](C)[C@@H](CN(C)Cc2ccc(cc2)C(=O)O)Oc3ncc(C#CCc4ccccc4)cc3C1=O'],,,,,
8592,BRD-K62624932,['44494482'],['C[C@@H](CO)N1C[C@@H](C)[C@H](CN(C)C(=O)Oc2ccc3ccccc3c2)OCc4cnnn4CCCC1=O'],,,,,
8593,BRD-K62625902,['60190009'],['OC[C@H]1N(C(=O)c2cccnc2)C2(CN(C(=O)Cc3ccccn3)C2)[C@H]1c1ccccc1'],,,,,
8594,BRD-K62628154,['54654483'],['CN1[C@H]2CC[C@H](CC(O)=O)O[C@H]2COc2ccc(NC(=O)Nc3ccccc3)cc2C1=O'],,,,,
8595,BRD-K62638625,['54654480'],['CN1[C@H]2CC[C@@H](CC(O)=O)O[C@@H]2COc2ccc(NC(=O)Nc3ccccc3)cc2C1=O'],,,,,
8596,BRD-K62657501,['54646202'],['CS(=O)(=O)Nc1ccc2O[C@@H]3[C@@H](C[C@@H](CC(=O)NCc4ccccn4)O[C@H]3CO)c2c1'],,,,,
8597,BRD-K62659735,['44490236'],['C[C@H](CO)N1C[C@H](C)[C@@H](CN(C)C(=O)CCCN(C)C)OCCCC[C@@H](C)Oc2ccc(NS(=O)(=O)c3cccs3)cc2C1=O'],,,,,
8598,BRD-K62676049,['54631436'],['CO[C@H]1CN(C)C(=O)c2cc(NC(=O)C3CC3)ccc2OC[C@H](C)N(C[C@@H]1C)C(=O)c1cccnc1'],,,,,
8599,BRD-K62687522,['44490483'],['C[C@H](CO)N1C[C@H](C)[C@@H](CN(C)Cc2ccncc2)Oc3ccc(NC(=O)CCN4CCOCC4)cc3C1=O'],,,,,
8600,BRD-K62689646,['54654158'],['CN1CCN(CC1)C(=O)C[C@H]1CC[C@H]2[C@H](COc3ccc(NC(=O)c4cscn4)cc3C(=O)N2C)O1'],,,,,
8601,BRD-K62695275,['60185200'],['Fc1cccc(c1)-c1ccc(cc1)[C@H]1[C@@H]2CNC[C@H]1N2Cc1ccccn1'],,,,,
